category,product_type,site,site_type,title,price,shipping,pickup,currency,condition,url,image_url
gundam,cards,eBay,marketplace,Gundam Card Game TCG: Freedom Ascension GD05 ENGLISH Booster Box,189.99,4.99,False,USD,New/Factory Sealed,https://www.ebay.com/itm/137648670118?_skw=gundam&hash=item200c8005a6:g:Ex0AAeSwuxVqiQTk,https://i.ebayimg.com/images/g/Ex0AAeSwuxVqiQTk/s-l225.jpg
gundam,model_kit,eBay,marketplace,Bandai Gundam Stardust Memory HGUC MS-06F Zaku II FZ HG 1/144 Model Kit USA,24.92,0.0,False,USD,New,https://www.ebay.com/itm/137620839610?_skw=gundam&hash=item200ad75cba:g:cfAAAeSwQe1qiTH3,https://i.ebayimg.com/images/g/cfAAAeSwQe1qiTH3/s-l225.jpg
gundam,cards,eBay,marketplace,Gundam Card Game EX Base ~ EXBP-032 Amuro & Gundam Ace Promo Japanese PSL,33.33,0.0,False,USD,Ungraded,https://www.ebay.com/itm/407149095181?_skw=gundam&hash=item5ecbfa290d:g:lckAAeSwjRtqgd06,https://i.ebayimg.com/images/g/lckAAeSwjRtqgd06/s-l225.jpg
gundam,cards,eBay,marketplace,Presale Gundam Card Game ~ EX Base EXBP-033 Char & MSN-02 Zeong Promo Card 9/26,33.33,0.0,False,USD,Ungraded,https://www.ebay.com/itm/407149107183?_skw=gundam&hash=item5ecbfa57ef:g:8s0AAeSwvLhqgd4s,https://i.ebayimg.com/images/g/8s0AAeSwvLhqgd4s/s-l225.jpg
gundam,cards,eBay,marketplace,Bandai Gundam Card Game Gundam Barbatos 1st Form LR Illus Rare Foil GD02-054,29.0,,False,USD,Ungraded,https://www.ebay.com/itm/398313178130?_skw=gundam&hash=item5cbd50c412:g:wtMAAeSwRHNqiRsd,https://i.ebayimg.com/images/g/wtMAAeSwRHNqiRsd/s-l225.jpg
gundam,cards,eBay,marketplace,Domon Kasshu R GD05-097 Promo V Jump Freedom Ascension Gundam Card Game Japanese,9.99,0.0,False,USD,Ungraded,https://www.ebay.com/itm/398310756292?_skw=gundam&hash=item5cbd2bcfc4:g:u0kAAeSwpEtqiA6V,https://i.ebayimg.com/images/g/u0kAAeSwpEtqiA6V/s-l225.jpg
gundam,cards,eBay,marketplace,Gundam Card Game 1st Anniversary Resource Card Pack Sealed Bandai Set of 8,60.0,0.0,False,USD,New/Factory Sealed,https://www.ebay.com/itm/298608013757?_skw=gundam&hash=item45866cb1bd:g:eFkAAeSwcHNqTAGb,https://i.ebayimg.com/images/g/eFkAAeSwcHNqTAGb/s-l225.jpg
gundam,model_kit,eBay,marketplace,"#6 Z'Gok Mobile Suit Gundam, Bandai Hobby HGUC 1/144",12.0,0.0,False,USD,New,https://www.ebay.com/itm/178251688855?_skw=gundam&hash=item2980a0eb97:g:eFEAAeSwBsFqO~It,https://i.ebayimg.com/images/g/eFEAAeSwBsFqO~It/s-l225.jpg
gundam,model_kit,eBay,marketplace,"#128 Master Gundam & Fuunsaiki G Gundam, Bandai Hobby 1/144 HGFC",35.0,0.0,False,USD,New,https://www.ebay.com/itm/178251688945?_skw=gundam&hash=item2980a0ebf1:g:GAsAAeSwj-dqO~Ru,https://i.ebayimg.com/images/g/GAsAAeSwj-dqO~Ru/s-l225.jpg
gundam,cards,eBay,marketplace,Gundam Card Game GD05-097 Domon Kasshu Promo X 4 Illustration by Toyotar Japan,19.91,4.0,False,USD,Ungraded,https://www.ebay.com/itm/407160149071?_skw=gundam&hash=item5ecca2d44f:g:fR4AAeSwv9Nqh981,https://i.ebayimg.com/images/g/fR4AAeSwv9Nqh981/s-l225.jpg
gundam,cards,eBay,marketplace,GUNDAM TCG FREEDOM ASCENSION GD05 BOOSTER BOX Factory Sealed 24 Packs English,209.95,0.0,False,USD,New/Factory Sealed,https://www.ebay.com/itm/168611055113?_skw=gundam&hash=item2742008609:g:v38AAeSweu9qfdB7,https://i.ebayimg.com/images/g/v38AAeSweu9qfdB7/s-l225.jpg
gundam,model_kit,eBay,marketplace,"#269 Gouf Ignited (Heine Westenfluss Custom) Mobile Suit Gundam SEED DESTINY, B",34.0,0.0,False,USD,New,https://www.ebay.com/itm/178251688941?_skw=gundam&hash=item2980a0ebed:g:AqQAAeSwiRFqO~Gn,https://i.ebayimg.com/images/g/AqQAAeSwiRFqO~Gn/s-l225.jpg
gundam,cards,eBay,marketplace,Gundam Card Game Domon Kasshu GD005-097 V Jump Promo Toyotaro Japanese,19.99,0.0,False,USD,Ungraded,https://www.ebay.com/itm/168629344756?_skw=gundam&hash=item27431799f4:g:6QcAAeSwyIRqh7Uh,https://i.ebayimg.com/images/g/6QcAAeSwyIRqh7Uh/s-l225.jpg
gundam,cards,eBay,marketplace,Gundam Card Game: Card Case Set with Dice Case [EVX09] Japanese New,229.0,28.0,False,USD,New,https://www.ebay.com/itm/198565711172?_skw=gundam&hash=item2e3b704d44:g:gTAAAeSwjSBqfGSr&amdata=enc%3AAQALAAAA4ACCtXRWQnOEpyOqnQQ8KGay%2FYehNGeByjJasRWuYNAnzNX8Sz9cV8Ni26K0i%2B%2BuRfYVg%2FY4f%2BqGOIR0ay%2FXAy1WOKcu6cHcV2Ao7EOkZi4qbynKM8V5kxyIbhRw5f7mvU%2BjDoyHULO%2BzABvX2kGI1y%2Fjs78f8hqBb6T%2B755PYFyVhd6eWSGh1SDURGmuHo8fSnnGabRuA2EOEcq01fbkwBNZ%2BvW7jfD7oW8uGj8iMhGjJj8O4Gww0Rpuxx83AlVOBkVp6rfzOFIK9Du%2FxtZnZz0ItMaUyOgLAO70P2YpYcu,https://i.ebayimg.com/images/g/gTAAAeSwjSBqfGSr/s-l225.jpg
gundam,cards,eBay,marketplace,US STOCK GUNDAM CARD GAME 2026 Chinese New Year Red Pocket Promo SEALED EXRP-014,24.99,0.0,False,USD,New,https://www.ebay.com/itm/206099667027?_skw=gundam&hash=item2ffc7f5853:g:xEoAAeSwdAxpoiCP&amdata=enc%3AAQALAAAA4ACCtXRWQnOEpyOqnQQ8KGZy5mx79cG%2FxgduiaBqaIS%2Bsm5%2FoossTWTzvMJxad9y%2BRMxFYeu5Wc562HruJYQ%2Btw3yMfiPUrYvRu8TIotRMsLMfE%2FFmLNp4lE1BsnvEGSYdr480WWyfnUCIyda8%2F631DBCyo64dwtedripxtnAQTeNf7OC5cn5lwY47Dr1QB3n2pp5ZAi3mH80hKyJn2PFh%2FblMPTg3lGSrZvN%2BykAF4h7%2B0z6JpuUNhlidPTKPbPVTGlMgU7aikAsKqPZV9pIOarlVorUpe7LWJw8qXqEzQe,https://i.ebayimg.com/images/g/xEoAAeSwdAxpoiCP/s-l225.jpg
gundam,cards,eBay,marketplace,Gundam CCG Freedom Ascension Sazabi GD05-052 [R+] Alt Art NM,19.34,0.0,False,USD,Ungraded,https://www.ebay.com/itm/820034612997?_skw=gundam&hash=itembeeddf2f05:g:X6YAAeSwALdqiaLv,https://i.ebayimg.com/images/g/X6YAAeSwALdqiaLv/s-l225.jpg
gundam,cards,eBay,marketplace,Gundam Card Game Freedom Ascension Booster Box GD05 BANDAI English *SHIPS NOW*,224.99,0.0,False,USD,New/Factory Sealed,https://www.ebay.com/itm/318735485830?_skw=gundam&hash=item4a361d8b86:g:q1AAAeSw86VqZo6m,https://i.ebayimg.com/images/g/q1AAAeSw86VqZo6m/s-l225.jpg
gundam,cards,eBay,marketplace,Gundam Card Game Darkness Finger GD05-110 R Rare NM Master Gundam Command,3.0,,False,USD,Ungraded,https://www.ebay.com/itm/800546964022?_skw=gundam&hash=itemba64514236:g:f6EAAeSwhrBqgSLA,https://i.ebayimg.com/images/g/f6EAAeSwhrBqgSLA/s-l225.jpg
gundam,model_kit,eBay,marketplace,Gundam Sandrock EW Gundam Wing: Endless Waltz Bandai Hobby MG 1/100,48.0,0.0,False,USD,New,https://www.ebay.com/itm/128011804474?_skw=gundam&hash=item1dce191f3a:g:FRMAAeSwlDZqcvyh,https://i.ebayimg.com/images/g/FRMAAeSwlDZqcvyh/s-l225.jpg
gundam,cards,eBay,marketplace,Gundam Card Game JAP EX Base EXBP-030 P from Dice Case [EVX09] only card [Seal],155.0,8.0,False,USD,Ungraded,https://www.ebay.com/itm/198565796403?_skw=gundam&hash=item2e3b719a33:g:n2QAAeSw5glqfvkc,https://i.ebayimg.com/images/g/n2QAAeSw5glqfvkc/s-l225.jpg
gundam,cards,eBay,marketplace,EX Base Custom Rain RW - Gundam TCG,10.25,6.0,False,USD,Ungraded,https://www.ebay.com/itm/257625804257?_skw=gundam&hash=item3bfbb1cde1:g:AHYAAeSwRo9qYeip,https://i.ebayimg.com/images/g/AHYAAeSwRo9qYeip/s-l225.jpg
gundam,other,eBay,marketplace,V JUMP October 2026 Magazine with Gundam Dragon ball Yugioh All Promo Card,29.91,8.0,False,USD,Like New,https://www.ebay.com/itm/407159174789?_skw=gundam&hash=item5ecc93f685:g:AqQAAeSw1qNqh0Uh,https://i.ebayimg.com/images/g/AqQAAeSw1qNqh0Uh/s-l225.jpg
gundam,model_kit,eBay,marketplace,BAN2535355 Bandai SD-EX Standard Hello Kitty & RX-78-2 Gundam 'Gundam',25.2,,False,USD,New,https://www.ebay.com/itm/198514999088?_skw=gundam&hash=item2e386a7f30:g:tfUAAeSwzDRqaOmK,https://i.ebayimg.com/images/g/tfUAAeSwzDRqaOmK/s-l225.jpg
gundam,model_kit,eBay,marketplace,"#19 Char's Z'Gok Mobile Suit Gundam, Bandai Hobby HGUC 1/144",12.0,0.0,False,USD,New,https://www.ebay.com/itm/178251688883?_skw=gundam&hash=item2980a0ebb3:g:dFMAAeSwlmBqO~Ii,https://i.ebayimg.com/images/g/dFMAAeSwlmBqO~Ii/s-l225.jpg
gundam,cards,eBay,marketplace,Gundam Card Game Official Card Sleeves 02 Set of 4 New Japan,57.0,0.0,False,USD,New,https://www.ebay.com/itm/137602119648?_skw=gundam&hash=item2009b9b7e0:g:Z4YAAeSwCsZqeIUt,https://i.ebayimg.com/images/g/Z4YAAeSwCsZqeIUt/s-l225.jpg
gundam,model_kit,eBay,marketplace,Bandai HG Strike Noir Gundam,19.99,5.99,False,USD,New,https://www.ebay.com/itm/198512677862?_skw=gundam&hash=item2e384713e6:g:vOAAAeSwAzZqW~Cz,https://i.ebayimg.com/images/g/vOAAAeSwAzZqW~Cz/s-l225.jpg
gundam,model_kit,eBay,marketplace,Bandai Hobby Gundam 00 Gundam Exia Repair II HG 1/144 Model Kit USA Seller,22.89,0.0,False,USD,New,https://www.ebay.com/itm/147474099562?_skw=gundam&hash=item2256242d6a:g:xdcAAeSwkNxqdojS,https://i.ebayimg.com/images/g/xdcAAeSwkNxqdojS/s-l225.jpg
gundam,model_kit,eBay,marketplace,Bandai Mobile Suit Gundam Wing Hero Collection 7-Figures Pilots Set Toy W 2002,39.9,25.6,False,USD,New,https://www.ebay.com/itm/115920289497?_skw=gundam&hash=item1afd633ed9:g:eWsAAOSwnNBXYP-M&amdata=enc%3AAQALAAAA4ACCtXRWQnOEpyOqnQQ8KGbrMuQjozEQ%2Fbg%2F5XtTmAPsPwu%2Ff7Hk8qL8Urx9JlYqoQQjdOBWjH0%2BTbzMPDP22jf9OUm%2B7kvtYrzlWZzR3pOSQIHmzW4uN40gyCppf2Zpf755kTiohNvXWo6E0HZoRsl06hfxG15GbwgHDnyNGPeA94%2B3wpt7fODVPMRRjsBBMLWysTgeXMeMF1WgCh90%2FgGZEySLGcsRJd%2F3VTMcSvS%2B%2BHBA0MIcseNBjdj70dpLCvCVf8pqjXqTaXl22gS4lFnSGnSmjUHSjAyKPGDh%2BEPv,https://i.ebayimg.com/images/g/eWsAAOSwnNBXYP-M/s-l225.jpg
gundam,model_kit,eBay,marketplace,Gundam Deathscythe Hell Store Tournament 03 R Holo Gundam Promo Card GD03-021 NM,9.98,0.0,False,USD,Ungraded,https://www.ebay.com/itm/177944135414?_skw=gundam&hash=item296e4c06f6:g:ZWUAAeSwBDppr4Vj,https://i.ebayimg.com/images/g/ZWUAAeSwBDppr4Vj/s-l225.jpg
gundam,cards,eBay,marketplace,Bandai V2 Gundam GD01-JOTLR Gundam Card Game Full Art Foil Unit ENG,15.0,,False,USD,Ungraded,https://www.ebay.com/itm/800542056034?_skw=gundam&hash=itemba64065e62:g:4w0AAeSw19lqf~s~,https://i.ebayimg.com/images/g/4w0AAeSw19lqf~s~/s-l225.jpg
gundam,model_kit,eBay,marketplace,Bandai G-Gundam GOD GUNDAM RG 1/144 Model Kit USA Seller,45.95,0.0,False,USD,New,https://www.ebay.com/itm/137549333057?_skw=gundam&hash=item2006944241:g:U8UAAeSwhthqg~gU,https://i.ebayimg.com/images/g/U8UAAeSwhthqg~gU/s-l225.jpg
gundam,model_kit,eBay,marketplace,"BAN2001365 Bandai MG MS-06J Zaku II Ground Type (Ver. 2.0) ""Gundam""",42.3,,False,USD,New,https://www.ebay.com/itm/206501617327?_skw=gundam&hash=item3014749eaf:g:hRUAAeSw-9FqhQpc,https://i.ebayimg.com/images/g/hRUAAeSw-9FqhQpc/s-l225.jpg
gundam,model_kit,eBay,marketplace,"#70 MS-14S Char's Gelgoog Mobile Suit Gundam, Bandai Hobby HGUC",20.0,0.0,False,USD,New,https://www.ebay.com/itm/188555189100?_skw=gundam&hash=item2be6c3db6c:g:FTQAAeSwKXpqO~GC,https://i.ebayimg.com/images/g/FTQAAeSwKXpqO~GC/s-l225.jpg
gundam,model_kit,eBay,marketplace,HG 1/144 GTO MS-06C-6/R6 Zaku II Type C-6 Mecha Model Kit Figure Toy Gift Robots,17.99,0.0,False,USD,New,https://www.ebay.com/itm/236819433301?_skw=gundam&hash=item372389c755:g:FFEAAeSwkB5qCBOj&amdata=enc%3AAQALAAAA4ACCtXRWQnOEpyOqnQQ8KGb4FdVrI3w0FL1L%2FJUY999B4rMS4yP2Zyhuf4NcZyu7zYhefaxtnNQH8Sojjp3rtb6Vk%2FTKVvDwJ8LQYPcN8nfAufO%2BG8tMMZW4Y8UNQoAoeTZlRH8YRjZO4WrtWSnBTPBuRn%2BVrImayXKAfU%2Fnz%2Fe613Km5UFgPWzVppoGDHKRdI6K7wXyQE28Ru8uFEIs9GfQyFfn9l2eUa3SivQDstv5CqfSJ4XFHBc9RSK89ifOQ9K0qepcHiqK%2F3YFvgAc49BS%2BW9viu0qkDlk34Ze5mML,https://i.ebayimg.com/images/g/FFEAAeSwkB5qCBOj/s-l225.jpg
gundam,model_kit,eBay,marketplace,HGUC 1/144 MS-08TX/N Efreet Nacht,20.99,0.0,False,USD,New,https://www.ebay.com/itm/406988314291?_skw=gundam&hash=item5ec264d6b3:g:-4YAAeSwIihqKFn3&amdata=enc%3AAQALAAAA4ACCtXRWQnOEpyOqnQQ8KGbPBDLgvpfVqERnhcCmKalGE1ad6P5Df%2BjSXibjsh6DMTzkLDzd5Y5UFTsOt%2B4WUUfq%2FoLTAA4nSHC53gNy7FXb9IChSzotZo388%2Fqg9k%2FRvmNSqIslgbw0SmMgZxnpJ%2F%2Booh%2Bus6sJDrrhGKe1Z5Ro230RH1kQqY7djiktmRKODlqHDy3dTNPf81FV6fFsOtR4h6O679motFvrAF03iqSU9PxVGFl5MOV2WpErJvIv2Ka2IIbJF0oC%2FMAfaRfeK72LxY1EEAoXhkJ0YWqCtLjw,https://i.ebayimg.com/images/g/-4YAAeSwIihqKFn3/s-l225.jpg
gundam,model_kit,eBay,marketplace,HG 1/144 MWS-19051G D GUNDAM FIRST / MWS-19051G-2 D GUNDAM SECOND［P-BANDAI］,97.0,28.0,False,USD,New,https://www.ebay.com/itm/398313991724?_skw=gundam&hash=item5cbd5d2e2c:g:PlUAAeSwrWpqiaWe,https://i.ebayimg.com/images/g/PlUAAeSwrWpqiaWe/s-l225.jpg
gundam,model_kit,eBay,marketplace,HG 1/144 Red Comet Zaku Gundam Model Kit Assembly Action Figure Collectible Toy,13.99,0.0,False,USD,New,https://www.ebay.com/itm/366434240113?_skw=gundam&hash=item55512ec671:g:VmoAAeSwkuZqFQ1u,https://i.ebayimg.com/images/g/VmoAAeSwkuZqFQ1u/s-l225.jpg
gundam,model_kit,eBay,marketplace,Bandai Gundam Hyaku-Shiki Ver. 2.0 MG 1/100 Model Kit USA Seller,84.95,0.0,False,USD,New,https://www.ebay.com/itm/137461374030?_skw=gundam&hash=item2001561c4e:g:dy8AAeSwVzdqiL2b,https://i.ebayimg.com/images/g/dy8AAeSwVzdqiL2b/s-l225.jpg
gundam,model_kit,eBay,marketplace,Bandai Gundam UC Gouf Ignited (Heine Westenfluss Custom) HG 1/144 Model Kit,39.18,0.0,False,USD,New,https://www.ebay.com/itm/147504789111?_skw=gundam&hash=item2257f87677:g:46IAAeSwicVqiT1g,https://i.ebayimg.com/images/g/46IAAeSwicVqiT1g/s-l225.jpg
gundam,model_kit,eBay,marketplace,"#7 Union Flag Graham Custom Gundam 00, Bandai Hobby HG 00",16.0,0.0,False,USD,New,https://www.ebay.com/itm/188555189087?_skw=gundam&hash=item2be6c3db5f:g:YBkAAeSwA8BqO~IZ,https://i.ebayimg.com/images/g/YBkAAeSwA8BqO~IZ/s-l225.jpg
gundam,model_kit,eBay,marketplace,"#89 MS-18E Kampfer Gundam 0080, Bandai Hobby HGUC",26.0,0.0,False,USD,New,https://www.ebay.com/itm/177706640897?_skw=gundam&hash=item2960242601:g:UxgAAeSwQERqO~Is,https://i.ebayimg.com/images/g/UxgAAeSwQERqO~Is/s-l225.jpg
gundam,model_kit,eBay,marketplace,BAN2156349 Bandai MG Gundam AGE-2 Normal 'Gundam AGE',35.99,0.0,False,USD,New,https://www.ebay.com/itm/117307586146?_skw=gundam&hash=item1b5013b662:g:M0MAAeSw-1dqWmU0,https://i.ebayimg.com/images/g/M0MAAeSw-1dqWmU0/s-l225.jpg
gundam,model_kit,eBay,marketplace,RG 1/144 RX-78-2 Gundam RG 1/144 MS-06S Zaku II Hatsune Miku Ver. Set of 2,170.0,0.0,False,USD,New,https://www.ebay.com/itm/227364928600?_skw=gundam&hash=item34f0017c58:g:V70AAeSwrWBqGwuX,https://i.ebayimg.com/images/g/V70AAeSwrWBqGwuX/s-l225.jpg
gundam,cards,eBay,marketplace,2x Gundam Card Game Freedom Ascension GD05-050 Gundam Exia Repair Base LR,5.99,,False,USD,New,https://www.ebay.com/itm/407149899054?_skw=gundam&hash=item5ecc066d2e:g:tdgAAeSwC~Zqb2Bk&amdata=enc%3AAQALAAAA4ACCtXRWQnOEpyOqnQQ8KGY3CkWNo0BK6f5t9jVrRFSpgQxhd8ONM5nnCORz70v%2B32NEMcNyo4AcPlpNh4bSNhCgx4o%2FdupabQyFgp%2BEtVNGGOac7Ufq1lf8Zk44yGuwcwfLPHzeYE1eyJ%2FCI0lg1%2BIdckUYyXqaptAGXqgT3VzgGfIi1yV5mWt91EHvJOCnto3v3CDMqJfmlf%2FpcUmrdxiE9O5W6%2Buw%2FU1Sepllez%2FFYb5JwhZYqBPE8gw1vpCNNqKBNKs6ruEptIviDR3OUi19ha9gVrdW19cSyZjkrH06,https://i.ebayimg.com/images/g/tdgAAeSwC~Zqb2Bk/s-l225.jpg
gundam,model_kit,eBay,marketplace,Bandai Hobby Gundam Wing Tallgeese I Ver. EW MG 1/100 Model Kit USA Seller,59.95,0.0,False,USD,New,https://www.ebay.com/itm/137501982767?_skw=gundam&hash=item2003c1c02f:g:jUkAAeSw-MtqiK7Y&amdata=enc%3AAQALAAAA4ACCtXRWQnOEpyOqnQQ8KGYnnA051OqGT0fHYEXR8KmlN2pX1hrWjRWjWhlw75JJAORnWXaWUvQXMSoFY2NLTlK3Ww3z4dwYD4EHJOhS0Bdi0d1w4i%2BvBAdiRUPHHWfDRpv%2FNcoehnqu0k%2FAFoLnHTqsDISl5kwYNbKiSTzzX8i1DoXF0wGoFUBALTDOL83BpxA5V2uGtGFgsuqazqCl4UjUCXOTzbbu%2B6FPZWeIWmnY1M%2B4gyJFwgu4ag1nX9MQgu9IK7sTWhcKI1DG2RQuB1cObNnF6pNnPANC83abWiEy,https://i.ebayimg.com/images/g/jUkAAeSw-MtqiK7Y/s-l225.jpg
gundam,model_kit,eBay,marketplace,Bandai Hobby Gundam Wing Tallgeese I Ver. EW MG 1/100 Model Kit USA Seller,59.95,0.0,False,USD,New,https://www.ebay.com/itm/137501982767?_skw=gundam&hash=item2003c1c02f:g:jUkAAeSw-MtqiK7Y&amdata=enc%3AAQALAAAA4ACCtXRWQnOEpyOqnQQ8KGYnnA051OqGT0fHYEXR8KmlN2pX1hrWjRWjWhlw75JJAORnWXaWUvQXMSoFY2NLTlK3Ww3z4dwYD4EHJOhS0Bdi0d1w4i%2BvBAdiRUPHHWfDRpv%2FNcoehnqu0k%2FAFoLnHTormtawMGlN6vAZSfXPbN1OAV0kd0vRfj2ZU7nXoATL4A10MZwLjeQc67ijw5qXQrFUAcwrSw%2B1jy5pAjzGGMu06SP4hRO1Q9Q2jfmj4DYri0fqclRvdcZW9MRwqSoWG4190TSYnEC%2F%2B8K9Gow0MdmK,https://i.ebayimg.com/images/g/jUkAAeSw-MtqiK7Y/s-l225.jpg
gundam,model_kit,eBay,marketplace,HG 1/144 MS-07H-8 Gouf Flight Type Model Kit Anime Action Figure Toy Gift,29.9,0.0,False,USD,New,https://www.ebay.com/itm/389966307054?_skw=gundam&hash=item5acbcd9eee:g:wuQAAeSwI-5p9lHJ&amdata=enc%3AAQALAAAA4ACCtXRWQnOEpyOqnQQ8KGad3ZpiaSeR1G1%2FltR8Yn6LCibbPz9KXTeQJ0VIt11csO8m81%2BJNs2zM3X2c%2BJjdAUogYte2P5oXdJpjkNT2bRdq1kALhxWL3D0C5mmCG3lQIXwykFTNx7bnNWrO2Q5vrtbREvxCTPP7%2B1gfNhVQG5rvIHYpDkcy1MgnTuX2ALAoM7xbNCdpIZsGIbnOWD3CxQmO0ZEV8ArEmkd7W%2BRKd4JgJPyMrD%2FqZRjCgpSG8jI%2F1KmfsC7lvFT%2Fiqa1QotbPkiWhXErLPGPgxGnVzVS85N,https://i.ebayimg.com/images/g/wuQAAeSwI-5p9lHJ/s-l225.jpg
gundam,cards,eBay,marketplace,Lacus Clyne First Anniversary Gundam TCG Playmat  - Deskmat,40.0,5.0,False,USD,New,https://www.ebay.com/itm/307125000061?_skw=gundam&hash=item478213977d:g:hoAAAeSwO2lqfgkj&amdata=enc%3AAQALAAAA4ACCtXRWQnOEpyOqnQQ8KGZubq87KJq%2FfOyHU2taArsc2mB8iNMr3413e4TTlnPT8DTHFev1Y1fHWWjud2HzJztboWQLgYVEgs96fM2NBfQqkeSv6tO47%2BjxK0VwXuF%2BWtYuM%2Fo2xDtcJh8a1A%2BYUVH6E61c0ih%2F11%2BsHuQ0txgXW2RrvEAIXAKncxYx%2FKAsbwisHcw0f9LIDDDMXT3IaAgeM7ArsxH2aLBDQbGmTGi30QGS%2BjaOfN%2BjTHg6mAYbF8lXPXud5pCz98TsX9CO%2BO9YUyMtVygKFUnKk7l2gObN,https://i.ebayimg.com/images/g/hoAAAeSwO2lqfgkj/s-l225.jpg
gundam,model_kit,eBay,marketplace,RG 1/144 RX-78-2 Gundam RG 1/144 MS-06S Zaku II Hatsune Miku Ver. Set of 2,170.0,0.0,False,USD,New,https://www.ebay.com/itm/227364928600?_skw=gundam&hash=item34f0017c58:g:V70AAeSwrWBqGwuX,https://i.ebayimg.com/images/g/V70AAeSwrWBqGwuX/s-l225.jpg
gundam,model_kit,eBay,marketplace,Bandai Action Base #5 Clear (For 1/144 & 1/100 Gundam) Model Kit Bandai Hobby,9.0,0.0,False,USD,New,https://www.ebay.com/itm/185845582834?_skw=gundam&hash=item2b45428bf2:g:qnsAAeSw10tqO~Eq,https://i.ebayimg.com/images/g/qnsAAeSw10tqO~Eq/s-l225.jpg
gundam,cards,eBay,marketplace,EX Resource Custom G Fighter Rain/Allenby - Gundam TCG,9.25,6.0,False,USD,Ungraded,https://www.ebay.com/itm/257659431519?_skw=gundam&hash=item3bfdb2ea5f:g:fYMAAeSwYwRqcPV6,https://i.ebayimg.com/images/g/fYMAAeSwYwRqcPV6/s-l225.jpg
gundam,cards,eBay,marketplace,Gundam Card Game Store Tournament Kit 2026 Vol. 2 (GD 26-②) - New Sealed English,24.99,0.0,False,USD,New/Factory Sealed,https://www.ebay.com/itm/800488852271?_skw=gundam&hash=itemba60da8b2f:g:n9IAAeSwB7tqenjZ,https://i.ebayimg.com/images/g/n9IAAeSwB7tqenjZ/s-l225.jpg
gundam,cards,eBay,marketplace,Gundam Card Game 1st Anniversary Archive Official Guide Book w/ Amuro Promo,55.0,0.0,False,USD,Ungraded,https://www.ebay.com/itm/158212147205?_skw=gundam&hash=item24d62dc805:g:3sEAAeSw02JqhkZv,https://i.ebayimg.com/images/g/3sEAAeSw02JqhkZv/s-l225.jpg
gundam,model_kit,eBay,marketplace,Bandai MG Aile Strike Gundam Ver. RM 1/100 Scale Action Figure Model Kit,45.0,0.0,False,USD,New,https://www.ebay.com/itm/377362387764?_skw=gundam&hash=item57dc8d1334:g:u~AAAeSwx7pqYPJa,https://i.ebayimg.com/images/g/u~AAAeSwx7pqYPJa/s-l225.jpg
gundam,model_kit,eBay,marketplace,Bandai 1/144 Gunpla Option Parts Set #11: Smoothbore Gun for Barbatos Gundam,4.41,2.99,False,USD,New,https://www.ebay.com/itm/404953417636?_skw=gundam&hash=item5e491ac7a4:g:mVoAAeSwcxBprbD~,https://i.ebayimg.com/images/g/mVoAAeSwcxBprbD~/s-l225.jpg
gundam,model_kit,eBay,marketplace,Bandai Gundam Universe GU-19 GF13-001NHII Master Gundam Articulated Figure,45.0,0.0,False,USD,New,https://www.ebay.com/itm/147521171722?_skw=gundam&hash=item2258f2710a:g:QiwAAeSwi0pqiaWc,https://i.ebayimg.com/images/g/QiwAAeSwi0pqiaWc/s-l225.jpg
gundam,cards,eBay,marketplace,Genuine Bandai - Gundam Tcg Beta version Card Sleeves 70pcs Sealed,99.95,0.0,False,USD,New,https://www.ebay.com/itm/227385592983?_skw=gundam&hash=item34f13ccc97:g:VQgAAeSw~U1qEMgw&amdata=enc%3AAQALAAAA4ACCtXRWQnOEpyOqnQQ8KGamw3ecbWgm1fdomd4C6zRV1z8HRnADk2TQDtVjgrXtVa6qLfzMEXRwLnZaJZpd7zANDn572vO6mtE6ECJhBwMif0IIkiyImLEmu3O2u67Z1cCu1LbDweWUsFyEcIkYCuT0jwx1QhnY7dOJGX1L93kM1fY%2FdrgLn4UOZZqIDG7qGMEyOn6z8dhI8uyGShJfAg2eVopqhn22Vq3mQvTND2qSIB41ZFxOQqxTjiy2k1cOaEjYWPxm6iaIkp98HNczktcOALy8lf3m6gCdUoCKls9a,https://i.ebayimg.com/images/g/VQgAAeSw~U1qEMgw/s-l225.jpg
gundam,model_kit,eBay,marketplace,MG Gundam 1/100 Kampfer Schwer Kokuyo's Mobile Suit Model Kit BANDAI SPIRITS,121.59,2.89,False,USD,New,https://www.ebay.com/itm/287357678969?_skw=gundam&hash=item42e7da3579:g:5jQAAeSwA-tqiUJV&amdata=enc%3AAQALAAAA4ACCtXRWQnOEpyOqnQQ8KGYO7u2IDZO6yL0hHI4SRuGvhnaj2kMsGXaelfx%2B2yrYmGeW2GE5%2FRAotwIIf9My5LenCjEgSQsdb%2BwD9QxB1nE9m9VEgbJW%2BGDBXs%2BRurN0oEZr8fl5vLKlPsxnkOrA6irngX%2BlwodScHYIeOX%2B894Dp%2Bugt7GvvTv3aKmDZxyeVsfJtOYvAYDRv7ODzZW%2FjiG%2FdR86pjdjJsQGJ%2Bc65M6dbYHo0wdXfNv%2BPdlXSGLjaoTjHliROWQlQ5qAJNxXw7VOspL0uI0vj1BKjTmFrX5L,https://i.ebayimg.com/images/g/5jQAAeSwA-tqiUJV/s-l225.jpg
gundam,model_kit,eBay,marketplace,"GUNDAM ON A SHAKA HEAVYWEIGHT GARMET DYED T SHIRT ""MODERN""",36.0,5.99,False,USD,New without tags,https://www.ebay.com/itm/168048964597?_skw=gundam&hash=item27207fb3f5:g:e~8AAeSwPWlpVsbN&amdata=enc%3AAQALAAAA4ACCtXRWQnOEpyOqnQQ8KGaWxMSXnPduv1rTbZXp7jee%2B050R7hwMLaNvDzyLlJXA3E8P%2BsvKRTLpbNcykWbgIFbt7uyKSrS4%2BlbCHcXkgtLCZEtXW8qeKkBHL%2FX6LGssex57onKoO95qDj1w38GK61UizdZvk9uZJhq3kjbK3phiEB8kTA9pCHiAwUTtaW6O8fi4Sm2ttrEUURacNgl3jbLIo3fvNbahwDIYWVzI2RhCeGfW9T%2FjmgMfD%2FhY5KF3UC8iBOorYExScWgWhNv%2Fi8FHIiE0P1QR1qfo816NB6q,https://i.ebayimg.com/images/g/e~8AAeSwPWlpVsbN/s-l225.jpg
gundam,cards,eBay,marketplace,EX Resource Custom Miku x Gundam - Gundam TCG,9.25,6.0,False,USD,Ungraded,https://www.ebay.com/itm/257624547598?_skw=gundam&hash=item3bfb9ea10e:g:qDAAAeSwKuRqDJqp,https://i.ebayimg.com/images/g/qDAAAeSwKuRqDJqp/s-l225.jpg
gundam,model_kit,eBay,marketplace,Bandai Hobby HGCC #177 Turn A Gundam HG 1/144 Model Kit USA Seller,19.95,0.0,False,USD,New,https://www.ebay.com/itm/147447355782?_skw=gundam&hash=item22548c1986:g:bHEAAeSwskFqiKXB,https://i.ebayimg.com/images/g/bHEAAeSwskFqiKXB/s-l225.jpg
gundam,model_kit,eBay,marketplace,HG Mobile Suit 1/144 RX-78-2 Gundam REVIVE Ver. HGUC 196716,11.99,0.0,False,USD,New,https://www.ebay.com/itm/298401688000?_skw=gundam&hash=item457a2069c0:g:6w8AAeSw~FxqKQ3K,https://i.ebayimg.com/images/g/6w8AAeSw~FxqKQ3K/s-l225.jpg
gundam,model_kit,eBay,marketplace,Bandai Spirits Gundam Hathaway's Flash HGUC Messer F-1 HG 1/144 Model Kit USA,38.95,0.0,False,USD,New,https://www.ebay.com/itm/147459028566?_skw=gundam&hash=item22553e3656:g:1HgAAeSw9KNqh6zP,https://i.ebayimg.com/images/g/1HgAAeSw9KNqh6zP/s-l225.jpg
gundam,model_kit,eBay,marketplace,HG 1/144 Gundam Build fighters Rick-do Gyanko Premium Bandai Online Limited,55.0,0.0,False,USD,New,https://www.ebay.com/itm/227474305796?_skw=gundam&hash=item34f6867304:g:1h8AAeSwUURqKuLe,https://i.ebayimg.com/images/g/1h8AAeSwUURqKuLe/s-l225.jpg
gundam,model_kit,eBay,marketplace,"#26 Gundam Calibarn The Witch from Mercury, Bandai Hobby HG 1/144",24.0,0.0,False,USD,New,https://www.ebay.com/itm/188555189079?_skw=gundam&hash=item2be6c3db57:g:ag4AAeSwtcVqO~G8,https://i.ebayimg.com/images/g/ag4AAeSwtcVqO~G8/s-l225.jpg
gundam,other,eBay,marketplace,GSI Creos Gundam Marker Sets of Six. 13 Different Sets Buy Two Or More And Save ,21.99,0.0,False,USD,New,https://www.ebay.com/itm/154779592250?_skw=gundam&hash=item240995263a:g:1hUAAOSwPHJh04-x,https://i.ebayimg.com/images/g/1hUAAOSwPHJh04-x/s-l225.jpg
gundam,model_kit,eBay,marketplace,"#118 Gundam X Divider Gundam X, Bandai Hobby HGAW",25.0,0.0,False,USD,New,https://www.ebay.com/itm/188555189112?_skw=gundam&hash=item2be6c3db78:g:lu0AAeSwpfdqO~IE,https://i.ebayimg.com/images/g/lu0AAeSwpfdqO~IE/s-l225.jpg
gundam,cards,eBay,marketplace,Gundam TCG Dual Impact GD02 English Sleeved Booster Pack,5.99,5.0,False,USD,New/Factory Sealed,https://www.ebay.com/itm/137648463613?_skw=gundam&hash=item200c7cdefd:g:JlsAAeSwjPFqiN0f,https://i.ebayimg.com/images/g/JlsAAeSwjPFqiN0f/s-l225.jpg
gundam,model_kit,eBay,marketplace,RG 1/144 RX-78-2 Gundam Ver.2.0 [Hatsune Miku Ver.] Model Kit Premium Bandai,89.5,0.0,False,USD,New,https://www.ebay.com/itm/227364922128?_skw=gundam&hash=item34f0016310:g:khAAAeSw8xJqGwpW,https://i.ebayimg.com/images/g/khAAAeSw8xJqGwpW/s-l225.jpg
gundam,model_kit,eBay,marketplace,MG 1/100 Dom (New Ver.) Mobile Suit Gundam Model Kit Bandai Hobby,44.99,0.0,False,USD,New,https://www.ebay.com/itm/287484536105?_skw=gundam&hash=item42ef69e529:g:KJEAAeSwxMpqZYx~,https://i.ebayimg.com/images/g/KJEAAeSwxMpqZYx~/s-l225.jpg
gundam,model_kit,eBay,marketplace,Bandai Hobby Gundam MS-06F Zaku II RG 1/144 Model Kit USA Seller,38.02,0.0,False,USD,New,https://www.ebay.com/itm/137576181708?_skw=gundam&hash=item20082defcc:g:udoAAeSwiIVqiVhv,https://i.ebayimg.com/images/g/udoAAeSwiIVqiVhv/s-l225.jpg
gundam,model_kit,eBay,marketplace,Super Nova Heavy Arms Custom IGEL MG 1/100 XXXG-01H2 Endless Waltz Model Kit,189.2,29.99,False,USD,New,https://www.ebay.com/itm/236938063403?_skw=gundam&hash=item372a9bee2b:g:iR0AAeSwmA5qVeSY&amdata=enc%3AAQALAAAA4ACCtXRWQnOEpyOqnQQ8KGYt3Q9f5FTteVtywfTGztrBqge%2BdAfjPgzOiWJWmVwrbV1UhVGX5ck%2FszeWhbj1RJ%2Bu6iyqnPBbplq2SKxAPYTTe3hR4UZQC8SwMHqYDGeSJq6FbukguhjiXuJ4e3MvwsxKOPp3XSGpIkT0igQfGQ6ctyn56dfslpToUEeVYDl%2F2yHMCf6PekvVYSjrP%2FPy1GTdijTSXnhj4uRj0urpehNiwMNZx9HWb0D5u6TzJ4aCIjOELUwevdTjmfKAh%2FU4eQWS0jxqIxKu28sd6WscEqOZ,https://i.ebayimg.com/images/g/iR0AAeSwmA5qVeSY/s-l225.jpg
gundam,other,eBay,marketplace,Built & Painted HG 1/144 Alyzeus & Messer Type-M01 Gundam Hathaway Pro-Painted,400.0,0.0,False,USD,Used,https://www.ebay.com/itm/800256232038?_skw=gundam&hash=itemba52fd0a66:g:BkEAAeSwSHJqQQqT&amdata=enc%3AAQALAAAA4ACCtXRWQnOEpyOqnQQ8KGbszZajqL8JDslZZ9fbPhZnVpxJpkj0e2P7jZIL1i9q7zIK221B%2BDoUjudmHWfieyQ0OlsUIxt5huGJnk2TtyL2jCcIjI7biHMhKjDUcTY07rtfdvrDz%2BuVMcF%2FBVXAFKOYI09EmIicvZBIcgWDddzZExIUCrsJg7qdDJqBHK5%2BT3CzC3PtBCU2Hg8qDxI%2FwyMmIH%2FFxRoGmRgV2qfE%2FhgAYFL1Mxe0xa4E9LoZDZ9JMefI%2BkXmC9VtmMybIN2aRjddBswB7Xe0RJ3A8kCFx2L2,https://i.ebayimg.com/images/g/BkEAAeSwSHJqQQqT/s-l225.jpg
gundam,other,eBay,marketplace,HG 1/144 Gundam Model Kit Parts #02 - Replacement Spare Kitbashing - USA Seller,2.6,,True,USD,New,https://www.ebay.com/itm/117251015640?_skw=gundam&hash=item1b4cb483d8:g:DKwAAeSw0jpqiNur,https://i.ebayimg.com/images/g/DKwAAeSw0jpqiNur/s-l225.jpg
gundam,cards,eBay,marketplace,Presale Gundam Card Game ~ EX Base EXBP-033 Char & MSN-02 Zeong Promo Card 9/26,35.0,0.0,False,USD,Ungraded,https://www.ebay.com/itm/398279625437?_skw=gundam&hash=item5cbb50cadd:g:XVoAAeSwUZFqfSlz,https://i.ebayimg.com/images/g/XVoAAeSwUZFqfSlz/s-l225.jpg
gundam,model_kit,eBay,marketplace,Bandai Hobby Gundam Wing: Endless Waltz Sandrock Custom EW HG 1/144 Model Kit,49.95,0.0,False,USD,New,https://www.ebay.com/itm/147468676288?_skw=gundam&hash=item2255d16cc0:g:b98AAeSwfPFqh2lj,https://i.ebayimg.com/images/g/b98AAeSwfPFqh2lj/s-l225.jpg
gundam,model_kit,eBay,marketplace,"Bandai 1/100 Builders Parts HD MS Vernier #01 ""Gundam"" Plastic Model Kit",4.9,2.99,False,USD,New,https://www.ebay.com/itm/127557536937?_skw=gundam&hash=item1db3058ca9:g:LZ0AAeSwy85prcZL,https://i.ebayimg.com/images/g/LZ0AAeSwy85prcZL/s-l225.jpg
gundam,model_kit,eBay,marketplace,Gundam: Requiem for Vengeance Gundam EX High Grade 1:144 Scale Model Kit,33.99,5.0,False,USD,New,https://www.ebay.com/itm/226658223339?_skw=gundam&hash=item34c5e204eb:g:NV0AAOSwa09n3biD,https://i.ebayimg.com/images/g/NV0AAOSwa09n3biD/s-l225.jpg
gundam,model_kit,eBay,marketplace,"#06 Hyakuren Gundam IBO, Bandai Hobby HG IBO 1/144",15.0,0.0,False,USD,New,https://www.ebay.com/itm/187876405734?_skw=gundam&hash=item2bbe4e71e6:g:QcAAAeSwqV1qO~Fb,https://i.ebayimg.com/images/g/QcAAAeSwqV1qO~Fb/s-l225.jpg
gundam,model_kit,eBay,marketplace,Bandai Gundam XXXG-01W Wing Gundam EW Ver. MG 1/100 Scale Model Kit USA Seller,41.61,0.0,False,USD,New,https://www.ebay.com/itm/147417176037?_skw=gundam&hash=item2252bf97e5:g:uzwAAeSw72hqiRL~&amdata=enc%3AAQALAAAA4ACCtXRWQnOEpyOqnQQ8KGbFoIXFcBF%2BlBaCmFutfun9ZIMxUs7U4RH5OyCNSzD3Ms2KQ1HcsBfKQuJIwbweV5rIbrI5lWZ%2FGoR16VhQXOHTyNW61laRtCnc7Xq%2Bv6JIenblmSB%2FmF7TLvBnfQfE0HniEqYO85NEQERg%2FuB5ylpVjH4KoEs%2BkT82aVEPrvtc3GiyRJX33tKSHVzzZO3T7ViE%2BglCkwMgzOmnftjRbKtq2IO%2FOhyoql39u%2BLx6NsBPkN60XSICI0bI5n08hIal5EGV8jyZc9HXd8b3%2FDhfyIt,https://i.ebayimg.com/images/g/uzwAAeSw72hqiRL~/s-l225.jpg
gundam,model_kit,eBay,marketplace,HG 1/144 RX-0 Unicorn Destruction Mode Model Kit,49.99,0.0,False,USD,New,https://www.ebay.com/itm/358243627055?_skw=gundam&hash=item5368fbf02f:g:SX4AAeSw5llpmf0n&amdata=enc%3AAQALAAAA4ACCtXRWQnOEpyOqnQQ8KGYL%2BzqeV1HpmdcCsw84cB8G49I52J%2BVsEqmSFwdQ3am5UnknwBXzPUxSAPrM%2FFBfu5feNApNSAAZatYVzPKLmlkS6uLlZsR32aDgWs14KyvOB%2FKheqt2s9d3h37dpSrbb%2F8akptiGveqZpVkLWVbTEfnoQ9sSsdmBqUrpf71UxmusFfYz6gS%2F%2BKXBYRTvvqTAEfnRL7tPia1oIKNtRX9nSoI1q6WASCBP83brEQjDaW9lCCuxg8voPgXSbEjG80nsjrgH1JjiULu0%2F3vKNBfcPI,https://i.ebayimg.com/images/g/SX4AAeSw5llpmf0n/s-l225.jpg
gundam,model_kit,eBay,marketplace,"#15 Gundam Exia ""Gundam 00"", Bandai  Hobby RG 1/144 Model Kit",31.0,0.0,False,USD,New,https://www.ebay.com/itm/127882168567?_skw=gundam&hash=item1dc65f08f7:g:w8QAAeSwwatqEqgn,https://i.ebayimg.com/images/g/w8QAAeSwwatqEqgn/s-l225.jpg
gundam,model_kit,eBay,marketplace,Bandai PG Unleashed 1/60 Nu Gundam,609.99,5.99,False,USD,New,https://www.ebay.com/itm/198145530586?_skw=gundam&hash=item2e2264dada:g:ZR0AAeSw2XRpo695,https://i.ebayimg.com/images/g/ZR0AAeSw2XRpo695/s-l225.jpg
gundam,cards,eBay,marketplace,Sealed Phantom Aria Booster Box GD04 Gundam Card Game -Kid Icarus-,129.99,0.0,False,USD,New/Factory Sealed,https://www.ebay.com/itm/366367383113?_skw=gundam&hash=item554d329e49:g:8PcAAeSwh5lp647i,https://i.ebayimg.com/images/g/8PcAAeSwh5lp647i/s-l225.jpg
gundam,model_kit,eBay,marketplace,#36 Hi-Nu Gundam Char's Counterattack Beltorchika Children Bandai Hobby RG 1/14,61.0,0.0,False,USD,New,https://www.ebay.com/itm/178251688976?_skw=gundam&hash=item2980a0ec10:g:c9QAAeSwzm9qO~Fm,https://i.ebayimg.com/images/g/c9QAAeSwzm9qO~Fm/s-l225.jpg
gundam,model_kit,eBay,marketplace,"RX-78-2 Gundam Ver. 2.0 ""Mobile Suit Gundam"", Bandai Hobby RG 1/144 Model Kit",41.0,0.0,False,USD,New,https://www.ebay.com/itm/127876713191?_skw=gundam&hash=item1dc60bcae7:g:4~4AAeSwBP5p0D~u,https://i.ebayimg.com/images/g/4~4AAeSwBP5p0D~u/s-l225.jpg
gundam,model_kit,eBay,marketplace,MG 1/100 Wing Gundam Proto Zero EW ver. Endless Waltz Model Kit Bandai Hobby,59.0,0.0,False,USD,New,https://www.ebay.com/itm/188075009221?_skw=gundam&hash=item2bca24e4c5:g:XD4AAeSwAdhqO~Ge,https://i.ebayimg.com/images/g/XD4AAeSwAdhqO~Ge/s-l225.jpg
gundam,model_kit,eBay,marketplace,"Lunamaria Hawke ""Mobile Suit Gundam SEED FREEDOM"", Bandai Figure-Rise Standard",40.0,0.0,False,USD,New,https://www.ebay.com/itm/176395835539?_skw=gundam&hash=item291202d893:g:dfYAAeSwt5tqO~Gn,https://i.ebayimg.com/images/g/dfYAAeSwt5tqO~Gn/s-l225.jpg
gundam,model_kit,eBay,marketplace,Bandai 11 Gundam Amazing Barbatos Lupus HGGBM 1/144 Model Kit - US,33.95,0.0,False,USD,New,https://www.ebay.com/itm/186670102658?_skw=gundam&hash=item2b7667b882:g:0f0AAOSwN0dm2IFP,https://i.ebayimg.com/images/g/0f0AAOSwN0dm2IFP/s-l225.jpg
gundam,model_kit,eBay,marketplace,Bandai Namco Mobile Suit Wing Gundam Zero EW XXXG-00W0 Ver. KA MG Model Kit,74.99,0.0,False,USD,New,https://www.ebay.com/itm/327102946060?_skw=gundam&hash=item4c28dadb0c:g:VAYAAeSwCy1p3oDu&amdata=enc%3AAQALAAAA4ACCtXRWQnOEpyOqnQQ8KGaS2kKobObW7ZTvWCHwx8GYT5OziNV2X9Ul3OE5bqofCJP5pXfeUexCednBn%2Bn2RHC2JuhERa4jSeZx0NLzRUVCbLU2W49PfL91b0TTit1VDSQxWm3dGJk7d48kO7XZa%2FmSy%2B%2BYvcjslnZlVPK%2F0N%2BQVu1zpmdcZ3w19k53QqNz00lgeHXHYSl0rQT0SL638aSCI0ba25wcEiUSUNWNKIf9JV2HInozGqMyUg73BpREL0OenEcxywSjbC5h3fv6QrAiigWPzJbZl825L6A3MZh8,https://i.ebayimg.com/images/g/VAYAAeSwCy1p3oDu/s-l225.jpg
gundam,model_kit,eBay,marketplace,Bandai Hobby GQuuuuuuX Red Gundam HG 1/144 Scale Model Kit,26.69,0.0,False,USD,New,https://www.ebay.com/itm/136393533074?_skw=gundam&hash=item1fc1b02692:g:FxQAAeSwHrZqiWHD&amdata=enc%3AAQALAAAA4ACCtXRWQnOEpyOqnQQ8KGartwuJ7P7Gc3W45WQAjijWND00zQl2v3K366sjxiQvfdEibM888AWdQomJ%2B2HSxbDVOAKJQizZaC5ijKMbG7BTbSvlGEE%2FbELdzVgSnlwEwhB5XCNPnORgFgB27K%2FaFYEQ0WSV6AQc27UHjjW8T3nSIhCLyHHmjTZBiUhuyLMPRtXRW4%2F5W%2BhN9JAwmb1Pxr6%2BaL2FAFrVAk14%2BIZP0GiOxYAOWQRmRHMNDvOHK4Oop8lhMjTahLbxK9MRR2m%2Frt%2FsazAVRZTvJu54MVcbuQ81,https://i.ebayimg.com/images/g/FxQAAeSwHrZqiWHD/s-l225.jpg
gundam,model_kit,eBay,marketplace,G-Line Standard Armor RX-81ST HG 1/144 Assembly Model Kit Toys Gifts,12.99,0.0,False,USD,New,https://www.ebay.com/itm/137435108824?_skw=gundam&hash=item1fffc555d8:g:IEQAAeSwK8pqNkkN&amdata=enc%3AAQALAAAA4ACCtXRWQnOEpyOqnQQ8KGbByIZagthVPbl5qfx7r6RoJE7moukXHo0G8U61x%2FqGmOfSuIROtHzfidN%2FH3dMQEOHAwOWRgU0bbqXQazZGAMqTVzBJX%2FZmBwBtLNUtF6snbkn1V9aemtbO9JqEF0wZtpD7guvN08DrMXrMot3A2%2BoLLl95sEVywvBs%2FGG%2BNDBgLRfues37EXNk%2BoWJ9nefOnqXXdHrZ8V8dEcUpEGEhl%2BmT%2FwAYq%2Bl4SjYNrk5W%2FmmHdh8bx4WMVrd7qaQhaAa4qjndcE5x2kCbv0zlke%2Flfj,https://i.ebayimg.com/images/g/IEQAAeSwK8pqNkkN/s-l225.jpg
gundam,model_kit,eBay,marketplace,Bandai Mobile Suit Ensemble 23 Gundam Capsule Toy Assembly Model Kits Gift HOT,12.99,6.99,False,USD,New,https://www.ebay.com/itm/407129681839?_skw=gundam&hash=item5ecad1efaf:g:7jAAAeSwXRhqdzgC&amdata=enc%3AAQALAAAA4ACCtXRWQnOEpyOqnQQ8KGbFDBEf1WYbdaON2PawBpzuAtO7lpHOSeQ6HX5x%2BlcFMnfpCY%2F4jTgTSFETe1s3ymIhaxo9QJd%2BkCMkSjkIOGd3lW3DtnNyCoCwxQIXC1iWk4EFm3AOJEBhAW97pDQt6WCsWMBNyp%2FhF2zbCz6dFF3YTSY46V2hzHXlcKoTQoWNeBgQV28%2B0YWIy4g7%2B%2Bm9ZPMAKt%2BJNI8YRqd0TjGqhfKWPvYQD10MNkpcDx9WEZBRL5y%2FKpVEDUSzDM5hGCPFgpbgmFxIjJeMqR78dtW1bzwz,https://i.ebayimg.com/images/g/7jAAAeSwXRhqdzgC/s-l225.jpg
gundam,model_kit,eBay,marketplace,NEW Mobile Suit Gundam Hathaway's Flash Blu-ray + Booklet with English subtitles,38.89,8.0,False,USD,Brand New,https://www.ebay.com/itm/178185346251?_skw=gundam&hash=item297cac9ccb:g:0~IAAeSwxX9qHlPD&amdata=enc%3AAQALAAAA4ACCtXRWQnOEpyOqnQQ8KGbLK6zdBIJNYck3QSLFXtYMT5z%2F0AB8mBbmI2aTSpOLiwiCPhvt%2FxowF1xwEQDF0qvR7IAlttxtq57ZXndgWKG4RdB5EXmffPndya423qZC3%2FIWV5cu8hZw7U0ZcitlY%2BON8%2BFY%2BD83t7iBJBI1Dlk8RdVrd9b0cVQOTaDQTVMVKfvKMsNMB%2BpAYANHjJ3G0TYSTM7p81FXJcVJvSJJwapjMbLzXtsd3j56Hn4DVblRkzLa4iBozClimv0Itdu1FNFrDWsF9%2BRDDxObO8iTKtrX,https://i.ebayimg.com/images/g/0~IAAeSwxX9qHlPD/s-l225.jpg
gundam,cards,eBay,marketplace,GUNDAM CARD GAME Dual Impact GD02 Sealed BOX in Japanese Bandai NEW,58.03,0.0,False,USD,New/Factory Sealed,https://www.ebay.com/itm/227035116082?_skw=gundam&hash=item34dc58f232:g:OZoAAeSwU6po~wlK&amdata=enc%3AAQALAAAA4ACCtXRWQnOEpyOqnQQ8KGavLJCqPfermRVnrp5P337fu%2BHtrgLj9lqPUDvoPUBD22HQEIaz1drvd9nmLzwey2snZkIiZOdmbLPkA70KuyADj8U9ZGcwK3NJTkd7hBP%2FH5D4ypRi87csaUb3Blkm1NlnJmoP3gOKRhJQMntQv8K2D5F%2BgWV5NSqJJg86eLxj6kVCnY1IZ1h%2BoIza3%2BZ7pdRc7qwWwkwc%2BZjpRwH1iH5Vxb9%2FBzxuvSG5CyZg6jZCZ4Hmz%2FzlgC5FSkf%2FF1I3Xh%2BAq1uaXUy%2BR8Z2zeVWbTy7,https://i.ebayimg.com/images/g/OZoAAeSwU6po~wlK/s-l225.jpg
gundam,model_kit,eBay,marketplace,Bandai Hobby The Witch From Mercury Gundam Aerial HG 1/144 Scale Model Kit,19.95,0.0,False,USD,New,https://www.ebay.com/itm/147106937892?_skw=gundam&hash=item224041bc24:g:feEAAeSwPgVqiaLu,https://i.ebayimg.com/images/g/feEAAeSwPgVqiaLu/s-l225.jpg
gundam,cards,eBay,marketplace,Gundam Deathscythe  - GD01-025 NM - Gundam TCG Card Game,3.8,0.0,False,USD,Ungraded,https://www.ebay.com/itm/147467469427?_skw=gundam&hash=item2255bf0273:g:mXMAAeSwimlqaPjK,https://i.ebayimg.com/images/g/mXMAAeSwimlqaPjK/s-l225.jpg
gundam,model_kit,eBay,marketplace,Bandai Gundam HGUC MS-14A Mass Production Gelgoog Cannon HG 1/144 Kit USA Seller,29.45,0.0,False,USD,New,https://www.ebay.com/itm/137607195679?_skw=gundam&hash=item200a072c1f:g:BqsAAeSwguZqiWH5,https://i.ebayimg.com/images/g/BqsAAeSwguZqiWH5/s-l225.jpg
gundam,cards,eBay,marketplace,Gundam Card Game Official Card Sleeves - Shinning Gundam vs Master Gundam Sealed,31.99,0.0,False,USD,Ungraded,https://www.ebay.com/itm/398289975509?_skw=gundam&hash=item5cbbeeb8d5:g:6s0AAeSw0hNqgNZq,https://i.ebayimg.com/images/g/6s0AAeSw0hNqgNZq/s-l225.jpg
gundam,model_kit,eBay,marketplace,Bandai Hobby Build Fighters #03 HGBF Gundam X Maoh HG 1/144 Model Kit,33.95,0.0,False,USD,New,https://www.ebay.com/itm/147452014553?_skw=gundam&hash=item2254d32fd9:g:uSYAAeSw7BNqhcnG,https://i.ebayimg.com/images/g/uSYAAeSw7BNqhcnG/s-l225.jpg
gundam,cards,eBay,marketplace,GUNDAM CARD GAME - Starter Deck Zeon's Rush ST03 - English Version - Brick Only,39.99,,False,USD,Open Box/Used,https://www.ebay.com/itm/336749599965?_skw=gundam&hash=item4e67d71cdd:g:KuUAAeSw3vtqhNtC,https://i.ebayimg.com/images/g/KuUAAeSw3vtqhNtC/s-l225.jpg
gundam,cards,eBay,marketplace,Gundam Card Game Deck Build Box Freedom Ascension BRAND NEW!^,69.99,0.0,False,USD,New/Factory Sealed,https://www.ebay.com/itm/227475950084?_skw=gundam&hash=item34f69f8a04:g:wOYAAeSwwhdqf0wV,https://i.ebayimg.com/images/g/wOYAAeSwwhdqf0wV/s-l225.jpg
gundam,model_kit,eBay,marketplace,"#42 Shining Gundam ""G Gundam"", Bandai  Hobby RG 1/144 Model Kit",43.0,0.0,False,USD,New,https://www.ebay.com/itm/127883993852?_skw=gundam&hash=item1dc67ae2fc:g:a-MAAeSwh5VqEqoY,https://i.ebayimg.com/images/g/a-MAAeSwh5VqEqoY/s-l225.jpg
gundam,model_kit,eBay,marketplace,#19 Gundam Astaroth,15.0,0.0,False,USD,New,https://www.ebay.com/itm/177706640936?_skw=gundam&hash=item2960242628:g:CdsAAeSw4PlqO~FI,https://i.ebayimg.com/images/g/CdsAAeSw4PlqO~FI/s-l225.jpg
gundam,model_kit,eBay,marketplace,Bandai PB FW Gundam Converge Core DESTINY GUNDAM SPECII & ZEUS SILHOUETTE SET,79.99,8.0,False,USD,New,https://www.ebay.com/itm/800395096977?_skw=gundam&hash=itemba5b43f391:g:Jo8AAeSwvw1qYjDq&amdata=enc%3AAQALAAAA4ACCtXRWQnOEpyOqnQQ8KGZrH3dyqZ%2By%2FASbMjtKp9uOUSoY69FsKmUuowthculkasHg%2Fufk4eLiBBIgthErFlFTNhGujJVBjlheNyQZZmVpgAXkCtd%2BdRzBQt%2BL3tyuPSg60X3sVFeRP6UIoYG8CPmMtXt37g2qGMb8cILRwlLf1NowFuEgXY9iGZs4UJbF1yUQu4otEdlfqoeqD4Nf65VkhDW2tk7RA2UW5HjGGi9RTLt0iSi%2BPKscVcsEU33WJYWmBeonpG1amMYUBYiWdY1yOrsYUXiDKP5fKIL0Rien,https://i.ebayimg.com/images/g/Jo8AAeSwvw1qYjDq/s-l225.jpg
gundam,model_kit,eBay,marketplace,Bandai Hobby HGUC #86 RX-93 Nu Gundam HG 1/144 Model Kit USA Seller,36.95,0.0,False,USD,New,https://www.ebay.com/itm/147398461942?_skw=gundam&hash=item2251a209f6:g:wfIAAeSw0BpqiQ-x&amdata=enc%3AAQALAAAA4ACCtXRWQnOEpyOqnQQ8KGb2Ixxepv%2BHIguDKlKsMJ3dCgkaKoxrC%2FX1YNnt9fXc88aqaavVe%2F7PXzRmaslMWOlMf6gcGbY%2FwZQUV56NS5tBXJHy%2FYAxZ%2Fv%2BXvuR6%2F2B9J5gmwgmF0AUXJGRej8fKeP1P5DNohRgSWte3uMch6P2NO5clshLYnlilJYvAf55TqXHMZtbVv8Epg7j4jygn2VFrz6kK0XSav9fQ26%2FvEOrEH15vv4y00DnAjDz0iKEsWCzVRR1WHfmysLRZn1icMlGWwV1z60GKlcDvkAjreyi,https://i.ebayimg.com/images/g/wfIAAeSw0BpqiQ-x/s-l225.jpg
gundam,model_kit,eBay,marketplace,Bandai Hobby Aile Strike Gundam Real Grade RG 1/144 Scale Model Kit USA Seller,35.95,0.0,False,USD,New,https://www.ebay.com/itm/137568080784?_skw=gundam&hash=item2007b25390:g:QV0AAeSweY5qh4Qi&amdata=enc%3AAQALAAAA4ACCtXRWQnOEpyOqnQQ8KGYKNZvLy4CwLfHlxEk3l2w0RWB5bFTptHDTP7quwbp%2BZVZXNvIoVaq8owES2OwWJsH0l97LR%2B2bSxBnOOQTEQYJYB0PXTSHfvKnPFqI7QS%2FcSp6cjLJcwpuNEUg7jBuaEMTMWR0OOq5sqprsdL8zvaMNOhoC7gnoGbOjQ7E4G0N1nOhFXVyFq9BVxdPoljLVmtYQxrMduQOMa89hM3LQuNVwbguO5EV7gvhANEocfZCsSp50khzV7s4gMho52OUvSQk1ln14BUgrC6g5g9QsfW0,https://i.ebayimg.com/images/g/QV0AAeSweY5qh4Qi/s-l225.jpg
gundam,model_kit,eBay,marketplace,Mobile Suit Gundam G-Frame FA The 08th MS Team (Individual Selection),36.0,,False,USD,New,https://www.ebay.com/itm/307128733934?_skw=gundam&hash=item47824c90ee:g:4LQAAeSwCQJqgQS4,https://i.ebayimg.com/images/g/4LQAAeSwCQJqgQS4/s-l225.jpg
gundam,model_kit,eBay,marketplace,"#1 Gundam Exia Gundam 00, Bandai Hobby HG 00",18.0,0.0,False,USD,New,https://www.ebay.com/itm/187571438526?_skw=gundam&hash=item2bac2103be:g:KQcAAeSwBO5qO~Hh,https://i.ebayimg.com/images/g/KQcAAeSwBO5qO~Hh/s-l225.jpg
gundam,cards,eBay,marketplace,Gundam Booster Box Acrylic Display Case Magnetic Lid UV Protection - US seller,23.74,0.0,False,USD,New,https://www.ebay.com/itm/397952602002?_skw=gundam&hash=item5ca7d2cf92:g:p54AAeSwKzJqB20Q,https://i.ebayimg.com/images/g/p54AAeSwKzJqB20Q/s-l225.jpg
gundam,model_kit,eBay,marketplace,BANDAI BB THE GUNDAM BASE LIMITED UNICORN GUNDAM PERFECTIBILITY US Seller New,45.0,,False,USD,New,https://www.ebay.com/itm/137649605833?_skw=gundam&hash=item200c8e4cc9:g:In4AAeSwUjRqiaCq,https://i.ebayimg.com/images/g/In4AAeSwUjRqiaCq/s-l225.jpg
gundam,model_kit,eBay,marketplace,Bandai Hobby Gundam SEED Freedom Mighty Strike Freedom Gundam HG 1/144 Model Kit,33.95,0.0,False,USD,New,https://www.ebay.com/itm/136934597829?_skw=gundam&hash=item1fe1f024c5:g:xjgAAeSwEU1qh3c9,https://i.ebayimg.com/images/g/xjgAAeSwEU1qh3c9/s-l225.jpg
gundam,model_kit,eBay,marketplace,"MOBILE FIGHTER G-GUNDAM: DVD COMPLETE SERIES, Episode 1-49- English Dub",44.99,0.0,False,USD,Like New,https://www.ebay.com/itm/128035157315?_skw=gundam&hash=item1dcf7d7543:g:RHoAAeSwySZpZcnY,https://i.ebayimg.com/images/g/RHoAAeSwySZpZcnY/s-l225.jpg
gundam,model_kit,eBay,marketplace,"MS-14S CHARS GELGOOG Ver 2.0, Bandai Hobby MG",61.0,0.0,False,USD,New,https://www.ebay.com/itm/188555189279?_skw=gundam&hash=item2be6c3dc1f:g:~ygAAeSwj-dqO~Fr,https://i.ebayimg.com/images/g/~ygAAeSwj-dqO~Fr/s-l225.jpg
gundam,model_kit,eBay,marketplace,Bandai Hobby Gundam Haropla Haro Pla 02 Haro Basic Green New Ver. Model Kit USA,18.0,0.0,False,USD,New,https://www.ebay.com/itm/376588636242?_skw=gundam&hash=item57ae6e9052:g:WdYAAeSwt~Bo3Mla,https://i.ebayimg.com/images/g/WdYAAeSwt~Bo3Mla/s-l225.jpg
gundam,model_kit,eBay,marketplace,Bandai HG 1/144 Stargazer Gundam,20.99,5.99,False,USD,New,https://www.ebay.com/itm/198404217305?_skw=gundam&hash=item2e31d019d9:g:bbEAAeSwvqtqMGtx,https://i.ebayimg.com/images/g/bbEAAeSwvqtqMGtx/s-l225.jpg
gundam,model_kit,eBay,marketplace,HG 1/144 Mighty Strike Freedom Gundam Assembly Model Kit Action Figure Toy Gift,13.99,0.0,False,USD,New,https://www.ebay.com/itm/206177136369?_skw=gundam&hash=item30011d6ef1:g:v~UAAeSwcVRpyil4,https://i.ebayimg.com/images/g/v~UAAeSwcVRpyil4/s-l225.jpg
gundam,model_kit,eBay,marketplace,Bandai HG 1/144 Gundam Gusion,16.99,5.99,False,USD,New,https://www.ebay.com/itm/198579026316?_skw=gundam&hash=item2e3c3b798c:g:h3EAAeSwRUZqh2~S,https://i.ebayimg.com/images/g/h3EAAeSwRUZqh2~S/s-l225.jpg
gundam,model_kit,eBay,marketplace,"#59 Dom/Rick-Dom Mobile Suit Gundam, Bandai Hobby HGUC 1/144",24.0,0.0,False,USD,New,https://www.ebay.com/itm/187571438531?_skw=gundam&hash=item2bac2103c3:g:lIsAAeSwMPVqO~Gv,https://i.ebayimg.com/images/g/lIsAAeSwMPVqO~Gv/s-l225.jpg
gundam,model_kit,eBay,marketplace,HG 1/144 Gundam Lfrith Jiu XGF-01 The Witch From Mercury Model Kit Figure Toy,24.99,0.0,False,USD,New,https://www.ebay.com/itm/298469443094?_skw=gundam&hash=item457e2a4616:g:XnQAAeSwCOdqROJc&amdata=enc%3AAQALAAAA4ACCtXRWQnOEpyOqnQQ8KGb0YMMjq1rt0DoIUk3kV7kqEuBiiuOAfQ%2BGygpW8eVsglClVF341wo616YviRCJriMq3nOlGcwz2nGjSvH8f2iSFTGjDc1zo16TJ9Ccgu%2FWcbPzy6SSCvXLsuiAyOwF7tlsMjoQ8cNRlkjzw3N3yMx6cPEtHegXv%2BGhq8RsVyRUzAwv9tm0w2kj0MSb3u1VUnJ27a6CPurRoSPprYLr8Pc4V8hzvoP1rLlcluY4yhmis0QhT9CjYyHVJ68%2Fpwlkx2jZY5tPFLVt%2FYRhZmVSjwLj,https://i.ebayimg.com/images/g/XnQAAeSwCOdqROJc/s-l225.jpg
gundam,cards,eBay,marketplace,Gundam Card Game: Gundam Assemble Premium Collection Set - GQuuuuuuX PC02A,35.99,6.0,False,USD,New,https://www.ebay.com/itm/327262150519?_skw=gundam&hash=item4c32581f77:g:81AAAeSwHflqV3F8&amdata=enc%3AAQALAAAA4ACCtXRWQnOEpyOqnQQ8KGbTYpuXg4i3EzuFHSKyCk0f%2F6pQTMMvdaZPSAKPmSA2mZKZMM3fSXm5Efrd7k0CBrFmt5%2FUuXhkfLbMmuJFkFt%2F09PgYip4TvEA38%2B%2F0LjGJ9PpVXU1gjTrJ9ZjxCSkyUd135jbbnn3kCZPXWNzMm4Vjadh5PUrWsD0bWbg4TQJwXWScW%2BfpH9xCeuRzTtqt3n9VJuB2NgTIxyEY243j0Ag%2F7xrxod0uDcIC3%2Bj77fBshSFLqR0geLXlIdutvjQigy4QZ6g5rdMght08YpiJnNp,https://i.ebayimg.com/images/g/81AAAeSwHflqV3F8/s-l225.jpg
gundam,model_kit,eBay,marketplace,"#33 Gundam Barbatos Lupus Rex Gundam IBO, Bandai Hobby HG IBO 1/144",20.0,0.0,False,USD,New,https://www.ebay.com/itm/177706640889?_skw=gundam&hash=item29602425f9:g:P3MAAeSwSX9qO~Fu,https://i.ebayimg.com/images/g/P3MAAeSwSX9qO~Fu/s-l225.jpg
gundam,cards,eBay,marketplace,Barbatos EX Base P EXBP-023 Starter Campaign Pack Gundam Card Game Japanese,4.65,0.0,False,USD,Ungraded,https://www.ebay.com/itm/397711856469?_skw=gundam&hash=item5c99795355:g:mdUAAeSw65BqaBqA,https://i.ebayimg.com/images/g/mdUAAeSw65BqaBqA/s-l225.jpg
gundam,model_kit,eBay,marketplace,"#78 MSN-04 Acguy Mobile Suit Gundam, Bandai Hobby HGUC",20.0,0.0,False,USD,New,https://www.ebay.com/itm/187571438544?_skw=gundam&hash=item2bac2103d0:g:g84AAeSwbyJqO~FA,https://i.ebayimg.com/images/g/g84AAeSwbyJqO~FA/s-l225.jpg
gundam,cards,eBay,marketplace,Shining Finger U (GD05-120) - Freedom Ascension GD05 - Gundam TCG NM,1.49,0.0,False,USD,Ungraded,https://www.ebay.com/itm/398240301152?_skw=gundam&hash=item5cb8f8c060:g:RTAAAeSwINxqbrN2,https://i.ebayimg.com/images/g/RTAAAeSwINxqbrN2/s-l225.jpg
gundam,model_kit,eBay,marketplace,"#26 RX-78-02 Gundam Gundam The Origin, Bandai Hobby HG The Origin 1/144",31.0,0.0,False,USD,New,https://www.ebay.com/itm/187876405694?_skw=gundam&hash=item2bbe4e71be:g:~dkAAeSwS9pqO~GM,https://i.ebayimg.com/images/g/~dkAAeSwS9pqO~GM/s-l225.jpg
gundam,model_kit,eBay,marketplace,Bandai HG After War Gundam X 1/144 Gundam Leopard Model Kit Action Figure Japan,59.99,0.0,False,USD,New,https://www.ebay.com/itm/800481552978?_skw=gundam&hash=itemba606b2a52:g:fCIAAeSwUiNqeFk2,https://i.ebayimg.com/images/g/fCIAAeSwUiNqeFk2/s-l225.jpg
gundam,model_kit,eBay,marketplace,NEW MOBILE SUIT GUNDAM The 08th MS Team Blu-ray U.C. Libraries subtitle English,128.89,22.0,False,USD,Brand New,https://www.ebay.com/itm/178115600117?_skw=gundam&hash=item2978845ef5:g:AUcAAeSwkxVp~W9f&amdata=enc%3AAQALAAAA4ACCtXRWQnOEpyOqnQQ8KGbT690LFqeJhlD%2BPnsHG2Exr4s3BiWUliIWxTtFK1sLz%2BOcqfLW0Ju8f5JwKGZEF07JwjV0Ng6XLQBvxCVt6oHW441DgGy4kOs251CHB%2FYaOqUPpSRyXzSXXLZ%2F6Z0V%2BiGt00r8Wd%2FNZLyKGpne%2BPo3F%2FwssoCqIJYcND4qOBxdVUYeqPCrP7ORjHQltVU%2FnteVky3R0Jq6rF%2FP9y%2FxYJjX9zwC%2BPt2JZIRPArzW8qmWQfcYVptNYmTHTv9TPK%2FsVzuJePPXFpKVe3woywKCaut,https://i.ebayimg.com/images/g/AUcAAeSwkxVp~W9f/s-l225.jpg
gundam,model_kit,eBay,marketplace,Bandai RG 1/144 Gundam Epyon Gundam Wing Model Kit,58.99,0.0,False,USD,New,https://www.ebay.com/itm/227483232273?_skw=gundam&hash=item34f70ea811:g:HtoAAeSwA6tqeKl2,https://i.ebayimg.com/images/g/HtoAAeSwA6tqeKl2/s-l225.jpg
gundam,model_kit,eBay,marketplace,HG 1/144 Gundam Deathscythe Hell Assembly Model Kit Action Figure Toy Gift,13.38,0.0,False,USD,New,https://www.ebay.com/itm/206184457254?_skw=gundam&hash=item30018d2426:g:blUAAeSw~Rlpzjuv,https://i.ebayimg.com/images/g/blUAAeSw~Rlpzjuv/s-l225.jpg
gundam,cards,eBay,marketplace,Gundam Epyon LR+ GD02-002 Dual Impact Gundam Card Game Japanese,37.9,0.0,False,USD,Ungraded,https://www.ebay.com/itm/397198880074?_skw=gundam&hash=item5c7ae5ed4a:g:H~MAAeSwEM5qaBpY,https://i.ebayimg.com/images/g/H~MAAeSwEM5qaBpY/s-l225.jpg
gundam,model_kit,eBay,marketplace,Bandai Gundam HGUC LM312V04 Victory Gundam HG 1/144 Scale Model Kit USA Seller,21.95,0.0,False,USD,New,https://www.ebay.com/itm/137543796896?_skw=gundam&hash=item20063fc8a0:g:wMsAAeSwX4xqiRir,https://i.ebayimg.com/images/g/wMsAAeSwX4xqiRir/s-l225.jpg
gundam,model_kit,eBay,marketplace,Gundam Astray Gold Frame Amatsu (U+) - Eternal Nexus (EB01),12.0,,False,USD,Ungraded,https://www.ebay.com/itm/407162849727?_skw=gundam&hash=item5ecccc09bf:g:U6AAAeSwJFFqiaSd,https://i.ebayimg.com/images/g/U6AAAeSwJFFqiaSd/s-l225.jpg
gundam,cards,eBay,marketplace,Gundam Card Game PB02 Sealed Iron-Blooded Orphans ENGLISH,179.99,,False,USD,New,https://www.ebay.com/itm/188549119134?_skw=gundam&hash=item2be6673c9e:g:cC4AAeSwh8lqOiIM,https://i.ebayimg.com/images/g/cC4AAeSwh8lqOiIM/s-l225.jpg
gundam,model_kit,eBay,marketplace,Bandai Osaka Expo2025 RX-78F00/E Gundam EX-001 Glass Feather 1/144 Model Kit USA,42.95,0.0,False,USD,New,https://www.ebay.com/itm/147494555916?_skw=gundam&hash=item22575c510c:g:d3QAAeSwzbZqiVEp,https://i.ebayimg.com/images/g/d3QAAeSwzbZqiVEp/s-l225.jpg
gundam,model_kit,eBay,marketplace,Bandai RG 1/144 MS-06S Zaku II Hatsune Miku Ver. Limited Gundam Model Kit NEW,89.99,0.0,False,USD,New,https://www.ebay.com/itm/206478840076?_skw=gundam&hash=item301319110c:g:XcYAAeSwfE5qcrLW,https://i.ebayimg.com/images/g/XcYAAeSwfE5qcrLW/s-l225.jpg
gundam,model_kit,eBay,marketplace,BANDAI Hobby SD BB #373 Legend Musha Gundam Model Kit 176488 US Seller USA,19.95,0.0,False,USD,New,https://www.ebay.com/itm/147489377871?_skw=gundam&hash=item22570d4e4f:g:XC8AAeSwZPBqhfxm&amdata=enc%3AAQALAAAA4ACCtXRWQnOEpyOqnQQ8KGbtSwoJA%2Bh%2FtZQVpuz3TcsKosRDMoZvB2pTrA9e2xONMPEdVrLJaIHysXviECSyGnR97%2BFFs5hEAwhgRrUvhyZf1ZxKMMRBpT%2BruR2CL%2BTvxYtubad8o5K8Y3o4DPKxgsw9x8qB%2FjYwtaB7xV8VuekMYWRmGzBTlaELcQlIOMOYn%2FeO5Wh7fwYVORlkPQ5Qvzn5o6PSvuYBpIIESKzaGT2UrBBP3reTM%2B3R2H5n9XHFxlPoqEGAGYAjDC0GcfjVfe8L6yEIXkJK7XKCOcw4eQ9d,https://i.ebayimg.com/images/g/XC8AAeSwZPBqhfxm/s-l225.jpg
gundam,model_kit,eBay,marketplace,Bandai Hobby The Witch From Mercury Gundam Aerial Full Mechanics 1/100 Model Kit,53.95,0.0,False,USD,New,https://www.ebay.com/itm/137596417639?_skw=gundam&hash=item200962b667:g:QEwAAeSwIR1qhZPm&amdata=enc%3AAQALAAAA4ACCtXRWQnOEpyOqnQQ8KGaH4bQVkhhAqW13WFRt%2FUDwMCoyuqn62PSIVhhQiqVDnX%2BiSb049Rcjw647tMDYaT0FsZlbIMvFD5wB5VxOPHec%2FyJS1hcQ7RvDbFIqbA0PhGtKTFibrirARVxgCsU%2FYwx1UVwSJOleyscVjAlBhX6hQLBH7GV2ZyIubXyBMYpstm1jXAad2MIld2twGuUHfxL8J%2FGb0CZSh%2FFy4%2BPwHg5WBs1gkNaVoa3tfbQaxEe6YaA9WbFrEFADUW0sGHfuKlS78ta7YYeHdsWjrT5jzEx9,https://i.ebayimg.com/images/g/QEwAAeSwIR1qhZPm/s-l225.jpg
gundam,model_kit,USA Gundam Store,retailer,Shenma Model 1/100 Blue Knight Rising Freedom Gundam,74.99,,,USD,New,https://www.usagundamstore.com/products/shenma-model-1-100-blue-knight-rising-freedom-gundam,https://cdn.shopify.com/s/files/1/0727/8355/files/download-2026-06-21T105325.102_600x600.png?v=1782053975
gundam,model_kit,USA Gundam Store,retailer,RG 1/144 #40 RX-78-2 Gundam (Ver. 2.0),40.99,,,USD,New,https://www.usagundamstore.com/products/rg-1-144-40-rx-78-2-2-0-gundam,https://cdn.shopify.com/s/files/1/0727/8355/files/193_6113_o_1i4gomn3olds18kk1m6717nd1rp23q_600x600.jpg?v=1762283273
gundam,model_kit,USA Gundam Store,retailer,RG 1/144 #37 Burning Gundam,49.99,,,USD,New,https://www.usagundamstore.com/products/rg-1-144-37-god-gundam,https://cdn.shopify.com/s/files/1/0727/8355/products/153_5028_o_1g9u42c8e1fmriirah01nsnavb23_600x600.jpg?v=1762275873
gundam,model_kit,USA Gundam Store,retailer,HGGQ 1/144 #12 White Gundam,27.99,,,USD,New,https://www.usagundamstore.com/products/hggq-1-144-white-gundam,https://cdn.shopify.com/s/files/1/0727/8355/files/lSFTOLe2QJTj2oPN_60ef9324-9c3d-486c-b94f-eec04790a238_600x600.jpg?v=1764614567
gundam,model_kit,USA Gundam Store,retailer,RG 1/144 #42 Shining Gundam,42.99,,,USD,New,https://www.usagundamstore.com/products/rg-1-144-41-rg-1-144-shining-gundam,https://cdn.shopify.com/s/files/1/0727/8355/files/conuS7erzRJNtRt0_600x600.jpg?v=1762285791
gundam,model_kit,USA Gundam Store,retailer,Entry Grade 1/144 Wing Gundam,11.99,,,USD,New,https://www.usagundamstore.com/products/entry-grade-1-144-wing-gundam,https://cdn.shopify.com/s/files/1/0727/8355/files/Si0mf8QZMUIHzVNM_dce55302-b2e7-4558-990a-ae8fd06f7a12_600x600.jpg?v=1762288463
gundam,model_kit,USA Gundam Store,retailer,RG 1/144 #30 Full Armor Unicorn Gundam,69.99,,,USD,New,https://www.usagundamstore.com/products/rg-1-144-30-full-armor-unicorn-gundam,https://cdn.shopify.com/s/files/1/0727/8355/products/8c7a02e6-472b-4efb-a677-4aa2f0a31b2c_600x600.jpg?v=1762201996
gundam,model_kit,USA Gundam Store,retailer,HGUC 1/144 #215 Moon Gundam,40.99,,,USD,New,https://www.usagundamstore.com/products/hguc-1-144-215-moon-gundam,https://cdn.shopify.com/s/files/1/0727/8355/products/49773cc0-d5ad-46df-81ed-f04e09a6fa62_600x600.jpg?v=1762201882
gundam,model_kit,USA Gundam Store,retailer,HGAC 1/144 #242 Shenlong Gundam,19.99,,,USD,New,https://www.usagundamstore.com/products/hgac-1-144-242-shenlong-gundam,https://cdn.shopify.com/s/files/1/0727/8355/products/157_5100_o_1gc66sdt71hjojunjsk1c4dq0h2n_218f688b-e100-44c9-acbf-f9ee653e09ce_600x600.jpg?v=1762276888
gundam,model_kit,USA Gundam Store,retailer,RG 1/144 #32 RX-93 Nu Gundam,55.99,,,USD,New,https://www.usagundamstore.com/products/rg-1-144-32-rx-93-nu-gundam,https://cdn.shopify.com/s/files/1/0727/8355/products/e43a1a49-cb62-44e9-8bcd-3c4048f4139b_600x600.jpg?v=1762269790
gundam,model_kit,USA Gundam Store,retailer,MG 1/100 Hi-Nu Gundam (Ver. Ka),89.99,,,USD,New,https://www.usagundamstore.com/products/mg-1-100-hi-nu-gundam-ver-ka,https://cdn.shopify.com/s/files/1/0727/8355/products/95c23183-9315-4e13-ba71-02cc508b4bcd_600x600.jpg?v=1762198077
gundam,model_kit,USA Gundam Store,retailer,MGEX 1/100 Strike Freedom Gundam,182.99,,,USD,New,https://www.usagundamstore.com/products/mgex-1-100-strike-freedom-gundam,https://cdn.shopify.com/s/files/1/0727/8355/products/156_5149_o_1gh093slv1tv2e8ooif1c6opp62i_8e614654-4b6c-4869-bba2-9ae4d33307e5_600x600.jpg?v=1762277429
gundam,model_kit,USA Gundam Store,retailer,RG 1/144 #09 Justice Gundam,33.99,,,USD,New,https://www.usagundamstore.com/products/rg-1-144-09-justice-gundam,https://cdn.shopify.com/s/files/1/0727/8355/products/d1f56a41-e423-49c1-a082-4fd058d529fe_600x600.jpg?v=1762198473
gundam,model_kit,USA Gundam Store,retailer,HGCE 1/144 #224 Destiny Gundam (Revive),25.99,,,USD,New,https://www.usagundamstore.com/products/hgce-1-144-224-destiny-gundam-revive,https://cdn.shopify.com/s/files/1/0727/8355/products/hgce-destiny-gundam-revive-01_600x600.jpg?v=1762268947
gundam,model_kit,USA Gundam Store,retailer,PG Unleashed 1/60 Nu Gundam,689.99,,,USD,New,https://www.usagundamstore.com/products/pg-unleashed-1-60-gundam,https://cdn.shopify.com/s/files/1/0727/8355/files/a459c8ea-02ed-4cec-9510-3a6b7ee53e9d_600x600.webp?v=1762288461
gundam,model_kit,USA Gundam Store,retailer,MG 1/100 Zeta Gundam (Ver.Ka),86.99,,,USD,New,https://www.usagundamstore.com/products/mg-1-100-zeta-gundam-ver-ka,https://cdn.shopify.com/s/files/1/0727/8355/products/153_5223_o_1gdplns5j1bml2am1js9bd1jqr23_72f71e81-deca-463c-a40f-ce9e74b5f23e_600x600.jpg?v=1762278822
gundam,model_kit,USA Gundam Store,retailer,RG 1/144 #36 Hi-Nu Gundam,60.99,,,USD,New,https://www.usagundamstore.com/products/rg-1-144-36-hi-v-hi-nu-gundam,https://cdn.shopify.com/s/files/1/0727/8355/products/1ef36ea8-5125-4e3c-805a-07ed0061eab4_600x600.jpg?v=1762273768
gundam,model_kit,USA Gundam Store,retailer,MG 1/100 FXA-05D Super Gundam,53.99,,,USD,New,https://www.usagundamstore.com/products/mg-fxa-05d-super-gundam,https://cdn.shopify.com/s/files/1/0727/8355/files/153_2513_s_pq1n0uxo4e20jy05jh1nfsbrinnu_2a1c7f4c-9cf1-4131-95e2-7979694145bb_600x600.jpg?v=1781898860
gundam,model_kit,USA Gundam Store,retailer,HGCC 1/144 #177 Turn A Gundam,18.99,,,USD,New,https://www.usagundamstore.com/products/hgcc-1-144-177-turn-a-gundam,https://cdn.shopify.com/s/files/1/0727/8355/products/17a333bd-5baa-4fd6-91da-1f71eca5b896_600x600.jpg?v=1762198867
gundam,model_kit,USA Gundam Store,retailer,MG 1/100 Full Armor Gundam,67.99,,,USD,New,https://www.usagundamstore.com/products/mg-1-100-full-armor-gundam,https://cdn.shopify.com/s/files/1/0727/8355/products/12_66127af8-5450-4af2-a53b-741a2956cb98_600x600.jpg?v=1762200940
gundam,model_kit,USA Gundam Store,retailer,MGSD Freedom Gundam,54.99,,,USD,New,https://www.usagundamstore.com/products/mgsd-freedom-gundam,https://cdn.shopify.com/s/files/1/0727/8355/products/153_5206_o_1gmsp1pajm3a1q3910q21o8j3h323_042b642f-3d0f-4380-84e2-53e14c148ab6_600x600.jpg?v=1762278822
gundam,model_kit,USA Gundam Store,retailer,HGCE 1/144 #250 Mighty Strike Freedom Gundam,31.99,,,USD,New,https://www.usagundamstore.com/products/hggs-1-144-hg-mighty-strike-freedom-gundam-gundam-seed-freedom,https://cdn.shopify.com/s/files/1/0727/8355/files/153_6063_o_1huafj5mh24vl875gmm27esd23_41c72a00-c329-47c4-b135-09fa575cb90f_600x600.jpg?v=1762282632
gundam,model_kit,USA Gundam Store,retailer,HGUC 1/144 #49 Psycho Gundam,66.99,,,USD,New,https://www.usagundamstore.com/products/hguc-1-144-49-psycho-gundam,https://cdn.shopify.com/s/files/1/0727/8355/products/d04ef748-bb8a-43c5-819b-216d14386bbe_600x600.jpg?v=1762198687
gundam,model_kit,USA Gundam Store,retailer,HGUC 1/144 #29 Ex-S Gundam,33.99,,,USD,New,https://www.usagundamstore.com/products/hguc-1-144-29-ex-s-gundam,https://cdn.shopify.com/s/files/1/0727/8355/products/9f432bf3-d24b-4ef8-b778-071bbdb89b28_600x600.jpg?v=1762198459
gundam,model_kit,USA Gundam Store,retailer,MG 1/100 Destiny Gundam (Extreme Blast Mode),78.99,,,USD,New,https://www.usagundamstore.com/products/mg-1-100-destiny-gundam-extreme-blast-mode,https://cdn.shopify.com/s/files/1/0727/8355/products/523f4b20-6c93-48ea-90ed-b57b5609acb7_600x600.png?v=1762198067
gundam,model_kit,USA Gundam Store,retailer,HGGQ 1/144 #4 gMS-α Red Gundam,29.99,,,USD,New,https://www.usagundamstore.com/products/hg-1-144-red-gundam,https://cdn.shopify.com/s/files/1/0727/8355/files/OJ4QYP0diK0xnfd5_600x600.jpg?v=1762287186
gundam,model_kit,USA Gundam Store,retailer,RG 1/144 #11 Destiny Gundam,34.99,,,USD,New,https://www.usagundamstore.com/products/rg-1-144-11-destiny-gundam,https://cdn.shopify.com/s/files/1/0727/8355/products/63627d48-cdf8-467f-9da6-a7850a41b8be-removebg_600x600.png?v=1762198353
gundam,model_kit,USA Gundam Store,retailer,RG 1/144 #05 Freedom Gundam,33.99,,,USD,New,https://www.usagundamstore.com/products/rg-1-144-05-freedom-gundam,https://cdn.shopify.com/s/files/1/0727/8355/products/c25337ec-2e5e-4074-8035-56ff544de8c5_600x600.jpg?v=1762198353
gundam,model_kit,USA Gundam Store,retailer,MG 1/100 Freedom Gundam (Ver 2.0),60.99,,,USD,New,https://www.usagundamstore.com/products/mg-1-100-freedom-gundam-ver-2-0,https://cdn.shopify.com/s/files/1/0727/8355/products/3322ad85-8d07-47b5-8a55-fc2df9a9fca8_600x600.jpg?v=1762198719
gundam,model_kit,USA Gundam Store,retailer,HGUC 1/144 #101 RX-0 Unicorn Gundam (Unicorn Mode),19.99,,,USD,New,https://www.usagundamstore.com/products/hguc-1-144-101-rx-0-unicorn-gundam-unicorn-mode,https://cdn.shopify.com/s/files/1/0727/8355/products/d1685cfe-fb0a-448a-8743-beedd81e9f19_600x600.jpg?v=1759252390
gundam,model_kit,USA Gundam Store,retailer,RG 1/144 #01 RX-78-2 Gundam,30.99,,,USD,New,https://www.usagundamstore.com/products/rg-1-144-01-rx-78-2-gundam,https://cdn.shopify.com/s/files/1/0727/8355/products/27d7884d-c254-401f-86be-23d2a83779fc_600x600.jpg?v=1762198536
gundam,model_kit,USA Gundam Store,retailer,MG 1/100 V-Dash Gundam (Ver.Ka),75.99,,,USD,New,https://www.usagundamstore.com/products/mg-lm312v04-v-dash-gundam-ver-ka,https://cdn.shopify.com/s/files/1/0727/8355/files/1000092377_1_9b3963a3-0c26-4472-8f37-38534426c621_600x600.jpg?v=1765471160
gundam,model_kit,USA Gundam Store,retailer,MG 1/100 Wing Gundam (Ver. Ka),40.99,,,USD,New,https://www.usagundamstore.com/products/mg-1-100-wing-gundam-ver-ka,https://cdn.shopify.com/s/files/1/0727/8355/products/34d85331-1fa5-4a8f-a635-c1c056608460_600x600.jpg?v=1762198467
gundam,model_kit,USA Gundam Store,retailer,MG 1/100 Shining Gundam,29.99,,,USD,New,https://www.usagundamstore.com/products/mg-1-100-shining-gundam,https://cdn.shopify.com/s/files/1/0727/8355/products/87d2a3ec-7ff5-4630-a65e-3fbfb0972687_600x600.jpg?v=1762199100
gundam,model_kit,USA Gundam Store,retailer,MG 1/100 Wing Gundam (TV),48.99,,,USD,New,https://www.usagundamstore.com/products/mg-wing-gundam,https://cdn.shopify.com/s/files/1/0727/8355/products/0b4a444a-8152-413f-8b9b-f7e57d81134c_600x600.jpg?v=1762198757
gundam,model_kit,USA Gundam Store,retailer,HGBF 1/144 #07 Sengoku Astray Gundam,24.99,,,USD,New,https://www.usagundamstore.com/products/hgbf-1-144-07-sengoku-astray-gundam,https://cdn.shopify.com/s/files/1/0727/8355/products/29049891-5281-45f5-87e5-942c27941b23_600x600.jpg?v=1762198206
gundam,model_kit,USA Gundam Store,retailer,MG 1/100 RX-0 Full Armor Unicorn Gundam (Ver.Ka),102.99,,,USD,New,https://www.usagundamstore.com/products/mg-1-100-rx-0-full-armor-unicorn-gundam-ver-ka,https://cdn.shopify.com/s/files/1/0727/8355/products/690db7cb-9d7e-4ef4-8c5c-e5f2892a1abd_600x600.jpg?v=1762198188
gundam,model_kit,USA Gundam Store,retailer,HGGBM 1/144 #4 Shin Burning Gundam,33.99,,,USD,New,https://www.usagundamstore.com/products/hg-1-144-god-burning-gundam-hg-1-144-shin-burning-gundam,https://cdn.shopify.com/s/files/1/0727/8355/files/153_5882_o_1hehpl5ib11k0b151bng6d91mth23_b9aa685e-e923-4f70-b3fa-a334b2bff9d5_600x600.jpg?v=1762280601
gundam,model_kit,USA Gundam Store,retailer,RG 1/144 #14 Strike Freedom Gundam,43.99,,,USD,New,https://www.usagundamstore.com/products/rg-1-144-14-strike-freedom-gundam,https://cdn.shopify.com/s/files/1/0727/8355/products/6d6223b5-5757-4915-9e64-b25a1d8b1f0a_600x600.jpg?v=1762198362
gundam,model_kit,USA Gundam Store,retailer,RG 1/144 #10 Zeta Gundam,40.99,,,USD,New,https://www.usagundamstore.com/products/rg-1-144-10-zeta-gundam,https://cdn.shopify.com/s/files/1/0727/8355/products/60f98391-69f0-4cf7-957b-9d5caaa98bc0_600x600.jpg?v=1762198231
gundam,model_kit,USA Gundam Store,retailer,MG 1/100 XXXG-01W Wing Gundam (EW),40.99,,,USD,New,https://www.usagundamstore.com/products/mg-1-100-xxxg-01w-wing-gundam-ew-ver,https://cdn.shopify.com/s/files/1/0727/8355/products/153_2717_s_hv9i5s250pk4lcifesezoei0okqb_8dafe70f-e506-4ac4-9061-39f5a7b2020c_600x600.jpg?v=1762198069
gundam,model_kit,USA Gundam Store,retailer,MG PF-78-1 Perfect Gundam,53.99,,,USD,New,https://www.usagundamstore.com/products/mg-pf-78-1-perfect-gundam,https://cdn.shopify.com/s/files/1/0727/8355/products/14231877423_600x600.jpg?v=1762200942
gundam,model_kit,USA Gundam Store,retailer,RG 1/144 #41 ORB-01 Akatsuki Gundam (Oowashi Unit),97.99,,,USD,New,https://www.usagundamstore.com/products/rg-1-144-39-akatsuki-gundam-equipped-with-owashi,https://cdn.shopify.com/s/files/1/0727/8355/files/153_6242_o_1iel62jkqqrf12n11bhp1du911um23_600x600.jpg?v=1762283813
gundam,model_kit,USA Gundam Store,retailer,HGUC 1/144 #111 ZZ Gundam,30.99,,,USD,New,https://www.usagundamstore.com/products/hguc-1-144-111-zz-gundam,https://cdn.shopify.com/s/files/1/0727/8355/products/7571d159-7d01-45b5-b2fd-b52cec59e60d_600x600.jpg?v=1762198516
gundam,model_kit,USA Gundam Store,retailer,HG00 1/144 #45 0 Gundam (Type A.C.D. Ver.),17.99,,,USD,New,https://www.usagundamstore.com/products/hg00-1-144-45-0-gundam-type-a-c-d-ver,https://cdn.shopify.com/s/files/1/0727/8355/products/0a20ed22-10b1-459c-9c02-367c5526f936_600x600.jpg?v=1762198403
gundam,model_kit,USA Gundam Store,retailer,HGCE 1/144 #252 Duel Blitz Gundam,31.99,,,USD,New,https://www.usagundamstore.com/products/hgce-1-144-duel-blitz-gundam,https://cdn.shopify.com/s/files/1/0727/8355/files/153_6088_o_1i2t87iscr9o1hfc1g0b1clomgk23_5952c99d-ed67-4a8c-854e-167681fe2ab4_600x600.jpg?v=1762283274
gundam,model_kit,USA Gundam Store,retailer,HGBF 1/144 #40 Lightning Z Gundam,29.99,,,USD,New,https://www.usagundamstore.com/products/hgbf-1-144-040-lightning-z-gundam,https://cdn.shopify.com/s/files/1/0727/8355/products/49e65da3-c64d-4d8b-a9fb-efc11b707b61_600x600.jpg?v=1762198377
gundam,model_kit,USA Gundam Store,retailer,BB295 Blu Duel Gundam,9.99,,,USD,New,https://www.usagundamstore.com/products/bb295-blu-duel-gundam,https://cdn.shopify.com/s/files/1/0727/8355/products/153_2561_s_qvs8pl59548ooq7w02524vh7je3h_600x600.jpg?v=1762278327
gundam,model_kit,USA Gundam Store,retailer,MG 1/100 RX-78-2 Gundam (Ver. Ka),36.99,,,USD,New,https://www.usagundamstore.com/products/mg-1-100-rx-78-2-gundam-ver-ka,https://cdn.shopify.com/s/files/1/0727/8355/files/153_316_s_84qmj44e77vfrla6eo4jtamghypq_fbde4072-f3b5-49a0-b58a-a821e0745ff5_600x600.jpg?v=1762199200
gundam,model_kit,USA Gundam Store,retailer,HGFC 1/144 #110 GF13-017NJII Burning Gundam,24.99,,,USD,New,https://www.usagundamstore.com/products/hgfc-1-144-110-gf13-017njii-god-gundam,https://cdn.shopify.com/s/files/1/0727/8355/products/f743d0c8-352f-4c98-a31c-3a8d7641bb0b_600x600.jpg?v=1762198761
gundam,model_kit,USA Gundam Store,retailer,HGBF 1/144 #28 Try Burning Gundam,24.99,,,USD,New,https://www.usagundamstore.com/products/hgbf-1-144-try-burning-gundam,https://cdn.shopify.com/s/files/1/0727/8355/files/153_1254_s_mrzc0hvbbmokr52h08yd9yydbcf4_f8c08580-363d-4bc8-bdf3-94408d4bbe0e_600x600.jpg?v=1762198182
gundam,model_kit,USA Gundam Store,retailer,HG 1/144 #41 Strike Noir Gundam,19.99,,,USD,New,https://www.usagundamstore.com/products/hg-1-144-41-strike-noir-gundam,https://cdn.shopify.com/s/files/1/0727/8355/products/s-l500_e3facbd4-b8d7-401f-af2c-ad1900e02b03_600x600.jpg?v=1764881450
gundam,model_kit,USA Gundam Store,retailer,PG 1/60 Strike Freedom Gundam,325.99,,,USD,New,https://www.usagundamstore.com/products/pg-strike-freedom-gundam,https://cdn.shopify.com/s/files/1/0727/8355/files/153_3859_s_fxnmhl45793pioe82adur92h9t57_fd069600-df9c-43bd-bf9b-985a9c39c2d6_600x600.jpg?v=1762198567
gundam,model_kit,USA Gundam Store,retailer,HGUC 1/144 #218 Narrative Gundam (A-Packs),72.99,,,USD,New,https://www.usagundamstore.com/products/hguc-1-144-218-narrative-gundam-a-packs,https://cdn.shopify.com/s/files/1/0727/8355/products/5de6c8f9-aeb4-4b74-a67d-0e98ca5b2650_600x600.jpg?v=1762268519
gundam,model_kit,USA Gundam Store,retailer,SD Gundam Ex-Standard 20 Rising Freedom Gundam,11.99,,,USD,New,https://www.usagundamstore.com/products/sd-gundam-ex-standard-rising-freedom-gundam,https://cdn.shopify.com/s/files/1/0727/8355/files/153_5939_o_1hko1svohkshhd5u7sv111hpu23_8331e32c-77c8-4eb4-b1a1-9c00d6f94ea2_600x600.jpg?v=1762281811
gundam,model_kit,USA Gundam Store,retailer,SD Gundam Cross Silhouette Tornado Gundam,21.99,,,USD,New,https://www.usagundamstore.com/products/sd-gundam-cross-silhouette-tornado-gundam,https://cdn.shopify.com/s/files/1/0727/8355/files/153_5283_s_t6ivht2zrd9d79xevghajaq6qaxj_b5a635ec-ca94-4f26-bb57-7a300c28b4ad_600x600.jpg?v=1762280555
gundam,model_kit,USA Gundam Store,retailer,HGUC 1/144 #189 V2 Assault Buster Gundam,27.99,,,USD,New,https://www.usagundamstore.com/products/hguc-1-144-189-v2-assault-buster-gundam,https://cdn.shopify.com/s/files/1/0727/8355/products/6e19f32b-8d7a-4720-a27c-9c5f20c06873_600x600.jpg?v=1781892004
gundam,model_kit,USA Gundam Store,retailer,MG 1/100 Sengoku Astray Gundam,66.99,,,USD,New,https://www.usagundamstore.com/products/mg-1-100-sengoku-astray-gundam,https://cdn.shopify.com/s/files/1/0727/8355/files/153_1052_s_w14lmnjvb8nyt282jwofqwi93tmz_95193ced-6135-4cd8-8883-9b46d20028aa_600x600.jpg?v=1762198217
gundam,model_kit,USA Gundam Store,retailer,HGCE 1/144 #231 Infinite Justice Gundam,29.99,,,USD,New,https://www.usagundamstore.com/products/hgce-1-144-231-infinite-justice-gundam,https://cdn.shopify.com/s/files/1/0727/8355/products/f2755436-c3e2-4b82-a68c-d5d28f0b0d60_600x600.jpg?v=1762271465
gundam,model_kit,USA Gundam Store,retailer,MG 1/100 Sword Impulse Gundam,60.99,,,USD,New,https://www.usagundamstore.com/products/mg-1-100-sword-impulse-gundam,https://cdn.shopify.com/s/files/1/0727/8355/products/a4a242e1-e123-4174-8334-9761b6fb26ec_600x600.jpg?v=1762198152
gundam,model_kit,USA Gundam Store,retailer,SD Gundam EX-Standard 005 RX-0 Unicorn Gundam (Destroy Mode),11.99,,,USD,New,https://www.usagundamstore.com/products/sd-ex-standard-005-rx-0-unicorn-gundam-destroy-mode,https://cdn.shopify.com/s/files/1/0727/8355/products/2daa1ee2-9cf9-4e4d-b7ad-b4a82c7b9d64_600x600.jpg?v=1762198631
gundam,model_kit,USA Gundam Store,retailer,MG 1/100 Victory 2 Gundam (Ver. Ka),60.99,,,USD,New,https://www.usagundamstore.com/products/pre-order-mg-1-100-v2-gundam-ver-ka,https://cdn.shopify.com/s/files/1/0727/8355/files/153_1430_s_6xbq4bm02qad2odbnyo92zqoru0f_71e4201e-a86c-4a29-8ee5-762294bc47dd_600x600.jpg?v=1762198568
gundam,model_kit,USA Gundam Store,retailer,HGCE 1/144 #226 Destiny Gundam (Heine Westenfluss Custom),29.99,,,USD,New,https://www.usagundamstore.com/products/hgce-1-144-destiny-gundam-heine-westenfluss-custom,https://cdn.shopify.com/s/files/1/0727/8355/files/153_3241_s_z0jd4h0948ax1chwv15782mrgnt0_600x600.jpg?v=1781812371
gundam,model_kit,USA Gundam Store,retailer,RG 1/144 #25 Unicorn Gundam,50.99,,,USD,New,https://www.usagundamstore.com/products/rg-1-144-25-unicorn-gundam,https://cdn.shopify.com/s/files/1/0727/8355/products/cf69efea-a2c0-4aa6-9072-ae289fca2872_600x600.jpg?v=1762200507
gundam,model_kit,USA Gundam Store,retailer,MG 1/100 Justice Gundam,64.99,,,USD,New,https://www.usagundamstore.com/products/pre-order-mg-1-100-justice-gundam,https://cdn.shopify.com/s/files/1/0727/8355/products/38e05623-1982-4bec-a70a-af5cb946aab0-removebg_600x600.png?v=1762199220
gundam,model_kit,USA Gundam Store,retailer,Gundam Seed Full Mechanics 1/100 Raider Gundam,59.99,,,USD,New,https://www.usagundamstore.com/products/gundam-seed-full-mechanics-1-100-raider-gundam,https://cdn.shopify.com/s/files/1/0727/8355/products/157_5020_s_782i8vqwneersef5ohs0yi0ixw88_627c8467-07fd-4ec3-aeb0-ba4e3da8419f_600x600.jpg?v=1762275871
gundam,model_kit,USA Gundam Store,retailer,Gundam Legend BB370 SD Knight Gundam,13.99,,,USD,New,https://www.usagundamstore.com/products/gundam-legend-bb370-sd-knight-gundam,https://cdn.shopify.com/s/files/1/0727/8355/products/71Z6k9tanKL._SL1500_600x600.jpg?v=1762198875
gundam,model_kit,USA Gundam Store,retailer,HGCE 1/144 #198 Force Impulse Gundam,22.99,,,USD,New,https://www.usagundamstore.com/products/hgce-1-144-198-force-impulse-gundam,https://cdn.shopify.com/s/files/1/0727/8355/products/f7676f54-a010-4cf6-b2cc-6e55111bc95e_600x600.jpg?v=1762198775
gundam,model_kit,USA Gundam Store,retailer,SDBF #30 Star Winning Gundam,16.99,,,USD,New,https://www.usagundamstore.com/products/sdbf-030-star-winning-gundam,https://cdn.shopify.com/s/files/1/0727/8355/products/153_1261_s_gdvz7xtxb83wqccuwtdzs26kd5az_f52e007f-fa81-4ca8-ac94-ff449fcc7a80_600x600.jpg?v=1762198206
gundam,model_kit,USA Gundam Store,retailer,MG 1/100 ZGMF-X20A Strike Freedom Gundam,64.99,,,USD,New,https://www.usagundamstore.com/products/mg-100-zgmf-x20a-gundam-strike-freedom,https://cdn.shopify.com/s/files/1/0727/8355/products/52a8d73b-861e-4365-b8eb-e23736dbadb0_600x600.jpg?v=1762198070
gundam,model_kit,USA Gundam Store,retailer,MG 1/100 Force Impulse Gundam,59.99,,,USD,New,https://www.usagundamstore.com/products/bandai-1-100-mg-master-grade-gundam-seed-force-impulse-gundam-model-kit,https://cdn.shopify.com/s/files/1/0727/8355/products/c15ddd30-c95c-41be-ba43-73164f3f7d86_600x600.png?v=1762197955
gundam,model_kit,USA Gundam Store,retailer,HGCE 1/144 #192 Freedom Gundam (Revive),24.99,,,USD,New,https://www.usagundamstore.com/products/hgce-1-144-192-freedom-gundam-revive,https://cdn.shopify.com/s/files/1/0727/8355/products/6fe87f5f-f578-4035-9f5c-624817f3e4cb_600x600.jpg?v=1762198498
gundam,model_kit,USA Gundam Store,retailer,Gundam Legend BB375 SD Command Gundam,13.99,,,USD,New,https://www.usagundamstore.com/products/gundam-legend-bb375-sd-command-gundam,https://cdn.shopify.com/s/files/1/0727/8355/products/f242ad04-0815-43ae-887a-54df7678a384_1_600x600.jpg?v=1762201746
gundam,model_kit,USA Gundam Store,retailer,HGCE 1/144 #201 Strike Freedom Gundam,28.99,,,USD,New,https://www.usagundamstore.com/products/hgce-1-144-201-strike-freedom-gundam,https://cdn.shopify.com/s/files/1/0727/8355/products/1299fbe8-528a-4d69-9ef5-43730019336c_600x600.jpg?v=1762199004
gundam,model_kit,USA Gundam Store,retailer,Gundam Legend SD Gundam BB373 Musha Gundam,13.99,,,USD,New,https://www.usagundamstore.com/products/gundam-legend-sd-gundam-bb373-musha-gundam,https://cdn.shopify.com/s/files/1/0727/8355/products/51FaR8FvoYL_600x600.jpg?v=1762201547
gundam,model_kit,USA Gundam Store,retailer,MG 1/100 GAT-X105 Aile Strike Gundam (Ver. RM),55.99,,,USD,New,https://www.usagundamstore.com/products/mg-1-100-gat-x105-aile-strike-gundam-ver-rm-remaster,https://cdn.shopify.com/s/files/1/0727/8355/products/8a890ae4-6f96-4798-9a84-b531440412c4_600x600.jpg?v=1762198064
gundam,model_kit,USA Gundam Store,retailer,MG 1/100 Infinite Justice Gundam,66.99,,,USD,New,https://www.usagundamstore.com/products/bandai-1-100-mg-master-grade-infinite-justice-gundam-model-kit-zgmf-x19a-156649,https://cdn.shopify.com/s/files/1/0727/8355/products/8b5af19e-a20f-427b-8a44-918f98ccaa7c_600x600.png?v=1762197958
gundam,model_kit,USA Gundam Store,retailer,SD Gundam EX-Standard 002 Aile Strike Gundam,11.99,,,USD,New,https://www.usagundamstore.com/products/sd-gundam-ex-standard-002-aile-strike-gundam,https://cdn.shopify.com/s/files/1/0727/8355/products/Untitled-42_92714faf-dc5a-499e-bebb-cc4ad9e992d8_600x600.jpg?v=1762198618
gundam,model_kit,USA Gundam Store,retailer,HGBF 1/144 #058 Star Burning Gundam,20.99,,,USD,New,https://www.usagundamstore.com/products/pre-order-hgbf-1-144-star-burning-gundam,https://cdn.shopify.com/s/files/1/0727/8355/files/153_2012_s_7dctg3r543ov0h95g1dsos3erjk0_72ae6d8b-34a9-4f6a-b14c-744e030d639d_600x600.jpg?v=1762200879
gundam,model_kit,USA Gundam Store,retailer,HGCE 1/144 #243 Rising Freedom Gundam,27.99,,,USD,New,https://www.usagundamstore.com/products/bandai-hg-1-144-rising-freedom-gundam-tentative-name,https://cdn.shopify.com/s/files/1/0727/8355/files/153_5937_o_1hko23oi9ick14121p69cko18c523_66c8069c-b82a-4e7b-8166-0ad5e7ba91bb_600x600.jpg?v=1762281802
gundam,model_kit,USA Gundam Store,retailer,SDW Heroes #36 78th Musha Gundam,21.99,,,USD,New,https://www.usagundamstore.com/products/sdw-heroes-36-musha-gundam-the-78th,https://cdn.shopify.com/s/files/1/0727/8355/files/153_5941_s_wjlu3wh38m25sl856ztvbhoee8ed_8d1f6b20-f231-41cb-ad96-ef981eed743d_600x600.jpg?v=1762281689
gundam,model_kit,USA Gundam Store,retailer,RG 1/144 #03 Aile Strike Gundam,33.99,,,USD,New,https://www.usagundamstore.com/products/rg-1-144-03-aile-strike-gundam,https://cdn.shopify.com/s/files/1/0727/8355/products/ce206f39-1cc8-4948-bb3e-922dfa010d89-removebg_600x600.png?v=1762198351
gundam,model_kit,USA Gundam Store,retailer,Gundam SD EX-Standard 009 Destiny Gundam,10.99,,,USD,New,https://www.usagundamstore.com/products/pre-order-ex-standard-009-destiny-gundam,https://cdn.shopify.com/s/files/1/0727/8355/products/153_1815_s_i9j370wqbwajkap5s0t303m15h1b_d10ff823-d824-478f-b026-de4f6eb40623_600x600.jpg?v=1762198712
gundam,model_kit,USA Gundam Store,retailer,HGBF 1/144 #20 Lightning Gundam,20.99,,,USD,New,https://www.usagundamstore.com/products/hgbf-1-144-lightning-gundam,https://cdn.shopify.com/s/files/1/0727/8355/files/153_1195_s_9oj4o57w5bpnql730nt8krjctqt3_6e84cfbd-0b67-4c4d-95eb-59ca9ada7d46_600x600.jpg?v=1762198164
gundam,model_kit,USA Gundam Store,retailer,HGUC 1/144 #165 Victory Gundam,16.99,,,USD,New,https://www.usagundamstore.com/products/hguc-1-144-165-v-gundam,https://cdn.shopify.com/s/files/1/0727/8355/products/71UwICJcaOL._SL1431_600x600.jpg?v=1762198158
gundam,model_kit,USA Gundam Store,retailer,HGFC 1/144 #127 Shining Gundam,19.99,,,USD,New,https://www.usagundamstore.com/products/hgfc-127-shining-gundam-1-144,https://cdn.shopify.com/s/files/1/0727/8355/files/94d741a9-a785-45af-bf8e-c65ad918df61_600x600.webp?v=1762198668
gundam,model_kit,USA Gundam Store,retailer,MG 1/100 ZGMF-X42S Destiny Gundam,64.99,,,USD,New,https://www.usagundamstore.com/products/bandai-mg-512437-gundam-zgmf-x42s-destiny-gundam-1-100-scale-kit,https://cdn.shopify.com/s/files/1/0727/8355/products/d973fa91-11a8-45b9-96bf-c8ae2272ba6d_600x600.jpg?v=1762197960
gundam,model_kit,USA Gundam Store,retailer,SD Gundam EX-Standard 006 Strike Freedom Gundam,11.99,,,USD,New,https://www.usagundamstore.com/products/pre-order-ex-standard-006-strike-freedom-gundam,https://cdn.shopify.com/s/files/1/0727/8355/products/153_1560_s_jwq138edmob8cx9od4knlvs4r2n1_2c464441-c29e-441a-9668-de07ca1bcf6c_600x600.jpg?v=1762198627
gundam,model_kit,USA Gundam Store,retailer,MG 1/100 Launcher and Sword Strike Gundam,60.99,,,USD,New,https://www.usagundamstore.com/products/mg-launcher-amp-sword-strike-gundam,https://cdn.shopify.com/s/files/1/0727/8355/files/153_2585_s_x03c6y6obsm8acivojdjjz7fv329_600x600.jpg?v=1762198524
gundam,model_kit,USA Gundam Store,retailer,HGBF 1/144 #43 Kamiki Burning Gundam,24.99,,,USD,New,https://www.usagundamstore.com/products/hgbf-1-144-43-kamiki-burning-gundam,https://cdn.shopify.com/s/files/1/0727/8355/products/a0bbd6d2-c38f-4e11-8b1d-15e60b5a1cce_600x600.jpg?v=1762198503
gundam,model_kit,USA Gundam Store,retailer,HGUC 1/144 #222 RX-9/C Narrative Gundam (C-Packs),30.99,,,USD,New,https://www.usagundamstore.com/products/hguc-1-144-222-rx-9-c-narrative-gundam-c-packs,https://cdn.shopify.com/s/files/1/0727/8355/products/c1d54d24-9c3d-494b-b2a1-37c062caaa54_600x600.jpg?v=1762268900
gundam,model_kit,USA Gundam Store,retailer,HGUC 1/144 #35 Super Gundam,27.99,,,USD,New,https://www.usagundamstore.com/products/hguc-1-144-35-super-gundam,https://cdn.shopify.com/s/files/1/0727/8355/products/3bc5dc3f-eba9-4b62-bd5c-07b04546aaa1_600x600.jpg?v=1762198380
gundam,model_kit,USA Gundam Store,retailer,SDW Heroes Resurrection #33 Wukong Impulse (Childhood Ver.) &amp; Sanzo Strike Freedom Gundam Set,20.99,,,USD,New,https://www.usagundamstore.com/products/sdw-heroes-33-goku-impulse-gundam-sanzang-strike-freedom-gundam-set,https://cdn.shopify.com/s/files/1/0727/8355/files/153_5864_s_qy2cjfl5elpek0ok2hq770klkywc_7d6ece09-38f9-4602-a67e-70f0db404df0_600x600.jpg?v=1762280946
gundam,model_kit,USA Gundam Store,retailer,SD BB Senshi #227 Super Gundam,10.99,,,USD,New,https://www.usagundamstore.com/products/sd-bb-senshi-227-super-gundam,https://cdn.shopify.com/s/files/1/0727/8355/products/1000075246_1_600x600.jpg?v=1762278795
gundam,model_kit,USA Gundam Store,retailer,SDW Heroes #27 Zhao Yun 00 Gundam (Command Package Ver.),13.99,,,USD,New,https://www.usagundamstore.com/products/sdw-heroes-27-zhao-yun-00-gundam-command-package-ver,https://cdn.shopify.com/s/files/1/0727/8355/products/153_5101_o_1gd2jaihhdum1coiecf1ahd7ko23_12ec74a5-7dcd-4142-8876-20535f8addb3_600x600.jpg?v=1762276907
gundam,model_kit,USA Gundam Store,retailer,SDW Heroes #14 Qiongqi Strike Freedom Gundam,15.99,,,USD,New,https://www.usagundamstore.com/products/sdw-heroes-14-qiongqi-strike-freedom-gundam,https://cdn.shopify.com/s/files/1/0727/8355/products/153_4635_s_h282vyw9ix9nbucz9wbiqdjop5rp_600x600.jpg?v=1762276846
gundam,model_kit,USA Gundam Store,retailer,HGBB 1/144 Blazing Gundam,23.99,,,USD,New,https://www.usagundamstore.com/products/hgbb-1-144-blazing-gundam,https://cdn.shopify.com/s/files/1/0727/8355/products/a20e6a8e-0e27-426e-a11a-983c86429ffc_600x600.jpg?v=1762274530
gundam,model_kit,USA Gundam Store,retailer,HG00 1/144 #37 Seraphim Gundam,14.99,,,USD,New,https://www.usagundamstore.com/products/hg-1-144-37-seraphim-gundam,https://cdn.shopify.com/s/files/1/0727/8355/files/153_1861_o_1bblush84h2kj7t19v6rhh4f523_8c038bff-c749-40ad-80f3-652ef695ca18_600x600.jpg?v=1762198898
gundam,model_kit,USA Gundam Store,retailer,C38 RG HG 1/144 Force Impulse Gundam,4.49,,,USD,New,https://www.usagundamstore.com/products/c38-rg-hg-1-144-force-impulse-gundam,https://cdn.shopify.com/s/files/1/0727/8355/products/06-14-C38RGHGFORCEIMPULSE_2_600x600.jpg?v=1762272306
gundam,model_kit,USA Gundam Store,retailer,HGBF 1/144 #34 Transient Gundam,24.99,,,USD,New,https://www.usagundamstore.com/products/hgbf-1-144-034-transient-gundam,https://cdn.shopify.com/s/files/1/0727/8355/products/fc949cb4-2e00-4b71-b5a4-ff614f8e80a6_600x600.jpg?v=1762198111
gundam,model_kit,USA Gundam Store,retailer,SD Gundam BB Senshi #288 Strike Freedom Gundam,9.99,,,USD,New,https://www.usagundamstore.com/products/bb-sd-strike-freedom,https://cdn.shopify.com/s/files/1/0727/8355/products/153_624_s_3dmezpt5auxypnsgi7dl7zoa6wzp_f5604804-c40b-40e9-a372-892c49abe610_600x600.jpg?v=1762198670
gundam,model_kit,USA Gundam Store,retailer,HGUC 1/144 #93 Nu Gundam (Heavy Weapon System),36.99,,,USD,New,https://www.usagundamstore.com/products/hguc-1-144-93-nu-gundam-heavy-weapon-system,https://cdn.shopify.com/s/files/1/0727/8355/products/c4685acd-272a-422f-a6c7-8ce3ca4a39d6_600x600.jpg?v=1762200706
gundam,other,USA Gundam Store,retailer,F66 MG PB Eclipse Gundam with Raisin Striker Decal Sheet,7.99,,,USD,New,https://www.usagundamstore.com/products/f66-mg-pb-eclipse-gundam-with-raisin-striker-decal-sheet,https://cdn.shopify.com/s/files/1/0727/8355/products/06-10-F66MGPBEclipseGundam_RaisinStriker_2_600x600.jpg?v=1762280163
gundam,model_kit,USA Gundam Store,retailer,E44 MG 1/100 V2 / V2AB Victory Gundam (2PC),7.99,,,USD,New,https://www.usagundamstore.com/products/e44-mg-1-100-v2-v2ab-victory-gundam-2pc,https://cdn.shopify.com/s/files/1/0727/8355/products/bf3ba9_0eeef3f3cc1845f7ac22face734752e9_mv2_600x600.jpg?v=1762276025
gundam,model_kit,USA Gundam Store,retailer,F39 MG Avalanche Exia Gundam,5.59,,,USD,New,https://www.usagundamstore.com/products/f39-mg-avalanche-exia-gundam,https://cdn.shopify.com/s/files/1/0727/8355/products/bf3ba9_1c416c9ec66742f5a8d1791d85cc9e04_mv2_600x600.jpg?v=1762276013
gundam,model_kit,USA Gundam Store,retailer,Entry Grade 1/144 #11 Nu Gundam,12.99,,,USD,New,https://www.usagundamstore.com/products/entry-grade-1-144-11-nu-gundam,https://cdn.shopify.com/s/files/1/0727/8355/products/158_5007_s_0ylwv6vvc4fo9vact34r4ywn1f1v_d526c390-6b52-428d-a7fb-cca1c071fd79_600x600.jpg?v=1762275873
gundam,model_kit,USA Gundam Store,retailer,SDW Heroes #19 Caesar Legend Gundam,10.99,,,USD,New,https://www.usagundamstore.com/products/sdw-heroes-19-caesar-legend-gundam,https://cdn.shopify.com/s/files/1/0727/8355/products/153_4700_s_t1ysrw8j4or1wicdl4wktykyhawt_600x600.jpg?v=1762275428
gundam,model_kit,USA Gundam Store,retailer,SDW Heroes #21 Knight Strike Gundam,10.99,,,USD,New,https://www.usagundamstore.com/products/sdw-heroes-21-knight-strike-gundam,https://cdn.shopify.com/s/files/1/0727/8355/products/153_4708_o_1g3nuj01ultj1pvr7ef17p1ti123_2f8f61fb-844b-4fca-a3e2-fd11f7e328c2_600x600.jpg?v=1762275427
gundam,model_kit,USA Gundam Store,retailer,"F33 MG 00 Gundam with Raiser, 00R (Redesigned!)",5.99,,,USD,New,https://www.usagundamstore.com/products/f33-mg-00-gundam-with-raiser-00r-redesigned,https://cdn.shopify.com/s/files/1/0727/8355/files/bf3ba9_d02ae53cf90347a09a0b2c4320ad115d_mv2_600x600.jpg?v=1762273479
gundam,model_kit,USA Gundam Store,retailer,F31 MG Magnum Gundam,5.99,,,USD,New,https://www.usagundamstore.com/products/f31-mg-magnum-gundam,https://cdn.shopify.com/s/files/1/0727/8355/products/F31MGMagnum_600x600.jpg?v=1762272969
gundam,model_kit,USA Gundam Store,retailer,F26 HiRM GOD GUNDAM,4.99,,,USD,New,https://www.usagundamstore.com/products/f26-hirm-god-gundam,https://cdn.shopify.com/s/files/1/0727/8355/products/god_600x600.jpg?v=1762271441
gundam,model_kit,USA Gundam Store,retailer,SD Gundam BB Senshi #395 Nidaime Daishogun Gundam,19.99,,,USD,New,https://www.usagundamstore.com/products/second-generation-imperator-sd-musha-gundam-395-legend-bb,https://cdn.shopify.com/s/files/1/0727/8355/products/153_1187_s_6l6t6vu68s32mhnhhde40z390zbl_a5dd05c3-7112-4c38-88c7-583a33b44f91_600x600.jpg?v=1762198072
gundam,model_kit,USA Gundam Store,retailer,Explosive Model God Gundam (Metal Build-Style) 1/100 Scale Model Kit,94.99,,,USD,New,https://www.usagundamstore.com/products/god-gundam-explosive-model-metal-build-style-1-100-scale-with-metal-inner-frame,https://cdn.shopify.com/s/files/1/0727/8355/files/7824DA6B-291C-4079-9FB0-4080DBB3599E_600x600.jpg?v=1781643939
gundam,model_kit,USA Gundam Store,retailer,HGTWFM 1/144 #26 Gundam Calibarn,23.99,,,USD,New,https://www.usagundamstore.com/products/mobile-suit-gundam-the-witch-from-mercury-new-product-b-tentative,https://cdn.shopify.com/s/files/1/0727/8355/files/153_5527_s_dch0k096rqfilluzrmcul5zht4u7_1570cefb-b204-4870-802b-13e97d57dc5b_600x600.jpg?v=1762280262
gundam,model_kit,USA Gundam Store,retailer,MG Blazing Spirits 1/100 scale Master Gundam model kit,84.99,,,USD,New,https://www.usagundamstore.com/products/blazing-spirits-1-100-scale-master-gundam-model-kit,https://cdn.shopify.com/s/files/1/0727/8355/files/4AA0D66D-83CB-4253-A069-CA669AAD81DC_600x600.jpg?v=1778956739
gundam,model_kit,USA Gundam Store,retailer,MG 1/100 ASW-G-XX Gundam Vidar,72.99,,,USD,New,https://www.usagundamstore.com/products/mg-1-100-asw-g-xx-gundam-vidar,https://cdn.shopify.com/s/files/1/0727/8355/files/153_6312_s_rvilif532m0xhisnf9sccodwstnt_8201eaf8-f10e-418d-ba86-ed5311b34909_600x600.jpg?v=1756306929
gundam,model_kit,USA Gundam Store,retailer,HGTWFM 1/144 #03 Gundam Aerial,17.99,,,USD,New,https://www.usagundamstore.com/products/hgtwfm-1-144-03-gundam-aerial,https://cdn.shopify.com/s/files/1/0727/8355/products/189_5174_s_p0k6t0dftb22biju3b0wfu8ra8sw_060a394f-fbff-4a9a-9570-5ba95c69e3ac_600x600.jpg?v=1762278269
gundam,model_kit,USA Gundam Store,retailer,MG 1/100 Gundam Barbatos Lupus,83.99,,,USD,New,https://www.usagundamstore.com/products/mg-1-100-gundam-barbatos-lupus,https://cdn.shopify.com/s/files/1/0727/8355/files/ZnclMZfgWJyMn2Pg_f6331e6e-c64f-4b0b-a8ba-8fbee8699f47_600x600.jpg?v=1763476582
gundam,model_kit,USA Gundam Store,retailer,Gundam Assemble Starter Set 01,34.99,,,USD,New,https://www.usagundamstore.com/products/gundam-assemble-starter-set-01-st01,https://cdn.shopify.com/s/files/1/0727/8355/files/ST01_1_739698ae-4a9c-47d1-a502-72c5f6c5bb97_600x600.png?v=1772629440
gundam,other,USA Gundam Store,retailer,GM301 Gundam Marker Black (Pour Type),3.99,,,USD,New,https://www.usagundamstore.com/products/black-pour-type-gundam-marker-gm301p,https://cdn.shopify.com/s/files/1/0727/8355/products/51iaw6gc62L._AC_SL1150__1_29bd7b95-340b-4139-9769-c48fdaf5c86f_600x600.jpg?v=1762272593
gundam,model_kit,USA Gundam Store,retailer,MG 1/100 Gundam Epyon (EW Ver.),54.99,,,USD,New,https://www.usagundamstore.com/products/mg-1-100-gundam-epyon-ew-ver,https://cdn.shopify.com/s/files/1/0727/8355/products/30195c6d-3844-46e1-a9de-09355e081a25_600x600.jpg?v=1762198152
gundam,model_kit,USA Gundam Store,retailer,Mobile Suit Gundam Wing HGAC XXXG-01S2 Altron Gundam 1/144 Scale Model Kit (P-Bandai),21.99,,,USD,New,https://www.usagundamstore.com/products/p-bandai-hgac-1-144-altron-gundam,https://cdn.shopify.com/s/files/1/0727/8355/files/1bdc9b85-80cb-4753-acdb-502a9d7ddc69_600x600.webp?v=1762287243
gundam,other,USA Gundam Store,retailer,GM02 Gray Fine Point Gundam Marker,3.39,,,USD,New,https://www.usagundamstore.com/products/gsi-creos-gray-fine-point-gundam-marker,https://cdn.shopify.com/s/files/1/0727/8355/products/greyp_600x600.jpg?v=1762272578
gundam,model_kit,USA Gundam Store,retailer,Gundam Color (Semi-Gloss) Series,3.5,,,USD,New,https://www.usagundamstore.com/products/gundam-color-10ml-semi-gloss-series,https://cdn.shopify.com/s/files/1/0727/8355/products/gundam-color-collection_2_600x600.jpg?v=1762199099
gundam,model_kit,USA Gundam Store,retailer,HGTWFM 1/144 #19 Gundam Aerial Rebuild,22.99,,,USD,New,https://www.usagundamstore.com/products/hg-1-144-gundam-aerial-rebuild,https://cdn.shopify.com/s/files/1/0727/8355/products/153_5238_o_1gob4hha23q91daa1rt2v72e3p23_d2d00039-eeb7-4f1b-b201-0c748a53efd9_600x600.jpg?v=1762279507
gundam,model_kit,USA Gundam Store,retailer,HGAW 1/144 #270 Gundam Leopard,28.99,,,USD,New,https://www.usagundamstore.com/products/hg-1-144-gundam-leopard,https://cdn.shopify.com/s/files/1/0727/8355/files/OrK7mWD4YCj3Ysyb_600x600.jpg?v=1785769173
gundam,model_kit,USA Gundam Store,retailer,HGAC 1/144 #236 Gundam Heavyarms,19.99,,,USD,New,https://www.usagundamstore.com/products/hgac-1-144-236-gundam-heavyarms,https://cdn.shopify.com/s/files/1/0727/8355/products/6a34a7a2-0954-4c7b-ba1b-52fb0f8e6683_600x600.jpg?v=1762272329
gundam,model_kit,USA Gundam Store,retailer,MG 1/100 RX-178 Gundam Mk-II (Ver 2.0),48.99,,,USD,New,https://www.usagundamstore.com/products/mg-1-100-rx-178-gundam-mk-ii-ver-2-0,https://cdn.shopify.com/s/files/1/0727/8355/products/82c65dfc-e331-401b-8172-526b8c5c0f20_600x600.jpg?v=1762197922
gundam,model_kit,USA Gundam Store,retailer,MG 1/100 ASW-G-08 Gundam Barbatos,60.99,,,USD,New,https://www.usagundamstore.com/products/mg-1-100-asw-g-08-gundam-barbatos,https://cdn.shopify.com/s/files/1/0727/8355/products/a2e9c4f9-0edd-4a06-987b-9b179fbe8e54_600x600.jpg?v=1762270682
gundam,model_kit,USA Gundam Store,retailer,HGTWFM 1/144 #25 Gundam Schwarzette,24.99,,,USD,New,https://www.usagundamstore.com/products/hgtwfm-1-144-25-gundam-schwarzette,https://cdn.shopify.com/s/files/1/0727/8355/files/153_5308_s_cmnmceijeodl1i13uhf08p41ufe8_6d6a48fb-4ec3-48fb-b6d7-aeb47c30652f_600x600.jpg?v=1762279370
gundam,model_kit,USA Gundam Store,retailer,HG-IBO 1/144 #01 Gundam Barbatos,13.99,,,USD,New,https://www.usagundamstore.com/products/hg-ibo-1-144-001-gundam-barbatos,https://cdn.shopify.com/s/files/1/0727/8355/products/9f9fe3f1-f9a8-4201-904c-30939796b9c1-removebg_600x600.png?v=1762198503
gundam,model_kit,USA Gundam Store,retailer,HGIBO 1/144 #47 Gundam Zagan,35.99,,,USD,New,https://www.usagundamstore.com/products/hgibo-1-144-monkey-lody-copy,https://cdn.shopify.com/s/files/1/0727/8355/files/vzvhit2WrqS20puq_e012ba2b-cc9a-40ec-a267-45b46d39be91_600x600.jpg?v=1764614473
gundam,model_kit,USA Gundam Store,retailer,HGAW 1/144 #271 Gundam Virsago,35.99,,,USD,New,https://www.usagundamstore.com/products/hg-1-144-gundam-virsago,https://cdn.shopify.com/s/files/1/0727/8355/files/2825358_HG1_144GUNDAMVIRSAGO_1_600x600.jpg?v=1780007637
gundam,model_kit,USA Gundam Store,retailer,HGTWFM 1/144 #17 Gundam Lfrith UR,24.99,,,USD,New,https://www.usagundamstore.com/products/hgtwfm-1-144-17-gundam-lfrith-ur,https://cdn.shopify.com/s/files/1/0727/8355/products/153_5236_s_h8s552obt3fuq1g5kcg3r663vagw_07acfcc1-2ede-4005-9638-1fbbcd5d7f55_600x600.jpg?v=1762278827
gundam,other,USA Gundam Store,retailer,GM03 Gundam Marker Brown (Fine),3.99,,,USD,New,https://www.usagundamstore.com/products/gm03-brown-fine-point-gundam-marker,https://cdn.shopify.com/s/files/1/0727/8355/products/brownp_600x600.jpg?v=1762272578
gundam,model_kit,USA Gundam Store,retailer,Gundam Assemble Deluxe Set 03 (DX03),169.99,,,USD,New,https://www.usagundamstore.com/products/gundam-assemble-deluxe-set-03-dx03,https://cdn.shopify.com/s/files/1/0727/8355/files/2825421_GA_DX03_EN_1_600x600.jpg?v=1784315251
gundam,model_kit,USA Gundam Store,retailer,HGIBO 1/144 #008 Gundam Gusion,16.99,,,USD,New,https://www.usagundamstore.com/products/hg-ibo-1-144-08-gundam-gusion,https://cdn.shopify.com/s/files/1/0727/8355/products/5e35ff2c-d67b-4252-9bca-6e7b476642d2_600x600.jpg?v=1762198575
gundam,model_kit,USA Gundam Store,retailer,HGAW 1/144 #272 Gundam Ashtaron,44.99,,,USD,New,https://www.usagundamstore.com/products/4580886844555,https://cdn.shopify.com/s/files/1/0727/8355/files/2825378_HG1_144GUNDAMASHTARON_1_600x600.jpg?v=1780007732
gundam,model_kit,USA Gundam Store,retailer,MG 1/100 Gundam Deathscythe EW,43.99,,,USD,New,https://www.usagundamstore.com/products/mg-1-100-gundam-deathscythe-ew,https://cdn.shopify.com/s/files/1/0727/8355/products/153_2706_s_e5vizy8379hu4yvwaehr6u4v26tp_5e2cf195-1ff0-4550-8727-04709a5aef14_600x600.jpg?v=1762198514
gundam,model_kit,USA Gundam Store,retailer,MGSD Gundam Barbatos Model Kit,54.99,,,USD,New,https://www.usagundamstore.com/products/mgsd-gundam-barbatos,https://cdn.shopify.com/s/files/1/0727/8355/files/153_5863_o_1hckgk9vf3cb14v2mgh1m091utm23_37c6a1c9-2479-49b8-b744-641a900e72c4_600x600.jpg?v=1762280928
gundam,model_kit,USA Gundam Store,retailer,RG 1/144 #27 Unicorn Gundam 02 Banshee Norn,53.99,,,USD,New,https://www.usagundamstore.com/products/rg-1-144-27-unicorn-gundam-02-banshee-norn,https://cdn.shopify.com/s/files/1/0727/8355/products/84f27c91-faf2-4d30-b95d-62ced9fb1515_600x600.jpg?v=1762201057
gundam,model_kit,USA Gundam Store,retailer,HGTWFM 1/144 #07 Gundam Pharact,24.99,,,USD,New,https://www.usagundamstore.com/products/hgtwfm-1-144-07-gundam-pharact,https://cdn.shopify.com/s/files/1/0727/8355/products/153_5181_o_1gje38mmn10fc10hfqfi1gh31bcp23_c8a05d01-f94b-47d2-ac96-6eb65661d654_600x600.jpg?v=1762278271
gundam,model_kit,USA Gundam Store,retailer,HGUC 1/144 #66 RX-78GP02A Gundam Physalis,27.99,,,USD,New,https://www.usagundamstore.com/products/hguc-1-144-066-gundam-gp-02a,https://cdn.shopify.com/s/files/1/0727/8355/products/153_656_s_q242zqrr3n7wuvjmtmp1zdmcb4jy_248fafe1-7158-4642-b9fd-b3d2ae800302_600x600.jpg?v=1762198462
gundam,model_kit,USA Gundam Store,retailer,MG 1/100  Gundam AGE-1 Titus,46.99,,,USD,New,https://www.usagundamstore.com/products/bandai-hobby-gundam-age-1-titus-1-100-master-grade,https://cdn.shopify.com/s/files/1/0727/8355/products/61Kk7V6Li6L._SL1251_600x600.jpg?v=1762198356
zoid,model_kit,eBay,marketplace,"VINTAGE ZOIDS (PROTOZOID ELEPHANTUS), NEW Open BOX  1982 #2559",129.99,,False,USD,New,https://www.ebay.com/itm/128039249180?_skw=zoids&hash=item1dcfbbe51c:g:cdIAAeSwGEZqiaCi,https://i.ebayimg.com/images/g/cdIAAeSwGEZqiaCi/s-l225.jpg
zoid,model_kit,eBay,marketplace,Red Horn ZOIDS RMZ-014 Styracosaurus Type 1/100 Model Kit,55.69,6.0,False,USD,New,https://www.ebay.com/itm/257691794057?_skw=zoids&hash=item3bffa0ba89:g:4HYAAeSwe-pqhmdl,https://i.ebayimg.com/images/g/4HYAAeSwe-pqhmdl/s-l225.jpg
zoid,model_kit,eBay,marketplace,Zoids New Century Zero Anime Complete Series Episodes 1-26 English Audio,21.99,0.0,False,USD,,https://www.ebay.com/itm/285739804237?_skw=zoids&hash=item42876b664d:g:owMAAeSwzCJqU~6w,https://i.ebayimg.com/images/g/owMAAeSwzCJqU~6w/s-l225.jpg
zoid,model_kit,eBay,marketplace,Zoids Chaotic Century Anime Complete Series Episodes 1-67  English Audio,30.0,0.0,False,USD,,https://www.ebay.com/itm/285540768769?_skw=zoids&hash=item427b8e5c01:g:0JEAAeSwl-1qU~06,https://i.ebayimg.com/images/g/0JEAAeSwl-1qU~06/s-l225.jpg
zoid,model_kit,eBay,marketplace,Zoids 3 Pack - Elephantus Glidolar And Aquadon (missing 1x fin)  - Tomy,29.99,0.0,False,USD,Used,https://www.ebay.com/itm/168626798743?_skw=zoids&hash=item2742f0c097:g:fD4AAeSwyIRqhk8-,https://i.ebayimg.com/images/g/fD4AAeSwyIRqhk8-/s-l225.jpg
zoid,model_kit,eBay,marketplace,Vintage Tomy Zoids Robo Strux Terox Vintage 1985 - BROKEN TAIL BUT WORKS - READ,119.99,,False,USD,Used,https://www.ebay.com/itm/298607168364?_skw=zoids&hash=item45865fcb6c:g:xUEAAeSwW8NqiGes,https://i.ebayimg.com/images/g/xUEAAeSwW8NqiGes/s-l225.jpg
zoid,model_kit,eBay,marketplace,HMM Zoids Rev Raptor 051 KOTUBUKIYA Plastic Model Kit,55.0,,False,USD,New,https://www.ebay.com/itm/366621232656?_skw=zoids&hash=item555c540e10:g:PKMAAeSwWihqiLx1,https://i.ebayimg.com/images/g/PKMAAeSwWihqiLx1/s-l225.jpg
zoid,model_kit,eBay,marketplace,Zoids Battle Champions mini figures Hasbro Asst 83129/83121 sealed package,85.0,10.0,False,USD,New,https://www.ebay.com/itm/117327335262?_skw=zoids&hash=item1b51410f5e:g:EowAAeSwJM5qaPfg,https://i.ebayimg.com/images/g/EowAAeSwJM5qaPfg/s-l225.jpg
zoid,model_kit,eBay,marketplace,ZOIDS RZ-042 COMMAND WOLF Attack Custom,55.0,19.75,False,USD,New,https://www.ebay.com/itm/188809380977?_skw=zoids&hash=item2bf5ea8471:g:J5IAAeSwZERqg75D,https://i.ebayimg.com/images/g/J5IAAeSwZERqg75D/s-l225.jpg
zoid,model_kit,eBay,marketplace,Zoids HMM 030 RZ-041 Liger Zero Jager Marking Plus 1/72 model kit Kotobukiya,99.99,0.0,False,USD,New,https://www.ebay.com/itm/389472469442?_skw=zoids&hash=item5aae5e41c2:g:cXEAAeSwek1pYKfF,https://i.ebayimg.com/images/g/cXEAAeSwek1pYKfF/s-l225.jpg
zoid,model_kit,eBay,marketplace,2002 Hasbro Tomy Zoids White Liger Zero Action Figure Robot Lion Tiger Not Comp,20.0,8.0,False,USD,Used,https://www.ebay.com/itm/237015439311?_skw=zoids&hash=item372f3897cf:g:YKIAAeSwHlpqGPga,https://i.ebayimg.com/images/g/YKIAAeSwHlpqGPga/s-l225.jpg
zoid,model_kit,eBay,marketplace,Takara Tomy Zoids 40th Anniversary Blade Liger AZ-01 RZ-028 1:72 Model Kit,125.0,,False,USD,New,https://www.ebay.com/itm/168613856652?_skw=zoids&hash=item27422b458c:g:nroAAeSwTHhqf1VQ,https://i.ebayimg.com/images/g/nroAAeSwTHhqf1VQ/s-l225.jpg
zoid,model_kit,eBay,marketplace,Kotobukiya 1/72 Zoids HMM RZ-007 Shield Liger DCS-J  Scale Model Kit,89.99,0.0,False,USD,New,https://www.ebay.com/itm/157655357153?_skw=zoids&hash=item24b4fdd6e1:g:9~kAAeSwaJVpgQKa,https://i.ebayimg.com/images/g/9~kAAeSwaJVpgQKa/s-l225.jpg
zoid,model_kit,eBay,marketplace,Zoids New Century Zero Anime Complete Series Episodes 1-26 English Audio,21.99,0.0,False,USD,,https://www.ebay.com/itm/355503696675?_skw=zoids&hash=item52c5abeb23:g:SwMAAeSwc5lqU~7m&amdata=enc%3AAQALAAAA4ACCtXRWQnOEpyOqnQQ8KGbbytU5yjIIJGQgLduCA2nZr1dgJWTy%2FIruwliOeO5faPTvP3Eetj4fdseO6Sy4xE3EvKD0tUuH6wFnKoP1N1SIsreEekzYGb048fHhUgnCGBbF%2FFNh5%2F8qXrM6J%2FviP9ml91pfU8BKO3jkrvGC6FP8F9mH7IpA0aQmYZjqkgZ%2FbpgR3PAeHD%2FpLaFgD89rCnbQ7Yhaf%2FSlhRm4eBHbHb56f3HZ6aavX44CNc%2B%2BSAQqc3ZByeVFXalisg6rMfjii1urAw2aRPwa2gsyXSTPILJ8,https://i.ebayimg.com/images/g/SwMAAeSwc5lqU~7m/s-l225.jpg
zoid,model_kit,eBay,marketplace,Zoids Chaotic Century Anime Complete Series Episodes 1-67  English Audio,30.0,0.0,False,USD,,https://www.ebay.com/itm/355155867377?_skw=zoids&hash=item52b0f076f1:g:ROUAAeSwc5lqU~3A&amdata=enc%3AAQALAAAA4ACCtXRWQnOEpyOqnQQ8KGY2xoUPsZhj%2FUEPxILvJZfIpTd7ypTKIEyfdYD3YgrHHGqmEEfeccVGbCLFfiP4%2BIneLiNqe9r09qTC1ZmAgT0FqALw1fSEswC39TMTmmeA01lsMD0g0JCCxSKg1sjTvHcAnPLsFnuJG62xSEjvXhwDpjuOSZ6yUEi3HDodSLyFCVqc3b%2BxIKuADrOvOqKJOpREaNdc3E8pV0Rc%2Fl690bTXZsq4A8wz%2FN%2FSpUxelpzv7ZYxyIbXRtoqU20tM4duN5px93ylcSM366ywpSjPqDk2,https://i.ebayimg.com/images/g/ROUAAeSwc5lqU~3A/s-l225.jpg
zoid,model_kit,eBay,marketplace,Zoids Genesis Anime Series Japanese Audio (English Subs) EPISODE 1-50,27.99,0.0,False,USD,,https://www.ebay.com/itm/355668796519?_skw=zoids&hash=item52cf832467:g:qHUAAOSwAttmK-pR&amdata=enc%3AAQALAAAA4ACCtXRWQnOEpyOqnQQ8KGaqF0huOT2rhENs7i%2BvhC4EOrfLTnH1UPpfHsWXCQbEmXzlJ4yExrNzwgIbD81MqWHBqxlFiMRhHRFQmp%2B8UePJUxXQPC6TqRnU6EguifBaMdPYNsS3lH--976rr4rqKmzDd6Ox4SWDH8EO2jYBkXvdgQJBPUGRO%2BKxfq%2BmHTQNvDRvZm5YXrtt2VNyCx0t5wnT9f6FGdk458MJNtlFO7un53QVRTTzd1xdBC%2BGoCzhTVuiNKpp8EAGVPxaN0t4lLqTSB9nkJ075GmDxyDgpuSY,https://i.ebayimg.com/images/g/qHUAAOSwAttmK-pR/s-l225.jpg
zoid,model_kit,eBay,marketplace,Zoids HMM034 RZ-046 Shadow Fox Marking Plus ver. 1/72 model kit Kotobukiya,84.99,0.0,False,USD,New,https://www.ebay.com/itm/147421401092?_skw=zoids&hash=item2253001004:g:EcgAAeSwVplqTGoU,https://i.ebayimg.com/images/g/EcgAAeSwVplqTGoU/s-l225.jpg
zoid,model_kit,eBay,marketplace,Zoids 1/72 Liger Zero Jager Marking Plus Ver. HMM Kotobukiya Model Kit,99.0,5.0,False,USD,New,https://www.ebay.com/itm/188827631779?_skw=zoids&hash=item2bf70100a3:g:tcEAAeSwbr9qiG8r,https://i.ebayimg.com/images/g/tcEAAeSwbr9qiG8r/s-l225.jpg
zoid,model_kit,eBay,marketplace,"Liger Zero Jaeger Zoids Hasbro 2002 6.5"" Long Figure",11.99,,False,USD,Used,https://www.ebay.com/itm/307139076390?_skw=zoids&hash=item4782ea6126:g:rr0AAeSwXzppQfcm,https://i.ebayimg.com/images/g/rr0AAeSwXzppQfcm/s-l225.jpg
zoid,model_kit,eBay,marketplace,Takara Tomy T-SPARK ZOIDS RMZ-016 Blade Liger Panzer ZBF 1/100 Model Kit,105.98,0.0,False,USD,New,https://www.ebay.com/itm/307047432660?_skw=zoids&hash=item477d7401d4:g:JM4AAeSwP3hqTQA0,https://i.ebayimg.com/images/g/JM4AAeSwP3hqTQA0/s-l225.jpg
zoid,model_kit,eBay,marketplace,Zoids HMM 026 RZ-041 Liger Zero Schneider Marking Plus 1/72 model kit Kotobukiya,119.99,0.0,False,USD,New,https://www.ebay.com/itm/389472474311?_skw=zoids&hash=item5aae5e54c7:g:n5MAAeSwYPtpYKih,https://i.ebayimg.com/images/g/n5MAAeSwYPtpYKih/s-l225.jpg
zoid,model_kit,eBay,marketplace,Zoids HMM-0063 RZ-045 Salamander 1/72 model kit Kotobukiya,279.99,0.0,False,USD,New,https://www.ebay.com/itm/366526910434?_skw=zoids&hash=item5556b4cfe2:g:dKoAAeSwr6JqTGga,https://i.ebayimg.com/images/g/dKoAAeSwr6JqTGga/s-l225.jpg
zoid,model_kit,eBay,marketplace,Tomy Zoids WHITE LIGER ZERO Robot Figure 2002 HASBRO Incomplete,8.61,,False,USD,Used,https://www.ebay.com/itm/298606925390?_skw=zoids&hash=item45865c164e:g:TmoAAeSwT55qX3yX,https://i.ebayimg.com/images/g/TmoAAeSwT55qX3yX/s-l225.jpg
zoid,model_kit,eBay,marketplace,Zoids HMM 002 RZ-009 Command Wolf AC&LC Marking Plus 1/72 model kit Kotobukiya,99.99,0.0,False,USD,New,https://www.ebay.com/itm/389472455614?_skw=zoids&hash=item5aae5e0bbe:g:KN0AAeSwWBRpYKYG,https://i.ebayimg.com/images/g/KN0AAeSwWBRpYKYG/s-l225.jpg
zoid,model_kit,eBay,marketplace,Vintage 1985 Tomy Zoids Iron Kong EPZ-002 Assembled Unused Decals Manual Box Art,144.95,,False,USD,Used,https://www.ebay.com/itm/318699165389?_skw=zoids&hash=item4a33f356cd:g:7vIAAeSwCz5qd5lF,https://i.ebayimg.com/images/g/7vIAAeSwCz5qd5lF/s-l225.jpg
zoid,model_kit,eBay,marketplace,Please Read!! Kotobukiya Zoids RMZ-003 Command Wolf,29.0,0.0,False,USD,New,https://www.ebay.com/itm/327202929719?_skw=zoids&hash=item4c2ed07c37:g:LjwAAeSw0GVqJvsn,https://i.ebayimg.com/images/g/LjwAAeSw0GVqJvsn/s-l225.jpg
zoid,model_kit,eBay,marketplace,Hasbro Tomy 2002 Zoids Lot Of 3 Action Figures Not Complete Pre-owned,22.49,,False,USD,Used,https://www.ebay.com/itm/358472836555?_skw=zoids&hash=item5376a565cb:g:LwoAAeSwhS1p6DR6,https://i.ebayimg.com/images/g/LwoAAeSwhS1p6DR6/s-l225.jpg
zoid,model_kit,eBay,marketplace,Zoids RMZ-008 Command Wolf Irvine Special Action Plastic Model Kit,59.23,0.0,False,USD,New,https://www.ebay.com/itm/257593781693?_skw=zoids&hash=item3bf9c92dbd:g:fgQAAeSwnx1qQhpl,https://i.ebayimg.com/images/g/fgQAAeSwnx1qQhpl/s-l225.jpg
zoid,model_kit,eBay,marketplace,TOMY ZOIDS RZ-046 Shadow Fox Motorized Figure Collectible 15+,80.49,18.0,False,USD,Used,https://www.ebay.com/itm/398245385712?_skw=zoids&hash=item5cb94655f0:g:5d4AAeSw4VVqcK5N&amdata=enc%3AAQALAAAA4ACCtXRWQnOEpyOqnQQ8KGa2BbXgM%2B7M3oT4La3W%2FBTnpQ%2Bej7sGB9D16hO0Ytx2SPCK2vsY2hEVJPD6mHMGahDBiVlD%2BVJg6bq3H0bkAEhpgGZHmVRFDCJ0cfGVFWJC21JtW0NqHPI9gZilMTnBJGG1OEL2OGIQQgu2VrWib9CxaMrt08q5jYJfYaK1brXu%2BE3q3IXR6f%2BDPpdzoNtEKAKFLON8IKaim5VW8hzXUUhYzaPLaVLNKgELAHCf0ghlsQ70GFaID3jedYuRuQ0sWCZzK9ibsAioeZKe%2BbfYyS%2Bw,https://i.ebayimg.com/images/g/5d4AAeSw4VVqcK5N/s-l225.jpg
zoid,model_kit,eBay,marketplace,Kotobukiya ZOIDS Blade Liger Mirage HMM 1/72 RZ-028 Plastic Model Kit Japan,219.24,50.0,False,USD,Used,https://www.ebay.com/itm/366568673822?_skw=zoids&hash=item555932121e:g:OEIAAeSwf4JqZ1rx&amdata=enc%3AAQALAAAA4ACCtXRWQnOEpyOqnQQ8KGY5ASoM%2FBZemUqoSd%2BdRUS5JnHZUBMZx%2FSh28Xcd8Po%2BmvPnnM30fOVC4hhgKNnSZv3a33cpz%2FIMlrN2JquVq6OxVwn63V7bGoSF4%2FCfPBJXlXTkncvbAIiO06jrfIJqsbDm0b8LJtvkTOhdW6AuVNrKvIUg5V4SfiUSD9eB9%2FYRH4R5QHboD5hhduAT7vHJeNunFixLsEjNLqpbGnt2Uy3SeiRYLD%2BU%2FgghNjN2Hg5vzImPRm8ud3eyZSBqtMzlfgFr1llMn2sI6XtOWO2itOv,https://i.ebayimg.com/images/g/OEIAAeSwf4JqZ1rx/s-l225.jpg
zoid,model_kit,eBay,marketplace,TAKARA TOMY DAEWON ZOIDS WILD : XENO REX ZW52 Tyrannosaurus Type Action Figure,68.8,6.0,False,USD,New,https://www.ebay.com/itm/116014567998?_skw=zoids&hash=item1b0301d23e:g:amMAAOSwxollgWyV&amdata=enc%3AAQALAAAA4ACCtXRWQnOEpyOqnQQ8KGYY9b2BohLJY4aZyrdGClXvu2bmmAypfZtj5oCmjgrIuHXjSvnqsEf1I%2BBimwlVQjeu6rpJTZ7bjt545PuU8EzyGIdqlH7J6hhdGRwcyAts66Km3p105a5sCO6MPaNbSeChDMrtgYzvSl4ye%2FE%2Ft4jcNydIi6%2FhzV0ygqmuT%2FTMn8yNNdP1JjhMaxwt%2FmuDXrL8xZVbA8lrbR6F%2FlRj5ymtyEbtFMhfMEJhaaWDrToS9i58yRnKaHr7pu1lawFHGOpWfILj8nCu4Mjz1DazjPZU,https://i.ebayimg.com/images/g/amMAAOSwxollgWyV/s-l225.jpg
zoid,model_kit,eBay,marketplace,Tomy Zoids RZ-014 Godos Dinosaur type 1/72 Plastic model,75.0,17.75,False,USD,New,https://www.ebay.com/itm/188795494569?_skw=zoids&hash=item2bf516a0a9:g:i8UAAeSwDzRqgA9J&amdata=enc%3AAQALAAAA4ACCtXRWQnOEpyOqnQQ8KGbB0QmHmQuRa6nsKW00QoqSpHCVK3Ks1r%2BvkXoSvQMqv92aVRqA6lYPCBLnTdyn1bHyM9%2B%2BC0BzsTYsPi2owYOOyAQhu%2FosXC35czPuz4XPBF2T%2F3AmoEH2L6Cwix2GFNBdLx6Ll5OcuEwRb2KWqJb0FuhEMc6DbwVjjmQHb3SASkQYlmmsJw3uKmkqdGXgJHJ19HHL5GfBpEfGn8hCipnBawcJI8FT0Zi0j1SDg0U2rWVXSA7YnW0xfJHnevX5KbstENDej%2B7x4ouYcZUjYxx7,https://i.ebayimg.com/images/g/i8UAAeSwDzRqgA9J/s-l225.jpg
zoid,model_kit,eBay,marketplace,Zoids Gun Sniper & Liger  Zero X - Tomy Hasbro 2002 Robot Animals,39.99,0.0,False,USD,Used,https://www.ebay.com/itm/820024321900?_skw=zoids&hash=itembeed42276c:g:8GcAAeSwvFJqhiX4,https://i.ebayimg.com/images/g/8GcAAeSwvFJqhiX4/s-l225.jpg
zoid,model_kit,eBay,marketplace,"Lot Of 3 Zoids 6"" Action Figure TOMY Hasbro 2002 As Is",20.0,6.95,False,USD,Used,https://www.ebay.com/itm/336726584443?_skw=zoids&hash=item4e6677ec7b:g:DOsAAeSwdhFqcn6p,https://i.ebayimg.com/images/g/DOsAAeSwdhFqcn6p/s-l225.jpg
zoid,model_kit,eBay,marketplace,zoids grounchar,1000.0,,False,USD,Used,https://www.ebay.com/itm/188826300267?_skw=zoids&hash=item2bf6ecaf6b:g:S3kAAeSwxFVqgx9a,https://i.ebayimg.com/images/g/S3kAAeSwxFVqgx9a/s-l225.jpg
zoid,model_kit,eBay,marketplace,2002 Hasbro Zoids Leoblaze Z-Builders Action Figure Model Kit Lion NIOB Read,54.99,0.0,False,USD,New,https://www.ebay.com/itm/168621902812?_skw=zoids&hash=item2742a60bdc:g:jUUAAeSw-8lqg72p,https://i.ebayimg.com/images/g/jUUAAeSw-8lqg72p/s-l225.jpg
zoid,model_kit,eBay,marketplace,Zoids HMM 010 RZ-034 Geno Breaker Repackage ver.  1/72 model kit Kotobukiya,119.99,0.0,False,USD,New,https://www.ebay.com/itm/147083317533?_skw=zoids&hash=item223ed9511d:g:IGUAAeSwRI9pYTDx,https://i.ebayimg.com/images/g/IGUAAeSwRI9pYTDx/s-l225.jpg
zoid,model_kit,eBay,marketplace,Zoids HMM 026 Liger Zero Schneider Unit Marking Plus 1/72 model kit Kotobukiya,49.99,0.0,False,USD,New,https://www.ebay.com/itm/389472521592?_skw=zoids&hash=item5aae5f0d78:g:aEkAAeSwxxppYKtQ,https://i.ebayimg.com/images/g/aEkAAeSwxxppYKtQ/s-l225.jpg
zoid,model_kit,eBay,marketplace,Kotobukiya 1/72 Zoids HMM 053 EZ-054 Liger Zero X,95.99,9.99,False,USD,New,https://www.ebay.com/itm/117297041268?_skw=zoids&hash=item1b4f72cf74:g:pu4AAeSwz-BqUpBW&amdata=enc%3AAQALAAAA4ACCtXRWQnOEpyOqnQQ8KGaB5DkySjZwX8%2Bq2q2yMB2vdMWFxlH8QMjhbbzbTUIRmIQ34WyecIW5uMS10AhPV6%2BQYXo26PcbUuQD1PxMAUy86BKT6ev7V3n%2B6HNFqbwBkkEeQt0XUAuNlBCcMbOsPDzXxW229VJxFPk6nsFluQ22OXMygcibm9ph67j%2BLDMehLHiByGXfC2SPjcm6kSKpANpN7kTdamB46Pf71Lkk96QNtHWKOE29Ty4pWeGE7OlsyEPjvvv88GTRdUrMw3uTCdumXrc6vr%2BY9h7CZ9sp7X1,https://i.ebayimg.com/images/g/pu4AAeSwz-BqUpBW/s-l225.jpg
zoid,model_kit,eBay,marketplace,SEIKO ZOIDS Collaboration Geno Saurer Limited to 300 Pieces Worldwide NEW F/J,574.99,98.0,False,USD,New with box and papers,https://www.ebay.com/itm/377138144358?_skw=zoids&hash=item57cf2f6466:g:8XcAAeSw5Jpp6zGy&amdata=enc%3AAQALAAAA4ACCtXRWQnOEpyOqnQQ8KGb9Oj25jYAQ4pK7dB94vCx3tfl672GWSHHZoLwj1W5At3RTkZIh2TWkQEIgknBkXY%2BvkqRdZ83UC1O%2FuP3p%2BhWCrTfTdvK72Y3sVJ%2F%2BIR1tfcDgbd2zrdqET0idoMOPOq3b1gh%2FA5ZX0lzGl64OFwM%2BKewhpmUmf7TuYR7GJ4pS0AIgqsIB9V8fMRTV41fkVoauYQVV33foHm59WTpFAQSI3zRUSvEcMQOrphypiLEsrh9SpGg0ReKqcpdo4ZdMkLLIDtscqKbtWdiGIjkxpV%2FF,https://i.ebayimg.com/images/g/8XcAAeSw5Jpp6zGy/s-l225.jpg
zoid,model_kit,eBay,marketplace,Zoids Chaotic Century Vol. 1 Manga Viz Media 2002 1ST EDITION OOP RARE sci-fi ,29.99,,False,USD,Very Good,https://www.ebay.com/itm/398249038519?_skw=zoids&hash=item5cb97e12b7:g:jYAAAeSwMndqceI~,https://i.ebayimg.com/images/g/jYAAAeSwMndqceI~/s-l225.jpg
zoid,model_kit,eBay,marketplace,Zoids HMM 022 Liger Zero Panzer Unit Marking Plus 1/72 model kit Kotobukiya,59.99,0.0,False,USD,New,https://www.ebay.com/itm/389472526638?_skw=zoids&hash=item5aae5f212e:g:yRIAAeSw1q5pYKv-,https://i.ebayimg.com/images/g/yRIAAeSw1q5pYKv-/s-l225.jpg
zoid,model_kit,eBay,marketplace,Kotobukiya 1/72 Zoids HMM RZ-028 Blade Liger AB Attack Booster Scale Model Kit,124.99,0.0,False,USD,New,https://www.ebay.com/itm/357808502785?_skw=zoids&hash=item534f0c7801:g:kpgAAeSw7lFo~Bwv,https://i.ebayimg.com/images/g/kpgAAeSw7lFo~Bwv/s-l225.jpg
zoid,model_kit,eBay,marketplace,Vintage 2003 Hasbro Zoids ZBuilders #09.A Brachio Zilla New In Box,40.0,,False,USD,Used,https://www.ebay.com/itm/137648437470?_skw=zoids&hash=item200c7c78de:g:1GoAAeSwuTdqiNQl,https://i.ebayimg.com/images/g/1GoAAeSwuTdqiNQl/s-l225.jpg
zoid,model_kit,eBay,marketplace,Kotobukiya Zoids AZ-05 Saber Tiger 40th Anniversary Model Kit,85.0,,False,USD,New,https://www.ebay.com/itm/188819602118?_skw=zoids&hash=item2bf6867ac6:g:goMAAeSwFLNqhlCH,https://i.ebayimg.com/images/g/goMAAeSwFLNqhlCH/s-l225.jpg
zoid,other,eBay,marketplace,Hasbro 2001 Zoids Venomous Viper Model Kit Built And Stickered With Pilot,13.49,0.0,False,USD,Used,https://www.ebay.com/itm/800503402335?_skw=zoids&hash=itemba61b88f5f:g:aDYAAeSw~7lqALlM,https://i.ebayimg.com/images/g/aDYAAeSw~7lqALlM/s-l225.jpg
zoid,model_kit,eBay,marketplace,ZOIDS EPZ-003 Great Sabre Tiger Marking Plus Ver. 1/72 Model kit Kotobukiya,118.31,2.89,False,USD,New,https://www.ebay.com/itm/287533725024?_skw=zoids&hash=item42f2587560:g:urAAAeSwJFFqiPbU,https://i.ebayimg.com/images/g/urAAAeSwJFFqiPbU/s-l225.jpg
zoid,model_kit,eBay,marketplace,ZOIDS ATAK KAT Assembled Complete With Nice Box! Hasbro 2001,29.0,,True,USD,Used,https://www.ebay.com/itm/117356333150?_skw=zoids&hash=item1b52fb885e:g:Y2kAAeSwxxdqfRLH,https://i.ebayimg.com/images/g/Y2kAAeSwxxdqfRLH/s-l225.jpg
zoid,model_kit,eBay,marketplace,Zoids Chaotic Century Complete Anime Series Ep 1-67  Audio option in description,34.99,0.0,False,USD,,https://www.ebay.com/itm/395168208416?_skw=zoids&hash=item5c01dc5620:g:HQEAAOSw1BdhcWrD&amdata=enc%3AAQALAAAA4ACCtXRWQnOEpyOqnQQ8KGYa9NEZUw%2FIxtJhzQ8PFAaM%2FoI5UQpntcod6BWLt%2BoL%2FCMv%2BggAvTBgjErB9DMxJFGEeEZsqUMCq5RYxrwxTzYTjvEQjc2QztwbM7SOJe2mrkJsFD1SCSjvg%2FoCckrHZuCKraJ%2BsiM9wiaA4Vl27wKnsK1Z6GmQ8msO4o9pZsP39TmcjfRHLAjJt0Msv%2BGdxSgc7mDVBpTMGUBoz%2FPlIORx9l5PdOmw6FB5LJsnvjrdlkzE%2Fi3H4T7rjx6uijxDhGbYi7ZE8qdlS2Qj21mTXGCz,https://i.ebayimg.com/images/g/HQEAAOSw1BdhcWrD/s-l225.jpg
zoid,model_kit,eBay,marketplace,Zoids New Century Zero Anime Complete Series Episodes 1-26 English Audio,24.99,0.0,False,USD,,https://www.ebay.com/itm/394077460701?_skw=zoids&hash=item5bc0d8d8dd:g:f5QAAOSwMzthcX~y&amdata=enc%3AAQALAAAA4ACCtXRWQnOEpyOqnQQ8KGaypV%2BHKo5bqy2gQ5fvGk38PW0KodtvnunJJdJLyx6%2BeY9qI20d1soXs1RdW9fOaD7X6GrhW4LZT%2FeDQiq6m92EMo2pPrRl232MgQxi4iUhEbW6CEWgIMk6B6Ueg7Aa4wrgXuaMtrOIcVXlXfhFLdSvsUqmPlJOWUamVqhy4aVwmB7f9FvcL%2FMvW4rU8ON1BjHCSmTh5QcJ4OtCa8Otvu3AFUPl242vaod9NcHohzuOzf%2BcPeAWMoYxyX2amFoJdvFy72BoSzEF8fXSw5zt26i3,https://i.ebayimg.com/images/g/f5QAAOSwMzthcX~y/s-l225.jpg
zoid,model_kit,eBay,marketplace,Tomy Zoids Kadouoh Liger Zero Lion Type Action Figure Japan Vintage Unopened,104.0,27.0,False,USD,Used,https://www.ebay.com/itm/147481132193?_skw=zoids&hash=item22568f7ca1:g:ZWYAAeSwtcBqcQ7k&amdata=enc%3AAQALAAAA4ACCtXRWQnOEpyOqnQQ8KGYVWL%2FUzSbUlljyN%2FYsOUJ2qhWAfxa%2FMReze%2BwjjpIWK9T3xdlUdejmgkwUi2u%2FdwvhqfW%2Bn1CML5rOROnE3ZqKl3MOE5i2RC2dNMHGPfSCTFwECp5WtVk%2BL58xhf3SuXcsish0hUGLDyg1RujVn2ZSg16GQv8GMvmHOGAa9ArmzhgIICkTZNVkDJe0SKQB2EJiZTPMYRTvls%2BieoSH%2BDdPVl0GQHIr88And0L3I59kEYmLmhVSa44%2FksL5QfXEWHujcwEw6P%2Bmzug8NH1L%2BhuY,https://i.ebayimg.com/images/g/ZWYAAeSwtcBqcQ7k/s-l225.jpg
zoid,model_kit,eBay,marketplace,In Stock BT Black Knight ZOIDS White Liger Zero Assembly Model,71.74,0.0,False,USD,New,https://www.ebay.com/itm/406986155883?_skw=zoids&hash=item5ec243e76b:g:sj0AAOSwe~JmqfGZ&amdata=enc%3AAQALAAAA4ACCtXRWQnOEpyOqnQQ8KGb%2BiZ0pUv2MnJgv4163VJiOmC8kEFLGpguqeVwgiGwIs9htjSM3uUsVN7mKOS1Dr21wKLMLdsdtgUcIWSVkzk11BiV%2Bp2MDH%2B6FY8i6agLNY3AU%2BXMpPyC5mtGmCmMphvNi2yMOdLUiOi3WdCil1YZYCUPrNDZKcnJeEqaKH95uRyqb3UMdQZdKeySCfWzZvydkyWggiH6fJOODtlJ7pPwsT0CwPnG8FSSABO7ium1HTc1PB1IOuVWLqCju2H8zdNElpI7f1hYlK5zisJCIf1mo,https://i.ebayimg.com/images/g/sj0AAOSwe~JmqfGZ/s-l225.jpg
zoid,model_kit,eBay,marketplace,2000 Tomy Zoids CP-11 Maneuver Thrusters add on parts for Iron Kong,49.95,19.75,False,USD,New,https://www.ebay.com/itm/188802892125?_skw=zoids&hash=item2bf587815d:g:Qf0AAeSwHn1qgg24&amdata=enc%3AAQALAAAA4ACCtXRWQnOEpyOqnQQ8KGaS6U5r9WcZRmCxfyBOPhKvc59YoSOxhSDaOv8eN%2B9EojEMf%2Bp3F1N%2Bl8f2Y4lMGsymq6eSAOl4p%2FeO0JHa9PQkoEAiGrZxhkcHAyjAVyniHHLvw1bHisS6Snv77vU47KQk%2BMlX7eliZHSS84y4AFw4wFxPRNO7saLYZOxYTo1Ss2my6%2Fj8ivih0d%2B%2BRc35WDidgq3osVHqFWsT9pytzu4zUQlqHld6R4HON00euv0zrRcel7qX7RpvMjORyZhlU21fOynoTjg2R3QMkhK8zONb,https://i.ebayimg.com/images/g/Qf0AAeSwHn1qgg24/s-l225.jpg
zoid,model_kit,eBay,marketplace,Zoids 1/72 EZ-034 HMM Geno Breaker Repackage Ver Plastic Model limited 350mm,115.0,,False,USD,New,https://www.ebay.com/itm/128037025052?_skw=zoids&hash=item1dcf99f51c:g:-iYAAeSwzMRqh5JS&amdata=enc%3AAQALAAAA4ACCtXRWQnOEpyOqnQQ8KGbevr1KTAd2aiePmSxekNdUXNWqCRa9xC%2ByRc7pDRmuvc8kpHsLYjJECPa0S1T--SOpdhOR7x2KBEBso%2FoyiN4QylJ%2FwDXRTmXqnDLAcEjUo4FNxTVz1yw%2FZPs4mrdpDc9nkWcpq8Wbq8DUNr7bKqeoj8qfwzIFS9j6T26vLKiqK0pqsX9vNPogytg%2FG5uNDGF%2Ba%2FHGTa4ufrv0amBx%2F0BTvw0PflRTaoQJVLRH%2FVTU0CkjN7nXM8EygCSN%2F2PugZ2igtNipl0gXoVBxNyAhxqw,https://i.ebayimg.com/images/g/-iYAAeSwzMRqh5JS/s-l225.jpg
zoid,model_kit,eBay,marketplace,#045 Pteramander 2002 ZOIDS Hasbro Action Figure Model Kit NEW SEALED,65.0,,False,USD,New,https://www.ebay.com/itm/327313741331?_skw=zoids&hash=item4c356b5613:g:CiMAAeSwCYxqgk0O,https://i.ebayimg.com/images/g/CiMAAeSwCYxqgk0O/s-l225.jpg
zoid,model_kit,eBay,marketplace,ZOIDS CHOGOKIN CHANGING ARMOR set for RZ-041 LIGER ZERO BANDAI,256.61,45.0,False,USD,Used,https://www.ebay.com/itm/396511595473?_skw=zoids&hash=item5c51eecbd1:g:FLcAAeSwh9RpEbLA,https://i.ebayimg.com/images/g/FLcAAeSwh9RpEbLA/s-l225.jpg
zoid,model_kit,eBay,marketplace,Vintage ZOIDS Liger Zero #041 Hasbro 1/72 Scale Motorized Figure Never Opened,249.99,6.65,False,USD,New,https://www.ebay.com/itm/336708164244?_skw=zoids&hash=item4e655eda94:g:0KQAAeSwRo9qZSdF,https://i.ebayimg.com/images/g/0KQAAeSwRo9qZSdF/s-l225.jpg
zoid,model_kit,eBay,marketplace,Vintage Tomy Zoids Robo Strux Parts Lot,220.0,0.0,False,USD,Used,https://www.ebay.com/itm/307114892587?_skw=zoids&hash=item4781795d2b:g:LHIAAeSw~uRqd3-k,https://i.ebayimg.com/images/g/LHIAAeSw~uRqd3-k/s-l225.jpg
zoid,model_kit,eBay,marketplace,Zoids RZ-041 Liger Zero Schneider Marking Plus Ver. Model Kit Kotobukiya,119.95,9.95,False,USD,New,https://www.ebay.com/itm/177802010074?_skw=zoids&hash=item2965d35dda:g:TEIAAeSwPY9qC1~c,https://i.ebayimg.com/images/g/TEIAAeSwPY9qC1~c/s-l225.jpg
zoid,model_kit,eBay,marketplace,Zoids: Chaotic Century 1-11 + New Century Zero 1-6 English DVDs Rare Anime OOP,500.0,,False,USD,Good,https://www.ebay.com/itm/287470757567?_skw=zoids&hash=item42ee97a6bf:g:UnEAAeSwwnlqXAOy,https://i.ebayimg.com/images/g/UnEAAeSwwnlqXAOy/s-l225.jpg
zoid,cards,eBay,marketplace,Zoids Galaxy Quest Planet Zi Ultimate Battle Card Game Unpunched Trading Cards,38.95,0.0,False,USD,New,https://www.ebay.com/itm/286969711560?_skw=zoids&hash=item42d0ba4bc8:g:m68AAeSwMjFpJeIf,https://i.ebayimg.com/images/g/m68AAeSwMjFpJeIf/s-l225.jpg
zoid,model_kit,eBay,marketplace,Roarbotix Vintage Tomy Starriors Zoids Wasters Tribots KO New on Card *RARE*,299.0,,True,USD,New,https://www.ebay.com/itm/188802325016?_skw=zoids&hash=item2bf57eda18:g:4rkAAeSw4qpqgeju,https://i.ebayimg.com/images/g/4rkAAeSw4qpqgeju/s-l225.jpg
zoid,model_kit,eBay,marketplace,ZOIDS RZ-007 Shield Liger DCS-J L350mm 1 72scale Plastic Model kit Kotobukiya,115.55,0.0,False,USD,New,https://www.ebay.com/itm/820033080065?_skw=zoids&hash=itembeedc7cb01:g:0FkAAeSwA-tqiPUl,https://i.ebayimg.com/images/g/0FkAAeSwA-tqiPUl/s-l225.jpg
zoid,model_kit,eBay,marketplace,Vintage 1980s Mechanical Dinosaur Zoid style Gundam Kit Toy Bootleg KO,199.99,0.0,False,USD,New,https://www.ebay.com/itm/128035024288?_skw=zoids&hash=item1dcf7b6da0:g:rbAAAeSwGGJqhgJb&amdata=enc%3AAQALAAAA4ACCtXRWQnOEpyOqnQQ8KGaV8O7rMyDuPMMYnWCpY8i6PmH02PNYO%2B5d5hax17%2Bu4PljfbrR7ckEPZOJOunENVaYiNu%2FKtYLnB2%2BPTNHN2CkqPsdbENCyWpch6JbFqXWJs1rN9lyGtI8nerF5RFEKKLVs6adoarfPqtu6olf77xRi8V1T92xqQwXM%2BumYi965OXNli1QWcWK4%2BpHqLgyI6FWqs4rft%2BTby6DZFndDSEA822%2BNP86%2FZMfSqOGXhyzrsMTM%2Btk645EbgIPZUQRR1GoPecvvHSGGGBHdV9rAIZd,https://i.ebayimg.com/images/g/rbAAAeSwGGJqhgJb/s-l225.jpg
zoid,model_kit,eBay,marketplace,Kabaya Zoids Candy Toy Zoids Watch Icon Devison Age14+,115.76,29.0,False,USD,Used,https://www.ebay.com/itm/188829017769?_skw=zoids&hash=item2bf71626a9:g:2esAAeSwIR1qiThP&amdata=enc%3AAQALAAAA4ACCtXRWQnOEpyOqnQQ8KGbHGBoa6ZAw9MneQNMLzJUr%2BrWiKjG4XNjeARr6fUkOVhTaITj1tDlwbNfqX6lxyuGfB9Rd0aaqRQQHOYiW4F05MYr%2BWe29ba%2BNKgLBNND640jKdNM%2FfBXy4%2BAP3A6gYVwfjmB35Qr0EQqRnmxCY582mxB%2FyNlBoRsg9%2F9WgGoOJ0UTXv6Vds%2B2nTfhR5RrZTrAYTCjLP8IMK9lHxuf3kV0zMIV8tpBLxJdB6J0GInGXGzYw678pxPJMMGdIjAdKhwV8Cl8yv3%2BJyKYP3gIW91f,https://i.ebayimg.com/images/g/2esAAeSwIR1qiThP/s-l225.jpg
zoid,model_kit,eBay,marketplace,Zoids Elephander Action Figure-By Tomy-Rare-2002-Includes HTF Parts As Pictured,25.0,,False,USD,Used,https://www.ebay.com/itm/168538939290?_skw=zoids&hash=item273db41f9a:g:WHAAAeSwe4RqWDx4&amdata=enc%3AAQALAAAA4ACCtXRWQnOEpyOqnQQ8KGa2yOEp9vGjprgDhf7iiyJY7Kuy80HwTwsJvZw3pMtAdxU8jbpmznAUgQA%2FIBYBzIuI9wQDJM8FZ%2FyHRbGCJwgs46N8LseJ01pILgZhJI4bx6qYD5505czsqjINuS6ZSbW3EgjnsbsGsnYIGvUSaTAd2YHZ3CBeNTd1D5MYmERbtl2PY2tDn%2F5uW7Xw9wIB754yIiynjUwHWxOT3AKqAQldqlEbAZBdsdzkalfYuh5KopYPdU30FGqkbaLANZD7k3pWoiCZWF9HHmhVFpDJfbTQ,https://i.ebayimg.com/images/g/WHAAAeSwe4RqWDx4/s-l225.jpg
zoid,model_kit,eBay,marketplace,"ORIGINAL 2002 HASBRO ZOIDS CHAMELEOR #058 1/72 SCALE, NOS, SEALED",24.99,,False,USD,New,https://www.ebay.com/itm/257695356281?_skw=zoids&hash=item3bffd71579:g:SEsAAeSwS8tqiHN-,https://i.ebayimg.com/images/g/SEsAAeSwS8tqiHN-/s-l225.jpg
zoid,model_kit,eBay,marketplace,Kotobukiya - Zoids - EHI-7 Reddra Zenebus Empire Version Model Kit [New Toy],53.39,0.0,False,USD,New,https://www.ebay.com/itm/198253987098?_skw=zoids&hash=item2e28dbc51a:g:GbcAAeSwR6VpHYs8,https://i.ebayimg.com/images/g/GbcAAeSwR6VpHYs8/s-l225.jpg
zoid,model_kit,eBay,marketplace,2002 Hasbro Tomy Zoids Liger Zero Electronic White Lion Works - Missing Parts,14.99,,False,USD,Used,https://www.ebay.com/itm/800531689323?_skw=zoids&hash=itemba63682f6b:g:At4AAeSwUp5qeVAF,https://i.ebayimg.com/images/g/At4AAeSwUp5qeVAF/s-l225.jpg
zoid,model_kit,eBay,marketplace,Zoids Fuzors Anime Complete Series Episodes 1-26 English Audio,21.99,0.0,False,USD,,https://www.ebay.com/itm/286172076383?_skw=zoids&hash=item42a12f595f:g:4FQAAeSwYaxqXFkq,https://i.ebayimg.com/images/g/4FQAAeSwYaxqXFkq/s-l225.jpg
zoid,model_kit,eBay,marketplace,TOMY Zoids Motorized Model Kit Lot DISPLAY BOXES & MISCELLANEOUS PARTS ONLY ￼,120.0,,False,USD,Used,https://www.ebay.com/itm/366616774341?_skw=zoids&hash=item555c1006c5:g:pFYAAeSwrWpqhhwT,https://i.ebayimg.com/images/g/pFYAAeSwrWpqhhwT/s-l225.jpg
zoid,model_kit,eBay,marketplace,Zoids HMM 030 Liger Zero Jager Unit Marking Plus 1/72 model kit Kotobukiya,49.99,0.0,False,USD,New,https://www.ebay.com/itm/389472518045?_skw=zoids&hash=item5aae5eff9d:g:lDQAAeSwlJxpYKpf,https://i.ebayimg.com/images/g/lDQAAeSwlJxpYKpf/s-l225.jpg
zoid,other,eBay,marketplace,ZOIDS WILD XENO REX BUSTER XA Painted Custom Version USED TAKARA TOMY From Japan,185.85,0.0,False,USD,Used,https://www.ebay.com/itm/366621937113?_skw=zoids&hash=item555c5ecdd9:g:InAAAOSwrhRn2-eS,https://i.ebayimg.com/images/g/InAAAOSwrhRn2-eS/s-l225.jpg
zoid,model_kit,eBay,marketplace,Takara Tomy T-Spark Realize Model ZOIDS RMZ-016 Blade Liger Panzer ZBF,106.55,0.0,False,USD,New,https://www.ebay.com/itm/227449942619?_skw=zoids&hash=item34f512b25b:g:x1MAAeSwwnxqZzag,https://i.ebayimg.com/images/g/x1MAAeSwwnxqZzag/s-l225.jpg
zoid,model_kit,eBay,marketplace,2002 Hasbro Tomy Zoids Golden Liger Zero 6” Action Figure Incomplete,15.0,,False,USD,Used,https://www.ebay.com/itm/327318252042?_skw=zoids&hash=item4c35b02a0a:g:WxsAAeSwcZVpmnXA,https://i.ebayimg.com/images/g/WxsAAeSwcZVpmnXA/s-l225.jpg
zoid,model_kit,eBay,marketplace,Zoids Battle Legends - Case And Game Only,45.0,,False,USD,Good,https://www.ebay.com/itm/206507076686?_skw=zoids&hash=item3014c7ec4e:g:GmQAAeSwLrNqh5DB,https://i.ebayimg.com/images/g/GmQAAeSwLrNqh5DB/s-l225.jpg
zoid,model_kit,eBay,marketplace,Takara Tomy Zoids 40th Anniversary AZ-03 Murasame Liger 1/72 Scale Model Kit,139.99,0.0,False,USD,New,https://www.ebay.com/itm/407023229039?_skw=zoids&hash=item5ec479986f:g:gWQAAeSwxcJqQ0nX,https://i.ebayimg.com/images/g/gWQAAeSwxcJqQ0nX/s-l225.jpg
zoid,model_kit,eBay,marketplace,NEW Capcom ZOIDS Beast Liger Magai Monster Hunter Magnamalo Action Figure,100.0,0.0,False,USD,New,https://www.ebay.com/itm/206365897010?_skw=zoids&hash=item300c5db132:g:seQAAeSw0jhqOYN2,https://i.ebayimg.com/images/g/seQAAeSw0jhqOYN2/s-l225.jpg
zoid,model_kit,eBay,marketplace,Zoids Genesis Japanese DVD Box Set Vols 1-8 Complete Collection Avex NEW,314.96,0.0,False,USD,Brand New,https://www.ebay.com/itm/398171658111?_skw=zoids&hash=item5cb4e1577f:g:0CkAAeSwm3ZqKOdH&amdata=enc%3AAQALAAAA4ACCtXRWQnOEpyOqnQQ8KGbsICThgGUsK2RUbRxKyy0qnPIDRREt1ixUW2DQ%2BoBMV%2Bh111mwVjwVr517g7UfKdpGBfUnJkHRENe9ZbW%2BSKE69W1xbHCfTtmlT%2F39PBQTT9EO8hLxYNnBw%2ByHU%2FQ5oed4XIif%2FDQhFY71wIn02vWbBTUt6UdKjJD5UHs64YTezdWsvRdj4lhpoBRuB4RMFSjGXsw%2FR3O1FjXv4ZuUGFTeN0CfhOKhN69J%2FsVjw%2FWx1%2Fh%2FNZY08e%2BofxyObpNCnSXS3k9sxmmR%2FiEMRT2OAilP,https://i.ebayimg.com/images/g/0CkAAeSwm3ZqKOdH/s-l225.jpg
zoid,model_kit,eBay,marketplace,Takara Tomy 1/35 SPIDER ZOIDS SPIDER-MAN Special MK ✨USA Ship Seller✨,59.95,10.0,False,USD,New,https://www.ebay.com/itm/397208204658?_skw=zoids&hash=item5c7b743572:g:5PMAAeSwA0BpAruD&amdata=enc%3AAQALAAAA4ACCtXRWQnOEpyOqnQQ8KGZypvszB68447nxypemWYqnmCVM%2FvcJfrSYSWFhv10UZ5RXHNtr3kjQBfyKjLhbQD8Kll4orRqOMwD4qIz4BtrIUaV6yYIH3Ze2NFDaCvxPPD1JZRdRiGqE5dLtUy3b1UERjehtz6qqxnqSQ%2BoKjBrT5LceEKUP7iBt7svybdgyRN61LQGmzztwY9vRSiAML%2BvX3z2ig5Iy%2Bi7J%2Ffyi0Eej0NPo15Pj%2FjpOFgFDnwt%2BQWvb6pvKj0TPK7vNIcK545WPiEAr1%2FGdRQw1YsLCpjps,https://i.ebayimg.com/images/g/5PMAAeSwA0BpAruD/s-l225.jpg
zoid,model_kit,eBay,marketplace,ZOIDS-METAL RHIMOS Rhinoceros type Special Limited specification kit Tomy,75.0,16.0,False,USD,New,https://www.ebay.com/itm/188795423206?_skw=zoids&hash=item2bf51589e6:g:yyMAAeSw~cFqgAtz&amdata=enc%3AAQALAAAA4ACCtXRWQnOEpyOqnQQ8KGamRYiTWUAtzTaCOCCOLSfhc5RKeYBqJf6nUuyScN2%2F2Y%2FhMz4w45lNQbWNUTGd7LnwgyBnmDFMyfv%2Bxt2Q2n3qV8oyh4Raxs%2Bok17Kej0ZKhSQJj91WwQJ8XFEMZmJfFQd28A10XYoZi5biQc7Uux8CzFPEey8HCkD4Z7v09Z6K5HsTepNlFFqTZW0rsRI8ljgmKnLLOENUgOEp%2FFcZZcx%2Bydv0fkajmblM%2FrpzjqCrCS1%2BLMDxb0y5znCT%2FWP8J0dNiKp1SE15H%2FCAmNAv%2BpC,https://i.ebayimg.com/images/g/yyMAAeSw~cFqgAtz/s-l225.jpg
zoid,model_kit,eBay,marketplace,Zoids: The Battle Begins DVD volume 1,35.0,,False,USD,Very Good,https://www.ebay.com/itm/377372636127?_skw=zoids&hash=item57dd2973df:g:oOoAAeSwWEBqZt0q&amdata=enc%3AAQALAAAA4ACCtXRWQnOEpyOqnQQ8KGa4qtWJZutvQ97zvxeABiaU911foFndqRjiFM7ta0JlWbi0kHF3gImLJyednWAualWbTyruOBgEQZVKPELUdTz4eXa%2Fhl7eL2nP3Ip0ti896IOxBzw7HqouXNzWxP1aOibTl7zBQ81RD4QY3i30BULdERwS0kXYXI89ycjXmTX2tM9uQ5lBubhyWvzr5lIj15v1WSzT2hMRthEGQFKnuXLNdToxo458T2%2F4aHFBD%2BfTBfgdkmD1BPId%2F05grUmAVMJspgIfsEPkeo1teyL2rShV,https://i.ebayimg.com/images/g/oOoAAeSwWEBqZt0q/s-l225.jpg
zoid,model_kit,eBay,marketplace,Takara Tomy Zoid Liger Parts Lot Incomplete White Gold Blue,15.0,,False,USD,Used,https://www.ebay.com/itm/267763797331?_skw=zoids&hash=item3e57f74d53:g:YwMAAeSwPdNqiKrn,https://i.ebayimg.com/images/g/YwMAAeSwPdNqiKrn/s-l225.jpg
zoid,model_kit,eBay,marketplace,Kotobukiya D-Style ZOIDS Blade Liger special limited -Gold plated parts include,6.5,39.0,False,USD,New,https://www.ebay.com/itm/297687131853?_skw=zoids&hash=item454f8926cd:g:ky0AAOSwlZdkACMO,https://i.ebayimg.com/images/g/ky0AAOSwlZdkACMO/s-l225.jpg
zoid,model_kit,eBay,marketplace,Zoids AM-Z01CP Berserk Fuhrer Sturm & Jagt Unit T-SPARK Limited,265.0,0.0,False,USD,New,https://www.ebay.com/itm/327310487647?_skw=zoids&hash=item4c3539b05f:g:rHoAAeSw2SRqd-v5,https://i.ebayimg.com/images/g/rHoAAeSw2SRqd-v5/s-l225.jpg
zoid,model_kit,eBay,marketplace,Takara Tomy ARTS Gacha Shoulder Zun Fig ZOIDS Figure - 1 Random,13.95,0.0,False,USD,New,https://www.ebay.com/itm/137620795357?_skw=zoids&hash=item200ad6afdd:g:7rkAAeSwWg9qg0ZY,https://i.ebayimg.com/images/g/7rkAAeSwWg9qg0ZY/s-l225.jpg
zoid,model_kit,eBay,marketplace,2002 Tomy Hasbro ZOIDS Lightning Saix Gun Sniper Figure Lot,12.99,7.99,False,USD,Used,https://www.ebay.com/itm/267744197086?_skw=zoids&hash=item3e56cc39de:g:ogwAAeSwW3hqbQt~,https://i.ebayimg.com/images/g/ogwAAeSwW3hqbQt~/s-l225.jpg
zoid,model_kit,eBay,marketplace,"ZOIDS Vintage Huge Lot Tomy Hasbro Liger, 2 Pilots Mixed PARTS/REPAIR As-Is",79.95,11.95,False,USD,Used,https://www.ebay.com/itm/158213222259?_skw=zoids&hash=item24d63e2f73:g:Pc0AAOSwxidkl2kJ,https://i.ebayimg.com/images/g/Pc0AAOSwxidkl2kJ/s-l225.jpg
zoid,model_kit,eBay,marketplace,Zoids Chaotic Century Manga Volume 1 & 2 Viz,22.0,,False,USD,Very Good,https://www.ebay.com/itm/158165298493?_skw=zoids&hash=item24d362ed3d:g:t50AAeSwyShqdnu3&amdata=enc%3AAQALAAAA4ACCtXRWQnOEpyOqnQQ8KGbPEems0LANuYY5XokExCqjQILxXPTmv7uPobWK%2FI%2FHWjAQicrrtDczZjBCR%2BpbsYgMJnxQ%2FQ6zIXhfMCT8WO06KpHARKs%2BGuibcwoisYKx3hNgKXV0XODgJGuwkz13kTCMLEVL%2F8pzXvFo8LuFP%2FDxFjTUDat48ZXo0enr7ZQ7%2FDQx0PKAulLgvZL8XNT6zjNrdiwCHZ05DvT%2FTYisAUDd9pe3DW30OY6jBV6znZcbpsS5mSB%2B81HWEBvq%2FRBKQGsTYb62UXXKcAUhQU2NAh1Z,https://i.ebayimg.com/images/g/t50AAeSwyShqdnu3/s-l225.jpg
zoid,model_kit,eBay,marketplace,1/72 Zoids NBZ-10 Grand Largo Neo Blox Model,163.5,20.0,False,USD,Used,https://www.ebay.com/itm/358208788069?_skw=zoids&hash=item5366e85665:g:VKYAAeSw2DJqhyj-&amdata=enc%3AAQALAAAA4ACCtXRWQnOEpyOqnQQ8KGZ0NL8VPbNMMhTtrcLhQQoXVEdSygps%2FBnR0L5l79EO52CiXARAMePlll%2BZse2A9wdjboCugIOqH4PNDNzNAk7Hw07qgo9%2FyfZ16uxePsuzNtXqSQaHeB16p3e07OjUyv4Be1aFniJYiQ4hC7a3YX1QPVHREPd06ENoAmK8nf7rneFcfRtz4Pxrf69zL2TzN%2B2vTIrJPgfJWw2rO4lHbm2euEgVIsd9nm9P7mSGW6Ab9kd8LzyrUtcWuWc1VtovUJ6uEKWqGqVqQ1BbEyFBHrHi,https://i.ebayimg.com/images/g/VKYAAeSw2DJqhyj-/s-l225.jpg
zoid,model_kit,eBay,marketplace,Zoids Deathsaurer EPZ-06 Dinosaur Type - Tomy - Original Japanese Release ,179.99,,False,USD,Used,https://www.ebay.com/itm/157947682593?_skw=zoids&hash=item24c66a5f21:g:SG8AAeSwKuRqF5JV,https://i.ebayimg.com/images/g/SG8AAeSwKuRqF5JV/s-l225.jpg
zoid,model_kit,eBay,marketplace,Blade Liger Mirage ZOIDS Plastic Highend Master Model Kit Kotobukiya 1/72 RZ-028,140.0,0.0,False,USD,Used,https://www.ebay.com/itm/267688758112?_skw=zoids&hash=item3e537e4b60:g:r-MAAeSw51NqIHp8,https://i.ebayimg.com/images/g/r-MAAeSw51NqIHp8/s-l225.jpg
zoid,model_kit,eBay,marketplace,Zoids Mini Figs x 3,24.99,6.0,False,USD,Used,https://www.ebay.com/itm/398263982246?_skw=zoids&hash=item5cba6218a6:g:h6EAAeSwA9Fqd2b7,https://i.ebayimg.com/images/g/h6EAAeSwA9Fqd2b7/s-l225.jpg
zoid,model_kit,eBay,marketplace,Hasbro Zoids Dark Spiner Figure Model Kit #060 1/72 INCOMPLETE FOR PARTS ONLY,55.99,0.0,False,USD,Used,https://www.ebay.com/itm/257642358836?_skw=zoids&hash=item3bfcae6834:g:0uYAAeSwU7hqZWRt,https://i.ebayimg.com/images/g/0uYAAeSwU7hqZWRt/s-l225.jpg
zoid,model_kit,eBay,marketplace,Zoids HMM024 Gun Sniper Leena Special 2001 Re/Color model kit Kotobukiya,99.99,0.0,False,USD,New,https://www.ebay.com/itm/800300872210?_skw=zoids&hash=itemba55a63212:g:jyoAAeSw909qTGyM,https://i.ebayimg.com/images/g/jyoAAeSw909qTGyM/s-l225.jpg
zoid,model_kit,eBay,marketplace,"Saber Tiger RMZ-006 Plastic Model Kit - Zoids Spical Assembly Toy, Collectible",94.99,0.0,False,USD,New,https://www.ebay.com/itm/237022499822?_skw=zoids&hash=item372fa453ee:g:fB8AAeSwzMRqiRGa,https://i.ebayimg.com/images/g/fB8AAeSwzMRqiRGa/s-l225.jpg
zoid,model_kit,eBay,marketplace,Zoids ADVANCED Zi Red Horn Model Kit RMZ-014,73.98,0.0,False,USD,New,https://www.ebay.com/itm/377429715823?_skw=zoids&hash=item57e0906b6f:g:LSoAAeSwJK9qhJqm,https://i.ebayimg.com/images/g/LSoAAeSwJK9qhJqm/s-l225.jpg
zoid,model_kit,eBay,marketplace,Kotobukiya Zoids HMM EZ-026 Geno Saurer Repackage Ver. 1/72 Model Kit,135.0,,False,USD,Used,https://www.ebay.com/itm/267758619530?_skw=zoids&hash=item3e57a84b8a:g:Ja8AAeSw3bJqgSwj,https://i.ebayimg.com/images/g/Ja8AAeSw3bJqgSwj/s-l225.jpg
zoid,model_kit,eBay,marketplace,TAKARA TOMY DAEWON ZOIDS WILD : ZW55 Xeno Rex Scissors XA Tyrannosaurus Type,89.8,0.0,False,USD,New,https://www.ebay.com/itm/126243225931?_skw=zoids&hash=item1d64aec14b:g:SQ8AAOSwFAllgXzA&amdata=enc%3AAQALAAAA4ACCtXRWQnOEpyOqnQQ8KGZpMz2XlglxaMRJlrOL7ZL6hqSHBHBW1mzm3J1P%2BA0NZNa4eRug26y248WqMYJo1btnMZ19V8His4TiwrxXEHzuagsMC5xk%2BzMqiinc7qiB0YDZHk3I%2FEkjBZAVtMDkl%2BTDBDpf1AZeRhg7PKAWXYdO65YGnINeqHr14lD2lZvxZcIjtZ8moSaCXr9Ph3yUHORY1ONK7pP8%2BfL6afhgWlAmRD5Yv8UXIJhxSj%2F7giipKjCAUu87HmVajUNwhJDynYxLq3RXTB9DBDiwqnC3bvhX,https://i.ebayimg.com/images/g/SQ8AAOSwFAllgXzA/s-l225.jpg
zoid,model_kit,eBay,marketplace,ZOIDS Bear Fighter Wind Up Figure CoroCoro Offer Collectible 15+,105.25,24.0,False,USD,Used,https://www.ebay.com/itm/398245377220?_skw=zoids&hash=item5cb94634c4:g:-fAAAeSw6PpqcKzm&amdata=enc%3AAQALAAAA4ACCtXRWQnOEpyOqnQQ8KGaAhPoNzO5%2B6SKMBF41Bcfgqluy6CatTc7r6IDBEbt%2FOurOhZS1A93hfUYiu7hAB8lWGxulvKpExVDrouorMi3%2Fjo0mSlFj81wSuXepb0JIu%2FcFXRDLUYDHEa4ZdTgWmcQO45z2NZglWODhcya4dUKrai%2F2H80m4QypKFkCXS7zF9voZMaZ2DJeVt2XO9%2FNY0pdOl1WXMJz4gBFMCMYykd0PR%2FFJoCAVPx7OSDPhb3gxKRZD95ZpWuC6LY8etwjJdVY%2F9O%2Bb55PoRllqFxsHX%2BC,https://i.ebayimg.com/images/g/-fAAAeSw6PpqcKzm/s-l225.jpg
zoid,model_kit,eBay,marketplace,ZOIDS Bear Fighter Wind Up Figure CoroCoro Offer Collectible 15+,105.25,24.0,False,USD,Used,https://www.ebay.com/itm/398245377220?_skw=zoids&hash=item5cb94634c4:g:-fAAAeSw6PpqcKzm&amdata=enc%3AAQALAAAA4ACCtXRWQnOEpyOqnQQ8KGaAhPoNzO5%2B6SKMBF41Bcfgqluy6CatTc7r6IDBEbt%2FOurOhZS1A93hfUYiu7hAB8lWGxulvKpExVDrouorMi3%2Fjo0mSlFj81wSuXepb0JIu%2FcFXRDLUYDHEa4ZdTgWmcSN3Hx2xcZzzdQEKTYIMV6P0PL9IoYCkycc6SeLpopHBWaCzlZ6o6XjzDQbmpbulHn%2BXP%2FCYb8udGbjym2z%2BsC3%2BUxFeB%2Br9j7Dbid6nEhjGJGfg8pJMWgp2TpaHdARpKps5InvPJKcuCskLDCC6%2FI9,https://i.ebayimg.com/images/g/-fAAAeSw6PpqcKzm/s-l225.jpg
zoid,model_kit,eBay,marketplace,TOMY ZOIDS Fusers 1/72 FZ-009 Allosaurer (Allosaurus type) Age14+,115.76,29.0,False,USD,Used,https://www.ebay.com/itm/188829019315?_skw=zoids&hash=item2bf7162cb3:g:9E0AAeSw0KVqiTkf&amdata=enc%3AAQALAAAA4ACCtXRWQnOEpyOqnQQ8KGa7rLjJbiiUoSHUXrWQwcL2C3mbkvbHFk2oZW%2F9IWbIB%2FUynNJoFHjZ%2BdIyu98Dh0ibjh7gTTTDOvJ9h5i3793z2rxgrq2c5MYy%2Fns%2FTMYIfKG%2FDxrGiSe1GBFvaMYx6lHsYSpAiOCv4VRkeeevzpdIlziyrSMnDga1IY1WQxzAyhmOJr76sk5A1UQypt%2FfHTu%2F2gG%2Brl7FTZXDwzok9Cf6tLL%2B32TL04KVbwvoYyIKxpDkgU0k5ezOrJloTV7Tb5feWyEowG3BdHzxhTu8Zguj,https://i.ebayimg.com/images/g/9E0AAeSw0KVqiTkf/s-l225.jpg
zoid,model_kit,eBay,marketplace,Vintage Tomy  Techno Zoids Evil Pegasus Assembled Kit AS IS Parts Only,42.49,,True,USD,Used,https://www.ebay.com/itm/257688351470?_skw=zoids&hash=item3bff6c32ee:g:D18AAeSwU5NputDY&amdata=enc%3AAQALAAAA4ACCtXRWQnOEpyOqnQQ8KGa18Xao046YBy8wTa8PhLlORggngEsyDn1dTKW%2FwJPLOEkr7TonopM0BGalDfIePS09ajdMI4cbmBWnp20%2BP0hPoYfgkEPlfLlf%2F6Mdr8qy3vDN9aEFzYlBg6%2BPte5nuAmuVrRSqvFSMy8AjXIXvG%2BT6ylBWA6Mo1w3oydnTkIkJSU2frRAyUB9qMuWCBkYNehRb%2FCLZlIF7RbIL6KBmz7WtHU0AShwzHw%2FqsKtFPdImzy0euzfhJ%2Ffb4cX9PrTeXE5%2Fo%2B%2FNAPSAYBG5qLkchQ4,https://i.ebayimg.com/images/g/D18AAeSwU5NputDY/s-l225.jpg
zoid,model_kit,eBay,marketplace,Kotobukiya Zoids Zoid HMM 016 LIMITED RZ028 ver 1/72 Scale BLADE LIGER AB BANG,233.86,32.23,False,USD,New,https://www.ebay.com/itm/126506139237?_skw=zoids&hash=item1d745a7e65:g:9VIAAeSwkxVqAStg&amdata=enc%3AAQALAAAA4ACCtXRWQnOEpyOqnQQ8KGbp4TVL3o6iX6YYdHT0Gy3OPWDAkL%2B%2BVeJ5%2BfJQ%2FtsajFNSjpPk5EzTB6aoQRC%2FMA2j3Mm2TkREEzMRwM%2Beiu3XmbJ8uxcOjcmJyVJA5LyJNUZd7xJMK5gQP3dk5otCZ0jzeX7rmeSPIJBPBMc9C7uGbx3G%2Ftz%2FEaFCBbvUSW3rosIXIINR2jTptVQk5tt%2Blw84QaerMABe10kvdL4lhn2uliHcaf7SzAqLzX2J2tEwDV7Xqmx%2BKy9391xd7P3UavwKIr%2Bg%2B%2FXwtqiJydTpwHiS,https://i.ebayimg.com/images/g/9VIAAeSwkxVqAStg/s-l225.jpg
zoid,model_kit,eBay,marketplace,Hasbro Zoids Action Figure Motorized Model Kit 1/72 Dark Spiner #060 SEALED BAGS,70.0,,False,USD,New,https://www.ebay.com/itm/327313736989?_skw=zoids&hash=item4c356b451d:g:qgYAAeSwv-Jqgkxa,https://i.ebayimg.com/images/g/qgYAAeSwv-Jqgkxa/s-l225.jpg
zoid,model_kit,eBay,marketplace,Zoids HMM025 RZ-010 Pteras Bomber Marking Plus ver. 1/72 model kit Kotobukiya,89.99,0.0,False,USD,New,https://www.ebay.com/itm/363350205586?_skw=zoids&hash=item54995c2492:g:vmQAAOSw3uFgbTtR,https://i.ebayimg.com/images/g/vmQAAOSw3uFgbTtR/s-l225.jpg
zoid,model_kit,eBay,marketplace,Zoids Liger Zero Schneider Hasbro #041 1/72 Incomplete ,49.99,,False,USD,Used,https://www.ebay.com/itm/398289311569?_skw=zoids&hash=item5cbbe49751:g:BA0AAeSwgGdqgJlr,https://i.ebayimg.com/images/g/BA0AAeSwgGdqgJlr/s-l225.jpg
zoid,model_kit,eBay,marketplace,ZOIDS 1986 Annual Comic Book,19.95,0.0,False,USD,Like New,https://www.ebay.com/itm/128028694130?_skw=zoids&hash=item1dcf1ad672:g:NcEAAeSwWcdqgQL3,https://i.ebayimg.com/images/g/NcEAAeSwWcdqgQL3/s-l225.jpg
zoid,model_kit,eBay,marketplace,"Takars Tomy: Zoids Liger Zero (HMM 022, RZ-041) 1/72 Plastic Model Kit *READ*",119.99,0.0,False,USD,Used,https://www.ebay.com/itm/158089635444?_skw=zoids&hash=item24cee06674:g:GG0AAOSwHz9nSkVr,https://i.ebayimg.com/images/g/GG0AAOSwHz9nSkVr/s-l225.jpg
zoid,model_kit,eBay,marketplace,BT White Liger Zero RZ-041 Model Kit 1:72 Scale Mecha Beast Action Figure Build,57.49,0.0,False,USD,New,https://www.ebay.com/itm/278057327081?_skw=zoids&hash=item40bd8219e9:g:l3cAAeSwoulqIHj~,https://i.ebayimg.com/images/g/l3cAAeSwoulqIHj~/s-l225.jpg
zoid,other,eBay,marketplace,SF95-003 ZA Mugen LIGER Zoids Parts,50.0,,False,USD,Used,https://www.ebay.com/itm/117359805026?_skw=zoids&hash=item1b53308262:g:rV8AAeSw3Bxqf40f,https://i.ebayimg.com/images/g/rV8AAeSw3Bxqf40f/s-l225.jpg
zoid,model_kit,eBay,marketplace,Liger Zero Holotech - BAF 01 - Zoids [RARE] 2002 Tomy Hasbro,49.99,4.99,False,USD,Used,https://www.ebay.com/itm/287416762012?_skw=zoids&hash=item42eb5fbe9c:g:d2IAAeSwz6xqPErN,https://i.ebayimg.com/images/g/d2IAAeSwz6xqPErN/s-l225.jpg
zoid,model_kit,eBay,marketplace,Zoids Wild Anime Series English Dubbed and Subs Episodes 1-50,27.99,0.0,False,USD,,https://www.ebay.com/itm/285824688296?_skw=zoids&hash=item428c7aa0a8:g:oosAAOSwtrdmJdp2,https://i.ebayimg.com/images/g/oosAAOSwtrdmJdp2/s-l225.jpg
zoid,model_kit,eBay,marketplace,TOMY Firefox Zoids Age14+,126.83,39.0,False,USD,Used,https://www.ebay.com/itm/178431578204?_skw=zoids&hash=item298b59d05c:g:qMEAAeSwtwVqiTl3&amdata=enc%3AAQALAAAA4ACCtXRWQnOEpyOqnQQ8KGYJ2tK3ahBOqU5sZ69QXNBrjkCyYCo%2Be3Wxjl3q25Nr%2F6D7Dqg9PT88JW%2BAxXeGS0QsuhGhRFkPeo9CP9oEKLAkXqXzyrNpVqPdzFnyg9ov4LZOIO87hFmwlTR7sO4U25sFGDGLXmTL%2BZG0v6kaPEn%2B3nTYERdDRuh1SBDgaKDla6BzesfFQcBIWnugh0pD7udUqRha2Q5X7coe%2BqRzeoTICW%2FB5RW5ceG4kFwTmZV0fqBOPL974HyK7uBlTvDTiPl1RLQR1RfPtjrts2dq6DpV,https://i.ebayimg.com/images/g/qMEAAeSwtwVqiTl3/s-l225.jpg
zoid,model_kit,eBay,marketplace,TAKARA TOMY DAEWON ZOIDS WILD : ZW58 Xeno Rex Buster XA Tyrannosaurus Type,89.8,0.0,False,USD,New,https://www.ebay.com/itm/126287938212?_skw=zoids&hash=item1d675902a4:g:a8EAAOSwz~RlqNBO&amdata=enc%3AAQALAAAA4ACCtXRWQnOEpyOqnQQ8KGZpXOlNFIElX%2FwEgBsRiPg7SXtPzwpJzFkEHxTVDPUfGB3TnHa6ir%2BVxSxDdmBLoM7%2BDpazWN6WFMpcxZUf4nx4vZ8igG4ArmiZx5OfHMfR12ouNiS8dqcPoiT7oJtVM9Jn%2Fiy9Yq9okRGpW4Fe2p7Vs%2Bgt9ZO7BBxdec3eTcNZr2LatIgtVPdkX1TUirfE5SJPsDhEUi1SlslfW0ovSUJcGFVZ54u9r6LkS2%2FSAMXJYsk3wjZCvORafBWp46LHD2spmnhBrJwO0mFeqTeb9dj1,https://i.ebayimg.com/images/g/a8EAAOSwz~RlqNBO/s-l225.jpg
zoid,model_kit,eBay,marketplace,Zoids Metamor Verse MV-01 Ao Kiriyama & Blade Liger Takara Tomy US Seller,150.0,0.0,False,USD,New,https://www.ebay.com/itm/117245593612?_skw=zoids&hash=item1b4c61c80c:g:-C0AAeSwMWtqLEkF&amdata=enc%3AAQALAAAA4ACCtXRWQnOEpyOqnQQ8KGblAuZRC7rjk5jsDwobIBEfx1TI9jbJbzZ6RbRHMd4%2FcFSwTilHWDLubnNMYQZJ49WUE4jccGtDujZizeSQPwkLxteUYMlUC2v4YmirsipFAbJob%2Ff37wsuLmJ8hLnvXlidMB7m2lswziXFBCS%2BBa1ggBEcZ60kL2KhxLUC40S0asVmmIAEBk055MsIGO8311elVMWjRGQ2hqNg8rtG21fo%2F5ZATGtBjALbbynUszY67idXJo%2By2gYXe%2BMHj1dP6x%2BXG0WMWXVD4tXBJsW5r%2BeO,https://i.ebayimg.com/images/g/-C0AAeSwMWtqLEkF/s-l225.jpg
zoid,model_kit,eBay,marketplace,Takara Tomy T-SPARK ZOIDS RMZ-016 Blade Liger Panzer ZBF 1/100 Model Kit,110.0,30.0,False,USD,New,https://www.ebay.com/itm/287489342624?_skw=zoids&hash=item42efb33ca0:g:Om4AAeSwlDZqaMF-,https://i.ebayimg.com/images/g/Om4AAeSwlDZqaMF-/s-l225.jpg
zoid,model_kit,eBay,marketplace,Hasbro ZOIDS Konig Wolf 1/72 Scale Action Figure Model Kit #053 ~ New in Box,73.99,0.0,False,USD,New,https://www.ebay.com/itm/377326325567?_skw=zoids&hash=item57da66cf3f:g:PvoAAeSwKjRqTWGi,https://i.ebayimg.com/images/g/PvoAAeSwKjRqTWGi/s-l225.jpg
zoid,model_kit,eBay,marketplace,Vintage 1981 TOMY Robo Strux Special Edition Zoids Kit,14.39,0.0,False,USD,New,https://www.ebay.com/itm/186779765030?_skw=zoids&hash=item2b7cf10926:g:avwAAOSwtqhnNBBc,https://i.ebayimg.com/images/g/avwAAOSwtqhnNBBc/s-l225.jpg
zoid,model_kit,eBay,marketplace,1/72 Zoids HMM RZ-014 Godos Marking Plus Ver Model Kit New KOTOBUKIYA US Seller,40.0,,False,USD,New,https://www.ebay.com/itm/267763896416?_skw=zoids&hash=item3e57f8d060:g:MgYAAeSwVZ5qiNwn,https://i.ebayimg.com/images/g/MgYAAeSwVZ5qiNwn/s-l225.jpg
zoid,model_kit,eBay,marketplace,2002 Tomy Hasbro ZOIDS Lightning Figure Lot,15.0,,False,USD,Used,https://www.ebay.com/itm/206467817946?_skw=zoids&hash=item301270e1da:g:VPsAAeSwf4Jqc0aK,https://i.ebayimg.com/images/g/VPsAAeSwf4Jqc0aK/s-l225.jpg
zoid,model_kit,eBay,marketplace,Tomy Zoids LARGE LOT of 13 Models Parts Missing,75.0,,False,USD,Used,https://www.ebay.com/itm/318716864436?_skw=zoids&hash=item4a350167b4:g:aKAAAeSwyShqfAOv,https://i.ebayimg.com/images/g/aKAAAeSwyShqfAOv/s-l225.jpg
zoid,model_kit,eBay,marketplace,ZOIDS -- Choose from Many different Kits -- New in Boxes -- Kotobukiya HMM Kits,52.0,7.5,False,USD,New,https://www.ebay.com/itm/116111516242?_skw=zoids&hash=item1b08c92252:g:VS0AAOSwqllnyOL5,https://i.ebayimg.com/images/g/VS0AAOSwqllnyOL5/s-l225.jpg
zoid,model_kit,eBay,marketplace,Kotobukiya Zoids AZ-05 Saber Tiger Plastic Model Kit Takara Tomy,99.95,7.95,False,USD,New,https://www.ebay.com/itm/186730358509?_skw=zoids&hash=item2b79ff26ed:g:4~IAAeSwcCJp8PfK,https://i.ebayimg.com/images/g/4~IAAeSwcCJp8PfK/s-l225.jpg
zoid,model_kit,eBay,marketplace,Zoids RZ-041 Liger Zero Marking Plus Ver. 1/72 scale Model Kit Kotobukiya NEW,144.33,21.12,False,USD,New,https://www.ebay.com/itm/126823724955?_skw=zoids&hash=item1d8748779b:g:J9IAAeSwKs5qdBb~,https://i.ebayimg.com/images/g/J9IAAeSwKs5qdBb~/s-l225.jpg
zoid,model_kit,eBay,marketplace,"Zoids Wild: Tryke, Shadow, Ruin, Smaller ones (All NIB), +Tanks (Complete).",150.0,5.95,False,USD,Used,https://www.ebay.com/itm/206475017693?_skw=zoids&hash=item3012debddd:g:QvoAAeSwXI1qdyk7,https://i.ebayimg.com/images/g/QvoAAeSwXI1qdyk7/s-l225.jpg
zoid,other,eBay,marketplace,Zoids Shield Liger REPLACEMENT PARTS,20.0,0.0,False,USD,Used,https://www.ebay.com/itm/278215218302?_skw=zoids&hash=item40c6eb547e:g:8p8AAeSwLuxqUuP7,https://i.ebayimg.com/images/g/8p8AAeSwLuxqUuP7/s-l225.jpg
zoid,model_kit,eBay,marketplace,HMM Zoids Lightning Saix Irvine Special Kotobukiya,75.0,,False,USD,Used,https://www.ebay.com/itm/278277771258?_skw=zoids&hash=item40caa5cffa:g:DRIAAeSw8fdqfluY,https://i.ebayimg.com/images/g/DRIAAeSw8fdqfluY/s-l225.jpg
zoid,model_kit,eBay,marketplace,Kotobukiya HMM Zoids Gojulas Cannon Set Model Kit From Japan Brand New Rare,399.99,,False,USD,New,https://www.ebay.com/itm/147502780289?_skw=zoids&hash=item2257d9cf81:g:JuQAAeSws4lqfgoK&amdata=enc%3AAQALAAAA4ACCtXRWQnOEpyOqnQQ8KGaviO%2BSMPH2fL1%2FMgFsMNrhPrdqxEqdcvjHCyGEdXP7V5T77P0BSNMgY1JDEHLYFP7XWJFo5b8Qkt1bGLvO64pL30Dv0U0bSRFXRIcZGMog%2BOvl2ar9Vpv%2FWb6ZQAJQthLo1YBfRl%2FFl8c9i6z%2B222paWhhmtqTqA5EhiGCf6S7XAQbog%2BY6JCAQrVX7HdpZHARqK%2BJKwAde8pViNpev2VTsj96jXrRIpGv8qSuqlQUV9MHmktAXO%2FN6Q61UIQZDBBli%2Btet0x2ebP8UrFKn%2FCv,https://i.ebayimg.com/images/g/JuQAAeSws4lqfgoK/s-l225.jpg
zoid,model_kit,eBay,marketplace,Kabaya Zoids Candy Toy Zoids Watch Icon Gojulas Age14+,115.76,29.0,False,USD,Used,https://www.ebay.com/itm/188829018365?_skw=zoids&hash=item2bf71628fd:g:mGwAAeSwVsxqiThE&amdata=enc%3AAQALAAAA4ACCtXRWQnOEpyOqnQQ8KGablD75iIg%2FhTGZW0yXO2rsm5XT3nHsre9LsFUjulw9OsPvO9Nqs4ZNy7m7Hg9Mckvc1ISR0NY%2FahAX75ISLs9KErRcW6IZdmREE1WuMA3L6UGcjxTX8pwixPZkgpl0DPO4D%2BRie1qUHXoc33c%2FghzwCcRCvKb4MLqaLhENJkRxA%2FvtQuNOfB26pu%2B7Up1TP%2B0sS102TJ%2FSPjvUCSTMwzvj0F2W0BRduzRxWLlPnR5kwEhit%2BxHBmKoZlKT7F9STdS2iApgjTt30Xd7qzAjf5gP,https://i.ebayimg.com/images/g/mGwAAeSwVsxqiThE/s-l225.jpg
zoid,model_kit,eBay,marketplace,Zoids: Ultimate X volume 6,32.99,,False,USD,Very Good,https://www.ebay.com/itm/377372637397?_skw=zoids&hash=item57dd2978d5:g:VpoAAeSwlcJqZt2d&amdata=enc%3AAQALAAAA4ACCtXRWQnOEpyOqnQQ8KGaBLPFPdhxlXnltmXl6su4Y2KwNGXzPMLhoWSiqzspLaPHJpi23AeV4a5Z1YLOwn%2BOFHSnL83RjPibFngQLnNauVYuZOTjiHNPT%2FLTMhiNXl11wI6bOL92nPnBJ5cOYArRruxqchMQLRz8Zz%2FL6p4llsGAXMRWcOmplSJmibZjgU0HPsp3uuyXyml8PZQElEAxzReCQVOWaALPrFiu9gcXlURjgS5z94sTO3Hh3v3HiJHwzeLkmos6CmqSaOnbQxrDQ2or8Ob%2BtmqiPlEnWLd26,https://i.ebayimg.com/images/g/VpoAAeSwlcJqZt2d/s-l225.jpg
zoid,model_kit,eBay,marketplace,BANDAI Spirits Chogokin ZOIDS New Century/Zero RZ041 Liger Zero Approx 87 Inches,399.09,0.0,False,USD,New,https://www.ebay.com/itm/147302591593?_skw=zoids&hash=item224beb2c69:g:xv0AAeSwhPFp~2gB&amdata=enc%3AAQALAAAA4ACCtXRWQnOEpyOqnQQ8KGamVeuGfj%2BV16e9F%2FkooYshLciW7%2BMDdAip%2BfnvqTEH9fMppLpuNvkymfF2gy63vWznPpovCheUJtMnnpJYfcojsJWIR9BbOEht4Wg%2BWIaW%2BkgBvTaNtAzAh5UnATTkn%2FFEOM%2BQPicLI8Vsm4ygbyTZ%2B6ZyqmfnAZPvDKtpGiZVvK107A6xzxspfBhe8Syj%2FSCM2Uo1CpiBuYr1HEhxhaUoAo%2F6jQFVP4qrqWm99mpagjwFYGjaWa9pcWp%2BeIA7Bw%2BDQR1PPvbCP7u5veJ7HuGH,https://i.ebayimg.com/images/g/xv0AAeSwhPFp~2gB/s-l225.jpg
zoid,model_kit,eBay,marketplace,Vtg Authentic Zoids Random Parts Including Gravity Ptera Parts,19.95,8.97,False,USD,Used,https://www.ebay.com/itm/188748881302?_skw=zoids&hash=item2bf24f5d96:g:MLUAAeSw8KJqcpUm,https://i.ebayimg.com/images/g/MLUAAeSw8KJqcpUm/s-l225.jpg
zoid,model_kit,eBay,marketplace,2002 Hasbro Vintage Zoids Chimera Dragon Action Figure Packaged ,40.0,,True,USD,New,https://www.ebay.com/itm/800479640336?_skw=zoids&hash=itemba604dfb10:g:r4IAAeSwgVxpbdk8,https://i.ebayimg.com/images/g/r4IAAeSwgVxpbdk8/s-l225.jpg
zoid,model_kit,eBay,marketplace,Hasbro Zoids Gusak #002 1/72 Scale Action Figure Model Kit 2002 New in Open Box,44.48,0.0,False,USD,New,https://www.ebay.com/itm/397972148644?_skw=zoids&hash=item5ca8fd11a4:g:edkAAeSw7ztqDnep,https://i.ebayimg.com/images/g/edkAAeSw7ztqDnep/s-l225.jpg
zoid,model_kit,eBay,marketplace,ZOIDS Monster Machines Action Figure Unassembled NIB Unpunched Tomy 2559,39.99,,False,USD,New,https://www.ebay.com/itm/137613546862?_skw=zoids&hash=item200a68156e:g:znUAAeSwtixqfKQC,https://i.ebayimg.com/images/g/znUAAeSwtixqfKQC/s-l225.jpg
zoid,model_kit,eBay,marketplace,Kotobukiya - Zoids - RZ-014 Godos Marking Plus Version Model Kit [New Toy],48.05,0.0,False,USD,New,https://www.ebay.com/itm/397872915393?_skw=zoids&hash=item5ca312e3c1:g:4WAAAeSw7LFp6lC0,https://i.ebayimg.com/images/g/4WAAAeSw7LFp6lC0/s-l225.jpg
zoid,model_kit,eBay,marketplace,Tomy Zoids Redler Windup Figure Vintage 1980s Japan Silver Gray Red 400,27.5,,False,USD,Used,https://www.ebay.com/itm/198587788180?_skw=zoids&hash=item2e3cc12b94:g:iFkAAeSwEu1qiS6R,https://i.ebayimg.com/images/g/iFkAAeSwEu1qiS6R/s-l225.jpg
zoid,model_kit,eBay,marketplace,"Mizuno T-Zoid Sure F Wedge /S 300 Steel TT Shaft 35.5"" /Right-Handed",34.99,,False,USD,Used,https://www.ebay.com/itm/298591822013?_skw=zoids&hash=item458575a0bd:g:kw8AAeSw4VRqgSVX&amdata=enc%3AAQALAAAA4ACCtXRWQnOEpyOqnQQ8KGZP5K7mTW2x9YQQVlGcYL47BLC3ShA0Y%2BVAGj2uW8PySSmc8P1uWR%2BiTlgOMqOMAMW5izHTFmv3ruc6oEkRPkQMJx2u1Am9UwUxkNJJiRh2Nvgs7hOK6YSUhXSBhe9r6wTvgbD3TtRwn3G2a19Jfl4Pzya6jgpaUpZAuPfA1B1P8KiXJpn1OMp%2FAV2J6bjiln4GkJPGjmBIroK7HGpecRcXOu5U%2FdQaDL4f0eG7GA54j0A55m6Ok7cvfhM%2BlkMVJk4iaX6%2BIxc4R%2B3%2FEL0hd5Uf,https://i.ebayimg.com/images/g/kw8AAeSw4VRqgSVX/s-l225.jpg
zoid,model_kit,eBay,marketplace,Zoids Raven Raptor by Kotobukiya - HMM 052 EZ-027 model kit - Mint in Box,57.99,0.0,False,USD,New,https://www.ebay.com/itm/167021995054?_skw=zoids&hash=item26e349642e:g:N6UAAOSwaYpnDD89&amdata=enc%3AAQALAAAA4ACCtXRWQnOEpyOqnQQ8KGZ2mSJO7KetBhwUObl%2B1sy3x95weLwvE34WhXAD3T%2FpLVpdyyCqAgUC%2F7Kp4xidd%2B2mVUFKENggt%2FgAfQ5dOUmayLfS7LYFlh8KaYu3CB6d5HPwXWyKO11DPuVZ7exhCJ6PJ3EcoL4HHbsF%2BH3SD6Cy25qYvtKArpqDsCdWt7KaVdniwkbUZUngPPEMaFI98AtJZhCEB04VMxRMIK1tVoImXY4b7Q6Vxfe3zTyC0xVbAYMnJXeXxz6pcXkDWTlxpstvLIJKWM0RYTbw29VaQ8sF,https://i.ebayimg.com/images/g/N6UAAOSwaYpnDD89/s-l225.jpg
zoid,model_kit,eBay,marketplace,Kotobukiya 1/72 Zoids HMM RZ-041 Liger Zero Jager Marking Plus Ver Model Kit USA,109.95,0.0,False,USD,New,https://www.ebay.com/itm/157646408120?_skw=zoids&hash=item24b47549b8:g:ywUAAeSwu2Rpe9Ro,https://i.ebayimg.com/images/g/ywUAAeSwu2Rpe9Ro/s-l225.jpg
zoid,model_kit,eBay,marketplace,Zoids Hasbro 1/72 #043 Spinosnapper SEALED BOX,44.0,,False,USD,New,https://www.ebay.com/itm/128018496258?_skw=zoids&hash=item1dce7f3b02:g:HwMAAeSwv8xqeTVo,https://i.ebayimg.com/images/g/HwMAAeSwv8xqeTVo/s-l225.jpg
zoid,model_kit,eBay,marketplace,Hasbro Zoids Gusak #002 1/72 Scale Action Figure Model Kit,65.0,0.0,False,USD,New,https://www.ebay.com/itm/136100001329?_skw=zoids&hash=item1fb0313631:g:pmUAAeSwZUZoZz89,https://i.ebayimg.com/images/g/pmUAAeSwZUZoZz89/s-l225.jpg
zoid,model_kit,eBay,marketplace,ZOIDS RZ-046 Shadow Fox Marking Plus Ver.1/72 plastic model Figure KOTOBUKIYA,69.39,15.0,False,USD,Used,https://www.ebay.com/itm/394430881440?_skw=zoids&hash=item5bd5e99ea0:g:2BcAAeSwW61ogeT3,https://i.ebayimg.com/images/g/2BcAAeSwW61ogeT3/s-l225.jpg
zoid,model_kit,eBay,marketplace,Zoids mini Figure Collection Battle Series Part.9 Full Set of 9 TOMY authentic,179.99,29.0,False,USD,Used,https://www.ebay.com/itm/287535948485?_skw=zoids&hash=item42f27a62c5:g:n~IAAeSwuVhqhsaj,https://i.ebayimg.com/images/g/n~IAAeSwuVhqhsaj/s-l225.jpg
zoid,model_kit,eBay,marketplace,Zoids Pilot And Parts Lot,30.0,6.99,False,USD,Used,https://www.ebay.com/itm/327275232416?_skw=zoids&hash=item4c331fbca0:g:bc8AAeSwsHRqYnHl,https://i.ebayimg.com/images/g/bc8AAeSwsHRqYnHl/s-l225.jpg
zoid,model_kit,eBay,marketplace,Takara Tomy T-SPARK ZOIDS RMZ-016 Blade Liger Panzer ZBF 1/100 Model Kit,108.62,0.0,False,USD,New,https://www.ebay.com/itm/137633852155?_skw=zoids&hash=item200b9deafb:g:XYUAAeSwzkRqhrDz,https://i.ebayimg.com/images/g/XYUAAeSwzkRqhrDz/s-l225.jpg
zoid,model_kit,eBay,marketplace,"Zoids Chaotic Century Awakening #8 DVD + Insert, Episodes 43-48, Tested",110.0,0.0,False,USD,Good,https://www.ebay.com/itm/267685603848?_skw=zoids&hash=item3e534e2a08:g:SusAAeSwi0lqHFI8,https://i.ebayimg.com/images/g/SusAAeSwi0lqHFI8/s-l225.jpg
zoid,model_kit,eBay,marketplace,Chogokin Super Alloy RZ-041 Liger Zero Zoids Bandai Figure JAPAN,279.29,50.0,False,USD,Used,https://www.ebay.com/itm/397341142941?_skw=zoids&hash=item5c8360af9d:g:o5AAAeSwFWxo9dPP&amdata=enc%3AAQALAAAA4ACCtXRWQnOEpyOqnQQ8KGY2se2zWJbrfqS5NsXIUAvswYVfT8ezchU3b7XSmWEPeMTSDoravfV6Zxxl12e1fyvIA0sloydz4oxPF5BfOxdiK49mRWQLMbd9Rb8BH43oO9nqo8t0CvChdJ%2B5V1IaF8rj61S6cs0Iw%2BnOxMDv5OoOvqH1OG6xEMbxDxjHaaWfS%2BnOCEolAWteOkGcOQcnxMrGQ67QULVmK0GrFIrDsN33oBASGdoXLlNdjrPRvJSy%2BXkfzantKPZjKmmK3o2TH%2FdaTaprbM8VDj%2FaG3HFNaLO,https://i.ebayimg.com/images/g/o5AAAeSwFWxo9dPP/s-l225.jpg
zoid,model_kit,eBay,marketplace,Zoids REDLER DRAGON TYPE 1/72 scale Tomy Special Limited edition ,55.0,17.75,False,USD,New,https://www.ebay.com/itm/188810311627?_skw=zoids&hash=item2bf5f8b7cb:g:~JsAAeSwislqg~4r&amdata=enc%3AAQALAAAA4ACCtXRWQnOEpyOqnQQ8KGY17h29ZVcqyvzmKt7qBjtya8v23daG%2BslkrLycQc05q6r05FJZRWX2J2n8btsVYcfpz3Cpzer3oT%2Bt6%2Fg%2FAfVnb39wYzriVyCteKHsGN%2FaaDtqOZmLOGzwrYTUTfNEh0ykrRlHFjHeUrzYR6f7HQtMWTm4KnjTC9DPKUOKdrE8Vgec7u5Me5ACTMVXHWFrQwh7kWSt4gL4KOayxjHcvle8qeEqcoqOcuF4UBKQ5O5rYddUMuclLS8oCSKFUfk223%2BbQLPBsiJdoH%2FsyVWAbPu3,https://i.ebayimg.com/images/g/~JsAAeSwislqg~4r/s-l225.jpg
zoid,model_kit,USA Gundam Store,retailer,CS532 Mr Color HMM Zoids Color Set,12.99,,,USD,New,https://www.usagundamstore.com/products/cs532-mr-color-hmm-zoids-color-set,https://cdn.shopify.com/s/files/1/0727/8355/products/gsi-creos-mr-hobby-cs532-mr-frame-hmm-zoids-republic-empire-color-set__57116_600x600.jpg?v=1759295716
zoid,model_kit,USA Gundam Store,retailer,Zoids Advanced Zi AZ-17DX Ultra Saurus Gravity Cannon (Deluxe Ver.) 1/72 Scale Weapon Set,399.99,,,USD,New,https://www.usagundamstore.com/products/zoids-realize-model-zoids-advanced-series-az-17dx-ultra-saurus-gravity-cannon-deluxe-version-1-72-scale-model-kit-copy,https://cdn.shopify.com/s/files/1/0727/8355/files/GN343_11_600x600.jpg?v=1783517229
zoid,model_kit,USA Gundam Store,retailer,Zoids x Monster Hunter Synergenex Wild Liger Zinogre Model Kit,58.99,,,USD,New,https://www.usagundamstore.com/products/zoids-x-monster-hunter-synergenex-series-wild-liger-zinogre-model-kit,https://cdn.shopify.com/s/files/1/0727/8355/files/GN322_9_600x600.jpg?v=1780664552
zoid,model_kit,USA Gundam Store,retailer,Zoids Chaotic Century D-Style Command Wolf Irvine Special (Clear Parts Append) Model Kit,24.99,,,USD,New,https://www.usagundamstore.com/products/zoids-chaotic-century-d-style-command-wolf-irvine-special-clear-parts-append-model-kit,https://cdn.shopify.com/s/files/1/0727/8355/files/original_4_6c500efc-12a1-49b5-93e7-31620e427459_600x600.webp?v=1776958352
zoid,model_kit,USA Gundam Store,retailer,Zoids New Century Highend Master Model Dark Horn Harry Special (2001 Re/Color) 1/72 Scale Model Kit,129.99,,,USD,New,https://www.usagundamstore.com/products/zoids-new-century-highend-master-model-dark-horn-harry-special-2001-re-color-1-72-scale-model-kit,https://cdn.shopify.com/s/files/1/0727/8355/files/768w_12_c9efab77-0405-449d-bacc-511386f32517_600x600.webp?v=1783021978
zoid,model_kit,USA Gundam Store,retailer,Zoids Chaotic Century D-Style Gustav Moonbay Special (Clear Parts Append) Model Kit,26.99,,,USD,New,https://www.usagundamstore.com/products/zoids-chaotic-century-d-style-gustav-moonbay-special-clear-parts-append-model-kit,https://cdn.shopify.com/s/files/1/0727/8355/files/768w_14_9bebf358-ec38-4096-80f1-74dea43e1520_600x600.webp?v=1779370805
zoid,model_kit,USA Gundam Store,retailer,Zoids Realize Model RMZ-016 Blade Liger Panzer (ZBF) Lion Type 1/100 Scale Model Kit,71.99,,,USD,New,https://www.usagundamstore.com/products/zoids-realize-model-rmz-016-blade-liger-panther-zbf-1-100-scale-model-kit,https://cdn.shopify.com/s/files/1/0727/8355/files/dc00ee8c-0ecb-43db-919c-1c2cc3dc45a6_600x600.webp?v=1764952465
zoid,model_kit,USA Gundam Store,retailer,Zoids x Monster Hunter Synergenex Wild Liger Stygian Zinogre Model Kit,58.99,,,USD,New,https://www.usagundamstore.com/products/zoids-x-monster-hunter-synergenex-series-wild-liger-stygian-zinogre-model-kit,https://cdn.shopify.com/s/files/1/0727/8355/files/GN323_9_600x600.jpg?v=1780664808
zoid,model_kit,USA Gundam Store,retailer,Zoids Realize Model RMZ-025 Liger Zero Falcon (ZBF) 1/100 Scale Model Kit,79.99,,,USD,New,https://www.usagundamstore.com/products/zoids-realize-model-rmz-025-liger-zero-falcon-zbf-1-100-scale-model-kit,https://cdn.shopify.com/s/files/1/0727/8355/files/092551_outline_11_600x600.jpg?v=1785931359
zoid,model_kit,USA Gundam Store,retailer,Zoids Chaotic Century D-Style Shield Liger (Clear Parts Append) Model Kit,24.99,,,USD,New,https://www.usagundamstore.com/products/zoids-chaotic-century-d-style-shield-liger-clear-parts-append-model-kit,https://cdn.shopify.com/s/files/1/0727/8355/files/768w-2026-04-07T093613.465_600x600.webp?v=1775568984
zoid,model_kit,USA Gundam Store,retailer,Zoids New Century Zero Highend Master Model RZ-030 Gun Sniper (Leena Special 2001 Re/color Ver.) 1/72 Scale Model Kit,59.99,,,USD,New,https://www.usagundamstore.com/products/zoids-highend-master-model-gun-sniper-leena-special-2001-re-color-1-72-scale-model-kit,https://cdn.shopify.com/s/files/1/0727/8355/files/90fd4abb-7b99-46b1-9839-9c0b97dd000e_600x600.jpg?v=1762451971
zoid,model_kit,USA Gundam Store,retailer,Zoids Realize Model RMZ-024 Storm Sworder 1/100 Scale Model Kit,56.99,,,USD,New,https://www.usagundamstore.com/products/zoids-realize-model-zoids-advanced-series-rmz-024-storm-sworder-1-100-scale-model-kit,https://cdn.shopify.com/s/files/1/0727/8355/files/GN330_10_600x600.jpg?v=1783517593
zoid,model_kit,USA Gundam Store,retailer,Zoids Realize Model RMZ-023 Lightning Saix Irvine Special 1/100 Scale Model Kit,58.99,,,USD,New,https://www.usagundamstore.com/products/zoids-realize-model-rmz-023-lightning-saix-irvine-special-1-100-scale-model-kit,https://cdn.shopify.com/s/files/1/0727/8355/files/GN321_10_600x600.jpg?v=1780664078
zoid,model_kit,USA Gundam Store,retailer,Zoids Advanced Zi AZ-17 Ultra Saurus 1/72 Scale Model Kit,299.99,,,USD,New,https://www.usagundamstore.com/products/zoids-realize-model-az-17-ultra-saurus-1-72-scale-model-kit,https://cdn.shopify.com/s/files/1/0727/8355/files/GN328_11_600x600.jpg?v=1783516813
zoid,model_kit,USA Gundam Store,retailer,Zoids Highend Master Model RPZ-14 Salamander F2 1/72 Scale Model Kit,299.99,,,USD,New,https://www.usagundamstore.com/products/zoids-highend-master-model-rpz-14-salamander-f2-1-72-scale-model-kit,https://cdn.shopify.com/s/files/1/0727/8355/files/original_78_3741bc41-5492-40a4-af3a-673ed1196019_600x600.webp?v=1782400854
zoid,model_kit,USA Gundam Store,retailer,Zoids Chaotic Century Highend Master Model Death Stinger Hiltz (Special 2000 - Recolor-) Model Kit,159.99,,,USD,New,https://www.usagundamstore.com/products/zoids-chaotic-century-highend-master-model-death-stinger-hiltz-special-2000-recolor-model-kit,https://cdn.shopify.com/s/files/1/0727/8355/files/ac225908-9b54-4261-9485-c8de3d12f3f2_600x600.webp?v=1771614137
zoid,model_kit,USA Gundam Store,retailer,Zoids x Patlabor Synergenex Fangriffon Model Kit,59.99,,,USD,New,https://www.usagundamstore.com/products/zoids-x-patlabor-synergenex-fangriffon-model-kit,https://cdn.shopify.com/s/files/1/0727/8355/files/GN331_10_600x600.jpg?v=1783525682
zoid,model_kit,USA Gundam Store,retailer,Zoids Chaotic Century Highend Master Model Storm Sworder (Ala Barone Special 2000 - Recolor-) 1/72 Scale Model Kit,85.99,,,USD,New,https://www.usagundamstore.com/products/zoids-chaotic-century-highend-master-model-storm-sworder-ala-barone-special-2000-recolor-1-72-scale-model-kit,https://cdn.shopify.com/s/files/1/0727/8355/files/b2cee152-bc21-4b17-acdd-8cd2fd919146_600x600.webp?v=1773927389
zoid,model_kit,USA Gundam Store,retailer,Zoids Realize Model RMZ-011 Geno Saurer Raven Special 1/100 Scale Model Kit,59.99,,,USD,New,https://www.usagundamstore.com/products/zoids-realize-model-zoids-advanced-series-rmz-011-geno-saurer-raven-special-1-100-scale-model-kit,https://cdn.shopify.com/s/files/1/0727/8355/files/GN342_10_600x600.jpg?v=1783517486
zoid,model_kit,USA Gundam Store,retailer,Zoids AZ-01 Blade Liger 1/72 Scale Model Kit,87.99,,,USD,New,https://www.usagundamstore.com/products/zoids-az-01-blade-liger-1-72-scale-model-kit,https://cdn.shopify.com/s/files/1/0727/8355/files/de4ef9b8-f6d1-4ffa-b573-d7cb47f438df_600x600.jpg?v=1762281953
zoid,model_kit,USA Gundam Store,retailer,Zoids Adamas Machina AM-Z02 Blade Liger Action Figure,294.99,,,USD,New,https://www.usagundamstore.com/products/zoids-adamas-machina-am-z02-blade-liger-action-figure,https://cdn.shopify.com/s/files/1/0727/8355/files/946632_outline_11_600x600.jpg?v=1785931742
zoid,model_kit,USA Gundam Store,retailer,Zoids Advanced Zi AZ-16 Liger Zero Jager 1/72 Scale Model Kit,114.99,,,USD,New,https://www.usagundamstore.com/products/zoids-advanced-zi-az-16-liger-zero-jager-1-72-scale-model-kit,https://cdn.shopify.com/s/files/1/0727/8355/files/768w_2_0fefd03f-9f53-4752-85b2-ebe31cde4665_600x600.webp?v=1778691823
zoid,model_kit,USA Gundam Store,retailer,Zoids Realize Model RMZ-021 Shield Liger MK-2 1/100 Scale Model Kit,54.99,,,USD,New,https://www.usagundamstore.com/products/zoids-realize-model-rmz-021-shield-liger-mk-2-1-100-scale-model-kit,https://cdn.shopify.com/s/files/1/0727/8355/files/original-2026-04-03T133049.577_600x600.webp?v=1775237466
zoid,model_kit,USA Gundam Store,retailer,Zoids x Monster Hunter Synergenex Series Knuckle Kong Rajang Model Kit,55.99,,,USD,New,https://www.usagundamstore.com/products/monster-hunter-x-zoids-knuckle-kong-rajang-1-35-scale-model-kit,https://cdn.shopify.com/s/files/1/0727/8355/files/8e95bc9c-4ab2-4997-b8ad-fbb02b0ada06_600x600.webp?v=1762287562
zoid,model_kit,USA Gundam Store,retailer,Zoids Highend Master Model RZ-014 Godos (Marking Plus Ver.) 1/72 Scale Model Kit,41.29,,,USD,New,https://www.usagundamstore.com/products/zoids-highend-master-model-1-72-rz-014-godos-marking-plus-ver,https://cdn.shopify.com/s/files/1/0727/8355/products/cbac7f51-3efa-4129-b8bb-46c907b7b4fa_600x600.jpg?v=1762275382
zoid,model_kit,USA Gundam Store,retailer,Zoids Realize Model RMZ-022 Murasame Liger 1/100 Scale Model Kit,56.99,,,USD,New,https://www.usagundamstore.com/products/zoids-realize-model-rmz-022-murasame-liger-1-100-scale-model-kit,https://cdn.shopify.com/s/files/1/0727/8355/files/768w_1_1a170a51-7df4-466b-8c1e-115cb4598fc2_600x600.jpg?v=1778691764
zoid,model_kit,USA Gundam Store,retailer,Zoids x Metamor Verse MV-01A Ao Kiriyama &amp; Blade Liger (Dress Code #Scarlet) 1/10 Scale Model Kit,107.99,,,USD,New,https://www.usagundamstore.com/products/mv-01a-ao-kiriyama-blade-liger-dress-code-scarlet,https://cdn.shopify.com/s/files/1/0727/8355/files/1a9c1883-2108-48ff-88c2-3db218ec4554_600x600.webp?v=1773143999
zoid,model_kit,USA Gundam Store,retailer,Zoids Advanced Zi AZ-10EX Sea Panther (Guylos Specification Ver.) 1/72 Scale Model Kit,47.99,,,USD,New,https://www.usagundamstore.com/products/zoids-advanced-zi-az-10ex-sea-panther-guylos-specification-ver-1-72-scale-model-kit,https://cdn.shopify.com/s/files/1/0727/8355/files/121f321a-8184-4fb3-9479-6fc1e4476425_600x600.webp?v=1768420642
zoid,model_kit,USA Gundam Store,retailer,Zoids Realize Model RMZ-001 Blade Liger 1/100 Scale Model Kit,39.99,,,USD,New,https://www.usagundamstore.com/products/zoids-rmz-001-blade-liger-1-100-scale-model-kit,https://cdn.shopify.com/s/files/1/0727/8355/files/918752_11_000eb2ab-fdcf-4856-b5a2-9317ff219724_600x600.jpg?v=1762284328
zoid,model_kit,USA Gundam Store,retailer,Zoids Advanced Zi AZ-17EX Ultra Saurus Gravity Cannon 1/72 Scale Weapon Set,99.99,,,USD,New,https://www.usagundamstore.com/products/zoids-realize-model-az-17ex-ultra-saurus-gravity-cannon-1-72-scale-model-kit,https://cdn.shopify.com/s/files/1/0727/8355/files/GN329_6_600x600.jpg?v=1783517081
zoid,model_kit,USA Gundam Store,retailer,Zoids Realize Model RMZ-020F Zabat Full Option Set 1/100 Scale Model Kit,47.99,,,USD,New,https://www.usagundamstore.com/products/zoids-realize-model-rmz-020f-zabat-full-option-set-1-100-scale-model-kit,https://cdn.shopify.com/s/files/1/0727/8355/files/2274f852-b77a-4564-9b9c-63308592ebc9_600x600.webp?v=1771303919
zoid,model_kit,USA Gundam Store,retailer,Zoids 2 Helic Republic vs. Guylos Empire Realize Model RMZ-018 Trinity Liger (Captured Color) 1/100 Scale Model Kit,47.99,,,USD,New,https://www.usagundamstore.com/products/zoids-2-helic-republic-vs-guylos-empire-realize-model-rmz-018-trinity-liger-captured-color-1-100-scale-model-kit,https://cdn.shopify.com/s/files/1/0727/8355/files/ff43fcd2-e65d-464f-b125-2674ca5049bf_600x600.webp?v=1771302966
zoid,model_kit,USA Gundam Store,retailer,Zoids Highend Master Model EHI-7 Reddra Zenebus (Empire Ver.) 1/72 Scale Model Kit (Reissue),59.99,,,USD,New,https://www.usagundamstore.com/products/zoids-highend-master-model-ehi-7-reddra-zenebus-empire-ver-1-72-scale-model-kit,https://cdn.shopify.com/s/files/1/0727/8355/products/ff8f38f8-848c-4922-92df-cb059f1f0f83_600x600.jpg?v=1762278707
zoid,model_kit,USA Gundam Store,retailer,Zoids Advanced Zi AZ-15 Psycho Geno Saurer 1/72 Scale Model Kit,119.99,,,USD,New,https://www.usagundamstore.com/products/zoids-advanced-zi-az-15-psycho-geno-saurer-1-72-scale-model-kit,https://cdn.shopify.com/s/files/1/0727/8355/files/256625a2-04af-46c3-abeb-a5ef491208ac_600x600.webp?v=1771302654
zoid,model_kit,USA Gundam Store,retailer,Zoids Adamas Machina AM-Z01EX Berserk Fury (Elementary Body) Model Kit,226.99,,,USD,New,https://www.usagundamstore.com/products/zoids-adamas-machina-am-z01ex-berserk-fury-elementary-body-model-kit,https://cdn.shopify.com/s/files/1/0727/8355/files/e54f2598-aa17-4cf6-9544-6d9f86f803de_600x600.webp?v=1759944451
zoid,model_kit,USA Gundam Store,retailer,Zoids Realize Model RMZ-020 Zabat 1/100 Scale Model Kit,32.99,,,USD,New,https://www.usagundamstore.com/products/zoids-realize-model-rmz-020-zabat-1-100-scale-model-kit,https://cdn.shopify.com/s/files/1/0727/8355/files/46e2fa82-c42d-4353-989c-4933f07e5570_600x600.webp?v=1771302790
zoid,model_kit,USA Gundam Store,retailer,Zoids Realize Model RMZ-017 Command Wolf (Urban Warfare Special Ver.) 1/100 Scale Model Kit,47.99,,,USD,New,https://www.usagundamstore.com/products/zoids-realize-model-rmz-017-command-wolf-urban-warfare-special-ver-1-100-scale-model-kit,https://cdn.shopify.com/s/files/1/0727/8355/files/e3920dd7-f6b8-442d-8232-822188c50259_600x600.webp?v=1768420394
zoid,model_kit,USA Gundam Store,retailer,Zoids Advanced Zi AZ-03EX Murasame Liger (Original Color Ver.) 1/72 Scale Model Kit,103.99,,,USD,New,https://www.usagundamstore.com/products/zoids-advanced-zi-az-03ex-murasame-liger-original-color-1-72-scale-model-kit,https://cdn.shopify.com/s/files/1/0727/8355/files/734a6362-8ef7-4375-80c5-e30c278f6a12_600x600.webp?v=1764952513
zoid,model_kit,USA Gundam Store,retailer,Zoids ADVANCED Zi AZ-06EX Phoenix Republic Ver. 1/72 Scale Exclusive Model Kit,44.99,,,USD,New,https://www.usagundamstore.com/products/zoids-az-06ex-phoenix-republic-ver-1-72-scale-model-kit,https://cdn.shopify.com/s/files/1/0727/8355/files/5e2f6b72-56a9-4b11-8702-a7fc558baf9b_600x600.webp?v=1762286329
zoid,model_kit,USA Gundam Store,retailer,Zoids Realize Model RMZ-004 Hellcat (Guylos Color Ver.) 1/100 Scale Model Kit,24.99,,,USD,New,https://www.usagundamstore.com/products/zoids-realize-model-rmz-004-hellcat-guylos-color-ver-1-100-scale-model-kit,https://cdn.shopify.com/s/files/1/0727/8355/files/083f7bce-ccd7-464e-af27-f23f2db44053_600x600.webp?v=1762285183
zoid,model_kit,USA Gundam Store,retailer,Zoids Highend Master Model EZ017 Iguan (Marking Plus Ver.) Model Kit,42.99,,,USD,New,https://www.usagundamstore.com/products/zoids-highend-master-model-ez017-iguan-marking-plus-ver-model-kit,https://cdn.shopify.com/s/files/1/0727/8355/products/c340b830-de85-48c8-afd6-683fd6b5d130_600x600.jpg?v=1762275596
zoid,model_kit,USA Gundam Store,retailer,Zoids Fine Graph RZ-028 Blade Liger (AB Bang Ver.) Frame,199.99,,,USD,New,https://www.usagundamstore.com/products/zoids-fine-graph-rz-028-blade-liger-ab-bang-ver-frame,https://cdn.shopify.com/s/files/1/0727/8355/files/GV220_CFG_BLADE_LIGER_AB_01_600x600.webp?v=1786105275
zoid,model_kit,USA Gundam Store,retailer,Zoids Genesis Spark Fig Grande SF-G01 Kotona Elegance 1/7 Scale Figure,169.99,,,USD,New,https://www.usagundamstore.com/products/zoids-genesis-spark-fig-grande-sf-g01-kotona-elegance-1-7-scale-figure,https://cdn.shopify.com/s/files/1/0727/8355/files/768w_15_5486871c-076f-465b-ab63-1f79cad2e487_600x600.webp?v=1778699105
zoid,model_kit,USA Gundam Store,retailer,Zoids Advanced Zi AZ-14EX Liger Zero X Unit 1/72 Scale Armor Parts Set,47.99,,,USD,New,https://www.usagundamstore.com/products/zoids-advanced-zi-az-14ex-liger-zero-x-unit-1-72-scale-armor-parts-set,https://cdn.shopify.com/s/files/1/0727/8355/files/14a632fb-405c-45ab-b4f0-913e349369be_600x600.webp?v=1771302510
zoid,model_kit,USA Gundam Store,retailer,Zoids RMZ-007 Trinity Liger 1/100 Scale Model Kit,45.99,,,USD,New,https://www.usagundamstore.com/products/zoids-rmz-007-trinity-liger-1-100-scale-model-kit,https://cdn.shopify.com/s/files/1/0727/8355/files/8ec23d77-1cdb-45f9-a532-d607b9e62193_600x600.webp?v=1762286785
zoid,model_kit,USA Gundam Store,retailer,Zoids Realize Model RMZ-006 Saber Tiger (Schwarz Special Ver.) 1/100 Scale Model Kit,49.99,,,USD,New,https://www.usagundamstore.com/products/zoids-realize-model-rmz-006-saber-tiger-schwarz-special-ver-1-100-scale-model-kit,https://cdn.shopify.com/s/files/1/0727/8355/files/9bddc768-2545-4605-82b1-0c477a7e6680_600x600.webp?v=1762285721
zoid,model_kit,USA Gundam Store,retailer,Zoids Highend Master Model EZ-005 Redler (Guyros Empire Ver.) 1/72 Scale Model Kit,59.99,,,USD,New,https://www.usagundamstore.com/products/zoids-highend-master-model-ez-005-redler-guyros-empire-ver-1-72-scale-model-kit,https://cdn.shopify.com/s/files/1/0727/8355/products/a728c2a0-7709-407a-9bd9-dae35edfc46b_600x600.jpg?v=1762278707
zoid,model_kit,USA Gundam Store,retailer,Zoids Highend Master Model Customize Parts Pile Bunker Unit,10.99,,,USD,New,https://www.usagundamstore.com/products/zoids-highend-master-model-customize-parts-pile-bunker-unit,https://cdn.shopify.com/s/files/1/0727/8355/products/8c8f5943-5a08-4506-9a41-7199aa19a35f_600x600.jpg?v=1762274549
zoid,model_kit,USA Gundam Store,retailer,1/72 ZOIDS EZ-027 RAVEN RAPTOR,55.99,,,USD,New,https://www.usagundamstore.com/products/1-72-zoids-ez-027-raven-raptor,https://cdn.shopify.com/s/files/1/0727/8355/products/kbyzd109_2_1_600x600.jpg?v=1762274538
zoid,model_kit,USA Gundam Store,retailer,Zoids Fine Graph EZ-034 Geno Breaker (Raven Ver.) Frame,199.99,,,USD,New,https://www.usagundamstore.com/products/zoids-fine-graph-ez-034-geno-breaker-raven-ver-frame,https://cdn.shopify.com/s/files/1/0727/8355/files/GV221_CFG_GENO_BREAKER_RAVEN_01_600x600.webp?v=1786105476
zoid,model_kit,USA Gundam Store,retailer,Zoids Advanced Zi AZ-02EX3 Liger Zero Type Zero Armor 1/72 Scale Armor Parts Set,20.99,,,USD,New,https://www.usagundamstore.com/products/zoids-advanced-zi-az-02ex3-liger-zero-type-zero-armor-1-72-scale-model-kit,https://cdn.shopify.com/s/files/1/0727/8355/files/768w_d7745d16-bff1-47df-af1c-76b1760a0497_600x600.webp?v=1778691903
zoid,model_kit,USA Gundam Store,retailer,Zoids Advanced Zi AZ-16EX Liger Zero Jager (Unit Original Color) 1/72 Scale Armor Parts Set,41.99,,,USD,New,https://www.usagundamstore.com/products/zoids-advanced-zi-az-16ex-liger-zero-jager-unit-original-color-ver-1-72-scale-model-kit,https://cdn.shopify.com/s/files/1/0727/8355/files/768w_3_412877e1-d2d2-438f-8158-3799b3b5badc_600x600.webp?v=1778691867
zoid,model_kit,USA Gundam Store,retailer,Zoids Realize Model RMZ-019 Hell Cat &amp; Molga (Zenebus Color) 1/100 Scale Model Kit Set,42.99,,,USD,New,https://www.usagundamstore.com/products/zoids-realize-model-rmz-019-hell-cat-molga-zenebus-color-1-100-scale-model-kit-set,https://cdn.shopify.com/s/files/1/0727/8355/files/3945d973-f7cb-4bae-9f14-22d45ba9e832_600x600.webp?v=1771303743
zoid,model_kit,USA Gundam Store,retailer,Transformers x Zoids X Diaclone Synergenex Series Shield-D-Prime Action Figure,399.99,,,USD,New,https://www.usagundamstore.com/products/transformers-x-zoids-x-diaclone-synergenex-series-shield-d-prime-action-figure,https://cdn.shopify.com/s/files/1/0727/8355/files/68fdc646-bd79-4033-b94b-f7123e841c35_600x600.webp?v=1762288945
zoid,model_kit,USA Gundam Store,retailer,Zoids Realize Model RMZ-005 Molga (Guylos Color Ver.) 1/100 Scale Model Kit,22.99,,,USD,New,https://www.usagundamstore.com/products/zoids-realize-model-rmz-005-molga-guylos-color-ver-1-100-scale-model-kit,https://cdn.shopify.com/s/files/1/0727/8355/files/8a7445f1-b218-420c-a6d7-e5d791722f74_600x600.webp?v=1762285183
zoid,model_kit,USA Gundam Store,retailer,Zoids Highend Master Model EZ027 Rev Raptor (Night Patrol Ver.) 1/72 Scale Model Kit,79.99,,,USD,New,https://www.usagundamstore.com/products/zoids-highend-master-model-ez-027-rev-raptor-night-patrol,https://cdn.shopify.com/s/files/1/0727/8355/products/3f4f3d19-625b-441d-a873-28c7c31357cc_600x600.jpg?v=1762280041
zoid,model_kit,USA Gundam Store,retailer,Zoids Highend Master Model Changing Armor System Liger Zero X Unit (Empire Ver.) Model Kit,39.99,,,USD,New,https://www.usagundamstore.com/products/zoids-highend-master-model-changing-armor-system-liger-zero-x-unit-empire-ver-model-kit,https://cdn.shopify.com/s/files/1/0727/8355/products/94d1de33-8e0a-4d0b-8852-2a9e81470be1_600x600.jpg?v=1762274760
zoid,model_kit,USA Gundam Store,retailer,Zoids Realize Model RMZ-015 Saber Tiger Raven Special Tiger Type 1/100 Scale Model Kit,47.99,,,USD,New,https://www.usagundamstore.com/products/zoids-realize-model-rmz-015-saber-tiger-raven-special-tiger-type-1-100-scale-model-kit,https://cdn.shopify.com/s/files/1/0727/8355/files/9927ca58-4f63-4dd1-9a95-2c0b4a679a32_600x600.webp?v=1762523610
zoid,model_kit,USA Gundam Store,retailer,Zoids Highend Master Model Iron Kong (Schwarz Special 1999 -Recolor- Ver.) 1/72 Scale Model Kit,159.99,,,USD,New,https://www.usagundamstore.com/products/zoids-highend-master-model-iron-kong-schwarz-special-1999-recolor-ver-1-72-scale-model-kit,https://cdn.shopify.com/s/files/1/0727/8355/files/33b7a8df-b0e7-42e4-864e-2ecc085369da_600x600.webp?v=1770828299
zoid,model_kit,USA Gundam Store,retailer,Zoids HMM EZ-054 Liger Zero X 1/72 Scale Model Kit,88.99,,,USD,New,https://www.usagundamstore.com/products/zoids-hmm-ez-054-liger-zero-x-1-72-scale-model-kit,https://cdn.shopify.com/s/files/1/0727/8355/products/66ddf062-e8a9-46e5-9094-41acd2a02e3f_600x600.jpg?v=1762274758
zoid,model_kit,USA Gundam Store,retailer,Zoids x Patlabor Synergenex Series Hunter Wolf Patlabor Unit 2 Model Kit,39.99,,,USD,New,https://www.usagundamstore.com/products/zoids-x-patlabor-synergenex-series-hunter-wolf-patlabor-unit-2-model-kit,https://cdn.shopify.com/s/files/1/0727/8355/files/3b3f7316-05b9-4745-96e2-cdbee1c157d9_600x600.webp?v=1754567305
zoid,model_kit,USA Gundam Store,retailer,Zoids Highend Master Model Shield Liger (DCS Ver.) 1/72 Scale Model Kit,77.99,,,USD,New,https://www.usagundamstore.com/products/1-72-zoids-rz-007-shield-liger-dcs-j,https://cdn.shopify.com/s/files/1/0727/8355/products/kbyzd129_0_600x600.jpg?v=1762273635
zoid,model_kit,USA Gundam Store,retailer,Zoids Advanced Zi AZ-12 Geno Breaker 1/72 Scale Model Kit,159.99,,,USD,New,https://www.usagundamstore.com/products/zoids-advanced-zi-az-12-geno-breaker-1-72-scale-model-kit,https://cdn.shopify.com/s/files/1/0727/8355/files/05577548-d9ec-457f-8f25-d4472f012c58_600x600.webp?v=1754567013
zoid,model_kit,USA Gundam Store,retailer,Zoids Highend Master Model Gojulas Cannon Set Customize Parts Model Kit,53.99,,,USD,New,https://www.usagundamstore.com/products/zoids-highend-master-model-gojulas-cannon-set-customize-parts-model-kit,https://cdn.shopify.com/s/files/1/0727/8355/products/7adb0658-e4e1-4384-ab9c-3f0206417527_600x600.jpg?v=1759294215
zoid,model_kit,USA Gundam Store,retailer,Zoids Chaotic Century Highend Master Model Lightning Saix (Irvine Special 2000 -Recolor-) 1/72 Scale Model Kit,69.99,,,USD,New,https://www.usagundamstore.com/products/zoids-chaotic-century-highend-master-model-lightning-saix-irvine-special-2000-recolor-1-72-scale-model-kit,https://cdn.shopify.com/s/files/1/0727/8355/files/835a7477-25ad-41ec-b79b-ecad3e9ad1d9_600x600.webp?v=1765912066
zoid,model_kit,USA Gundam Store,retailer,Zoids Realize Model RMZ-013 Shield Liger Bang Special 1/100 Scale Model Kit,54.99,,,USD,New,https://www.usagundamstore.com/products/zoids-realize-model-rmz-013-shield-liger-bang-special-1-100-scale-model-kit,https://cdn.shopify.com/s/files/1/0727/8355/files/cf3de497-2b76-4394-9a69-04e212115577_600x600.webp?v=1754579096
zoid,model_kit,USA Gundam Store,retailer,Zoids ADVANCED Zi AZ-08 Molga 1/72 Scale Model Kit,39.99,,,USD,New,https://www.usagundamstore.com/products/zoids-az-08-molga-1-72-scale-model-kit,https://cdn.shopify.com/s/files/1/0727/8355/files/945673_11_c728aa38-b24f-4716-af11-943d0170ad0f_600x600.jpg?v=1762284329
zoid,model_kit,USA Gundam Store,retailer,Zoids Advanced Zi AZ-13 Canory Molga 1/72 Scale Model Kit,42.99,,,USD,New,https://www.usagundamstore.com/products/zoids-advanced-zi-az-13-canory-molga-1-72-scale-model-kit,https://cdn.shopify.com/s/files/1/0727/8355/files/e7390bb5-64a0-4ba1-a768-39ad9ccfe249_600x600.webp?v=1759946753
zoid,model_kit,USA Gundam Store,retailer,Zoids Highend Master Model RZ-045 Salamander 1/72 Scale Model Kit,229.99,,,USD,New,https://www.usagundamstore.com/products/zoids-highend-master-model-rz-045-salamander-1-72-scale-model-kit,https://cdn.shopify.com/s/files/1/0727/8355/files/94d39263-932d-4555-8ab5-c0d50bffb6ab_600x600.jpg?v=1753198143
zoid,model_kit,USA Gundam Store,retailer,Zoids ADVANCED Zi AZ-07 Death Saurer 1/72 Scale Model Kit,219.99,,,USD,New,https://www.usagundamstore.com/products/zoids-az-07-death-saurer-1-72-scale-model-kit,https://cdn.shopify.com/s/files/1/0727/8355/files/914877_1_0bd41648-8b26-45ed-abc9-6bec116b9a98_600x600.jpg?v=1762283495
zoid,model_kit,USA Gundam Store,retailer,Zoids Highend Master Model EZ-036 Death Stinger 1/72 Scale Model Kit (Reissue),134.99,,,USD,New,https://www.usagundamstore.com/products/zoids-highend-master-model-ez-036-death-stinger-1-72-scale-model-kit-reissue,https://cdn.shopify.com/s/files/1/0727/8355/files/ZD086R_deathstinger_04_600x600.jpg?v=1762282612
zoid,model_kit,USA Gundam Store,retailer,Zoids Highend Master Model EZ027 Rev Raptor 1/72 Scale Model Kit,46.99,,,USD,New,https://www.usagundamstore.com/products/zoid-hmm-ez-027-rev-raptor,https://cdn.shopify.com/s/files/1/0727/8355/products/3e8e9e0a-bf39-45a6-8046-031622c64cd3_600x600.jpg?v=1762273818
zoid,model_kit,USA Gundam Store,retailer,Zoids Advanced Zi AZ-14 Liger Zero X 1/72 Scale Model Kit,119.99,,,USD,New,https://www.usagundamstore.com/products/zoids-advanced-zi-az-14-liger-zero-x-1-72-scale-model-kit,https://cdn.shopify.com/s/files/1/0727/8355/files/df49b8e4-4b98-4436-ba33-5338b0c0747c_600x600.webp?v=1771302309
zoid,model_kit,USA Gundam Store,retailer,Zoids Realize Model RMZ-014 Red Horn Styracosaurus Type 1/100 Scale Model Kit,47.99,,,USD,New,https://www.usagundamstore.com/products/zoids-realize-model-rmz-014-red-horn-styracosaurus-type-1-100-scale-model-kit,https://cdn.shopify.com/s/files/1/0727/8355/files/72120b1e-54e2-4f42-853e-7518c1e8d27b_600x600.webp?v=1759946564
zoid,model_kit,USA Gundam Store,retailer,Zoids Adamas Machina AM-Z01CP Berserk Fury Sturm ＆ Jagd Unit Model Kit Accessory Set,226.99,,,USD,New,https://www.usagundamstore.com/products/zoids-adamas-machina-am-z01cp-berserk-fury-sturm-jagd-unit-model-kit-accessory-set,https://cdn.shopify.com/s/files/1/0727/8355/files/1b4a8b29-d6a7-411e-8ab4-668d00bdde19_600x600.webp?v=1759946297
zoid,model_kit,USA Gundam Store,retailer,Zoids Advanced Zi AZ-02EX2 Liger Zero (Empire Ver.) 1/72 Scale Model Kit,97.99,,,USD,New,https://www.usagundamstore.com/products/zoids-advanced-zi-az-02ex2-liger-zero-empire-ver-1-72-scale-model-kit,https://cdn.shopify.com/s/files/1/0727/8355/files/f0ae6e2e-4563-4098-8169-a1ea2b6b94f8_600x600.webp?v=1757079718
zoid,model_kit,USA Gundam Store,retailer,Zoids x Patlabor Synergenex Series Hunter Wolf Patlabor Model Kit,39.99,,,USD,New,https://www.usagundamstore.com/products/zoids-x-patlabor-synergenex-series-hunter-wolf-patlabor-model-kit,https://cdn.shopify.com/s/files/1/0727/8355/files/740c0360-66e2-446f-a09e-c7c098220d08_600x600.webp?v=1754567182
zoid,model_kit,USA Gundam Store,retailer,Neon Genesis Evangelion x Zoids T-Spark Xeno Rex Production Model-02 Model Kit,56.99,,,USD,New,https://www.usagundamstore.com/products/zoids-x-neon-genesis-evangelion-xeno-rex-production-model-02-model-kit,https://cdn.shopify.com/s/files/1/0727/8355/files/30fbd402-57c4-48b0-bf1e-462fad42dcd9_600x600.webp?v=1762289022
zoid,model_kit,USA Gundam Store,retailer,Neon Genesis Evangelion x Zoids T-Spark Xeno Rex Test Type-01 Model Kit,56.99,,,USD,New,https://www.usagundamstore.com/products/zoids-x-neon-genesis-evangelion-xeno-rex-test-type-01-model-kit,https://cdn.shopify.com/s/files/1/0727/8355/files/3c1d7c4e-af37-4097-8a70-fca304fdd26a_600x600.webp?v=1762289022
zoid,model_kit,USA Gundam Store,retailer,Zoids x Metamor Verse MV-01 Ao Kiriyama &amp; Blade Liger 1/10 Scale Model Kit,119.99,,,USD,New,https://www.usagundamstore.com/products/metamor-verse-x-zoids-mv-01-ao-kiriyama-blade-liger-1-10-scale-model-kit,https://cdn.shopify.com/s/files/1/0727/8355/files/19c05f84-0a83-4e0e-ad34-611a7d73aebf_600x600.webp?v=1762289021
zoid,model_kit,USA Gundam Store,retailer,Zoids Realize Model RMZ-012 Hell Cat Tirol 1/100 Scale Model Kit,34.99,,,USD,New,https://www.usagundamstore.com/products/zoids-realize-model-rmz-012-hell-cat-tirol-1-100-scale-model-kit,https://cdn.shopify.com/s/files/1/0727/8355/files/eb87f232-1d8c-470e-aeef-c91804548c0a_600x600.webp?v=1762289021
zoid,model_kit,USA Gundam Store,retailer,Zoids Realize Model RMZ-011 Geno Saurer (Raven Special Ver.) 1/100 Scale Model Kit,59.99,,,USD,New,https://www.usagundamstore.com/products/zoids-realize-model-rmz-011-geno-saurer-raven-special-1-100-scale-model-kit,https://cdn.shopify.com/s/files/1/0727/8355/files/50f9b117-afda-4840-a87d-a62c3a416854_600x600.webp?v=1762289019
zoid,model_kit,USA Gundam Store,retailer,Zoids Realize Model RMZ-010 Canoly Molga &amp; Hell Cat 1/100 Scale Model Kit,56.99,,,USD,New,https://www.usagundamstore.com/products/zoids-realize-model-rmz-010-canoly-molga-hell-cat-1-100-scale-model-kit,https://cdn.shopify.com/s/files/1/0727/8355/files/3bc78ea7-2854-44be-86f5-494c1756dacf_600x600.webp?v=1762288596
zoid,model_kit,USA Gundam Store,retailer,Zoids Advanced Zi AZ-11 Command Wolf 1/72 Scale Model Kit,78.99,,,USD,New,https://www.usagundamstore.com/products/zoids-advanced-zi-az-11-command-wolf-1-72-scale-model-kit,https://cdn.shopify.com/s/files/1/0727/8355/files/mk1cVYrg_600x600.jpg?v=1762288439
zoid,model_kit,USA Gundam Store,retailer,Zoids Highend Master Model RZ-013 Cannon Tortoise (Marking Plus Ver.) 1/72 Scale Model Kit,47.99,,,USD,New,https://www.usagundamstore.com/products/zoids-highend-master-model-rz-013-cannon-tortoise-marking-plus-ver-1-72-scale-model-kit,https://cdn.shopify.com/s/files/1/0727/8355/files/f947be6f-0a5a-425d-8b00-845fbdf4ef52_600x600.jpg?v=1762288163
zoid,model_kit,USA Gundam Store,retailer,Zoids Realize Model RMZ-009 Iron Kong (Guylos Color) 1/100 Scale Model Kit,84.99,,,USD,New,https://www.usagundamstore.com/products/zoids-realize-model-rmz-009-iron-kong-guylos-color-1-100-scale-model-kit,https://cdn.shopify.com/s/files/1/0727/8355/files/2f043e63-b44a-45fa-bd02-22492895350f_600x600.webp?v=1762287861
zoid,model_kit,USA Gundam Store,retailer,Zoids Highend Master Model Panzer Unit for Liger Zero (Marking Plus Ver.) 1/72 Scale Accessory Kit (Reissue),38.99,,,USD,New,https://www.usagundamstore.com/products/zoids-highend-master-model-liger-zero-panzer-unit-marking-plus-ver,https://cdn.shopify.com/s/files/1/0727/8355/files/7e1e0cde-92bf-41e0-aea7-d8f19c37ed41_600x600.webp?v=1762287841
zoid,model_kit,USA Gundam Store,retailer,Zoids Highend Master Model RZ-041 Liger Zero Panzer (Marking Plus Ver.) 1/72 Scale Model Kit (Reissue),84.99,,,USD,New,https://www.usagundamstore.com/products/zoids-highend-master-model-rz-041-liger-zero-panzer-marking-plus-ver,https://cdn.shopify.com/s/files/1/0727/8355/files/1c484496-8388-43ce-aa4a-fec2f402e966_600x600.webp?v=1762287840
zoid,model_kit,USA Gundam Store,retailer,Zoids x Monster Hunter Synergenex Series Gatling Fox Mizutsune Model Kit,56.99,,,USD,New,https://www.usagundamstore.com/products/monster-hunter-x-zoids-gatling-fox-mizutsune-1-35-scale-model-kit,https://cdn.shopify.com/s/files/1/0727/8355/files/dba7e532-a55d-48fc-86d1-608378693dff_600x600.webp?v=1762287561
zoid,model_kit,USA Gundam Store,retailer,Zoids Highend Master Model Schneider Unit for Liger Zero (Marking Plus Ver.) 1/72 Scale Accessory Kit,36.99,,,USD,New,https://www.usagundamstore.com/products/zoids-highend-master-model-liger-zero-schneider-unit-marking-plus-ver,https://cdn.shopify.com/s/files/1/0727/8355/files/b09b9e4a-073e-4c4b-9f9a-72d811c86dda_600x600.webp?v=1762287126
zoid,model_kit,USA Gundam Store,retailer,Zoids Highend Master Model RZ-041 Liger Zero Schneider (Marking Plus Ver.) 1/72 Scale Model Kit,80.99,,,USD,New,https://www.usagundamstore.com/products/zoids-highend-master-model-rz-041-liger-zero-schneider-marking-plus-ver,https://cdn.shopify.com/s/files/1/0727/8355/files/25c187d9-93d5-4563-b528-cf5d84f5c2a8_600x600.webp?v=1762287126
zoid,model_kit,USA Gundam Store,retailer,Zoids Advanced Zi AZ-10 Sea Panther 1/72 Scale Model Kit,43.99,,,USD,New,https://www.usagundamstore.com/products/zoids-az-10-sea-panther-1-72-scale-model-kit,https://cdn.shopify.com/s/files/1/0727/8355/files/AZ_AZ-10PR01_600x600.jpg?v=1762287077
zoid,model_kit,USA Gundam Store,retailer,Zoids Realize Model RMZ-008 Command Wolf (Irvine Special) 1/100 Scale Model Kit,39.99,,,USD,New,https://www.usagundamstore.com/products/zoids-rmz-008-command-wolf-irvine-special-1-100-scale-model-kit,https://cdn.shopify.com/s/files/1/0727/8355/files/PR_RMZ008wite_600x600.jpg?v=1762287077
zoid,model_kit,USA Gundam Store,retailer,Zoids Highend Master Model Jager Unit for Liger Zero (Marking Plus Ver.) 1/72 Scale Accessory Kit,36.99,,,USD,New,https://www.usagundamstore.com/products/zoids-highend-master-model-liger-zero-jager-unit-marking-plus-ver,https://cdn.shopify.com/s/files/1/0727/8355/files/ZD147R_LZ_jagerunit_01_600x600.jpg?v=1762287012
zoid,model_kit,USA Gundam Store,retailer,Zoids Highend Master Model RZ-041 Liger Zero Jager (Marking Plus Ver.) 1/72 Scale Model Kit,80.99,,,USD,New,https://www.usagundamstore.com/products/zoids-highend-master-model-rz-041-liger-zero-jager-marking-plus-ver,https://cdn.shopify.com/s/files/1/0727/8355/files/3e4b9c82-6e63-4f6f-aa94-d1e25dda5e23_600x600.webp?v=1762287010
zoid,model_kit,USA Gundam Store,retailer,Zoids Highend Master Model EZ-006 Molga Full Option Set 1/72 Scale Model Kit,64.99,,,USD,New,https://www.usagundamstore.com/products/zoids-highend-master-model-ez-006-molga-full-option-set-1-72-scale-model-kit,https://cdn.shopify.com/s/files/1/0727/8355/files/456621e8-76f7-415f-a23e-3e6b0ef71f23_600x600.jpg?v=1762286343
zoid,model_kit,USA Gundam Store,retailer,Zoids ADVANCED Zi AZ-09 Geno Saurer 1/72 Scale Exclusive Model Kit,109.99,,,USD,New,https://www.usagundamstore.com/products/zoids-advanced-zi-az-09-geno-saurer-1-72-scale-exclusive-model-kit,https://cdn.shopify.com/s/files/1/0727/8355/files/a043ccfc-11c0-42c0-ada0-7b9b517fa986_600x600.webp?v=1762286272
zoid,model_kit,USA Gundam Store,retailer,Zoids Highend Master Model RZ-009 Command Wolf AC &amp; LC (Marking Plus Ver.) 1/72 Scale Model Kit,69.99,,,USD,New,https://www.usagundamstore.com/products/zoids-highend-master-model-rz-009-command-wolf-ac-lc-marking-plus-ver-1-72-scale-model-kit,https://cdn.shopify.com/s/files/1/0727/8355/files/dbb9e2c2-b63b-474d-a9b6-5279bdbf60fd_600x600.webp?v=1762285859
zoid,model_kit,USA Gundam Store,retailer,Zoids Highend Master Model RMZ-12 Guysack (Former Republic Ver.) 1/72 Scale Model Kit,55.99,,,USD,New,https://www.usagundamstore.com/products/zoids-highend-master-model-rmz-12-guysack-former-republic-ver-1-72-scale-model-kit,https://cdn.shopify.com/s/files/1/0727/8355/files/945b3cfe-44ad-45d7-ab1e-8d21d8861965_600x600.jpg?v=1762285550
zoid,model_kit,USA Gundam Store,retailer,Zoids Highend Master Model DPZ-10 Dark Horn (Marking Plus Ver.) 1/72 Scale Model Kit,119.99,,,USD,New,https://www.usagundamstore.com/products/zoids-highend-master-model-dpz-10-dark-horn-marking-plus-ver-1-72-scale-model-kit,https://cdn.shopify.com/s/files/1/0727/8355/files/5145784e-86a6-4239-901a-8bbfa4b8aa48_600x600.jpg?v=1762285549
zoid,model_kit,USA Gundam Store,retailer,Zoids Highend Master Model EZ-049 Sturm Tyrann (Berserk Unit) 1/72 Scale Model Kit,115.49,,,USD,New,https://www.usagundamstore.com/products/zoids-highend-master-model-ez-049-sturm-tyrann-berserk-unit-1-72-scale-model-kit,https://cdn.shopify.com/s/files/1/0727/8355/files/b3660005-61e9-4ad3-b388-7749163f7772_600x600.webp?v=1762285549
zoid,model_kit,USA Gundam Store,retailer,Zoids Adamas Machina AMZ-01 Berserk Fuhrer 1/100 Scale Model Kit,319.99,,,USD,New,https://www.usagundamstore.com/products/zoids-adamas-machina-amz-01-berserk-fuhrer-1-72-scale-model-kit,https://cdn.shopify.com/s/files/1/0727/8355/files/d18900b0-79ea-4fba-873b-c8e85fdb76cd_600x600.webp?v=1762284609
zoid,model_kit,USA Gundam Store,retailer,Zoids Realize Model RMZ-003 Command Wolf 1/100 Scale Model Kit,29.99,,,USD,New,https://www.usagundamstore.com/products/zoids-realize-model-rmz-003-command-wolf-1-100-scale-model-kit,https://cdn.shopify.com/s/files/1/0727/8355/files/30152478-61ef-4e15-9ee8-65f5ca986733_600x600.jpg?v=1753731290
zoid,model_kit,USA Gundam Store,retailer,Zoids Highend Master Model RMZ-04 Gurantula 1/72 Scale Model Kit,44.99,,,USD,New,https://www.usagundamstore.com/products/zoids-highend-master-model-rmz-04-gurantula-1-72-scale-model-kit,https://cdn.shopify.com/s/files/1/0727/8355/files/9d2b0960-8f5f-4ad5-b3ef-516d127a96f7_600x600.jpg?v=1762284441
zoid,model_kit,USA Gundam Store,retailer,Zoids ADVANCED Zi AZ-01EX Blade Liger (Leon Tros Ver.) 1/72 Scale Model Kit,79.99,,,USD,New,https://www.usagundamstore.com/products/zoids-advanced-zi-az-01ex-blade-liger-leon-tros-ver-1-72-scale-model-kit,https://cdn.shopify.com/s/files/1/0727/8355/files/af4c9920-d88a-4543-b45b-24f19c7ee76a_600x600.webp?v=1762284436
zoid,model_kit,USA Gundam Store,retailer,Zoids Realize Model RMZ-002 Geno Saurer 1/100 Scale Model Kit,49.99,,,USD,New,https://www.usagundamstore.com/products/realize-model-zoids-rmz-002-geno-saurer-1-100-scale-model-kit,https://cdn.shopify.com/s/files/1/0727/8355/files/939696_11_ed005c34-f843-44e9-97d1-1b13bdfb245f_600x600.jpg?v=1762284329
zoid,model_kit,USA Gundam Store,retailer,Zoids x Fist of the North Star Wild Liger Kokuou Model Kit,49.99,,,USD,New,https://www.usagundamstore.com/products/zoids-wild-liger-kokuou-model-kit,https://cdn.shopify.com/s/files/1/0727/8355/files/936183_1_600x600.jpg?v=1762283880
zoid,model_kit,USA Gundam Store,retailer,Zoids AZ-06 Liger Zero Phoenix 1/72 Scale Model Kit,139.99,,,USD,New,https://www.usagundamstore.com/products/zoids-az-06-liger-zero-phoenix-1-72-scale-model-kit,https://cdn.shopify.com/s/files/1/0727/8355/files/tkt91884_0_d5d92bad-f86a-4034-91e7-ea572c9623eb_600x600.jpg?v=1762282750
zoid,model_kit,USA Gundam Store,retailer,Monster Hunter x Zoids Sonic Bird Rathalos 1/72 Scale Model Kit,54.99,,,USD,New,https://www.usagundamstore.com/products/zoids-x-monster-hunter-gn024-sonic-bird-reus-figure,https://cdn.shopify.com/s/files/1/0727/8355/files/8da9dca0-8b0a-469c-babc-f5706bf91218_600x600.webp?v=1762282741
zoid,model_kit,USA Gundam Store,retailer,Monster Hunter x Zoids Beast Liger Magaimagado 1/35 Scale Model Kit,54.99,,,USD,New,https://www.usagundamstore.com/products/zoids-x-monster-hunter-gn023-beast-liger-magaimagado-figure,https://cdn.shopify.com/s/files/1/0727/8355/files/939757_1_c349042f-5b46-4e97-ada2-d4d75562badf_600x600.jpg?v=1762282739
zoid,model_kit,USA Gundam Store,retailer,Zoids Highend Master Model RZ-002 Guysak 1/72 Scale Model Kit,54.99,,,USD,New,https://www.usagundamstore.com/products/zoids-highend-master-model-rx-002-guysack-1-72-scale-model-kit,https://cdn.shopify.com/s/files/1/0727/8355/files/ZD167_rz002-guysack_02_b726a468-d1fd-415a-9ec2-05ebd3763d6f_600x600.jpg?v=1762282739
zoid,model_kit,USA Gundam Store,retailer,Zoids AZ-05 Saber Tiger (40th Anniversary) 1/72 Scale Model Kit,94.99,,,USD,New,https://www.usagundamstore.com/products/zoids-az-05-saber-tiger-40th-anniversary-1-72-scale-model-kit,https://cdn.shopify.com/s/files/1/0727/8355/files/914860_1_2e4ffd91-9d6f-404e-994b-4f639593906d_600x600.jpg?v=1762282594
zoid,model_kit,USA Gundam Store,retailer,Zoids Highend Master Model RZ-046 Fire Fox (Marking Plus Ver.) 1/72 Scale Model Kit,59.99,,,USD,New,https://www.usagundamstore.com/products/zoids-highend-master-model-rz-046-fire-fox-marking-plus-ver-1-72-scale-model-kit,https://cdn.shopify.com/s/files/1/0727/8355/files/ZD184_FIREFOX_MK_01_e8a328b6-083b-4369-9656-5d2a032b522f_600x600.jpg?v=1762281890
zoid,model_kit,USA Gundam Store,retailer,Zoids Highend Master Model RBOZ-003 Gojulas (Marking Plus Ver.) 1/72 Scale Model Kit,229.99,,,USD,New,https://www.usagundamstore.com/products/rboz-003-gojulas-marking-plus-ver,https://cdn.shopify.com/s/files/1/0727/8355/files/e113d99c-f2b8-4e99-8ac5-11f957f15db8_600x600.jpg?v=1762281845
zoid,model_kit,USA Gundam Store,retailer,Zoids Highend Master Model EZ-005 Redler (Guyros Empire Ver. with Booster Cannon Set) 1/72 Scale Model Kit,74.99,,,USD,New,https://www.usagundamstore.com/products/zoids-highend-master-model-ez-005-redler-guyros-empire-ver-with-booster-cannon-set-1-72-scale-model-kit,https://cdn.shopify.com/s/files/1/0727/8355/files/c46d8d38-823c-4b5e-900a-4d91269b1022_600x600.jpg?v=1762281517
zoid,model_kit,USA Gundam Store,retailer,Zoids Highend Master Model EZ-004 Red Horn (Marking Plus Ver.) 1/72 Scale Model Kit,79.99,,,USD,New,https://www.usagundamstore.com/products/zoids-highend-master-model-ez-004-red-horn-marking-plus-ver-1-72-scale-model-kit,https://cdn.shopify.com/s/files/1/0727/8355/files/ZD183_REDHORN_MarkingPlusVer_01_600x600.jpg?v=1762281504
zoid,model_kit,USA Gundam Store,retailer,Zoids Highend Master Model EZ-026 Geno Saurer (Repackage Ver.) 1/72 Scale Model Kit,89.99,,,USD,New,https://www.usagundamstore.com/products/zoids-highend-master-model-ez-026-geno-saurer-repackage-ver-1-72-scale-model-kit,https://cdn.shopify.com/s/files/1/0727/8355/files/ZD118X_genosaurer_repackagever_01_d16e3177-cc67-41b8-9fd1-9d24ae9bd793_600x600.jpg?v=1762281109
zoid,model_kit,USA Gundam Store,retailer,Zoids Highend Master Model AZ-03 Murasame Liger 1/72 Scale Model Kit,134.99,,,USD,New,https://www.usagundamstore.com/products/zoids-highend-master-model-az-03-murasame-liger-1-72-scale-model-kit,https://cdn.shopify.com/s/files/1/0727/8355/files/download-2023-07-17T223444.973_600x600.png?v=1762281096
zoid,model_kit,USA Gundam Store,retailer,Zoids Highend Master Model EZ-016 Saber Tiger (Marking Plus Ver.) 1/72 Scale Model Kit,74.99,,,USD,New,https://www.usagundamstore.com/products/zoids-highend-master-model-ez-016-saber-tiger-marking-plus-ver-1-72-scale-model-kit,https://cdn.shopify.com/s/files/1/0727/8355/files/ZD132X_sabertiger_mk_01_600x600.jpg?v=1762280697
zoid,model_kit,USA Gundam Store,retailer,Zoids Highend Master Model RZ-013 Buster Tortoise 1/72 Scale Model Kit,49.99,,,USD,New,https://www.usagundamstore.com/products/zoids-highend-master-model-rz-013-buster-tortoise-1-72-scale-model-kit-reissue,https://cdn.shopify.com/s/files/1/0727/8355/files/ZD025X_bustertortoise_01_94e79ffd-ce8c-4282-9bae-5f824d296865_600x600.jpg?v=1762280552
zoid,model_kit,USA Gundam Store,retailer,Zoids Highend Master Model Attack Booster Set Customize Parts Model Kit,23.99,,,USD,New,https://www.usagundamstore.com/products/zoids-highend-master-model-customize-parts-attack-booster-set-model-kit,https://cdn.shopify.com/s/files/1/0727/8355/products/ZD160_AttackBoosterSet_01_600x600.jpg?v=1762280419
zoid,model_kit,USA Gundam Store,retailer,Zoids Highend Master Model Green Horn AB 1/72 Scale Model Kit,119.99,,,USD,New,https://www.usagundamstore.com/products/zoids-highend-master-model-green-horn-ab-1-72-scale-model-kit,https://cdn.shopify.com/s/files/1/0727/8355/products/ZD161_greenhorn_01_600x600.jpg?v=1762280419
zoid,model_kit,USA Gundam Store,retailer,Zoids Highend Master Model EZ-049 Sturm Tyrann 1/72 Scale Model Kit,139.99,,,USD,New,https://www.usagundamstore.com/products/zoids-highend-master-model-ez-049-sturm-tyrann-repackage-ver-1-72-scale-model-kit,https://cdn.shopify.com/s/files/1/0727/8355/products/ZD102X_sturmtyann_1_600x600.jpg?v=1762280308
zoid,model_kit,USA Gundam Store,retailer,Zoids Highend Master Model RZ-053 Heavy Arms Konig Wolf 1/72 Scale Model Kit,159.99,,,USD,New,https://www.usagundamstore.com/products/rz-053-heavy-arms-konig-wolf,https://cdn.shopify.com/s/files/1/0727/8355/products/ZD114_HA_KONIGWOLF_01_600x600.jpg?v=1762279664
zoid,model_kit,USA Gundam Store,retailer,Zoids Highend Master Model Dual Sniper Rifle &amp; AZ Five Launch Missile System Set Customize Parts Model Kit (Reissue),36.99,,,USD,New,https://www.usagundamstore.com/products/zoids-customize-parts-dual-sniper-rifle-az-five-launch-missile-system-set,https://cdn.shopify.com/s/files/1/0727/8355/products/ZD113_SniperRifle_MissileSet_01_600x600.jpg?v=1762279663
zoid,model_kit,USA Gundam Store,retailer,Zoids Highend Master Model RZ-053 Konig Wolf 1/72 Scale Model Kit,119.99,,,USD,New,https://www.usagundamstore.com/products/rz-053-konig-wolf,https://cdn.shopify.com/s/files/1/0727/8355/products/ZD112_KONIGWOLF_01_600x600.jpg?v=1762279663
zoid,model_kit,USA Gundam Store,retailer,Zoids Highend Master Model RBOZ-006 Dibison (Marking Plus Ver.) 1/72 Scale Model Kit (Reissue),109.99,,,USD,New,https://www.usagundamstore.com/products/zoids-highend-master-model-rboz-006-dibison-marking-plus-ver-1-72-scale-model-kit-reissue,https://cdn.shopify.com/s/files/1/0727/8355/products/fb9496f2-e1fb-4f29-8ef8-8d384eef0e56_600x600.jpg?v=1762279246
zoid,model_kit,USA Gundam Store,retailer,Zoids Highend Master Model EZ-015 Iron Kong (Prozen Knight Ver.) 1/72 Scale Model Kit,189.99,,,USD,New,https://www.usagundamstore.com/products/zoids-highend-master-model-ez-015-iron-kong-prozen-knight-ver-1-72-scale-model-kit,https://cdn.shopify.com/s/files/1/0727/8355/products/e17f580f-b713-4ed0-9ff1-d87df1053d09_600x600.jpg?v=1759293182
zoid,model_kit,USA Gundam Store,retailer,Zoids Highend Master Model Booster Cannon Set Customize Parts Model Kit,24.99,,,USD,New,https://www.usagundamstore.com/products/zoids-highend-master-model-booster-cannon-set-customize-parts-model-kit,https://cdn.shopify.com/s/files/1/0727/8355/products/446c8e2b-9ed5-4064-b990-56060a37a906_600x600.jpg?v=1762278709
zoid,model_kit,USA Gundam Store,retailer,Zoids Highend Master Model RZ-046 Shadow Fox (Marking Plus Ver.) 1/72 Scale Model Kit,54.99,,,USD,New,https://www.usagundamstore.com/products/zoids-highend-master-model-rz-046-shadow-fox-marking-plus-ver-1-72-scale-model-kit,https://cdn.shopify.com/s/files/1/0727/8355/products/ZD145X_ShadowFOX_Mplus_01_600x600.jpg?v=1759292420
zoid,model_kit,USA Gundam Store,retailer,Zoids Highend Master Model RZ-029 Storm Sworder 1/72 Scale Model Kit,91.99,,,USD,New,https://www.usagundamstore.com/products/zoids-highend-master-model-rz-029-storm-sworder-1-72-scale-model-kit,https://cdn.shopify.com/s/files/1/0727/8355/products/8973efe0-2779-44c4-971a-ec1330f70cde_600x600.jpg?v=1762278589
zoid,model_kit,USA Gundam Store,retailer,Zoids Highend Master Model EZ-034 Geno Breaker (Repackage Ver.) 1/72 Scale Model Kit,104.99,,,USD,New,https://www.usagundamstore.com/products/zoids-highend-master-model-ez-034-geno-breaker-repackage-ver-1-72-scale-model-kit,https://cdn.shopify.com/s/files/1/0727/8355/products/77832861-e81b-4a13-b3e8-5de4a70ee1a5_600x600.jpg?v=1762278042
zoid,model_kit,USA Gundam Store,retailer,Zoids Highend Master Model EZ-015 Iron Kong (Marking Plus Ver.) 1/72 Scale Model Kit,139.99,,,USD,New,https://www.usagundamstore.com/products/zoids-highend-master-model-ez-015-iron-kong-marking-plus-ver-1-72-scale-model-kit,https://cdn.shopify.com/s/files/1/0727/8355/products/7947267b-3e26-4d77-bf45-1dd1b172cac1_600x600.jpg?v=1759290502
zoid,model_kit,USA Gundam Store,retailer,Zoids Highend Master Model RZ-041 Liger Zero (Marking Plus Ver.) 1/72 Scale Model Kit,65.99,,,USD,New,https://www.usagundamstore.com/products/zoids-hmm-rz-041-liger-zero-marking-plus-ver-1-72-scale-model-kit,https://cdn.shopify.com/s/files/1/0727/8355/files/cf01fde9-b1ef-447f-be15-0cbda7503ec4_600x600.webp?v=1762276901
zoid,model_kit,USA Gundam Store,retailer,Zoids Highend Master Model RZ-010 Pteras Bomber (Marking Plus Ver.) 1/72 Scale Model Kit,49.99,,,USD,New,https://www.usagundamstore.com/products/zoids-highend-master-model-rz-010-pteras-bomber-marking-plus-ver-1-72-scale-model-kit,https://cdn.shopify.com/s/files/1/0727/8355/products/5481a5c0-9a3d-47dd-b8f6-a500f6b27f70_600x600.jpg?v=1762276574
zoid,model_kit,USA Gundam Store,retailer,Zoids Highend Master Model EPZ-003 Great Saber (Marking Plus Ver.) 1/72 Scale Model Kit,78.99,,,USD,New,https://www.usagundamstore.com/products/zoids-highend-master-model-epz-003-great-saber-marking-plus-ver-1-72-scale-model-kit,https://cdn.shopify.com/s/files/1/0727/8355/files/f4b40222-768c-476a-9890-f212cfd3e9c5_600x600.webp?v=1762276534
zoid,model_kit,USA Gundam Store,retailer,Zoids Highend Master Model RBOZ-003 Gojulas the Ogre Model Kit,295.99,,,USD,New,https://www.usagundamstore.com/products/gojulas-the-ogre,https://cdn.shopify.com/s/files/1/0727/8355/products/9e5afcb0-db23-4f41-9069-de408c9d6913_600x600.jpg?v=1759286432
zoid,model_kit,USA Gundam Store,retailer,Zoids Highend Master Model EZ-049 Berserk Fuhrer (Repackage Ver.) 1/72 Scale Model Kit,94.99,,,USD,New,https://www.usagundamstore.com/products/zoids-highend-master-model-ez-049-berserk-fuhrer-repackage-ver-1-72-scale-model-kit,https://cdn.shopify.com/s/files/1/0727/8355/products/5f3e6c91-0329-4572-a875-605a69217a42_600x600.jpg?v=1762276362
zoid,model_kit,USA Gundam Store,retailer,Zoids Highend Master Model RZ-007 Shield Liger (Marking Plus Ver.) 1/72 Scale Model Kit,59.99,,,USD,New,https://www.usagundamstore.com/products/zoids-highend-master-model-rz-007-shield-liger-marking-plus-ver-1-72-scale-model-kit,https://cdn.shopify.com/s/files/1/0727/8355/products/ba813ea6-cdf4-4a17-880c-7cc8f08a64d8_600x600.jpg?v=1762276259
zoid,model_kit,USA Gundam Store,retailer,Zoids Highend Master Model DPZ-10 Dark Horn 1/72 Scale Model Kit,69.99,,,USD,New,https://www.usagundamstore.com/products/zoids-highend-master-model-dpz-10-dark-horn-1-72-scale-model-kit-reissue,https://cdn.shopify.com/s/files/1/0727/8355/products/271540712_4656613601097251_4268715568164652108_n_600x600.png?v=1762276259
zoid,model_kit,USA Gundam Store,retailer,Zoids Highend Master Model RZ-030 Gun Sniper 1/72 Scale Model Kit,49.99,,,USD,New,https://www.usagundamstore.com/products/zoids-highend-master-model-rz-030-gun-sniper-1-72-scale-model-kit,https://cdn.shopify.com/s/files/1/0727/8355/products/715c3cf1-7ecf-4403-a97a-7076a1281a99_1_600x600.jpg?v=1762275843
zoid,model_kit,Kotobukiya USA,retailer,EZ-005 REDLER GUYROS EMPIRE Ver.,59.99,,,USD,New,https://kotobukiya-us.com/products/190526063679,https://kotobukiya-us.com/cdn/shop/files/ZD153X_Redler_GuyrosEmpire_eye.jpg?v=1735173499&width=460
zoid,model_kit,Kotobukiya USA,retailer,ZOIDS CUSTOMIZE PARTS PILE BUNKER UNIT,14.99,,,USD,New,https://kotobukiya-us.com/products/190526008540,https://kotobukiya-us.com/cdn/shop/files/ZD110_CP_PilebunkerUnit_eye.jpg?v=1735173318&width=460
zoid,model_kit,Kotobukiya USA,retailer,ZOIDS CUSTOMIZE PARTS GOJULAS CANNON SET,53.99,,,USD,New,https://kotobukiya-us.com/products/190526052635,https://kotobukiya-us.com/cdn/shop/files/ZD100X_gojulascannonset_eye.jpg?v=1752726960&width=460
zoid,model_kit,Kotobukiya USA,retailer,EZ-049 STURM TYRANN BERSERK UNIT SET,159.99,,,USD,New,https://kotobukiya-us.com/products/190526062597,https://kotobukiya-us.com/cdn/shop/files/ZD106X_sturmtyannBUset_eye.jpg?v=1735172624&width=460
zoid,model_kit,Kotobukiya USA,retailer,ZOIDS ADVANCED SERIES AZ-17DX ULTRA S...,399.99,,,USD,New,https://kotobukiya-us.com/products/190526083936,https://kotobukiya-us.com/cdn/shop/files/GN343_eye.jpg?v=1783400110&width=460
zoid,model_kit,Kotobukiya USA,retailer,SF-G01 SPARK Fig GRANDE Zoids Genesis...,169.99,,,USD,New,https://kotobukiya-us.com/products/190526081949,https://kotobukiya-us.com/cdn/shop/files/065487-eye.jpg?v=1778472971&width=460
zoid,model_kit,Kotobukiya USA,retailer,EZ-027 RAVEN RAPTOR,64.99,,,USD,New,https://kotobukiya-us.com/products/190526008533,https://kotobukiya-us.com/cdn/shop/files/ZD109_RavenRaptor_eye.jpg?v=1735173258&width=460
zoid,model_kit,Kotobukiya USA,retailer,EZ-036 DEATH STINGER,134.99,,,USD,New,https://kotobukiya-us.com/products/190526024144,https://kotobukiya-us.com/cdn/shop/files/ZD086R_deathstinger_eye.jpg?v=1735172545&width=460
zoid,model_kit,Kotobukiya USA,retailer,ZOIDS SONIC BIRD Rathalos ver.,54.99,,,USD,New,https://kotobukiya-us.com/products/190526059863,https://kotobukiya-us.com/cdn/shop/files/939764_eye.jpg?v=1735177648&width=460
zoid,model_kit,Kotobukiya USA,retailer,RZ-014 GODOS MARKING PLUS Ver.,49.99,,,USD,New,https://kotobukiya-us.com/products/190526039230,https://kotobukiya-us.com/cdn/shop/files/ZD157_godosMK_eye.jpg?v=1739150303&width=460
zoid,model_kit,Kotobukiya USA,retailer,RZ-045 SALAMANDER,229.99,,,USD,New,https://kotobukiya-us.com/products/190526049758,https://kotobukiya-us.com/cdn/shop/files/ZD171_salamander_eye.jpg?v=1752726090&width=460
zoid,model_kit,Kotobukiya USA,retailer,EZ-027 REV RAPTOR,49.99,,,USD,New,https://kotobukiya-us.com/products/190526008557,https://kotobukiya-us.com/cdn/shop/files/ZD111_revraptor_eye.jpg?v=1735173380&width=460
zoid,model_kit,Kotobukiya USA,retailer,RZ-013 CANNON TORTOISE Marking Plus Ver.,47.99,,,USD,New,https://kotobukiya-us.com/products/190526066441,https://kotobukiya-us.com/cdn/shop/files/ZD189_cannontortoise_mp_eye.jpg?v=1745456859&width=460
zoid,model_kit,Kotobukiya USA,retailer,ZOIDS BEAST LIGER Magnamalo ver.,54.99,,,USD,New,https://kotobukiya-us.com/products/190526059856,https://kotobukiya-us.com/cdn/shop/files/939757__eye.jpg?v=1735177296&width=460
zoid,model_kit,Kotobukiya USA,retailer,RZ-028 BLADE LIGER AB,79.99,,,USD,New,https://kotobukiya-us.com/products/190526068537,https://kotobukiya-us.com/cdn/shop/files/ZD131R_bladeliger_AB_eye.jpg?v=1740470426&width=460
zoid,model_kit,Kotobukiya USA,retailer,EZ-006 MOLGA FULL OPTION SET,64.99,,,USD,New,https://kotobukiya-us.com/products/190526060357,https://kotobukiya-us.com/cdn/shop/files/ZD186_molga_fulloptionset_eye.jpg?v=1737619971&width=460
zoid,model_kit,Kotobukiya USA,retailer,RZ-013 BUSTER TORTOISE,49.99,,,USD,New,https://kotobukiya-us.com/products/190526056183,https://kotobukiya-us.com/cdn/shop/files/ZD025X_bustertortoise_eye.jpg?v=1735172496&width=460
zoid,model_kit,Kotobukiya USA,retailer,RZ-007 SHIELD LIGER MARKING PLUS Ver.,59.99,,,USD,New,https://kotobukiya-us.com/products/190526042476,https://kotobukiya-us.com/cdn/shop/files/ZD159_ShieldLiger_eye.jpg?v=1735173685&width=460
zoid,model_kit,Kotobukiya USA,retailer,RZ-007 SHIELD LIGER DCS-J,77.99,,,USD,New,https://kotobukiya-us.com/products/190526068490,https://kotobukiya-us.com/cdn/shop/files/ZD129R_ShieldLiger_DCSJ_eye.jpg?v=1738808283&width=460
zoid,model_kit,Kotobukiya USA,retailer,EZ-054 LIGER ZERO X,88.99,,,USD,New,https://kotobukiya-us.com/products/190526068704,https://kotobukiya-us.com/cdn/shop/files/ZD107R_ligerzeroX_eye.jpg?v=1745456407&width=460
zoid,model_kit,Kotobukiya USA,retailer,RZ-041 LIGER ZERO Marking Plus Ver.,65.99,,,USD,New,https://kotobukiya-us.com/products/190526067264,https://kotobukiya-us.com/cdn/shop/files/ZD121R_ligerzeroMP_eye.jpg?v=1737703163&width=460
zoid,model_kit,Kotobukiya USA,retailer,EZ-017 IGUAN MARKING PLUS Ver.,44.99,,,USD,New,https://kotobukiya-us.com/products/190526042445,https://kotobukiya-us.com/cdn/shop/files/ZD158_iguanMK_eye.jpg?v=1735173630&width=460
zoid,model_kit,Kotobukiya USA,retailer,RZ-046 SHADOW FOX  MARKING PLUS Ver.,54.99,,,USD,New,https://kotobukiya-us.com/products/190526051638,https://kotobukiya-us.com/cdn/shop/files/ZD145X_ShadowFOX_Mplus_eye.jpg?v=1747638152&width=460
zoid,model_kit,Kotobukiya USA,retailer,Monster Hunter X Zoids Knuckle Kong R...,56.99,,,USD,New,https://kotobukiya-us.com/products/190526070998,https://kotobukiya-us.com/cdn/shop/files/995197_eye.jpg?v=1742886442&width=460
zoid,model_kit,Kotobukiya USA,retailer,RZ-009 COMMAND WOLF AC & LC MARKING P...,69.99,,,USD,New,https://kotobukiya-us.com/products/190526060401,https://kotobukiya-us.com/cdn/shop/files/ZD187_commandwolf_ac_and_lc_mpver_eye.jpg?v=1738213936&width=460
zoid,model_kit,Kotobukiya USA,retailer,RZ-053 KÖNIG WOLF,119.99,,,USD,New,https://kotobukiya-us.com/products/190526013209,https://kotobukiya-us.com/cdn/shop/files/ZD112_KonigWolf_eye.jpg?v=1735173447&width=460
zoid,model_kit,Kotobukiya USA,retailer,Monster Hunter X Zoids Gatling Fox Mi...,56.99,,,USD,New,https://kotobukiya-us.com/products/190526070981,https://kotobukiya-us.com/cdn/shop/files/995203_eye.jpg?v=1742886442&width=460
zoid,model_kit,Kotobukiya USA,retailer,EHI-7 REDDRA ZENEBUS EMPIRE Ver.,59.99,,,USD,New,https://kotobukiya-us.com/products/190526063662,https://kotobukiya-us.com/cdn/shop/files/ZD152X_Redler_ZenebusEmpire_eye.jpg?v=1738214006&width=460
zoid,model_kit,Kotobukiya USA,retailer,RZ-041 LIGER ZERO JAGER Marking Plus ...,80.99,,,USD,New,https://kotobukiya-us.com/products/190526068483,https://kotobukiya-us.com/cdn/shop/files/ZD122R_ligerzero_jagerMP_eye.jpg?v=1738808215&width=460
zoid,model_kit,Kotobukiya USA,retailer,RZ-041 LIGER ZERO PANZER Marking Plus...,84.99,,,USD,New,https://kotobukiya-us.com/products/190526068681,https://kotobukiya-us.com/cdn/shop/files/ZD124R_ligerzero_panzerMP_eye.jpg?v=1743066611&width=460
zoid,model_kit,Kotobukiya USA,retailer,RZ-041 LIGER ZERO SCHNEIDER Marking P...,80.99,,,USD,New,https://kotobukiya-us.com/products/190526068520,https://kotobukiya-us.com/cdn/shop/files/ZD123R_ligerzero_schneider_Mplus_eye.jpg?v=1740470321&width=460
