category,product_type,site,site_type,ships_from,title,price,shipping,pickup,currency,condition,url,image_url
gundam,model_kit,eBay,marketplace,us,"#64 Zaku I Mobile Suit Gundam, Bandai Hobby HGUC 1/144",15.0,0.0,False,USD,New,https://www.ebay.com/itm/188555189059?_skw=gundam&hash=item2be6c3db43:g:xhUAAeSwSoNqO~E2,https://i.ebayimg.com/images/g/xhUAAeSwSoNqO~E2/s-l225.jpg
gundam,model_kit,eBay,marketplace,us,"#56 Gundam TR-1 Hazel Custom Advance of Zeta, Bandai Hobby HGUC",19.0,0.0,False,USD,New,https://www.ebay.com/itm/178251688876?_skw=gundam&hash=item2980a0ebac:g:qTAAAeSwFNhqO~Ft,https://i.ebayimg.com/images/g/qTAAAeSwFNhqO~Ft/s-l225.jpg
gundam,model_kit,eBay,marketplace,us,"Gundam 0080 #13 Zaku II FZ, Bandai RE/100 [New Toy] Figure, Collectible",43.61,0.0,False,USD,New,https://www.ebay.com/itm/398378895260?_skw=gundam&hash=item5cc13b879c:g:D2YAAeSw14xqoesv,https://i.ebayimg.com/images/g/D2YAAeSw14xqoesv/s-l225.jpg
gundam,cards,eBay,marketplace,us,Gundam TCG - 1st Anniversary Event Pack,90.0,0.0,False,USD,New/Factory Sealed,https://www.ebay.com/itm/206562106807?_skw=gundam&hash=item30180f9db7:g:6SEAAeSwKcBqqzkZ,https://i.ebayimg.com/images/g/6SEAAeSwKcBqqzkZ/s-l225.jpg
gundam,model_kit,eBay,marketplace,us,"#270 Gundam Leopard Mobile Suit Gundam X, Bandai Hobby HG 1/144",29.0,0.0,False,USD,New,https://www.ebay.com/itm/188555189166?_skw=gundam&hash=item2be6c3dbae:g:eGgAAeSwQKZqO~GC,https://i.ebayimg.com/images/g/eGgAAeSwQKZqO~GC/s-l225.jpg
gundam,cards,eBay,marketplace,us,A Show of Resolve U GD01-100 PR - Gundam Card Game  English,180.0,0.0,False,USD,Ungraded,https://www.ebay.com/itm/398386680157?_skw=gundam&hash=item5cc1b2515d:g:8hQAAeSw4~BqpPuc,https://i.ebayimg.com/images/g/8hQAAeSw4~BqpPuc/s-l225.jpg
gundam,model_kit,eBay,marketplace,us,"#32 Nu Gundam Char's Counterattack, Bandai Hobby RG 1/144",56.0,0.0,False,USD,New,https://www.ebay.com/itm/188555189274?_skw=gundam&hash=item2be6c3dc1a:g:eUAAAeSw8n5qO~Fg,https://i.ebayimg.com/images/g/eUAAAeSw8n5qO~Fg/s-l225.jpg
gundam,model_kit,eBay,marketplace,us,Gundam: Requiem for Vengeance Gundam EX High Grade 1:144 Scale Model Kit,28.51,5.0,False,USD,New,https://www.ebay.com/itm/226658223339?_skw=gundam&hash=item34c5e204eb:g:LCoAAeSw-1lqoIn-,https://i.ebayimg.com/images/g/LCoAAeSw-1lqoIn-/s-l225.jpg
gundam,model_kit,eBay,marketplace,us,Bandai Hobby Zeta Gundam #56 RX121-1 TR-1 Hazel Custom HGUC HG 1/144 Model Kit,24.95,0.0,False,USD,New,https://www.ebay.com/itm/147574027961?_skw=gundam&hash=item225c18f6b9:g:l8EAAeSwp-ZqqrEG,https://i.ebayimg.com/images/g/l8EAAeSwp-ZqqrEG/s-l225.jpg
gundam,model_kit,eBay,marketplace,us,"#36 The-O Z Gundam, Bandai Hobby HGUC",33.0,0.0,False,USD,New,https://www.ebay.com/itm/178251688938?_skw=gundam&hash=item2980a0ebea:g:kj8AAeSw0-1qO~G2,https://i.ebayimg.com/images/g/kj8AAeSw0-1qO~G2/s-l225.jpg
gundam,model_kit,eBay,marketplace,us,"#107 MS-06F-2 Zaku II F2 (EFSF Ver.) Gundam 0083, Bandai Hobby HGUC",20.0,0.0,False,USD,New,https://www.ebay.com/itm/188555189091?_skw=gundam&hash=item2be6c3db63:g:ZScAAeSweM5qO~Gu,https://i.ebayimg.com/images/g/ZScAAeSweM5qO~Gu/s-l225.jpg
gundam,cards,eBay,marketplace,us,Bandai Gundam Card Game 1st Anniversary Event Pack English Sealed 1 Pack,95.0,,False,USD,New/Factory Sealed,https://www.ebay.com/itm/820136765463?_skw=gundam&hash=itembef3f5e817:g:26sAAeSw8SBqqMNG,https://i.ebayimg.com/images/g/26sAAeSw8SBqqMNG/s-l225.jpg
gundam,cards,eBay,marketplace,us,GUNDAM TCG- WING GUNDAM ZERO(EW)-GD05-067-LR-HOLO,3.49,1.25,False,USD,Ungraded,https://www.ebay.com/itm/366661205287?_skw=gundam&hash=item555eb5fd27:g:nWAAAeSwBO5qjGQ9,https://i.ebayimg.com/images/g/nWAAAeSwBO5qjGQ9/s-l225.jpg
gundam,model_kit,eBay,marketplace,us,Standard Hello Kitty x RX-78-2 Gundam Figure Model Kit USA Seller,29.99,0.0,False,USD,New,https://www.ebay.com/itm/336790532052?_skw=gundam&hash=item4e6a47afd4:g:UiAAAeSwFXJqpPP7&amdata=enc%3AAQALAAAA4ACCtXRWQnOEpyOqnQQ8KGZiqQBo4IePJbD3ABSqiPxIAN6R84NNWYZtmd4w3mIewWFr%2FdXwiOyepqfKljGR8FqKKvIUKLXWaF7qgXmLFnkIMp3UaXNdCIJyk4mTY9Yf2xfFNYIU0nUf4%2BbtBQyqBtGxYUAADDlqZPTds0aHXIl7eKJMnTcyCt7ypMJ%2FN7vZI2fWSUhjIwEyd76x1kFGz7T1mwzwKbNJpEiEokFfdn44O54ERNdWV0Xgv%2BbaiWDj%2BsyO2ie9evPjhyeJOo4jb%2FVOOCKMajMXH%2F7f%2F4Av5m4p,https://i.ebayimg.com/images/g/UiAAAeSwFXJqpPP7/s-l225.jpg
gundam,model_kit,eBay,marketplace,international,SD Gundam Part 7 Box Carddas 20 New Unused Unopened Original Vintage Rare,180.0,0.0,False,USD,New,https://www.ebay.com/itm/407209283641?_skw=gundam&hash=item5ecf909039:g:Ui0AAeSwf9tqqqtm&amdata=enc%3AAQALAAAA4ACCtXRWQnOEpyOqnQQ8KGbnG8u6koNBLDe2L63Wm7Ju7bR397ot2YWRrns1mspkKWmdcobqX2RgX%2Fe8%2FAk18dbW1j3SbLLds7BaTdqVxvqKU9cCSyGKvzVzleNsiOU96zrpwXd6czVO4tilovdwGH9FB1nX0D2t8xW2dnNxZp2FPlZ6tM571DhNtrZ1UD97R%2FGqEohe32o3sefMBZhGIzis9ln%2FnmkL%2FeTtSz8MaF1g61txhQKltW3BTK4HwMpJVfkIMLrGINS2XiFJJw5x2dOevMxbSUtVd1szn%2FOCp6wN,https://i.ebayimg.com/images/g/Ui0AAeSwf9tqqqtm/s-l225.jpg
gundam,model_kit,eBay,marketplace,us,BAN2091785 Bandai Gundam: High Grade: Universal Century: 1/144: Loto Twin Set,30.81,0.0,False,USD,New,https://www.ebay.com/itm/168641564452?_skw=gundam&hash=item2743d20f24:g:4dQAAeSwbr9qj0UY&amdata=enc%3AAQALAAAA4ACCtXRWQnOEpyOqnQQ8KGaSP0Bhsmpgd9WqbJgrA5E%2BWkvofaESc4bqWO1gveyDcZuWF0aMf%2BBdPRwhFK5DPHdN5sjingLklFo7jFXnxrbn0732mW23LPAWZk9Z%2BbYQj5iG5GwJtEQRDiGJpy%2FPZPo6jJl4LxHWu3dYJ4ceXDfxpjOeWlorj9dLIt8k8t6rjRp6uUxvzmsJd1y39oxKWwnsMKZ3Q0cB0L7gcQFUTIJQOaXZA2uk8Sjcv2kr%2BqbZwhb%2FnQ77BPNtnHNWyERLQ9rmXP90zCz4R9HsIPh0gRA2,https://i.ebayimg.com/images/g/4dQAAeSwbr9qj0UY/s-l225.jpg
gundam,model_kit,eBay,marketplace,us,Bandai Hobby Gundam Stardust Memory HGUC F2 Zaku II EFSF HG 1/144 Model Kit USA,26.95,0.0,False,USD,New,https://www.ebay.com/itm/137734088200?_skw=gundam&hash=item2011976608:g:WBAAAeSwnnJqqtUy,https://i.ebayimg.com/images/g/WBAAAeSwnnJqqtUy/s-l225.jpg
gundam,model_kit,eBay,marketplace,international,Gundam Base Fukuoka Limited RG 1/144 RX-93ff ν Gundam plastic model Kit Japan,71.99,0.0,False,USD,New,https://www.ebay.com/itm/394085206840?_skw=gundam&hash=item5bc14f0b38:g:2iQAAOSw8GRnLO16,https://i.ebayimg.com/images/g/2iQAAOSw8GRnLO16/s-l225.jpg
gundam,model_kit,eBay,marketplace,us,"Gundam UC #30 Full Armor Gundam Unicorn, Bandai RG 1/144 [New Toy] Figure, Col",52.08,0.0,False,USD,New,https://www.ebay.com/itm/198324342618?_skw=gundam&hash=item2e2d0d4f5a:g:jAMAAeSwm6Zp9UfI,https://i.ebayimg.com/images/g/jAMAAeSwm6Zp9UfI/s-l225.jpg
gundam,model_kit,eBay,marketplace,us,Bandai Hobby HGAC XXXG-01D2 Gundam Deathscythe Hell HG 1/144 Scale Model Kit,22.95,0.0,False,USD,New,https://www.ebay.com/itm/137549270934?_skw=gundam&hash=item2006934f96:g:3A4AAeSwLB5qqyKa,https://i.ebayimg.com/images/g/3A4AAeSwLB5qqyKa/s-l225.jpg
gundam,model_kit,eBay,marketplace,us,"#55 HI-Zack (EFSF) Z Gundam, Bandai Hobby HGUC",15.0,0.0,False,USD,New,https://www.ebay.com/itm/178251688885?_skw=gundam&hash=item2980a0ebb5:g:v1EAAeSwlU9qO~Gr,https://i.ebayimg.com/images/g/v1EAAeSwlU9qO~Gr/s-l225.jpg
gundam,cards,eBay,marketplace,us,Gundam Card Game Official Playmat & Card Set 00 Gundam Ex Resource *ENGLISH*,190.0,,False,USD,New,https://www.ebay.com/itm/117413859334?_skw=gundam&hash=item1b56695006:g:VRoAAeSwfEZqqIeN,https://i.ebayimg.com/images/g/VRoAAeSwfEZqqIeN/s-l225.jpg
gundam,model_kit,eBay,marketplace,us,Bandai HGGBM 10 Gundam 00 Command Qan[T] (Desert Type) 1/144 Model Kit - US,28.95,0.0,False,USD,New,https://www.ebay.com/itm/187761652122?_skw=gundam&hash=item2bb777719a:g:ZH4AAeSwh5ZpH-F1,https://i.ebayimg.com/images/g/ZH4AAeSwh5ZpH-F1/s-l225.jpg
gundam,model_kit,eBay,marketplace,us,"#113 RGM-79C GM Type C Gundam 0083, Bandai Hobby HGUC",18.0,0.0,False,USD,New,https://www.ebay.com/itm/188555189121?_skw=gundam&hash=item2be6c3db81:g:hsgAAeSwEiJqO~Hd,https://i.ebayimg.com/images/g/hsgAAeSwEiJqO~Hd/s-l225.jpg
gundam,cards,eBay,marketplace,us,Bandai Namco Gundam Card Game 1st Anniversary Event Pack English Promo,99.99,5.17,False,USD,New/Factory Sealed,https://www.ebay.com/itm/188939144973?_skw=gundam&hash=item2bfda68f0d:g:bFEAAeSwmXNqqtPH,https://i.ebayimg.com/images/g/bFEAAeSwmXNqqtPH/s-l225.jpg
gundam,model_kit,eBay,marketplace,us,Bandai Action Base #5 Clear (For 1/144 & 1/100 Gundam) Model Kit Bandai Hobby,9.0,0.0,False,USD,New,https://www.ebay.com/itm/185845582834?_skw=gundam&hash=item2b45428bf2:g:qnsAAeSw10tqO~Eq,https://i.ebayimg.com/images/g/qnsAAeSw10tqO~Eq/s-l225.jpg
gundam,cards,eBay,marketplace,international,Strike Freedom Gundam Card Game EX Base Serial Challenge Pack EXBP-028 Sealed JP,5300.0,0.0,False,USD,Ungraded,https://www.ebay.com/itm/178478253568?_skw=gundam&hash=item298e220600:g:fpIAAeSw8h9qn6rz,https://i.ebayimg.com/images/g/fpIAAeSw8h9qn6rz/s-l225.jpg
gundam,other,eBay,marketplace,us,"#150 Nemo (Z Gundam Color) Z Gundam, Bandai Hobby HGUC",20.0,0.0,False,USD,New,https://www.ebay.com/itm/188555189098?_skw=gundam&hash=item2be6c3db6a:g:H3wAAeSwsvBqO~Fu,https://i.ebayimg.com/images/g/H3wAAeSwsvBqO~Fu/s-l225.jpg
gundam,model_kit,eBay,marketplace,us,BNDAI-2359308 Bandai HG Option Set 1/144 #09 MS Option Set 9 'Gundam IBO',25.39,0.0,False,USD,New,https://www.ebay.com/itm/168641564723?_skw=gundam&hash=item2743d21033:g:uxcAAeSwiX1qj0Vd&amdata=enc%3AAQALAAAA4ACCtXRWQnOEpyOqnQQ8KGbTnnuhjQ%2BlcU94GlaWCqxPCjCiCm728ToftZENAgFQT05bKyTfw7fYc0mQN9M9OVABHb4wA9ZYbayH8GjyAGEfxImHBfMtgQHddXl2NbCGNPz1oVX6DeG%2BMoOwLY5W1Ii9smt1sfBHV%2FKFDeDH7oUK59gVgBT9B6YbpANiO%2Fp0u8QZG6GwkbN4is%2Fy2JR4Dmhy9jwNp%2FdS2BjAmv8ougKZmVQECxoemAJoCmk%2BuXFANMBUMQon07lksUadrJkiqbGK1J1iGIwy2mmqFKPzp16O,https://i.ebayimg.com/images/g/uxcAAeSwiX1qj0Vd/s-l225.jpg
gundam,model_kit,eBay,marketplace,us,MOBILE SUIT GUNDAM SEED DESTINY 50 Episodes TV Complete Series  DVD English,37.99,8.5,False,USD,New,https://www.ebay.com/itm/323719114492?_skw=gundam&hash=item4b5f29aefc:g:pu0AAOSw0Khce434&amdata=enc%3AAQALAAAA4ACCtXRWQnOEpyOqnQQ8KGZW6v%2B1qUBuyfhNI2P3KMK6tQ%2BAIC7iRJFYVH%2FS6pzQyV5DeFXasVHOpVYxmbhRz%2Fklujq1l%2BtNxWkzsuxgYhfd3vV1G8WrdJ5%2BfrYsf47rVYU%2FWySW0ILAohVbOyPfOGBmaDFzYfTJlTaY%2B5M3ptn8dBZOV8Gkoic37CcOHn%2F%2Bl6CA6%2BX%2BhajMzw4MEB9q%2FgINvxdq3vII9t%2FVPFi1mGXVnjcbhgP8M8qcFx3HUAP9r11F6c1V%2B26V6gRgPC4VbEZ6GoIA3wP0Rj6nn6VqOlFE,https://i.ebayimg.com/images/g/pu0AAOSw0Khce434/s-l225.jpg
gundam,cards,eBay,marketplace,us,US STOCK GUNDAM CARD GAME 2026 Chinese New Year Red Pocket Promo SEALED EXRP-014,24.99,0.0,False,USD,New,https://www.ebay.com/itm/206099667027?_skw=gundam&hash=item2ffc7f5853:g:xEoAAeSwdAxpoiCP&amdata=enc%3AAQALAAAA4ACCtXRWQnOEpyOqnQQ8KGZy5mx79cG%2FxgduiaBqaIS%2Bsm5%2FoossTWTzvMJxad9y%2BRMxFYeu5Wc562HruJYQ%2Btw3yMfiPUrYvRu8TIotRMsLMfE%2FFmLNp4lE1BsnvEGSYdr480WWyfnUCIyda8%2F631BD2sKQx4MlTT2gIh3%2FRs5jttLoBr%2Bzreru9xe0p%2Buagl1nWQ6EA4t1Uk16SjpUh8C7T9EX3ncQ6BOZVsHZYwNX66vbP210WIW%2FZ7rzRhnEsSebbEMvkXSljw0Sw1ZDsOkYhJfpzbSyfwf7Fnn%2FcfhA,https://i.ebayimg.com/images/g/xEoAAeSwdAxpoiCP/s-l225.jpg
gundam,model_kit,eBay,marketplace,international,MG Gundam Ex Impulse 1/100 Scale Model Kit Gundma Build Divers Genius Head Line,115.77,5.48,False,USD,Used,https://www.ebay.com/itm/287448855895?_skw=gundam&hash=item42ed497557:g:zOMAAeSwkUhqq6IP&amdata=enc%3AAQALAAAA4ACCtXRWQnOEpyOqnQQ8KGYCK7B%2FfB5%2FTJbuoEBCCciPstChczUuc5y33yc7UmV80MvjZWHHVREKoCSzLNMqRN8W%2BmxMhQUA3nCmXlsLlEBgFvGObPBwTNzG9l6CAUsdT7VHSMnFk6QTEt%2FGKN6m%2B4uYgMKn9H8qfZD0eE4nZQVFXMjYrSTdu067%2BQUGC8lCefan%2B4TyyBxgnvkg0ei29IkqtFiW7RFPG9mnZmSO7Jp9N%2BUvO9rgu2j2Zw9RuPiD3upt3Sv%2B6tcgkkjY8jARj5l3Ejsf8uSBCMWCrhQJKmWS,https://i.ebayimg.com/images/g/zOMAAeSwkUhqq6IP/s-l225.jpg
gundam,model_kit,eBay,marketplace,us,Chikiwi gundam laloyd art print 9x11 (buy 2 get 1 random print free),24.0,,False,USD,New,https://www.ebay.com/itm/398399704179?_skw=gundam&hash=item5cc2790c73:g:jNsAAeSwAetqqjmj,https://i.ebayimg.com/images/g/jNsAAeSwAetqqjmj/s-l225.jpg
gundam,model_kit,eBay,marketplace,us,"#31 Bawoo Z Gundam, Bandai Hobby HGUC 1/144",18.0,0.0,False,USD,New,https://www.ebay.com/itm/188555189089?_skw=gundam&hash=item2be6c3db61:g:6IYAAeSwQhRqO~E7,https://i.ebayimg.com/images/g/6IYAAeSwQhRqO~E7/s-l225.jpg
gundam,model_kit,eBay,marketplace,us,"#145 Hambrabi Z Gundam, Bandai Hobby HGUC",24.0,0.0,False,USD,New,https://www.ebay.com/itm/178251688881?_skw=gundam&hash=item2980a0ebb1:g:oSwAAeSwtAZqO~Fs,https://i.ebayimg.com/images/g/oSwAAeSwtAZqO~Fs/s-l225.jpg
gundam,model_kit,eBay,marketplace,us,"#269 Gouf Ignited (Heine Westenfluss Custom) Mobile Suit Gundam SEED DESTINY, B",34.0,0.0,False,USD,New,https://www.ebay.com/itm/178251688941?_skw=gundam&hash=item2980a0ebed:g:AqQAAeSwiRFqO~Gn,https://i.ebayimg.com/images/g/AqQAAeSwiRFqO~Gn/s-l225.jpg
gundam,model_kit,eBay,marketplace,us,Bandai Full Armor Gundam (Gundam Thunderbolt Ver.) HG GT 1/144 Model Kit - US,42.95,0.0,False,USD,New,https://www.ebay.com/itm/177755063204?_skw=gundam&hash=item29630703a4:g:PIoAAeSwWXhpXy0Y,https://i.ebayimg.com/images/g/PIoAAeSwWXhpXy0Y/s-l225.jpg
gundam,model_kit,eBay,marketplace,us,BANDAI HG Mobile Suit 1/144 RX-78-2 Gundam REVIVE Ver. HGUC 196716 US Seller USA,19.95,0.0,False,USD,New,https://www.ebay.com/itm/137589264838?_skw=gundam&hash=item2008f591c6:g:kAAAAeSwnJNqq8t1,https://i.ebayimg.com/images/g/kAAAAeSwnJNqq8t1/s-l225.jpg
gundam,other,eBay,marketplace,us,2023 McDonald's China Genuine RX-78-2 QMSV Mini Gundam Ver. Angus Color Model,9.99,0.0,False,USD,New,https://www.ebay.com/itm/158119577329?_skw=gundam&hash=item24d0a946f1:g:ZrYAAeSw-DtqZR6t&amdata=enc%3AAQALAAAA4ACCtXRWQnOEpyOqnQQ8KGaMtwOCIl7V9bZLovmiHWKtiMJNpyVt%2Fqtx2vhavUdXFaKnA8EPTbUhJUvdgCcQNeWwLrXA2USOIteZM1zYwdYYwrvO5Fn%2BfVHczeN9myJYQRSaIkzhGWo9UXGcbp5wr%2FQXfNFTjJHdWLgORrUz1HBOljk9d5kvpEax0nPp93y8dW7CooLWX41%2B0duAnuu9SIYpxtKg61LlaStedDx7DSJmV%2Bpkxu2P6DDm1W98p6ADlvCC%2FAkK7e81SzZNPjG1aRhmosQi6pIdlGyWNYNK9tat,https://i.ebayimg.com/images/g/ZrYAAeSw-DtqZR6t/s-l225.jpg
gundam,cards,eBay,marketplace,us,Pre-Order Gundam TCG 1st Anniversary Set English Premium Bandai 3/27,279.99,0.0,False,USD,New/Factory Sealed,https://www.ebay.com/itm/800623213409?_skw=gundam&hash=itemba68dcbb61:g:zZ0AAeSwyTVqnD~W&amdata=enc%3AAQALAAAA4ACCtXRWQnOEpyOqnQQ8KGajHMrbYdpprtqqoi5leG1IJNHJNWxVKv56hapETykSs4yNIoZziYtpo9aSkZylqtEVe8xw%2BgUg1Maf3waby2bSzCq1GjVkZvmCRHbjgfwf197g9bUtiwSqE3EvhfVVHbMqEXvZ72fFOCP5HadYE%2FUrysv%2BYeo1RBW3NeoeqMvNlIZLJAM4kNxtv9ERdcGVxn10UeBKCeUw4tTDcLeKR%2BGNHrFFO9UISpuigLXD5Xd%2BSA4imu%2Bt7tWpMRiBstq4dUtJPo0FRV3G4TTSwJL20dGw,https://i.ebayimg.com/images/g/zZ0AAeSwyTVqnD~W/s-l225.jpg
gundam,cards,eBay,marketplace,international,GUNDAM CARD GAME EX BASE SERIAL CHALLENGE EXBP-028 STRIKE FREEDOM JAPANESE,5798.99,0.0,False,USD,Ungraded,https://www.ebay.com/itm/307171182144?_skw=gundam&hash=item4784d44640:g:WmIAAeSwtM1qodtF,https://i.ebayimg.com/images/g/WmIAAeSwtM1qodtF/s-l225.jpg
gundam,cards,eBay,marketplace,international,Domon Kasshu R GD05-097 Promo V Jump Freedom Ascension Gundam Card Game Japanese,6.99,0.0,False,USD,Ungraded,https://www.ebay.com/itm/398310756292?_skw=gundam&hash=item5cbd2bcfc4:g:u0kAAeSwpEtqiA6V,https://i.ebayimg.com/images/g/u0kAAeSwpEtqiA6V/s-l225.jpg
gundam,model_kit,eBay,marketplace,us,"#47 RX-78NT-1 Gundam Alex Gundam 0080, Bandai Hobby HGUC",22.0,0.0,False,USD,New,https://www.ebay.com/itm/188555189109?_skw=gundam&hash=item2be6c3db75:g:~y0AAeSwnKhqO~HL,https://i.ebayimg.com/images/g/~y0AAeSwnKhqO~HL/s-l225.jpg
gundam,model_kit,eBay,marketplace,us,Bandai GNR-010/XN Raiser Gundam Conversion Kit Model 1:144 NIB,24.99,,True,USD,New,https://www.ebay.com/itm/298674826592?_skw=gundam&hash=item458a682d60:g:FeIAAeSwiHtqp1Pl,https://i.ebayimg.com/images/g/FeIAAeSwiHtqp1Pl/s-l225.jpg
gundam,model_kit,eBay,marketplace,us,"#215 Moon Gundam Moon Gundam, Bandai Hobby HGUC 1/144",41.0,0.0,False,USD,New,https://www.ebay.com/itm/188555189226?_skw=gundam&hash=item2be6c3dbea:g:kQIAAeSwpfdqO~Fv,https://i.ebayimg.com/images/g/kQIAAeSwpfdqO~Fv/s-l225.jpg
gundam,model_kit,eBay,marketplace,us,Bandai HG 1/144 Ξ XI Gundam (The Sorcery Of Nymph Circe),84.99,6.99,False,USD,New,https://www.ebay.com/itm/198454183668?_skw=gundam&hash=item2e34ca86f4:g:068AAeSwnCNqOjin,https://i.ebayimg.com/images/g/068AAeSwnCNqOjin/s-l225.jpg
gundam,model_kit,eBay,marketplace,us,"#6 Z'Gok Mobile Suit Gundam, Bandai Hobby HGUC 1/144",12.0,0.0,False,USD,New,https://www.ebay.com/itm/178251688855?_skw=gundam&hash=item2980a0eb97:g:eFEAAeSwBsFqO~It,https://i.ebayimg.com/images/g/eFEAAeSwBsFqO~It/s-l225.jpg
gundam,model_kit,eBay,marketplace,us,"#182 Zeta Plus (Unicorn Ver.) Gundam UC, Bandai Hobby HGUC 1/144",33.0,0.0,False,USD,New,https://www.ebay.com/itm/187876405770?_skw=gundam&hash=item2bbe4e720a:g:fZcAAeSwXCJqO~Ho,https://i.ebayimg.com/images/g/fZcAAeSwXCJqO~Ho/s-l225.jpg
gundam,model_kit,eBay,marketplace,us,Gundam Assemble: EX02 Expansion Pack 02 Oct-Nov 2026 Pre-Order,42.0,0.0,False,USD,New,https://www.ebay.com/itm/188640589788?_skw=gundam&hash=item2bebdaf7dc:g:-4MAAeSwyWFqVpMD&amdata=enc%3AAQALAAAA4ACCtXRWQnOEpyOqnQQ8KGbROCZpDMpPAuyeaTWjdlzoC%2FsVbGAcu4Gx6SqUdVinwqM9KjkjlhMKeFiQ%2BTLpjDdXtuQiWKOnEoib95WsNwoBQBc1yChmMLsEEYzFrZIzTtKcFKpIry8LRJPdg4bx9qHBsjOHwU18n3qHPKQ46KnLYQrqVPeg0Vhw%2FrU%2BNfNZ7R1K6iMhqtDegMMR5REYH3pWoh4Zb3rd3X9nRX7wVMHE0M9yyMb7HYT%2FWOblK6snugqZytq8R0GEqofY4JjjuJnFIIJApU0EdNbsJlYTPgHM,https://i.ebayimg.com/images/g/-4MAAeSwyWFqVpMD/s-l225.jpg
gundam,cards,eBay,marketplace,international,Gundam Card Set of 12 Game Assemble Only ST01A ST02 ST03A ST04A No Card Box,133.63,0.0,False,USD,New/Factory Sealed,https://www.ebay.com/itm/365928282166?_skw=gundam&hash=item5533067836:g:UGgAAeSwA-FpYdEs&amdata=enc%3AAQALAAAA4ACCtXRWQnOEpyOqnQQ8KGbcUhmfK52FPEpKyCnMGoyegQDD7PL3CI0xkFjKYhHwISYi3d9KqZn8hIJwhCVTfakbNLPCkoSuNeySUsPjJ6OXxm7yBuHkIzIUrFqmvlXtcomh3OOcEzzD%2F81NvMzSMVzwWE01L4kwXf%2FzX6Bh%2FMjkmliulbMV4KwOgTzuoXyx9z1517VwhioC3mf1vxvvpLfLZpsjbzpGCFY7lXuLVtveAFBxiXIugRDCKTdnXjpIM1605F6eSzVwVEeMvzmk65sf7hr6%2FgnqH%2F7WOYiwYp0D,https://i.ebayimg.com/images/g/UGgAAeSwA-FpYdEs/s-l225.jpg
gundam,cards,eBay,marketplace,international,Gundam Card Set of 12 Game Assemble Only ST01A ST02 ST03A ST04A No Card Box,133.63,0.0,False,USD,New/Factory Sealed,https://www.ebay.com/itm/365928282166?_skw=gundam&hash=item5533067836:g:UGgAAeSwA-FpYdEs&amdata=enc%3AAQALAAAA4ACCtXRWQnOEpyOqnQQ8KGbcUhmfK52FPEpKyCnMGoyegQDD7PL3CI0xkFjKYhHwISYi3d9KqZn8hIJwhCVTfakbNLPCkoSuNeySUsPjJ6OXxm7yBuHkIzIUrFqmvlXtcomh3OOcEzzD%2F81NvMzSMVyc4J8UxYLlq2%2Bho4ka8qMRp0SSk%2BWinXEathDweUwtvhwPFA89Bq0oBWVaZEQnkOFC5BpUhOFDtb%2F61RClwID9TnMcqxc%2Fqy6Kpf4zgOdEVjCSnQ0lwO3rcKfl8KmetWlBs12tVln9WmWqWbRi8Y%2Fh,https://i.ebayimg.com/images/g/UGgAAeSwA-FpYdEs/s-l225.jpg
gundam,other,eBay,marketplace,international,MG Spring Macaron Sakura Freedom 2.0 Gundam Model Kit Gifts Toys Assembly,169.66,39.99,False,USD,New,https://www.ebay.com/itm/146842727903?_skw=gundam&hash=item22308235df:g:H2EAAeSwRLto5xAK&amdata=enc%3AAQALAAAA8ACCtXRWQnOEpyOqnQQ8KGYA%2B6BCiG9SH9Sd1lii22AcNfqZHoSSomDn4ytWcdCIyYjRti6OepdOO1Ra9jc3zMf2pJYrTsDfI%2BMr4w2USs17%2BLxu0d5Y%2BduAW225hoP8%2FT0FDkIsLW9P5lO61H54jWk%2Ba8cmuDrrkrD2Y95BjKfPCTWKf3XWSupSCXhShR%2FtlcsL8q5AuOHg1pu9fuO4bPnjWNMzje6bsDvn5Gc7HNlxzLmePJustw5OB60sMo%2BVMwWLuIdV9UyzQnVFJd8c3evlGvW1PjvPxju3AtFPCGGWYOtES%2BJTFud5d197iTZ6lg%3D%3D,https://i.ebayimg.com/images/g/H2EAAeSwRLto5xAK/s-l225.jpg
gundam,cards,eBay,marketplace,us,"Bandai ST03 Gundam Card Game Starter Deck 3.5 cm x 15.7 x 0.1 cm, Red",29.48,0.0,False,USD,New,https://www.ebay.com/itm/298576076513?_skw=gundam&hash=item4584855ee1:g:hWcAAeSwk71qejL4&amdata=enc%3AAQALAAAA4ACCtXRWQnOEpyOqnQQ8KGakfc2cxj01f3PRSfEBEJJN5L%2Be6DmBoznxCyzSYKT0aAz78CubzJ3QJJ018I1lDhBMNqzS07m9KQgXSvQ%2BIJp4w45MqwhdbLtJ%2BLpUbiQddY7I8%2FebKpdYKPrUylJo8Ca16ewfJ05U8tzbuewQ1Zd%2FQRytzeV0MMcWFYANaFarRv%2BaUAckR2lGjOFpW11u%2BWWWcksh%2Bxo900sWBurLmbsqRnGWDzp6Svfu2BpwcUHN8GnCbXEg%2FXlDZ8hEU8URMraVWV7OneYg8Jk%2F99vwc4Fn,https://i.ebayimg.com/images/g/hWcAAeSwk71qejL4/s-l225.jpg
gundam,cards,eBay,marketplace,us,Bandai Gundam Card Game - Eternal Nexus Booster Box (EB01),220.0,0.0,False,USD,New,https://www.ebay.com/itm/147517238316?_skw=gundam&hash=item2258b66c2c:g:od8AAeSwoS5qoFCw&amdata=enc%3AAQALAAAA4ACCtXRWQnOEpyOqnQQ8KGbOvQF7RC8idhoaTjGrh5JL5qdJobcFJDMhY58wFMrCAkUStgCw0xuTM6qOfPgORewtcDnjSJgD2LVircnTF8g%2F0rTo%2Fkd57vVaUL9Ejn7trrBbXi9OGfH8bNR1g7%2BC9lWmo5I6bAW4ZNYJhXJGsAh5892H97TaGiaiX07aUY0tdXpg0V3V1Qmp6vHxwcawZjKqp6sYUWxu6%2Bt%2F9dePh2Enre1kdS2BvtGVxHvpTYGNCgyxbdqCwni0qqQ5b3KTwsoiVzYXibhscwUTatJ6v1IM,https://i.ebayimg.com/images/g/od8AAeSwoS5qoFCw/s-l225.jpg
gundam,cards,eBay,marketplace,us,Bandai Gundam Card Game Altron Gundam GD03-018 LR+ Lot of 2,39.0,,False,USD,Used,https://www.ebay.com/itm/398394607791?_skw=gundam&hash=item5cc22b48af:g:IggAAeSw9TBqqD3m,https://i.ebayimg.com/images/g/IggAAeSw9TBqqD3m/s-l225.jpg
gundam,model_kit,eBay,marketplace,us,Bandai Hobby G Gundam Master Gundam MG 1/100 Model Kit USA Seller,43.95,0.0,False,USD,New,https://www.ebay.com/itm/137672062642?_skw=gundam&hash=item200de4f6b2:g:xKUAAeSwK7pqq98U,https://i.ebayimg.com/images/g/xKUAAeSwK7pqq98U/s-l225.jpg
gundam,other,eBay,marketplace,us,HG 1/144 Gundam Model Kit Parts #02 - Replacement Spare Kitbashing - USA Seller,7.5,,True,USD,New,https://www.ebay.com/itm/117251015640?_skw=gundam&hash=item1b4cb483d8:g:yHYAAeSwPOlqpg99,https://i.ebayimg.com/images/g/yHYAAeSwPOlqpg99/s-l225.jpg
gundam,model_kit,eBay,marketplace,us,Bandai Gundam Decal Water Slide multiple choice　Free Shipping,7.99,0.0,False,USD,New,https://www.ebay.com/itm/266960099466?_skw=gundam&hash=item3e280fd88a:g:s4cAAOSwJSdmxnBc,https://i.ebayimg.com/images/g/s4cAAOSwJSdmxnBc/s-l225.jpg
gundam,cards,eBay,marketplace,us,Gundam Booster Box Acrylic Display Case Magnetic Lid UV Protection GD01 02-05,19.99,0.0,False,USD,New/Factory Sealed,https://www.ebay.com/itm/366659750542?_skw=gundam&hash=item555e9fca8e:g:K5gAAeSwyuxqn4km,https://i.ebayimg.com/images/g/K5gAAeSwyuxqn4km/s-l225.jpg
gundam,other,eBay,marketplace,international,DDB MGEX 1/100 Strike Freedom Gundam Wing of Light Option Set Collectible Model,32.67,7.99,False,USD,New,https://www.ebay.com/itm/388112973722?_skw=gundam&hash=item5a5d55ff9a:g:ea8AAOSwwy1mre0P,https://i.ebayimg.com/images/g/ea8AAOSwwy1mre0P/s-l225.jpg
gundam,cards,eBay,marketplace,us,Bandai Gundam Card Game Sazabi MSN-04 LR+ GD05-049 Holo Unit Char EN,1300.0,6.5,False,USD,Ungraded,https://www.ebay.com/itm/407219241191?_skw=gundam&hash=item5ed02880e7:g:VkEAAeSwndxqmGF8,https://i.ebayimg.com/images/g/VkEAAeSwndxqmGF8/s-l225.jpg
gundam,model_kit,eBay,marketplace,us,"MOBILE FIGHTER G-GUNDAM: DVD COMPLETE SERIES, Episode 1-49- English Dub",44.99,0.0,False,USD,Like New,https://www.ebay.com/itm/128082702428?_skw=gundam&hash=item1dd252f05c:g:RHoAAeSwySZpZcnY,https://i.ebayimg.com/images/g/RHoAAeSwySZpZcnY/s-l225.jpg
gundam,model_kit,eBay,marketplace,us,Bandai Hobby Gundam Age-2 Normal  MG 1/100 Model Kit USA Seller,46.95,0.0,False,USD,New,https://www.ebay.com/itm/137564533126?_skw=gundam&hash=item20077c3186:g:xOwAAeSwT-hqjJBc,https://i.ebayimg.com/images/g/xOwAAeSwT-hqjJBc/s-l225.jpg
gundam,model_kit,eBay,marketplace,us,D-Hell Customizable Deathscythe XXXG-01D2 HG 1/144 Scale Assembled Robot Model,13.99,0.0,False,USD,New,https://www.ebay.com/itm/168620462778?_skw=gundam&hash=item27429012ba:g:UUcAAeSwKVhqgvfu&amdata=enc%3AAQALAAAA4ACCtXRWQnOEpyOqnQQ8KGaqFyYZA2KTIwWkYXQ8asWAumDxQQtJksCg3v1%2FfAD2%2FQs6rNc3XeDzEB3FPa3zyZkaY1O6W8j%2BmjevM8ETh4JioOFrl73WS4uV%2FVAU9VdT9dcCWuefsm%2BHqcz33a0b9mZia%2FDy%2F1ne6ym2eixNnMc26ELETUGvpqrqel289WsefEHALJHWe2waQZSifWkJANWtUgrmsXE9PhVGnf5hKbi5OvrQ%2Bwy0fMVo83gaYRMs0eWZFdqg7iAav%2BYtDcHTleecKT2dYfIbfRNVRtf8E%2FkH,https://i.ebayimg.com/images/g/UUcAAeSwKVhqgvfu/s-l225.jpg
gundam,model_kit,eBay,marketplace,us,Gundam 1/144 HGBF #014 XM-X9999 Crossbone Gundam Maoh Model Kit,44.99,0.0,False,USD,New,https://www.ebay.com/itm/237060179138?_skw=gundam&hash=item3731e344c2:g:LAoAAeSw7QVqoevO&amdata=enc%3AAQALAAAA4ACCtXRWQnOEpyOqnQQ8KGbYdNpIsNNGRN6Rsd8bjmQZFxWpEmx8Hg%2BxARIAaYqw1ravEtdIpmITvL4%2BjYWj79ibzh5DUihVKNtSGb%2F55NX3vSIcrtE%2FbQG1ftx%2Fz%2B20JIPxkVxH1GG1Vx45I3Mpi%2FRqq%2FDHttOK0U5%2Bmjp5%2FMYSMt5uPJoEch1vxlHDjp3Fp%2Fk%2FOi9m%2BxgCZp167Ef%2FX6wwCOre9RVk%2BBFP3JDd1KhLYKF5EVUDmGua%2Bw5BTCl%2Bfi%2BEkUGhaQjWba2mghsi9CoB2SHr9wVFdvW5Tx8I%2FA4W,https://i.ebayimg.com/images/g/LAoAAeSw7QVqoevO/s-l225.jpg
gundam,model_kit,eBay,marketplace,us,BAN2029266 Bandai Gundam: High Grade: Universal Century: 1/144: Zaku II Kai,26.31,0.0,False,USD,New,https://www.ebay.com/itm/168641564442?_skw=gundam&hash=item2743d20f1a:g:L7QAAeSw7Slqj0Tf&amdata=enc%3AAQALAAAA4ACCtXRWQnOEpyOqnQQ8KGbT9a2V7OvxAxoHWNEsdwbPEUt5h%2BB9NhbicjcHofXrZAGPo%2B5PgFUBUX0Mc4qI79daQ--CSTZ8DRjpMoKolISGzpn%2BDsEI8FAGYhxAq%2Fq5UOyp8jo2bJGYsDouENvYe0vE9Tjoeet8%2FJ6cQ3g9AZoS7UR%2Bw2KGMNB6VaccN9f%2FzVgFsQu02rt1QNzkREXiEFvz5z71IfdbZ4ZRPk9iLSG6e86pWWn8dYeooYUREiMbUjno0fW9Y3q8WEgPhFwWpLNpNi%2F6kkXGAJFduxXp2nkT,https://i.ebayimg.com/images/g/L7QAAeSw7Slqj0Tf/s-l225.jpg
gundam,other,eBay,marketplace,us,Gundam Universe MS-06S Char's Zaku 2 (Origin Ver.) GU-SP Target Exclusive,35.88,6.25,False,USD,New,https://www.ebay.com/itm/277589079637?_skw=gundam&hash=item40a1993655:g:TJMAAeSwAi5o6XtV,https://i.ebayimg.com/images/g/TJMAAeSwAi5o6XtV/s-l225.jpg
gundam,cards,eBay,marketplace,us,GUNDAM TCG- GUNDAM BARBATOS LUPUS REX-GD05-051-LR-HOLO,1.99,1.32,False,USD,Ungraded,https://www.ebay.com/itm/366661198258?_skw=gundam&hash=item555eb5e1b2:g:KX4AAeSwcvRqoFaE,https://i.ebayimg.com/images/g/KX4AAeSwcvRqoFaE/s-l225.jpg
gundam,model_kit,eBay,marketplace,us,Bandai Hobby After War X Gundam Leopard HG 1/144 Model Kit,33.95,0.0,False,USD,New,https://www.ebay.com/itm/147564874667?_skw=gundam&hash=item225b8d4bab:g:FjUAAeSwsntqq2Ha,https://i.ebayimg.com/images/g/FjUAAeSwsntqq2Ha/s-l225.jpg
gundam,model_kit,eBay,marketplace,us,"#19 Gundam Aerial Rebuild The Witch from Mercury, Bandai Hobby HG 1/144",23.0,0.0,False,USD,New,https://www.ebay.com/itm/188555189066?_skw=gundam&hash=item2be6c3db4a:g:nEgAAeSweFNqO~Ix,https://i.ebayimg.com/images/g/nEgAAeSweFNqO~Ix/s-l225.jpg
gundam,cards,eBay,marketplace,us,Gundam Card Game Store Tournament Kit Vol. 3 2026 Sealed Bandai,30.0,0.0,False,USD,New/Factory Sealed,https://www.ebay.com/itm/398198053034?_skw=gundam&hash=item5cb67418aa:g:TEsAAeSwUCdqM0x0,https://i.ebayimg.com/images/g/TEsAAeSwUCdqM0x0/s-l225.jpg
gundam,model_kit,eBay,marketplace,international,Bandai EG 1/144 RX-78-2 Gundam Ukiyo-e Package Ver Model Kit Japan LimitedGunpla,36.99,0.0,False,USD,New,https://www.ebay.com/itm/318878843781?_skw=gundam&hash=item4a3ea90385:g:9HwAAeSwmfdqoCAx,https://i.ebayimg.com/images/g/9HwAAeSwmfdqoCAx/s-l225.jpg
gundam,model_kit,eBay,marketplace,international,PSL Bandai EXCEED MODEL TRINITY RX-78-2 Gundam Complete Set Capsule Toys Gashapo,79.99,16.99,False,USD,New,https://www.ebay.com/itm/327336657352?_skw=gundam&hash=item4c36c901c8:g:4WoAAeSwJm1qlsea,https://i.ebayimg.com/images/g/4WoAAeSwJm1qlsea/s-l225.jpg
gundam,model_kit,eBay,marketplace,us,Bandai G-Gundam GOD GUNDAM RG 1/144 Model Kit USA Seller,44.95,0.0,False,USD,New,https://www.ebay.com/itm/137549333057?_skw=gundam&hash=item2006944241:g:AMQAAeSwxl5qq1q3,https://i.ebayimg.com/images/g/AMQAAeSwxl5qq1q3/s-l225.jpg
gundam,model_kit,eBay,marketplace,us,Bandai Hobby RX-0 Unicorn Gundam OVA Version 1/100 MG Model Kit USA Seller,64.95,0.0,False,USD,New,https://www.ebay.com/itm/147486906683?_skw=gundam&hash=item2256e7993b:g:TrMAAeSwZlFqq8zD,https://i.ebayimg.com/images/g/TrMAAeSwZlFqq8zD/s-l225.jpg
gundam,model_kit,eBay,marketplace,us,Bandai Gundam Char's Counterattack RGM-89 Jegan MG 1/100 Model Kit USA Seller,64.95,0.0,False,USD,New,https://www.ebay.com/itm/137564608237?_skw=gundam&hash=item20077d56ed:g:u8AAAeSwKJBqq5oW,https://i.ebayimg.com/images/g/u8AAAeSwKJBqq5oW/s-l225.jpg
gundam,model_kit,eBay,marketplace,us,"#33 Gundam Barbatos Lupus Rex Gundam IBO, Bandai Hobby HG IBO 1/144",20.0,0.0,False,USD,New,https://www.ebay.com/itm/177706640889?_skw=gundam&hash=item29602425f9:g:P3MAAeSwSX9qO~Fu,https://i.ebayimg.com/images/g/P3MAAeSwSX9qO~Fu/s-l225.jpg
gundam,model_kit,eBay,marketplace,international, 1/144 HG Freedom Gundam Pink Color Ver Plastic Model Kit Anime Desk Gift,14.99,6.99,False,USD,New,https://www.ebay.com/itm/206321482308?_skw=gundam&hash=item3009b7fa44:g:zAgAAeSwzyhqIUpA&amdata=enc%3AAQALAAAA4ACCtXRWQnOEpyOqnQQ8KGZa9JqfTegscA%2BPk4WgHIXZj%2FbijCdsZ8JgtVkaNJiW11XLLaHH0btv4YJqvpOVCFYQEr1hDA7h2AJCqJjj4GDZkEOkjp%2Bb%2F26wwen%2FQOdt6%2BMcBjQifL2MFB%2B00%2FWykKRuHhk%2FECfKYIFx0AJF5YYlQiyMOy46aMnkQt2eVd%2FXEN%2FbU2zzH6x%2FwJHPnkzR3kzJbfP5faUcOUmERXAyLQkhc8wLByra6PuBekJ2%2Bdmt6ta--gYk72ZqlDJvE%2BrrQPGhJTmQAbbG8ZRvqd09CxWq,https://i.ebayimg.com/images/g/zAgAAeSwzyhqIUpA/s-l225.jpg
gundam,other,eBay,marketplace,international,Bandai MG 1/100 Gundam Barbatos & Astray Red Frame Kai Polarized Injection Set,291.6,29.99,False,USD,New,https://www.ebay.com/itm/377356075166?_skw=gundam&hash=item57dc2cc09e:g:db0AAeSwgZNp0MYt&amdata=enc%3AAQALAAAA4ACCtXRWQnOEpyOqnQQ8KGaqYIy1a0Og%2B0gzQn%2BVMwIRPhr0Kfh0T3%2FIW8a288Uop%2Bd3RYUGs6S8R7dLiHCERpLhhbJJAY80i79ogy7oyPRm%2Fg1kZrFftt6s6ERX2azki28dZyRchQXdVohvzuU8T1fj9%2BT2EOkmucANqjUPZNMjP8Il31yMmN8J6TtJ2x%2Fx%2BihXPgpFoSLSV%2Fzned07toLX%2BDjBamm4UER%2FAlHtdef9mOpg794CawX7dTMhDiiA86KFx%2B0mpMs6vskTm16ZNT8IKJ9f%2F1R%2FWQZklhcnpKSQ,https://i.ebayimg.com/images/g/db0AAeSwgZNp0MYt/s-l225.jpg
gundam,model_kit,eBay,marketplace,us,HG 1/144 MS-07H-8 Gouf Flight Type Model Kit Anime Action Figure Toy Gift,29.9,0.0,False,USD,New,https://www.ebay.com/itm/389966307054?_skw=gundam&hash=item5acbcd9eee:g:wuQAAeSwI-5p9lHJ&amdata=enc%3AAQALAAAA4ACCtXRWQnOEpyOqnQQ8KGad3ZpiaSeR1G1%2FltR8Yn6LCibbPz9KXTeQJ0VIt11csO8m81%2BJNs2zM3X2c%2BJjdAUogYte2P5oXdJpjkNT2bRdq1kALhxWL3D0C5mmCG3lQIXwykFTNx7bnNWrO2Q5vrtFsB7nnuEic%2FQ%2FyugIjFYh%2BxhCwY5ISUYn24FJb7z4U16Ty6V9U0TzTRyS285t7f9msMpRE%2BwOI7t3Rp%2FhHUt%2Bh41aTmyhTzEoJY8qBv737VMrSCA0kEb3E2MN0YyQkW9R08uJSCNnxJtNmbpTR71E,https://i.ebayimg.com/images/g/wuQAAeSwI-5p9lHJ/s-l225.jpg
gundam,other,eBay,marketplace,us,Bandai HG 1/144 Gundam TR-6 Woundwort Clear Color Premium P-Bandai Model Kit,59.95,0.0,False,USD,New,https://www.ebay.com/itm/158279968288?_skw=gundam&hash=item24da38a620:g:04QAAeSwOOxqo25u,https://i.ebayimg.com/images/g/04QAAeSwOOxqo25u/s-l225.jpg
gundam,cards,eBay,marketplace,us,EX Base Custom Domon W - Gundam TCG,10.25,6.0,False,USD,Ungraded,https://www.ebay.com/itm/257738034225?_skw=gundam&hash=item3c02624c31:g:DKoAAeSwa3tqWe2Q,https://i.ebayimg.com/images/g/DKoAAeSwa3tqWe2Q/s-l225.jpg
gundam,model_kit,eBay,marketplace,us,"#02 Graze Standard/Commander Type Gundam IBO, Bandai Hobby HG IBO",15.0,0.0,False,USD,New,https://www.ebay.com/itm/177706640948?_skw=gundam&hash=item2960242634:g:VSwAAeSwFONqO~Fr,https://i.ebayimg.com/images/g/VSwAAeSwFONqO~Fr/s-l225.jpg
gundam,model_kit,eBay,marketplace,us,Bandai MG Aile Strike Gundam Ver. RM 1/100 Scale Action Figure Model Kit,45.0,0.0,False,USD,New,https://www.ebay.com/itm/377362387764?_skw=gundam&hash=item57dc8d1334:g:u~AAAeSwx7pqYPJa,https://i.ebayimg.com/images/g/u~AAAeSwx7pqYPJa/s-l225.jpg
gundam,model_kit,eBay,marketplace,us,Gundam Sandrock EW Gundam Wing: Endless Waltz Bandai Hobby MG 1/100,48.0,0.0,False,USD,New,https://www.ebay.com/itm/128011804474?_skw=gundam&hash=item1dce191f3a:g:FRMAAeSwlDZqcvyh,https://i.ebayimg.com/images/g/FRMAAeSwlDZqcvyh/s-l225.jpg
gundam,model_kit,eBay,marketplace,international,PSL EXCEED MODEL TRINITY RX-78-2 Gundam LED Cable Light Unit 3 Set Limited Japan,134.99,14.58,False,USD,New,https://www.ebay.com/itm/206541785377?_skw=gundam&hash=item3016d98921:g:ja8AAeSwjT9qnrb9,https://i.ebayimg.com/images/g/ja8AAeSwjT9qnrb9/s-l225.jpg
gundam,model_kit,eBay,marketplace,international,MG Gundam 1/100 Kampfer Schwer Kokuyo's Mobile Suit Model Kit BANDAI SPIRITS,120.38,2.95,False,USD,New,https://www.ebay.com/itm/287357678969?_skw=gundam&hash=item42e7da3579:g:Hb4AAeSwh9Bqq2Qj&amdata=enc%3AAQALAAAA4ACCtXRWQnOEpyOqnQQ8KGYO7u2IDZO6yL0hHI4SRuGvhnaj2kMsGXaelfx%2B2yrYmGeW2GE5%2FRAotwIIf9My5LenCjEgSQsdb%2BwD9QxB1nE9m9VEgbJW%2BGDBXs%2BRurN0oEZr8fl5vLKlPsxnkOrA6irnzzaoa4IYsFd6i6jXUt0UPDPOwk3q1qsGKFFTOfoO1ZbtjKit3dVdcwCM7cN8Q4hj5zXOhAcehV13PFA2LD5XqvaSi%2F%2BjkWLyAjivmEvPxZOlDy7V0tTKv17jfgqbtAhVWsUiqOT9jDg2wreLb1W5,https://i.ebayimg.com/images/g/Hb4AAeSwh9Bqq2Qj/s-l225.jpg
gundam,model_kit,eBay,marketplace,us,Bandai HGUC MS-18E Kampfer Gundam Model Kit 1/144 Scale Sealed. Box Has Wear.,27.99,0.0,False,USD,New,https://www.ebay.com/itm/128062924780?_skw=gundam&hash=item1dd12527ec:g:dkkAAeSw7dJqg8Pr&amdata=enc%3AAQALAAAA4ACCtXRWQnOEpyOqnQQ8KGYrhq44aMAMR4QPVkbcBCCl5BLswVTm2fYBdL8o%2FFMeRW9A8s9qsVbpgU%2FVxFUT7l0BRVNOk4UaEmrn%2BTUdbqgbhy%2FRmOkjiY3UM2LINpt%2BWca%2BxX524dWovY3qj8d82zzbcCk56dfYu3jUgz6YbAVMqg6O6xA5sbHSn3Be3HQS--YRJO7ZsGwZxj1OL9%2F5EZfbWie%2BFzOVmdwNiS9MZju9Z7iGo8p%2BpGobUbIx8Vf5Ak3vl0QBBW1OU4L7punT6Qh9OzPjuBZYFKEaBuHDL0d8,https://i.ebayimg.com/images/g/dkkAAeSw7dJqg8Pr/s-l225.jpg
gundam,model_kit,eBay,marketplace,us,Bandai Mobile Suit Gundam SD EX-Standard 001 RX-78-2 Gundam 202641 USA Seller,16.95,0.0,False,USD,New,https://www.ebay.com/itm/147474228677?_skw=gundam&hash=item22562625c5:g:lDoAAeSwYD5qqzwI,https://i.ebayimg.com/images/g/lDoAAeSwYD5qqzwI/s-l225.jpg
gundam,cards,eBay,marketplace,international,Barbatos EX Base P EXBP-023 Starter Campaign Pack Gundam Card Game Japanese,4.76,0.0,False,USD,Ungraded,https://www.ebay.com/itm/397711856469?_skw=gundam&hash=item5c99795355:g:YR0AAeSwyTVqiqei,https://i.ebayimg.com/images/g/YR0AAeSwyTVqiqei/s-l225.jpg
gundam,model_kit,eBay,marketplace,international,P-Bandai MG 1/100 Kampfer Schwer Gundam Build Divers Premium Bandai Gunpla Model,130.0,0.0,False,USD,New,https://www.ebay.com/itm/800675361006?_skw=gundam&hash=itemba6bf870ee:g:ud8AAeSw-N5qoqwZ,https://i.ebayimg.com/images/g/ud8AAeSw-N5qoqwZ/s-l225.jpg
gundam,model_kit,eBay,marketplace,us,Bandai RG #40 RX-78-2 Gundam Ver 2.0 1/144 Scale Model Kit,42.95,0.0,False,USD,New,https://www.ebay.com/itm/147367496564?_skw=gundam&hash=item224fc98b74:g:~rcAAeSwxfNqq1r3,https://i.ebayimg.com/images/g/~rcAAeSwxfNqq1r3/s-l225.jpg
gundam,model_kit,eBay,marketplace,us,Bandai Hobby Gundam RMS-099 Rick Dias (Quattro Custom) MG 1/100 Model Kit,49.95,0.0,False,USD,New,https://www.ebay.com/itm/147479666402?_skw=gundam&hash=item2256791ee2:g:xhwAAeSwKcdqq8i5,https://i.ebayimg.com/images/g/xhwAAeSwKcdqq8i5/s-l225.jpg
gundam,model_kit,eBay,marketplace,us,Bandai Hobby Gundam HGUC #91 Geara Doga HG 1/144 Model Kit USA Seller,30.95,0.0,False,USD,New,https://www.ebay.com/itm/137408205241?_skw=gundam&hash=item1ffe2ad1b9:g:op0AAeSweGhqqZpv,https://i.ebayimg.com/images/g/op0AAeSweGhqqZpv/s-l225.jpg
gundam,model_kit,eBay,marketplace,us,Bandai Hobby HGUC #100 RX-0 Unicorn Gundam Destroy Mode HG 1/144 Model Kit USA,26.09,0.0,False,USD,New,https://www.ebay.com/itm/147448415231?_skw=gundam&hash=item22549c43ff:g:WYgAAeSwj7pqq8X4,https://i.ebayimg.com/images/g/WYgAAeSwj7pqq8X4/s-l225.jpg
gundam,model_kit,eBay,marketplace,international,Gundam Base Fukuoka Limited RG 1/144 RX-93ff ν Gundam plastic model Kit Japan,71.99,0.0,False,USD,New,https://www.ebay.com/itm/394085206840?_skw=gundam&hash=item5bc14f0b38:g:2iQAAOSw8GRnLO16&amdata=enc%3AAQALAAAA4ACCtXRWQnOEpyOqnQQ8KGa7rev9ImdrhoMgk11pd51NBGLmoSWuy4UAT%2BvguKIwkaMz5KNYaL%2FWdpql9cxqxT9wHBY1I5%2FqODyJW9Bb2b31G2a6efjSr8RF7%2BGm4Vj36e8m7qjvjGPK04OXONuxuz7gJhzuifOOE9eXBd1BvlSsB4hmhnNtPTAw%2B61T1MMR2uEp8%2FFKyFuJJnj17l4imByNIL5iDwQE5g95fZpsJHrqCxRznNj9Q1iRQ2ekkLZgqC%2FBeKEJwF7FYJ2FxkX0gy9Xh7tpzBTKeHCKLlkCgvxK,https://i.ebayimg.com/images/g/2iQAAOSw8GRnLO16/s-l225.jpg
gundam,model_kit,eBay,marketplace,us,Gundam RE/100 #013 Gundam 0080 MS-06FZ Zaku II FZ Model Kit,69.99,0.0,False,USD,New,https://www.ebay.com/itm/820108229597?_skw=gundam&hash=itembef2427bdd:g:8vYAAeSwSyZqoevM&amdata=enc%3AAQALAAAA4ACCtXRWQnOEpyOqnQQ8KGYfLGZlWD8UWgm%2FZzFbC4Rto4Xc3FTyqYjXUl6HqYx5DenKH9h2aKnq%2BKMtJYdRKRlDllM3Cvs28ZUYBMhy6L29--4oW7v%2FGljCsq2lbHUpCM4HH3s1nchFiYztqv51MV3SpJ89GLsoN%2BPJyi7J6rl2py7igbzdSpvmMN2eqwIs34iBN4PuJw30Jx7kHcjm%2FgA%2F6%2FfvqQFa0LnaMYqdB7FLA5MnRdT1XCIkvVaW9n%2F0Cgthfz0fIgaq%2B85jHGSkI922a3pP%2BVaxwhB6TBUOcWuq,https://i.ebayimg.com/images/g/8vYAAeSwSyZqoevM/s-l225.jpg
gundam,model_kit,eBay,marketplace,us,HG 1/144 MS-07H-8 Gouf Flight Type Model Kit Anime Action Figure Toy Gift,29.9,0.0,False,USD,New,https://www.ebay.com/itm/389966307054?_skw=gundam&hash=item5acbcd9eee:g:wuQAAeSwI-5p9lHJ&amdata=enc%3AAQALAAAA4ACCtXRWQnOEpyOqnQQ8KGad3ZpiaSeR1G1%2FltR8Yn6LCibbPz9KXTeQJ0VIt11csO8m81%2BJNs2zM3X2c%2BJjdAUogYte2P5oXdJpjkNT2bRdq1kALhxWL3D0C5mmCG3lQIXwykFTNx7bnNWrO2Q5vrsjpXWm%2BS9TdJggattriF6D7W5fSuyuLSiXYFM%2FTw0xE8qBPKU6WF3b%2BhFqedY8rrY5WSMvIVi0c3XSpd30TjVDjTe0ZftbfcsEnff1Vt44D%2BDGMZC9qm7SJ%2B2kMJEKL625OB14vm%2B5wnGRm5s5%2BoWB,https://i.ebayimg.com/images/g/wuQAAeSwI-5p9lHJ/s-l225.jpg
gundam,model_kit,eBay,marketplace,international,MG Gundam 1/100 Kampfer Schwer Kokuyo's Mobile Suit Model Kit BANDAI SPIRITS,120.38,2.95,False,USD,New,https://www.ebay.com/itm/287357678969?_skw=gundam&hash=item42e7da3579:g:Hb4AAeSwh9Bqq2Qj&amdata=enc%3AAQALAAAA4ACCtXRWQnOEpyOqnQQ8KGYO7u2IDZO6yL0hHI4SRuGvhnaj2kMsGXaelfx%2B2yrYmGeW2GE5%2FRAotwIIf9My5LenCjEgSQsdb%2BwD9QxB1nE9m9VEgbJW%2BGDBXs%2BRurN0oEZr8fl5vLKlPsxnkOrA6io6sWfj32V3IEnK81yjPpu1Ji%2BvMEndWiLCTY6imBQA0GA0I7bqfhutlerbRka6H0uPBK20TwdmXCdzOQqSqrHmSrrjCQyNbgnUPEdGX3wlELc8xtHy5HUZRF6h0obFGEIIq3bAUOhr0Ni2ShS%2BptDY,https://i.ebayimg.com/images/g/Hb4AAeSwh9Bqq2Qj/s-l225.jpg
gundam,other,eBay,marketplace,us,2023 McDonald's Genuine RX-78-2 QMSV Mini Gundam Ver. Angus Color Model-Gift Box,15.99,0.0,False,USD,New,https://www.ebay.com/itm/168523668006?_skw=gundam&hash=item273ccb1a26:g:QAsAAeSwLxdqTrJj,https://i.ebayimg.com/images/g/QAsAAeSwLxdqTrJj/s-l225.jpg
gundam,cards,eBay,marketplace,us,EX Base Alternate Art Foil - EXBP-027 NM - Gundam TCG Card Game,17.0,0.0,False,USD,Ungraded,https://www.ebay.com/itm/147472389495?_skw=gundam&hash=item22560a1577:g:IWUAAeSwzDRqa6Op,https://i.ebayimg.com/images/g/IWUAAeSwzDRqa6Op/s-l225.jpg
gundam,cards,eBay,marketplace,us,Unicorn Gundam (Unicorn Mode) RX-0 GD01-005 SEALED Promo - Gundam TCG,4.0,,False,USD,Ungraded,https://www.ebay.com/itm/188930286672?_skw=gundam&hash=item2bfd1f6450:g:M8EAAeSwWt1qqChf,https://i.ebayimg.com/images/g/M8EAAeSwWt1qqChf/s-l225.jpg
gundam,model_kit,eBay,marketplace,international,Bandai Gundam G-Frame FA-09 RX‑105 Ξ Xi Gundam Gundam Set 11cm Action Model kit,59.99,8.0,False,USD,New,https://www.ebay.com/itm/800612160760?_skw=gundam&hash=itemba683414f8:g:lhoAAeSwptdqmtdL,https://i.ebayimg.com/images/g/lhoAAeSwptdqmtdL/s-l225.jpg
gundam,cards,eBay,marketplace,us,Gundam Card Game Newtype Rising GD01 Booster Box English SEALED w/ Acrylic Case,459.95,,False,USD,New/Factory Sealed,https://www.ebay.com/itm/398388955016?_skw=gundam&hash=item5cc1d50788:g:b74AAeSwV6RqpehN,https://i.ebayimg.com/images/g/b74AAeSwV6RqpehN/s-l225.jpg
gundam,model_kit,eBay,marketplace,us,Bandai Hobby HGAC XXXG-01H2 Gundam Heavyarms Custom HG 1/144 Scale Model Kit,28.95,0.0,False,USD,New,https://www.ebay.com/itm/147292243486?_skw=gundam&hash=item224b4d461e:g:Mc0AAeSwwelqq4DS,https://i.ebayimg.com/images/g/Mc0AAeSwwelqq4DS/s-l225.jpg
gundam,model_kit,eBay,marketplace,international,PSL Bandai EXCEED MODEL TRINITY RX-78-2 Gundam Complete Set Capsule Toys Gashapo,73.0,13.5,False,USD,New,https://www.ebay.com/itm/298666984996?_skw=gundam&hash=item4589f08624:g:KbIAAeSw6pdqpVbh,https://i.ebayimg.com/images/g/KbIAAeSw6pdqpVbh/s-l225.jpg
gundam,model_kit,eBay,marketplace,international,HG 1/144 Char's Zaku II Red Comet Gundam Assembly Model Kit Action Figure Toy,13.99,6.99,False,USD,New,https://www.ebay.com/itm/206184463290?_skw=gundam&hash=item30018d3bba:g:eUgAAeSwMihpzjwt,https://i.ebayimg.com/images/g/eUgAAeSwMihpzjwt/s-l225.jpg
gundam,cards,eBay,marketplace,us,Gundam Card Game ST09 Destiny Ignition Starter Deck Brick Dice Box No Bonus Pack,37.99,,False,USD,Ungraded,https://www.ebay.com/itm/198559137070?_skw=gundam&hash=item2e3b0bfd2e:g:IdIAAeSwQixqLE01,https://i.ebayimg.com/images/g/IdIAAeSwQixqLE01/s-l225.jpg
gundam,model_kit,eBay,marketplace,international,GUNDAM FIX FIGURATION METAL COMPOSITE Wing Gundam SnowWhite Prelude ActionFigure,473.45,0.0,False,USD,New,https://www.ebay.com/itm/287574091479?_skw=gundam&hash=item42f4c066d7:g:daUAAeSwINFqq8tv&amdata=enc%3AAQALAAAA4ACCtXRWQnOEpyOqnQQ8KGZmbJpfv%2F4kptXqQFo72AKOwKHqniuQpSIxgfVAtDxIbmCaubIfj0OUzZEEVnCkpcc9mCJMeobNM%2FB23SBr6kOLN8ZL9AJN%2BXjh4xuhwJc6nPODksgAWdLw%2B3Hn%2BLlMdiALter5IH95sKu3jSgn7VoVcFNipEeRv%2FXAXRc8pRgNDTknn1HUBId6R3rpHDzR7UWbx3YFuuf9RngaVfgxD6ZaiG8u%2Flg%2FkjK8mcgtdUZI49MvsuV%2BBqby9eNlLFiAUJ54f%2BoMevKhfuJucEuH38UV,https://i.ebayimg.com/images/g/daUAAeSwINFqq8tv/s-l225.jpg
gundam,model_kit,eBay,marketplace,us,Bandai HGUC MS-18E Kampfer Gundam Model Kit 1/144 Scale Sealed. Box Has Wear.,27.99,0.0,False,USD,New,https://www.ebay.com/itm/128062924780?_skw=gundam&hash=item1dd12527ec:g:dkkAAeSw7dJqg8Pr&amdata=enc%3AAQALAAAA4ACCtXRWQnOEpyOqnQQ8KGYrhq44aMAMR4QPVkbcBCCl5BLswVTm2fYBdL8o%2FFMeRW9A8s9qsVbpgU%2FVxFUT7l0BRVNOk4UaEmrn%2BTUdbqgbhy%2FRmOkjiY3UM2LINpt%2BWca%2BxX524dWovY3qj8d82zzZttjLeTza9Ybr6WqRNVG9QTCL4tjDvV3gT6k6rwvvuynyH7QUPu%2BSJ9RLjtFRjx1%2BCWtCR%2B1o4aH80yd6bXIHrsZbnk0mc4HK7VHlASMxlDMb8cg8vaxC%2B7k2IkFddB4x%2Bj3AcgUhNLBCn4I0xj3s,https://i.ebayimg.com/images/g/dkkAAeSw7dJqg8Pr/s-l225.jpg
gundam,cards,eBay,marketplace,us,Gundam GD05 Freedom Ascension - Heero Yuy GD05-098 Rare +,18.99,0.0,False,USD,Ungraded,https://www.ebay.com/itm/318828308647?_skw=gundam&hash=item4a3ba5e8a7:g:qJ0AAeSwTgpqm7Hi,https://i.ebayimg.com/images/g/qJ0AAeSwTgpqm7Hi/s-l225.jpg
gundam,model_kit,eBay,marketplace,us,RX-78F00/E Gundam Gundam: Next Universal Centrury Bandai Hobby Entry Grade 1/144,16.0,0.0,False,USD,New,https://www.ebay.com/itm/188216118823?_skw=gundam&hash=item2bd28e0e27:g:TKsAAeSwb5ZqO~Ha,https://i.ebayimg.com/images/g/TKsAAeSwb5ZqO~Ha/s-l225.jpg
gundam,model_kit,eBay,marketplace,us,Bandai Hobby Zeta Gundam HGUC MSK-008 Dijeh HG 1/144 Model Kit USA Seller,31.95,0.0,False,USD,New,https://www.ebay.com/itm/137408322831?_skw=gundam&hash=item1ffe2c9d0f:g:3foAAeSwsyZqqhCM,https://i.ebayimg.com/images/g/3foAAeSwsyZqqhCM/s-l225.jpg
gundam,model_kit,eBay,marketplace,us,Bandai Hobby Gundam Age-FX 1/144 High Grade HG Model Kit USA Seller,24.95,0.0,False,USD,New,https://www.ebay.com/itm/137535883755?_skw=gundam&hash=item2005c709eb:g:0EMAAeSwuXtqpHf3,https://i.ebayimg.com/images/g/0EMAAeSwuXtqpHf3/s-l225.jpg
gundam,model_kit,eBay,marketplace,us,Bandai Hobby HGAC XXXG-01S2 Altron Gundam HG 1/144 Scale Model Kit,28.95,0.0,False,USD,New,https://www.ebay.com/itm/137637807278?_skw=gundam&hash=item200bda44ae:g:HDcAAeSwMH9qq8zT,https://i.ebayimg.com/images/g/HDcAAeSwMH9qq8zT/s-l225.jpg
gundam,model_kit,eBay,marketplace,us,#36 Hi-Nu Gundam Char's Counterattack Beltorchika Children Bandai Hobby RG 1/14,61.0,0.0,False,USD,New,https://www.ebay.com/itm/178251688976?_skw=gundam&hash=item2980a0ec10:g:c9QAAeSwzm9qO~Fm,https://i.ebayimg.com/images/g/c9QAAeSwzm9qO~Fm/s-l225.jpg
gundam,cards,eBay,marketplace,us,GUNDAM TCG- GUNDAM BARBATOS LUPUS-LK-GD05-059-U+-HOLO,1.99,1.25,False,USD,Ungraded,https://www.ebay.com/itm/366661215447?_skw=gundam&hash=item555eb624d7:g:wvgAAeSw3EVqiEn1,https://i.ebayimg.com/images/g/wvgAAeSw3EVqiEn1/s-l225.jpg
gundam,cards,eBay,marketplace,us,Gundam Card Game Newtype Rising GD01 Booster Box  English Sealed,424.99,0.0,False,USD,New/Factory Sealed,https://www.ebay.com/itm/278352212670?_skw=gundam&hash=item40cf15b2be:g:8OIAAeSwhthqnqmT,https://i.ebayimg.com/images/g/8OIAAeSwhthqnqmT/s-l225.jpg
gundam,cards,eBay,marketplace,us,GUNDAM TCG- PSYCHO GUNDAM-GD02-001-LR-HOLO,1.99,1.32,False,USD,Ungraded,https://www.ebay.com/itm/366636848409?_skw=gundam&hash=item555d425519:g:lqoAAeSwR7pqk15j,https://i.ebayimg.com/images/g/lqoAAeSwR7pqk15j/s-l225.jpg
gundam,model_kit,eBay,marketplace,us,Bandai Hobby Gundam SEED Destiny MGSD Destiny Gundam Model Kit USA Seller,54.95,0.0,False,USD,New,https://www.ebay.com/itm/147440972946?_skw=gundam&hash=item22542ab492:g:n38AAeSwQIRqq4DX,https://i.ebayimg.com/images/g/n38AAeSwQIRqq4DX/s-l225.jpg
gundam,cards,eBay,marketplace,us,GUNDAM TCG- MASTER GUNDAM-GD05-033-LR-HOLO,2.5,1.32,False,USD,Ungraded,https://www.ebay.com/itm/366661201646?_skw=gundam&hash=item555eb5eeee:g:Oo8AAeSwcJ1qjFgL,https://i.ebayimg.com/images/g/Oo8AAeSwcJ1qjFgL/s-l225.jpg
gundam,model_kit,eBay,marketplace,international,Gundam Base Fukuoka Limited RG 1/144 RX-93ff ν Gundam plastic model Kit Japan,71.99,0.0,False,USD,New,https://www.ebay.com/itm/394085206840?_skw=gundam&hash=item5bc14f0b38:g:2iQAAOSw8GRnLO16&amdata=enc%3AAQALAAAA4ACCtXRWQnOEpyOqnQQ8KGa7rev9ImdrhoMgk11pd51NBGLmoSWuy4UAT%2BvguKIwkaMz5KNYaL%2FWdpql9cxqxT9wHBY1I5%2FqODyJW9Bb2b31G2a6efjSr8RF7%2BGm4Vj36e8m7qjvjGPK04OXONuxuz6VCo418fqE06jYPnSmwbew4fnvK7g68CVhPnm0QxP8azOzgSOpqAP5tCDPKv6LY%2FXJ6LYy3rjpF6WyQGejPljQcCrPnpSbzhSM6H9C6Q3UiMba0vxSSTh5D2mf8%2BJUCsA%2ByQkRjRMA2TIlxJYYkhEy,https://i.ebayimg.com/images/g/2iQAAOSw8GRnLO16/s-l225.jpg
gundam,model_kit,eBay,marketplace,international,BANDAI Gundam Base Limited RG Unicorn Gundam Perfectibility 1/144 NEW Limited,124.88,0.0,False,USD,New,https://www.ebay.com/itm/394375787907?_skw=gundam&hash=item5bd2a0f583:g:B-sAAOSwB-toLXVA&amdata=enc%3AAQALAAAA4ACCtXRWQnOEpyOqnQQ8KGauZmDx7vDzDpy50XVYorz8nT9EN%2FXLWV3p03woM4oS1lamZMBy5Q4rZfYBtT%2FbxPHO9QxHb%2BagVJaxiLjTQ1cUTmPTWy8xFpEXGAyPn7k%2Fbz7OugM%2B%2BgFsX8i8rkcwpkmfL%2FMykQxVtNZXcJb5i45yWJyvbtvmBaQjyKo8S4BdbrVK%2FAY4msQSI5lC%2FG36BWtuhTK3GzwkdgXQW7QQQ3%2BrCLFNnpTuK8rI7jVivDQG874xf%2BXc9DiQT2fgSOAHHqsP2k%2FooRviFsE5irsknS0M,https://i.ebayimg.com/images/g/B-sAAOSwB-toLXVA/s-l225.jpg
gundam,model_kit,eBay,marketplace,us,Bandai Hobby Gundam Geara Doga MG 1/100 Model Kit USA Seller,62.95,0.0,False,USD,New,https://www.ebay.com/itm/147478287931?_skw=gundam&hash=item225664163b:g:s4wAAeSwvMFqqntc&amdata=enc%3AAQALAAAA4ACCtXRWQnOEpyOqnQQ8KGZIXBvwlbFcsEj628v33snownHq11JaM1CsRbDlQ5Sf1waBLKUQWc%2FyJqXuNY6bLQRV5%2F09ijT%2BLR3%2BnpCRm3vI1vpBZpT6IulNhb%2FMXA1q6PLJXc3JkvZWKxB6vW8g0bKu6v%2BbJRmOMe%2BSeLcjhudMRandZPFstPn5z0NQIVhAG5K6%2FPBMk%2FS8b34YPb16piDL5DyrIihTEk36UWPpR4nD5IG5MLx4uiW5gZ%2F9r1dk8cUZqmwsjF%2BMoZehvw%2Fb0kQezNW73TVgmWvNlx7OK2jt,https://i.ebayimg.com/images/g/s4wAAeSwvMFqqntc/s-l225.jpg
gundam,model_kit,eBay,marketplace,us,Bandai Hobby Gundam Wing Gundam Heavyarms Ver EW MG 1/100 Model Kit USA Seller,52.95,0.0,False,USD,New,https://www.ebay.com/itm/137669937180?_skw=gundam&hash=item200dc4881c:g:~jcAAeSwDW5qq8zO&amdata=enc%3AAQALAAAA4ACCtXRWQnOEpyOqnQQ8KGYUQlVzMb92%2BXOVgUQt%2BVdDLXx0G0KYxiG1OHwIdM4E11lRrlN4FeWoX0zmUFutDvJcDNmsfbH0dbKVz20ZM55JdxTRbfejOFQJGHgePTu5trAn6L78qWQByeBdm6J73NXd%2F7hz8tc8siJLvqAHuLcw%2BldVBigX6yHXroOrkhL1nEZLHiUhQDBkoHT8jBIQc8O74QPtIo3STQKd3puShs6KvcC9hzG0clHFzgQyb00yjuozjR%2FdI7LOtl0YFJNaQm4ietPO9MP--A9sgh84PxyV,https://i.ebayimg.com/images/g/~jcAAeSwDW5qq8zO/s-l225.jpg
gundam,model_kit,eBay,marketplace,us,Tallgeese EW Gundam Wing Endless Waltz Bandai Hobby MG 1/100,49.98,0.0,False,USD,New,https://www.ebay.com/itm/128011807911?_skw=gundam&hash=item1dce192ca7:g:sTsAAeSwPFVqcv8g,https://i.ebayimg.com/images/g/sTsAAeSwPFVqcv8g/s-l225.jpg
gundam,cards,eBay,marketplace,us,Gundam Card Game Darkness Finger GD05 - GD05-110 Near Mint - Rare - EN,3.99,,False,USD,Ungraded,https://www.ebay.com/itm/318767588153?_skw=gundam&hash=item4a38076339:g:bvYAAeSwmX1qijWA,https://i.ebayimg.com/images/g/bvYAAeSwmX1qijWA/s-l225.jpg
gundam,cards,eBay,marketplace,us,Gundam Card Game Steel Requiem Booster Box GD03 BANDAI English IN STOCK,150.0,0.0,False,USD,New/Factory Sealed,https://www.ebay.com/itm/206062606054?_skw=gundam&hash=item2ffa49d6e6:g:2AcAAeSwLQFpi7XS,https://i.ebayimg.com/images/g/2AcAAeSwLQFpi7XS/s-l225.jpg
gundam,model_kit,eBay,marketplace,us,for RG 1/144 RX-0 Banshee Unicorn Full Armor Model 2PCs Metal Replace Parts G35,9.38,0.0,False,USD,New,https://www.ebay.com/itm/355387858042?_skw=gundam&hash=item52bec45c7a:g:e14AAOSwvs5lp-QY,https://i.ebayimg.com/images/g/e14AAOSwvs5lp-QY/s-l225.jpg
gundam,cards,eBay,marketplace,us,Aegis Gundam Foil - ST04-006 NM - Gundam TCG Card Game,2.55,0.0,False,USD,Ungraded,https://www.ebay.com/itm/146706614329?_skw=gundam&hash=item2228654839:g:8~oAAeSwPY9odCOr,https://i.ebayimg.com/images/g/8~oAAeSwPY9odCOr/s-l225.jpg
gundam,cards,eBay,marketplace,us,Buster Gundam GD01-046 LR Newtype Rising Gundam Holo Near Mint,2.99,0.0,False,USD,Ungraded,https://www.ebay.com/itm/318679160426?_skw=gundam&hash=item4a32c2166a:g:mBUAAeSwOk1qcoRY,https://i.ebayimg.com/images/g/mBUAAeSwOk1qcoRY/s-l225.jpg
gundam,model_kit,eBay,marketplace,us,Bandai Gundam UC Gouf Ignited (Heine Westenfluss Custom) HG 1/144 Model Kit,39.18,0.0,False,USD,New,https://www.ebay.com/itm/147504789111?_skw=gundam&hash=item2257f87677:g:K30AAeSwLcNqq7xj&amdata=enc%3AAQALAAAA4ACCtXRWQnOEpyOqnQQ8KGZ8AzdfR7GjRNUHn4fBpa1CYnVDDm5GiMuAPSY%2FjqvU4VEPM%2FTU85CAu4OHfdiElRZDeVE2lCwRLGyT3DeZXnvREMSZcIaE5FgvShieRcwoqu9g8%2FN9zwVW27fhGS7keSluwc3%2FVyENORXEwik1s0P8t8kqMI%2BKF9S2f3GGxSOAblV1lpNf%2FyDYW1sEXuQ33jY7R0dFs7pRBaO1qFJmP5D1iUluSP5hZX%2BCXgWTaEKChwrRkHucLb6tso4s1QbTG1wZrv8kKBdY2%2BGtvw8LvzST,https://i.ebayimg.com/images/g/K30AAeSwLcNqq7xj/s-l225.jpg
gundam,model_kit,eBay,marketplace,us,Bandai Gundam HGUC #234 MS-06S Char Zaku II 40th Anniversary HG 1/144 Model Kit,27.95,0.0,False,USD,New,https://www.ebay.com/itm/147481665370?_skw=gundam&hash=item2256979f5a:g:R2YAAeSwbUdqqysV&amdata=enc%3AAQALAAAA4ACCtXRWQnOEpyOqnQQ8KGYo4juMrLudA%2FB7zvg6H4l%2F0OoW%2FdTLSJtg6UDLH1Y0yNalXd79EXjn70fHU2nve%2FdsNKYA%2B3qhsgJVwjpGE9QxEv64fsmUgjChxcJTSo4MIOskmxchDWrcuIjObL1B6Cu2Fg5DnWMt%2BrjRDZqfqb0rYrD4SGW5%2BiIjTskf97fzoyjyaScOaV%2BoodtkQzkn%2FvU8MDXq4bfGIdNeT9wVhvhuOaoPuGrDQDlzCZX3zwAmOt11Jmu%2FdUoXUF1%2FO5UOapMJA6s%2F1LE2QZfP4K%2FCSRF8,https://i.ebayimg.com/images/g/R2YAAeSwbUdqqysV/s-l225.jpg
gundam,model_kit,eBay,marketplace,us,"#78 MSN-04 Acguy Mobile Suit Gundam, Bandai Hobby HGUC",20.0,0.0,False,USD,New,https://www.ebay.com/itm/187571438544?_skw=gundam&hash=item2bac2103d0:g:g84AAeSwbyJqO~FA,https://i.ebayimg.com/images/g/g84AAeSwbyJqO~FA/s-l225.jpg
gundam,model_kit,eBay,marketplace,us,"Wing Gundam Mobile Suit Gundam Wing, Bandai Hobby Entry Grade 1/144",13.0,0.0,False,USD,New,https://www.ebay.com/itm/188555189092?_skw=gundam&hash=item2be6c3db64:g:Q8EAAeSwSX9qO~Ho,https://i.ebayimg.com/images/g/Q8EAAeSwSX9qO~Ho/s-l225.jpg
gundam,model_kit,eBay,marketplace,international,Gundam ENTRY GRADE 1/144 Ukiyo-e Wing RX-78-2 Strike Gundam 3 Model Kit Set JP,65.9,26.9,False,USD,New,https://www.ebay.com/itm/800589809729?_skw=gundam&hash=itemba66df0841:g:zOIAAeSwq2JqlRtx,https://i.ebayimg.com/images/g/zOIAAeSwq2JqlRtx/s-l225.jpg
gundam,model_kit,eBay,marketplace,us,"#171 Aile Strike Gundam Gundam SEED, Bandai Hobby HGCE",19.0,0.0,False,USD,New,https://www.ebay.com/itm/177706640884?_skw=gundam&hash=item29602425f4:g:M4oAAeSw35RqO~Fr,https://i.ebayimg.com/images/g/M4oAAeSw35RqO~Fr/s-l225.jpg
gundam,cards,eBay,marketplace,international,Gundam Card Game Domon Kasshu GD05-097 V Jump Promo Toyotaro Japanese,6.88,0.0,False,USD,Ungraded,https://www.ebay.com/itm/168629344756?_skw=gundam&hash=item27431799f4:g:6QcAAeSwyIRqh7Uh,https://i.ebayimg.com/images/g/6QcAAeSwyIRqh7Uh/s-l225.jpg
gundam,model_kit,eBay,marketplace,us,Bandai Gundam Decal Water Slide multiple choice　Free Shipping,7.99,0.0,False,USD,New,https://www.ebay.com/itm/266960099466?_skw=gundam&hash=item3e280fd88a:g:s4cAAOSwJSdmxnBc,https://i.ebayimg.com/images/g/s4cAAOSwJSdmxnBc/s-l225.jpg
gundam,model_kit,eBay,marketplace,us,"#03 Schwalbe Graze McGillis Custom Gundam IBO, Bandai Hobby HG IBO 1/144",15.0,0.0,False,USD,New,https://www.ebay.com/itm/187876405705?_skw=gundam&hash=item2bbe4e71c9:g:C60AAeSwWW5qO~IZ,https://i.ebayimg.com/images/g/C60AAeSwWW5qO~IZ/s-l225.jpg
gundam,model_kit,eBay,marketplace,us,"#7 Union Flag Graham Custom Gundam 00, Bandai Hobby HG 00",16.0,0.0,False,USD,New,https://www.ebay.com/itm/188555189087?_skw=gundam&hash=item2be6c3db5f:g:YBkAAeSwA8BqO~IZ,https://i.ebayimg.com/images/g/YBkAAeSwA8BqO~IZ/s-l225.jpg
gundam,model_kit,eBay,marketplace,international,Bandai MG 1/100 PLAN303E Deep Striker Gundam Sentinel Model Kit NEW Japan,320.0,0.0,False,USD,New,https://www.ebay.com/itm/406994296811?_skw=gundam&hash=item5ec2c01feb:g:t9QAAeSwYelqVdQf&amdata=enc%3AAQALAAAA4ACCtXRWQnOEpyOqnQQ8KGaE9a8hQW8HAByQ3fd%2FkeFMxb1excA2S09%2F6YNIq73NXkb4LhWLqXG3PfgRR1IWx2NsKiqDSCSN4Pd9N9jvUttfrb0DmbAhraYy4uaqW4nbnFH7aP%2BrKMS3gMuDCYr4jtocXtZZACvua5Oo8NtW%2BrzZCUmq%2BTk0eIXgDoSDnctHdQ1D1JdlVn%2F7cbpCDqe2R7tjiBSCTloSIBCm6TuZRNw1JJmr6Vd6z2XQ%2FgIxtiPF%2Fb0DLYyGg3AsjAgvUQd8CyveJwuDIkCCBDBZJmvT96Cu,https://i.ebayimg.com/images/g/t9QAAeSwYelqVdQf/s-l225.jpg
gundam,model_kit,Plaza Japan,retailer,,Bandai HG 1/144 Gundam Calibarn Plastic Model (Gundam: The Witch from Mercury),15.04,,,USD,New,https://www.plazajapan.com/4573102653222,https://cdn11.bigcommerce.com/s-89ffd/products/128634/images/476237/4573102653222_26fd14afde2861f0d16a152a769b9971__27957.1689662682.350.350.jpg?c=2
gundam,model_kit,Plaza Japan,retailer,,Gundam Artifact Pro High Mobility Zaku II (Black Tri-stars Specification),37.89,,,USD,New,https://www.plazajapan.com/4570117932403,https://cdn11.bigcommerce.com/s-89ffd/products/206898/images/948157/4570117932403_6e62cb7cbee83fb84ee281a7fa701f21__36725.1779340731.350.350.png?c=2
gundam,model_kit,Plaza Japan,retailer,,Bandai Candy Gundam Gunpla Package Art Gummy Vol.3 BOX (20pcs),24.82,,,USD,New,https://www.plazajapan.com/4570117927089,https://cdn11.bigcommerce.com/s-89ffd/products/185217/images/821414/4570117927089_f49412a80f31db17289d21ae205eb94d__50044.1758782377.350.350.png?c=2
gundam,model_kit,Plaza Japan,retailer,,Bandai RG-32 v (Nu) Gundam 1/144 Scale Kit,49.72,,,USD,New,https://www.plazajapan.com/4573102578426,https://cdn11.bigcommerce.com/s-89ffd/products/55735/images/204101/4573102578426_62501de6484498488dd9ef48945339a7__05924.1565247756.350.350.jpg?c=2
gundam,model_kit,Plaza Japan,retailer,,Bandai Perfect Grade 1/60 Unleashed RX-78-2 Gundam Plastic Model,359.84,,,USD,New,https://www.plazajapan.com/4573102607652,https://cdn11.bigcommerce.com/s-89ffd/products/84279/images/283926/607652-1__68657.1608194703.350.350.jpg?c=2
gundam,model_kit,Plaza Japan,retailer,,1 JPY SUPER SALE Gundam Poteko Black Pepper Flavor SINGLE (AUGUST 3rd EXPIRY DATE),0.01,,,USD,New,https://www.plazajapan.com/45496608857881,https://cdn11.bigcommerce.com/s-89ffd/products/216038/images/1006418/bandai-candy-1-jpy-super-sale-gundam-poteko-black-pepper-flavor-single-august-3rd-expiry-date__13015.1787034880.350.350.jpg?c=2
gundam,model_kit,Plaza Japan,retailer,,Bandai Spirits Figure-Rise Standard Amate Yuzuriha (Mobile Suit Gundam GQuuuuuuX),17.46,,,USD,New,https://www.plazajapan.com/4573102685674,https://cdn11.bigcommerce.com/s-89ffd/products/173392/images/740004/bandai-spirits-figure-rise-standard-amate-yuzuriha-mobile-suit-gundam-gquuuuuux__23607.1776663477.350.350.jpg?c=2
gundam,model_kit,Plaza Japan,retailer,,Bandai HG 1/144 Mighty Strike Freedom Gundam Plastic Model (Gundam SEED Freedom),21.09,,,USD,New,https://www.plazajapan.com/4573102663849,https://cdn11.bigcommerce.com/s-89ffd/products/168030/images/680400/bandai-hg-1144-mighty-strike-freedom-gundam-plastic-model-gundam-seed-freedom__31420.1737739417.350.350.jpg?c=2
gundam,model_kit,Plaza Japan,retailer,,Bandai RG-17 Gundam Wing Gundam Zero EW 1/144 Scale Kit,56.41,,,USD,New,https://www.plazajapan.com/4573102616029,https://cdn11.bigcommerce.com/s-89ffd/products/8268/images/31996/174_a__43915.1419475304.350.350.jpg?c=2
gundam,cards,Plaza Japan,retailer,,Bandai Gundam Card Game -Newtype Rising- [GD01] Booster Pack BOX (24 Packs),61.0,,,USD,New,https://www.plazajapan.com/4582769825279,https://cdn11.bigcommerce.com/s-89ffd/products/181501/images/802676/bandai-gundam-card-game-newtype-rising-gd01-booster-pack-box-24-packs__93373.1755490429.350.350.jpg?c=2
gundam,model_kit,Plaza Japan,retailer,,Bandai HG 1/144 Darilbalde Plastic Model (Gundam: The Witch from Mercury),12.53,,,USD,New,https://www.plazajapan.com/4573102633552,https://cdn11.bigcommerce.com/s-89ffd/products/118530/images/414295/4573102633552_4947da4eaf0f0b5ef11bed26fbc89b05__12189.1664441428.350.350.jpg?c=2
gundam,model_kit,Plaza Japan,retailer,,Bandai HG 1/144 Gundam Pharact Plastic Model (Gundam: The Witch from Mercury),12.98,,,USD,New,https://www.plazajapan.com/4573102633545,https://cdn11.bigcommerce.com/s-89ffd/products/118529/images/414289/4573102633545_6d275ce7042d837a6f060bc72b56ee1e__90162.1664441376.350.350.jpg?c=2
gundam,model_kit,Plaza Japan,retailer,,Bandai Candy Mobile Suit Gundam SEED Memorial Anime Card Collection + Wafer (FULL BOX),20.9,,,USD,New,https://www.plazajapan.com/4570117932953,https://cdn11.bigcommerce.com/s-89ffd/products/217148/images/1010032/4570117932953_99b2b5ba67e00549bbd4d672781212e9__24335.1787217388.350.350.png?c=2
gundam,model_kit,Plaza Japan,retailer,,Bandai HG 1/144 Gundam Schwarzette Plastic Model (Gundam: The Witch from Mercury),13.5,,,USD,New,https://www.plazajapan.com/4573102650245,https://cdn11.bigcommerce.com/s-89ffd/products/124463/images/438074/4573102650245_d94b340ec326c06c9bd2b429ba2d998e__74220.1672124063.350.350.jpg?c=2
gundam,model_kit,Plaza Japan,retailer,,Bandai Candy MOBILITY JOINT GUNDAM Vol.7 10pcs Complete Box,36.6,,,USD,New,https://www.plazajapan.com/4549660958635,https://cdn11.bigcommerce.com/s-89ffd/products/142840/images/517716/4549660958635_90f8626cb3d7a209b9280ce25271b9fb__14745.1708419201.350.350.jpg?c=2
gundam,model_kit,Plaza Japan,retailer,,Bandai MG 582225 Gundam Barbatos 1/100 Scale Kit,59.33,,,USD,New,https://www.plazajapan.com/4573102582225,https://cdn11.bigcommerce.com/s-89ffd/products/60925/images/484810/4573102582225_0dd82deb6a65f5437e782d4c0ef26bdc__74931__09209.1693967828.350.350.jpg?c=2
gundam,model_kit,Plaza Japan,retailer,,Bandai Iron-Blooded Orphans 014 Gundam Grimgerde 1/144 Scale Kit,24.23,,,USD,New,https://www.plazajapan.com/4573102579812,https://cdn11.bigcommerce.com/s-89ffd/products/9658/images/41495/1__43630.1455268570.350.350.jpg?c=2
gundam,model_kit,Plaza Japan,retailer,,Bandai HGUC 007 Gundam RX-75 GUNTANK 1/144 Scale Kit,18.18,,,USD,New,https://www.plazajapan.com/4573102568304,https://cdn11.bigcommerce.com/s-89ffd/products/297/images/507/0434_1__15399.1297950224.350.350.jpg?c=2
gundam,model_kit,Plaza Japan,retailer,,Bandai Iron-Blooded Orphans 035 Gundam KIMARIS VIDAR 1/144 Scale Kit,12.08,,,USD,New,https://www.plazajapan.com/4573102554529,https://cdn11.bigcommerce.com/s-89ffd/products/20282/images/77564/Orphans_035_a__50358.1488528542.350.350.jpg?c=2
gundam,model_kit,Plaza Japan,retailer,,Bandai Iron-Blooded Orphans 037 Gundam Gundam VUAL 1/144 Scale Kit,33.26,,,USD,New,https://www.plazajapan.com/4573102603890,https://cdn11.bigcommerce.com/s-89ffd/products/20495/images/375715/4573102603890_a4c1832d37efb6990dcce4eb493c39b9__13752.1650614336.350.350.jpg?c=2
gundam,model_kit,Plaza Japan,retailer,,Bandai Iron-Blooded Orphans 041 Gundam Hajiroboshi 1/144 scale kit,33.26,,,USD,New,https://www.plazajapan.com/4573102604248,https://cdn11.bigcommerce.com/s-89ffd/products/77350/images/267407/604248-1__55028.1598344764.350.350.jpg?c=2
gundam,model_kit,Plaza Japan,retailer,,RG 1/144 RX-0 Unicorn Gundam Plastic Model,48.3,,,USD,New,https://www.plazajapan.com/4573102616203,https://cdn11.bigcommerce.com/s-89ffd/products/24443/images/105635/4549660167419_a__32491.1501836741.350.350.jpg?c=2
gundam,model_kit,Plaza Japan,retailer,,Bandai HGUC 190 Gundam RX-77-2 GUNCANNON 1/144 Scale Kit,8.25,,,USD,New,https://www.plazajapan.com/4573102574022,https://cdn11.bigcommerce.com/s-89ffd/products/8805/images/35566/1__56069.1434691644.350.350.jpg?c=2
gundam,model_kit,Plaza Japan,retailer,,Bandai HG 1/144 Gundam Aerial (Rebuild) Plastic Model (Gundam: The Witch from Mercury),14.06,,,USD,New,https://www.plazajapan.com/4573102650962,https://cdn11.bigcommerce.com/s-89ffd/products/119101/images/454755/4573102650962_0ca8e9d1b1b35bdae6c216d176202ef2__63342.1679014127.350.350.jpg?c=2
gundam,cards,Plaza Japan,retailer,,Bandai Gundam Card Game Extra Booster - Eternal Nexus [EB01] BOX (24-pack),34.87,,,USD,New,https://www.plazajapan.com/4582770012316,https://cdn11.bigcommerce.com/s-89ffd/products/210852/images/972372/4582770012316_38386bc99561f11bdecc4c0e21b709da__93514.1782976092.350.350.jpg?c=2
gundam,model_kit,Plaza Japan,retailer,,Bandai MG Gundam Neo Zeon MSN-04 Sazabi Version Ka 1/100 Scale Kit,105.04,,,USD,New,https://www.plazajapan.com/4573102554574,https://cdn11.bigcommerce.com/s-89ffd/products/7137/images/184299/4543112851352-1__40472.1554369066.350.350.jpg?c=2
gundam,model_kit,Plaza Japan,retailer,,Bandai Candy Gundam Artifact Best Selection Plastic Model Collection BOX(10pcs),32.67,,,USD,New,https://www.plazajapan.com/4570117933677,https://cdn11.bigcommerce.com/s-89ffd/products/209307/images/965166/4570117933677_af77f7a876bd5635a5d188cf95048ea8__83550.1782195368.350.350.png?c=2
gundam,model_kit,Plaza Japan,retailer,,Bandai HG 1/144 Michaelis Plastic Model (Gundam: The Witch from Mercury),10.35,,,USD,New,https://www.plazajapan.com/4573102642523,https://cdn11.bigcommerce.com/s-89ffd/products/118735/images/440673/4573102642523_c9ee270c5dedca419c41e9e810a77ee3__21729.1673580929.350.350.jpg?c=2
gundam,model_kit,Plaza Japan,retailer,,Bandai RE/100 1/100 Gundam Prototype Unit 4 Gerbera,27.58,,,USD,New,https://www.plazajapan.com/4573102667335,https://cdn11.bigcommerce.com/s-89ffd/products/210014/images/968601/4573102667335_770801c25cd60a9ae303b2bc303a44fc__26440.1782437421.350.350.jpg?c=2
gundam,model_kit,Plaza Japan,retailer,,Bandai HG 1/144 Demi Trainer (Tutu Custom) Plastic Model (Gundam: The Witch from Mercury),10.28,,,USD,New,https://www.plazajapan.com/4573102633477,https://cdn11.bigcommerce.com/s-89ffd/products/118526/images/428067/4573102633477_ac92be927aee31100418f4396c0897f4__30824.1668396335.350.350.jpg?c=2
gundam,model_kit,Plaza Japan,retailer,,Bandai  Gundam MS-06 ZAKU GROUND WAR SET 1/144 Scale Kit,49.97,,,USD,New,https://www.plazajapan.com/4573102628350,https://cdn11.bigcommerce.com/s-89ffd/products/5454/images/19628/577320_a__96428.1626251276.350.350.jpg?c=2
gundam,model_kit,Plaza Japan,retailer,,Bandai MG Gundam Unicorn Gundam 1/100 Scale Kit,52.3,,,USD,New,https://www.plazajapan.com/4573102616081,https://cdn11.bigcommerce.com/s-89ffd/products/5566/images/17262/620538_a__79742.1355733190.350.350.jpg?c=2
gundam,model_kit,Plaza Japan,retailer,,Bandai HGUC 059 GUNDAM MS-09 DOM MS-09R RICK DOM 1/144 scale kit,31.61,,,USD,New,https://www.plazajapan.com/4573102558770,https://cdn11.bigcommerce.com/s-89ffd/products/539/images/184082/4543112410375-1__86272.1554286545.350.350.jpg?c=2
gundam,model_kit,Plaza Japan,retailer,,Bandai HG 1/144 Gundam Lfrith Ur Plastic Model (Gundam: The Witch from Mercury),15.54,,,USD,New,https://www.plazajapan.com/4573102650887,https://cdn11.bigcommerce.com/s-89ffd/products/119099/images/452135/4573102650887_a82a4cf96d8c21f57fe5fd5657b6ab0f__55028.1677742504.350.350.jpg?c=2
gundam,model_kit,Plaza Japan,retailer,,Bandai Candy Mobility Joint Gundam VOL.2 10Pcs Box (Candy Toy),82.73,,,USD,New,https://www.plazajapan.com/4549660738060,https://cdn11.bigcommerce.com/s-89ffd/products/110053/images/375194/4549660738060_4320510294e995b06ad00465453c2cdd__64392.1650504579.350.350.png?c=2
gundam,model_kit,Plaza Japan,retailer,,Bandai HG 1/144 Heindree Sturm Plastic Model (Gundam: The Witch from Mercury),13.2,,,USD,New,https://www.plazajapan.com/4573102651129,https://cdn11.bigcommerce.com/s-89ffd/products/124459/images/438046/4573102651129_f969ae7cb9567dd87bd5da1735690a4d__05987.1672123952.350.350.jpg?c=2
gundam,model_kit,Plaza Japan,retailer,,Bandai HG 1/144 Demi Barding Plastic Model (Gundam: The Witch from Mercury),10.81,,,USD,New,https://www.plazajapan.com/4573102653130,https://cdn11.bigcommerce.com/s-89ffd/products/124460/images/438053/4573102653130_cada08c988af3b48699069917d64b70c__31614.1672123980.350.350.jpg?c=2
gundam,model_kit,Plaza Japan,retailer,,Bandai HG 1/144 Mirasoul Flight Unit Plastic Model (Gundam: The Witch from Mercury),9.64,,,USD,New,https://www.plazajapan.com/4573102642547,https://cdn11.bigcommerce.com/s-89ffd/products/118737/images/458020/4573102642547_791248ba57a51766c73fd191a7ced2b5__36498.1680482001.350.350.jpg?c=2
gundam,model_kit,Plaza Japan,retailer,,Bandai HGUC 203 GUNPLA Evolution Project Series MSZ-006 ZETA Gundam 1/144 Scale Kit,29.08,,,USD,New,https://www.plazajapan.com/4573102556110,https://cdn11.bigcommerce.com/s-89ffd/products/20493/images/88805/HGUC_203_a__44581.1492762113.350.350.jpg?c=2
gundam,model_kit,Plaza Japan,retailer,,Gundam Hard Graph Zeon Mobile Scout Set Model Kit,47.05,,,USD,New,https://www.plazajapan.com/4543112459374,https://cdn11.bigcommerce.com/s-89ffd/products/55452/images/184129/4543112459374-1__66294.1554287286.350.350.jpg?c=2
gundam,model_kit,Plaza Japan,retailer,,Gundam Artifact PRO Full Armor Gundam Full Box,42.47,,,USD,New,https://www.plazajapan.com/4570117932397,https://cdn11.bigcommerce.com/s-89ffd/products/206943/images/948422/4570117932397_62a8934a620fec31cc94b1b1341d0fe7__83589.1779408952.350.350.png?c=2
gundam,model_kit,Plaza Japan,retailer,,Bandai Gundam RX-78-3 Gundam + MS-09RS RICK-DOM 1/144 Scale Kit,60.17,,,USD,New,https://www.plazajapan.com/4573102609601,https://cdn11.bigcommerce.com/s-89ffd/products/1415/images/2602/4543112537065_a__91272.1612425726.350.350.jpg?c=2
gundam,model_kit,Plaza Japan,retailer,,Bandai Gundam RX-93 Nu Gundam Metallic Coating Version 1/144  Scale Kit,54.15,,,USD,New,https://www.plazajapan.com/4573102556134,https://cdn11.bigcommerce.com/s-89ffd/products/2028/images/4109/4543112615671_a__73369.1300607993.350.350.jpg?c=2
gundam,model_kit,Plaza Japan,retailer,,Bandai Gundam HG AGE-01 Normal Model 1/144 Scale Kit,18.38,,,USD,New,https://www.plazajapan.com/4573102582706,https://cdn11.bigcommerce.com/s-89ffd/products/2498/images/5374/1__25799.1327659793.350.350.jpg?c=2
gundam,model_kit,Plaza Japan,retailer,,Bandai Gundam HG AGE-04 GENOACE CUSTOM(RGE-B790CW) 1/144 Scale Kit,29.41,,,USD,New,https://www.plazajapan.com/4543112716262,https://cdn11.bigcommerce.com/s-89ffd/products/2501/images/5408/1__75971.1327663056.350.350.jpg?c=2
gundam,model_kit,Plaza Japan,retailer,,Bandai Gundam HG AGE-05 Gundam AGE-1 TITUS 1/144 Scale Kit,19.22,,,USD,New,https://www.plazajapan.com/4543112716231,https://cdn11.bigcommerce.com/s-89ffd/products/2502/images/5412/1__24791.1327663151.350.350.jpg?c=2
gundam,model_kit,Plaza Japan,retailer,,Bandai Gundam HG AGE-06 ZEDAS (XVV-XC) 1/144 Scale Kit,39.11,,,USD,New,https://www.plazajapan.com/4543112716248,https://cdn11.bigcommerce.com/s-89ffd/products/2503/images/5416/1__37998.1327663249.350.350.jpg?c=2
gundam,model_kit,Plaza Japan,retailer,,Bandai Gundam HG AGE-07 SPALLOW (AGE-1S) 1/144 Scale Kit,20.06,,,USD,New,https://www.plazajapan.com/4543112728203,https://cdn11.bigcommerce.com/s-89ffd/products/2504/images/5422/1__82214.1327663337.350.350.jpg?c=2
gundam,model_kit,Plaza Japan,retailer,,Bandai Gundam HG AGE-08 BAQTO (OVV-a) 1/144 Scale Kit,35.77,,,USD,New,https://www.plazajapan.com/4543112728210,https://cdn11.bigcommerce.com/s-89ffd/products/2505/images/5428/1__96829.1327663431.350.350.jpg?c=2
gundam,model_kit,Plaza Japan,retailer,,Bandai Gundam HG AGE-09 G-EXES (WMS-GEX1) 1/144 Scale Kit,33.43,,,USD,New,https://www.plazajapan.com/4573102603661,https://cdn11.bigcommerce.com/s-89ffd/products/2506/images/15145/AGE09_a__35486.1348406979.350.350.jpg?c=2
gundam,model_kit,Plaza Japan,retailer,,Bandai Gundam HG AGE-10 Gundam AGE-2 Normal 1/144 Scale Kit,45.96,,,USD,New,https://www.plazajapan.com/4573102582713,https://cdn11.bigcommerce.com/s-89ffd/products/2507/images/5438/1__70723.1327663587.350.350.jpg?c=2
gundam,model_kit,Plaza Japan,retailer,,Bandai Gundam HG AGE-11 Dorado (ovm-e) 1/144 Scale Kit,37.6,,,USD,New,https://www.plazajapan.com/4543112739353,https://cdn11.bigcommerce.com/s-89ffd/products/2508/images/5444/1__95892.1327663666.350.350.jpg?c=2
gundam,model_kit,Plaza Japan,retailer,,Bandai Gundam HG AGE-13 ADELE (RGE-G1100) 1/144 Scale Kit,33.01,,,USD,New,https://www.plazajapan.com/4573102628251,https://cdn11.bigcommerce.com/s-89ffd/products/3782/images/8556/1__84159.1626252374.350.350.jpg?c=2
gundam,model_kit,Plaza Japan,retailer,,Bandai Gundam HG AGE-16 GENOACE II (RGE-B890) 1/144 Scale Kit,37.44,,,USD,New,https://www.plazajapan.com/4573102628268,https://cdn11.bigcommerce.com/s-89ffd/products/5144/images/12143/1__52317.1626252326.350.350.jpg?c=2
gundam,model_kit,Plaza Japan,retailer,,Bandai Gundam HG AGE-18 AGE-2 SHALDOLL CUSTOM (RGE-C350) 1/144 Scale Kit,28.66,,,USD,New,https://www.plazajapan.com/4573102628275,https://cdn11.bigcommerce.com/s-89ffd/products/5167/images/12216/1__41267.1626252283.350.350.jpg?c=2
gundam,model_kit,Plaza Japan,retailer,,Bandai Gundam HG AGE-25 G-EXES Jackedge (BMS-004) 1/144 Scale Kit,32.96,,,USD,New,https://www.plazajapan.com/4573102628299,https://cdn11.bigcommerce.com/s-89ffd/products/5232/images/13444/1__55788.1626251534.350.350.jpg?c=2
gundam,model_kit,Plaza Japan,retailer,,Bandai Gundam HG AGE-21 Gundam Normal AGE-3 1/144 Scale Kit,29.08,,,USD,New,https://www.plazajapan.com/4573102573865,https://cdn11.bigcommerce.com/s-89ffd/products/5254/images/12602/1__01955.1336742119.350.350.jpg?c=2
gundam,model_kit,Plaza Japan,retailer,,Bandai Gundam HG AGE-23 GHIRARGA (xvt-zgc) 1/144 Scale Kit,17.68,,,USD,New,https://www.plazajapan.com/4573102629098,https://cdn11.bigcommerce.com/s-89ffd/products/5371/images/13251/1__25447.1341922032.350.350.jpg?c=2
gundam,model_kit,Plaza Japan,retailer,,Bandai Gundam HG AGE-20 FARSIA (xvb-xd) 1/144 Scale Kit,49.97,,,USD,New,https://www.plazajapan.com/4573102628282,https://cdn11.bigcommerce.com/s-89ffd/products/5393/images/13450/1__81131.1626251584.350.350.jpg?c=2
gundam,model_kit,Plaza Japan,retailer,,Bandai Gundam MSN-04 Sazabi Metallic Coating Version 1/144  Scale Kit,57.49,,,USD,New,https://www.plazajapan.com/4573102556127,https://cdn11.bigcommerce.com/s-89ffd/products/5455/images/95333/615688_a__76244.1496789044.350.350.jpg?c=2
gundam,model_kit,Plaza Japan,retailer,,Bandai Gundam HG AGE-27 Gundam AGE-FX 1/144 Scale Kit,17.55,,,USD,New,https://www.plazajapan.com/4573102573889,https://cdn11.bigcommerce.com/s-89ffd/products/5589/images/14535/1__49600.1345793103.350.350.jpg?c=2
gundam,model_kit,Plaza Japan,retailer,,Bandai Gundam HG AGE-29 Gundam Legilis (xvm-fzc) 1/144 Scale Kit,15.88,,,USD,New,https://www.plazajapan.com/4573102603708,https://cdn11.bigcommerce.com/s-89ffd/products/5683/images/15377/1__41421.1349412615.350.350.jpg?c=2
gundam,model_kit,Plaza Japan,retailer,,Bandai Gundam HG AGE-30 Gundam AGE-3 Fortress (AGF-3F) 1/144 Scale Kit,49.97,,,USD,New,https://www.plazajapan.com/4573102628329,https://cdn11.bigcommerce.com/s-89ffd/products/5934/images/16815/1__55797.1626251410.350.350.jpg?c=2
gundam,model_kit,Plaza Japan,retailer,,Bandai Gundam HG AGE-31 Clanche Custom (RGE-G2100C) 1/144 Scale Kit,91.08,,,USD,New,https://www.plazajapan.com/4573102628336,https://cdn11.bigcommerce.com/s-89ffd/products/5942/images/16915/1__92799.1626251362.350.350.jpg?c=2
gundam,model_kit,Plaza Japan,retailer,,Bandai Gundam OPERATION V RX-78-2 1/144 Scale Kit,53.46,,,USD,New,https://www.plazajapan.com/4573102604040,https://cdn11.bigcommerce.com/s-89ffd/products/6326/images/80339/1__49352.1365495636.1280.1280__05027.1490229634.350.350.jpg?c=2
gundam,model_kit,Plaza Japan,retailer,,Bandai Gundam HG AGE-33 Shaldoll Rogue (BMS-003) 1/144 Scale Kit,25.07,,,USD,New,https://www.plazajapan.com/4543112813541,https://cdn11.bigcommerce.com/s-89ffd/products/6376/images/20276/1__24145.1626251322.350.350.jpg?c=2
gundam,model_kit,Plaza Japan,retailer,,Bandai Gundam The Origin 002 RTX-65 GUNTANK Early Type 1/144 Scale Kit,41.61,,,USD,New,https://www.plazajapan.com/4573102577313,https://cdn11.bigcommerce.com/s-89ffd/products/8708/images/78830/bandai-965288-gundam-the-origin__61197.1489506120.350.350.jpg?c=2
gundam,model_kit,Plaza Japan,retailer,,Bandai Gundam HG AGE-35 AGE-1 Full Glansa (Age-1G)1/144 Scale Kit,25.07,,,USD,New,https://www.plazajapan.com/4573102573902,https://cdn11.bigcommerce.com/s-89ffd/products/8802/images/37608/4543112813381_a__41328.1441623011.350.350.jpg?c=2
gundam,model_kit,Plaza Japan,retailer,,Bandai Gundam The Origin 004 YMS-07B-0 PROTOTYPE GOUF (Tactical Demonstrator) 1/144 Scale Kit,45.12,,,USD,New,https://www.plazajapan.com/4573102577337,https://cdn11.bigcommerce.com/s-89ffd/products/9168/images/78794/bandai-006404-gundam-the-origin__43585.1489493339.350.350.jpg?c=2
gundam,model_kit,Plaza Japan,retailer,,Bandai Gundam The Origin 007 YMS-08B DOM Test Type 1/144 Scale Kit,38.86,,,USD,New,https://www.plazajapan.com/4573102590251,https://cdn11.bigcommerce.com/s-89ffd/products/9702/images/41781/Origin_007_a__87216.1456557007.350.350.jpg?c=2
gundam,model_kit,Plaza Japan,retailer,,Bandai Gundam OO GN-001 Gundam EXIA 1/100 Scale Kit,38.25,,,USD,New,https://www.plazajapan.com/4573102579362,https://cdn11.bigcommerce.com/s-89ffd/products/19789/images/120845/522276_a__46873.1514368503.350.350.jpg?c=2
gundam,model_kit,Plaza Japan,retailer,,Bandai Gundam OO 574671 GN-006 CHERUDIM Gundam 1/100 Scale Kit,62.51,,,USD,New,https://www.plazajapan.com/4543112574671,https://cdn11.bigcommerce.com/s-89ffd/products/19794/images/73820/1__60568.1487062105.350.350.jpg?c=2
gundam,model_kit,Plaza Japan,retailer,,Bandai Gundam OO 587534 OO RAISER DESIGNER'S COLOR Version 1/100 Scale Kit,66.68,,,USD,New,https://www.plazajapan.com/4543112587534,https://cdn11.bigcommerce.com/s-89ffd/products/19795/images/73831/1__94919.1487062631.350.350.jpg?c=2
gundam,model_kit,Plaza Japan,retailer,,Bandai Gundam MEGA Size Model ZAKU II 1/48 Scale Kit,95.43,,,USD,New,https://www.plazajapan.com/4573102575937,https://cdn11.bigcommerce.com/s-89ffd/products/20010/images/200666/4543112656636-1__47724.1563253463.350.350.jpg?c=2
gundam,model_kit,Plaza Japan,retailer,,Bandai Gundam OO 569066 GN-0000 OO Gundam 1/100 Scale Kit,34.26,,,USD,New,https://www.plazajapan.com/4543112569066,https://cdn11.bigcommerce.com/s-89ffd/products/20749/images/79627/2__03131.1489740523.350.350.jpg?c=2
gundam,model_kit,Plaza Japan,retailer,,Bandai Gundam MEGA Size Model RX-78-2 Gundam 1/48 Scale Kit,86.37,,,USD,New,https://www.plazajapan.com/4573102588906,https://cdn11.bigcommerce.com/s-89ffd/products/24279/images/238539/4543112620279-1__38886.1584930871.350.350.jpg?c=2
gundam,model_kit,Plaza Japan,retailer,,Bandai Gundam MEGA Size Model UNICORN Gundam (Destroy Mode) 1/48 Scale Kit 167426,192.03,,,USD,New,https://www.plazajapan.com/4573102579867,https://cdn11.bigcommerce.com/s-89ffd/products/24447/images/108203/167426_a__68806.1504157061.350.350.jpg?c=2
gundam,model_kit,Plaza Japan,retailer,,Bandai Gundam The Origin 017 Gundam LOCAL TYPE (North American Front) 1/144 Scale Kit,58.49,,,USD,New,https://www.plazajapan.com/4573102591531,https://cdn11.bigcommerce.com/s-89ffd/products/25590/images/111791/4549660184287_a__87640.1507273937.350.350.jpg?c=2
gundam,model_kit,Plaza Japan,retailer,,Bandai Gundam Decal No.115 for RG 1/144 Scale Shinanju,13.82,,,USD,New,https://www.plazajapan.com/4573102611734,https://cdn11.bigcommerce.com/s-89ffd/products/27736/images/162384/4549660249146_1__38373.1536910223.350.350.jpg?c=2
gundam,model_kit,Plaza Japan,retailer,,Bandai Gundam Decal No.117 for RG 1/144 Scale OO QANT (249160),22.65,,,USD,New,https://www.plazajapan.com/4549660249160,https://cdn11.bigcommerce.com/s-89ffd/products/27738/images/119052/3__10936.1512630684.350.350.jpg?c=2
gundam,model_kit,Plaza Japan,retailer,,Bandai Gundam Decal No.119 for 1/144 Scale The Gundam Origin Series 3,8.36,,,USD,New,https://www.plazajapan.com/4573102611765,https://cdn11.bigcommerce.com/s-89ffd/products/27740/images/158427/4549660249184_1__79637.1533282407.350.350.jpg?c=2
gundam,model_kit,Plaza Japan,retailer,,Bandai Gundam Decal No.104 for 1/144 & 1/100 Iron-Blooded Orphans Series 2 (196037),2.95,,,USD,New,https://www.plazajapan.com/4573102611680,https://cdn11.bigcommerce.com/s-89ffd/products/27750/images/119093/1__22811.1512633949.350.350.jpg?c=2
gundam,model_kit,Plaza Japan,retailer,,Bandai Gundam Decal No.105 for 1/100 & 1/144 Gundam Origin Series 1,8.35,,,USD,New,https://www.plazajapan.com/4573102579690,https://cdn11.bigcommerce.com/s-89ffd/products/27751/images/119096/1__45306.1512634092.350.350.jpg?c=2
gundam,model_kit,Plaza Japan,retailer,,Bandai Gundam Decal No.106 for RG 1/144 Scale Gundam Exia (196051),146.4,,,USD,New,https://www.plazajapan.com/4549660196051,https://cdn11.bigcommerce.com/s-89ffd/products/27752/images/119098/1__42931.1512634400.350.350.jpg?c=2
gundam,model_kit,Plaza Japan,retailer,,Bandai Gundam Decal No.107 for 1/100 & 1/144 Gundam UC Series 1,8.55,,,USD,New,https://www.plazajapan.com/4573102579706,https://cdn11.bigcommerce.com/s-89ffd/products/27753/images/119100/1__62429.1512634569.350.350.jpg?c=2
gundam,model_kit,Plaza Japan,retailer,,Bandai Gundam Decal No.108 for 1/100 & 1/144 Z & ZZ Gundam Series 1 (196075),10.93,,,USD,New,https://www.plazajapan.com/4573102611697,https://cdn11.bigcommerce.com/s-89ffd/products/27754/images/119102/1__97519.1512634683.350.350.jpg?c=2
gundam,model_kit,Plaza Japan,retailer,,Bandai Gundam Decal No.110 for 1/144 Gundam MSV General Purpose 1,9.13,,,USD,New,https://www.plazajapan.com/4573102611703,https://cdn11.bigcommerce.com/s-89ffd/products/40680/images/141367/4549660212904-1__41010.1527225367.350.350.jpg?c=2
gundam,model_kit,Plaza Japan,retailer,,Bandai Gundam Decal No.112 for RG 1/144 Scale Unicorn Gundam,14.21,,,USD,New,https://www.plazajapan.com/4573102579713,https://cdn11.bigcommerce.com/s-89ffd/products/40682/images/162383/4549660212928_1__69708.1536910217.350.350.jpg?c=2
gundam,model_kit,Plaza Japan,retailer,,Bandai Gundam Deathscythe Hell 1/100 Scale Kit,58.33,,,USD,New,https://www.plazajapan.com/4902425495132,https://cdn11.bigcommerce.com/s-89ffd/products/40684/images/141371/4902425495132-1__01730.1527225810.350.350.jpg?c=2
gundam,model_kit,Plaza Japan,retailer,,Bandai Gundam Decal No.113 for 1/144 Scale Gundam The Origin Multiuse 2,2.95,,,USD,New,https://www.plazajapan.com/4573102579720,https://cdn11.bigcommerce.com/s-89ffd/products/40690/images/141383/4549660212935-1__52569.1527226490.350.350.jpg?c=2
gundam,model_kit,Plaza Japan,retailer,,Bandai Gundam OO 05 Tieren Ground Type 1/144 Scale Kit,23.82,,,USD,New,https://www.plazajapan.com/4573102606396,https://cdn11.bigcommerce.com/s-89ffd/products/40729/images/578032/4573102606396_31d69776325f37caf83d5ab7d42ebf43__64978.1725858125.350.350.jpg?c=2
gundam,model_kit,Plaza Japan,retailer,,Bandai Gundam Build Divers 013 Gundam SD RX-Zeromaru Non-Scale Kit,26.24,,,USD,New,https://www.plazajapan.com/4549660303619,https://cdn11.bigcommerce.com/s-89ffd/products/42835/images/159936/4549660303619_1__06693.1535103279.350.350.jpg?c=2
gundam,model_kit,Plaza Japan,retailer,,Bandai Gundam Build Divers 018 Impulse Gundam Lancier 1/144 Scale Kit,33.26,,,USD,New,https://www.plazajapan.com/4573102553379,https://cdn11.bigcommerce.com/s-89ffd/products/45832/images/163473/4573102553379_1__68181.1538129552.350.350.jpg?c=2
gundam,model_kit,Plaza Japan,retailer,,Bandai GUNDAM RE/100 010 Gyunei Guss's Jagd Doga 1/100 scale kit,88.58,,,USD,New,https://www.plazajapan.com/4573102553317,https://cdn11.bigcommerce.com/s-89ffd/products/45841/images/162927/4573102553317_1__56650.1537515310.350.350.jpg?c=2
gundam,model_kit,Plaza Japan,retailer,,Bandai Gundam Build Divers 023 Mobile Doll Sarah 1/144 Scale Kit,25.9,,,USD,New,https://www.plazajapan.com/4573102555816,https://cdn11.bigcommerce.com/s-89ffd/products/50515/images/173768/4573102555816-1__13766.1547028220.350.350.jpg?c=2
gundam,model_kit,Plaza Japan,retailer,,SD Gundam BB senshi 290 ZGMF-X42S Destiny Gundam,23.22,,,USD,New,https://www.plazajapan.com/4573102604118,https://cdn11.bigcommerce.com/s-89ffd/products/52261/images/172794/4543112434203-1__84844.1545107910.350.350.jpg?c=2
gundam,model_kit,Plaza Japan,retailer,,Bandai Gundam Seed Ginn Type High-Maneuver  1/144 Scale Kit,24.9,,,USD,New,https://www.plazajapan.com/4573102568113,https://cdn11.bigcommerce.com/s-89ffd/products/52908/images/184323/4543112256553-1__48768.1554369433.350.350.jpg?c=2
gundam,model_kit,Plaza Japan,retailer,,Bandai Gundam EW-6 Gundam Sandrock Custom 1/100 Scale Kit,46.63,,,USD,New,https://www.plazajapan.com/4902425606262,https://cdn11.bigcommerce.com/s-89ffd/products/55397/images/183900/4902425606262-1__43777.1554273588.350.350.jpg?c=2
gundam,model_kit,Plaza Japan,retailer,,Bandai Gundam 08 RX-79 Gundam EZ-8 1/144 Scale Kit,24.9,,,USD,New,https://www.plazajapan.com/4902425597645,https://cdn11.bigcommerce.com/s-89ffd/products/55404/images/183909/4902425597645-1__27360.1554273848.350.350.jpg?c=2
gundam,model_kit,Plaza Japan,retailer,,Bandai Gundam SD-238 Gogg & Acguy & Zock Set,36.4,,,USD,New,https://www.plazajapan.com/4573102574138,https://cdn11.bigcommerce.com/s-89ffd/products/55416/images/183928/4543112128232-1__50452.1554274438.350.350.jpg?c=2
gundam,model_kit,Plaza Japan,retailer,,Bandai Gundam Decal No.18 for MG 1/100 Scale Gundam Seed,9.0,,,USD,New,https://www.plazajapan.com/4573102574909,https://cdn11.bigcommerce.com/s-89ffd/products/55479/images/184309/4543112341365-1__18517.1554369228.350.350.jpg?c=2
gundam,model_kit,Plaza Japan,retailer,,Bandai GUNDAM MSN-06S SINANJU Titanium Finish 1/144 Scale Kit,97.77,,,USD,New,https://www.plazajapan.com/4573102557353,https://cdn11.bigcommerce.com/s-89ffd/products/55493/images/184355/4543112694836-1__56285.1554371961.350.350.jpg?c=2
gundam,model_kit,Plaza Japan,retailer,,Bandai Gundam Universe ASW-G-08 GUNDAM BARBATOS Figure,24.9,,,USD,New,https://www.plazajapan.com/4573102554932,https://cdn11.bigcommerce.com/s-89ffd/products/58108/images/217421/4573102554932_f4e0e2ba9868ff7b2dd519bf5de5ea88__70079.1571382429.350.350.jpg?c=2
gundam,model_kit,Plaza Japan,retailer,,Bandai Gundam The Origin 026 RX-78-02 Gundam (Gundam The Origin Ver.) 1/144 Scale Kit,16.71,,,USD,New,https://www.plazajapan.com/4573102589293,https://cdn11.bigcommerce.com/s-89ffd/products/68838/images/237346/4573102589293_83f79a0f3f6da4a9f0259986531f55e7__40108.1584083388.350.350.jpg?c=2
gundam,model_kit,Plaza Japan,retailer,,Bandai Gundam SD-259 Strike Gundam Striker Weapon System,12.86,,,USD,New,https://www.plazajapan.com/4573102574169,https://cdn11.bigcommerce.com/s-89ffd/products/77025/images/249500/4543112237163-1__60517.1586495068.350.350.jpg?c=2
gundam,model_kit,Plaza Japan,retailer,,Bandai Gundam Universe Wing Gundam Figure,39.28,,,USD,New,https://www.plazajapan.com/4573102554918,https://cdn11.bigcommerce.com/s-89ffd/products/81054/images/270876/4573102554918_af40fcb8a3b97c493d803c05168060ef__12300.1600143970.350.350.jpg?c=2
gundam,model_kit,Plaza Japan,retailer,,Bandai Gundam Universe RX-0 Unicorn Gundam 02 Banshee Figure,37.44,,,USD,New,https://www.plazajapan.com/4573102574695,https://cdn11.bigcommerce.com/s-89ffd/products/81055/images/270882/4573102574695_ced72fa15e02416ac4c65280fe427895__45620.1600144030.350.350.jpg?c=2
gundam,model_kit,Plaza Japan,retailer,,Bandai Gundam Universe XXXG-01D Gundam Deathscythe Figure,41.36,,,USD,New,https://www.plazajapan.com/4573102554949,https://cdn11.bigcommerce.com/s-89ffd/products/81056/images/564752/4573102554949_24ca5ac1d10084cec2e0753a8590ea99__49842.1721611628.350.350.jpg?c=2
gundam,model_kit,Plaza Japan,retailer,,Bandai Gundam Universe MS-06 Char's Zaku II Figure,49.97,,,USD,New,https://www.plazajapan.com/4573102612717,https://cdn11.bigcommerce.com/s-89ffd/products/84766/images/285734/4573102612717_33743f7ffeb23e9bdb19378d9a8421c4__05083.1610509089.350.350.jpg?c=2
gundam,model_kit,Plaza Japan,retailer,,Bandai Gundam Universe RX-93 Nu Gundam Figure,94.04,,,USD,New,https://www.plazajapan.com/4573102612731,https://cdn11.bigcommerce.com/s-89ffd/products/84768/images/356714/4573102612731_eb57b567b8456f4a301d1b94048efd6a__30587.1643602242.350.350.jpg?c=2
gundam,model_kit,Plaza Japan,retailer,,Bandai Gundam Decal No.17 for MG 1/100 MS Principality of Zeon (1),2.95,,,USD,New,https://www.plazajapan.com/4573102574893,https://cdn11.bigcommerce.com/s-89ffd/products/85560/images/287436/4573102574893_2c7f36ee3364e29be6de3e2e1326c9ae__92521.1611214216.350.350.jpg?c=2
gundam,model_kit,Plaza Japan,retailer,,Bandai Gundam Decal No.22 for MG 1/100 Zeta Gundam Series,9.0,,,USD,New,https://www.plazajapan.com/4573102611352,https://cdn11.bigcommerce.com/s-89ffd/products/85561/images/287438/4573102611352_8fdc9c0e94b698247d0f4a627a3a288a__51088.1611214244.350.350.jpg?c=2
gundam,model_kit,Plaza Japan,retailer,,Bandai Gundam Decal No.28 for HGUC 1/144 MS Principality of Zeon (1),2.95,,,USD,New,https://www.plazajapan.com/4573102574961,https://cdn11.bigcommerce.com/s-89ffd/products/85562/images/287439/4573102574961_a9ab8ca4a21306faff618c1661127c10__50692.1611214266.350.350.jpg?c=2
gundam,model_kit,Plaza Japan,retailer,,Bandai Gundam Decal No.30 for HGUC 1/144 MS Earth Federation Space Force (1) (Anaheim MS),2.95,,,USD,New,https://www.plazajapan.com/4573102574985,https://cdn11.bigcommerce.com/s-89ffd/products/85564/images/287441/4573102574985_3cdd95291b7e52199e57f6c2a21e90db__40174.1611214308.350.350.jpg?c=2
gundam,model_kit,Plaza Japan,retailer,,Bandai Gundam Decal No.37 for HGUC 1/144 MS Earth Federation Space Force (2),2.95,,,USD,New,https://www.plazajapan.com/4573102611390,https://cdn11.bigcommerce.com/s-89ffd/products/85565/images/287442/4573102611390_a730707c2caf0aeb9d65d90036f06a19__45759.1611214341.350.350.jpg?c=2
gundam,model_kit,Plaza Japan,retailer,,Bandai Gundam Decal No.38 for HGUC 1/144 MS Principality of Zeon (3),2.62,,,USD,New,https://www.plazajapan.com/4573102611406,https://cdn11.bigcommerce.com/s-89ffd/products/85566/images/287443/4573102611406_5856d9a3991e3a282ed20f9ee13bd1d8__73951.1611214379.350.350.jpg?c=2
gundam,model_kit,Plaza Japan,retailer,,Bandai Gundam Decal No.39 for HGUC 1/144 MS Principality of Zeon (4),2.95,,,USD,New,https://www.plazajapan.com/4573102611413,https://cdn11.bigcommerce.com/s-89ffd/products/85567/images/287444/4573102611413_8a3d8c124fea5030b445b53eee1d6b50__85665.1611214408.350.350.jpg?c=2
gundam,model_kit,Plaza Japan,retailer,,Bandai Gundam Decal No.53 for 1/100 1/144 MS Gundam 0080 Series (1),6.75,,,USD,New,https://www.plazajapan.com/4573102611482,https://cdn11.bigcommerce.com/s-89ffd/products/85570/images/287447/4573102611482_a0641cf3cb1bda1fba4aaa593847cb06__08186.1611214536.350.350.jpg?c=2
gundam,model_kit,Plaza Japan,retailer,,Bandai Gundam Decal No.54 for 1/100 1/144 MS Gundam 0080 Series (2),2.95,,,USD,New,https://www.plazajapan.com/4573102611499,https://cdn11.bigcommerce.com/s-89ffd/products/85571/images/287448/4573102611499_27ff2672ee055b38dcd3474e8e59c84c__65358.1611214571.350.350.jpg?c=2
gundam,model_kit,Plaza Japan,retailer,,Bandai Gundam Decal No.16 for MG 1/100 MS EFSF Multiuse (1),2.95,,,USD,New,https://www.plazajapan.com/4573102574886,https://cdn11.bigcommerce.com/s-89ffd/products/85574/images/287451/4543112341341-1__29080.1611215421.350.350.jpg?c=2
gundam,model_kit,Plaza Japan,retailer,,Bandai Gundam Decal No.23 for MG 1/100 Char's Counterattack Multiuse,2.95,,,USD,New,https://www.plazajapan.com/4573102574930,https://cdn11.bigcommerce.com/s-89ffd/products/85575/images/287452/4543112341501-1__39285.1611215464.350.350.jpg?c=2
gundam,model_kit,Plaza Japan,retailer,,Bandai Gundam Decal No.47 for 1/144 Gundam 00 Multiuse (2),2.95,,,USD,New,https://www.plazajapan.com/4573102611451,https://cdn11.bigcommerce.com/s-89ffd/products/85576/images/287453/4543112537133-1__58184.1611215510.350.350.jpg?c=2
gundam,model_kit,Plaza Japan,retailer,,Bandai Gundam Decal No.71 for HGUC 1/144 Char's Counterattack,2.95,,,USD,New,https://www.plazajapan.com/4573102575111,https://cdn11.bigcommerce.com/s-89ffd/products/85577/images/287454/4543112602350-1__08851.1611215545.350.350.jpg?c=2
gundam,model_kit,Plaza Japan,retailer,,Bandai Gundam Decal No.72 for HGUC 1/144 Char's Counterattack,2.95,,,USD,New,https://www.plazajapan.com/4573102575128,https://cdn11.bigcommerce.com/s-89ffd/products/85578/images/287455/4543112602367-1__50042.1611215610.350.350.jpg?c=2
gundam,model_kit,Plaza Japan,retailer,,Bandai Gundam Universe XXXG-01H Gundam Heavyarms Figure,62.67,,,USD,New,https://www.plazajapan.com/4573102615176,https://cdn11.bigcommerce.com/s-89ffd/products/90585/images/333541/615176-1__08002.1633916440.350.350.jpg?c=2
gundam,model_kit,Plaza Japan,retailer,,Bandai Gundam Universe GN-001 Gundam Exia Figure,48.3,,,USD,New,https://www.plazajapan.com/4573102615183,https://cdn11.bigcommerce.com/s-89ffd/products/90586/images/333542/615183-1__52491.1633916620.350.350.jpg?c=2
gundam,model_kit,Plaza Japan,retailer,,Bandai Gundam Universe ZGMF-X10A Freedom Gundam Figure,41.61,,,USD,New,https://www.plazajapan.com/4573102615190,https://cdn11.bigcommerce.com/s-89ffd/products/90587/images/333543/615190-1__28670.1633916758.350.350.jpg?c=2
gundam,model_kit,Plaza Japan,retailer,,Bandai Gundam Breaker Battlogue HG 1/144 Gundam Helios Plastic Model,62.51,,,USD,New,https://www.plazajapan.com/4573102620163,https://cdn11.bigcommerce.com/s-89ffd/products/94327/images/338784/620163-1__91865.1636419549.350.350.jpg?c=2
gundam,model_kit,Plaza Japan,retailer,,Bandai Gundam Breaker Battlogue HG 1/144 Gundam Live Lance Haven Plastic Model,31.29,,,USD,New,https://www.plazajapan.com/4573102620248,https://cdn11.bigcommerce.com/s-89ffd/products/94331/images/338786/620248-1__90188.1636419667.350.350.jpg?c=2
gundam,model_kit,Plaza Japan,retailer,,Bandai Gundam Breaker Battlogue HG 1/144 Gundam Perfect Strike Freedom Plastic Model,63.34,,,USD,New,https://www.plazajapan.com/4573102620262,https://cdn11.bigcommerce.com/s-89ffd/products/94361/images/389746/4573102620262_7c4ecca0ddc2bbcff2f1afaec35703b9__67955.1655370138.350.350.jpg?c=2
gundam,model_kit,Plaza Japan,retailer,,Bandai Gundam Breaker Battlogue HG 1/144 Blazing Gundam Plastic Model,44.96,,,USD,New,https://www.plazajapan.com/4573102620279,https://cdn11.bigcommerce.com/s-89ffd/products/94363/images/345648/4573102620279_557750b85b0a41ec7d954990764d88e7__15167.1639384152.350.350.jpg?c=2
gundam,model_kit,Plaza Japan,retailer,,Bandai Gundam Decal RG For MSZ-006 Zeta Gundam,45.93,,,USD,New,https://www.plazajapan.com/4573102575265,https://cdn11.bigcommerce.com/s-89ffd/products/98516/images/325826/4573102575265_eb0b54b1044fca18a5d65dd21c7ac2d2__59343.1630295300.350.350.jpg?c=2
gundam,model_kit,Plaza Japan,retailer,,Bandai Gundam Breaker Battlogue HG 1/144 Gundam OO Command Qan[T] Plastic Model,34.68,,,USD,New,https://www.plazajapan.com/4573102620286,https://cdn11.bigcommerce.com/s-89ffd/products/99784/images/352214/4573102620286_2accd1214e3ae655f34d9f3c59d4292c__95619.1642042204.350.350.jpg?c=2
gundam,model_kit,Plaza Japan,retailer,,Bandai Gundam Universe XXXG-01S Shenlong Gundam Figure,39.94,,,USD,New,https://www.plazajapan.com/4573102632760,https://cdn11.bigcommerce.com/s-89ffd/products/105273/images/391980/4573102632760_0691b4eb81b48edd8d17451033418184__43096.1656044095.350.350.jpg?c=2
gundam,model_kit,Plaza Japan,retailer,,Bandai Gundam Universe MSN-04 Sazabi Figure,62.05,,,USD,New,https://www.plazajapan.com/4573102632906,https://cdn11.bigcommerce.com/s-89ffd/products/105275/images/392035/4573102632906_6c39a52d68bbd26ef0bb8665977dbdd2__60612.1656044301.350.350.jpg?c=2
gundam,model_kit,Plaza Japan,retailer,,Bandai Gundam Universe GN-0000+GNR-010 00 RAISER 'Mobile Suit' (Gundam 00),54.15,,,USD,New,https://www.plazajapan.com/4573102637871,https://cdn11.bigcommerce.com/s-89ffd/products/109573/images/373655/4573102637871_f6c42c23b9a6df60157417bc066ea66c__66839.1649925919.350.350.jpg?c=2
gundam,model_kit,Plaza Japan,retailer,,Bandai Gundam Universe OZ-06MS LEO 'Mobile Suit Gundam Wing' Figure (Gundam W),36.13,,,USD,New,https://www.plazajapan.com/4573102637864,https://cdn11.bigcommerce.com/s-89ffd/products/109574/images/373666/4573102637864_ea7679bdb365441a66eb5e72c1947fdc__94391.1649926006.350.350.jpg?c=2
gundam,model_kit,Plaza Japan,retailer,,Bandai Gundam Universe RX-78GP01Fb Gundam Full Burnern (Mobile Suit Gundam 0083: STARDUST MEMORY),55.26,,,USD,New,https://www.plazajapan.com/4573102637857,https://cdn11.bigcommerce.com/s-89ffd/products/109575/images/413167/4573102637857_d6a4ca7579a23d73cceca6e11b685e79__94871.1663818200.350.350.jpg?c=2
gundam,model_kit,Plaza Japan,retailer,,Bandai Gundam Decal No.121 for 1/144 Gundam AGE Multiuse (1),8.29,,,USD,New,https://www.plazajapan.com/4573102619853,https://cdn11.bigcommerce.com/s-89ffd/products/109904/images/374602/4573102619853_554fa13734fc271cdce5f46ea42ba3bd__89902.1650258805.350.350.jpg?c=2
gundam,model_kit,Plaza Japan,retailer,,Bandai Gundam Decal No.129 for 1/144 Nightingale,2.95,,,USD,New,https://www.plazajapan.com/4573102621627,https://cdn11.bigcommerce.com/s-89ffd/products/109905/images/374603/4573102621627_55468cac8bcfda6de6feafe0b8cdbf5d__79309.1650259000.350.350.jpg?c=2
gundam,model_kit,Plaza Japan,retailer,,Bandai Gundam Decal No.122 for 1/144 Mobile Suit Gundam Hathaway Multiuse (1),20.72,,,USD,New,https://www.plazajapan.com/4573102619860,https://cdn11.bigcommerce.com/s-89ffd/products/112934/images/428602/4573102619860_838fa048bc90453a78ac27c3bd0fcefc__88216.1668556225.350.350.jpg?c=2
gundam,model_kit,Plaza Japan,retailer,,Bandai Gundam Decal No.131 for RG 1/144 Zeong,2.95,,,USD,New,https://www.plazajapan.com/4573102621641,https://cdn11.bigcommerce.com/s-89ffd/products/112977/images/409312/4573102621641_2f5374a74fc7fd8281caa63efcaaa368__34853.1662520730.350.350.jpg?c=2
gundam,model_kit,Plaza Japan,retailer,,Bandai Gundam Decal No.126 for RG 1/144 Sazabi,14.37,,,USD,New,https://www.plazajapan.com/4573102619907,https://cdn11.bigcommerce.com/s-89ffd/products/113735/images/409314/4573102619907_39710debdba8e3074bb2cee4d70681f2__75554.1662520815.350.350.jpg?c=2
gundam,model_kit,Plaza Japan,retailer,,Bandai Gundam Universe ASW-G-08 Gundam Barbatos Lupus Rex (Mobile Suit Gundam: Iron-Blooded Orphans),71.03,,,USD,New,https://www.plazajapan.com/4573102649973,https://cdn11.bigcommerce.com/s-89ffd/products/126846/images/448138/4573102649973_224f1d67b06c5be6f8c0bfcd8c1a1fe0__64679.1676009548.350.350.jpg?c=2
gundam,model_kit,Plaza Japan,retailer,,Bandai Gundam Universe XVX-016 Gundam Aerial (Mobile Suit Gundam: the Witch from Mercury),34.93,,,USD,New,https://www.plazajapan.com/4573102649966,https://cdn11.bigcommerce.com/s-89ffd/products/126847/images/448144/4573102649966_24abdaf40d4570e290ccba86165eae78__70704.1676009857.350.350.jpg?c=2
gundam,model_kit,Plaza Japan,retailer,,Bandai Gundam Universe GF13-017 NJ Shining Gundam (G Gundam),49.97,,,USD,New,https://www.plazajapan.com/4573102649942,https://cdn11.bigcommerce.com/s-89ffd/products/126849/images/448159/4573102649942_442180c8150749c497d4b2f3420aecbd__80761.1676011169.350.350.jpg?c=2
gundam,model_kit,Plaza Japan,retailer,,Bandai Gundam Universe OZ-00MS2 Tall Geese II (Gundam Wing),39.29,,,USD,New,https://www.plazajapan.com/4573102649959,https://cdn11.bigcommerce.com/s-89ffd/products/126850/images/448166/4573102649959_ab390a4629857f5c9706aea168168cd1__31646.1676011402.350.350.jpg?c=2
gundam,model_kit,Plaza Japan,retailer,,Bandai Gundam Universe ZGMF-X20A STRIKE FREEDOM GUNDAM (Gundam SEED Destiny),43.67,,,USD,New,https://www.plazajapan.com/4573102640260,https://cdn11.bigcommerce.com/s-89ffd/products/129226/images/459150/4573102640260_5c8ac57da2e2e55690d63966104b2b56__12402.1680852947.350.350.jpg?c=2
gundam,model_kit,Plaza Japan,retailer,,Bandai Gundam Universe RX-0 UNICORN GUNDAM - AWAKENED - (Gundam Unicorn),66.68,,,USD,New,https://www.plazajapan.com/4573102640031,https://cdn11.bigcommerce.com/s-89ffd/products/129227/images/459157/4573102640031_b9d879d26887cb2c734993072629ea85__62822.1680853174.350.350.jpg?c=2
gundam,model_kit,Plaza Japan,retailer,,Bandai Gundam Decal No.134 for 1/144 Gundam: The Witch from Mercury Multiuse (2),5.66,,,USD,New,https://www.plazajapan.com/4573102650825,https://cdn11.bigcommerce.com/s-89ffd/products/129531/images/460194/4573102650825_deb766918ea26cfcb97198c8e469fbfd__38640.1681346517.350.350.jpg?c=2
gundam,model_kit,Plaza Japan,retailer,,Bandai GUNDAM UNIVERSE RX-0[N] UNICORN GUNDAM 02 BANSHEE NORN (Gundam Unicorn),61.84,,,USD,New,https://www.plazajapan.com/4573102661852,https://cdn11.bigcommerce.com/s-89ffd/products/138190/images/496481/4573102661852_7c0ab74764ca942e73a9fea69d75eff3__13312.1699421565.350.350.jpg?c=2
gundam,model_kit,Plaza Japan,retailer,,Bandai GUNDAM UNIVERSE X-EX01 GUNDAM CALIBARN (Gundam: The Witch from Mercury),35.24,,,USD,New,https://www.plazajapan.com/4573102661869,https://cdn11.bigcommerce.com/s-89ffd/products/138192/images/496492/4573102661869_dc714beb594ed741b2dca7f0477481c8__37190.1699421781.350.350.jpg?c=2
gundam,model_kit,Plaza Japan,retailer,,Bandai GUNDAM UNIVERSE Gundam EX (Gundam: Requiem for Vengeance),45.12,,,USD,New,https://www.plazajapan.com/4573102662170,https://cdn11.bigcommerce.com/s-89ffd/products/144937/images/687989/bandai-gundam-universe-gundam-ex-gundam-requiem-for-vengeance__10454.1737951943.350.350.jpg?c=2
gundam,model_kit,Plaza Japan,retailer,,Bandai GUNDAM UNIVERSE ZGMF/A-262B Strike Freedom Gundam Type II (Gundam SEED Freedom),37.06,,,USD,New,https://www.plazajapan.com/4573102664235,https://cdn11.bigcommerce.com/s-89ffd/products/146370/images/699687/bandai-gundam-universe-zgmfa-262b-strike-freedom-gundam-type-ii-gundam-seed-freedom__91011.1738574616.350.350.jpg?c=2
gundam,model_kit,Plaza Japan,retailer,,Bandai GUNDAM UNIVERSE MBF-P02 Gundam Astray Red Frame (Gundam SEED Astray),35.93,,,USD,New,https://www.plazajapan.com/4573102664242,https://cdn11.bigcommerce.com/s-89ffd/products/146371/images/687974/bandai-gundam-universe-mbf-p02-gundam-astray-red-frame-gundam-seed-astray__95457.1737951928.350.350.jpg?c=2
gundam,model_kit,Plaza Japan,retailer,,Bandai GUNDAM UNIVERSE ASW-G-08 Gundam Barbatos Lupus (Mobile Suit Gundam: Iron-Blooded Orphans),45.96,,,USD,New,https://www.plazajapan.com/4573102664228,https://cdn11.bigcommerce.com/s-89ffd/products/146372/images/692249/bandai-gundam-universe-asw-g-08-gundam-barbatos-lupus-mobile-suit-gundam-iron-blooded-orphans__22717.1737958604.350.350.jpg?c=2
gundam,model_kit,Plaza Japan,retailer,,Bandai Gundam Option Parts Gunpla 08 (Bolden Arm Arms) (Gundam),7.84,,,USD,New,https://www.plazajapan.com/4573102671448,https://cdn11.bigcommerce.com/s-89ffd/products/154223/images/675346/bandai-gundam-option-parts-gunpla-08-bolden-arm-arms-gundam__26250.1737731308.350.350.jpg?c=2
gundam,model_kit,Plaza Japan,retailer,,Bandai Gundam Option Parts Gunpla 09 (Giant Gatling) (Gundam),9.9,,,USD,New,https://www.plazajapan.com/4573102671479,https://cdn11.bigcommerce.com/s-89ffd/products/154224/images/670814/bandai-gundam-option-parts-gunpla-09-giant-gatling-gundam__07141.1737724062.350.350.jpg?c=2
gundam,model_kit,Plaza Japan,retailer,,Bandai Gundam Option Parts Gunpla 10 (Galaxy Booster) (Gundam),8.36,,,USD,New,https://www.plazajapan.com/4573102671486,https://cdn11.bigcommerce.com/s-89ffd/products/154225/images/661144/bandai-gundam-option-parts-gunpla-10-galaxy-booster-gundam__72695.1737708699.350.350.jpg?c=2
gundam,model_kit,Plaza Japan,retailer,,Bandai Gundam Option Parts Gunpla 07 (Powered Arms Powereder) (Gundam),16.71,,,USD,New,https://www.plazajapan.com/4573102671462,https://cdn11.bigcommerce.com/s-89ffd/products/154226/images/674576/bandai-gundam-option-parts-gunpla-07-powered-arms-powereder-gundam__93606.1737730078.350.350.jpg?c=2
gundam,model_kit,Plaza Japan,retailer,,Bandai Gundam Option Parts Set 04 1/144 Build Hands Round Shape Plastic Model (Gundam SEED),7.46,,,USD,New,https://www.plazajapan.com/4573102667069,https://cdn11.bigcommerce.com/s-89ffd/products/154227/images/662025/bandai-gundam-option-parts-set-04-1144-build-hands-round-shape-plastic-model-gundam-seed__82252.1737710113.350.350.jpg?c=2
gundam,model_kit,Plaza Japan,retailer,,Bandai Gundam Option Parts Gunpla 05 (Universe Booster Plavsky Power Gate) (Gundam),11.83,,,USD,New,https://www.plazajapan.com/4573102671424,https://cdn11.bigcommerce.com/s-89ffd/products/154229/images/683323/bandai-gundam-option-parts-gunpla-05-universe-booster-plavsky-power-gate-gundam__41418.1737744135.350.350.jpg?c=2
gundam,model_kit,Plaza Japan,retailer,,Bandai Gundam Option Parts Gunpla 06 (Valuable Pod) (Gundam),8.81,,,USD,New,https://www.plazajapan.com/4573102671431,https://cdn11.bigcommerce.com/s-89ffd/products/154230/images/663108/bandai-gundam-option-parts-gunpla-06-valuable-pod-gundam__91868.1737711762.350.350.jpg?c=2
gundam,model_kit,Plaza Japan,retailer,,Bandai Gundam Option Parts Gunpla 11 (Barbatos Smoothbore Gun) (Gundam),13.35,,,USD,New,https://www.plazajapan.com/4573102671523,https://cdn11.bigcommerce.com/s-89ffd/products/155697/images/642259/bandai-gundam-option-parts-gunpla-11-barbatos-smoothbore-gun-gundam__87989.1737449063.350.350.jpg?c=2
gundam,model_kit,Plaza Japan,retailer,,Bandai GUNDAM UNIVERSE Zaku II (Unidentified Type) Solari (Gundam: Requiem for Vengeance),35.68,,,USD,New,https://www.plazajapan.com/4573102667571,https://cdn11.bigcommerce.com/s-89ffd/products/155811/images/675706/bandai-gundam-universe-zaku-ii-unidentified-type-solari-gundam-requiem-for-vengeance__50416.1737731931.350.350.jpg?c=2
gundam,model_kit,Plaza Japan,retailer,,Bandai Gundam Option Parts Gunpla 13 (Battle Arm Arms),10.85,,,USD,New,https://www.plazajapan.com/4573102674296,https://cdn11.bigcommerce.com/s-89ffd/products/164733/images/629292/bandai-gundam-option-parts-gunpla-13-battle-arm-arms__46743.1737080810.350.350.jpg?c=2
gundam,model_kit,Plaza Japan,retailer,,Bandai GUNDAM UNIVERSE XXXG-00W0 Wing Gundam Zero (Mobile Suit Gundam Wing),30.75,,,USD,New,https://www.plazajapan.com/4573102675279,https://cdn11.bigcommerce.com/s-89ffd/products/167481/images/618586/bandai-gundam-universe-xxxg-00w0-wing-gundam-zero-mobile-suit-gundam-wing__86328.1736919369.350.350.jpg?c=2
gundam,model_kit,Plaza Japan,retailer,,Bandai Gundam Decal No.139 (Mobile Suit Gundam GQuuuuuuX),5.26,,,USD,New,https://www.plazajapan.com/4573102686916,https://cdn11.bigcommerce.com/s-89ffd/products/175558/images/750335/4573102686916_4a09f7ea218c11f87aea5675526af223__23672.1746682793.350.350.jpg?c=2
gundam,model_kit,Plaza Japan,retailer,,Bandai Gundam Decal No. 140 (Mobile Suit Gundam GQuuuuuuX),5.27,,,USD,New,https://www.plazajapan.com/4573102686923,https://cdn11.bigcommerce.com/s-89ffd/products/175559/images/750337/4573102686923_3389bdc80195063d89e4a5e901be89de__30562.1746682843.350.350.jpg?c=2
gundam,model_kit,Plaza Japan,retailer,,Bandai Gundam Decal No. 141 (Gundam SEED Freedom),9.64,,,USD,New,https://www.plazajapan.com/4573102688767,https://cdn11.bigcommerce.com/s-89ffd/products/175560/images/750339/4573102688767_fa383029059a0e5a62880f14ce9adb94__00251.1746682934.350.350.jpg?c=2
gundam,model_kit,Plaza Japan,retailer,,Bandai Gundam Universe gMS GQuuuuuuX Figure (Mobile Suit Gundam GQuuuuuuX),21.57,,,USD,New,https://www.plazajapan.com/4573102687678,https://cdn11.bigcommerce.com/s-89ffd/products/178357/images/778342/bandai-gundam-universe-gms-w-gquuuuuux-figure-mobile-suit-gundam-gquuuuuux__80804.1776663486.350.350.jpg?c=2
gundam,model_kit,Plaza Japan,retailer,,Bandai Gundam Option Parts Set Gunpla 16 (Meteor Hopper) Plastic Model,4.2,,,USD,New,https://www.plazajapan.com/4573102685681,https://cdn11.bigcommerce.com/s-89ffd/products/179232/images/779802/bandai-gundam-option-parts-set-gunpla-16-meteor-hopper-plastic-model__59872.1750386398.350.350.jpg?c=2
gundam,cards,Plaza Japan,retailer,,Bandai Gundam Card Game Start Deck GUNDAM ASSEMBLE Set Heroic Beginnings [ST01A],12.86,,,USD,New,https://www.plazajapan.com/4582769843624,https://cdn11.bigcommerce.com/s-89ffd/products/180553/images/789055/bandai-gundam-card-game-start-deck-gundam-assemble-set-heroic-beginnings-st01a__26500.1752804317.350.350.jpg?c=2
gundam,cards,Plaza Japan,retailer,,Bandai Gundam Card Game Start Deck GUNDAM ASSEMBLE Set Wings of Advance [ST02A],18.8,,,USD,New,https://www.plazajapan.com/4582769843648,https://cdn11.bigcommerce.com/s-89ffd/products/180554/images/789835/bandai-gundam-card-game-start-deck-gundam-assemble-set-wings-of-advance-st02a__32890.1752805543.350.350.jpg?c=2
gundam,cards,Plaza Japan,retailer,,Bandai Gundam Card Game Start Deck GUNDAM ASSEMBLE Set Zeon's Rush [ST03A],29.08,,,USD,New,https://www.plazajapan.com/4582769843662,https://cdn11.bigcommerce.com/s-89ffd/products/180555/images/793875/bandai-gundam-card-game-start-deck-gundam-assemble-set-zeons-rush-st03a__33735.1752811706.350.350.jpg?c=2
gundam,cards,Plaza Japan,retailer,,Bandai Gundam Card Game Start Deck GUNDAM ASSEMBLE Set SEED Strike [ST04A],15.04,,,USD,New,https://www.plazajapan.com/4582769843686,https://cdn11.bigcommerce.com/s-89ffd/products/180556/images/791698/bandai-gundam-card-game-start-deck-gundam-assemble-set-seed-strike-st04a__21958.1752808373.350.350.jpg?c=2
gundam,cards,Plaza Japan,retailer,,Bandai Gundam Card Game Ultimate Deck - Destiny Ignition [ST09],89.35,,,USD,New,https://www.plazajapan.com/4582769982071,https://cdn11.bigcommerce.com/s-89ffd/products/202872/images/926880/bandai-gundam-card-game-ultimate-deck-destiny-ignition-st09__37624.1776485478.350.350.jpg?c=2
gundam,model_kit,Plaza Japan,retailer,,FW Gundam Converge #30 Full Box,41.16,,,USD,New,https://www.plazajapan.com/4570117928758,https://cdn11.bigcommerce.com/s-89ffd/products/206936/images/948316/4570117928758_121ce3f853ee75d754cfcc39bf4ddf80__23138.1779347344.350.350.png?c=2
gundam,model_kit,Plaza Japan,retailer,,Bandai MG Gundam Deathscythe Hell Endless Walz XXXG-01D2 1/100 Scale Kit,81.89,,,USD,New,https://www.plazajapan.com/4573102615886,https://cdn11.bigcommerce.com/s-89ffd/products/1411/images/2520/4543112670786_a__57268.1298635601.350.350.jpg?c=2
gundam,model_kit,Plaza Japan,retailer,,Bandai MG Gundam Age-1 Normal 1/100 Scale Kit,41.36,,,USD,New,https://www.plazajapan.com/4573102628428,https://cdn11.bigcommerce.com/s-89ffd/products/4245/images/10186/1__72462.1626248547.350.350.jpg?c=2
gundam,model_kit,Gundam Planet,retailer,us,MGEX ZGMF-X20A Strike Freedom Gundam,184.95,,,USD,New,https://www.gundamplanet.com/products/mgex-zgmf-x20a-strike-freedom-gundam?_pos=1&_sid=ea4878578&_ss=r&_fid=d80466061,https://www.gundamplanet.com/cdn/shop/files/mgex-zgmf-x20a-strike-freedom-gundam-gp.jpg?v=1737709982&width=533
gundam,model_kit,Gundam Planet,retailer,us,HG Gundam Aerial,18.95,,,USD,New,https://www.gundamplanet.com/products/hg-gundam-aerial?_pos=2&_sid=ea4878578&_ss=r&_fid=d80466061,https://www.gundamplanet.com/cdn/shop/files/hg-gundam-aerial-gp.jpg?v=1737712893&width=533
gundam,model_kit,Gundam Planet,retailer,us,Entry Grade RX-78-2 Gundam,9.95,,,USD,New,https://www.gundamplanet.com/products/entry-grade-rx-78-2-gundam?_pos=3&_sid=ea4878578&_ss=r&_fid=d80466061,https://www.gundamplanet.com/cdn/shop/files/eg-rx-78-2-gundam-gpr.jpg?v=1737683082&width=533
gundam,model_kit,Gundam Planet,retailer,us,HG RX-78-02 Gundam (Gundam The Origin Ver.),32.95,,,USD,New,https://www.gundamplanet.com/products/hg-rx-78-02-gundam-gundam-the-origin-ver?_pos=4&_sid=ea4878578&_ss=r&_fid=d80466061,https://www.gundamplanet.com/cdn/shop/files/hg-gundam-the-origin-ver-gp.jpg?v=1737680628&width=533
gundam,model_kit,Gundam Planet,retailer,us,HGUC AMS-123X-X Moon Gundam,42.95,,,USD,New,https://www.gundamplanet.com/products/hguc-ams-123x-x-moon-gundam?_pos=5&_sid=ea4878578&_ss=r&_fid=d80466061,https://www.gundamplanet.com/cdn/shop/files/hguc-moon-gundam-gp.jpg?v=1737673129&width=533
gundam,model_kit,Gundam Planet,retailer,us,MG XXXG-01H Gundam Heavyarms EW Ver.,44.95,,,USD,New,https://www.gundamplanet.com/products/mg-xxxg-01h-gundam-heavyarms-ew-ver?_pos=6&_sid=ea4878578&_ss=r&_fid=d80466061,https://www.gundamplanet.com/cdn/shop/files/mg-xxxg-01h-gundam-heavyarms-ew-ver-00.jpg?v=1737661433&width=533
gundam,model_kit,Gundam Planet,retailer,us,1/100 Full Mechanics Gundam Aerial,54.95,,,USD,New,https://www.gundamplanet.com/products/full-mechanics-1-100-gundam-aerial?_pos=7&_sid=ea4878578&_ss=r&_fid=d80466061,https://www.gundamplanet.com/cdn/shop/files/full-mechanics-1-100-gundam-aerial-gp.jpg?v=1737713337&width=533
gundam,model_kit,Gundam Planet,retailer,us,PG Unleashed RX-93 Nu Gundam,689.95,,,USD,New,https://www.gundamplanet.com/products/pg-unleashed-rx-93-nu-gundam?_pos=8&_sid=ea4878578&_ss=r&_fid=d80466061,https://www.gundamplanet.com/cdn/shop/files/pg-unleashed-rx-93-nu-gundam-base2.jpg?v=1769728142&width=533
gundam,model_kit,Gundam Planet,retailer,us,RG RX-93-2 Hi-Nu Gundam,62.95,,,USD,New,https://www.gundamplanet.com/products/rg-rx-93-2-hi-nu-gundam?_pos=9&_sid=ea4878578&_ss=r&_fid=d80466061,https://www.gundamplanet.com/cdn/shop/files/rg-rx-93-2-hi-nu-gundam-gp.jpg?v=1737691601&width=533
gundam,model_kit,Gundam Planet,retailer,us,MG RX-78-2 Gundam Ver 3.0,62.95,,,USD,New,https://www.gundamplanet.com/products/mg-rx-78-2-gundam-ver-3-0?_pos=10&_sid=ea4878578&_ss=r&_fid=d80466061,https://www.gundamplanet.com/cdn/shop/files/mg-rx-78-2-gundam-ver-3-0-00_1.jpg?v=1737662037&width=533
gundam,model_kit,Gundam Planet,retailer,us,1/144 RX-78F00/E Gundam (EX-001 G.L.R.S.S. Feather Unit),46.95,,,USD,New,https://www.gundamplanet.com/products/1-144-rx-78f00-e-gundam-ex-001-g-l-r-s-s-feather-unit?_pos=11&_sid=ea4878578&_ss=r&_fid=d80466061,https://www.gundamplanet.com/cdn/shop/files/1-144-rx-78f00-e-gundam-ex-001-g-l-r-s-s-feather-unit-base.jpg?v=1763661827&width=533
gundam,model_kit,Gundam Planet,retailer,us,PG RX-0 Unicorn Gundam,260.95,,,USD,New,https://www.gundamplanet.com/products/pg-rx-0-unicorn-gundam?_pos=12&_sid=ea4878578&_ss=r&_fid=d80466061,https://www.gundamplanet.com/cdn/shop/files/pg-rx-0-unicorn-gundam-00.jpg?v=1737663317&width=533
gundam,model_kit,Gundam Planet,retailer,us,MGSD Gundam Aerial,50.95,,,USD,New,https://www.gundamplanet.com/products/mgsd-gundam-aerial?_pos=13&_sid=ea4878578&_ss=r&_fid=d80466061,https://www.gundamplanet.com/cdn/shop/files/mgsd-gundam-aerial-base2.jpg?v=1755541555&width=533
gundam,model_kit,Gundam Planet,retailer,us,MG ASW-G-08 Gundam Barbatos Lupus,84.95,,,USD,New,https://www.gundamplanet.com/products/mg-asw-g-08-gundam-barbatos-lupus?_pos=14&_sid=ea4878578&_ss=r&_fid=d80466061,https://www.gundamplanet.com/cdn/shop/files/mg-asw-g-08-gundam-barbatos-lupus-base.jpg?v=1763409928&width=533
gundam,model_kit,Gundam Planet,retailer,us,PG ZGMF-X20A Strike Freedom Gundam,324.95,,,USD,New,https://www.gundamplanet.com/products/pg-zgmf-x20a-strike-freedom-gundam?_pos=15&_sid=ea4878578&_ss=r&_fid=d80466061,https://www.gundamplanet.com/cdn/shop/files/pg-zgmf-x20a-strike-freedom-gundam-gp.jpg?v=1737660523&width=533
gundam,model_kit,Gundam Planet,retailer,us,RG RX-0 Unicorn Gundam,52.95,,,USD,New,https://www.gundamplanet.com/products/rg-rx-0-unicorn-gundam?_pos=16&_sid=ea4878578&_ss=r&_fid=d80466061,https://www.gundamplanet.com/cdn/shop/files/rg-rx-0-unicorn-gundam-00.jpg?v=1737669356&width=533
gundam,model_kit,Gundam Planet,retailer,us,RG ZGMF-X42S Destiny Gundam,30.95,,,USD,New,https://www.gundamplanet.com/products/rg-zgmf-x42s-destiny-gundam?_pos=17&_sid=ea4878578&_ss=r&_fid=d80466061,https://www.gundamplanet.com/cdn/shop/files/rg-zgmf-x42s-destiny-gundam-00.jpg?v=1737661900&width=533
gundam,model_kit,Gundam Planet,retailer,us,MG RX-93-2 Hi-Nu Gundam Ver.Ka,90.95,,,USD,New,https://www.gundamplanet.com/products/mg-rx-93-2-hi-nu-gundam-ver-ka?_pos=18&_sid=ea4878578&_ss=r&_fid=d80466061,https://www.gundamplanet.com/cdn/shop/files/mg-rx-93-2-hi-nu-gundam-ver-ka-00_1.jpg?v=1737663005&width=533
gundam,model_kit,Gundam Planet,retailer,us,HG Gundam Aerial Rebuild,24.95,,,USD,New,https://www.gundamplanet.com/products/hg-gundam-aerial-rebuild?_pos=19&_sid=ea4878578&_ss=r&_fid=d80466061,https://www.gundamplanet.com/cdn/shop/files/hg-gundam-aerial-rebuild-gp.jpg?v=1737714568&width=533
gundam,model_kit,Gundam Planet,retailer,us,RG GF13-017NJ Shining Gundam,42.95,,,USD,New,https://www.gundamplanet.com/products/rg-gf13-017nj-shining-gundam?_pos=20&_sid=ea4878578&_ss=r&_fid=d80466061,https://www.gundamplanet.com/cdn/shop/files/rg-gf13-017nj-shining-gundam-base.jpg?v=1750793537&width=533
gundam,model_kit,Gundam Planet,retailer,us,HGAC XXXG-00W0 Wing Gundam Zero,20.95,,,USD,New,https://www.gundamplanet.com/products/hgac-xxxg-00w0-wing-gundam-zero?_pos=21&_sid=ea4878578&_ss=r&_fid=d80466061,https://www.gundamplanet.com/cdn/shop/files/hgac-xxxg-00w0-wing-gundam-zero-00.jpg?v=1737662366&width=533
gundam,model_kit,Gundam Planet,retailer,us,RG GF13-017NJII God Gundam (Burning Gundam),50.95,,,USD,New,https://www.gundamplanet.com/products/rg-gf13-017njii-god-gundam?_pos=22&_sid=ea4878578&_ss=r&_fid=d80466061,https://www.gundamplanet.com/cdn/shop/files/rg-gf13-017njii-god-gundam-gp.jpg?v=1737702404&width=533
gundam,model_kit,Gundam Planet,retailer,us,RG XXXG-00W0 Wing Gundam Zero,54.95,,,USD,New,https://www.gundamplanet.com/products/rg-xxxg-00w0-wing-gundam-zero?_pos=23&_sid=ea4878578&_ss=r&_fid=d80466061,https://www.gundamplanet.com/cdn/shop/files/rg-xxxg-00w0-wing-gundam-zero-base.jpg?v=1758835725&width=533
gundam,model_kit,Gundam Planet,retailer,us,MG ZGMF-X10A Freedom Gundam Ver 2.0,60.95,,,USD,New,https://www.gundamplanet.com/products/mg-zgmf-x10a-freedom-gundam-ver-2-0?_pos=24&_sid=ea4878578&_ss=r&_fid=d80466061,https://www.gundamplanet.com/cdn/shop/files/mg-zgmf-x10a-freedom-gundam-ver-2-0-00_1.jpg?v=1737664278&width=533
gundam,model_kit,Gundam Planet,retailer,us,HGAC XXXG-01D2 Gundam Deathscythe Hell,28.95,,,USD,New,https://www.gundamplanet.com/products/hgac-xxxg-01d2-gundam-deathscythe-hell?_pos=25&_sid=ea4878578&_ss=r&_fid=d80466061,https://www.gundamplanet.com/cdn/shop/files/hgac-xxxg-01d2-gundam-deathscythe-hell-gp.jpg?v=1741724976&width=533
gundam,model_kit,Gundam Planet,retailer,us,Metal Build Freedom Gundam Concept 2,350.95,,,USD,New,https://www.gundamplanet.com/products/metal-build-freedom-gundam-concept-2?_pos=26&_sid=ea4878578&_ss=r&_fid=d80466061,https://www.gundamplanet.com/cdn/shop/files/metal-build-freedom-gundam-concept-2.jpg?v=1754076343&width=533
gundam,model_kit,Gundam Planet,retailer,us,MGSD Freedom Gundam,54.95,,,USD,New,https://www.gundamplanet.com/products/mgsd-freedom-gundam?_pos=27&_sid=ea4878578&_ss=r&_fid=d80466061,https://www.gundamplanet.com/cdn/shop/files/mgsd-freedom-gundam-gp.jpg?v=1737713039&width=533
gundam,model_kit,Gundam Planet,retailer,us,SD Gundam EX-Standard RX-78-2 Gundam / Hello Kitty Set,32.95,,,USD,New,https://www.gundamplanet.com/products/sd-gundam-ex-standard-rx-78-2-gundam-hello-kitty-set?_pos=28&_sid=ea4878578&_ss=r&_fid=d80466061,https://www.gundamplanet.com/cdn/shop/files/sdex-gundam-gundam-hello-kitty-set-gp.jpg?v=1737679324&width=533
gundam,model_kit,Gundam Planet,retailer,us,HGUC MRX-009 Psycho Gundam,68.95,,,USD,New,https://www.gundamplanet.com/products/hguc-mrx-009-psycho-gundam?_pos=29&_sid=ea4878578&_ss=r&_fid=d80466061,https://www.gundamplanet.com/cdn/shop/files/hguc-mrx-009-psycho-gundam-gp.jpg?v=1737658783&width=533
gundam,model_kit,Gundam Planet,retailer,us,Metal Robot Spirits Wing Gundam Zero,149.95,,,USD,New,https://www.gundamplanet.com/products/metal-robot-spirits-wing-gundam-zero?_pos=30&_sid=ea4878578&_ss=r&_fid=d80466061,https://www.gundamplanet.com/cdn/shop/files/metal-robot-spirits-wing-gundam-zero-00.jpg?v=1737695765&width=533
gundam,model_kit,Gundam Planet,retailer,us,MG XXXG-01W Wing Gundam EW Ver.,42.95,,,USD,New,https://www.gundamplanet.com/products/mg-xxxg-01w-wing-gundam-ew-ver?_pos=31&_sid=ea4878578&_ss=r&_fid=d80466061,https://www.gundamplanet.com/cdn/shop/files/mg-xxxg-01w-wing-gundam-ew-ver-gp.jpg?v=1737660805&width=533
gundam,model_kit,Gundam Planet,retailer,us,HG Gundam G-Self (Atmospheric Pack Equipped),22.95,,,USD,New,https://www.gundamplanet.com/products/hg-gundam-g-self-atmospheric-pack-equipped?_pos=32&_sid=ea4878578&_ss=r&_fid=d80466061,https://www.gundamplanet.com/cdn/shop/files/hg-gundam-g-self-atmospheric-pack-equipped-00.jpg?v=1737663124&width=533
gundam,model_kit,Gundam Planet,retailer,us,HGAC XXXG-01D Gundam Deathscythe,20.95,,,USD,New,https://www.gundamplanet.com/products/hgac-xxxg-01d-gundam-deathscythe?_pos=33&_sid=ea4878578&_ss=r&_fid=d80466061,https://www.gundamplanet.com/cdn/shop/files/hgac-xxxg-01d-gundam-deathscythe-gp.jpg?v=1737689398&width=533
gundam,model_kit,Gundam Planet,retailer,us,HGCE ZGMF-X666S Legend Gundam,36.95,,,USD,New,https://www.gundamplanet.com/products/hgce-zgmf-x666s-legend-gundam?_pos=34&_sid=ea4878578&_ss=r&_fid=d80466061,https://www.gundamplanet.com/cdn/shop/files/hgce-zgmf-x666s-legend-gundam-base.jpg?v=1769453714&width=533
gundam,model_kit,Gundam Planet,retailer,us,Metal Build Strike Freedom Gundam Revival Ver.,350.95,,,USD,New,https://www.gundamplanet.com/products/metal-build-strike-freedom-gundam-revival-ver?_pos=35&_sid=ea4878578&_ss=r&_fid=d80466061,https://www.gundamplanet.com/cdn/shop/files/metal-build-strike-freedom-gundam-revival-ver1.jpg?v=1772591771&width=533
gundam,model_kit,Gundam Planet,retailer,us,HGFC GF13-001NHII Master Gundam & Fuun Saiki,36.95,,,USD,New,https://www.gundamplanet.com/products/hgfc-gf13-001nhii-master-gundam-fuun-saiki?_pos=36&_sid=ea4878578&_ss=r&_fid=d80466061,https://www.gundamplanet.com/cdn/shop/files/hgfc-gf13-001nhii-master-gundam-fuun-saiki-00.jpg?v=1737661155&width=533
gundam,model_kit,Gundam Planet,retailer,us,HG Gundam Lfrith,22.95,,,USD,New,https://www.gundamplanet.com/products/hg-gundam-lfrith?_pos=37&_sid=ea4878578&_ss=r&_fid=d80466061,https://www.gundamplanet.com/cdn/shop/files/hg-gundam-lfrith-gp3.jpg?v=1737711066&width=533
gundam,model_kit,Gundam Planet,retailer,us,1/144 RX-78F00/E Gundam (EX-001 G.L.R.S.S. Feather Unit) Chemical Recycle Ver.,46.95,,,USD,New,https://www.gundamplanet.com/products/1-144-rx-78f00-e-gundam-ex-001-g-l-r-s-s-feather-unit-chemical-recycle-ver?_pos=38&_sid=ea4878578&_ss=r&_fid=d80466061,https://www.gundamplanet.com/cdn/shop/files/1-144-rx-78f00-e-gundam-ex-001-g-l-r-s-s-feather-unit-chemical-recycle-ver-base2.jpg?v=1763662521&width=533
gundam,model_kit,Gundam Planet,retailer,us,MG MSZ-010 ZZ Gundam Ver.Ka,78.95,,,USD,New,https://www.gundamplanet.com/products/mg-msz-010-zz-gundam-ver-ka?_pos=39&_sid=ea4878578&_ss=r&_fid=d80466061,https://www.gundamplanet.com/cdn/shop/files/mg-msz-010-zz-gundam-ver-ka-00.jpg?v=1737669692&width=533
gundam,model_kit,Gundam Planet,retailer,us,MG FA-78-1 Full Armor Gundam,68.95,,,USD,New,https://www.gundamplanet.com/products/mg-fa-78-1-full-armor-gundam?_pos=40&_sid=ea4878578&_ss=r&_fid=d80466061,https://www.gundamplanet.com/cdn/shop/files/mg-fa-78-1-full-armor-gundam-00.jpg?v=1737660003&width=533
gundam,model_kit,Gundam Planet,retailer,us,HG Shin Burning Gundam,34.95,,,USD,New,https://www.gundamplanet.com/products/hg-shin-burning-gundam?_pos=41&_sid=ea4878578&_ss=r&_fid=d80466061,https://www.gundamplanet.com/cdn/shop/files/hg-shin-burning-gundam-gp.jpg?v=1737724482&width=533
gundam,model_kit,Gundam Planet,retailer,us,MG RX-78GP02A Gundam GP02A Physalis,56.95,,,USD,New,https://www.gundamplanet.com/products/mg-rx-78gp02a-gundam-gp02a-physalis?_pos=42&_sid=ea4878578&_ss=r&_fid=d80466061,https://www.gundamplanet.com/cdn/shop/files/mg-rx-78gp02a-gundam-physalis-00.jpg?v=1737659108&width=533
gundam,model_kit,Gundam Planet,retailer,us,HGUC MSZ-010 ZZ Gundam,32.95,,,USD,New,https://www.gundamplanet.com/products/hguc-msz-010-zz-gundam?_pos=43&_sid=ea4878578&_ss=r&_fid=d80466061,https://www.gundamplanet.com/cdn/shop/files/hguc-msz-010-zz-gundam-00.jpg?v=1737660275&width=533
gundam,model_kit,Gundam Planet,retailer,us,NXEDGE Style Xi Gundam,59.95,,,USD,New,https://www.gundamplanet.com/products/nxedge-style-xi-gundam?_pos=44&_sid=ea4878578&_ss=r&_fid=d80466061,https://www.gundamplanet.com/cdn/shop/files/nxedge-style-xi-gundam-fr.jpg?v=1737690459&width=533
gundam,model_kit,Gundam Planet,retailer,us,HG00 Cherudim Gundam GNHW/R,26.95,,,USD,New,https://www.gundamplanet.com/products/hg00-cherudim-gundam-gnhw-r?_pos=45&_sid=ea4878578&_ss=r&_fid=d80466061,https://www.gundamplanet.com/cdn/shop/files/hg00-cherudim-gundam-gnhw-r-00.jpg?v=1737660167&width=533
gundam,model_kit,Gundam Planet,retailer,us,MG MVF-X08 Eclipse Gundam,68.95,,,USD,New,https://www.gundamplanet.com/products/mg-mvf-x08-eclipse-gundam?_pos=46&_sid=ea4878578&_ss=r&_fid=d80466061,https://www.gundamplanet.com/cdn/shop/files/mg-mvf-x08-eclipse-gundam-gp.jpg?v=1737692033&width=533
gundam,model_kit,Gundam Planet,retailer,us,MG FXA-05D/RX-178 Super Gundam,54.95,,,USD,New,https://www.gundamplanet.com/products/mg-fxa-05d-rx-178-super-gundam?_pos=47&_sid=ea4878578&_ss=r&_fid=d80466061,https://www.gundamplanet.com/cdn/shop/files/mg-fxa-05d-rx-178-super-gundam-00.jpg?v=1781310136&width=533
gundam,model_kit,Gundam Planet,retailer,us,MG XXXG-00W0 Wing Gundam Zero Custom,48.95,,,USD,New,https://www.gundamplanet.com/products/mg-xxxg-00w0-wing-gundam-zero-custom?_pos=48&_sid=ea4878578&_ss=r&_fid=d80466061,https://www.gundamplanet.com/cdn/shop/files/mg-xxxg-00w0-wing-gundam-zero-custom-00.jpg?v=1737659319&width=533
gundam,model_kit,Gundam Planet,retailer,us,MG F-91 Gundam F91 Ver 2.0,54.95,,,USD,New,https://www.gundamplanet.com/products/mg-f-91-gundam-f91-ver-2-0?_pos=49&_sid=ea4878578&_ss=r&_fid=d80466061,https://www.gundamplanet.com/cdn/shop/files/mg-gundam-f91-ver-2-gp.jpg?v=1737671977&width=533
gundam,model_kit,Gundam Planet,retailer,us,HG Abyss Gundam,20.95,,,USD,New,https://www.gundamplanet.com/products/hg-abyss-gundam?_pos=50&_sid=ea4878578&_ss=r&_fid=d80466061,https://www.gundamplanet.com/cdn/shop/files/hg-abyss-gundam-00.jpg?v=1737664750&width=533
gundam,model_kit,Gundam Planet,retailer,us,MG GN-001 Gundam Exia,52.95,,,USD,New,https://www.gundamplanet.com/products/mg-gn-001-gundam-exia?_pos=51&_sid=ea4878578&_ss=r&_fid=d80466061,https://www.gundamplanet.com/cdn/shop/files/mg-gn-001-gundam-exia-00.jpg?v=1737659674&width=533
gundam,model_kit,Gundam Planet,retailer,us,[ST01] Gundam Assemble Starter Set 01,34.95,,,USD,New,https://www.gundamplanet.com/products/st01-gundam-assemble-starter-set-01?_pos=52&_sid=ea4878578&_ss=r&_fid=d80466061,https://www.gundamplanet.com/cdn/shop/files/st01-gundam-assemble-starter-set-011.jpg?v=1772584809&width=533
gundam,model_kit,Gundam Planet,retailer,us,Entry Grade Wing Gundam,12.95,,,USD,New,https://www.gundamplanet.com/products/entry-grade-wing-gundam?_pos=53&_sid=ea4878578&_ss=r&_fid=d80466061,https://www.gundamplanet.com/cdn/shop/files/entry-grade-wing-gundam-base.jpg?v=1760370118&width=533
gundam,model_kit,Gundam Planet,retailer,us,HG Gundam Schwarzette,24.95,,,USD,New,https://www.gundamplanet.com/products/hg-gundam-schwarzette?_pos=54&_sid=ea4878578&_ss=r&_fid=d80466061,https://www.gundamplanet.com/cdn/shop/files/hg-gundam-schwarzette-gp.jpg?v=1737716032&width=533
gundam,model_kit,Gundam Planet,retailer,us,MG GF13-017NJII God Gundam (Burning Gundam),34.95,,,USD,New,https://www.gundamplanet.com/products/mg-gf13-017njii-god-gundam?_pos=55&_sid=ea4878578&_ss=r&_fid=d80466061,https://www.gundamplanet.com/cdn/shop/files/mg-gf13-017njii-god-gundam-00.jpg?v=1737659210&width=533
gundam,model_kit,Gundam Planet,retailer,us,HG IBO Gundam Vidar,16.95,,,USD,New,https://www.gundamplanet.com/products/hg-ibo-gundam-vidar?_pos=56&_sid=ea4878578&_ss=r&_fid=d80466061,https://www.gundamplanet.com/cdn/shop/files/hg-ibo-gundam-vidar-00.jpg?v=1737665032&width=533
gundam,model_kit,Gundam Planet,retailer,us,MG ASW-G-08 Gundam Barbatos,60.95,,,USD,New,https://www.gundamplanet.com/products/mg-asw-g-08-gundam-barbatos?_pos=57&_sid=ea4878578&_ss=r&_fid=d80466061,https://www.gundamplanet.com/cdn/shop/files/mg-asw-g-08-gundam-barbatos-gp.jpg?v=1737677587&width=533
gundam,model_kit,Gundam Planet,retailer,us,Lucrea: 1/7 Hatsune Miku X 00 Gundam (Mobile Suit Gundam 45th Anniversary),294.95,,,USD,New,https://www.gundamplanet.com/products/lucrea-hatsune-miku-x-00-gundam-mobile-suit-gundam-45th-anniversary?_pos=76&_sid=ea4878578&_ss=r&_fid=d80466061,https://www.gundamplanet.com/cdn/shop/files/lucrea-hatsune-miku-x-00-gundam-mobile-suit-gundam-45th-anniversary-fr.jpg?v=1759953492&width=533
gundam,model_kit,Gundam Planet,retailer,us,HGCE ZGMF-X42S Destiny Gundam,28.95,,,USD,New,https://www.gundamplanet.com/products/hgce-zgmf-x42s-destiny-gundam?_pos=77&_sid=ea4878578&_ss=r&_fid=d80466061,https://www.gundamplanet.com/cdn/shop/files/hgce-destiny-gundam-revive-gp.jpg?v=1737675241&width=533
gundam,model_kit,Gundam Planet,retailer,us,HG Gundam Ground Urban Combat Type,24.95,,,USD,New,https://www.gundamplanet.com/products/hg-gundam-ground-urban-combat-type?_pos=78&_sid=ea4878578&_ss=r&_fid=d80466061,https://www.gundamplanet.com/cdn/shop/files/hg-gundam-ground-urban-combat-type-gp.jpg?v=1737695033&width=533
gundam,model_kit,Gundam Planet,retailer,us,HG gMS-α Red Gundam,30.95,,,USD,New,https://www.gundamplanet.com/products/hg-red-gundam?_pos=79&_sid=ea4878578&_ss=r&_fid=d80466061,https://www.gundamplanet.com/cdn/shop/files/hg-red-gundam-base.jpg?v=1748295768&width=533
gundam,model_kit,Gundam Planet,retailer,us,Lucrea: Hatsune Miku X Wing Gundam Zero EW (Mobile Suit Gundam 45th Anniversary),337.95,,,USD,New,https://www.gundamplanet.com/products/lucrea-hatsune-miku-x-wing-gundam-zero-ew-mobile-suit-gundam-45th-anniversary?_pos=80&_sid=ea4878578&_ss=r&_fid=d80466061,https://www.gundamplanet.com/cdn/shop/files/1-15-dragon-call-bladepoint-x-kunio-okawara-model-kit-fr.jpg?v=1755125848&width=533
gundam,model_kit,Gundam Planet,retailer,us,HG Gundam Calibarn,24.95,,,USD,New,https://www.gundamplanet.com/products/hg-gundam-calibarn?_pos=81&_sid=ea4878578&_ss=r&_fid=d80466061,https://www.gundamplanet.com/cdn/shop/files/hg-gundam-calibarn-gp.jpg?v=1737719019&width=533
gundam,model_kit,Gundam Planet,retailer,us,RG XXXG-01W Wing Gundam EW Ver.,34.95,,,USD,New,https://www.gundamplanet.com/products/rg-xxxg-01w-wing-gundam-ew-ver?_pos=82&_sid=ea4878578&_ss=r&_fid=d80466061,https://www.gundamplanet.com/cdn/shop/files/rg-xxxg-01w-wing-gundam-ew-ver-00.jpg?v=1737664048&width=533
gundam,model_kit,Gundam Planet,retailer,us,HGCC WD-M01 Turn A Gundam,20.95,,,USD,New,https://www.gundamplanet.com/products/hgcc-wd-m01-turn-a-gundam?_pos=83&_sid=ea4878578&_ss=r&_fid=d80466061,https://www.gundamplanet.com/cdn/shop/files/hgcc-wd-m01-turn-a-gundam-00.jpg?v=1737662353&width=533
gundam,model_kit,Gundam Planet,retailer,us,MG FA-010S Full Armor ZZ Gundam Ver.Ka,144.95,,,USD,New,https://www.gundamplanet.com/products/mg-fa-010s-full-armor-zz-gundam-ver-ka?_pos=84&_sid=ea4878578&_ss=r&_fid=d80466061,https://www.gundamplanet.com/cdn/shop/files/mg-full-armor-zz-gundam-base.jpg?v=1771440060&width=533
gundam,model_kit,Gundam Planet,retailer,us,Gundam Universe RX-78GP01Fb Gundam Full Burnern,24.95,,,USD,New,https://www.gundamplanet.com/products/gundam-universe-rx-78gp01fb-gundam-full-burnern?_pos=85&_sid=ea4878578&_ss=r&_fid=d80466061,https://www.gundamplanet.com/cdn/shop/files/gundam-universe-rx-78gp01fb-gundam-full-burnern-base.jpg?v=1750175628&width=533
gundam,model_kit,Gundam Planet,retailer,us,HG IBO Gundam Astaroth,14.95,,,USD,New,https://www.gundamplanet.com/products/hg-ibo-gundam-astaroth?_pos=86&_sid=ea4878578&_ss=r&_fid=d80466061,https://www.gundamplanet.com/cdn/shop/files/hg-ibo-gundam-astaroth-00.jpg?v=1737664518&width=533
gundam,model_kit,Gundam Planet,retailer,us,RG ZGMF-X09A Justice Gundam,34.95,,,USD,New,https://www.gundamplanet.com/products/rg-zgmf-x09a-justice-gundam?_pos=87&_sid=ea4878578&_ss=r&_fid=d80466061,https://www.gundamplanet.com/cdn/shop/files/rg-justice-gundam-00.jpg?v=1737661719&width=533
gundam,model_kit,Gundam Planet,retailer,us,HGAC XXXG-01S Shenlong Gundam,20.95,,,USD,New,https://www.gundamplanet.com/products/hgac-xxxg-01s-shenlong-gundam?_pos=88&_sid=ea4878578&_ss=r&_fid=d80466061,https://www.gundamplanet.com/cdn/shop/files/hgac-xxxg-01s-shenlong-gundam-gp.jpg?v=1737706441&width=533
gundam,model_kit,Gundam Planet,retailer,us,GFFMC RX-0(N) Unicorn Gundam 02 Banshee Norn Metal Composite,299.95,,,USD,New,https://www.gundamplanet.com/products/gffmc-rx-0-n-unicorn-gundam-02-banshee-norn-metal-composite?_pos=89&_sid=ea4878578&_ss=r&_fid=d80466061,https://www.gundamplanet.com/cdn/shop/files/71lkk9hvral._sl1500_gp.jpg?v=1737668257&width=533
gundam,model_kit,Gundam Planet,retailer,us,MG WD-M01 Turn A Gundam,52.95,,,USD,New,https://www.gundamplanet.com/products/mg-wd-m01-turn-a-gundam?_pos=90&_sid=ea4878578&_ss=r&_fid=d80466061,https://www.gundamplanet.com/cdn/shop/files/mg-wd-m01-turn-a-gundam-00.jpg?v=1737659417&width=533
gundam,model_kit,Gundam Planet,retailer,us,HG MS-05B Zaku I (Gundam Thunderbolt Anime Ver.),26.95,,,USD,New,https://www.gundamplanet.com/products/hg-ms-05b-zaku-i-gundam-thunderbolt-anime-ver?_pos=91&_sid=ea4878578&_ss=r&_fid=d80466061,https://www.gundamplanet.com/cdn/shop/files/hg-ms-05b-zaku-i-gundam-thunderbolt-anime-ver-00.jpg?v=1781202371&width=533
gundam,model_kit,Gundam Planet,retailer,us,HGBF Try Burning Gundam,24.95,,,USD,New,https://www.gundamplanet.com/products/hgbf-try-burning-gundam?_pos=92&_sid=ea4878578&_ss=r&_fid=d80466061,https://www.gundamplanet.com/cdn/shop/files/hgbf-try-burning-gundam-00.jpg?v=1737663688&width=533
gundam,model_kit,Gundam Planet,retailer,us,MG Gundam AGE-1 Titus,48.95,,,USD,New,https://www.gundamplanet.com/products/mg-gundam-age-1-titus?_pos=93&_sid=ea4878578&_ss=r&_fid=d80466061,https://www.gundamplanet.com/cdn/shop/files/mg-gundam-age-1-titus-00.jpg?v=1737661464&width=533
gundam,model_kit,Gundam Planet,retailer,us,HGFC GF13-017NJII God Gundam (Burning Gundam),24.95,,,USD,New,https://www.gundamplanet.com/products/hgfc-gf13-017njii-god-gundam?_pos=94&_sid=ea4878578&_ss=r&_fid=d80466061,https://www.gundamplanet.com/cdn/shop/files/hgfc-gf13-017njii-god-gundam-00.jpg?v=1737659953&width=533
gundam,model_kit,Gundam Planet,retailer,us,RG GAT-X105 Aile Strike Gundam,34.95,,,USD,New,https://www.gundamplanet.com/products/rg-gat-x105-aile-strike-gundam?_pos=95&_sid=ea4878578&_ss=r&_fid=d80466061,https://www.gundamplanet.com/cdn/shop/files/rg-gat-x105-aile-strike-gundam-00_1.jpg?v=1737660855&width=533
gundam,model_kit,Gundam Planet,retailer,us,HG Gundam Helios,28.95,,,USD,New,https://www.gundamplanet.com/products/hg-gundam-helios?_pos=96&_sid=ea4878578&_ss=r&_fid=d80466061,https://www.gundamplanet.com/cdn/shop/files/hg-gundam-helios-gp.jpg?v=1737694501&width=533
gundam,model_kit,Gundam Planet,retailer,us,MG XXXG-01S Shenlong Gundam EW Ver.,44.95,,,USD,New,https://www.gundamplanet.com/products/mg-xxxg-01s-shenlong-gundam-ew-ver?_pos=97&_sid=ea4878578&_ss=r&_fid=d80466061,https://www.gundamplanet.com/cdn/shop/files/mg-xxxg-01s-shenlong-gundam-ew-ver-00_1.jpg?v=1737660797&width=533
gundam,model_kit,Gundam Planet,retailer,us,Best Mecha Collection 1/144 RX-78-2 Gundam (Revival Ver.),14.95,,,USD,New,https://www.gundamplanet.com/products/best-mecha-collection-1-144-rx-78-2-gundam-revival-ver?_pos=98&_sid=ea4878578&_ss=r&_fid=d80466061,https://www.gundamplanet.com/cdn/shop/files/best-mecha-collection-1-144-rx-78-2-gundam-revival-ver-gp_1.jpg?v=1737742344&width=533
gundam,model_kit,Gundam Planet,retailer,us,MG MBF-P02KAI Gundam Astray Red Frame Kai,68.95,,,USD,New,https://www.gundamplanet.com/products/mg-mbf-p02kai-gundam-astray-red-frame-kai?_pos=99&_sid=ea4878578&_ss=r&_fid=d80466061,https://www.gundamplanet.com/cdn/shop/files/mg-mbf-p02kai-gundam-astray-red-frame-kai-00_1.jpg?v=1737659744&width=533
gundam,model_kit,Gundam Planet,retailer,us,HGAW GX-9900 Gundam X,24.95,,,USD,New,https://www.gundamplanet.com/products/hgaw-gx-9900-gundam-x?_pos=100&_sid=ea4878578&_ss=r&_fid=d80466061,https://www.gundamplanet.com/cdn/shop/files/hgaw-gx-9900-gundam-x-base.jpg?v=1785789609&width=533
gundam,model_kit,Gundam Planet,retailer,us,HGAW NRX-0015 Gundam Ashtaron,43.95,,,USD,New,https://www.gundamplanet.com/products/hgaw-nrx-0015-gundam-ashtaron?_pos=101&_sid=ea4878578&_ss=r&_fid=d80466061,https://www.gundamplanet.com/cdn/shop/files/hgaw-test-gundam-ashtaron-base.jpg?v=1780078170&width=533
gundam,model_kit,Gundam Planet,retailer,us,MG GX-9900 Gundam X,52.95,,,USD,New,https://www.gundamplanet.com/products/mg-gx-9900-gundam-x?_pos=102&_sid=ea4878578&_ss=r&_fid=d80466061,https://www.gundamplanet.com/cdn/shop/files/mg-gx-9900-gundam-x-base.jpg?v=1785790150&width=533
gundam,model_kit,Gundam Planet,retailer,us,Robot Spirits GAT-X103 Buster Gundam Ver. A.N.I.M.E.,105.95,,,USD,New,https://www.gundamplanet.com/products/robot-spirits-gat-x103-buster-gundam-ver-a-n-i-m-e?_pos=103&_sid=ea4878578&_ss=r&_fid=d80466061,https://www.gundamplanet.com/cdn/shop/files/robot-spirits-gat-x103-buster-gundam-ver-a-n-i-m-e1.jpg?v=1737731910&width=533
gundam,model_kit,Gundam Planet,retailer,us,HGAC XXXG-01H Gundam Heavyarms,20.95,,,USD,New,https://www.gundamplanet.com/products/hgac-xxxg-01h-gundam-heavyarms?_pos=104&_sid=ea4878578&_ss=r&_fid=d80466061,https://www.gundamplanet.com/cdn/shop/files/hgac-xxxg-01h-gundam-heavyarms-gp2.jpg?v=1737682909&width=533
gundam,model_kit,Gundam Planet,retailer,us,RG RX-79[G] Gundam Ground Type,54.95,,,USD,New,https://www.gundamplanet.com/products/rg-rx-79g-gundam-ground-type?_pos=105&_sid=ea4878578&_ss=r&_fid=d80466061,https://www.gundamplanet.com/cdn/shop/files/rg-rx-79g-gundam-ground-type-00.jpg?v=1787785290&width=533
gundam,model_kit,Gundam Planet,retailer,us,HG Wing Gundam Sky Zero,24.95,,,USD,New,https://www.gundamplanet.com/products/hg-wing-gundam-sky-zero?_pos=106&_sid=ea4878578&_ss=r&_fid=d80466061,https://www.gundamplanet.com/cdn/shop/files/hg-wing-gundam-sky-zero-gp.jpg?v=1737694997&width=533
gundam,model_kit,Gundam Planet,retailer,us,MG MSZ-006 Zeta Gundam Ver.Ka,88.95,,,USD,New,https://www.gundamplanet.com/products/mg-msz-006-zeta-gundam-ver-ka?_pos=107&_sid=ea4878578&_ss=r&_fid=d80466061,https://www.gundamplanet.com/cdn/shop/files/mg-msz-006-zeta-gundam-ver-ka-gpt.jpg?v=1737713212&width=533
gundam,model_kit,Gundam Planet,retailer,us,HG00 Gundam Dynames,18.95,,,USD,New,https://www.gundamplanet.com/products/hg00-gundam-dynames?_pos=108&_sid=ea4878578&_ss=r&_fid=d80466061,https://www.gundamplanet.com/cdn/shop/files/hg00-gundam-dynames-01.jpg?v=1737659987&width=533
gundam,model_kit,Gundam Planet,retailer,us,[EX01] Gundam Assemble Expansion Pack 01,39.95,,,USD,New,https://www.gundamplanet.com/products/ex01-gundam-assemble-expansion-pack-01?_pos=109&_sid=ea4878578&_ss=r&_fid=d80466061,https://www.gundamplanet.com/cdn/shop/files/ex01-gundam-assemble-expansion-pack-011.jpg?v=1772584821&width=533
gundam,model_kit,Gundam Planet,retailer,us,HG Plutine Gundam,30.95,,,USD,New,https://www.gundamplanet.com/products/hg-plutine-gundam?_pos=110&_sid=ea4878578&_ss=r&_fid=d80466061,https://www.gundamplanet.com/cdn/shop/files/hg-plutine-gundam-gp.jpg?v=1737723186&width=533
gundam,model_kit,Gundam Planet,retailer,us,HGCE ZGMF-103HD Lightning Buster Gundam,30.95,,,USD,New,https://www.gundamplanet.com/products/hgce-zgmf-103hd-lightning-buster-gundam?_pos=111&_sid=ea4878578&_ss=r&_fid=d80466061,https://www.gundamplanet.com/cdn/shop/files/hgce-zgmf-103hd-lightning-buster-gundam-gp.jpg?v=1737737800&width=533
gundam,model_kit,Gundam Planet,retailer,us,HG Gundam Pharact,26.95,,,USD,New,https://www.gundamplanet.com/products/hg-gundam-pharact?_pos=112&_sid=ea4878578&_ss=r&_fid=d80466061,https://www.gundamplanet.com/cdn/shop/files/hg-gundam-pharact-01.jpg?v=1737711746&width=533
gundam,model_kit,Gundam Planet,retailer,us,Metal Build Gundam Barbatos (4th Form) + Boomerang Mace,350.95,,,USD,New,https://www.gundamplanet.com/products/metal-build-gundam-barbatos-4th-form-boomerang-mace?_pos=113&_sid=ea4878578&_ss=r&_fid=d80466061,https://www.gundamplanet.com/cdn/shop/files/metal-build-gundam-barbatos-4th-form-boomerang-mace-base2.jpg?v=1765238522&width=533
gundam,model_kit,Gundam Planet,retailer,us,Metal Build God Gundam & God Gundam II (Burning Gundam),434.95,,,USD,New,https://www.gundamplanet.com/products/metal-build-god-gundam-god-gundam-ii-burning-gundam?_pos=114&_sid=ea4878578&_ss=r&_fid=d80466061,https://www.gundamplanet.com/cdn/shop/files/metal-build-burning-gundam-burning-gundam-second-god-gundam-base.jpg?v=1743375167&width=533
gundam,model_kit,Gundam Planet,retailer,us,RG MBF-P02 Gundam Astray Red Frame,34.95,,,USD,New,https://www.gundamplanet.com/products/rg-mbf-p02-gundam-astray-red-frame?_pos=115&_sid=ea4878578&_ss=r&_fid=d80466061,https://www.gundamplanet.com/cdn/shop/files/rg-mbf-p02-gundam-astray-red-frame-00.jpg?v=1737663597&width=533
gundam,model_kit,Gundam Planet,retailer,us,MG XXXG-01SR Gundam Sandrock EW Ver.,48.95,,,USD,New,https://www.gundamplanet.com/products/mg-xxxg-01sr-gundam-sandrock-ew-ver?_pos=116&_sid=ea4878578&_ss=r&_fid=d80466061,https://www.gundamplanet.com/cdn/shop/files/mg-xxxg-01sr-gundam-sandrock-ew-ver-00.jpg?v=1737661076&width=533
gundam,model_kit,Gundam Planet,retailer,us,MG RX-78-2 Gundam Ver.Ka,38.95,,,USD,New,https://www.gundamplanet.com/products/mg-rx-78-2-gundam-ver-ka?_pos=117&_sid=ea4878578&_ss=r&_fid=d80466061,https://www.gundamplanet.com/cdn/shop/files/mg-rx-78-2-gundam-ver-ka-00_1.jpg?v=1737659242&width=533
gundam,model_kit,Gundam Planet,retailer,us,HGBF Gundam Amazing Exia,24.95,,,USD,New,https://www.gundamplanet.com/products/hgbf-gundam-amazing-exia?_pos=118&_sid=ea4878578&_ss=r&_fid=d80466061,https://www.gundamplanet.com/cdn/shop/files/hgbf-gundam-amazing-exia-00.jpg?v=1737663023&width=533
gundam,model_kit,Gundam Planet,retailer,us,Gundam Universe Gundam Epyon (Mobile Suit Gundam Wing),38.95,,,USD,New,https://www.gundamplanet.com/products/gundam-universe-gundam-epyon-mobile-suit-gundam-wing?_pos=119&_sid=ea4878578&_ss=r&_fid=d80466061,https://www.gundamplanet.com/cdn/shop/files/gundam-universe-gundam-epyon-mobile-suit-gundam-wing-base.jpg?v=1750175467&width=533
gundam,model_kit,Gundam Planet,retailer,us,MG PF-78-1 Perfect Gundam,54.95,,,USD,New,https://www.gundamplanet.com/products/mg-pf-78-1-perfect-gundam?_pos=120&_sid=ea4878578&_ss=r&_fid=d80466061,https://www.gundamplanet.com/cdn/shop/files/mg-pf-78-1-perfect-gundam-00.jpg?v=1737659196&width=533
gundam,model_kit,Gundam Planet,retailer,us,MGEX ZGMF/A-262PD-P Mighty Strike Freedom Gundam,280.95,,,USD,New,https://www.gundamplanet.com/products/mgex-zgmf-a-262pd-p-mighty-strike-freedom-gundam?_pos=121&_sid=ea4878578&_ss=r&_fid=d80466061,https://www.gundamplanet.com/cdn/shop/files/mgex-mighty-strike-freeom-test-base.jpg?v=1787787094&width=533
gundam,model_kit,Gundam Planet,retailer,us,HGBF Gundam X Maoh,24.95,,,USD,New,https://www.gundamplanet.com/products/hgbf-gundam-x-maoh?_pos=151&_sid=ea4878578&_ss=r&_fid=d80466061,https://www.gundamplanet.com/cdn/shop/files/hg-1-144-gundam-x-maoh-00.jpg?v=1737662366&width=533
gundam,model_kit,Gundam Planet,retailer,us,SD Gundam EX-Standard Wing Gundam Zero,12.95,,,USD,New,https://www.gundamplanet.com/products/sd-gundam-ex-standard-wing-gundam-zero?_pos=152&_sid=ea4878578&_ss=r&_fid=d80466061,https://www.gundamplanet.com/cdn/shop/files/sd-gundam-ex-standard-wing-gundam-zero-gp.jpg?v=1737691851&width=533
gundam,model_kit,Gundam Planet,retailer,us,MG RX-9/C Narrative Gundam C-Packs Ver.Ka,78.95,,,USD,New,https://www.gundamplanet.com/products/mg-rx-9-c-narrative-gundam-c-packs-ver-ka?_pos=153&_sid=ea4878578&_ss=r&_fid=d80466061,https://www.gundamplanet.com/cdn/shop/files/mg-narrative-gundam-c-packs-ver-ka-gp.jpg?v=1737732982&width=533
gundam,model_kit,Gundam Planet,retailer,us,HGCE ZGMF-X56S/α Force Impulse Gundam,24.95,,,USD,New,https://www.gundamplanet.com/products/hgce-zgmf-x56s-a-force-impulse-gundam?_pos=154&_sid=ea4878578&_ss=r&_fid=d80466061,https://www.gundamplanet.com/cdn/shop/files/hgce-zgmf-x56s-force-impulse-gundam-revive-00.jpg?v=1737664659&width=533
gundam,model_kit,Gundam Planet,retailer,us,SD Gundam EX-Standard RX-78-2 Gundam,12.95,,,USD,New,https://www.gundamplanet.com/products/sd-gundam-ex-standard-rx-78-2-gundam?_pos=155&_sid=ea4878578&_ss=r&_fid=d80466061,https://www.gundamplanet.com/cdn/shop/files/sd-gundam-ex-standard-rx-78-2-gundam-00.jpg?v=1737663884&width=533
gundam,model_kit,Gundam Planet,retailer,us,Metal Robot Spirits Immortal Justice Gundam,180.95,,,USD,New,https://www.gundamplanet.com/products/metal-robot-spirits-immortal-justice-gundam?_pos=156&_sid=ea4878578&_ss=r&_fid=d80466061,https://www.gundamplanet.com/cdn/shop/files/metal-robot-spirits-immortal-justice-gundam-fr.jpg?v=1737729384&width=533
gundam,model_kit,Gundam Planet,retailer,us,HGBF Crossbone Gundam X1 Full Cloth Type.GBFT,30.95,,,USD,New,https://www.gundamplanet.com/products/hgbf-crossbone-gundam-x1-full-cloth-type-gbft?_pos=157&_sid=ea4878578&_ss=r&_fid=d80466061,https://www.gundamplanet.com/cdn/shop/files/hgbf-crossbone-gundam-x1-full-cloth-type-gbft-00.jpg?v=1737663229&width=533
gundam,model_kit,Gundam Planet,retailer,us,HG00 Gundam Kyrios,20.95,,,USD,New,https://www.gundamplanet.com/products/hg00-gundam-kyrios?_pos=158&_sid=ea4878578&_ss=r&_fid=d80466061,https://www.gundamplanet.com/cdn/shop/files/hg00-gundam-kyrios-00.jpg?v=1737659993&width=533
gundam,model_kit,Gundam Planet,retailer,us,HGAW GT-9600 Gundam Leopard,30.95,,,USD,New,https://www.gundamplanet.com/products/hgaw-gt-9600-gundam-leopard?_pos=159&_sid=ea4878578&_ss=r&_fid=d80466061,https://www.gundamplanet.com/cdn/shop/files/hgaw-gt-9600-gundam-leopard-base.jpg?v=1785789540&width=533
gundam,model_kit,Gundam Planet,retailer,us,SDBF Star Winning Gundam,18.95,,,USD,New,https://www.gundamplanet.com/products/sdbf-star-winning-gundam?_pos=160&_sid=ea4878578&_ss=r&_fid=d80466061,https://www.gundamplanet.com/cdn/shop/files/sdbf-star-winning-gundam-00.jpg?v=1737663702&width=533
gundam,model_kit,Gundam Planet,retailer,us,MG RX-78GP01 Gundam GP01 Zephyranthes,36.95,,,USD,New,https://www.gundamplanet.com/products/mg-rx-78gp01-gundam-gp01-zephyranthes?_pos=161&_sid=ea4878578&_ss=r&_fid=d80466061,https://www.gundamplanet.com/cdn/shop/files/mg-rx-78gp01-gundam-gp01-zephyrathes-gp.jpg?v=1737659029&width=533
gundam,model_kit,Gundam Planet,retailer,us,GFFMC RX-0 Unicorn Gundam Awakening Ver. Metal Composite,299.95,,,USD,New,https://www.gundamplanet.com/products/gffmc-rx-0-unicorn-gundam-awakening-ver-metal-composite?_pos=162&_sid=ea4878578&_ss=r&_fid=d80466061,https://www.gundamplanet.com/cdn/shop/files/817b60kid8l-gp.jpg?v=1737668239&width=533
gundam,model_kit,Gundam Planet,retailer,us,SD Gundam Cross Silhouette F-Kunoichi Kai (F9no1 Kai),24.95,,,USD,New,https://www.gundamplanet.com/products/sd-gundam-cross-silhouette-f-kunoichi-kai?_pos=163&_sid=ea4878578&_ss=r&_fid=d80466061,https://www.gundamplanet.com/cdn/shop/files/sd-gundam-cross-silhouette-f-kunoichi-kai-gp.jpg?v=1737724503&width=533
gundam,model_kit,Gundam Planet,retailer,us,HGBF Build Gundam Mk-II,24.95,,,USD,New,https://www.gundamplanet.com/products/hgbf-build-gundam-mk-ii?_pos=164&_sid=ea4878578&_ss=r&_fid=d80466061,https://www.gundamplanet.com/cdn/shop/files/hgbf-build-gundam-mk-ii-00.jpg?v=1737662588&width=533
gundam,model_kit,Gundam Planet,retailer,us,HGCE ZGMF-X10A Freedom Gundam,24.95,,,USD,New,https://www.gundamplanet.com/products/hgce-zgmf-x10a-freedom-gundam?_pos=165&_sid=ea4878578&_ss=r&_fid=d80466061,https://www.gundamplanet.com/cdn/shop/files/hgce-zgmf-x10a-freedom-gundam-revive-00.jpg?v=1737663646&width=533
gundam,model_kit,Gundam Planet,retailer,us,[DX03] Gundam Assemble Deluxe Set 03,162.95,,,USD,New,https://www.gundamplanet.com/products/dx03-gundam-assemble-deluxe-set-03?_pos=166&_sid=ea4878578&_ss=r&_fid=d80466061,https://www.gundamplanet.com/cdn/shop/files/dx03-gundam-assemble-deluxe-set-03-gp.jpg?v=1784315437&width=533
gundam,model_kit,Gundam Planet,retailer,us,HGBF Star Burning Gundam,20.95,,,USD,New,https://www.gundamplanet.com/products/hgbf-star-burning-gundam?_pos=167&_sid=ea4878578&_ss=r&_fid=d80466061,https://www.gundamplanet.com/cdn/shop/files/hgbf-star-burning-gundam-00.jpg?v=1737669413&width=533
gundam,model_kit,Gundam Planet,retailer,us,Gundam Universe Wing Gundam Zero Custom Renewal (Mobile Suit Gundam Wing),34.95,,,USD,New,https://www.gundamplanet.com/products/gundam-universe-wing-gundam-zero-custom-renewal-mobile-suit-gundam-wing?_pos=168&_sid=ea4878578&_ss=r&_fid=d80466061,https://www.gundamplanet.com/cdn/shop/files/gundam-universe-wing-gundam-zero-custom-renewal-mobile-suit-gundam-wing.png?v=1780353283&width=533
gundam,model_kit,Gundam Planet,retailer,us,HG IBO Gundam Barbatos Lupus Rex,20.95,,,USD,New,https://www.gundamplanet.com/products/hg-ibo-gundam-barbatos-lupus-rex?_pos=169&_sid=ea4878578&_ss=r&_fid=d80466061,https://www.gundamplanet.com/cdn/shop/files/hg-ibo-gundam-barbatos-lupus-rex-00.jpg?v=1737665289&width=533
gundam,model_kit,Gundam Planet,retailer,us,MG LM312V04 V Dash Gundam Ver.Ka,76.95,,,USD,New,https://www.gundamplanet.com/products/mg-lm312v04-v-dash-gundam-ver-ka?_pos=170&_sid=ea4878578&_ss=r&_fid=d80466061,https://www.gundamplanet.com/cdn/shop/files/mg-lm312v04-v-dash-gundam-ver-ka-00.jpg?v=1737660010&width=533
gundam,model_kit,HLJ.com,retailer,,Gundam Cross Freedom Gundam & Kira Yamato,23.02,,,USD,New,https://www.hlj.com/gundam-cross-freedom-gundam-kira-yamato-bant017557,https://www.hlj.com/productthumbs/ban/bant017557_0_1787197810.jpg?v=1787197810
gundam,model_kit,HLJ.com,retailer,,Gundam Cross Wing Gundam & Heero Yuy,23.02,,,USD,New,https://www.hlj.com/gundam-cross-wing-gundam-heero-yuy-bant017564,https://www.hlj.com/productthumbs/ban/bant017564_0_1787197815.jpg?v=1787197815
gundam,model_kit,HLJ.com,retailer,,Gundam Miximize ZGMF-X10A Freedom Gundam,20.72,,,USD,New,https://www.hlj.com/gundam-miximize-zgmf-x10a-freedom-gundam-bant908002,https://www.hlj.com/productthumbs/ban/bant908002_0_1787198432.jpg?v=1787198432
gundam,model_kit,HLJ.com,retailer,,Gundam Miximize RX-78-2 Gundam,19.18,,,USD,New,https://www.hlj.com/gundam-miximize-rx-78-2-gundam-bant908019,https://www.hlj.com/productthumbs/ban/bant908019_0_1787198434.jpg?v=1787198434
gundam,model_kit,HLJ.com,retailer,,1/144 Gundam Decal No.153 RG Wing Gundam,5.37,,,USD,New,https://www.hlj.com/1-144-scale-gundam-decal-no-153-rg-wing-gundam-banh847334,https://www.hlj.com/productthumbs/ban/banh847334_0_1787710824.jpg?v=1787710824
gundam,model_kit,HLJ.com,retailer,,Gundam Decal No.150 MGSD Freedom Gundam,5.37,,,USD,New,https://www.hlj.com/gundam-decal-no-150-mgsd-freedom-gundam-banh847211,https://www.hlj.com/productthumbs/ban/banh847211_0_1787710874.jpg?v=1787710874
gundam,model_kit,HLJ.com,retailer,,1/100 Gundam Decal No.155 MG Gundam Barbatos,5.37,,,USD,New,https://www.hlj.com/1-100-scale-gundam-decal-no-155-mg-gundam-barbatos-banh847358,https://www.hlj.com/productthumbs/ban/banh847358_0_1787711474.jpg?v=1787711474
gundam,model_kit,HLJ.com,retailer,,1/144 Gundam Decal No.145 RG Force Impulse Gundam SpecII,5.37,,,USD,New,https://www.hlj.com/1-144-scale-gundam-decal-no-145-rg-force-impulse-gundam-specii-banh847143,https://www.hlj.com/productthumbs/ban/banh847143_0_1787710223.jpg?v=1787710223
gundam,model_kit,HLJ.com,retailer,,1/144 Gundam Decal No.146 RG Akatsuki Gundam Oowashi Unit,5.37,,,USD,New,https://www.hlj.com/1-144-scale-gundam-decal-no-146-rg-akatsuki-gundam-oowashi-unit-banh847150,https://www.hlj.com/productthumbs/ban/banh847150_0_1787710206.jpg?v=1787710206
gundam,model_kit,HLJ.com,retailer,,Mobile Suit Gundam: Noodle Spoon Mobile Suit Gundam / Zeon Forces,9.21,,,USD,New,https://www.hlj.com/mobile-suit-gundam-noodle-spoon-mobile-suit-gundam-zeon-forces-cspr15635-4,https://www.hlj.com/productthumbs/csp/cspr15635-4_0_1758180147.jpg?v=1758180147
gundam,model_kit,HLJ.com,retailer,,Gundam Superior Define No.01: 1Box (10pcs),38.36,,,USD,New,https://www.hlj.com/gundam-superior-define-no-01-1box-10pcs-banf917806,https://www.hlj.com/productthumbs/ban/banf917806_0_1742371807.jpg?v=1742371807
gundam,model_kit,HLJ.com,retailer,,1/144 Gundam Decal No.144 Mobile Suit Z Gundam Multiuse 1,9.97,,,USD,New,https://www.hlj.com/1-144-scale-gundam-decal-no-144-mobile-suit-z-gundam-multiuse-1-banh847136,https://www.hlj.com/productthumbs/ban/banh847136_0_1787710210.jpg?v=1787710210
gundam,model_kit,HLJ.com,retailer,,1/144 Gundam Decal No.152 After War Gundam X Multiuse 1,9.97,,,USD,New,https://www.hlj.com/1-144-scale-gundam-decal-no-152-after-war-gundam-x-multiuse-1-banh847327,https://www.hlj.com/productthumbs/ban/banh847327_0_1787710868.jpg?v=1787710868
gundam,model_kit,HLJ.com,retailer,,Gundam Miximize MS-06S Char's Zaku,19.18,,,USD,New,https://www.hlj.com/gundam-miximize-ms-06s-char-s-zaku-bant017540,https://www.hlj.com/productthumbs/ban/bant017540_0_1787197807.jpg?v=1787197807
gundam,model_kit,HLJ.com,retailer,,1/144 Gundam Decal No.151 Mobile Suit Gundam MS IGLOO Multiuse 1,9.97,,,USD,New,https://www.hlj.com/1-144-scale-gundam-decal-no-151-mobile-suit-gundam-ms-igloo-multiuse-1-banh847228,https://www.hlj.com/productthumbs/ban/banh847228_0_1787710864.jpg?v=1787710864
gundam,model_kit,HLJ.com,retailer,,1/144 Gundam Decal No.154 Mobile Suit Gundam MS IGLOO Multiuse 2,9.97,,,USD,New,https://www.hlj.com/1-144-scale-gundam-decal-no-154-mobile-suit-gundam-ms-igloo-multiuse-2-banh847341,https://www.hlj.com/productthumbs/ban/banh847341_0_1787710844.jpg?v=1787710844
gundam,model_kit,HLJ.com,retailer,,1/144 Gundam Decal No.147 RG RX-78-2 Gundam Ver.2.0,5.37,,,USD,New,https://www.hlj.com/1-144-scale-gundam-decal-no-147-rg-rx-78-2-gundam-ver-2-0-banh847167,https://www.hlj.com/productthumbs/ban/banh847167_0_1787710209.jpg?v=1787710209
gundam,model_kit,HLJ.com,retailer,,1/144 Gundam Decal No.149 Mobile Suit Gundam Seed Destiny Multiuse 1,9.97,,,USD,New,https://www.hlj.com/1-144-scale-gundam-decal-no-149-mobile-suit-gundam-seed-destiny-multiuse-1-banh847204,https://www.hlj.com/productthumbs/ban/banh847204_0_1787710807.jpg?v=1787710807
gundam,other,HLJ.com,retailer,,Mobile Suit V Gundam: V2 Assault Buster Gundam T-Shirt / White-XL,23.02,,,USD,New,https://www.hlj.com/mobile-suit-v-gundam-v2-assault-buster-gundam-t-shirt-white-xl-cspr41457,https://www.hlj.com/productthumbs/csp/cspr41457_0_1737700907.jpg?v=1737700907
gundam,other,HLJ.com,retailer,,Mobile Suit V Gundam: V2 Assault Buster Gundam T-Shirt / White-L,23.02,,,USD,New,https://www.hlj.com/mobile-suit-v-gundam-v2-assault-buster-gundam-t-shirt-white-l-cspr41456,https://www.hlj.com/productthumbs/csp/cspr41456_0_1737700845.jpg?v=1737700845
gundam,other,HLJ.com,retailer,,Mobile Suit V Gundam: V2 Assault Buster Gundam T-Shirt / Indigo-M,23.02,,,USD,New,https://www.hlj.com/mobile-suit-v-gundam-v2-assault-buster-gundam-t-shirt-indigo-m-cspr41459,https://www.hlj.com/productthumbs/csp/cspr41459_0_1737700893.jpg?v=1737700893
gundam,other,HLJ.com,retailer,,Mobile Suit V Gundam: V2 Assault Buster Gundam T-Shirt / Indigo-L,23.02,,,USD,New,https://www.hlj.com/mobile-suit-v-gundam-v2-assault-buster-gundam-t-shirt-indigo-l-cspr41460,https://www.hlj.com/productthumbs/csp/cspr41460_0_1737700887.jpg?v=1737700887
gundam,other,HLJ.com,retailer,,Mobile Suit Gundam: E.F.S.F. Patch,9.21,,,USD,New,https://www.hlj.com/mobile-suit-gundam-e-f-s-f-patch-cspr06379-3,https://www.hlj.com/productthumbs/csp/cspr06379-3_0_1758179593.jpg?v=1758179593
gundam,model_kit,HLJ.com,retailer,,bitlot Gundam 3 1Box 10pcs,59.84,,,USD,New,https://www.hlj.com/bitlot-gundam-3-1box-10pcs-banf934308,https://www.hlj.com/productthumbs/ban/banf934308_0_1787218807.jpg?v=1787218807
gundam,model_kit,HLJ.com,retailer,,1/144 Gundam Decal No.148 Mobile Suit Gundam: The 08th MS Team Multiuse 1,9.97,,,USD,New,https://www.hlj.com/1-144-scale-gundam-decal-no-148-mobile-suit-gundam-the-08th-ms-team-multiuse-1-banh847198,https://www.hlj.com/productthumbs/ban/banh847198_0_1787710839.jpg?v=1787710839
gundam,model_kit,HLJ.com,retailer,,Gundam Universe MS-06S Char's Zaku II Renewal,29.77,,,USD,New,https://www.hlj.com/gundam-universe-ms-06s-char-s-zaku-ii-renewal-banc721440,https://www.hlj.com/productthumbs/ban/banc721440_0_1780048217.jpg?v=1780048217
gundam,other,HLJ.com,retailer,,Mobile Suit Gundam Uc (Unicorn): Unicorn Gundam Full Graphic T-Shirt / White-L,46.03,,,USD,New,https://www.hlj.com/mobile-suit-gundam-uc-unicorn-unicorn-gundam-full-graphic-t-shirt-white-l-cspr48064-2,https://www.hlj.com/productthumbs/csp/cspr48064-2_0_1749700819.jpg?v=1749700819
gundam,other,HLJ.com,retailer,,Mobile Suit Gundam Uc (Unicorn): Unicorn Gundam Full Graphic T-Shirt / White-M,46.03,,,USD,New,https://www.hlj.com/mobile-suit-gundam-uc-unicorn-unicorn-gundam-full-graphic-t-shirt-white-m-cspr48063-2,https://www.hlj.com/productthumbs/csp/cspr48063-2_0_1749700809.jpg?v=1749700809
gundam,other,HLJ.com,retailer,,Mobile Suit Gundam Uc (Unicorn): Unicorn Gundam Full Graphic T-Shirt / White-Xl,46.03,,,USD,New,https://www.hlj.com/mobile-suit-gundam-uc-unicorn-unicorn-gundam-full-graphic-t-shirt-white-xl-cspr48065-2,https://www.hlj.com/productthumbs/csp/cspr48065-2_0_1749700808.jpg?v=1749700808
gundam,other,HLJ.com,retailer,,Mobile Suit Gundam Uc (Unicorn): Unicorn Gundam Full Graphic T-Shirt / White-S,46.03,,,USD,New,https://www.hlj.com/mobile-suit-gundam-uc-unicorn-unicorn-gundam-full-graphic-t-shirt-white-s-cspr48062-2,https://www.hlj.com/media/original_images/noImage.png
gundam,other,HLJ.com,retailer,,Mobile Suit Gundam: E.F.S.F. PVC Patch,7.67,,,USD,New,https://www.hlj.com/mobile-suit-gundam-e-f-s-f-pvc-patch-cspr11500,https://www.hlj.com/productthumbs/csp/cspr11500_0_1556174496.jpg?v=1556174496
gundam,model_kit,HLJ.com,retailer,,Mobile Suit Gundam: Zeonic Messenger Bag,32.22,,,USD,New,https://www.hlj.com/mobile-suit-gundam-zeonic-messenger-bag-cspr07192-2,https://www.hlj.com/productthumbs/csp/cspr07192-2_0_1748932811.jpg?v=1748932811
gundam,other,HLJ.com,retailer,,Mobile Suit Gundam: E.F.S.F. Removable Patch,12.28,,,USD,New,https://www.hlj.com/mobile-suit-gundam-e-f-s-f-removable-patch-cspr06380-3,https://www.hlj.com/productthumbs/csp/cspr06380-3_0_1758179570.jpg?v=1758179570
gundam,model_kit,HLJ.com,retailer,,Mobile Suit Gundam New Translation MS Complete Collection U.C.0068-0080,32.22,,,USD,New,https://www.hlj.com/mobile-suit-gundam-new-translation-ms-complete-collection-u-c-0068-0080-kdk14754,https://www.hlj.com/media/original_images/noImage.png
gundam,model_kit,HLJ.com,retailer,,Mobile Suit Gundam: Zeon Tactical Belt,29.15,,,USD,New,https://www.hlj.com/mobile-suit-gundam-zeon-tactical-belt-cspr21246-4,https://www.hlj.com/productthumbs/csp/cspr21246-4_0_1758180070.jpg?v=1758180070
gundam,other,HLJ.com,retailer,,Mobile Suit Gundam: Chimera Corps Patch,9.21,,,USD,New,https://www.hlj.com/mobile-suit-gundam-chimera-corps-patch-cspr28776-3,https://www.hlj.com/productthumbs/csp/cspr28776-3_0_1758179428.jpg?v=1758179428
gundam,model_kit,HLJ.com,retailer,,Mobile Suit Gundam: Battleship Sinking Badge,9.21,,,USD,New,https://www.hlj.com/mobile-suit-gundam-battleship-sinking-badge-cspr28775-2,https://www.hlj.com/productthumbs/csp/cspr28775-2_0_1748847038.jpg?v=1748847038
gundam,model_kit,HLJ.com,retailer,,bitlot Gundam 1 1Box 10pcs (Reissue),59.84,,,USD,New,https://www.hlj.com/bitlot-gundam-1-1box-10pcs-reissue-banf934315,https://www.hlj.com/productthumbs/ban/banf934315_0_1787218856.jpg?v=1787218856
gundam,model_kit,Gundam Place Store,retailer,us,RG #36 HI-NU GUNDAM [Hi-v Gundam],60.99,,,USD,New,https://gundamplacestore.com/products/rg-hi-ce-bd-gundam?q=gundam,https://cdn.shopify.com/s/files/1/0579/0095/7832/products/img_4518.jpg?v=1650976834
gundam,model_kit,Gundam Place Store,retailer,us,PG Unleashed Nu Gundam,689.99,,,USD,New,https://gundamplacestore.com/products/pg-unleashed-nu-gundam?q=gundam,https://cdn.shopify.com/s/files/1/0579/0095/7832/files/74B1E2DF-3061-4A4A-B6B9-20CFF8D13700.webp?v=1770533221
gundam,model_kit,Gundam Place Store,retailer,us,PG RX-0 UNICORN Gundam,259.69,,,USD,New,https://gundamplacestore.com/products/1-60-pg-unicorn-gundam?q=gundam,https://cdn.shopify.com/s/files/1/0579/0095/7832/files/IMG-7265.webp?v=1762156857
gundam,model_kit,Gundam Place Store,retailer,us,PG Strike Freedom Gundam,325.99,,,USD,New,https://gundamplacestore.com/products/1-60-pg-strike-freedom-gundam?q=gundam,https://cdn.shopify.com/s/files/1/0579/0095/7832/products/img_0781.jpg?v=1650977807
gundam,model_kit,Gundam Place Store,retailer,us,MGEX Strike Freedom Gundam,182.99,,,USD,New,https://gundamplacestore.com/products/mgex-strike-freedom-gundam?q=gundam,https://cdn.shopify.com/s/files/1/0579/0095/7832/products/image_1fdeda77-425a-419f-b197-458678c523dd.png?v=1671806713
gundam,model_kit,Gundam Place Store,retailer,us,MG Gundam Virtue,91.99,,,USD,New,https://gundamplacestore.com/products/mg-gundam-virtue?q=gundam,https://cdn.shopify.com/s/files/1/0579/0095/7832/products/D5FE0C71-E24C-47B3-948C-06E5863A65CD.jpg?v=1650976627
gundam,model_kit,Gundam Place Store,retailer,us,RG #30 Full Armor Unicorn Gundam,69.99,,,USD,New,https://gundamplacestore.com/products/rg-30-full-armor-unicorn-gundam?q=gundam,https://cdn.shopify.com/s/files/1/0579/0095/7832/products/8269156.jpg?v=1650976903
gundam,model_kit,Gundam Place Store,retailer,us,MG RX-78-2 Gundam Ver.3.0,60.99,,,USD,New,https://gundamplacestore.com/products/mg-rx-78-2-gundam-ver-3-0?q=gundam,https://cdn.shopify.com/s/files/1/0579/0095/7832/files/70061616-1FEE-41A4-A52B-D790F182DCCA.webp?v=1787493457
gundam,model_kit,Gundam Place Store,retailer,us,HGGTO #26 RX-78-02 Gundam (The Origin Ver.),29.99,,,USD,New,https://gundamplacestore.com/products/1-144-hg-rx-78-02-gundam-the-origin-ver?q=gundam,https://cdn.shopify.com/s/files/1/0579/0095/7832/products/bans58929_2.jpg?v=1650976063
gundam,model_kit,Gundam Place Store,retailer,us,HGTWFM #26 Gundam Calibarn,23.99,,,USD,New,https://gundamplacestore.com/products/hgtwfm-gundam-calibarn?q=gundam,https://cdn.shopify.com/s/files/1/0579/0095/7832/files/image_13f194f6-3124-4f87-bd11-5959309f29a2.webp?v=1688434879
gundam,model_kit,Gundam Place Store,retailer,us,RG #37 Burning (God) Gundam,49.99,,,USD,New,https://gundamplacestore.com/products/rg-37-god-gundam?q=gundam,https://cdn.shopify.com/s/files/1/0579/0095/7832/products/image_94b96e8b-0696-4f8e-86dd-44d579003ee1.webp?v=1661618869
gundam,model_kit,Gundam Place Store,retailer,us,MG Gundam Deathscythe EW,43.99,,,USD,New,https://gundamplacestore.com/products/1-100-mg-gundam-deathscythe-ew?q=gundam,https://cdn.shopify.com/s/files/1/0579/0095/7832/products/36f81567af8ac22d1251073026b69630.jpg?v=1650977799
gundam,model_kit,Gundam Place Store,retailer,us,RG #19 Gundam Astray Red Frame,33.99,,,USD,New,https://gundamplacestore.com/products/1-144-rg-gundam-astray-red-frame?q=gundam,https://cdn.shopify.com/s/files/1/0579/0095/7832/products/rg-mbf-p02-gundam-astray-red-frame-05_clipped_rev_1_1024x1024_b534a870-fdba-47ea-93c2-23ccfb043ec8.png?v=1650977641
gundam,model_kit,Gundam Place Store,retailer,us,RG #40 RX-78-2 GUNDAM (Ver.2.0),40.99,,,USD,New,https://gundamplacestore.com/products/rg-rx-78-2-gundam-ver-2-0?q=gundam,https://cdn.shopify.com/s/files/1/0579/0095/7832/files/650F4769-9898-4354-A806-23F9F5403650.jpg?v=1762023196
gundam,model_kit,Gundam Place Store,retailer,us,MG WING GUNDAM Ver. Ka,40.99,,,USD,New,https://gundamplacestore.com/products/mg-wing-gundam-ver-ka?q=gundam,https://cdn.shopify.com/s/files/1/0579/0095/7832/products/1BAN123714-1.jpg?v=1650977963
gundam,model_kit,Gundam Place Store,retailer,us,MG Full Armor Unicorn Gundam Ver.KA,102.99,,,USD,New,https://gundamplacestore.com/products/1-100-mg-full-armor-unicorn-gundam-ver-ka?q=gundam,https://cdn.shopify.com/s/files/1/0579/0095/7832/products/mg-rx-0-full-armor-unicorn-gundam-ver-ka-00-1.jpg?v=1650977767
gundam,model_kit,USA Gundam Store,retailer,us,MGEX 1/100 Mighty Strike Freedom Gundam,279.99,,,USD,New,https://www.usagundamstore.com/products/mgex-1-100-mighty-strike-freedom-gundam,https://cdn.shopify.com/s/files/1/0727/8355/files/2857431_MGEX1_100MIGHTYSTRIKEFREEDOMGUNDAM_2_0cca434c-7159-403b-ac27-ad79a3aa5de7_600x600.jpg?v=1788879515
gundam,model_kit,USA Gundam Store,retailer,us,HGGQ 1/144 #12 White Gundam,19.59,,,USD,New,https://www.usagundamstore.com/products/hggq-1-144-white-gundam,https://cdn.shopify.com/s/files/1/0727/8355/files/lSFTOLe2QJTj2oPN_60ef9324-9c3d-486c-b94f-eec04790a238_600x600.jpg?v=1764614567
gundam,model_kit,USA Gundam Store,retailer,us,Shenma Model 1/100 Blue Knight Rising Freedom Gundam,74.99,,,USD,New,https://www.usagundamstore.com/products/shenma-model-1-100-blue-knight-rising-freedom-gundam,https://cdn.shopify.com/s/files/1/0727/8355/files/download-2026-06-21T105325.102_600x600.png?v=1782053975
gundam,model_kit,USA Gundam Store,retailer,us,MGEX 1/100 Strike Freedom Gundam,182.99,,,USD,New,https://www.usagundamstore.com/products/mgex-1-100-strike-freedom-gundam,https://cdn.shopify.com/s/files/1/0727/8355/products/156_5149_o_1gh093slv1tv2e8ooif1c6opp62i_8e614654-4b6c-4869-bba2-9ae4d33307e5_600x600.jpg?v=1762277429
gundam,model_kit,USA Gundam Store,retailer,us,RG 1/144 #32 RX-93 Nu Gundam,55.99,,,USD,New,https://www.usagundamstore.com/products/rg-1-144-32-rx-93-nu-gundam,https://cdn.shopify.com/s/files/1/0727/8355/products/e43a1a49-cb62-44e9-8bcd-3c4048f4139b_600x600.jpg?v=1762269790
gundam,model_kit,USA Gundam Store,retailer,us,RG 1/144 #37 Burning Gundam,49.99,,,USD,New,https://www.usagundamstore.com/products/rg-1-144-37-god-gundam,https://cdn.shopify.com/s/files/1/0727/8355/products/153_5028_o_1g9u42c8e1fmriirah01nsnavb23_600x600.jpg?v=1762275873
gundam,model_kit,USA Gundam Store,retailer,us,HGAC 1/144 #242 Shenlong Gundam,19.99,,,USD,New,https://www.usagundamstore.com/products/hgac-1-144-242-shenlong-gundam,https://cdn.shopify.com/s/files/1/0727/8355/products/157_5100_o_1gc66sdt71hjojunjsk1c4dq0h2n_218f688b-e100-44c9-acbf-f9ee653e09ce_600x600.jpg?v=1762276888
gundam,model_kit,USA Gundam Store,retailer,us,MG 1/100 Hi-Nu Gundam (Ver. Ka),89.99,,,USD,New,https://www.usagundamstore.com/products/mg-1-100-hi-nu-gundam-ver-ka,https://cdn.shopify.com/s/files/1/0727/8355/products/95c23183-9315-4e13-ba71-02cc508b4bcd_600x600.jpg?v=1762198077
gundam,model_kit,USA Gundam Store,retailer,us,PG Unleashed 1/60 Nu Gundam,689.99,,,USD,New,https://www.usagundamstore.com/products/pg-unleashed-1-60-gundam,https://cdn.shopify.com/s/files/1/0727/8355/files/a459c8ea-02ed-4cec-9510-3a6b7ee53e9d_600x600.webp?v=1762288461
gundam,model_kit,USA Gundam Store,retailer,us,RG 1/144 #42 Shining Gundam,42.99,,,USD,New,https://www.usagundamstore.com/products/rg-1-144-41-rg-1-144-shining-gundam,https://cdn.shopify.com/s/files/1/0727/8355/files/conuS7erzRJNtRt0_600x600.jpg?v=1762285791
gundam,model_kit,USA Gundam Store,retailer,us,Entry Grade 1/144 Wing Gundam,11.99,,,USD,New,https://www.usagundamstore.com/products/entry-grade-1-144-wing-gundam,https://cdn.shopify.com/s/files/1/0727/8355/files/Si0mf8QZMUIHzVNM_dce55302-b2e7-4558-990a-ae8fd06f7a12_600x600.jpg?v=1762288463
gundam,model_kit,USA Gundam Store,retailer,us,RG 1/144 #25 Unicorn Gundam,50.99,,,USD,New,https://www.usagundamstore.com/products/rg-1-144-25-unicorn-gundam,https://cdn.shopify.com/s/files/1/0727/8355/products/cf69efea-a2c0-4aa6-9072-ae289fca2872_600x600.jpg?v=1762200507
gundam,model_kit,USA Gundam Store,retailer,us,MGSD Freedom Gundam,54.99,,,USD,New,https://www.usagundamstore.com/products/mgsd-freedom-gundam,https://cdn.shopify.com/s/files/1/0727/8355/products/153_5206_o_1gmsp1pajm3a1q3910q21o8j3h323_042b642f-3d0f-4380-84e2-53e14c148ab6_600x600.jpg?v=1762278822
gundam,model_kit,USA Gundam Store,retailer,us,MG 1/100 Zeta Gundam (Ver.Ka),86.99,,,USD,New,https://www.usagundamstore.com/products/mg-1-100-zeta-gundam-ver-ka,https://cdn.shopify.com/s/files/1/0727/8355/products/153_5223_o_1gdplns5j1bml2am1js9bd1jqr23_72f71e81-deca-463c-a40f-ce9e74b5f23e_600x600.jpg?v=1762278822
gundam,model_kit,USA Gundam Store,retailer,us,MG 1/100 Full Armor Gundam,67.99,,,USD,New,https://www.usagundamstore.com/products/mg-1-100-full-armor-gundam,https://cdn.shopify.com/s/files/1/0727/8355/products/12_66127af8-5450-4af2-a53b-741a2956cb98_600x600.jpg?v=1762200940
gundam,model_kit,USA Gundam Store,retailer,us,HGCE 1/144 #224 Destiny Gundam (Revive),25.99,,,USD,New,https://www.usagundamstore.com/products/hgce-1-144-224-destiny-gundam-revive,https://cdn.shopify.com/s/files/1/0727/8355/products/hgce-destiny-gundam-revive-01_600x600.jpg?v=1762268947
gundam,model_kit,USA Gundam Store,retailer,us,RG 1/144 #09 Justice Gundam,33.99,,,USD,New,https://www.usagundamstore.com/products/rg-1-144-09-justice-gundam,https://cdn.shopify.com/s/files/1/0727/8355/products/d1f56a41-e423-49c1-a082-4fd058d529fe_600x600.jpg?v=1762198473
gundam,model_kit,USA Gundam Store,retailer,us,RG 1/144 #30 Full Armor Unicorn Gundam,69.99,,,USD,New,https://www.usagundamstore.com/products/rg-1-144-30-full-armor-unicorn-gundam,https://cdn.shopify.com/s/files/1/0727/8355/products/8c7a02e6-472b-4efb-a677-4aa2f0a31b2c_600x600.jpg?v=1762201996
gundam,model_kit,USA Gundam Store,retailer,us,MG 1/100 Freedom Gundam (Ver 2.0),60.99,,,USD,New,https://www.usagundamstore.com/products/mg-1-100-freedom-gundam-ver-2-0,https://cdn.shopify.com/s/files/1/0727/8355/products/3322ad85-8d07-47b5-8a55-fc2df9a9fca8_600x600.jpg?v=1762198719
gundam,model_kit,USA Gundam Store,retailer,us,MG 1/100 Destiny Gundam (Extreme Blast Mode),78.99,,,USD,New,https://www.usagundamstore.com/products/mg-1-100-destiny-gundam-extreme-blast-mode,https://cdn.shopify.com/s/files/1/0727/8355/products/523f4b20-6c93-48ea-90ed-b57b5609acb7_600x600.png?v=1762198067
gundam,model_kit,USA Gundam Store,retailer,us,MG 1/100 RX-78-2 Gundam (Ver. Ka),36.99,,,USD,New,https://www.usagundamstore.com/products/mg-1-100-rx-78-2-gundam-ver-ka,https://cdn.shopify.com/s/files/1/0727/8355/files/153_316_s_84qmj44e77vfrla6eo4jtamghypq_fbde4072-f3b5-49a0-b58a-a821e0745ff5_600x600.jpg?v=1762199200
gundam,model_kit,USA Gundam Store,retailer,us,Entry Grade 1/144 #11 Nu Gundam,12.99,,,USD,New,https://www.usagundamstore.com/products/entry-grade-1-144-11-nu-gundam,https://cdn.shopify.com/s/files/1/0727/8355/products/158_5007_s_0ylwv6vvc4fo9vact34r4ywn1f1v_d526c390-6b52-428d-a7fb-cca1c071fd79_600x600.jpg?v=1762275873
gundam,model_kit,USA Gundam Store,retailer,us,RG 1/144 #11 Destiny Gundam,34.99,,,USD,New,https://www.usagundamstore.com/products/rg-1-144-11-destiny-gundam,https://cdn.shopify.com/s/files/1/0727/8355/products/63627d48-cdf8-467f-9da6-a7850a41b8be-removebg_600x600.png?v=1762198353
gundam,model_kit,USA Gundam Store,retailer,us,RG 1/144 #01 RX-78-2 Gundam,30.99,,,USD,New,https://www.usagundamstore.com/products/rg-1-144-01-rx-78-2-gundam,https://cdn.shopify.com/s/files/1/0727/8355/products/27d7884d-c254-401f-86be-23d2a83779fc_600x600.jpg?v=1762198536
gundam,model_kit,USA Gundam Store,retailer,us,MG 1/100 Shining Gundam,29.99,,,USD,New,https://www.usagundamstore.com/products/mg-1-100-shining-gundam,https://cdn.shopify.com/s/files/1/0727/8355/products/87d2a3ec-7ff5-4630-a65e-3fbfb0972687_600x600.jpg?v=1762199100
gundam,model_kit,USA Gundam Store,retailer,us,HGCE 1/144 #250 Mighty Strike Freedom Gundam,31.99,,,USD,New,https://www.usagundamstore.com/products/hggs-1-144-hg-mighty-strike-freedom-gundam-gundam-seed-freedom,https://cdn.shopify.com/s/files/1/0727/8355/files/153_6063_o_1huafj5mh24vl875gmm27esd23_41c72a00-c329-47c4-b135-09fa575cb90f_600x600.jpg?v=1762282632
gundam,model_kit,USA Gundam Store,retailer,us,HGCC 1/144 #177 Turn A Gundam,18.99,,,USD,New,https://www.usagundamstore.com/products/hgcc-1-144-177-turn-a-gundam,https://cdn.shopify.com/s/files/1/0727/8355/products/17a333bd-5baa-4fd6-91da-1f71eca5b896_600x600.jpg?v=1762198867
gundam,model_kit,USA Gundam Store,retailer,us,MG 1/100 FXA-05D Super Gundam,53.99,,,USD,New,https://www.usagundamstore.com/products/mg-fxa-05d-super-gundam,https://cdn.shopify.com/s/files/1/0727/8355/files/153_2513_s_pq1n0uxo4e20jy05jh1nfsbrinnu_2a1c7f4c-9cf1-4131-95e2-7979694145bb_600x600.jpg?v=1781898860
gundam,model_kit,USA Gundam Store,retailer,us,HG00 1/144 #45 0 Gundam (Type A.C.D. Ver.),17.99,,,USD,New,https://www.usagundamstore.com/products/hg00-1-144-45-0-gundam-type-a-c-d-ver,https://cdn.shopify.com/s/files/1/0727/8355/products/0a20ed22-10b1-459c-9c02-367c5526f936_600x600.jpg?v=1762198403
gundam,model_kit,USA Gundam Store,retailer,us,HGGBM 1/144 #4 Shin Burning Gundam,33.99,,,USD,New,https://www.usagundamstore.com/products/hg-1-144-god-burning-gundam-hg-1-144-shin-burning-gundam,https://cdn.shopify.com/s/files/1/0727/8355/files/153_5882_o_1hehpl5ib11k0b151bng6d91mth23_b9aa685e-e923-4f70-b3fa-a334b2bff9d5_600x600.jpg?v=1762280601
gundam,model_kit,USA Gundam Store,retailer,us,Gundam Legend BB370 SD Knight Gundam,13.99,,,USD,New,https://www.usagundamstore.com/products/gundam-legend-bb370-sd-knight-gundam,https://cdn.shopify.com/s/files/1/0727/8355/products/71Z6k9tanKL._SL1500_600x600.jpg?v=1762198875
gundam,model_kit,USA Gundam Store,retailer,us,MG 1/100 RX-0 Full Armor Unicorn Gundam (Ver.Ka),102.99,,,USD,New,https://www.usagundamstore.com/products/mg-1-100-rx-0-full-armor-unicorn-gundam-ver-ka,https://cdn.shopify.com/s/files/1/0727/8355/products/690db7cb-9d7e-4ef4-8c5c-e5f2892a1abd_600x600.jpg?v=1762198188
gundam,model_kit,USA Gundam Store,retailer,us,HGUC 1/144 #29 Ex-S Gundam,33.99,,,USD,New,https://www.usagundamstore.com/products/hguc-1-144-29-ex-s-gundam,https://cdn.shopify.com/s/files/1/0727/8355/products/9f432bf3-d24b-4ef8-b778-071bbdb89b28_600x600.jpg?v=1762198459
gundam,model_kit,USA Gundam Store,retailer,us,RG 1/144 #14 Strike Freedom Gundam,43.99,,,USD,New,https://www.usagundamstore.com/products/rg-1-144-14-strike-freedom-gundam,https://cdn.shopify.com/s/files/1/0727/8355/products/6d6223b5-5757-4915-9e64-b25a1d8b1f0a_600x600.jpg?v=1762198362
gundam,model_kit,USA Gundam Store,retailer,us,RG 1/144 #05 Freedom Gundam,33.99,,,USD,New,https://www.usagundamstore.com/products/rg-1-144-05-freedom-gundam,https://cdn.shopify.com/s/files/1/0727/8355/products/c25337ec-2e5e-4074-8035-56ff544de8c5_600x600.jpg?v=1762198353
gundam,model_kit,USA Gundam Store,retailer,us,HGBF 1/144 #07 Sengoku Astray Gundam,24.99,,,USD,New,https://www.usagundamstore.com/products/hgbf-1-144-07-sengoku-astray-gundam,https://cdn.shopify.com/s/files/1/0727/8355/products/29049891-5281-45f5-87e5-942c27941b23_600x600.jpg?v=1762198206
gundam,model_kit,USA Gundam Store,retailer,us,HGUC 1/144 #49 Psycho Gundam,66.99,,,USD,New,https://www.usagundamstore.com/products/hguc-1-144-49-psycho-gundam,https://cdn.shopify.com/s/files/1/0727/8355/products/d04ef748-bb8a-43c5-819b-216d14386bbe_600x600.jpg?v=1762198687
gundam,model_kit,USA Gundam Store,retailer,us,MG 1/100 Justice Gundam,64.99,,,USD,New,https://www.usagundamstore.com/products/pre-order-mg-1-100-justice-gundam,https://cdn.shopify.com/s/files/1/0727/8355/products/38e05623-1982-4bec-a70a-af5cb946aab0-removebg_600x600.png?v=1762199220
gundam,model_kit,USA Gundam Store,retailer,us,Gundam Legend BB375 SD Command Gundam,13.99,,,USD,New,https://www.usagundamstore.com/products/gundam-legend-bb375-sd-command-gundam,https://cdn.shopify.com/s/files/1/0727/8355/products/f242ad04-0815-43ae-887a-54df7678a384_1_600x600.jpg?v=1762201746
gundam,model_kit,USA Gundam Store,retailer,us,SD Gundam EX-Standard 005 RX-0 Unicorn Gundam (Destroy Mode),11.99,,,USD,New,https://www.usagundamstore.com/products/sd-ex-standard-005-rx-0-unicorn-gundam-destroy-mode,https://cdn.shopify.com/s/files/1/0727/8355/products/2daa1ee2-9cf9-4e4d-b7ad-b4a82c7b9d64_600x600.jpg?v=1762198631
gundam,model_kit,USA Gundam Store,retailer,us,MG 1/100 Wing Gundam (Ver. Ka),40.99,,,USD,New,https://www.usagundamstore.com/products/mg-1-100-wing-gundam-ver-ka,https://cdn.shopify.com/s/files/1/0727/8355/products/34d85331-1fa5-4a8f-a635-c1c056608460_600x600.jpg?v=1762198467
gundam,model_kit,USA Gundam Store,retailer,us,MG 1/100 Wing Gundam (TV),48.99,,,USD,New,https://www.usagundamstore.com/products/mg-wing-gundam,https://cdn.shopify.com/s/files/1/0727/8355/products/0b4a444a-8152-413f-8b9b-f7e57d81134c_600x600.jpg?v=1762198757
gundam,model_kit,USA Gundam Store,retailer,us,MG 1/100 Sword Impulse Gundam,60.99,,,USD,New,https://www.usagundamstore.com/products/mg-1-100-sword-impulse-gundam,https://cdn.shopify.com/s/files/1/0727/8355/products/a4a242e1-e123-4174-8334-9761b6fb26ec_600x600.jpg?v=1762198152
gundam,model_kit,USA Gundam Store,retailer,us,MG 1/100 XXXG-01W Wing Gundam (EW),40.99,,,USD,New,https://www.usagundamstore.com/products/mg-1-100-xxxg-01w-wing-gundam-ew-ver,https://cdn.shopify.com/s/files/1/0727/8355/products/153_2717_s_hv9i5s250pk4lcifesezoei0okqb_8dafe70f-e506-4ac4-9061-39f5a7b2020c_600x600.jpg?v=1762198069
gundam,model_kit,USA Gundam Store,retailer,us,MG 1/100 Victory 2 Gundam (Ver. Ka),60.99,,,USD,New,https://www.usagundamstore.com/products/pre-order-mg-1-100-v2-gundam-ver-ka,https://cdn.shopify.com/s/files/1/0727/8355/files/153_1430_s_6xbq4bm02qad2odbnyo92zqoru0f_71e4201e-a86c-4a29-8ee5-762294bc47dd_600x600.jpg?v=1762198568
gundam,model_kit,USA Gundam Store,retailer,us,HGCE 1/144 #192 Freedom Gundam (Revive),24.99,,,USD,New,https://www.usagundamstore.com/products/hgce-1-144-192-freedom-gundam-revive,https://cdn.shopify.com/s/files/1/0727/8355/products/6fe87f5f-f578-4035-9f5c-624817f3e4cb_600x600.jpg?v=1762198498
gundam,model_kit,USA Gundam Store,retailer,us,BB295 Blu Duel Gundam,9.99,,,USD,New,https://www.usagundamstore.com/products/bb295-blu-duel-gundam,https://cdn.shopify.com/s/files/1/0727/8355/products/153_2561_s_qvs8pl59548ooq7w02524vh7je3h_600x600.jpg?v=1762278327
gundam,model_kit,USA Gundam Store,retailer,us,HGFC 1/144 #110 GF13-017NJII Burning Gundam,24.99,,,USD,New,https://www.usagundamstore.com/products/hgfc-1-144-110-gf13-017njii-god-gundam,https://cdn.shopify.com/s/files/1/0727/8355/products/f743d0c8-352f-4c98-a31c-3a8d7641bb0b_600x600.jpg?v=1762198761
gundam,model_kit,USA Gundam Store,retailer,us,HGBF 1/144 #28 Try Burning Gundam,24.99,,,USD,New,https://www.usagundamstore.com/products/hgbf-1-144-try-burning-gundam,https://cdn.shopify.com/s/files/1/0727/8355/files/153_1254_s_mrzc0hvbbmokr52h08yd9yydbcf4_f8c08580-363d-4bc8-bdf3-94408d4bbe0e_600x600.jpg?v=1762198182
gundam,model_kit,USA Gundam Store,retailer,us,HGUC 1/144 #111 ZZ Gundam,30.99,,,USD,New,https://www.usagundamstore.com/products/hguc-1-144-111-zz-gundam,https://cdn.shopify.com/s/files/1/0727/8355/products/7571d159-7d01-45b5-b2fd-b52cec59e60d_600x600.jpg?v=1762198516
gundam,model_kit,USA Gundam Store,retailer,us,HGGQ 1/144 #4 gMS-α Red Gundam,29.99,,,USD,New,https://www.usagundamstore.com/products/hg-1-144-red-gundam,https://cdn.shopify.com/s/files/1/0727/8355/files/OJ4QYP0diK0xnfd5_600x600.jpg?v=1762287186
gundam,model_kit,USA Gundam Store,retailer,us,HGCE 1/144 #243 Rising Freedom Gundam,27.99,,,USD,New,https://www.usagundamstore.com/products/bandai-hg-1-144-rising-freedom-gundam-tentative-name,https://cdn.shopify.com/s/files/1/0727/8355/files/153_5937_o_1hko23oi9ick14121p69cko18c523_66c8069c-b82a-4e7b-8166-0ad5e7ba91bb_600x600.jpg?v=1762281802
gundam,model_kit,USA Gundam Store,retailer,us,HGBF 1/144 #40 Lightning Z Gundam,29.99,,,USD,New,https://www.usagundamstore.com/products/hgbf-1-144-040-lightning-z-gundam,https://cdn.shopify.com/s/files/1/0727/8355/products/49e65da3-c64d-4d8b-a9fb-efc11b707b61_600x600.jpg?v=1762198377
gundam,model_kit,USA Gundam Store,retailer,us,RG 1/144 #10 Zeta Gundam,40.99,,,USD,New,https://www.usagundamstore.com/products/rg-1-144-10-zeta-gundam,https://cdn.shopify.com/s/files/1/0727/8355/products/60f98391-69f0-4cf7-957b-9d5caaa98bc0_600x600.jpg?v=1762198231
gundam,model_kit,USA Gundam Store,retailer,us,MG PF-78-1 Perfect Gundam,53.99,,,USD,New,https://www.usagundamstore.com/products/mg-pf-78-1-perfect-gundam,https://cdn.shopify.com/s/files/1/0727/8355/products/14231877423_600x600.jpg?v=1762200942
gundam,model_kit,USA Gundam Store,retailer,us,HGUC 1/144 #218 Narrative Gundam (A-Packs),72.99,,,USD,New,https://www.usagundamstore.com/products/hguc-1-144-218-narrative-gundam-a-packs,https://cdn.shopify.com/s/files/1/0727/8355/products/5de6c8f9-aeb4-4b74-a67d-0e98ca5b2650_600x600.jpg?v=1762268519
gundam,model_kit,USA Gundam Store,retailer,us,HGUC 1/144 #189 V2 Assault Buster Gundam,27.99,,,USD,New,https://www.usagundamstore.com/products/hguc-1-144-189-v2-assault-buster-gundam,https://cdn.shopify.com/s/files/1/0727/8355/products/6e19f32b-8d7a-4720-a27c-9c5f20c06873_600x600.jpg?v=1781892004
gundam,model_kit,USA Gundam Store,retailer,us,HG00 1/144 #37 Seraphim Gundam,14.99,,,USD,New,https://www.usagundamstore.com/products/hg-1-144-37-seraphim-gundam,https://cdn.shopify.com/s/files/1/0727/8355/files/153_1861_o_1bblush84h2kj7t19v6rhh4f523_8c038bff-c749-40ad-80f3-652ef695ca18_600x600.jpg?v=1762198898
gundam,model_kit,USA Gundam Store,retailer,us,HGCE 1/144 #231 Infinite Justice Gundam,29.99,,,USD,New,https://www.usagundamstore.com/products/hgce-1-144-231-infinite-justice-gundam,https://cdn.shopify.com/s/files/1/0727/8355/products/f2755436-c3e2-4b82-a68c-d5d28f0b0d60_600x600.jpg?v=1762271465
gundam,model_kit,USA Gundam Store,retailer,us,HG 1/144 #41 Strike Noir Gundam,19.99,,,USD,New,https://www.usagundamstore.com/products/hg-1-144-41-strike-noir-gundam,https://cdn.shopify.com/s/files/1/0727/8355/products/s-l500_e3facbd4-b8d7-401f-af2c-ad1900e02b03_600x600.jpg?v=1764881450
gundam,model_kit,USA Gundam Store,retailer,us,PG 1/60 Strike Freedom Gundam,325.99,,,USD,New,https://www.usagundamstore.com/products/pg-strike-freedom-gundam,https://cdn.shopify.com/s/files/1/0727/8355/files/153_3859_s_fxnmhl45793pioe82adur92h9t57_fd069600-df9c-43bd-bf9b-985a9c39c2d6_600x600.jpg?v=1762198567
gundam,model_kit,USA Gundam Store,retailer,us,HGBF 1/144 #058 Star Burning Gundam,20.99,,,USD,New,https://www.usagundamstore.com/products/pre-order-hgbf-1-144-star-burning-gundam,https://cdn.shopify.com/s/files/1/0727/8355/files/153_2012_s_7dctg3r543ov0h95g1dsos3erjk0_72ae6d8b-34a9-4f6a-b14c-744e030d639d_600x600.jpg?v=1762200879
gundam,model_kit,USA Gundam Store,retailer,us,MG 1/100 V-Dash Gundam (Ver.Ka),75.99,,,USD,New,https://www.usagundamstore.com/products/mg-lm312v04-v-dash-gundam-ver-ka,https://cdn.shopify.com/s/files/1/0727/8355/files/1000092377_1_9b3963a3-0c26-4472-8f37-38534426c621_600x600.jpg?v=1765471160
gundam,model_kit,USA Gundam Store,retailer,us,MG 1/100 Master Gundam,36.99,,,USD,New,https://www.usagundamstore.com/products/mg-1-100-master-gundam,https://cdn.shopify.com/s/files/1/0727/8355/products/72696561-66aa-4c6c-8c83-70389d015634_600x600.jpg?v=1762199103
gundam,model_kit,USA Gundam Store,retailer,us,RG 1/144 #41 ORB-01 Akatsuki Gundam (Oowashi Unit),97.99,,,USD,New,https://www.usagundamstore.com/products/rg-1-144-39-akatsuki-gundam-equipped-with-owashi,https://cdn.shopify.com/s/files/1/0727/8355/files/153_6242_o_1iel62jkqqrf12n11bhp1du911um23_600x600.jpg?v=1762283813
gundam,model_kit,USA Gundam Store,retailer,us,HGCE 1/144 #252 Duel Blitz Gundam,31.99,,,USD,New,https://www.usagundamstore.com/products/hgce-1-144-duel-blitz-gundam,https://cdn.shopify.com/s/files/1/0727/8355/files/153_6088_o_1i2t87iscr9o1hfc1g0b1clomgk23_5952c99d-ed67-4a8c-854e-167681fe2ab4_600x600.jpg?v=1762283274
gundam,model_kit,USA Gundam Store,retailer,us,SD Gundam Ex-Standard 20 Rising Freedom Gundam,11.99,,,USD,New,https://www.usagundamstore.com/products/sd-gundam-ex-standard-rising-freedom-gundam,https://cdn.shopify.com/s/files/1/0727/8355/files/153_5939_o_1hko1svohkshhd5u7sv111hpu23_8331e32c-77c8-4eb4-b1a1-9c00d6f94ea2_600x600.jpg?v=1762281811
gundam,model_kit,USA Gundam Store,retailer,us,HGCE 1/144 #201 Strike Freedom Gundam,28.99,,,USD,New,https://www.usagundamstore.com/products/hgce-1-144-201-strike-freedom-gundam,https://cdn.shopify.com/s/files/1/0727/8355/products/1299fbe8-528a-4d69-9ef5-43730019336c_600x600.jpg?v=1762199004
gundam,model_kit,USA Gundam Store,retailer,us,Gundam Legend SD Gundam BB373 Musha Gundam,13.99,,,USD,New,https://www.usagundamstore.com/products/gundam-legend-sd-gundam-bb373-musha-gundam,https://cdn.shopify.com/s/files/1/0727/8355/products/51FaR8FvoYL_600x600.jpg?v=1762201547
gundam,model_kit,USA Gundam Store,retailer,us,MG 1/100 Sengoku Astray Gundam,66.99,,,USD,New,https://www.usagundamstore.com/products/mg-1-100-sengoku-astray-gundam,https://cdn.shopify.com/s/files/1/0727/8355/files/153_1052_s_w14lmnjvb8nyt282jwofqwi93tmz_95193ced-6135-4cd8-8883-9b46d20028aa_600x600.jpg?v=1762198217
gundam,model_kit,USA Gundam Store,retailer,us,SDBF #30 Star Winning Gundam,16.99,,,USD,New,https://www.usagundamstore.com/products/sdbf-030-star-winning-gundam,https://cdn.shopify.com/s/files/1/0727/8355/products/153_1261_s_gdvz7xtxb83wqccuwtdzs26kd5az_f52e007f-fa81-4ca8-ac94-ff449fcc7a80_600x600.jpg?v=1762198206
gundam,model_kit,USA Gundam Store,retailer,us,HGUC 1/144 #165 Victory Gundam,16.99,,,USD,New,https://www.usagundamstore.com/products/hguc-1-144-165-v-gundam,https://cdn.shopify.com/s/files/1/0727/8355/products/71UwICJcaOL._SL1431_600x600.jpg?v=1762198158
gundam,model_kit,USA Gundam Store,retailer,us,MG 1/100 GAT-X105 Aile Strike Gundam (Ver. RM),55.99,,,USD,New,https://www.usagundamstore.com/products/mg-1-100-gat-x105-aile-strike-gundam-ver-rm-remaster,https://cdn.shopify.com/s/files/1/0727/8355/products/8a890ae4-6f96-4798-9a84-b531440412c4_600x600.jpg?v=1762198064
gundam,model_kit,USA Gundam Store,retailer,us,MG 1/100 Infinite Justice Gundam,66.99,,,USD,New,https://www.usagundamstore.com/products/bandai-1-100-mg-master-grade-infinite-justice-gundam-model-kit-zgmf-x19a-156649,https://cdn.shopify.com/s/files/1/0727/8355/products/8b5af19e-a20f-427b-8a44-918f98ccaa7c_600x600.png?v=1762197958
gundam,model_kit,USA Gundam Store,retailer,us,MG 1/100 Force Impulse Gundam,59.99,,,USD,New,https://www.usagundamstore.com/products/bandai-1-100-mg-master-grade-gundam-seed-force-impulse-gundam-model-kit,https://cdn.shopify.com/s/files/1/0727/8355/products/c15ddd30-c95c-41be-ba43-73164f3f7d86_600x600.png?v=1762197955
gundam,model_kit,USA Gundam Store,retailer,us,SD Gundam EX-Standard 006 Strike Freedom Gundam,11.99,,,USD,New,https://www.usagundamstore.com/products/pre-order-ex-standard-006-strike-freedom-gundam,https://cdn.shopify.com/s/files/1/0727/8355/products/153_1560_s_jwq138edmob8cx9od4knlvs4r2n1_2c464441-c29e-441a-9668-de07ca1bcf6c_600x600.jpg?v=1762198627
gundam,model_kit,USA Gundam Store,retailer,us,SD Gundam EX-Standard 002 Aile Strike Gundam,11.99,,,USD,New,https://www.usagundamstore.com/products/sd-gundam-ex-standard-002-aile-strike-gundam,https://cdn.shopify.com/s/files/1/0727/8355/products/Untitled-42_92714faf-dc5a-499e-bebb-cc4ad9e992d8_600x600.jpg?v=1762198618
gundam,model_kit,USA Gundam Store,retailer,us,HGBF 1/144 #43 Kamiki Burning Gundam,24.99,,,USD,New,https://www.usagundamstore.com/products/hgbf-1-144-43-kamiki-burning-gundam,https://cdn.shopify.com/s/files/1/0727/8355/products/a0bbd6d2-c38f-4e11-8b1d-15e60b5a1cce_600x600.jpg?v=1762198503
gundam,model_kit,USA Gundam Store,retailer,us,HGUC 1/144 #222 RX-9/C Narrative Gundam (C-Packs),30.99,,,USD,New,https://www.usagundamstore.com/products/hguc-1-144-222-rx-9-c-narrative-gundam-c-packs,https://cdn.shopify.com/s/files/1/0727/8355/products/c1d54d24-9c3d-494b-b2a1-37c062caaa54_600x600.jpg?v=1762268900
gundam,model_kit,USA Gundam Store,retailer,us,SD BB Senshi #227 Super Gundam,10.99,,,USD,New,https://www.usagundamstore.com/products/sd-bb-senshi-227-super-gundam,https://cdn.shopify.com/s/files/1/0727/8355/products/1000075246_1_600x600.jpg?v=1762278795
gundam,model_kit,USA Gundam Store,retailer,us,Gundam Seed Full Mechanics 1/100 Raider Gundam,59.99,,,USD,New,https://www.usagundamstore.com/products/gundam-seed-full-mechanics-1-100-raider-gundam,https://cdn.shopify.com/s/files/1/0727/8355/products/157_5020_s_782i8vqwneersef5ohs0yi0ixw88_627c8467-07fd-4ec3-aeb0-ba4e3da8419f_600x600.jpg?v=1762275871
gundam,model_kit,USA Gundam Store,retailer,us,RG 1/144 #03 Aile Strike Gundam,33.99,,,USD,New,https://www.usagundamstore.com/products/rg-1-144-03-aile-strike-gundam,https://cdn.shopify.com/s/files/1/0727/8355/products/ce206f39-1cc8-4948-bb3e-922dfa010d89-removebg_600x600.png?v=1762198351
gundam,model_kit,USA Gundam Store,retailer,us,HGCE 1/144 #198 Force Impulse Gundam,22.99,,,USD,New,https://www.usagundamstore.com/products/hgce-1-144-198-force-impulse-gundam,https://cdn.shopify.com/s/files/1/0727/8355/products/f7676f54-a010-4cf6-b2cc-6e55111bc95e_600x600.jpg?v=1762198775
gundam,model_kit,USA Gundam Store,retailer,us,Gundam SD EX-Standard 009 Destiny Gundam,10.99,,,USD,New,https://www.usagundamstore.com/products/pre-order-ex-standard-009-destiny-gundam,https://cdn.shopify.com/s/files/1/0727/8355/products/153_1815_s_i9j370wqbwajkap5s0t303m15h1b_d10ff823-d824-478f-b026-de4f6eb40623_600x600.jpg?v=1762198712
gundam,model_kit,USA Gundam Store,retailer,us,HGFC 1/144 #127 Shining Gundam,19.99,,,USD,New,https://www.usagundamstore.com/products/hgfc-127-shining-gundam-1-144,https://cdn.shopify.com/s/files/1/0727/8355/files/94d741a9-a785-45af-bf8e-c65ad918df61_600x600.webp?v=1762198668
gundam,model_kit,USA Gundam Store,retailer,us,MG 1/100 ZGMF-X42S Destiny Gundam,64.99,,,USD,New,https://www.usagundamstore.com/products/bandai-mg-512437-gundam-zgmf-x42s-destiny-gundam-1-100-scale-kit,https://cdn.shopify.com/s/files/1/0727/8355/products/d973fa91-11a8-45b9-96bf-c8ae2272ba6d_600x600.jpg?v=1762197960
gundam,model_kit,USA Gundam Store,retailer,us,MG 1/100 Launcher and Sword Strike Gundam,60.99,,,USD,New,https://www.usagundamstore.com/products/mg-launcher-amp-sword-strike-gundam,https://cdn.shopify.com/s/files/1/0727/8355/files/153_2585_s_x03c6y6obsm8acivojdjjz7fv329_600x600.jpg?v=1762198524
gundam,model_kit,USA Gundam Store,retailer,us,HGCE 1/144 #226 Destiny Gundam (Heine Westenfluss Custom),29.99,,,USD,New,https://www.usagundamstore.com/products/hgce-1-144-destiny-gundam-heine-westenfluss-custom,https://cdn.shopify.com/s/files/1/0727/8355/files/153_3241_s_z0jd4h0948ax1chwv15782mrgnt0_600x600.jpg?v=1781812371
gundam,model_kit,USA Gundam Store,retailer,us,HGUC 1/144 #35 Super Gundam,27.99,,,USD,New,https://www.usagundamstore.com/products/hguc-1-144-35-super-gundam,https://cdn.shopify.com/s/files/1/0727/8355/products/3bc5dc3f-eba9-4b62-bd5c-07b04546aaa1_600x600.jpg?v=1762198380
gundam,model_kit,USA Gundam Store,retailer,us,SDW Heroes #36 78th Musha Gundam,21.99,,,USD,New,https://www.usagundamstore.com/products/sdw-heroes-36-musha-gundam-the-78th,https://cdn.shopify.com/s/files/1/0727/8355/files/153_5941_s_wjlu3wh38m25sl856ztvbhoee8ed_8d1f6b20-f231-41cb-ad96-ef981eed743d_600x600.jpg?v=1762281689
gundam,model_kit,USA Gundam Store,retailer,us,SDW Heroes Resurrection #33 Wukong Impulse (Childhood Ver.) &amp; Sanzo Strike Freedom Gundam Set,20.99,,,USD,New,https://www.usagundamstore.com/products/sdw-heroes-33-goku-impulse-gundam-sanzang-strike-freedom-gundam-set,https://cdn.shopify.com/s/files/1/0727/8355/files/153_5864_s_qy2cjfl5elpek0ok2hq770klkywc_7d6ece09-38f9-4602-a67e-70f0db404df0_600x600.jpg?v=1762280946
gundam,other,USA Gundam Store,retailer,us,F66 MG PB Eclipse Gundam with Raisin Striker Decal Sheet,7.99,,,USD,New,https://www.usagundamstore.com/products/f66-mg-pb-eclipse-gundam-with-raisin-striker-decal-sheet,https://cdn.shopify.com/s/files/1/0727/8355/products/06-10-F66MGPBEclipseGundam_RaisinStriker_2_600x600.jpg?v=1762280163
gundam,model_kit,USA Gundam Store,retailer,us,SDW Heroes #27 Zhao Yun 00 Gundam (Command Package Ver.),13.99,,,USD,New,https://www.usagundamstore.com/products/sdw-heroes-27-zhao-yun-00-gundam-command-package-ver,https://cdn.shopify.com/s/files/1/0727/8355/products/153_5101_o_1gd2jaihhdum1coiecf1ahd7ko23_12ec74a5-7dcd-4142-8876-20535f8addb3_600x600.jpg?v=1762276907
gundam,model_kit,USA Gundam Store,retailer,us,SDW Heroes #14 Qiongqi Strike Freedom Gundam,15.99,,,USD,New,https://www.usagundamstore.com/products/sdw-heroes-14-qiongqi-strike-freedom-gundam,https://cdn.shopify.com/s/files/1/0727/8355/products/153_4635_s_h282vyw9ix9nbucz9wbiqdjop5rp_600x600.jpg?v=1762276846
gundam,model_kit,USA Gundam Store,retailer,us,SDW Heroes #21 Knight Strike Gundam,10.99,,,USD,New,https://www.usagundamstore.com/products/sdw-heroes-21-knight-strike-gundam,https://cdn.shopify.com/s/files/1/0727/8355/products/153_4708_o_1g3nuj01ultj1pvr7ef17p1ti123_2f8f61fb-844b-4fca-a3e2-fd11f7e328c2_600x600.jpg?v=1762275427
gundam,model_kit,USA Gundam Store,retailer,us,HGBB 1/144 Blazing Gundam,23.99,,,USD,New,https://www.usagundamstore.com/products/hgbb-1-144-blazing-gundam,https://cdn.shopify.com/s/files/1/0727/8355/products/a20e6a8e-0e27-426e-a11a-983c86429ffc_600x600.jpg?v=1762274530
gundam,model_kit,USA Gundam Store,retailer,us,HGBF 1/144 #20 Lightning Gundam,20.99,,,USD,New,https://www.usagundamstore.com/products/hgbf-1-144-lightning-gundam,https://cdn.shopify.com/s/files/1/0727/8355/files/153_1195_s_9oj4o57w5bpnql730nt8krjctqt3_6e84cfbd-0b67-4c4d-95eb-59ca9ada7d46_600x600.jpg?v=1762198164
gundam,model_kit,USA Gundam Store,retailer,us,SD Gundam BB Senshi #288 Strike Freedom Gundam,9.99,,,USD,New,https://www.usagundamstore.com/products/bb-sd-strike-freedom,https://cdn.shopify.com/s/files/1/0727/8355/products/153_624_s_3dmezpt5auxypnsgi7dl7zoa6wzp_f5604804-c40b-40e9-a372-892c49abe610_600x600.jpg?v=1762198670
gundam,model_kit,USA Gundam Store,retailer,us,MG 1/100 ZGMF-X20A Strike Freedom Gundam,64.99,,,USD,New,https://www.usagundamstore.com/products/mg-100-zgmf-x20a-gundam-strike-freedom,https://cdn.shopify.com/s/files/1/0727/8355/products/52a8d73b-861e-4365-b8eb-e23736dbadb0_600x600.jpg?v=1762198070
gundam,model_kit,USA Gundam Store,retailer,us,Entry Grade 1/144 Strike Gundam (ECOPLA),9.99,,,USD,New,https://www.usagundamstore.com/products/entry-grade-1-144-strike-gundam-ecopla,https://cdn.shopify.com/s/files/1/0727/8355/files/original_16_f8745754-0209-4cf1-8e80-c4eb69fd4916_600x600.webp?v=1788881751
gundam,model_kit,USA Gundam Store,retailer,us,Entry Grade 1/144 RX-78-2 Gundam (ECOPLA),9.99,,,USD,New,https://www.usagundamstore.com/products/entry-grade-1-144-rx-78-2-gundam-ecopla,https://cdn.shopify.com/s/files/1/0727/8355/files/original_15_710feecb-b988-441b-86ae-a684c9601612_600x600.webp?v=1788881617
gundam,model_kit,USA Gundam Store,retailer,us,Gundam Decal 153 RG 1/144 Wing Gundam,8.99,,,USD,New,https://www.usagundamstore.com/products/gundam-decal-153-rg-1-144-wing-gundam,https://cdn.shopify.com/s/files/1/0727/8355/files/banh847334_0_600x600.jpg?v=1788879917
gundam,model_kit,USA Gundam Store,retailer,us,Gundam Decal 150 MGSD Freedom Gundam,8.99,,,USD,New,https://www.usagundamstore.com/products/gundam-decal-150-mgsd-freedom-gundam,https://cdn.shopify.com/s/files/1/0727/8355/files/banh847211_0_600x600.jpg?v=1788877411
gundam,model_kit,USA Gundam Store,retailer,us,PG 1/60 RX-0 Unicorn Gundam (Prototype Full Psycho-Frame),259.99,,,USD,New,https://www.usagundamstore.com/products/pg-1-60-rx-0-unicorn-gundam-prototype-full-psycho-frame,https://cdn.shopify.com/s/files/1/0727/8355/products/a2ccf26b-3429-4fbe-9d87-ba64163ab2cc_600x600.jpg?v=1762198450
gundam,model_kit,USA Gundam Store,retailer,us,HG00 1/144 #43 Arche Gundam,20.99,,,USD,New,https://www.usagundamstore.com/products/hg-1-144-43-arche-gundam,https://cdn.shopify.com/s/files/1/0727/8355/files/153_3660_s_natzoaeq8wyqsm6v37vj8rqgztuq_e0f2df47-d568-41a7-ba02-c9b28ad75905_600x600.jpg?v=1762198402
gundam,model_kit,USA Gundam Store,retailer,us,SD Gundam Cross Silhouette Tornado Gundam,21.99,,,USD,New,https://www.usagundamstore.com/products/sd-gundam-cross-silhouette-tornado-gundam,https://cdn.shopify.com/s/files/1/0727/8355/files/153_5283_s_t6ivht2zrd9d79xevghajaq6qaxj_b5a635ec-ca94-4f26-bb57-7a300c28b4ad_600x600.jpg?v=1762280555
gundam,model_kit,USA Gundam Store,retailer,us,E44 MG 1/100 V2 / V2AB Victory Gundam (2PC),7.99,,,USD,New,https://www.usagundamstore.com/products/e44-mg-1-100-v2-v2ab-victory-gundam-2pc,https://cdn.shopify.com/s/files/1/0727/8355/products/bf3ba9_0eeef3f3cc1845f7ac22face734752e9_mv2_600x600.jpg?v=1762276025
gundam,model_kit,USA Gundam Store,retailer,us,F39 MG Avalanche Exia Gundam,5.59,,,USD,New,https://www.usagundamstore.com/products/f39-mg-avalanche-exia-gundam,https://cdn.shopify.com/s/files/1/0727/8355/products/bf3ba9_1c416c9ec66742f5a8d1791d85cc9e04_mv2_600x600.jpg?v=1762276013
gundam,model_kit,USA Gundam Store,retailer,us,SDW Heroes #19 Caesar Legend Gundam,10.99,,,USD,New,https://www.usagundamstore.com/products/sdw-heroes-19-caesar-legend-gundam,https://cdn.shopify.com/s/files/1/0727/8355/products/153_4700_s_t1ysrw8j4or1wicdl4wktykyhawt_600x600.jpg?v=1762275428
gundam,model_kit,USA Gundam Store,retailer,us,"F33 MG 00 Gundam with Raiser, 00R (Redesigned!)",5.99,,,USD,New,https://www.usagundamstore.com/products/f33-mg-00-gundam-with-raiser-00r-redesigned,https://cdn.shopify.com/s/files/1/0727/8355/files/bf3ba9_d02ae53cf90347a09a0b2c4320ad115d_mv2_600x600.jpg?v=1762273479
gundam,model_kit,USA Gundam Store,retailer,us,F31 MG Magnum Gundam,5.99,,,USD,New,https://www.usagundamstore.com/products/f31-mg-magnum-gundam,https://cdn.shopify.com/s/files/1/0727/8355/products/F31MGMagnum_600x600.jpg?v=1762272969
gundam,model_kit,USA Gundam Store,retailer,us,C38 RG HG 1/144 Force Impulse Gundam,4.49,,,USD,New,https://www.usagundamstore.com/products/c38-rg-hg-1-144-force-impulse-gundam,https://cdn.shopify.com/s/files/1/0727/8355/products/06-14-C38RGHGFORCEIMPULSE_2_600x600.jpg?v=1762272306
gundam,model_kit,USA Gundam Store,retailer,us,F26 HiRM GOD GUNDAM,4.99,,,USD,New,https://www.usagundamstore.com/products/f26-hirm-god-gundam,https://cdn.shopify.com/s/files/1/0727/8355/products/god_600x600.jpg?v=1762271441
gundam,model_kit,USA Gundam Store,retailer,us,HGBF 1/144 #34 Transient Gundam,24.99,,,USD,New,https://www.usagundamstore.com/products/hgbf-1-144-034-transient-gundam,https://cdn.shopify.com/s/files/1/0727/8355/products/fc949cb4-2e00-4b71-b5a4-ff614f8e80a6_600x600.jpg?v=1762198111
gundam,model_kit,USA Gundam Store,retailer,us,SD Gundam BB Senshi #395 Nidaime Daishogun Gundam,19.99,,,USD,New,https://www.usagundamstore.com/products/second-generation-imperator-sd-musha-gundam-395-legend-bb,https://cdn.shopify.com/s/files/1/0727/8355/products/153_1187_s_6l6t6vu68s32mhnhhde40z390zbl_a5dd05c3-7112-4c38-88c7-583a33b44f91_600x600.jpg?v=1762198072
gundam,model_kit,USA Gundam Store,retailer,us,HGUC 1/144 #93 Nu Gundam (Heavy Weapon System),36.99,,,USD,New,https://www.usagundamstore.com/products/hguc-1-144-93-nu-gundam-heavy-weapon-system,https://cdn.shopify.com/s/files/1/0727/8355/products/c4685acd-272a-422f-a6c7-8ce3ca4a39d6_600x600.jpg?v=1762200706
gundam,model_kit,USA Gundam Store,retailer,us,RG 1/144 #44 RX-79[G] Gundam Ground Type,53.99,,,USD,New,https://www.usagundamstore.com/products/rg-1-144-rx-79g-gundam-ground-type,https://cdn.shopify.com/s/files/1/0727/8355/files/banh847181_0_600x600.jpg?v=1787751501
gundam,model_kit,USA Gundam Store,retailer,us,Explosive Model God Gundam (Metal Build-Style) 1/100 Scale Model Kit,94.99,,,USD,New,https://www.usagundamstore.com/products/god-gundam-explosive-model-metal-build-style-1-100-scale-with-metal-inner-frame,https://cdn.shopify.com/s/files/1/0727/8355/files/7824DA6B-291C-4079-9FB0-4080DBB3599E_600x600.jpg?v=1781643939
gundam,model_kit,USA Gundam Store,retailer,us,HGTWFM 1/144 #26 Gundam Calibarn,23.99,,,USD,New,https://www.usagundamstore.com/products/mobile-suit-gundam-the-witch-from-mercury-new-product-b-tentative,https://cdn.shopify.com/s/files/1/0727/8355/files/153_5527_s_dch0k096rqfilluzrmcul5zht4u7_1570cefb-b204-4870-802b-13e97d57dc5b_600x600.jpg?v=1762280262
gundam,model_kit,USA Gundam Store,retailer,us,MG Blazing Spirits 1/100 scale Master Gundam model kit,84.99,,,USD,New,https://www.usagundamstore.com/products/blazing-spirits-1-100-scale-master-gundam-model-kit,https://cdn.shopify.com/s/files/1/0727/8355/files/4AA0D66D-83CB-4253-A069-CA669AAD81DC_600x600.jpg?v=1778956739
gundam,other,USA Gundam Store,retailer,us,GM301 Gundam Marker Black (Pour Type),3.99,,,USD,New,https://www.usagundamstore.com/products/black-pour-type-gundam-marker-gm301p,https://cdn.shopify.com/s/files/1/0727/8355/products/51iaw6gc62L._AC_SL1150__1_29bd7b95-340b-4139-9769-c48fdaf5c86f_600x600.jpg?v=1762272593
gundam,model_kit,USA Gundam Store,retailer,us,MG 1/100 Gundam Barbatos Lupus,83.99,,,USD,New,https://www.usagundamstore.com/products/mg-1-100-gundam-barbatos-lupus,https://cdn.shopify.com/s/files/1/0727/8355/files/ZnclMZfgWJyMn2Pg_f6331e6e-c64f-4b0b-a8ba-8fbee8699f47_600x600.jpg?v=1763476582
gundam,model_kit,USA Gundam Store,retailer,us,HGTWFM 1/144 #03 Gundam Aerial,17.99,,,USD,New,https://www.usagundamstore.com/products/hgtwfm-1-144-03-gundam-aerial,https://cdn.shopify.com/s/files/1/0727/8355/products/189_5174_s_p0k6t0dftb22biju3b0wfu8ra8sw_060a394f-fbff-4a9a-9570-5ba95c69e3ac_600x600.jpg?v=1762278269
gundam,model_kit,USA Gundam Store,retailer,us,MG 1/100 ASW-G-XX Gundam Vidar,72.99,,,USD,New,https://www.usagundamstore.com/products/mg-1-100-asw-g-xx-gundam-vidar,https://cdn.shopify.com/s/files/1/0727/8355/files/153_6312_s_rvilif532m0xhisnf9sccodwstnt_8201eaf8-f10e-418d-ba86-ed5311b34909_600x600.jpg?v=1756306929
gundam,model_kit,USA Gundam Store,retailer,us,MGSD Gundam Barbatos Model Kit,54.99,,,USD,New,https://www.usagundamstore.com/products/mgsd-gundam-barbatos,https://cdn.shopify.com/s/files/1/0727/8355/files/153_5863_o_1hckgk9vf3cb14v2mgh1m091utm23_37c6a1c9-2479-49b8-b744-641a900e72c4_600x600.jpg?v=1762280928
gundam,model_kit,USA Gundam Store,retailer,us,MG 1/100 Gundam Epyon (EW Ver.),54.99,,,USD,New,https://www.usagundamstore.com/products/mg-1-100-gundam-epyon-ew-ver,https://cdn.shopify.com/s/files/1/0727/8355/products/30195c6d-3844-46e1-a9de-09355e081a25_600x600.jpg?v=1762198152
gundam,model_kit,USA Gundam Store,retailer,us,MG 1/100 ASW-G-08 Gundam Barbatos,60.99,,,USD,New,https://www.usagundamstore.com/products/mg-1-100-asw-g-08-gundam-barbatos,https://cdn.shopify.com/s/files/1/0727/8355/products/a2e9c4f9-0edd-4a06-987b-9b179fbe8e54_600x600.jpg?v=1762270682
gundam,other,USA Gundam Store,retailer,us,GM02 Gray Fine Point Gundam Marker,3.39,,,USD,New,https://www.usagundamstore.com/products/gsi-creos-gray-fine-point-gundam-marker,https://cdn.shopify.com/s/files/1/0727/8355/products/greyp_600x600.jpg?v=1762272578
gundam,model_kit,USA Gundam Store,retailer,us,HGIBO 1/144 #008 Gundam Gusion,16.99,,,USD,New,https://www.usagundamstore.com/products/hg-ibo-1-144-08-gundam-gusion,https://cdn.shopify.com/s/files/1/0727/8355/products/5e35ff2c-d67b-4252-9bca-6e7b476642d2_600x600.jpg?v=1762198575
gundam,model_kit,USA Gundam Store,retailer,us,HGTWFM 1/144 #19 Gundam Aerial Rebuild,22.99,,,USD,New,https://www.usagundamstore.com/products/hg-1-144-gundam-aerial-rebuild,https://cdn.shopify.com/s/files/1/0727/8355/products/153_5238_o_1gob4hha23q91daa1rt2v72e3p23_d2d00039-eeb7-4f1b-b201-0c748a53efd9_600x600.jpg?v=1762279507
gundam,model_kit,USA Gundam Store,retailer,us,MG 1/100 Gundam Deathscythe EW,43.99,,,USD,New,https://www.usagundamstore.com/products/mg-1-100-gundam-deathscythe-ew,https://cdn.shopify.com/s/files/1/0727/8355/products/153_2706_s_e5vizy8379hu4yvwaehr6u4v26tp_5e2cf195-1ff0-4550-8727-04709a5aef14_600x600.jpg?v=1762198514
gundam,model_kit,USA Gundam Store,retailer,us,HGAC 1/144 #236 Gundam Heavyarms,19.99,,,USD,New,https://www.usagundamstore.com/products/hgac-1-144-236-gundam-heavyarms,https://cdn.shopify.com/s/files/1/0727/8355/products/6a34a7a2-0954-4c7b-ba1b-52fb0f8e6683_600x600.jpg?v=1762272329
gundam,other,USA Gundam Store,retailer,us,Gundam Color (Semi-Gloss) Series,3.5,,,USD,New,https://www.usagundamstore.com/products/gundam-color-10ml-semi-gloss-series,https://cdn.shopify.com/s/files/1/0727/8355/products/gundam-color-collection_2_600x600.jpg?v=1762199099
gundam,model_kit,USA Gundam Store,retailer,us,HGTWFM 1/144 #17 Gundam Lfrith UR,24.99,,,USD,New,https://www.usagundamstore.com/products/hgtwfm-1-144-17-gundam-lfrith-ur,https://cdn.shopify.com/s/files/1/0727/8355/products/153_5236_s_h8s552obt3fuq1g5kcg3r663vagw_07acfcc1-2ede-4005-9638-1fbbcd5d7f55_600x600.jpg?v=1762278827
gundam,model_kit,USA Gundam Store,retailer,us,MG 1/100 RX-178 Gundam Mk-II (Ver 2.0),48.99,,,USD,New,https://www.usagundamstore.com/products/mg-1-100-rx-178-gundam-mk-ii-ver-2-0,https://cdn.shopify.com/s/files/1/0727/8355/products/82c65dfc-e331-401b-8172-526b8c5c0f20_600x600.jpg?v=1762197922
gundam,model_kit,USA Gundam Store,retailer,us,HGAGE 1/144 #29 Gundam Legilis,19.99,,,USD,New,https://www.usagundamstore.com/products/hg-1-144-29-gundam-age-gundam-legilis,https://cdn.shopify.com/s/files/1/0727/8355/files/153_4560_s_ae9fbce7drfipnczrqyw8ss73vjj_53a681fc-3e6d-4a67-aa67-7f4a3f485c4b_600x600.jpg?v=1762201098
gundam,model_kit,USA Gundam Store,retailer,us,RG 1/144 #27 Unicorn Gundam 02 Banshee Norn,53.99,,,USD,New,https://www.usagundamstore.com/products/rg-1-144-27-unicorn-gundam-02-banshee-norn,https://cdn.shopify.com/s/files/1/0727/8355/products/84f27c91-faf2-4d30-b95d-62ced9fb1515_600x600.jpg?v=1762201057
gundam,model_kit,USA Gundam Store,retailer,us,HG-IBO 1/144 #01 Gundam Barbatos,13.99,,,USD,New,https://www.usagundamstore.com/products/hg-ibo-1-144-001-gundam-barbatos,https://cdn.shopify.com/s/files/1/0727/8355/products/9f9fe3f1-f9a8-4201-904c-30939796b9c1-removebg_600x600.png?v=1762198503
gundam,model_kit,USA Gundam Store,retailer,us,HGTWFM 1/144 #07 Gundam Pharact,24.99,,,USD,New,https://www.usagundamstore.com/products/hgtwfm-1-144-07-gundam-pharact,https://cdn.shopify.com/s/files/1/0727/8355/products/153_5181_o_1gje38mmn10fc10hfqfi1gh31bcp23_c8a05d01-f94b-47d2-ac96-6eb65661d654_600x600.jpg?v=1762278271
gundam,other,USA Gundam Store,retailer,us,GM03 Gundam Marker Brown (Fine),3.99,,,USD,New,https://www.usagundamstore.com/products/gm03-brown-fine-point-gundam-marker,https://cdn.shopify.com/s/files/1/0727/8355/products/brownp_600x600.jpg?v=1762272578
gundam,model_kit,USA Gundam Store,retailer,us,Gundam Assemble Deluxe Set 03 (DX03),169.99,,,USD,New,https://www.usagundamstore.com/products/gundam-assemble-deluxe-set-03-dx03,https://cdn.shopify.com/s/files/1/0727/8355/files/2825421_GA_DX03_EN_1_600x600.jpg?v=1784315251
gundam,model_kit,USA Gundam Store,retailer,us,Mobile Suit Gundam Next Future RX-78F00/E Gundam (EX-001 G.L.R.S.S. Feather Unit) 1/144 Scale Model Kit (Chemical Recycle Ver.),44.99,,,USD,New,https://www.usagundamstore.com/products/mobile-suit-gundam-next-future-rx-78f00-e-gundam-ex-001-g-l-r-s-s-feather-unit-1-144-scale-model-kit-chemical-recycle-ver,https://cdn.shopify.com/s/files/1/0727/8355/files/5a5ac535-ecd1-49d3-81ef-197bb1a16d1c_600x600.webp?v=1763654484
gundam,model_kit,USA Gundam Store,retailer,us,HGAC 1/144 #228 Gundam Sandrock,19.99,,,USD,New,https://www.usagundamstore.com/products/hgac-1-144-gundam-sandrock,https://cdn.shopify.com/s/files/1/0727/8355/products/c41bab80-c6f2-478b-bb24-6b1ed88de6eb_600x600.jpg?v=1759262531
gundam,model_kit,USA Gundam Store,retailer,us,HGAW 1/144 #271 Gundam Virsago,35.99,,,USD,New,https://www.usagundamstore.com/products/hg-1-144-gundam-virsago,https://cdn.shopify.com/s/files/1/0727/8355/files/2825358_HG1_144GUNDAMVIRSAGO_1_600x600.jpg?v=1780007637
zoid,model_kit,eBay,marketplace,us,ZOIDS LIGER ZERO EMPIRE VER. X UNIT PLASTIC MODEL KIT,20.0,6.0,False,USD,New,https://www.ebay.com/itm/198644149879?_skw=zoids&hash=item2e401d2e77:g:NHQAAeSwKjZqqbVc,https://i.ebayimg.com/images/g/NHQAAeSwKjZqqbVc/s-l225.jpg
zoid,model_kit,eBay,marketplace,us,Vintage 80s Kabaya ZOIDS Mini Plamo Choco #4 DEATH SAURER Unassembled Kit,44.99,,False,USD,Used,https://www.ebay.com/itm/278383199279?_skw=zoids&hash=item40d0ee842f:g:bmkAAeSwr9Jqq7P5,https://i.ebayimg.com/images/g/bmkAAeSwr9Jqq7P5/s-l225.jpg
zoid,model_kit,eBay,marketplace,us,Takara Tomy 1/100 Zoids Realize Model RMZ-016 Blade Liger Panzer ZBF T-Spark,94.99,0.0,False,USD,New,https://www.ebay.com/itm/237070136779?_skw=zoids&hash=item37327b35cb:g:BdwAAeSwXf5qqcYo,https://i.ebayimg.com/images/g/BdwAAeSwXf5qqcYo/s-l225.jpg
zoid,model_kit,eBay,marketplace,us,Zoids HMM 030 RZ-041 Liger Zero Jager Marking Plus 1/72 model kit Kotobukiya,99.99,0.0,False,USD,New,https://www.ebay.com/itm/389472469442?_skw=zoids&hash=item5aae5e41c2:g:cXEAAeSwek1pYKfF,https://i.ebayimg.com/images/g/cXEAAeSwek1pYKfF/s-l225.jpg
zoid,other,eBay,marketplace,us,Two Hasbro Zoids Unopened Boxes,55.0,,False,USD,New,https://www.ebay.com/itm/398396512893?_skw=zoids&hash=item5cc2485a7d:g:DZ0AAeSweQVqqQvJ,https://i.ebayimg.com/images/g/DZ0AAeSweQVqqQvJ/s-l225.jpg
zoid,other,eBay,marketplace,us,VINTAGE DINO-BOTS ZOIDS ROBOT PLASTIC MINI KEYRINGS COMPLETE CARD RARE - 12 Pcs,45.0,,False,USD,New,https://www.ebay.com/itm/307183962764?_skw=zoids&hash=item4785974a8c:g:XS0AAeSwicVqjNAG,https://i.ebayimg.com/images/g/XS0AAeSwicVqjNAG/s-l225.jpg
zoid,model_kit,eBay,marketplace,us,Zoids Chaotic Century Anime Complete Series Episodes 1-67  English Audio,30.0,0.0,False,USD,,https://www.ebay.com/itm/285540768769?_skw=zoids&hash=item427b8e5c01:g:0JEAAeSwl-1qU~06,https://i.ebayimg.com/images/g/0JEAAeSwl-1qU~06/s-l225.jpg
zoid,other,eBay,marketplace,us,2002 Hasbro Tomy Zoids White Liger Zero Action Figure Robot Lion Tiger Not Comp,15.99,,False,USD,Used,https://www.ebay.com/itm/407217589323?_skw=zoids&hash=item5ed00f4c4b:g:frEAAeSwtMVqqNEf,https://i.ebayimg.com/images/g/frEAAeSwtMVqqNEf/s-l225.jpg
zoid,other,eBay,marketplace,us,Red Horn ZOIDS RMZ-014 Styracosaurus Type 1/100 Model Kit,55.69,6.0,False,USD,New,https://www.ebay.com/itm/257745308336?_skw=zoids&hash=item3c02d14ab0:g:4HYAAeSwe-pqhmdl,https://i.ebayimg.com/images/g/4HYAAeSwe-pqhmdl/s-l225.jpg
zoid,model_kit,eBay,marketplace,us,Zoids 1/72 Command Wolf Repackage Ver. Kotobukiya HMM 002 Model Kit NEW,70.0,0.0,False,USD,New,https://www.ebay.com/itm/188841122365?_skw=zoids&hash=item2bf7ceda3d:g:YmgAAeSww45qjhrL,https://i.ebayimg.com/images/g/YmgAAeSww45qjhrL/s-l225.jpg
zoid,model_kit,eBay,marketplace,us,Zoids Chaotic Century Anime Complete Series Episodes 1-67  English Audio,30.0,0.0,False,USD,,https://www.ebay.com/itm/355155867377?_skw=zoids&hash=item52b0f076f1:g:ROUAAeSwc5lqU~3A,https://i.ebayimg.com/images/g/ROUAAeSwc5lqU~3A/s-l225.jpg
zoid,model_kit,eBay,marketplace,us,Zoids New Century Zero Anime Complete Series Episodes 1-26 English Audio,21.99,0.0,False,USD,,https://www.ebay.com/itm/355503696675?_skw=zoids&hash=item52c5abeb23:g:SwMAAeSwc5lqU~7m,https://i.ebayimg.com/images/g/SwMAAeSwc5lqU~7m/s-l225.jpg
zoid,other,eBay,marketplace,us,Mixed Lot of 18 Vintage Zoids (see Pics),299.99,,False,USD,Used,https://www.ebay.com/itm/227518315333?_skw=zoids&hash=item34f925fb45:g:Dm4AAeSw7U5qpU4h,https://i.ebayimg.com/images/g/Dm4AAeSw7U5qpU4h/s-l225.jpg
zoid,model_kit,eBay,marketplace,us,Zoids Chaotic Century Complete Anime Series Ep 1-67  Audio option in description,34.99,0.0,False,USD,,https://www.ebay.com/itm/395168208416?_skw=zoids&hash=item5c01dc5620:g:HQEAAOSw1BdhcWrD&amdata=enc%3AAQALAAAA4ACCtXRWQnOEpyOqnQQ8KGYa9NEZUw%2FIxtJhzQ8PFAaM%2FoI5UQpntcod6BWLt%2BoL%2FCMv%2BggAvTBgjErB9DMxJFGEeEZsqUMCq5RYxrwxTzYTjvEQjc2QztwbM7SOJe2mrkJsFD1SCSjvg%2FoCckrHZuAj6xWD9LB%2BmO0kB22lTQh%2F7QqjC83wjRrVCKfqu29%2B%2BpSzuWyMOgjIYmDV4ANLIaz%2Ff8dSi8n49DGD1NhZmbtWdFx8qaHBBTYiQL4eZr66sEbSJfU8h7AV2eJ%2BS29cjkMSVtSyWFjtRgIwGsibZEJu,https://i.ebayimg.com/images/g/HQEAAOSw1BdhcWrD/s-l225.jpg
zoid,model_kit,eBay,marketplace,us,Zoids New Century Zero Anime Complete Series Episodes 1-26 English Audio,24.99,0.0,False,USD,,https://www.ebay.com/itm/394077460701?_skw=zoids&hash=item5bc0d8d8dd:g:f5QAAOSwMzthcX~y&amdata=enc%3AAQALAAAA4ACCtXRWQnOEpyOqnQQ8KGaypV%2BHKo5bqy2gQ5fvGk38PW0KodtvnunJJdJLyx6%2BeY9qI20d1soXs1RdW9fOaD7X6GrhW4LZT%2FeDQiq6m92EMo2pPrRl232MgQxi4iUhEbW6CEWgIMk6B6Ueg7Aa4woPL2TlV0%2FiOFxLfcPT4mturTfvMXQ0498sIPnxF%2FH%2FMn%2F%2B4unaczoRZwWgyvT%2FMaUb7LyzhjKn4wrr4TfAcJW8ZO95NbWxAttPDbEep%2FOlp2prJQABrcpHXZYtvMx6vbW9QLSZyx1cP7u%2FE%2BLOtp6r,https://i.ebayimg.com/images/g/f5QAAOSwMzthcX~y/s-l225.jpg
zoid,model_kit,eBay,marketplace,us,TOMY Zoids Shot Eagle RTF-01/TF-01 Vintage 80’s Robot Figure NIB,999.0,35.0,False,USD,New,https://www.ebay.com/itm/257710753925?_skw=zoids&hash=item3c00c20885:g:qZEAAeSwu7ZqkyeJ&amdata=enc%3AAQALAAAA4ACCtXRWQnOEpyOqnQQ8KGbjtCfCEN6VaZtASZsHv16H0BqcbAN4BoQae4vYjhg%2BJYMb%2BB2jGU1AX8cUw1DHBtQKn3l7dznwAE%2BRrMYHNu7MZF0oqkylM1%2FokBFLatzp2As%2B%2F2kor%2BnrgjTD1fL8EB7AuI4vm27iYbTNA%2BVJMhGqOgEtwWBUxIa6VN%2BpSiuQNaG1kZ8yJiSGEWDoM529ilNni3dvuHPLvxVqPdBCrWAnBG2WzbIrO%2Fdl83j742Q85%2F2yL0bpqCfNPlIUwVK1d2ZGO8xDw5pmPJZkfRjRtRPc,https://i.ebayimg.com/images/g/qZEAAeSwu7ZqkyeJ/s-l225.jpg
zoid,model_kit,eBay,marketplace,us,ZOIDS NEW CENTURY ZERO: COMPLETE SERIES DVD,29.99,0.0,False,USD,Like New,https://www.ebay.com/itm/318855419290?_skw=zoids&hash=item4a3d43959a:g:j4AAAeSwbsZqmgE7,https://i.ebayimg.com/images/g/j4AAAeSwbsZqmgE7/s-l225.jpg
zoid,model_kit,eBay,marketplace,us,Zoids Grounchar EZ-051 Common Echidna Type 1/72 Tomy Model Kit Japan,20.0,5.0,False,USD,Used,https://www.ebay.com/itm/800675690706?_skw=zoids&hash=itemba6bfd78d2:g:VxcAAOSwNXtl6jt-,https://i.ebayimg.com/images/g/VxcAAOSwNXtl6jt-/s-l225.jpg
zoid,model_kit,eBay,marketplace,us,Zoids HMM034 RZ-046 Shadow Fox Marking Plus ver. 1/72 model kit Kotobukiya,84.99,0.0,False,USD,New,https://www.ebay.com/itm/147421401092?_skw=zoids&hash=item2253001004:g:EcgAAeSwVplqTGoU,https://i.ebayimg.com/images/g/EcgAAeSwVplqTGoU/s-l225.jpg
zoid,model_kit,eBay,marketplace,us,Zoids 2 Sabre Rare Unopened Unassembled Model Kit Takara Tomy,350.0,,False,USD,Used,https://www.ebay.com/itm/158292603454?_skw=zoids&hash=item24daf9723e:g:ghUAAeSw3c5qqG3O,https://i.ebayimg.com/images/g/ghUAAeSw3c5qqG3O/s-l225.jpg
zoid,other,eBay,marketplace,us,"Barigator ZOIDS Hasbro  1/72 Zoids series #003 with original box, instructions",39.95,0.0,False,USD,New,https://www.ebay.com/itm/267785618897?_skw=zoids&hash=item3e594445d1:g:0E8AAeSwLB5qqKss,https://i.ebayimg.com/images/g/0E8AAeSwLB5qqKss/s-l225.jpg
zoid,model_kit,eBay,marketplace,us,ZOIDS -- Choose from Many different Kits -- New in Boxes -- Kotobukiya HMM Kits,52.0,7.5,False,USD,New,https://www.ebay.com/itm/116111516242?_skw=zoids&hash=item1b08c92252:g:VS0AAOSwqllnyOL5,https://i.ebayimg.com/images/g/VS0AAOSwqllnyOL5/s-l225.jpg
zoid,other,eBay,marketplace,us,Please Read!! Realize Model Zoids RMZ-003 Command Wolf Tomy 1/100 Scale Model,29.0,0.0,False,USD,New,https://www.ebay.com/itm/327202929719?_skw=zoids&hash=item4c2ed07c37:g:LjwAAeSw0GVqJvsn,https://i.ebayimg.com/images/g/LjwAAeSw0GVqJvsn/s-l225.jpg
zoid,model_kit,eBay,marketplace,us,Tomy Zoids  20 Jager Unit Customize Parts - Original Model Kit Open Box,65.0,,True,USD,Used,https://www.ebay.com/itm/168682141577?_skw=zoids&hash=item27463d3789:g:pDIAAeSw32NqpK1V,https://i.ebayimg.com/images/g/pDIAAeSw32NqpK1V/s-l225.jpg
zoid,model_kit,eBay,marketplace,international,Takara Tomy Ultrasaurus Zoids D style From Japan,155.21,0.0,False,USD,Used,https://www.ebay.com/itm/366674367339?_skw=zoids&hash=item555f7ed36b:g:zOkAAeSwjFppPooH,https://i.ebayimg.com/images/g/zOkAAeSwjFppPooH/s-l225.jpg
zoid,other,eBay,marketplace,us,Takara Tomy ZOIDS AZ-03EX Murasame Liger Lion Type Original Color 1/72 Model Kit,113.95,0.0,False,USD,New,https://www.ebay.com/itm/147562145363?_skw=zoids&hash=item225b63a653:g:GEUAAeSwEutqpC0Y,https://i.ebayimg.com/images/g/GEUAAeSwEutqpC0Y/s-l225.jpg
zoid,model_kit,eBay,marketplace,international,Silver Plated Limited Edition Dual Sniper Rifle Zoids König Wolf,241.28,60.0,False,USD,Used,https://www.ebay.com/itm/168693302808?_skw=zoids&hash=item2746e78618:g:u-4AAeSweKZqqqRF,https://i.ebayimg.com/images/g/u-4AAeSweKZqqqRF/s-l225.jpg
zoid,other,eBay,marketplace,us,Zoids Hasbro Mixed Lot 10+ Parts And Kits,80.0,,False,USD,Used,https://www.ebay.com/itm/257725198252?_skw=zoids&hash=item3c019e6fac:g:Ff8AAeSwZQNqnBEP,https://i.ebayimg.com/images/g/Ff8AAeSwZQNqnBEP/s-l225.jpg
zoid,model_kit,eBay,marketplace,us,Kotobukiya Zoids AZ-06EX Phoenix (republic Version) Plastic Model Kit GN095,76.25,0.0,False,USD,New,https://www.ebay.com/itm/407199730179?_skw=zoids&hash=item5ecefeca03:g:zc8AAeSwB1dqnvX0&amdata=enc%3AAQALAAAA4ACCtXRWQnOEpyOqnQQ8KGYQEiQGcAFD9DWsdDBgEBDMV%2FUVXyMxBEozOOJWvpPEUCSUp0lJyqnNAUZHKGb1EA3V2jGILChqlNQAuyBzucPnGiw3oEnSL%2BFTZgpIj6sW011uBlfuxjrcz8vxZ%2FrIRw2da6h7OjXZvUX0eYPhRgt5vG3%2BXxwUqR0dMomXPPWF6JcW35cjBYKXmG9xxcfg0mWboG9wRg5NvVw6TsQgqbWo4x%2BPRL0%2B1XSRQm0j6bmwyxdkiOg1hl6BosZ5iJ4ps7q6lemI9DS%2FZKTWwM94YIrU,https://i.ebayimg.com/images/g/zc8AAeSwB1dqnvX0/s-l225.jpg
zoid,model_kit,eBay,marketplace,us,Zoids Chaotic Century Complete Anime Series Ep 1-67 Audio option in description,34.99,0.0,False,USD,,https://www.ebay.com/itm/373797966111?_skw=zoids&hash=item570818511f:g:IEoAAOSwRchhVLC3&amdata=enc%3AAQALAAAA4ACCtXRWQnOEpyOqnQQ8KGZqmDoTSrEX4YsIUNDiEvQq%2Fj6sWBvwSruk%2BrA%2Fem5oawSMTxCtUYoepH985E7paxrAMvpo99fvA%2BDYAq7ckXhx9G%2BiF6HHxcOCOvJ5Vk0tEfrqQuePQUZ3iJbdQwaq3ZAhoBdCZUO8takO5BRI%2FdNy2tRAo%2FxfJ7WwKOsI1DHUCMVP8poYyiXhDXEgLzE8pg6p8nu7yfZ806642PjzjlN1uqpbtKZHeVqVm6dUUlaX4ncnaS54bYM4PMEc8x31B4JEWudNIBjy1bcxsFfxqPxg,https://i.ebayimg.com/images/g/IEoAAOSwRchhVLC3/s-l225.jpg
zoid,model_kit,eBay,marketplace,us,NEW ZOIDS HMM 1/72 SCALE GENO BREAKER RAVEN VERSION PLASTIC MODEL KIT,350.0,0.0,False,USD,,https://www.ebay.com/itm/158243550309?_skw=zoids&hash=item24d80cf465:g:U9sAAeSwbLhqlcUY&amdata=enc%3AAQALAAAA4ACCtXRWQnOEpyOqnQQ8KGZ3hPOprTpmnWQmMhSzc6O4WGaCmCJMdyERrsrcL81YJ2wTK%2BXa7rvBPU%2BuCNfPT%2BV0%2BvA3%2BFsVu79eG0TPTtBSN0hfQaZ7YxjKFSrjCA9MX7K2LEDUEAiJa%2FOdu7RiPDZA%2FtMmGgG4CxzPTEyuocVON4Kqkx3aoUp9bnDSCjxCUtHKS8hmrLTFMV216xXhjKyC%2FWxazvMeYqdF7Jlpq5PaeaRQBL%2FHVG%2Bnc%2FZCIt9Wq4JDR1j2HIKae8U8XDQcCbmn9QDNfBguxLkkGi7kFl%2FU,https://i.ebayimg.com/images/g/U9sAAeSwbLhqlcUY/s-l225.jpg
zoid,model_kit,eBay,marketplace,us,NEW ZOIDS HMM 1/72 SCALE GENO BREAKER PLASTIC MODEL KIT,150.0,0.0,False,USD,,https://www.ebay.com/itm/158243555600?_skw=zoids&hash=item24d80d0910:g:TakAAeSw-MtqlcY1&amdata=enc%3AAQALAAAA4ACCtXRWQnOEpyOqnQQ8KGbv2OMcWXV9LkC7Bn7o15T3RniY6yICElDIogV0dpbbDeyK%2Fl7COtp9koJgngxMun7gYt%2BBoPCcvaQGdB%2FNkqhrqQkGCh9JG0OUp3Tq%2Bq1t%2Bxv4cAMD3Qh9bl6%2FW6QAv14lKfPqwHUJKaadpJ9ST7X0cak59b3%2FsnYpVBsWq8jJPThFcFXHB26IkT9hFBJTrazO22rbWhtSVQ%2BeDO9TK%2BqtMDhHOyllYdj0BiHsVpGsW41B%2BcRNTsFzKR%2BYrU1iEr775B0IWnDtVjfJSktTaG%2Fv,https://i.ebayimg.com/images/g/TakAAeSw-MtqlcY1/s-l225.jpg
zoid,model_kit,eBay,marketplace,us,Takara Tomy Realize Model Kit: ZOIDS RMZ-001 Blade Liger Lion Type 1/100 Scale,69.95,0.0,False,USD,New,https://www.ebay.com/itm/358729919663?_skw=zoids&hash=item5385f82caf:g:vSUAAeSwfzxpGWw1,https://i.ebayimg.com/images/g/vSUAAeSwfzxpGWw1/s-l225.jpg
zoid,model_kit,eBay,marketplace,international,Tomy unassembled ZOIDS Gairyuki Gairyuuki From Japan,239.0,0.0,False,USD,New,https://www.ebay.com/itm/366674359034?_skw=zoids&hash=item555f7eb2fa:g:qz0AAOSwnJdndSyU,https://i.ebayimg.com/images/g/qz0AAOSwnJdndSyU/s-l225.jpg
zoid,other,eBay,marketplace,us,Hasbro Tomy Zoids Liger Irvine 2002 Figure Read Incomplete,28.34,0.0,False,USD,Used,https://www.ebay.com/itm/147579707818?_skw=zoids&hash=item225c6fa1aa:g:ElsAAOSwNBthGUrm,https://i.ebayimg.com/images/g/ElsAAOSwNBthGUrm/s-l225.jpg
zoid,other,eBay,marketplace,us,2002 HASBRO ZOIDS WHITE LIGER SOUNDS & LIGHTS ROBOT TIGER ( works ) ^,19.99,0.0,False,USD,Used,https://www.ebay.com/itm/178471185877?_skw=zoids&hash=item298db62dd5:g:TUYAAeSwT-hqnJDN,https://i.ebayimg.com/images/g/TUYAAeSwT-hqnJDN/s-l225.jpg
zoid,model_kit,eBay,marketplace,us,Zoids Official 2002 Press Kit Media Sample Anime NFR Demo VHS New Sealed NOS,649.99,0.0,False,USD,Like New,https://www.ebay.com/itm/237072328734?_skw=zoids&hash=item37329ca81e:g:WgcAAOSw5iJiDRZk,https://i.ebayimg.com/images/g/WgcAAOSw5iJiDRZk/s-l225.jpg
zoid,model_kit,eBay,marketplace,us,"Zoids Battle Legends (Nintendo GameCube, 2004)",63.99,0.0,False,USD,Acceptable,https://www.ebay.com/itm/206537296781?_skw=zoids&hash=item3016950b8d:g:fAcAAeSwhVlqm-Ae,https://i.ebayimg.com/images/g/fAcAAeSwhVlqm-Ae/s-l225.jpg
zoid,model_kit,eBay,marketplace,international,ZOIDS RZ-041 White Liger Zero 1:72 Scale Building Blocks Action Model Kit,59.99,0.0,False,USD,New,https://www.ebay.com/itm/158272920092?_skw=zoids&hash=item24d9cd1a1c:g:nZQAAeSwY5JqoK5~&amdata=enc%3AAQALAAAA4ACCtXRWQnOEpyOqnQQ8KGYIxHDljUc1ugnD%2B9vLE%2FaYZhx6azPj%2FgOH07kYes71UWiGRcGmr9LfHBlZBGCkk8BIXqZ1Vg11RGDx16Yg7GWOQs9%2FC%2BRvhoBVRiyD21STDcy%2Fg2Q%2BIascPl7kqlO5zvgmKy6HTrvdwCSR8JWCWbFtns%2FejT3FSNoCPLv7aYIqhyfXRDRD7KnZjX9zfvxqy9fn7lxAt7TO0ZPOYNIZuaN3AVKcJIMHDMYt4JqqaIwQlaDqRw0WxxDn4keFo9zivvTRpsCDQlXZRR4yTL1EJ6ob,https://i.ebayimg.com/images/g/nZQAAeSwY5JqoK5~/s-l225.jpg
zoid,model_kit,eBay,marketplace,us,Zoids Genesis Anime Series Japanese Audio with English Subs,29.99,0.0,False,USD,,https://www.ebay.com/itm/353677039532?_skw=zoids&hash=item5258cb57ac:g:QUkAAOSw9ghhQ7e-&amdata=enc%3AAQALAAAA4ACCtXRWQnOEpyOqnQQ8KGZfXGOmC%2BlPUOWrDaGlQ4wvL4QsnW6AmNqaNpIZCeMb7yEXwWMehR%2FuAg2ReA3nUby9fFkqkMMVhOT%2BPCzcCQrMWiQGD1Ae%2Bi8t5VH0Y%2FPY7TmcAJjoZOol9CYnwA2y5sHR%2B0yoxb9jOu34Y82uA0esYYm%2FKY39Bd%2FH0S%2Buakw3GRjGvTko1gFgyvxm008Y6kRyfJr5jsP3Rfw7CN72skwy8c039EjTTQHhJo%2BEASI8sCb0IHfWpKl%2BTCfYomtmY2Ke%2FDqzSsik2dXY3Q5j3c91,https://i.ebayimg.com/images/g/QUkAAOSw9ghhQ7e-/s-l225.jpg
zoid,model_kit,eBay,marketplace,us,Kotobukiya Zoids RZ-041 Liger Zero Panzer Marking Plus Ver. 1/72 Scale Model Kit,129.95,0.0,False,USD,New,https://www.ebay.com/itm/147544807639?_skw=zoids&hash=item225a5b18d7:g:hS0AAeSwRMlqq8iR,https://i.ebayimg.com/images/g/hS0AAeSwRMlqq8iR/s-l225.jpg
zoid,other,eBay,marketplace,us,2002 Hasbro Zoids LeoBlaze Z-Builders Action Figure Model Kit BZ 001 NEW SEALED,39.95,0.0,False,USD,New,https://www.ebay.com/itm/267785600658?_skw=zoids&hash=item3e5943fe92:g:Sf4AAeSwINFqqKcE,https://i.ebayimg.com/images/g/Sf4AAeSwINFqqKcE/s-l225.jpg
zoid,model_kit,eBay,marketplace,us,ZOIDS - Iron Kong Schwarz Special 1999 Recolor [New Toy],142.39,0.0,False,USD,New,https://www.ebay.com/itm/398265504842?_skw=zoids&hash=item5cba79544a:g:aeMAAeSw5fZqeAnv,https://i.ebayimg.com/images/g/aeMAAeSw5fZqeAnv/s-l225.jpg
zoid,other,eBay,marketplace,us,"Vintage TOMY ZOIDS / 1:24 / DONTRESS E24-03 / + 3"" Figure / OJR / NON-WORKING",99.99,,False,USD,Used,https://www.ebay.com/itm/278380056247?_skw=zoids&hash=item40d0be8eb7:g:6FMAAeSwDTZqqkbN,https://i.ebayimg.com/images/g/6FMAAeSwDTZqqkbN/s-l225.jpg
zoid,other,eBay,marketplace,us,Hasbro ZOIDS Z-Builders 1/72 Dimetra Ptera BZ-106 2003 NEW damged Box,49.95,7.95,False,USD,New,https://www.ebay.com/itm/267785581690?_skw=zoids&hash=item3e5943b47a:g:~QwAAeSwcBxqqJ-N,https://i.ebayimg.com/images/g/~QwAAeSwcBxqqJ-N/s-l225.jpg
zoid,model_kit,eBay,marketplace,us,Vintage 80s Kabaya ZOIDS Mini Plamo Choco #4 IRON KONG MK-II Unassembled Kit,44.99,,False,USD,Used,https://www.ebay.com/itm/278383198657?_skw=zoids&hash=item40d0ee81c1:g:RM8AAeSwLGlqq7HQ,https://i.ebayimg.com/images/g/RM8AAeSwLGlqq7HQ/s-l225.jpg
zoid,model_kit,eBay,marketplace,us,Zoids HMM 026 Liger Zero Schneider Unit Marking Plus 1/72 model kit Kotobukiya,49.99,0.0,False,USD,New,https://www.ebay.com/itm/389472521592?_skw=zoids&hash=item5aae5f0d78:g:aEkAAeSwxxppYKtQ,https://i.ebayimg.com/images/g/aEkAAeSwxxppYKtQ/s-l225.jpg
zoid,other,eBay,marketplace,us,SEALED Zoids BLOX BZ-022 JET FALCON TOMY From Japan NEW,140.0,,False,USD,New,https://www.ebay.com/itm/227525053477?_skw=zoids&hash=item34f98ccc25:g:37kAAeSwFqxqqzzj&amdata=enc%3AAQALAAAA4ACCtXRWQnOEpyOqnQQ8KGZHihQptpXoDwnomrGr1X%2FFUNpgSawQXBuVLPkxzFvYjvHao3Mpd3tLHYu7e7sVz77FBBf2x7HmVoFeS9alQLafueFYDuoA9vTAiqU%2FRwwTy%2B2zUEfHy0jVMkp3E9jqdpuhL%2BqNLNDF%2FFuI0eccDHX4d0cPWD3x2u1o7nZinjCyxpmSmMMnjCswkRnWuJqStALLFSNWbsQfUBTzZGoK0zVThZ7KjqSmhkXjmJzswhQ%2BvR0j8stYD4gT4Udi%2Bw3Xki6wkheziOKKor52p30vJNFq,https://i.ebayimg.com/images/g/37kAAeSwFqxqqzzj/s-l225.jpg
zoid,other,eBay,marketplace,us,ZOIDS TOMY EZ-036 DEATH STINGER 1:72 Model Kit incomplete  Ships Same Day,75.0,0.0,False,USD,Used,https://www.ebay.com/itm/227522013692?_skw=zoids&hash=item34f95e69fc:g:H-gAAeSwgQFqqLHN&amdata=enc%3AAQALAAAA4ACCtXRWQnOEpyOqnQQ8KGaMfXR0aNE2Hlr7rTY2eybjSNNz3LtsTYrdFs%2B8CWJphB%2FiSL31U0SoRGpoQiEr45wqm98TQE36UrLK3eCB4mJPKqxCqfoxDhqc0eWOdfvq46VMGTpJ81YuC%2Fj84uMOXTJChFKSGc2laOMs2LZ%2FjsUisaz1yQImYPZohKVBQOfzgi4bBS5jiLbs64a8kPWrWPSZr%2Bdd24R6%2FU98GHxmTaQQSurBws9%2BStx1rzR6%2FqNcQQTXK%2BiJX9OIB0V2xv4aUqbEP0NMmijVI6F3uS4L%2FF6m,https://i.ebayimg.com/images/g/H-gAAeSwgQFqqLHN/s-l225.jpg
zoid,model_kit,eBay,marketplace,us,Zoids Genesis Anime Series Japanese Audio with English Subs,29.99,0.0,False,USD,,https://www.ebay.com/itm/353677039532?_skw=zoids&hash=item5258cb57ac:g:QUkAAOSw9ghhQ7e-&amdata=enc%3AAQALAAAA4ACCtXRWQnOEpyOqnQQ8KGZfXGOmC%2BlPUOWrDaGlQ4wvL4QsnW6AmNqaNpIZCeMb7yEXwWMehR%2FuAg2ReA3nUby9fFkqkMMVhOT%2BPCzcCQrMWiQGD1Ae%2Bi8t5VH0Y%2FPY7TmcAJjoZOol9CYnwA2y5sFPvSC9NY8Ei2%2FWfaubVJVWyxqYE%2FZdSZDIFFfegyvlLgCj%2FNhK4BdwB0JXUxmz7LrMS96v5DTyjkMZxEcaRs%2B3q6k1B13oZo3YmQ3CLAQMhejJ%2FBP4jUyS66b6HYecFkLNVXH8jBB5gGkUp9DuoxHw,https://i.ebayimg.com/images/g/QUkAAOSw9ghhQ7e-/s-l225.jpg
zoid,other,eBay,marketplace,us,Tomy Zoids RZ-014 Godos Dinosaur type 1/72 Plastic model,50.0,17.75,False,USD,New,https://www.ebay.com/itm/188795494569?_skw=zoids&hash=item2bf516a0a9:g:i8UAAeSwDzRqgA9J&amdata=enc%3AAQALAAAA4ACCtXRWQnOEpyOqnQQ8KGbB0QmHmQuRa6nsKW00QoqSpHCVK3Ks1r%2BvkXoSvQMqv92aVRqA6lYPCBLnTdyn1bHyM9%2B%2BC0BzsTYsPi2owYOOyAQhu%2FosXC35czPuz4XPBF2T%2F3AmoEH2L6Cwix2GFNDjhSmg8KIScLVAxkI6W%2Bd2sJ0%2Fc1PqEOrI7I9dulGOmgerFKuHEV9tlGg%2B2HJxzH1eY%2BD%2BPOXW89gSzrDI9k8tD%2F3%2Bg8rdCmKancRPAYEBxBJy%2B3c8WB32cQuWJBkwXZEPYsWKic7bIhvc2v9sGboY,https://i.ebayimg.com/images/g/i8UAAeSwDzRqgA9J/s-l225.jpg
zoid,other,eBay,marketplace,us,SEALED Zoids BLOX BZ-022 JET FALCON TOMY From Japan NEW,140.0,,False,USD,New,https://www.ebay.com/itm/227525053477?_skw=zoids&hash=item34f98ccc25:g:37kAAeSwFqxqqzzj&amdata=enc%3AAQALAAAA4ACCtXRWQnOEpyOqnQQ8KGZHihQptpXoDwnomrGr1X%2FFUNpgSawQXBuVLPkxzFvYjvHao3Mpd3tLHYu7e7sVz77FBBf2x7HmVoFeS9alQLafueFYDuoA9vTAiqU%2FRwwTy%2B2zUEfHy0jVMkp3E9jqdpvJCMQ1LBzhpkpwV9zdbYy4UP9nCFFB2vzNZKyORYF4NB4gZf4WzeSbUSsjY0u5CwUvi%2FGN1ev1kncuWZ1YgWVlFrCNc08w%2FC%2B1ns6uaK%2FeKVLjmcyyjjIsIrCjuGD%2BG5WiqZ%2B5hbqsiNZVgGW5swdi,https://i.ebayimg.com/images/g/37kAAeSwFqxqqzzj/s-l225.jpg
zoid,other,eBay,marketplace,us,ZOIDS TOMY EZ-036 DEATH STINGER 1:72 Model Kit incomplete  Ships Same Day,75.0,0.0,False,USD,Used,https://www.ebay.com/itm/227522013692?_skw=zoids&hash=item34f95e69fc:g:H-gAAeSwgQFqqLHN&amdata=enc%3AAQALAAAA4ACCtXRWQnOEpyOqnQQ8KGaMfXR0aNE2Hlr7rTY2eybjSNNz3LtsTYrdFs%2B8CWJphB%2FiSL31U0SoRGpoQiEr45wqm98TQE36UrLK3eCB4mJPKqxCqfoxDhqc0eWOdfvq46VMGTpJ81YuC%2Fj84uMOXTJ4fmyvoJi3eVYj03akThg1HpCTKpEdF5hlI6mj%2BAnfmwb8qLJXnS08i7hc%2FbpF0H8aYgPM%2BwfpEmU9wdMO3Li2Q9X9Qz8pbhC3kG9kEgqytIC5nnZ1m95UxJzfXNjrwfPdZXh1qOna9wXKC0weNZD3,https://i.ebayimg.com/images/g/H-gAAeSwgQFqqLHN/s-l225.jpg
zoid,model_kit,eBay,marketplace,us,Zoids Gravity Saix EZ-106 Mega Model Kit Hasbro 1999 NIB Sealed 1/72 Scale,35.0,,False,USD,New,https://www.ebay.com/itm/178503799057?_skw=zoids&hash=item298fa7d111:g:~boAAeSwmuxqq1Rn,https://i.ebayimg.com/images/g/~boAAeSwmuxqq1Rn/s-l225.jpg
zoid,model_kit,eBay,marketplace,us,"Kotobukiya Zoids HMM EZ-054 LIGER ZERO X plastic model kit, unbuilt in box",100.0,0.0,False,USD,New,https://www.ebay.com/itm/137512814721?_skw=zoids&hash=item2004670881:g:BzMAAeSwpx9qVmkH,https://i.ebayimg.com/images/g/BzMAAeSwpx9qVmkH/s-l225.jpg
zoid,other,eBay,marketplace,international,7pcs Takara Tomy Zoids Mini Liger Collectible Action Figure,53.09,0.0,False,USD,Used,https://www.ebay.com/itm/800185200278?_skw=zoids&hash=itemba4ec12e96:g:BsUAAeSwvD9oh69~,https://i.ebayimg.com/images/g/BsUAAeSwvD9oh69~/s-l225.jpg
zoid,model_kit,eBay,marketplace,us,Kotobukiya Zoids RZ-041 Liger Zero Jager Marking Plus Ver. 1/72 Scale Model Kit,110.99,0.0,False,USD,New,https://www.ebay.com/itm/157655377006?_skw=zoids&hash=item24b4fe246e:g:ItUAAeSwoRFpgQUQ,https://i.ebayimg.com/images/g/ItUAAeSwoRFpgQUQ/s-l225.jpg
zoid,other,eBay,marketplace,us,Takara-Tomy Transformers X Diaclone X Zoids T-Spark Shield-D-Prime Figure NEW,239.0,,False,USD,New,https://www.ebay.com/itm/800546182543?_skw=zoids&hash=itemba6445558f:g:7T0AAeSwmmZqiITK,https://i.ebayimg.com/images/g/7T0AAeSwmmZqiITK/s-l225.jpg
zoid,model_kit,eBay,marketplace,us,Hasbro ZOIDS Konig Wolf 1/72 Scale Action Figure Model Kit #053 NEW/SEALED 2003,69.99,0.0,False,USD,New,https://www.ebay.com/itm/178437767022?_skw=zoids&hash=item298bb83f6e:g:wi4AAeSwie9qjN9I,https://i.ebayimg.com/images/g/wi4AAeSwie9qjN9I/s-l225.jpg
zoid,other,eBay,marketplace,international,In Stock BT Black Knight ZOIDS White Liger Zero Assembly Model,71.74,0.0,False,USD,New,https://www.ebay.com/itm/406986155883?_skw=zoids&hash=item5ec243e76b:g:sj0AAOSwe~JmqfGZ,https://i.ebayimg.com/images/g/sj0AAOSwe~JmqfGZ/s-l225.jpg
zoid,model_kit,eBay,marketplace,us,"Zoids Vol. 3: The Coliseum Battle (DVD, 2002, w/ Insert) Anime Rare OOP",34.99,0.0,False,USD,Very Good,https://www.ebay.com/itm/307057031362?_skw=zoids&hash=item477e0678c2:g:bGgAAeSweflqUs4U,https://i.ebayimg.com/images/g/bGgAAeSweflqUs4U/s-l225.jpg
zoid,model_kit,eBay,marketplace,us,Kotobukiya Zoids AZ-05 Saber Tiger 40th Anniversary Model Kit,74.99,,False,USD,New,https://www.ebay.com/itm/188819602118?_skw=zoids&hash=item2bf6867ac6:g:goMAAeSwFLNqhlCH,https://i.ebayimg.com/images/g/goMAAeSwFLNqhlCH/s-l225.jpg
zoid,model_kit,eBay,marketplace,us,Zoids Chaotic Century Complete Anime Series Ep 1-67 Audio option in description,34.99,0.0,False,USD,,https://www.ebay.com/itm/175208788491?_skw=zoids&hash=item28cb41f20b:g:WY8AAOSwGGJhhqQG&amdata=enc%3AAQALAAAA4ACCtXRWQnOEpyOqnQQ8KGaCdkhHNp6IvODHLjWALZtPgljFNd0PyKXdN42WxHYBNSiuVQvQ8wHcOfuyNrJ1JcF%2FJhtFHfskoUXl5d6LVtQ5qE4a8MRMOZOZnnGSOBmSjjGeyXu3%2F5yD5Pxadipu%2Fjsp8iOw56amKSMGki8VBUfUzWK4lzEiOGMHLOuxj35JNUmEqBBnRwLxOX7HAtM9Cm1CIOx%2B1EXhD%2BtfkN9lAFUB3y5kqocL2ZunyjKn%2F3phwZzV7HP%2F2O%2FtIy6VThZ%2BtqcGd1Q0xYf5qx%2Bp9YMXDb24,https://i.ebayimg.com/images/g/WY8AAOSwGGJhhqQG/s-l225.jpg
zoid,model_kit,eBay,marketplace,us,Zoids 1/72 EZ-034 HMM Geno Breaker Repackage Ver Plastic Model limited 350mm,100.0,,False,USD,New,https://www.ebay.com/itm/128037025052?_skw=zoids&hash=item1dcf99f51c:g:-iYAAeSwzMRqh5JS&amdata=enc%3AAQALAAAA4ACCtXRWQnOEpyOqnQQ8KGbevr1KTAd2aiePmSxekNdUXNWqCRa9xC%2ByRc7pDRmuvc8kpHsLYjJECPa0S1T--SOpdhOR7x2KBEBso%2FoyiN4QylJ%2FwDXRTmXqnDLAcEjUo4FNxTVz1yw%2FZPs4mrdpDc%2BVjK8xpSMG5J4Gw01eTLOUYQppdjbGGh2FKdgnq5Eg%2FpgL1lOaNK69cosu%2BaGqOOSVu9ShKkPZFq0WHSjOYi3vy4vc3QsYIRNqgFO0k99YwyqQwLC4A8KJJp%2BNZ9nxaE5n2pjZOBpqQbX10zhxt4Fp,https://i.ebayimg.com/images/g/-iYAAeSwzMRqh5JS/s-l225.jpg
zoid,model_kit,eBay,marketplace,us,Zoids Assault Microsoft Xbox 360 Game Complete CIB Tested 1 YR Warranty,59.99,0.0,False,USD,Very Good - Refurbished,https://www.ebay.com/itm/168659799464?_skw=zoids&hash=item2744e84da8:g:fLIAAeSwvSNqmP1W&amdata=enc%3AAQALAAAA4ACCtXRWQnOEpyOqnQQ8KGbe07ooO84yiOPhdfZ6M3eLcteQL3K2uxukiCEp0CxtHHUF8HIk5Kmp0WxJLPf73fJo8hiwXKa7DKowdckb22dqcGlrxLybB%2BTYa6nKaeOCRpH6wer2p%2BZIK%2B68kLk1spX4pb17KShuNYoRSqBsy%2FIa%2FjpKn1Yyylm3GxWqfLNP8E%2FoItmXLBDJqDwcjxGB9QwDqomkUSblrLQlvt9h17XWHQ04g%2FXU0ycLfEM7sv2WRiuCu3QabMFyInV1F9yZ5%2Fr5oZc2QIXrEGgOfJ2A7%2FMr,https://i.ebayimg.com/images/g/fLIAAeSwvSNqmP1W/s-l225.jpg
zoid,model_kit,eBay,marketplace,international,BT- Liger Zero Jager RZ-041 Action Figure 1:72 Scale Plastic Building Model Kit,62.75,0.0,False,USD,New,https://www.ebay.com/itm/318762897399?_skw=zoids&hash=item4a37bfcff7:g:Y6UAAOSwGJpnudTs,https://i.ebayimg.com/images/g/Y6UAAOSwGJpnudTs/s-l225.jpg
zoid,model_kit,eBay,marketplace,us,Zoids Tomy Action Figure Model Kit 1/72 Zoids Zabat Original Box & Instructions,60.0,,True,USD,Used,https://www.ebay.com/itm/168682381719?_skw=zoids&hash=item274640e197:g:7poAAeSwuvJqpNL0,https://i.ebayimg.com/images/g/7poAAeSwuvJqpNL0/s-l225.jpg
zoid,other,eBay,marketplace,international,Zoids delusion Senki Fire Fox Plastic model kit Takara Tomy Japan,57.81,11.93,False,USD,New,https://www.ebay.com/itm/287573321524?_skw=zoids&hash=item42f4b4a734:g:Bg0AAeSwuqxqqztf,https://i.ebayimg.com/images/g/Bg0AAeSwuqxqqztf/s-l225.jpg
zoid,other,eBay,marketplace,us,Vtg Lot of 83 Power Rangers Zoids Weapons Parts Accessories Bandai Y2K,79.99,8.91,False,USD,Used,https://www.ebay.com/itm/287589071861?_skw=zoids&hash=item42f5a4fbf5:g:tIsAAeSwMyBqqUgK,https://i.ebayimg.com/images/g/tIsAAeSwMyBqqUgK/s-l225.jpg
zoid,model_kit,eBay,marketplace,us,*NEW* Hasbro ZOIDS Metalrhimos Wind-Up Motor Model Kit Vintage 2002,49.95,,False,USD,New,https://www.ebay.com/itm/800642513710?_skw=zoids&hash=itemba6a033b2e:g:7TwAAeSwSoBqowFH,https://i.ebayimg.com/images/g/7TwAAeSwSoBqowFH/s-l225.jpg
zoid,model_kit,eBay,marketplace,us,Zoids Fuzors Anime Complete Series Episodes 1-26 English Audio,21.99,0.0,False,USD,,https://www.ebay.com/itm/286172076383?_skw=zoids&hash=item42a12f595f:g:4FQAAeSwYaxqXFkq,https://i.ebayimg.com/images/g/4FQAAeSwYaxqXFkq/s-l225.jpg
zoid,model_kit,eBay,marketplace,us,Open Box Zoids HEL DIGUNNER Model Kit #EZ-011 - ASSTT. 6072/6213 - TOMY 2001,45.97,10.0,False,USD,New,https://www.ebay.com/itm/147167754502?_skw=zoids&hash=item2243e1b906:g:3cwAAeSwI3ppm8P7,https://i.ebayimg.com/images/g/3cwAAeSwI3ppm8P7/s-l225.jpg
zoid,other,eBay,marketplace,us,Zoids Dark Spiner #060 99% Complete - Manual & Sticker Sheet,39.95,14.55,False,USD,Used,https://www.ebay.com/itm/188748873304?_skw=zoids&hash=item2bf24f3e58:g:toUAAeSwaTJqcpSU,https://i.ebayimg.com/images/g/toUAAeSwaTJqcpSU/s-l225.jpg
zoid,other,eBay,marketplace,us,Hasbro Zoids #025 Gustav 1:72 Motorized Action Figure Model Kit Vtg 2002 Openbox,99.99,,False,USD,New,https://www.ebay.com/itm/178034291770?_skw=zoids&hash=item2973abb43a:g:nBEAAeSwUg1p1x1m,https://i.ebayimg.com/images/g/nBEAAeSwUg1p1x1m/s-l225.jpg
zoid,model_kit,eBay,marketplace,us,Vintage 1980s TOMY ZOIDS ROBO STRUX / IRON KONG / BADOX  / INCOMPLETE / NO WORK,389.99,,False,USD,Used,https://www.ebay.com/itm/278372624851?_skw=zoids&hash=item40d04d29d3:g:WB4AAeSwxbpqpgh5,https://i.ebayimg.com/images/g/WB4AAeSwxbpqpgh5/s-l225.jpg
zoid,other,eBay,marketplace,us,2002 Hasbro Tomy Zoids Liger Zero Electronic White Lion Works - Missing Parts,14.99,,False,USD,Used,https://www.ebay.com/itm/800531689323?_skw=zoids&hash=itemba63682f6b:g:At4AAeSwUp5qeVAF,https://i.ebayimg.com/images/g/At4AAeSwUp5qeVAF/s-l225.jpg
zoid,model_kit,eBay,marketplace,us,"Zoids Vol. 4: The Supersonic Battle Vintage VHS Tape (VHS, 2002)",135.0,,False,USD,Very Good,https://www.ebay.com/itm/137737622421?_skw=zoids&hash=item2011cd5395:g:5P8AAeSw4jxqqHcy,https://i.ebayimg.com/images/g/5P8AAeSw4jxqqHcy/s-l225.jpg
zoid,model_kit,eBay,marketplace,us,ZOIDS - Iron Kong Schwarz Special 1999 Recolor [New Toy],142.39,0.0,False,USD,New,https://www.ebay.com/itm/398265504842?_skw=zoids&hash=item5cba79544a:g:aeMAAeSw5fZqeAnv&amdata=enc%3AAQALAAAA4ACCtXRWQnOEpyOqnQQ8KGYiCPk1oLVyf9v9KGiRsR0nkZEpsWu06J5iFs55e6xawyDH%2BZkXqy7Q7f1cDsRModmkplLV%2BUgzUL0P1pW%2F8j2I%2Fid0ku7xK0WymqBTckbT1BV%2B3Kn3r5kBDOB8nPtgvgHJcvSnke2MfEHNi1wcTaTUVpHCy7oc%2BgvD%2BjtOcxN%2BqRYAGg551N1R5v9QoB0oMQviYjLZe%2F6A9aA44tuJKf4mrKWQJiS2UDTQIzsADRY5z1sul5cDBGMxqGUnwlMeyDHvrp86P8n7orJaG281c68Z,https://i.ebayimg.com/images/g/aeMAAeSw5fZqeAnv/s-l225.jpg
zoid,model_kit,eBay,marketplace,us,Zoids Chaotic Century & New Century Complete Series DVD Lot 17 Anime Volumes,995.0,0.0,False,USD,Like New,https://www.ebay.com/itm/318846543990?_skw=zoids&hash=item4a3cbc2876:g:om0AAeSwZCFqoNsW&amdata=enc%3AAQALAAAA4ACCtXRWQnOEpyOqnQQ8KGZMd58zkVvw4KLyRsCBTrCFD8yoGGLUyMg8lBBCa%2B1r5XInUuVSTNA%2BcKGt8d2hDKTJzJ8jDKnex1cxS%2FdS0DBF%2FHFTHFpTNRYfhwSTe50wMabUMAqqFtB0to1ieSA%2FhppGArZo4gnmxb96o9zjw6GHWNP8aITVwc9APCjJSp7LHZk5I%2FXEPGK0PVvQ4FHG2SQe8yQPwGrzEGUV3S8d1DwbHeI7%2Br4mE9nliQo6sMat3cvvNNni5WJ0zec0Mo%2Be9mRKb%2FEAY4A0qN20N1di0sQe,https://i.ebayimg.com/images/g/om0AAeSwZCFqoNsW/s-l225.jpg
zoid,model_kit,eBay,marketplace,us,Zoids: The Battle Begins DVD volume 1 Anime Animated Cartoon,36.09,0.0,False,USD,Very Good,https://www.ebay.com/itm/206550856950?_skw=zoids&hash=item301763f4f6:g:QJYAAeSwLcVqg2dB&amdata=enc%3AAQALAAAA4ACCtXRWQnOEpyOqnQQ8KGbhqNKs0W1x8%2Bep3rR4HgTRZ9uxLLXk8eAVWMkOd%2BVcgMw9TNhEMFhL56MFFMP4k6kGGt5X%2BTfYqGdWbq1qtRoI%2BdwD07xJ0CI3cRlM2J%2BxjnTGpaTzFuGikMzmtKkW5mPif5icnR3FRHO%2F9keUwleouEZem7IgNeSXX7rhLKccXdclBgWPS%2BYr%2BIedk7EbKJDab77o9n0LJSZ7EMqEIjdC0Q%2BGEyCyUENlrS5jxqnu%2FypvoGiK9diNipIV3hMZpWIsHgAJD3Ul6i5F52A35LID,https://i.ebayimg.com/images/g/QJYAAeSwLcVqg2dB/s-l225.jpg
zoid,model_kit,eBay,marketplace,us,Kotobukiya Zoids Highend Master HMM Death Stinger Hiltz Special 2000 Recolor Mod,175.0,0.0,False,USD,New,https://www.ebay.com/itm/147557544171?_skw=zoids&hash=item225b1d70eb:g:FqAAAeSwivNqn~Iw&amdata=enc%3AAQALAAAA4ACCtXRWQnOEpyOqnQQ8KGZZwN%2F5RtZFovsfiB%2BoOYaJVsinc2VR90OGhXSEQrDQxfNa0znVVykNpWjmNICPXKXo%2BftZK2HWup2SnYoLuTu659zPVpdsrlQlaruoKM%2Fs3DEWmWb4xjnf%2B0y5bbvz3al16iTDAZkqYUGBwdvnz6VbarXgOcZMbimZL61pUa0ytCiGtTk6BE9oL1%2F3ig0rZ%2FqS8QzwIqJ1dQTqZx1otrtFj0EItV3UmYr0p7q%2Fv1sFt2io4XCngoAOdYyV%2BZu1KRrD%2B6f5CB7rh%2FCOZBk6ALYd,https://i.ebayimg.com/images/g/FqAAAeSwivNqn~Iw/s-l225.jpg
zoid,other,eBay,marketplace,us,Huge Lot of Vintage Tomy Zoids Parts Pieces Motorized Partial Builds Incomplete,169.99,0.0,False,USD,Used,https://www.ebay.com/itm/236845740762?_skw=zoids&hash=item37251b32da:g:VNMAAeSwvHJqGiHA,https://i.ebayimg.com/images/g/VNMAAeSwvHJqGiHA/s-l225.jpg
zoid,other,eBay,marketplace,us,Zoids Genesis Set of 6 Keychains,23.08,0.0,False,USD,New,https://www.ebay.com/itm/312439703767?_skw=zoids&hash=item48bedb88d7:g:PuUAAOSwQ9lcR1m0,https://i.ebayimg.com/images/g/PuUAAOSwQ9lcR1m0/s-l225.jpg
zoid,model_kit,eBay,marketplace,us,Takara Tomy:  Zoids RMZ-010 EZ-006 CANORY MOLGA & EZ-023 HELL CAT BASE GUARDS,39.99,0.0,False,USD,New,https://www.ebay.com/itm/117400839660?_skw=zoids&hash=item1b55a2a5ec:g:0JAAAeSw~iRqnvOB,https://i.ebayimg.com/images/g/0JAAAeSw~iRqnvOB/s-l225.jpg
zoid,model_kit,eBay,marketplace,us,Kotobukiya Zoids HMM 041 LIMITED Death Stinger Hiltz Special 2000 Recolor,200.0,0.0,False,USD,Unspecified,https://www.ebay.com/itm/147571055211?_skw=zoids&hash=item225beb9a6b:g:K-oAAeSwCMlqpxB-,https://i.ebayimg.com/images/g/K-oAAeSwCMlqpxB-/s-l225.jpg
zoid,other,eBay,marketplace,us,ZOIDS HOVER CARGO PLAYSET 2001 SEALED HASBRO NIB **READ DESCRIPTION**,250.0,,False,USD,New,https://www.ebay.com/itm/236997552869?_skw=zoids&hash=item372e27aae5:g:zeAAAeSwxxdqed25,https://i.ebayimg.com/images/g/zeAAAeSwxxdqed25/s-l225.jpg
zoid,other,eBay,marketplace,us,[as-is] 2002 Hasbro Zoids Shell Karn Z-Builders & Diloforce Action Figure Models,9.95,,False,USD,Used,https://www.ebay.com/itm/307118404500?_skw=zoids&hash=item4781aef394:g:~XoAAeSwR01qeiXo,https://i.ebayimg.com/images/g/~XoAAeSwR01qeiXo/s-l225.jpg
zoid,model_kit,eBay,marketplace,international,TAKARA TOMY DAEWON ZOIDS WILD : XENO REX ZW52 Tyrannosaurus Type Action Figure,68.8,6.0,False,USD,New,https://www.ebay.com/itm/116014567998?_skw=zoids&hash=item1b0301d23e:g:amMAAOSwxollgWyV&amdata=enc%3AAQALAAAA4ACCtXRWQnOEpyOqnQQ8KGYY9b2BohLJY4aZyrdGClXvu2bmmAypfZtj5oCmjgrIuHXjSvnqsEf1I%2BBimwlVQjeu6rpJTZ7bjt545PuU8EzyGIdqlH7J6hhdGRwcyAts66Km3p105a5sCO6MPaNbSeCFDCKQ2zuAu5BBviY3pQQs%2B5%2FUnTNL0HG3lc7rCcNLMxb9D8xQf0CCWcMFwc6ctfcpsygnD3NTCX4%2F6zhvxMH3Vy95usYfCuHxgq4g%2F2f5R9DxJweyfg2HQIcwbjJDATeZbdD2kUsC2SQYRnAmJg%2Ff,https://i.ebayimg.com/images/g/amMAAOSwxollgWyV/s-l225.jpg
zoid,other,eBay,marketplace,us,Brand New Cartoon Network Zoids Vol. 3: The Coliseum Battle VHS w/ Sticker,75.0,,False,USD,Brand New,https://www.ebay.com/itm/137719923391?_skw=zoids&hash=item2010bf42bf:g:0wAAAeSwi4NqohGK&amdata=enc%3AAQALAAAA4ACCtXRWQnOEpyOqnQQ8KGYxYkeiWL6ZtODApv%2BBoW3yYMFGaQi2gDHBx9QhVf84neNvQbszziKBCt4mOpejr7Ok0Kpho3AFCjbVh7OTzMbAfnOHVKVAKKvArsZb79dJYDejTMxt49f8Agq6BGJAn1kKp%2FN0fXWJsV%2BSC5bkP1BzcSRh%2BhLsGlgtXOgQCwAZdeXuKitr2C7JCj8CvVjdliEYLEcP%2FwEA%2F%2B9YxIT%2FLE7oUHQEyNfU19yhUtuGsjlKs2ALtfd2xnnjUv77KBSJEJN%2B7RahuFlxdud17R%2B9hkMC,https://i.ebayimg.com/images/g/0wAAAeSwi4NqohGK/s-l225.jpg
zoid,other,eBay,marketplace,us,Zoids Wild Gannontoise  Mega Battlers Tanks 55 pcs by Hasbro,35.0,9.99,False,USD,New,https://www.ebay.com/itm/377296509722?_skw=zoids&hash=item57d89fdb1a:g:JFoAAeSwSHJqPgiF,https://i.ebayimg.com/images/g/JFoAAeSwSHJqPgiF/s-l225.jpg
zoid,model_kit,eBay,marketplace,us,Zoids New Century Zero Anime Complete Series Episodes 1-26 English Audio,24.99,0.0,False,USD,,https://www.ebay.com/itm/353627421983?_skw=zoids&hash=item5255d63d1f:g:OvYAAOSwRqhkChL0,https://i.ebayimg.com/images/g/OvYAAOSwRqhkChL0/s-l225.jpg
zoid,model_kit,eBay,marketplace,us,*NEW* Hasbro ZOIDS Raynos Wind-Up Motorized Model Kit Boxed Vintage 2001,86.95,,False,USD,New,https://www.ebay.com/itm/800642675213?_skw=zoids&hash=itemba6a05b20d:g:nsUAAeSwSrhqow~M,https://i.ebayimg.com/images/g/nsUAAeSwSrhqow~M/s-l225.jpg
zoid,model_kit,eBay,marketplace,international,BT White Liger Zero RZ-041 Model Kit 1:72 Scale Mecha Beast Action Figure Build,57.49,0.0,False,USD,New,https://www.ebay.com/itm/278057327081?_skw=zoids&hash=item40bd8219e9:g:l3cAAeSwoulqIHj~,https://i.ebayimg.com/images/g/l3cAAeSwoulqIHj~/s-l225.jpg
zoid,model_kit,eBay,marketplace,international,"Shadow Organoid(H1.85"")Zoids Nintendo Tomy 1999 Mini Collection Figure Toy.",49.0,16.5,False,USD,New,https://www.ebay.com/itm/317353707082?_skw=zoids&hash=item49e3c1464a:g:tnEAAeSwNlRo3A0e,https://i.ebayimg.com/images/g/tnEAAeSwNlRo3A0e/s-l225.jpg
zoid,other,eBay,marketplace,us,Vintage Transformers Digimon Zoids Parts Accessories LOT of 47.      X1,29.99,,True,USD,Used,https://www.ebay.com/itm/237030094788?_skw=zoids&hash=item37301837c4:g:gToAAeSwWkZqjhiZ,https://i.ebayimg.com/images/g/gToAAeSwWkZqjhiZ/s-l225.jpg
zoid,model_kit,eBay,marketplace,international,Zoids OER : Redhorn The Terrible : 100% Complete + Working,53.51,,False,USD,Used,https://www.ebay.com/itm/257743944968?_skw=zoids&hash=item3c02bc7d08:g:A9cAAeSwgQFqqR9x,https://i.ebayimg.com/images/g/A9cAAeSwgQFqqR9x/s-l225.jpg
zoid,other,eBay,marketplace,us,"Vintage TOMY ZOIDS / 1:24 / NEPTUNE R24-6 / + 3"" Figure / OJR / NON-WORKING",79.99,,False,USD,Used,https://www.ebay.com/itm/278380055768?_skw=zoids&hash=item40d0be8cd8:g:dOsAAeSwEjRqqkM~,https://i.ebayimg.com/images/g/dOsAAeSwEjRqqkM~/s-l225.jpg
zoid,model_kit,eBay,marketplace,us,NEW ZOIDS HMM 1/72 SCALE HEAVY ARMS KONIG WOLF PLASTIC MODEL KIT,250.0,0.0,False,USD,,https://www.ebay.com/itm/158243544939?_skw=zoids&hash=item24d80cdf6b:g:FL0AAeSwva1qlcS0&amdata=enc%3AAQALAAAA4ACCtXRWQnOEpyOqnQQ8KGY1uDcZJqhyPA8mmBXJSUlJG0VwWkAMdej%2BF9RN14Nu%2Blx9opHZo2FYZoFbIA8M83yjFYYtR19k2VBUZk0o8pW23lyAnR4Lru48Y1LRWX09LXSZHX4m%2B6Hnhl0b%2FATIDhQtL36ahY%2FMpiVUGUDve2fSGEmi%2FOYv4CVqP123mNqNNux%2FUlXcZS7WbnPnTFc0x8vC4rl376%2BMQYPFcaxxojmNngQMUBNSj6cZK%2FOGS8jYcWfsNLWS951UMpv6UIY15Irf1%2BxZO%2FqHJItETzUXsk83,https://i.ebayimg.com/images/g/FL0AAeSwva1qlcS0/s-l225.jpg
zoid,model_kit,eBay,marketplace,us,VIZ Zoids: Chaotic Century - Outset VOL 2 DVD,35.0,,False,USD,Very Good,https://www.ebay.com/itm/377372625265?_skw=zoids&hash=item57dd294971:g:j0kAAeSwWEBqZtpO&amdata=enc%3AAQALAAAA4ACCtXRWQnOEpyOqnQQ8KGaqGFqATQ60MhhCTLG0Ev0cFYjU%2FuMJuwykFMyWgdzov56rycLtvdIRe6pl7hUeNf0eXfTgRfecEw%2BzMG5CNzxTEfIghTeley6a59VUmRmVPh8wbtQLUiaTInBTIKsg56les70CbkhuU9zSDFo%2FcsYMi8RzU9R9BCJzjAPxBeo4as3YPxUNapCC5w42ThUOWd1hF3bBjFwfXROwIdPFGPwWyQDgOpkvAo6kRorwcziAgY9J1wo%2FfXrAkmaTY0%2FOVboMM5ol6q9RoZWIGycWpJck,https://i.ebayimg.com/images/g/j0kAAeSwWEBqZtpO/s-l225.jpg
zoid,other,eBay,marketplace,us,Techno Zoids Evil Scorpion Kenner Vintage 1994 NEW IN BOX Motorized SHIPS FAST!,79.95,0.0,False,USD,New,https://www.ebay.com/itm/206527665851?_skw=zoids&hash=item30160216bb:g:Kf0AAeSw8rhqlgCs&amdata=enc%3AAQALAAAA4ACCtXRWQnOEpyOqnQQ8KGa%2BpFp8Pkc%2FQtFXQ8G%2BB4EGqY5yfjm%2BXMB4G%2BG4f3FGoxQMujBkpSarIKxv3PoU7D%2B8mrPweGx%2B84u1IGFCjumf8jgOyXXkkX1rc2yAkX5cUbPPEFCY6AU%2FYKztEqxARui3nRiiRExxK0IJrI8l7xKfn%2Fx8aJqbVJcRx1cCXLu%2FX3mzL2VWYIvDAjb4NIM%2FMk5uTPpV889TmoVai4YYUjiXSUWtR%2BaSTgO8yfzJsM%2BrMcOm%2FiH5HSwFytf%2FyHJzC2jvHjYVvBh%2BMl8LGFmDLOuM,https://i.ebayimg.com/images/g/Kf0AAeSw8rhqlgCs/s-l225.jpg
zoid,model_kit,eBay,marketplace,us,Kotobukiya Zoids RZ-041 Liger Zero Panzer Marking Plus Ver. 1/72 Scale Model Kit,129.95,0.0,False,USD,New,https://www.ebay.com/itm/147544807639?_skw=zoids&hash=item225a5b18d7:g:hS0AAeSwRMlqq8iR&amdata=enc%3AAQALAAAA4ACCtXRWQnOEpyOqnQQ8KGZQJV4dskmmWpVbtAIwmOwGUY0T%2FWEepE6wbieTsmMLeU0544ZZV96MmDlzbTekYwBRiUxQHyb7MFXSk7Zx9QA5CohPscRi0XNQXodGaFvmI4Fo0T1ernhh%2FlYQBKPGa4Hd639evq74TE5VrT1j%2FtXI277Stf4SdGY6lvcKIGNZpr4arxWYEjNxumZHKn5TD5FGdQN0TTLKgeUyL8b309tfwnrk745vpC%2BH1q4j1%2FJu1EOFWa5JtIUZg6uU4oR1OX7ntBRtN1i5dN3lUKFf3V4c,https://i.ebayimg.com/images/g/hS0AAeSwRMlqq8iR/s-l225.jpg
zoid,model_kit,eBay,marketplace,international,TAKARA TOMY DAEWON ZOIDS WILD : ZW55 Xeno Rex Scissors XA Tyrannosaurus Type,89.8,0.0,False,USD,New,https://www.ebay.com/itm/126243225931?_skw=zoids&hash=item1d64aec14b:g:SQ8AAOSwFAllgXzA&amdata=enc%3AAQALAAAA4ACCtXRWQnOEpyOqnQQ8KGZpMz2XlglxaMRJlrOL7ZL6hqSHBHBW1mzm3J1P%2BA0NZNa4eRug26y248WqMYJo1btnMZ19V8His4TiwrxXEHzuagsMC5xk%2BzMqiinc7qiB0YDZHk3I%2FEkjBZAVtMDkl%2BSvvsDcWMsOIWgBba5JL67qDVbee9Q00U0vkehJjigsJTU9CkcQO0rIw5JFHJ6A%2FAUI8XtCYo%2F5zbe8cgoFWCTdmeaAFGx7FkTg5R09MD%2B9VRwnoS3pNGW5t0GtIVSxpaUEdwZ8wQRBYO%2FDajqeplOX,https://i.ebayimg.com/images/g/SQ8AAOSwFAllgXzA/s-l225.jpg
zoid,model_kit,eBay,marketplace,us,Zoids Chaotic Century Complete Anime Series Ep 1-67 Audio option in description,34.99,0.0,False,USD,,https://www.ebay.com/itm/265637486594?_skw=zoids&hash=item3dd93a6002:g:6vkAAOSwq3NhcwoM&amdata=enc%3AAQALAAAA4ACCtXRWQnOEpyOqnQQ8KGY0Z8a7qooC%2FdFsRNXh%2BHFywP4CrksupK4a4ARZVE5OZiwHlLAbekDN3z%2F6tIFAJcXMH%2ByjBbq5bpd4Rx2A8w9L%2F5WkU%2F0N9kMz4V2%2B4gz05dHCFmulULfehpTGaJ44MdPrAcDQTJg3KZtsJwI%2F5t1oqFtezHvGTFeIK1L1%2FkSsPaoilo5hNKmdasawNdAMsdBXHm%2B0fVNx12SV50on2nbRcbJrBkmWTnGpzbmCz%2BlfCjZtyh%2Fvb6r6lZTUGwUoF5awUU%2B2e%2BMMP1vJ9rGXsxWO,https://i.ebayimg.com/images/g/6vkAAOSwq3NhcwoM/s-l225.jpg
zoid,other,eBay,marketplace,international,Zoids RZ-041 Liger Zero 1/72 Lion Type Tomy Model Kit Japan Plastic,117.55,18.0,False,USD,New,https://www.ebay.com/itm/376210863333?_skw=zoids&hash=item5797ea34e5:g:XfAAAOSwhotoEeCM,https://i.ebayimg.com/images/g/XfAAAOSwhotoEeCM/s-l225.jpg
zoid,other,eBay,marketplace,us,TOMY ZOIDS 1980's ORIGINAL MINIATURE SILVER PILOT DRIVER SEATED FIGURE VINTAGE,7.95,3.3,False,USD,Used,https://www.ebay.com/itm/147010713235?_skw=zoids&hash=item223a857693:g:aCcAAeSwR6BpMml7,https://i.ebayimg.com/images/g/aCcAAeSwR6BpMml7/s-l225.jpg
zoid,model_kit,eBay,marketplace,us,Zoids HMM 050 EZ-036 Death Stinger ZS 1/72 model kit Kotobukiya,149.99,0.0,False,USD,New,https://www.ebay.com/itm/364634130757?_skw=zoids&hash=item54e5e34945:g:ubwAAOSwTFZhlJmt,https://i.ebayimg.com/images/g/ubwAAOSwTFZhlJmt/s-l225.jpg
zoid,model_kit,eBay,marketplace,us,Zoids HMM 026 Liger Zero Schneider Unit Marking Plus 1/72 model kit Kotobukiya,110.0,0.0,False,USD,New,https://www.ebay.com/itm/407208313743?_skw=zoids&hash=item5ecf81c38f:g:Nu4AAeSwMxxqoZyo,https://i.ebayimg.com/images/g/Nu4AAeSwMxxqoZyo/s-l225.jpg
zoid,model_kit,eBay,marketplace,us,Takara Tomy ZOIDS x Patlabor Synergenex Hunter Wolf Patlabor Second Model Kit,59.95,0.0,False,USD,New,https://www.ebay.com/itm/137686615364?_skw=zoids&hash=item200ec30544:g:0xYAAeSwksBqog-H,https://i.ebayimg.com/images/g/0xYAAeSwksBqog-H/s-l225.jpg
zoid,model_kit,eBay,marketplace,us,Chogokin ZOIDS New Century/Zero RZ-041 Liger Zero PLUS JAGER ARMOR,345.0,,False,USD,Used,https://www.ebay.com/itm/158244185454?_skw=zoids&hash=item24d816a56e:g:f8wAAeSwj8Nqlgd6,https://i.ebayimg.com/images/g/f8wAAeSwj8Nqlgd6/s-l225.jpg
zoid,model_kit,eBay,marketplace,us,Zoids 107 Gravity Wolf  Original Vintage Model Kit Open Box - Partially Assembld,45.0,,True,USD,Used,https://www.ebay.com/itm/168682178409?_skw=zoids&hash=item27463dc769:g:2o8AAeSwj0lqpLJw,https://i.ebayimg.com/images/g/2o8AAeSwj0lqpLJw/s-l225.jpg
zoid,other,eBay,marketplace,us,Vintage Techno Zoids/Space Link Gold Pilots Parts & Pieces Lot,29.74,,True,USD,Used,https://www.ebay.com/itm/307172302493?_skw=zoids&hash=item4784e55e9d:g:ihMAAeSw9axqot8d,https://i.ebayimg.com/images/g/ihMAAeSw9axqot8d/s-l225.jpg
zoid,other,eBay,marketplace,us,Zoids Gravity Saix Action Figure Model Kit #106 1/72 Scale Hasbro 2001 Sealed,45.0,,False,USD,New,https://www.ebay.com/itm/318872172871?_skw=zoids&hash=item4a3e433947:g:0tEAAeSwaH5qoMcs,https://i.ebayimg.com/images/g/0tEAAeSwaH5qoMcs/s-l225.jpg
zoid,model_kit,eBay,marketplace,us,Zoids New Century Zero Anime Complete Serie Episodes 1-26 English Audio,24.99,0.0,False,USD,,https://www.ebay.com/itm/374024991754?_skw=zoids&hash=item5715a0740a:g:YjoAAOSwtKhhVL1D&amdata=enc%3AAQALAAAA4ACCtXRWQnOEpyOqnQQ8KGZhot5wSWKsUzouLqMAUQKdzSapo0GidjwZqL%2B6AGVLcY0IpRMDVjxpHWyIyh9Qt%2BrRrxjnqxR6iWaRg5kwHVyYrgPSlgO8VqsRTvA10GnPnmEHI5WvVXdiS5243j3fpl08T5Uy32F1qRc19NYHrq%2FWCMA5GIFY2Kg4tdM%2Fz56wct8ViLC0CdVMw30OeBEC%2BUYlwgmaXd6ow8l5Etex45ENFKp32nz1KgsccFl165grp8HCXdgzobCZjNcL3qz%2BZrw%2FSiZdyGB6fzMLDrpxhCRs,https://i.ebayimg.com/images/g/YjoAAOSwtKhhVL1D/s-l225.jpg
zoid,other,eBay,marketplace,us,Zoids Hasbro 1/72 #027 Rev Raptor - New SEALED BOX Vintage 83028,74.99,,False,USD,New,https://www.ebay.com/itm/206448441252?_skw=zoids&hash=item30114937a4:g:3eAAAeSwA8BqPbd1&amdata=enc%3AAQALAAAA4ACCtXRWQnOEpyOqnQQ8KGblTFq0TNa29oZxqHal5viko%2FkM1RmdxjXKBg%2B4%2FFs%2Btk%2BLVp%2BQ%2FNfk17Dgn1C3acx%2FCmArhqLGaqe7knhT5%2BNnse6jUktXMbFvhcAqOqjX%2Fj%2FVnIhCHnWfkOJOdnVOATIv9SWqi1NQeFjBGv9dt4E%2BFyti%2Fx54OP5ih%2F5Q8lMEAF3H1xpFcVdGlrz%2FF3%2FfYboVe6bYPFdSlw%2BKGUNlEkjr%2FKCqz45Xio5jH0tvuFWUuHlpwsrLWMNmpx6Qpq8TyjEouuqv8FXrQtKIyKj6YgwQ,https://i.ebayimg.com/images/g/3eAAAeSwA8BqPbd1/s-l225.jpg
zoid,model_kit,eBay,marketplace,us,Zoids: The Battle Begins DVD volume 1,35.0,,False,USD,Very Good,https://www.ebay.com/itm/377372636127?_skw=zoids&hash=item57dd2973df:g:oOoAAeSwWEBqZt0q&amdata=enc%3AAQALAAAA4ACCtXRWQnOEpyOqnQQ8KGa4qtWJZutvQ97zvxeABiaU911foFndqRjiFM7ta0JlWbi0kHF3gImLJyednWAualWbTyruOBgEQZVKPELUdTz4eXa%2Fhl7eL2nP3Ip0ti896IOxBzw7HqouXNzWxP1aOibIkcSqXoPAEtjRnbw97EEah%2Fav4bEd0OBg1Ul7CuTm0dqmkZu1AbjiwhGJXIl3UpL5m%2BsbYLDqpHxnJWk%2B602Cp%2BbtE8fe1n3h%2B9nZjujMX2v4rD27EqgcEUCk5bVfPjfllaqjdrAB19pJt7goP7gA,https://i.ebayimg.com/images/g/oOoAAeSwWEBqZt0q/s-l225.jpg
zoid,model_kit,eBay,marketplace,us,Zoids Gorem Gorilla Type 1/24 Scale E24-07 - Tomy,109.99,,False,USD,Used,https://www.ebay.com/itm/157947542069?_skw=zoids&hash=item24c6683a35:g:eh0AAeSwi69qF4Ja,https://i.ebayimg.com/images/g/eh0AAeSwi69qF4Ja/s-l225.jpg
zoid,model_kit,eBay,marketplace,us,Zoids HMM011 RZ-013 Cannon Tortoise Marking Plus ver. 1/72 model kit Kotobukiya,84.99,0.0,False,USD,New,https://www.ebay.com/itm/389474223958?_skw=zoids&hash=item5aae790756:g:AdIAAeSwC7lpe8~P,https://i.ebayimg.com/images/g/AdIAAeSwC7lpe8~P/s-l225.jpg
zoid,other,eBay,marketplace,us,Zoids Hasbro 1/72 #043 Spinosnapper SEALED BOX,40.0,,False,USD,New,https://www.ebay.com/itm/128018496258?_skw=zoids&hash=item1dce7f3b02:g:HwMAAeSwv8xqeTVo,https://i.ebayimg.com/images/g/HwMAAeSwv8xqeTVo/s-l225.jpg
zoid,model_kit,eBay,marketplace,us,Zoids Wild Anime Series English Dubbed Episodes 1-50,24.99,0.0,False,USD,,https://www.ebay.com/itm/175282498887?_skw=zoids&hash=item28cfa6ad47:g:mGIAAOSwmNJigTJU,https://i.ebayimg.com/images/g/mGIAAOSwmNJigTJU/s-l225.jpg
zoid,model_kit,eBay,marketplace,us,Zoids Liger Zero Empire Version AZ-02EX2 Takara Tomy Model Kit,90.0,7.49,False,USD,New,https://www.ebay.com/itm/227499719284?_skw=zoids&hash=item34f80a3a74:g:ckIAAeSwUjRqlbA0,https://i.ebayimg.com/images/g/ckIAAeSwUjRqlbA0/s-l225.jpg
zoid,model_kit,eBay,marketplace,us,Vintage Original Tomy Zoids Gravity Ptera Bird Model Kit - Open Box,65.0,,True,USD,Used,https://www.ebay.com/itm/168682334581?_skw=zoids&hash=item2746402975:g:zuIAAeSwS2xqpMjn,https://i.ebayimg.com/images/g/zuIAAeSwS2xqpMjn/s-l225.jpg
zoid,model_kit,eBay,marketplace,us,Zoids New Century Zero Anime Complete Series Episodes 1-26 English Audio,24.99,0.0,False,USD,,https://www.ebay.com/itm/175235765476?_skw=zoids&hash=item28ccdd94e4:g:KisAAOSwWUhhhq2O,https://i.ebayimg.com/images/g/KisAAOSwWUhhhq2O/s-l225.jpg
zoid,model_kit,eBay,marketplace,us,Robo Strux by Tomy Sealed in Package Special Edition Zoids 1981,8.0,6.75,False,USD,New,https://www.ebay.com/itm/137363010407?_skw=zoids&hash=item1ffb793367:g:8nAAAeSwzf9qkJyd,https://i.ebayimg.com/images/g/8nAAAeSwzf9qkJyd/s-l225.jpg
zoid,other,eBay,marketplace,international,ZOIDS Liger Zero 041 1/72 Motorized Walking Action Model Kit Collectible 13+,197.28,40.0,False,USD,Used,https://www.ebay.com/itm/168539997196?_skw=zoids&hash=item273dc4440c:g:jlgAAeSwhEBqWNoG,https://i.ebayimg.com/images/g/jlgAAeSwhEBqWNoG/s-l225.jpg
zoid,other,eBay,marketplace,us,Hasbro Zoids Lot Brachio Zilla Gravity Ptera Gorillatron Fuzors Z-Builders Toy,119.95,,False,USD,Used,https://www.ebay.com/itm/198609379642?_skw=zoids&hash=item2e3e0aa13a:g:Jy4AAeSw0jpqlkHW,https://i.ebayimg.com/images/g/Jy4AAeSw0jpqlkHW/s-l225.jpg
zoid,model_kit,eBay,marketplace,us,TOMY Zoids 1980's Robo Strux Wind-up figure bird/plane Glidoler Working W/ Pilot,14.99,,True,USD,New,https://www.ebay.com/itm/266000651852?_skw=zoids&hash=item3deedfd64c:g:piEAAOSwv~hjestg,https://i.ebayimg.com/images/g/piEAAOSwv~hjestg/s-l225.jpg
zoid,model_kit,eBay,marketplace,us,Takara Tomy 1/100 Zoids Realize Model RMZ-015 Saber Tiger Raven Special T-spark,74.99,0.0,False,USD,New,https://www.ebay.com/itm/820071128799?_skw=zoids&hash=itembef00c5edf:g:2cwAAeSwBO5qlh1f,https://i.ebayimg.com/images/g/2cwAAeSwBO5qlh1f/s-l225.jpg
zoid,other,eBay,marketplace,international,ZOIDS CHOGOKIN CHANGING ARMOR set for RZ-041 LIGER ZERO BANDAI Figure,300.99,35.0,False,USD,Used,https://www.ebay.com/itm/357099688803?_skw=zoids&hash=item5324ccd363:g:09wAAOSwtBpoUAsv&amdata=enc%3AAQALAAAA4ACCtXRWQnOEpyOqnQQ8KGYOH689hZiGTx6CsCmz7ZGZHjIGqlg4zAEO4gbEPtoi9Ca3wBfetgpR9kHhRbK%2Fl6yov2demyYrN0PH25ipfkoYFoQH292uAtpRAy2sQoLoXFbokdnw%2FbS9Ui5D9dRH4rjRSDtQiJ%2B8igveHgP3V1tqT4EMQEkcO%2F9zXex2YQkGMhf%2FNI8nevIWeY%2BPoMG9JK%2BiL3nMu%2Fiw1kGeRUTxGeViA1%2BqGPqtuBEn4bbd%2BR%2FYU0NW1ZgAEy8iqY57f4tSxk8EH5gzcxo%2FHhdrHJxeOOII,https://i.ebayimg.com/images/g/09wAAOSwtBpoUAsv/s-l225.jpg
zoid,model_kit,eBay,marketplace,us,Zoids Fuzors Anime Complete Series Episodes 1-26 English Audio,21.99,0.0,False,USD,,https://www.ebay.com/itm/356280949389?_skw=zoids&hash=item52f3ffda8d:g:qw4AAeSwvA9qXFms&amdata=enc%3AAQALAAAA4ACCtXRWQnOEpyOqnQQ8KGZBuTuwksry16TP1j0gWJd1G8TaREpwxg9pij%2BSVg6%2FmifbYOVTzfF25hJDicQOUYHkuhqUFpj8KPUVOmGs6QB1SJmYFaXdRlyLwormmm3XM2AkMvZZGepiuO%2FPjQ3QFOp6xihfs11NeKpsEd1a17ve3S6BUe%2B80VwW5q4Kcnbb2TfWbSX3H2oo%2B0RO8iClCPRP7COSqpvz8dTIf%2BfDs%2BWGTbr55nbQvwDW%2B8QnNxnSg3EDA%2FZ5Dj1g%2BkAaFG0aeTK5g05ugl7uWxm2cOtkZECq,https://i.ebayimg.com/images/g/qw4AAeSwvA9qXFms/s-l225.jpg
zoid,other,eBay,marketplace,us,Takara Tomy 1/35 SPIDER ZOIDS SPIDER-MAN Special MK ✨USA Ship Seller✨,59.95,10.0,False,USD,New,https://www.ebay.com/itm/397208204658?_skw=zoids&hash=item5c7b743572:g:5PMAAeSwA0BpAruD&amdata=enc%3AAQALAAAA4ACCtXRWQnOEpyOqnQQ8KGZypvszB68447nxypemWYqnmCVM%2FvcJfrSYSWFhv10UZ5RXHNtr3kjQBfyKjLhbQD8Kll4orRqOMwD4qIz4BtrIUaV6yYIH3Ze2NFDaCvxPPD1JZRdRiGqE5dLtUy3b1UFL5OAkkI11AvBcjgNkIY16pLVVXGWWDdOunmrZf2ryy7%2FkI8uY9rvE6sgw7Yy1ycrfqvu0hKmTJPYa2CTH1y7pHJ7kyKzmkLOKojGLgqR2rZrE6RVvgt5Ne9gdA96358u%2FLGm63Pmo1N4ZKWt%2BUMlk,https://i.ebayimg.com/images/g/5PMAAeSwA0BpAruD/s-l225.jpg
zoid,model_kit,eBay,marketplace,us,Zoids Genesis Anime Series Japanese Audio with English Subs,29.99,0.0,False,USD,,https://www.ebay.com/itm/393641711700?_skw=zoids&hash=item5ba6dfd854:g:8CUAAOSwu8xhcWqP&amdata=enc%3AAQALAAAA4ACCtXRWQnOEpyOqnQQ8KGauUkweYFCkJfynJH1NmzBS4yKKYKh2MzvwFQJtk8ic%2FZZg3ptrPS%2Fz1MbhGaaGCm6oPCz9n6kYfTwMhug8liU%2FE0l91vJuX%2FiX5Tv7L%2Fcpz8n66CNpIMcsqUUoma6Ku2tIFpiDQSpxx98konSrS0R6NTB59QweJ0n5giCeESytPRdTzBuUT%2B5exyGdRMulvGYmHupw0plU7u3Dnm7OTPwMw4Kt9tMPbrjC%2Fseq6qSFVPYZQ3YZYwubuRrYz09zKp3YM3fqKXK1gZYDo19iBkNM,https://i.ebayimg.com/images/g/8CUAAOSwu8xhcWqP/s-l225.jpg
zoid,model_kit,eBay,marketplace,us,Zoids 1/24 R24-5 Battle Rover Ornitholestes Tony New In Box,94.99,7.5,False,USD,New,https://www.ebay.com/itm/117413326712?_skw=zoids&hash=item1b56612f78:g:vxsAAeSwJOxoVymu,https://i.ebayimg.com/images/g/vxsAAeSwJOxoVymu/s-l225.jpg
zoid,other,eBay,marketplace,us,Zoids Helcat Panther Type 023 TOMY,39.0,12.75,False,USD,New,https://www.ebay.com/itm/188918044077?_skw=zoids&hash=item2bfc6495ad:g:TWoAAeSwSbhqpG8s,https://i.ebayimg.com/images/g/TWoAAeSwSbhqpG8s/s-l225.jpg
zoid,model_kit,eBay,marketplace,us,HMM Zoids Rev Raptor 051 KOTUBUKIYA Plastic Model Kit,48.0,,False,USD,New,https://www.ebay.com/itm/366621232656?_skw=zoids&hash=item555c540e10:g:PKMAAeSwWihqiLx1,https://i.ebayimg.com/images/g/PKMAAeSwWihqiLx1/s-l225.jpg
zoid,model_kit,eBay,marketplace,us,Zoids Chaotic Century Complete Anime Series Ep 1-67 Audio option in description,34.99,0.0,False,USD,,https://www.ebay.com/itm/355422091663?_skw=zoids&hash=item52c0ceb98f:g:EAEAAOSwXRhhQ6ur,https://i.ebayimg.com/images/g/EAEAAOSwXRhhQ6ur/s-l225.jpg
zoid,model_kit,eBay,marketplace,international,TOMY Zoids EZ-062 Saberlion Lion Type Model Kit New Sealed US STOCK,70.39,0.0,False,USD,New,https://www.ebay.com/itm/236897035666?_skw=zoids&hash=item372829e592:g:2-wAAeSwd2NqMR-A,https://i.ebayimg.com/images/g/2-wAAeSwd2NqMR-A/s-l225.jpg
zoid,model_kit,eBay,marketplace,us,"Zoids: Legacy (Nintendo Game Boy Advance, GBA, 2004) Loose Cartridge Only",59.95,,False,USD,Good,https://www.ebay.com/itm/257747382888?_skw=zoids&hash=item3c02f0f268:g:sBsAAeSw2uxqqxyu,https://i.ebayimg.com/images/g/sBsAAeSw2uxqqxyu/s-l225.jpg
zoid,model_kit,eBay,marketplace,us,Zoids Genesis Anime Series Japanese Audio with English Subs,29.99,0.0,False,USD,,https://www.ebay.com/itm/175010864202?_skw=zoids&hash=item28bf75dc4a:g:AukAAOSw7RthhqO6&amdata=enc%3AAQALAAAA4ACCtXRWQnOEpyOqnQQ8KGYK%2FG5G7QASbY16bRdBOsGsowSm4ifptVmHmH7NJMTHxosKb06ezGDAGycmz5IJpc8qbhC68rH3UyIck%2BSAPi8LeWxpW9VdefdoPvp4w5RqWS6gILBhZmfY%2FA%2FHr8etuZBH4%2F4Q9SC7QduLh1MRbYM2oVZimJWRJnXZU9XUjzua6zYUbmo9cv1uP7GI%2FBY%2BhIgPJgPzjYBbFmeLNjyiGUmmnQnsVxNhTqMPM0893EY6lvcDkmi50Z6f2Cu04ByxDkMkQpEH3TmKMv%2BjQrDc31ZW,https://i.ebayimg.com/images/g/AukAAOSw7RthhqO6/s-l225.jpg
zoid,other,eBay,marketplace,us,ZOIDS RZ-030 RED GUN SNIPER limited Naomi Velociraptor Type ,45.0,13.75,False,USD,New,https://www.ebay.com/itm/188859383093?_skw=zoids&hash=item2bf8e57d35:g:itUAAeSwxFVqk1~S&amdata=enc%3AAQALAAAA4ACCtXRWQnOEpyOqnQQ8KGbwNnc2W0X8faYzrACHJy6OzrL7ceZw%2Bl%2B3uJnqrxRv5w0zLoPKGr%2FVh9%2BIINiJZS9qlZGTEZroiaD4H%2FqCDmOI499eXY3pt7Zs5%2FXzkR5DM%2BWZLeY1hfVQrdu7om%2Bb5MDRUZCrNidYHhYeSXkdmEXDbK2WzTSl5RCKGT7yq4CShuFyTLKvoyDRD8P7NxXgPI8EMNQ3mTiyhR9SXWdWWfZhX3o2A7yM0IfggfWkFLGISBtIon784Q7LX6ejYvjzYXWkrIZJx80MLT9N7bsakRCy,https://i.ebayimg.com/images/g/itUAAeSwxFVqk1~S/s-l225.jpg
zoid,other,eBay,marketplace,us,Zoids Hel Digunner 011 Tomy,45.0,8.55,False,USD,New,https://www.ebay.com/itm/157318774682?_skw=zoids&hash=item24a0edff9a:g:wsEAAeSwuWxoxalR,https://i.ebayimg.com/images/g/wsEAAeSwuWxoxalR/s-l225.jpg
zoid,other,eBay,marketplace,us,1986 Tomy Robo Strux Zoids Rado No Pilot,59.99,7.99,False,USD,Used,https://www.ebay.com/itm/287554907771?_skw=zoids&hash=item42f39bae7b:g:-oUAAeSwau1qlJqU,https://i.ebayimg.com/images/g/-oUAAeSwau1qlJqU/s-l225.jpg
zoid,other,eBay,marketplace,us,Zoids TOMY Cannontortoise Type RMZ 27 Made in Japan (Box Only) Vintage,35.0,5.95,False,USD,Used,https://www.ebay.com/itm/336778393380?_skw=zoids&hash=item4e698e7724:g:11cAAOSwlIBkvxiv,https://i.ebayimg.com/images/g/11cAAOSwlIBkvxiv/s-l225.jpg
zoid,model_kit,eBay,marketplace,us,HMM 022 Zoids Liger Zero Marking Plus RZ-041 Model Kit. Partly Built. Complete,70.0,,False,USD,Used,https://www.ebay.com/itm/820091899938?_skw=zoids&hash=itembef1495022:g:iP0AAeSwgW9qnH6n,https://i.ebayimg.com/images/g/iP0AAeSwgW9qnH6n/s-l225.jpg
zoid,model_kit,eBay,marketplace,international,ZOIDS HMM Liger Zero Jager Panzer Schneider Empire X Unit SET Model Kit,279.99,50.0,False,USD,New,https://www.ebay.com/itm/358889109685?_skw=zoids&hash=item538f7538b5:g:ssIAAeSw8fBqcuG4,https://i.ebayimg.com/images/g/ssIAAeSw8fBqcuG4/s-l225.jpg
zoid,other,eBay,marketplace,us,ZOIDS #024 Command Wolf TOMY,80.0,9.95,False,USD,New,https://www.ebay.com/itm/157593594653?_skw=zoids&hash=item24b14f6b1d:g:P54AAeSweq5pXA6P,https://i.ebayimg.com/images/g/P54AAeSweq5pXA6P/s-l225.jpg
zoid,other,eBay,marketplace,us,"MOTU,Energy Zoids mini comic,Masters of the Universe,Rotar,Twistoid,he-man",105.0,2.4,False,USD,Used,https://www.ebay.com/itm/227520188649?_skw=zoids&hash=item34f94290e9:g:jUMAAeSwh9BqpxxH,https://i.ebayimg.com/images/g/jUMAAeSwh9BqpxxH/s-l225.jpg
zoid,other,eBay,marketplace,us,Vintage 1983 TOMY Zoids Giant ZRK #5039 Model Kit New Open Box Unbuilt Complete,339.36,,False,USD,New,https://www.ebay.com/itm/406786365159?_skw=zoids&hash=item5eb65b56e7:g:Et0AAeSwd0BpuxUA,https://i.ebayimg.com/images/g/Et0AAeSwd0BpuxUA/s-l225.jpg
zoid,model_kit,eBay,marketplace,us,Zoids HMM 019 EPZ-003 Great Sabre Marking Plus 1/72 scale model kit Kotobukiya,119.99,0.0,False,USD,New,https://www.ebay.com/itm/318678807243?_skw=zoids&hash=item4a32bcb2cb:g:CCoAAeSwJM5qcmoZ&amdata=enc%3AAQALAAAA4ACCtXRWQnOEpyOqnQQ8KGYHVF9d5Q2PgYZFS0uiu%2BFY1ReJbS1DAqa8qaKptH1wrhUDk6wmd8lGHAH%2FQjoQeiukx6xXOtH%2Bh8taROD%2BMdZMc3hhnVyXYartaVEdypAsk8mYb711ZwjhoDmKBMMowb%2FZT6tldkXEDxVoimfkine66pO3bvBukGX%2B9OT8jetr5Zt13OKnKq25PN97M8Byr9yaakHv6DTZBuijG3r7%2BxUkVSvQCsW1Xn5lnorsnEyNmzPtB%2FjglvqYoB1ymGOsYLoNWnG3sA7HKK34%2Bz3noZRI,https://i.ebayimg.com/images/g/CCoAAeSwJM5qcmoZ/s-l225.jpg
zoid,model_kit,eBay,marketplace,us,Zoids Chaotic Century Complete Anime Series Ep 1-67 Audio option in description,34.99,0.0,False,USD,,https://www.ebay.com/itm/373775767307?_skw=zoids&hash=item5706c5970b:g:6LkAAOSwpdphWKGq&amdata=enc%3AAQALAAAA4ACCtXRWQnOEpyOqnQQ8KGadTabJ3YZM2Tm4Sgsgk88QBC%2BddiQSrtdNBRx%2FOzbwPrYGSPH7N5rzmbCqrVuEH1K6bV%2F5T%2FaPLYfLcKIsAyHlB2spsVdk7mW%2FAi143PQsVZyN6Hwy1Qs4mYbVUiNeCm%2B%2FTBrleEIbYLvA14Q686uAaV73sDhg1hvVQYCoQNfJjsE7F2NzeImsBFY%2F%2B1BJPTMJO613aPm9HlWxLA0LgHA2v3v7hkSsbf%2BvofC3VxEDAsa3Glqbah6ofDL0X0IsauOHLsICULAnxODsnrep%2FhLc,https://i.ebayimg.com/images/g/6LkAAOSwpdphWKGq/s-l225.jpg
zoid,model_kit,Plaza Japan,retailer,,Takara Tomy Zoids AZ-15 Psycho Geno Saurer Plastic Model,108.47,,,USD,New,https://www.plazajapan.com/4904810070696,https://cdn11.bigcommerce.com/s-89ffd/products/196910/images/895214/takara-tomy-zoids-az-15-psycho-geno-saurer-plastic-model__26543.1771466604.350.350.jpg?c=2
zoid,model_kit,Plaza Japan,retailer,,Kotobukiya HMM ZOIDS 1/72 RZ-029 Storm Sworder Plastic Model,83.4,,,USD,New,https://www.plazajapan.com/4934054108114,https://cdn11.bigcommerce.com/s-89ffd/products/185883/images/824700/4934054108114-1__96898.1759384716.350.350.jpg?c=2
zoid,model_kit,Plaza Japan,retailer,,Kotobukiya HMM ZOIDS 1/72 RZ-041 LIGER ZERO JAGER Marking Plus Version Plastic Model,44.41,,,USD,New,https://www.plazajapan.com/4934054073696,https://cdn11.bigcommerce.com/s-89ffd/products/169282/images/714889/kotobukiya-hmm-zoids-172-rz-041-liger-zero-jager-marking-plus-version-plastic-model__24234.1739870917.350.350.jpg?c=2
zoid,model_kit,Plaza Japan,retailer,,Kotobukiya HMM Zoids 1/72 EPZ-003 Greatsaber Marking Plus Ver. Plastic Model,43.33,,,USD,New,https://www.plazajapan.com/4934054073917,https://cdn11.bigcommerce.com/s-89ffd/products/176668/images/761995/4934054073917_c31cc81754fbe18c7806440d559629c4__96666.1747977861.350.350.jpg?c=2
zoid,model_kit,Plaza Japan,retailer,,Kotobukiya HMM ZOIDS 1/72 EZ-049 Sturm Tyrann Plastic Model,141.89,,,USD,New,https://www.plazajapan.com/4934054055586,https://cdn11.bigcommerce.com/s-89ffd/products/129054/images/458187/4934054055586_d65249acc2eaa9c631f7a81b4181438a__03580.1680591380.350.350.jpg?c=2
zoid,model_kit,Plaza Japan,retailer,,Kotobukiya HMM ZOIDS 1/72 Dark Horn Harry Special 2001 Re/color Plastic Model,70.41,,,USD,New,https://www.plazajapan.com/4934054086955,https://cdn11.bigcommerce.com/s-89ffd/products/211590/images/974069/4934054086955_ccf7035a5e0cb0a52767178b45f4f611__20948.1783048740.350.350.jpg?c=2
zoid,model_kit,Plaza Japan,retailer,,Kotobukiya HMM Zoids 1/72 EZ-034 Geno Breaker Re-package Ver. Plastic Model,46.88,,,USD,New,https://www.plazajapan.com/4934054048434,https://cdn11.bigcommerce.com/s-89ffd/products/113058/images/388984/4934054023158_d7344ccfc91c1af1c4bb79df3ba2aa30__29694.1655192701.350.350.jpg?c=2
zoid,model_kit,Plaza Japan,retailer,,Kotobukiya HMM ZOIDS 1/72 RZ-028 Blade Liger AB Plastic Model,43.33,,,USD,New,https://www.plazajapan.com/4934054073740,https://cdn11.bigcommerce.com/s-89ffd/products/170336/images/717555/4934054073740_2caed7cd7394f8f2f6cc70ce3d83273a__91386.1739940441.350.350.jpg?c=2
zoid,model_kit,Plaza Japan,retailer,,Takara Tomy 1/100 Realize Model Zoids RMZ-016 Blade Liger Panzer (ZBF) Lion Type,69.04,,,USD,New,https://www.plazajapan.com/4904810092544,https://cdn11.bigcommerce.com/s-89ffd/products/209355/images/965464/4904810092544_c2a8aed77598cb4f02a6dd8123802a3b__27261.1782276934.350.350.jpg?c=2
zoid,model_kit,Plaza Japan,retailer,,Kotobukiya HMM ZOIDS 1/72 SHADOW FOX MARKING PLUS Ver. Plastic Model,29.25,,,USD,New,https://www.plazajapan.com/4934054050222,https://cdn11.bigcommerce.com/s-89ffd/products/117812/images/411233/4934054050222_c2f192498245db2b1964bfaaa64c75cf__94020.1663052785.350.350.jpg?c=2
zoid,model_kit,Plaza Japan,retailer,,Kotobukiya HMM ZOIDS 1/72 Iron Kong (Schwarz Ver.) Plastic Model,118.47,,,USD,New,https://www.plazajapan.com/4934054081493,https://cdn11.bigcommerce.com/s-89ffd/products/196330/images/896016/kotobukiya-hmm-zoids-172-iron-kong-schwarz-ver-plastic-model__91843.1771467945.350.350.jpg?c=2
zoid,model_kit,Plaza Japan,retailer,,Kotobukiya HMM Zoids 1/72 RZ-053 Konig Wolf Plastic Model,149.97,,,USD,New,https://www.plazajapan.com/4934054003846,https://cdn11.bigcommerce.com/s-89ffd/products/125947/images/529764/4934054003846_d5410c45e0a0a57e381db3c06399fc8c__44500.1712720401.350.350.jpg?c=2
zoid,model_kit,Plaza Japan,retailer,,Kotobukiya HMM Zoids 1/72 EZ-054 Liger Zero X Plastic Model,82.73,,,USD,New,https://www.plazajapan.com/4934054109180,https://cdn11.bigcommerce.com/s-89ffd/products/95125/images/348400/4934054109180_21bbcec4015c514783ce0a63152364d4__56698.1640067081.350.350.jpg?c=2
zoid,model_kit,Plaza Japan,retailer,,Kotobukiya HMM ZOIDS 1/72 EZ-036 Death Stinger ZS Plastic Model,163.8,,,USD,New,https://www.plazajapan.com/4934054033232,https://cdn11.bigcommerce.com/s-89ffd/products/86057/images/317652/033232-1__03915.1626769900.350.350.jpg?c=2
zoid,model_kit,Plaza Japan,retailer,,Takara Tomy T Spark Realize Model Zoids RMZ-013 Shield Liger Van Version Precolored,50.14,,,USD,New,https://www.plazajapan.com/4904810995524,https://cdn11.bigcommerce.com/s-89ffd/products/213581/images/987842/takara-tomy-t-spark-realize-model-zoids-rmz-013-shield-liger-van-version-precolored__18854.1784350461.350.350.jpg?c=2
zoid,model_kit,Plaza Japan,retailer,,Kotobukiya HMM ZOIDS 1/72 RZ-014 Godos Marking Plus Ver. Plastic Model,31.84,,,USD,New,https://www.plazajapan.com/4934054062300,https://cdn11.bigcommerce.com/s-89ffd/products/163580/images/634590/kotobukiya-hmm-zoids-172-rz-014-godos-marking-plus-ver-plastic-model__84019.1737382596.350.350.jpg?c=2
zoid,model_kit,Plaza Japan,retailer,,Kotobukiya HMM Zoids 1/72 EZ-015 Iron Kong Marking Plus Ver. Plastic Model,138.54,,,USD,New,https://www.plazajapan.com/4934054045617,https://cdn11.bigcommerce.com/s-89ffd/products/113059/images/388995/4934054045617_3688d53ab50eeea1fb38a4a40faa4dd5__58129.1655193112.350.350.jpg?c=2
zoid,model_kit,Plaza Japan,retailer,,Kotobukiya HMM Series 1/72 EZ-036 Death Stinger Plastic Model (ZOIDS),154.59,,,USD,New,https://www.plazajapan.com/4934054017843,https://cdn11.bigcommerce.com/s-89ffd/products/80243/images/267882/4934054017843_02ca997b23beca128c1ff3dbeabb5220__41670.1598576458.350.350.jpg?c=2
zoid,model_kit,Plaza Japan,retailer,,Kotobukiya 1/72 HMM Zoids RZ-041 Liger Zero Panzer Marking Plus Ver. Plastic Model,90.08,,,USD,New,https://www.plazajapan.com/4934054073900,https://cdn11.bigcommerce.com/s-89ffd/products/173125/images/741166/kotobukiya-172-hmm-zoids-rz-041-liger-zero-panzer-marking-plus-ver-plastic-model__00218.1745019868.350.350.jpg?c=2
zoid,model_kit,Plaza Japan,retailer,,Kotobukiya HMM ZOIDS 1/72 RZ-041 Liger Zero Schneider Marking Plus Ver. Plastic Model,44.41,,,USD,New,https://www.plazajapan.com/4934054073733,https://cdn11.bigcommerce.com/s-89ffd/products/170321/images/717532/4934054073733_13492b3cccf132265d2288afe39aa604__83845.1739937567.350.350.jpg?c=2
zoid,model_kit,Plaza Japan,retailer,,Takara Tomy Spider Zoids Spider-Man Special,31.75,,,USD,New,https://www.plazajapan.com/4904810948551,https://cdn11.bigcommerce.com/s-89ffd/products/161132/images/651822/takara-tomy-spider-zoids-spider-man-special__32905.1737464286.350.350.jpg?c=2
zoid,model_kit,Plaza Japan,retailer,,Takara Tomy 1/72 ZOIDS AZ-02 LIGER ZERO,141.89,,,USD,New,https://www.plazajapan.com/4904810227557,https://cdn11.bigcommerce.com/s-89ffd/products/126767/images/447750/4904810227557_39d1a1481a173689c89a3a0214e58966__96493.1675906267.350.350.jpg?c=2
zoid,model_kit,Plaza Japan,retailer,,Kotobukiya HMM ZOIDS 1/72 RZ-009 Command Wolf AC & LC Marking Plus Ver. Plastic Model,83.96,,,USD,New,https://www.plazajapan.com/4934054063529,https://cdn11.bigcommerce.com/s-89ffd/products/164750/images/623842/kotobukiya-hmm-zoids-172-rz-009-command-wolf-ac-and-lc-marking-plus-ver-plastic-model__16304.1737072250.350.350.jpg?c=2
zoid,model_kit,Plaza Japan,retailer,,Takara Tomy 1/100 RMZ Realize Model ZOIDS Blade Liger Plastic Model,43.29,,,USD,New,https://www.plazajapan.com/4904810918752,https://cdn11.bigcommerce.com/s-89ffd/products/152772/images/662334/takara-tomy-1100-rmz-realize-model-zoids-blade-liger-plastic-model__46738.1737710602.350.350.jpg?c=2
zoid,model_kit,Plaza Japan,retailer,,Bandai Chogokin RZ-041 Liger Zero Figure (ZOIDS),281.55,,,USD,New,https://www.plazajapan.com/4573102640734,https://cdn11.bigcommerce.com/s-89ffd/products/123141/images/430887/4573102640734_930b100fb236685bb724d102e83e84cc__28319.1669107622.350.350.jpg?c=2
zoid,model_kit,Plaza Japan,retailer,,Kotobukiya Zoids D-Style Shield Liger [Clear Parts Append] Plastic Model,22.06,,,USD,New,https://www.plazajapan.com/4934054086894,https://cdn11.bigcommerce.com/s-89ffd/products/203337/images/923631/kotobukiya-zoids-d-style-shield-liger-clear-parts-append-plastic-model__33403.1776480327.350.350.jpg?c=2
zoid,model_kit,Plaza Japan,retailer,,Kotobukiya HMM ZOIDS 1/35 Fangtiger Plastic Model,98.61,,,USD,New,https://www.plazajapan.com/4934054005109,https://cdn11.bigcommerce.com/s-89ffd/products/86201/images/326358/005109-1__90830.1630481411.350.350.jpg?c=2
zoid,model_kit,Plaza Japan,retailer,,Kotobukiya HMM ZOIDS 1/72 RZ-002 Guysack Plastic Model,53.31,,,USD,New,https://www.plazajapan.com/4934054045655,https://cdn11.bigcommerce.com/s-89ffd/products/142350/images/515332/4934054045655_fe6d1932c2f2d2915bfd64518f49464b__57370.1707442446.350.350.jpg?c=2
zoid,model_kit,Plaza Japan,retailer,,Kotobukiya 1/72  HMM Zoids Liger Zero Exclusive Panzer Unit Marking Plus Ver. Plastic Model,22.75,,,USD,New,https://www.plazajapan.com/4934054073757,https://cdn11.bigcommerce.com/s-89ffd/products/173126/images/741841/kotobukiya-172-hmm-zoids-liger-zero-exclusive-panzer-unit-marking-plus-ver-plastic-model__85350.1745020996.350.350.jpg?c=2
zoid,model_kit,Plaza Japan,retailer,,Kotobukiya HMM Series 1/72 EZ-004 RED HORN Marking Plus Ver. Plastic Model (ZOIDS),91.92,,,USD,New,https://www.plazajapan.com/4934054056910,https://cdn11.bigcommerce.com/s-89ffd/products/135013/images/484770/4934054056910_359a0a3dc030beb659c23e9e6c6a5cf4__96404.1693964223.350.350.jpg?c=2
zoid,model_kit,Plaza Japan,retailer,,Zoids Hunter Wolf Tokyo Metropolitan Police Specification,41.61,,,USD,New,https://www.plazajapan.com/4904810919100,https://cdn11.bigcommerce.com/s-89ffd/products/213486/images/987955/takara-tomy-zoids-hunter-wolf-tokyo-metropolitan-police-specification__18689.1784350664.350.350.jpg?c=2
zoid,model_kit,Plaza Japan,retailer,,Kotobukiya ZA001 Zoids ZA Murasame Liger 1/100 Action Figure 4934054106370,75.04,,,USD,New,https://www.plazajapan.com/4934054106370,https://cdn11.bigcommerce.com/s-89ffd/products/11143/images/49248/4934054106370_b__39529.1636591775.350.350.jpg?c=2
zoid,model_kit,Plaza Japan,retailer,,Kotobukiya ZA003 Zoids ZA Hayate Liger 1/100 Action Figure 4934054107414,127.69,,,USD,New,https://www.plazajapan.com/4934054107414,https://cdn11.bigcommerce.com/s-89ffd/products/11144/images/338992/4934054107414_a__65248.1472779127__43476.1636591857.350.350.jpg?c=2
zoid,model_kit,Plaza Japan,retailer,,Kotobukiya ZD043 Zoids DPZ-10 Dark Horn 1/72 Scale Kit,106.96,,,USD,New,https://www.plazajapan.com/4934054103607,https://cdn11.bigcommerce.com/s-89ffd/products/17521/images/63419/4934054103607_1__20846.1479706348.350.350.jpg?c=2
zoid,model_kit,Plaza Japan,retailer,,Kotobukiya ZD061 Zoids RZ-041 Liger Zero Jager 1/72 Scale Kit,108.47,,,USD,New,https://www.plazajapan.com/4934054104420,https://cdn11.bigcommerce.com/s-89ffd/products/19701/images/192494/4934054104420-1__88873.1559024258.350.350.jpg?c=2
zoid,model_kit,Plaza Japan,retailer,,Takara Tomy ZOIDS ZW01 Wild Liger 111955,70.86,,,USD,New,https://www.plazajapan.com/4904810111955,https://cdn11.bigcommerce.com/s-89ffd/products/39404/images/146105/49048101119551__25892.1528700000.350.350.jpg?c=2
zoid,model_kit,Plaza Japan,retailer,,Takara Tomy ZOIDS ZW02 Gilraptor 972013,65.93,,,USD,New,https://www.plazajapan.com/4904810972013,https://cdn11.bigcommerce.com/s-89ffd/products/39405/images/146119/49048109720132__80276.1528700271.350.350.jpg?c=2
zoid,model_kit,Plaza Japan,retailer,,Takara Tomy ZOIDS ZW03 Kabtor 972037,31.75,,,USD,New,https://www.plazajapan.com/4904810972037,https://cdn11.bigcommerce.com/s-89ffd/products/39408/images/146120/49048109720371__65988.1528700336.350.350.jpg?c=2
zoid,model_kit,Plaza Japan,retailer,,Takara Tomy ZOIDS ZW06 Gabrigator 972051,82.73,,,USD,New,https://www.plazajapan.com/4904810972051,https://cdn11.bigcommerce.com/s-89ffd/products/39412/images/146140/49048109720511__37657.1528700879.350.350.jpg?c=2
zoid,model_kit,Plaza Japan,retailer,,Takara Tomy ZOIDS ZW07 Kuwaga 972099,20.85,,,USD,New,https://www.plazajapan.com/4904810972099,https://cdn11.bigcommerce.com/s-89ffd/products/39413/images/570097/4904810972099_7c1faf30e5bfc2356aa1b9d15aa0a38b__40868.1723104677.350.350.jpg?c=2
zoid,model_kit,Plaza Japan,retailer,,Kotobukiya ZD135 Zoids EPZ-003 Great Saber Marking Plus Ver. 1/72 Scale Kit,83.48,,,USD,New,https://www.plazajapan.com/4934054019229,https://cdn11.bigcommerce.com/s-89ffd/products/67951/images/251193/4934054019229_e16d447977e0ff140c5d6300fa1119c1__10011.1588053181.350.350.jpg?c=2
zoid,model_kit,Plaza Japan,retailer,,Kotobukiya HMM ZOIDS 1/72 Liger Zero Schneider Unit Marking Plus Ver. Plastic Model (Released),56.57,,,USD,New,https://www.plazajapan.com/4934054026883,https://cdn11.bigcommerce.com/s-89ffd/products/81612/images/293930/026883-1__50073.1615452651.350.350.jpg?c=2
zoid,model_kit,Plaza Japan,retailer,,Kotobukiya HMM ZOIDS RZ-046 SHADOW FOX MARKING PLUS Ver. 1/72 Plastic Model,66.02,,,USD,New,https://www.plazajapan.com/4934054026906,https://cdn11.bigcommerce.com/s-89ffd/products/84295/images/307151/026906-1__48406.1622621344.350.350.jpg?c=2
zoid,model_kit,Plaza Japan,retailer,,Kotobukiya HMM ZOIDS 1/72 RMZ-27 Canon Tortoise Plastic Model,52.12,,,USD,New,https://www.plazajapan.com/4934054025251,https://cdn11.bigcommerce.com/s-89ffd/products/86058/images/318211/025251-1__82857.1627287817.350.350.jpg?c=2
zoid,model_kit,Plaza Japan,retailer,,Kotobukiya HMM ZOIDS 1/72 RZ-007 Shield Liger DCS-J Plastic Model,71.7,,,USD,New,https://www.plazajapan.com/4934054014026,https://cdn11.bigcommerce.com/s-89ffd/products/88559/images/297027/4934054014026_9a30c128ec6af374c0a6de466deecc31__56984.1617674972.350.350.jpg?c=2
zoid,model_kit,Plaza Japan,retailer,,Kotobukiya HMM Zoids 1/72 EZ-027 Rev Raptor Plastic Model,58.33,,,USD,New,https://www.plazajapan.com/4934054109357,https://cdn11.bigcommerce.com/s-89ffd/products/90511/images/333047/109357-1__79270.1633663208.350.350.jpg?c=2
zoid,model_kit,Plaza Japan,retailer,,Takara Tomy Zoids Wild Burning Liger,75.04,,,USD,New,https://www.plazajapan.com/4904810156062,https://cdn11.bigcommerce.com/s-89ffd/products/92683/images/341190/156062-1__42016.1637743278.350.350.jpg?c=2
zoid,model_kit,Plaza Japan,retailer,,Kotobukiya HMM Zoids 1/72 EZ-027 Raven Raptor Plastic Model,79.55,,,USD,New,https://www.plazajapan.com/4934054109333,https://cdn11.bigcommerce.com/s-89ffd/products/93752/images/342567/4934054109333_be096dcffce5a9dc377ebe1524de2de9__83263.1638346701.350.350.jpg?c=2
zoid,model_kit,Plaza Japan,retailer,,Kotobukiya HMM ZOIDS 1/72 EZ-035 Lightning Saix Marking Plus Ver. Plastic Model,66.68,,,USD,New,https://www.plazajapan.com/4934054023134,https://cdn11.bigcommerce.com/s-89ffd/products/96303/images/320171/4934054023134_a9826daf3388df4db6f27f5b0a52d098__20349.1627962827.350.350.jpg?c=2
zoid,model_kit,Plaza Japan,retailer,,Kotobukiya HMM Zoids 1/72 RZ-014 Godos Marking Plus Ver. Plastic Model (old),70.86,,,USD,New,https://www.plazajapan.com/4934054035618,https://cdn11.bigcommerce.com/s-89ffd/products/98829/images/352962/4934054035618_ec81b3fcab301a0825413b5ca9af8cd3__58706.1642478192.350.350.jpg?c=2
zoid,model_kit,Plaza Japan,retailer,,Kotobukiya HMM Zoids 1/72 EZ-017 Iguan Marking Plus Ver. Plastic Model,53.31,,,USD,New,https://www.plazajapan.com/4934054039081,https://cdn11.bigcommerce.com/s-89ffd/products/100500/images/375908/4934054039081_a8d8d8a5dcb912aa62c620ffefbf67ad__91951.1650873287.350.350.jpg?c=2
zoid,model_kit,Plaza Japan,retailer,,Kotobukiya HMM Zoids 1/72 RZ-030 Gun Sniper W2 Plastic Model,26.33,,,USD,New,https://www.plazajapan.com/4934054026975,https://cdn11.bigcommerce.com/s-89ffd/products/102386/images/529819/4934054062287_b3a5df217172269fb1b9e29f88c31f60__14220.1712725051.350.350.jpg?c=2
zoid,model_kit,Plaza Japan,retailer,,Kotobukiya HMM Zoids 1/72 RZ-007 Shield Liger Marking Plus Ver. Plastic Model,91.75,,,USD,New,https://www.plazajapan.com/4934054039111,https://cdn11.bigcommerce.com/s-89ffd/products/105159/images/385149/4934054039111_065f43dd051661925c793b078f84e79a__15969.1653622413.350.350.jpg?c=2
zoid,model_kit,Plaza Japan,retailer,,Kotobukiya HMM ZOIDS 1/72 RZ-029 Storm Sworder Plastic Model (Reproduction),49.83,,,USD,New,https://www.plazajapan.com/4934054049721,https://cdn11.bigcommerce.com/s-89ffd/products/116769/images/406956/49340549721_ffb504eedeee333bdd11e72ed90fdd1b__30501.1661847292.350.350.jpg?c=2
zoid,model_kit,Plaza Japan,retailer,,Kotobukiya HMM ZOIDS 1/72 EZ-005 Redler Guylos Empire Type Plastic Model,60.01,,,USD,New,https://www.plazajapan.com/4934054027514,https://cdn11.bigcommerce.com/s-89ffd/products/117807/images/411172/4934054027514_55d2ffdebb8883d11aa222a66393f68d__44799.1663051380.350.350.jpg?c=2
zoid,model_kit,Plaza Japan,retailer,,Kotobukiya HMM ZOIDS 1/72 EHI-7 Reddra Zenebas Empire Type Plastic Model,64.53,,,USD,New,https://www.plazajapan.com/4934054027507,https://cdn11.bigcommerce.com/s-89ffd/products/117809/images/453424/4934054027507_e0124cd9793be42bfa0319a34886ce87__17683.1678332585.350.350.jpg?c=2
zoid,model_kit,Plaza Japan,retailer,,Kotobukiya HMM Zoids 1/72 Iron Kong Prozen Knights Plastic Model,200.39,,,USD,New,https://www.plazajapan.com/4934054050062,https://cdn11.bigcommerce.com/s-89ffd/products/118956/images/416655/4934054050062_4504a67cfe275163e70399eaf4934a7c__70223.1665039006.350.350.jpg?c=2
zoid,model_kit,Plaza Japan,retailer,,Kotobukiya HMM ZOIDS 1/72 Green Horn AB Plastic Model,140.37,,,USD,New,https://www.plazajapan.com/4934054043446,https://cdn11.bigcommerce.com/s-89ffd/products/130008/images/461855/4934054043446_f325cf5e04d5b8f0869ee25f7cb64ddc__33807.1682043912.350.350.jpg?c=2
zoid,model_kit,Plaza Japan,retailer,,Takara Tomy Zoids 1/72 AZ Molga Plastic Model,48.72,,,USD,New,https://www.plazajapan.com/4904810945673,https://cdn11.bigcommerce.com/s-89ffd/products/155317/images/664073/takara-tomy-zoids-172-az-molga-plastic-model__79338.1737713273.350.350.jpg?c=2
zoid,model_kit,Plaza Japan,retailer,,Kotobukiya HMM ZOIDS 1/72 DPZ-10 Dark Horn Marking Plus Ver. Plastic Model,116.15,,,USD,New,https://www.plazajapan.com/4934054063550,https://cdn11.bigcommerce.com/s-89ffd/products/163566/images/634499/kotobukiya-hmm-zoids-172-dpz-10-dark-horn-marking-plus-ver-plastic-model__75538.1737382418.350.350.jpg?c=2
zoid,model_kit,Plaza Japan,retailer,,Kotobukiya HMM ZOIDS 1/72 EHI-7 Redler Zenebus Empire Ver. Plastic Model,35.38,,,USD,New,https://www.plazajapan.com/4934054067336,https://cdn11.bigcommerce.com/s-89ffd/products/163578/images/634587/kotobukiya-hmm-zoids-172-ehi-7-redler-zenebus-empire-ver-plastic-model__82587.1737382593.350.350.jpg?c=2
zoid,model_kit,Plaza Japan,retailer,,Kotobukiya HMM ZOIDS 1/72 EZ-005 Redler Guyros Empire Ver. Plastic Model,35.38,,,USD,New,https://www.plazajapan.com/4934054067343,https://cdn11.bigcommerce.com/s-89ffd/products/163579/images/634103/kotobukiya-hmm-zoids-172-ez-005-redler-guyros-empire-ver-plastic-model__00712.1737381757.350.350.jpg?c=2
zoid,model_kit,Plaza Japan,retailer,,Kotobukiya HMM ZOIDS 1/72: RZ-007 Shield Liger - DCS-J Plastic Model,40.05,,,USD,New,https://www.plazajapan.com/4934054073702,https://cdn11.bigcommerce.com/s-89ffd/products/169263/images/714098/kotobukiya-hmm-zoids-172-rz-007-shield-liger-dcs-j-plastic-model__99267.1739869683.350.350.jpg?c=2
zoid,model_kit,Plaza Japan,retailer,,Kotobukiya HMM ZOIDS 1/72 LIGER ZERO JAGER UNIT MARKING PLUS Version Plastic Model,20.58,,,USD,New,https://www.plazajapan.com/4934054073719,https://cdn11.bigcommerce.com/s-89ffd/products/169283/images/718602/4934054073719_731b071386d2bc3cc64eabbf24594166__86689.1740462818.350.350.jpg?c=2
zoid,model_kit,Plaza Japan,retailer,,Takara Tomy Zoids AZ-06 Liger Zero Phoenix,150.45,,,USD,New,https://www.plazajapan.com/4904810918844,https://cdn11.bigcommerce.com/s-89ffd/products/169454/images/715971/takara-tomy-zoids-az-06-liger-zero-phoenix__98875.1739872698.350.350.jpg?c=2
zoid,model_kit,Plaza Japan,retailer,,Kotobukiya HMM ZOIDS 1/72 Liger Zero Schneider Unit Marking Plus Ver. Plastic Model,20.58,,,USD,New,https://www.plazajapan.com/4934054073726,https://cdn11.bigcommerce.com/s-89ffd/products/170337/images/717573/4934054073726_1e8fcec2bef1d1292f3fb6892d3dc5df__72009.1739940989.350.350.jpg?c=2
zoid,model_kit,Plaza Japan,retailer,,Kotobukiya HMM Zoids RZ-045 Salamander 1/72 Plastic Model,262.39,,,USD,New,https://www.plazajapan.com/4934054047789,https://cdn11.bigcommerce.com/s-89ffd/products/181199/images/803535/kotobukiya-hmm-zoids-rz-045-salamander-172-plastic-model__94341.1755491825.350.350.jpg?c=2
zoid,model_kit,Plaza Japan,retailer,,Takara Tomy Zoids Cannontoise,35.91,,,USD,New,https://www.plazajapan.com/4904810973126,https://cdn11.bigcommerce.com/s-89ffd/products/186274/images/826797/4904810973126-1__44712.1759737242.350.350.jpg?c=2
zoid,model_kit,Plaza Japan,retailer,,Kotobukiya 1/72 Zoids GUN SNIPER Leena Special 2001 Re/color Plastic Model,33.58,,,USD,New,https://www.plazajapan.com/4934054081394,https://cdn11.bigcommerce.com/s-89ffd/products/189469/images/852233/kotobukiya-172-zoids-gun-sniper-leena-special-2001-recolor-plastic-model__88967.1763451195.350.350.jpg?c=2
zoid,model_kit,Plaza Japan,retailer,,Takara Tomy Zoids AZ-14 Liger Zero Ixis Plastic Model,107.63,,,USD,New,https://www.plazajapan.com/4904810096832,https://cdn11.bigcommerce.com/s-89ffd/products/196907/images/892241/takara-tomy-zoids-az-14-liger-zero-ixis-plastic-model__04624.1771462015.350.350.jpg?c=2
zoid,model_kit,Plaza Japan,retailer,,Takara Tomy ZOIDS Wild Liger Zinogre Plastic Model,49.5,,,USD,New,https://www.plazajapan.com/4904810083719,https://cdn11.bigcommerce.com/s-89ffd/products/213798/images/989537/takara-tomy-zoids-wild-liger-zinogre-plastic-model__26061.1784353147.350.350.jpg?c=2
zoid,model_kit,Plaza Japan,retailer,,Takara Tomy Zoids Fangriffon Plastic Model,55.12,,,USD,New,https://www.plazajapan.com/4904810095651,https://cdn11.bigcommerce.com/s-89ffd/products/216842/images/1004072/takara-tomy-zoids-fangriffon-plastic-model__87905.1787031262.350.350.jpg?c=2
zoid,model_kit,Plaza Japan,retailer,,Takara Tomy ZW10 Zoids Wild Knuckle Kong,32.67,,,USD,New,https://www.plazajapan.com/4904810972075,https://cdn11.bigcommerce.com/s-89ffd/products/58859/images/193727/4904810972075_5c469f4a08717fd02c4d3dd4c44959cc__88338.1559299631.350.350.jpg?c=2
zoid,model_kit,Plaza Japan,retailer,,Takara Tomy ZW44 Zoids Wild Zero Grizis,165.46,,,USD,New,https://www.plazajapan.com/4904810140955,https://cdn11.bigcommerce.com/s-89ffd/products/92682/images/307889/4904810140955_98ea50e9a5c9b06c07a461eaa0ef091a__58272.1622778052.350.350.jpg?c=2
zoid,model_kit,Plaza Japan,retailer,,Takara Tomy ZW53 Zoids Wild Core Drive Weapon Ignition Booster,10.28,,,USD,New,https://www.plazajapan.com/4904810154037,https://cdn11.bigcommerce.com/s-89ffd/products/92685/images/307904/4904810154037_38d6458385a8a9ca5d0125158eb15a90__60876.1622778147.350.350.jpg?c=2
zoid,model_kit,Plaza Japan,retailer,,Takara Tomy ZW56 Zoids Wild Core Drive Weapon Twin Pile Bunker,10.99,,,USD,New,https://www.plazajapan.com/4904810154044,https://cdn11.bigcommerce.com/s-89ffd/products/92688/images/307915/4904810154044_8b053282bec068e24d92a71d8744ce68__64120.1622778201.350.350.jpg?c=2
zoid,model_kit,Plaza Japan,retailer,,Takara Tomy ZW57 Zoids Wild Xeno Evolution Arms Buster Unit,24.07,,,USD,New,https://www.plazajapan.com/4904810165613,https://cdn11.bigcommerce.com/s-89ffd/products/92689/images/307917/4904810165613_c5126215d39e04227ca6a5cdc22a1fab__44131.1622778232.350.350.jpg?c=2
zoid,model_kit,Plaza Japan,retailer,,Takara Tomy 1/72 ZOIDS AZ-01 Blade Liger,82.73,,,USD,New,https://www.plazajapan.com/4904810227540,https://cdn11.bigcommerce.com/s-89ffd/products/136333/images/490503/4904810227540_06de4b147759de916a8b10cb018c0542__80637.1696495785.350.350.jpg?c=2
zoid,model_kit,Plaza Japan,retailer,,Takara Tomy Spider Zoids Black Spider-Man Special,31.75,,,USD,New,https://www.plazajapan.com/4904810955962,https://cdn11.bigcommerce.com/s-89ffd/products/161133/images/638275/takara-tomy-spider-zoids-black-spider-man-special__00376.1737442964.350.350.jpg?c=2
zoid,model_kit,Plaza Japan,retailer,,Kotobukiya 1/72 HMM Zoids EZ-054 Liger Zero X Plastic Model,91.0,,,USD,New,https://www.plazajapan.com/4934054073924,https://cdn11.bigcommerce.com/s-89ffd/products/175159/images/748700/4934054073924_240054ce4f23bf61223fa3c2247a74ef__51889.1746088571.350.350.jpg?c=2
zoid,model_kit,Plaza Japan,retailer,,Kotobukiya 1/72 HMM Zoids RZ-013 Cannon Tortoise Marking Plus Ver. Plastic Model,53.65,,,USD,New,https://www.plazajapan.com/4934054070589,https://cdn11.bigcommerce.com/s-89ffd/products/175160/images/748669/4934054070589_4cc9b209d7bb8ce1e0494c33b8ca7a35__25837.1746088501.350.350.jpg?c=2
zoid,model_kit,Plaza Japan,retailer,,Takara Tomy 1/72 Zoids AZ-13 Canory Molga Insect Type Plastic Model,38.89,,,USD,New,https://www.plazajapan.com/4904810096849,https://cdn11.bigcommerce.com/s-89ffd/products/209215/images/964859/4904810096849_0dd0fbe78f6eb79a6b3bf7a9f296ebde__78980.1781851641.350.350.jpg?c=2
zoid,model_kit,Plaza Japan,retailer,,Takara Tomy Realize Model ZOIDS RMZ-004 Hell Cat Guylos Color,26.74,,,USD,New,https://www.plazajapan.com/4904810939702,https://cdn11.bigcommerce.com/s-89ffd/products/161134/images/653173/takara-tomy-realize-rmz-004-hell-cat-guylos-color__04771.1737466444.350.350.jpg?c=2
zoid,model_kit,Plaza Japan,retailer,,Takara Tomy Realize Model ZOIDS RMZ-005 Molga Guylos Color,21.73,,,USD,New,https://www.plazajapan.com/4904810939733,https://cdn11.bigcommerce.com/s-89ffd/products/161135/images/656451/takara-tomy-realize-rmz-005-molga-guylos-color__59683.1737471708.350.350.jpg?c=2
zoid,model_kit,Plaza Japan,retailer,,Takara Tomy T-Spark Zoids AZ-16 Liger Zero Jaeger Pre Colored Plastic Kit,106.88,,,USD,New,https://www.plazajapan.com/4904810073772,https://cdn11.bigcommerce.com/s-89ffd/products/204619/images/938925/takara-tomy-t-spark-zoids-az-16-liger-zero-jaeger-pre-colored-plastic-kit__39034.1779076354.350.350.jpg?c=2
zoid,model_kit,Plaza Japan,retailer,,1/100 Realize Model Zoids RMZ-017 Command Wolf Urban Warfare Special Wolf Type,44.96,,,USD,New,https://www.plazajapan.com/4904810918776,https://cdn11.bigcommerce.com/s-89ffd/products/209552/images/966472/4904810918776_6748317ede83707a6f355814a2fd3290__01486.1782370254.350.350.jpg?c=2
zoid,model_kit,Plaza Japan,retailer,,Takara Tomy Monster Hunter x Zoids Gatling Fox Mitsune,46.8,,,USD,New,https://www.plazajapan.com/4904810995203,https://cdn11.bigcommerce.com/s-89ffd/products/174542/images/745630/4904810995203_6a8653eb5a57269a44c257f6246bf920__40558.1745388023.350.350.jpg?c=2
zoid,model_kit,Plaza Japan,retailer,,Takara Tomy Monster Hunter x Zoids Knuckle Kong Rajang,41.45,,,USD,New,https://www.plazajapan.com/4904810995197,https://cdn11.bigcommerce.com/s-89ffd/products/174543/images/745639/4904810995197_893e31a471c772095c38d74050e48b46__76712.1745388112.350.350.jpg?c=2
zoid,model_kit,Plaza Japan,retailer,,Takara Tomy Murasame Liger Plastic Model(Zoids),98.61,,,USD,New,https://www.plazajapan.com/4904810227564,https://cdn11.bigcommerce.com/s-89ffd/products/132160/images/471086/4904810227564_98c5d56568152aaf6392a6764f2ce834__83839.1686801010.350.350.jpg?c=2
zoid,model_kit,Plaza Japan,retailer,,Takara Tomy 1/100 Realize Model ZOIDS RMZ-007 Trinity Liger Figure,36.74,,,USD,New,https://www.plazajapan.com/4904810939689,https://cdn11.bigcommerce.com/s-89ffd/products/167619/images/622063/takara-tomy-1100-scale-realize-rmz-007-trinity-liger-figure__35145.1737069379.350.350.jpg?c=2
zoid,model_kit,Plaza Japan,retailer,,Takara Tomy 1/100 Realize Model ZOIDS RMZ-008 Command Wolf Irvine Special Plastic Model,43.76,,,USD,New,https://www.plazajapan.com/4904810938866,https://cdn11.bigcommerce.com/s-89ffd/products/170426/images/718123/4904810938866_3692768eb566751e46b9a78c5e7018a0__99623.1740032176.350.350.jpg?c=2
zoid,model_kit,Plaza Japan,retailer,,Takara Tomy 1/100 Realize Model ZOIDS RMZ-019 Hellcat And Morga Zenevas Color Set Plastic Model,47.46,,,USD,New,https://www.plazajapan.com/4904810073987,https://cdn11.bigcommerce.com/s-89ffd/products/196915/images/894065/takara-tomy-1100-realize-model-zoids-rmz-019-hellcat-and-morga-zenevas-color-set-plastic-model__01045.1771464882.350.350.jpg?c=2
zoid,model_kit,Plaza Japan,retailer,,Takara Tomy 1/100 Realize Model ZOIDS RMZ-020 Zabat Plastic Model,46.88,,,USD,New,https://www.plazajapan.com/4904810086895,https://cdn11.bigcommerce.com/s-89ffd/products/196918/images/894827/takara-tomy-1100-realize-model-zoids-rmz-020-zabat-plastic-model__62410.1771466051.350.350.jpg?c=2
zoid,model_kit,Plaza Japan,retailer,,Takara Tomy T-Spark Realize Model Zoids RMZ-022 Murasame Liger Color-Separated Plastic Model Kit,52.06,,,USD,New,https://www.plazajapan.com/4904810092575,https://cdn11.bigcommerce.com/s-89ffd/products/204618/images/939149/takara-tomy-t-spark-realize-model-zoids-rmz-022-murasame-liger-color-separated-plastic-model-kit__96398.1779076639.350.350.jpg?c=2
zoid,model_kit,Plaza Japan,retailer,,Takara Tomy T-Spark Realize Model Zoids RMZ-021 Shield Liger Mark II 1/100 Scale Pre-Colored Plastic Model Kit,52.77,,,USD,New,https://www.plazajapan.com/4904810918790,https://cdn11.bigcommerce.com/s-89ffd/products/205550/images/936814/4904810918790_35bf0ac979bf4197ca635fd5fecabbda__96440.1779064809.350.350.jpg?c=2
zoid,model_kit,Plaza Japan,retailer,,Takara Tomy T-Spark Realize Model Zoids RMZ-012 Hellcat Tirol 1/100 Scale Color-Separated Plastic Model Kit,36.77,,,USD,New,https://www.plazajapan.com/4904810954385,https://cdn11.bigcommerce.com/s-89ffd/products/205608/images/937290/4904810954385_bd7c5da59bb285dcf06d4e595ae2976e__96741.1779068465.350.350.jpg?c=2
zoid,model_kit,Plaza Japan,retailer,,Takara Tomy 1/100 Realize Model Zoids RMZ-015 Saber Tiger Raven Special Tiger Type,46.8,,,USD,New,https://www.plazajapan.com/4904810092537,https://cdn11.bigcommerce.com/s-89ffd/products/209282/images/965004/4904810092537_7086bd78aa8d1c8e314ed0f3e2b6c9c3__07460.1782106390.350.350.jpg?c=2
zoid,model_kit,Plaza Japan,retailer,,Takara Tomy 1/100 Realize Model Zoids RMZ-014 Red Horn Guylos Color Styracosaurus Type,44.51,,,USD,New,https://www.plazajapan.com/4904810939740,https://cdn11.bigcommerce.com/s-89ffd/products/209298/images/965110/4904810939740_1c571e6fec7192b5932aca398cdc8ca4__43248.1782187450.350.350.jpg?c=2
zoid,model_kit,Plaza Japan,retailer,,Takara Tomy SYNERGENEX MONSTER HUNTER X ZOIDS WILD LIGER STYGIAN ZINOGRE PLASTIC MODEL,49.5,,,USD,New,https://www.plazajapan.com/4904810070979,https://cdn11.bigcommerce.com/s-89ffd/products/213712/images/990199/takara-tomy-synergenex-monster-hunter-x-zoids-wild-liger-stygian-zinogre-plastic-model__86907.1784354264.350.350.jpg?c=2
zoid,model_kit,Plaza Japan,retailer,,Takara Tomy T-Spark Realize Model Zoids RMZ-025 Liger Zero Falcon (ZBF) Plastic Model,69.22,,,USD,New,https://www.plazajapan.com/4904810092551,https://cdn11.bigcommerce.com/s-89ffd/products/216717/images/1008320/takara-tomy-t-spark-realize-model-zoids-rmz-025-liger-zero-falcon-zbf-plastic-model__43045.1787037826.350.350.jpg?c=2
zoid,model_kit,Plaza Japan,retailer,,Takara Tomy 1/100 RMZ Realize Model ZOIDS Geno Saurer Plastic Model,55.15,,,USD,New,https://www.plazajapan.com/4904810939696,https://cdn11.bigcommerce.com/s-89ffd/products/152773/images/681738/takara-tomy-1100-rmz-realize-model-zoids-geno-saurer-plastic-model__53028.1737741564.350.350.jpg?c=2
zoid,model_kit,Plaza Japan,retailer,,Takara Tomy 1/100 RMZ-003 Realize Model ZOIDS Command Wolf Plastic Model,24.9,,,USD,New,https://www.plazajapan.com/4904810918769,https://cdn11.bigcommerce.com/s-89ffd/products/156052/images/650302/takara-tomy-1100-rmz-003-realize-model-zoids-command-wolf-plastic-model__11292.1737461864.350.350.jpg?c=2
zoid,other,Plaza Japan,retailer,,Kotobukiya ZA004 Zoids ZA Mugen Liger 1/100 Scale Action Figure,44.93,,,USD,New,https://www.plazajapan.com/4934054107728,https://cdn11.bigcommerce.com/s-89ffd/products/11145/images/338993/ZA004_a__61951.1473069451__77029.1636591913.350.350.jpg?c=2
zoid,model_kit,Plaza Japan,retailer,,Kotobukiya ZD037 Zoids EPZ-003 Great Saber 1/72 Scale Kit,37.67,,,USD,New,https://www.plazajapan.com/4934054103249,https://cdn11.bigcommerce.com/s-89ffd/products/11146/images/338994/blob__93661.1473215125__91265.1636591970.350.350.png?c=2
zoid,model_kit,Plaza Japan,retailer,,Kotobukiya ZD042 Zoids RZ-041 Liger Zero 1/72 Scale Kit,32.14,,,USD,New,https://www.plazajapan.com/4934054103515,https://cdn11.bigcommerce.com/s-89ffd/products/11147/images/338995/blob__57606.1473215259__32605.1636592039.350.350.png?c=2
zoid,model_kit,Plaza Japan,retailer,,Kotobukiya ZD048 Zoids RZ-010 Pteras Bomber Jamie Custom 1/72 Scale Kit,24.94,,,USD,New,https://www.plazajapan.com/4934054103966,https://cdn11.bigcommerce.com/s-89ffd/products/11148/images/338996/blob__09367.1473215384.1280.1280__77606.1510213587__75168.1636592115.350.350.png?c=2
zoid,model_kit,Plaza Japan,retailer,,Kotobukiya ZD052 Zoids RZ-014 Godos 1/72 Scale Kit,23.27,,,USD,New,https://www.plazajapan.com/4934054104130,https://cdn11.bigcommerce.com/s-89ffd/products/11149/images/338997/blob__46682.1473215527__92304.1510558521__00030.1636592241.350.350.png?c=2
zoid,model_kit,Plaza Japan,retailer,,Kotobukiya ZD054 Zoids Schnider Unit for Liger Zero 1/72 Scale Kit,15.49,,,USD,New,https://www.plazajapan.com/4934054104222,https://cdn11.bigcommerce.com/s-89ffd/products/11150/images/115209/blob__20587.1473215630__32125.1510209792.350.350.png?c=2
zoid,model_kit,Plaza Japan,retailer,,Kotobukiya ZD062 Zoids EZ-049 Berserk Fuhrer 1/72 Scale Kit,152.67,,,USD,New,https://www.plazajapan.com/4934054104437,https://cdn11.bigcommerce.com/s-89ffd/products/11151/images/179076/blob__44558.1473215804__71495.1552301857.350.350.jpg?c=2
zoid,model_kit,Plaza Japan,retailer,,Kotobukiya ZD063 Zoids RZ-041 Ligar Zero Panzer 1/72 Scale Kit,40.5,,,USD,New,https://www.plazajapan.com/4934054104451,https://cdn11.bigcommerce.com/s-89ffd/products/11152/images/338998/4934054104451-1__95497.1559024482__86555.1636592308.350.350.png?c=2
zoid,model_kit,Plaza Japan,retailer,,Kotobukiya HMM ZOIDS 1/72 Liger Zero Jager Unit Plastic Model,16.65,,,USD,New,https://www.plazajapan.com/4934054104574,https://cdn11.bigcommerce.com/s-89ffd/products/11153/images/338999/ZD066_a__05010.1484734091__91445.1636592368.350.350.jpg?c=2
zoid,model_kit,Plaza Japan,retailer,,Kotobukiya ZD070 Zoids RZ-046 Shadow Fox 1/72 Scale Kit,29.7,,,USD,New,https://www.plazajapan.com/4934054104871,https://cdn11.bigcommerce.com/s-89ffd/products/11154/images/339000/zd070_a__22515.1472627340__68358.1636592436.350.350.jpg?c=2
zoid,model_kit,Plaza Japan,retailer,,Kotobukiya ZD076 ZOIDS EZ-034 GENO BREAKER RAVEN Version 1/72 Scale Kit,50.97,,,USD,New,https://www.plazajapan.com/4934054105281,https://cdn11.bigcommerce.com/s-89ffd/products/11155/images/339001/blob__92511.1473219707__92226.1636592492.350.350.png?c=2
zoid,model_kit,Plaza Japan,retailer,,Kotobukiya ZD097 Zoids RHI-3 Command Wolf Repackage Version HMM 1/72 Scale Kit,26.61,,,USD,New,https://www.plazajapan.com/4934054107551,https://cdn11.bigcommerce.com/s-89ffd/products/11156/images/339002/blob__02570.1473216401.1280.1280__86818.1510214789__34530.1636592554.350.350.png?c=2
zoid,model_kit,Plaza Japan,retailer,,Kotobukiya ZD067 Zoids Panzer Unit for Liger Zero 1/72 Scale Kit,17.74,,,USD,New,https://www.plazajapan.com/4934054104581,https://cdn11.bigcommerce.com/s-89ffd/products/11157/images/339003/blob__46851.1473216093.1280.1280__02872.1510215935__38930.1636592609.350.350.png?c=2
zoid,model_kit,Plaza Japan,retailer,,Kotobukiya ZD044 Zoids Gun Sniper Leena Special 1/72 Scale Kit,24.94,,,USD,New,https://www.plazajapan.com/4934054103768,https://cdn11.bigcommerce.com/s-89ffd/products/14805/images/54045/2__58346.1474438677.350.350.jpg?c=2
zoid,model_kit,Plaza Japan,retailer,,Kotobukiya ZD036 Zoids EZ-035 Lightning Saix 1/72 Scale Kit,87.3,,,USD,New,https://www.plazajapan.com/4934054103133,https://cdn11.bigcommerce.com/s-89ffd/products/15156/images/68873/ZD036_a__54390.1484305423.350.350.jpg?c=2
zoid,model_kit,Plaza Japan,retailer,,Kotobukiya ZD086 Zoids EZ-036 Death Stinger 1/72 Scale Kit,215.6,,,USD,New,https://www.plazajapan.com/4934054106462,https://cdn11.bigcommerce.com/s-89ffd/products/17668/images/115724/ZD086_a__12640.1483699708.1280.1280__01140.1744268786.350.350.jpg?c=2
zoid,model_kit,Plaza Japan,retailer,,Kotobukiya 102747 ZD026 ZOIDS EMZ-15 Molga AA & Molga Carrier 1/72 Scale Kit,340.25,,,USD,New,https://www.plazajapan.com/4934054102747,https://cdn11.bigcommerce.com/s-89ffd/products/18633/images/114881/ZD026_a__61126.1485434772.1280.1280__29949.1510140573.350.350.jpg?c=2
zoid,model_kit,Plaza Japan,retailer,,Kotobukiya ZD094 Zoids HMM Customize Parts Beam Gatling Set 1/72 Scale Model Kit,12.73,,,USD,New,https://www.plazajapan.com/4934054107384,https://cdn11.bigcommerce.com/s-89ffd/products/24697/images/99816/ZD094_a__74373.1498900791.350.350.jpg?c=2
zoid,model_kit,Plaza Japan,retailer,,Kotobukiya ZD025 Zoids RZ-013 Buster Tortoise 1/72 Scale Model Kit,261.6,,,USD,New,https://www.plazajapan.com/4934054102631,https://cdn11.bigcommerce.com/s-89ffd/products/28353/images/121383/4934054102631-1__06153.1516344998.350.350.jpg?c=2
zoid,model_kit,Plaza Japan,retailer,,Kotobukiya ZD030 Zoids EZ-004 Red Horn 1/72 Scale Model Kit,37.67,,,USD,New,https://www.plazajapan.com/4934054102785,https://cdn11.bigcommerce.com/s-89ffd/products/28354/images/121389/4934054102785-1__78897.1516345257.350.350.jpg?c=2
zoid,model_kit,Plaza Japan,retailer,,Kotobukiya ZD11 Zoids EMZ-15 Molga and Molga with Canory Unit 1/72 Scale Model Kit,79.39,,,USD,New,https://www.plazajapan.com/4934054101641,https://cdn11.bigcommerce.com/s-89ffd/products/28355/images/121396/4934054101641-1__99757.1516345655.350.350.jpg?c=2
zoid,model_kit,Plaza Japan,retailer,,Kotobukiya ZD105 Zoids HMM Sturm Unit for EZ-049 Berserk Fuhrer 1/72 Scale Kit,36.25,,,USD,New,https://www.plazajapan.com/4934054109159,https://cdn11.bigcommerce.com/s-89ffd/products/33522/images/128903/4934054109159-1__93850.1519808296.350.350.jpg?c=2
zoid,model_kit,Plaza Japan,retailer,,Takara Tomy ZOIDS ZW04 Scorpear 972044,37.52,,,USD,New,https://www.plazajapan.com/4904810972044,https://cdn11.bigcommerce.com/s-89ffd/products/39409/images/146126/49048109720441__52798.1528700418.350.350.jpg?c=2
zoid,other,Plaza Japan,retailer,,Ensky Jigsaw Puzzle 108-L719 Anime Zoids Wild (108 L-Pieces),9.45,,,USD,New,https://www.plazajapan.com/4970381199753,https://cdn11.bigcommerce.com/s-89ffd/products/47997/images/158936/4970381199753-1__80822.1533869586.350.350.jpg?c=2
zoid,model_kit,Plaza Japan,retailer,,Takara Tomy ZW14 Zoids Wild Stegosage,57.66,,,USD,New,https://www.plazajapan.com/4904810972068,https://cdn11.bigcommerce.com/s-89ffd/products/58866/images/272591/672068-1__75655.1601281750.350.350.jpg?c=2
zoid,model_kit,Plaza Japan,retailer,,Kotobukiya ZD130 Zoids RMZ-11 Godos Former Republic Ver. 1/72 Scale Kit,83.54,,,USD,New,https://www.plazajapan.com/4934054014040,https://cdn11.bigcommerce.com/s-89ffd/products/63731/images/232697/4934054014040_922920bafaec68e45ab5a397df278b1b__32052.1579849577.350.350.jpg?c=2
zoid,model_kit,Plaza Japan,retailer,,Kotobukiya ZD136 Zoids EZ-015 Iron Kong Yeti 1/72 Scale Kit,94.36,,,USD,New,https://www.plazajapan.com/4934054019489,https://cdn11.bigcommerce.com/s-89ffd/products/69860/images/259640/4934054019489_5ecb5573388e0361d1e57e83a9e4eb95__79191.1593415106.350.350.jpg?c=2
zoid,model_kit,Plaza Japan,retailer,,Kotobukiya ZD025R Zoids Buster Tortoise 1/72 Scale Model Kit,22.43,,,USD,New,https://www.plazajapan.com/4934054025244,https://cdn11.bigcommerce.com/s-89ffd/products/69971/images/233914/4934054025244_57aaba2d03ddb4022a7c3171fbd531ce__16440.1580960156.350.350.jpg?c=2
zoid,model_kit,Plaza Japan,retailer,,Kotobukiya HMM ZOIDS 1/72 RBOZ-006 Dibison Marking Plus Ver. Plastic Model,59.58,,,USD,New,https://www.plazajapan.com/4934054023073,https://cdn11.bigcommerce.com/s-89ffd/products/70413/images/282089/023073-1__11897.1606811485.350.350.jpg?c=2
zoid,model_kit,Plaza Japan,retailer,,Kotobukiya ZD079R Zoids EZ-017 Iguan 1/72 Scale Kit,24.75,,,USD,New,https://www.plazajapan.com/4934054026937,https://cdn11.bigcommerce.com/s-89ffd/products/70646/images/276641/026937-1__24844.1603437249.350.350.jpg?c=2
zoid,model_kit,Plaza Japan,retailer,,Kotobukiya ZD100R Zoids Customized Parts Gojulas Cannon Set 1/72 Scale Kit,28.28,,,USD,New,https://www.plazajapan.com/4934054026920,https://cdn11.bigcommerce.com/s-89ffd/products/70647/images/237646/4934054026920_f9052e9228c29aa4809f9d019d0ba580__02726.1584431092.350.350.jpg?c=2
zoid,model_kit,Plaza Japan,retailer,,Kotobukiya ZD115 Zoids Wild Liger 1/35 Scale Kit,51.87,,,USD,New,https://www.plazajapan.com/4934054004508,https://cdn11.bigcommerce.com/s-89ffd/products/71157/images/291515/004508-1__91510.1614153909.350.350.jpg?c=2
zoid,model_kit,Plaza Japan,retailer,,Kotobukiya HMM ZOIDS 1/72 RZ-010 Pteras Bomber Marking Plus Ver. Plastic Model,28.28,,,USD,New,https://www.plazajapan.com/4934054023141,https://cdn11.bigcommerce.com/s-89ffd/products/78806/images/498145/4934054023141_6b1e8964ffac3e93d7238fac005e95c9__24970.1700114644.350.350.jpg?c=2
zoid,model_kit,Plaza Japan,retailer,,Kotobukiya ZD030R Zoids EZ-004 Red Horn 1/72 Plastic Model,66.85,,,USD,New,https://www.plazajapan.com/4934054030743,https://cdn11.bigcommerce.com/s-89ffd/products/79536/images/281930/030743-1__10915.1606464785.350.350.jpg?c=2
zoid,model_kit,Plaza Japan,retailer,,Good Smile Company HAGANE WORKS Blade Liger 1/72 Figure (Zoids),155.3,,,USD,New,https://www.plazajapan.com/4580590121720,https://cdn11.bigcommerce.com/s-89ffd/products/79549/images/263252/4580590121720_dbf30e00655feadefe883d6ebe4800eb__28276.1595844313.350.350.jpg?c=2
zoid,model_kit,Plaza Japan,retailer,,Kotobukiya HMM ZOIDS 1/72 Customize Parts Beam Gatling Set Plastic Model,12.47,,,USD,New,https://www.plazajapan.com/4934054017836,https://cdn11.bigcommerce.com/s-89ffd/products/81606/images/273236/4934054017836_9c751c021e1373547c3fcd84219344b2__34586.1601604642.350.350.jpg?c=2
zoid,model_kit,Plaza Japan,retailer,,Kotobukiya HMM ZOIDS 1/72 RZ-041 Liger Zero Jager Marking Plus Ver. Plastic Model (Released),43.85,,,USD,New,https://www.plazajapan.com/4934054012947,https://cdn11.bigcommerce.com/s-89ffd/products/81607/images/273244/4934054012947_4b8aa5f6bf8d2840cdb92adbb1810b98__61091.1601604759.350.350.jpg?c=2
zoid,model_kit,Plaza Japan,retailer,,Kotobukiya HMM ZOIDS 1/72 EZ-016 Saber Tiger Marking Plus Ver. Plastic Model,108.47,,,USD,New,https://www.plazajapan.com/4934054014460,https://cdn11.bigcommerce.com/s-89ffd/products/81608/images/466907/4934054014460_2d97712e8f6aa66c9ea8867a02c4bbf1__73618.1684992657.350.350.jpg?c=2
zoid,model_kit,Plaza Japan,retailer,,Kotobukiya HMM Zoids 1/72 Panzer Unit Marking Plus Ver. for Liger Zero Plastic Model,21.66,,,USD,New,https://www.plazajapan.com/4934054026890,https://cdn11.bigcommerce.com/s-89ffd/products/82645/images/299876/029890-1__49373.1618994561.350.350.jpg?c=2
zoid,model_kit,Plaza Japan,retailer,,Kotobukiya HMM ZOIDS 1/72 RZ-041 Liger Zero Panzer Marking Plus Ver. Plastic Model,74.37,,,USD,New,https://www.plazajapan.com/4934054012985,https://cdn11.bigcommerce.com/s-89ffd/products/83643/images/281406/4934054012985_1e8bfa81934fec9a303ae3976824fcb8__06138.1605865102.350.350.jpg?c=2
zoid,model_kit,Plaza Japan,retailer,,Kotobukiya HMM ZOIDS 1/72 Molga & Molga with Cannonry Unit Plastic Model,66.02,,,USD,New,https://www.plazajapan.com/4934054018284,https://cdn11.bigcommerce.com/s-89ffd/products/84716/images/312191/018284-1__92980.1624433203.350.350.jpg?c=2
zoid,model_kit,Plaza Japan,retailer,,Kotobukiya HMM ZOIDS 1/72 EMZ-15 Molga AA & Molga Carrier Plastic Model,75.04,,,USD,New,https://www.plazajapan.com/4934054018291,https://cdn11.bigcommerce.com/s-89ffd/products/84718/images/309468/018291-1__31215.1623314019.350.350.jpg?c=2
zoid,model_kit,Plaza Japan,retailer,,Kotobukiya HMM ZOIDS 1/72 RZ-041 Liger Zero Marking Plus Ver. Plastic Model (Released),60.17,,,USD,New,https://www.plazajapan.com/4934054012930,https://cdn11.bigcommerce.com/s-89ffd/products/84719/images/441925/4934054012930_9a3c77000b12ebb5e509354140232b4e__76824.1674031980.350.350.jpg?c=2
zoid,model_kit,Plaza Japan,retailer,,Kotobukiya HMM ZOIDS 1/72 RZ-041 Liger Zero Schneider Marking Plus Version Plastic Model,47.18,,,USD,New,https://www.plazajapan.com/4934054012978,https://cdn11.bigcommerce.com/s-89ffd/products/86451/images/290688/4934054012978_79e40e0fe86e56591def7b0448ddc8e3__56970.1613635424.350.350.jpg?c=2
zoid,model_kit,Plaza Japan,retailer,,Kotobukiya HMM ZOIDS 1/72 Liger Zero Jagar Unit Marking Plus Ver. Plastic Model,17.33,,,USD,New,https://www.plazajapan.com/4934054026982,https://cdn11.bigcommerce.com/s-89ffd/products/87471/images/296241/026982-1__68886.1617090373.350.350.jpg?c=2
zoid,model_kit,Plaza Japan,retailer,,Kotobukiya HMM ZOIDS 1/72 RZ-028 Blade Liger AB Plastic Model (Released),100.28,,,USD,New,https://www.plazajapan.com/4934054014057,https://cdn11.bigcommerce.com/s-89ffd/products/92582/images/307344/4934054014057_29082f7812aa37857edefed2e7aeff4b__94106.1622688575.350.350.jpg?c=2
zoid,model_kit,Plaza Japan,retailer,,Takara Tomy ZW43 Zoids Wild Zero Phantoth,66.68,,,USD,New,https://www.plazajapan.com/4904810122937,https://cdn11.bigcommerce.com/s-89ffd/products/92681/images/352980/4904810122937_7f3ccd4fec2712adee3b16aced96208a__74699.1642478276.350.350.jpg?c=2
zoid,model_kit,Plaza Japan,retailer,,Takara Tomy ZW52 Zoids Wild Xeno Rex,70.03,,,USD,New,https://www.plazajapan.com/4904810153887,https://cdn11.bigcommerce.com/s-89ffd/products/92684/images/307900/4904810153887_703039ee6e2ed140e9500cdead8a2869__06085.1622778131.350.350.jpg?c=2
zoid,model_kit,Plaza Japan,retailer,,Takara Tomy ZW54 Zoids Wild Xeno Evolution Arms Scissors Unit,20.72,,,USD,New,https://www.plazajapan.com/4904810162315,https://cdn11.bigcommerce.com/s-89ffd/products/92686/images/313426/162315-1__67968.1624952017.350.350.jpg?c=2
zoid,model_kit,Plaza Japan,retailer,,Takara Tomy ZW55 Zoids Wild Xeno Rex Scissors XA,80.22,,,USD,New,https://www.plazajapan.com/4904810153917,https://cdn11.bigcommerce.com/s-89ffd/products/92687/images/307908/4904810153917_597a2c3be831d77e157962521e6026d9__80650.1622778183.350.350.jpg?c=2
zoid,model_kit,Plaza Japan,retailer,,Takara Tomy ZW58 Zoids Wild Xeno Rex Buster XA,75.04,,,USD,New,https://www.plazajapan.com/4904810165620,https://cdn11.bigcommerce.com/s-89ffd/products/92690/images/307918/4904810165620_0db020e10a67d50feaf6d014a866f0a0__08670.1622778249.350.350.jpg?c=2
zoid,model_kit,Plaza Japan,retailer,,Kotobukiya HMM Zoids 1/72 Customize Parts Pile Bunker Unit Plastic Model,8.12,,,USD,New,https://www.plazajapan.com/4934054109340,https://cdn11.bigcommerce.com/s-89ffd/products/93753/images/342555/4934054109340_2ce6369db9f342f025acd62367dfacd5__98931.1638346675.350.350.jpg?c=2
zoid,model_kit,Plaza Japan,retailer,,Kotobukiya HMM ZOIDS 1/72 RHI-3 Command Wolf Repackage Ver. Plastic Model,28.31,,,USD,New,https://www.plazajapan.com/4934054018277,https://cdn11.bigcommerce.com/s-89ffd/products/100501/images/332858/4934054018277_54e4cf1b166c8b94f6d82355e8ca3315__13060.1633594710.350.350.jpg?c=2
zoid,model_kit,Plaza Japan,retailer,,Kotobukiya HMM ZOIDS 1/72 DPZ-10 Dark Horn Plastic Model,104.44,,,USD,New,https://www.plazajapan.com/4934054017515,https://cdn11.bigcommerce.com/s-89ffd/products/105162/images/351403/4934054017515_53e0a68778d876c9062a0ab4f5fbb356__78829.1641524825.350.350.jpg?c=2
zoid,model_kit,Plaza Japan,retailer,,Kotobukiya HMM ZOIDS 1/72 EZ-049 Berserk Fuhrer Repackage Ver. Plastic Model,51.46,,,USD,New,https://www.plazajapan.com/4934054013388,https://cdn11.bigcommerce.com/s-89ffd/products/105450/images/525539/4934054013388_e4cda512192f38f7896491f07d6bc877__02442.1711442534.350.350.jpg?c=2
zoid,model_kit,Plaza Japan,retailer,,Kotobukiya HMM ZOIDS 1/72 Customize Parts Booster Cannon Set Plastic Model,11.92,,,USD,New,https://www.plazajapan.com/4934054027187,https://cdn11.bigcommerce.com/s-89ffd/products/117810/images/411204/4934054027187_295e06b3216fe360418dd7d8e317ac64__91243.1663052049.350.350.jpg?c=2
zoid,model_kit,Plaza Japan,retailer,,Kotobukiya HMM ZOIDS 1/72 Customize Parts Gojulas Cannon Set Plastic Model,29.25,,,USD,New,https://www.plazajapan.com/4934054051762,https://cdn11.bigcommerce.com/s-89ffd/products/123427/images/432829/4934054051762_4983c81dc0e06e20ab2daf4f8ccc51d6__05921.1669875753.350.350.jpg?c=2
zoid,model_kit,Plaza Japan,retailer,,Kotobukiya HMM Zoids 1/72 Customize Parts Dual Sniper Rifle & AZ Five Launch Missile System Set Plastic Model,56.09,,,USD,New,https://www.plazajapan.com/4934054003853,https://cdn11.bigcommerce.com/s-89ffd/products/125948/images/529807/4934054003853_c8349fa7dfbf1ceeeaa2b175daa30f78__48418.1712724635.350.350.jpg?c=2
zoid,model_kit,Plaza Japan,retailer,,Kotobukiya HMM ZOIDS 1/72 Customize Parts Attack Booster Set Plastic Model,13.0,,,USD,New,https://www.plazajapan.com/4934054043408,https://cdn11.bigcommerce.com/s-89ffd/products/130010/images/461875/4934054043408_a604fc56085ea8fe551af4b8ce146305__05880.1682044124.350.350.jpg?c=2
zoid,model_kit,Plaza Japan,retailer,,Kotobukiya HMM ZOIDS 1/72 RZ-013 Buster Tortoise Plastic Model,72.45,,,USD,New,https://www.plazajapan.com/4934054056262,https://cdn11.bigcommerce.com/s-89ffd/products/130567/images/464183/4934054056262_451185fb238e578aa61606d9bba151f3__51443.1683015264.350.350.jpg?c=2
zoid,model_kit,Plaza Japan,retailer,,Kotobukiya HMM ZOIDS 1/72 EZ-026 Geno Saurer Repackage Ver. Plastic Model,115.32,,,USD,New,https://www.plazajapan.com/4934054057320,https://cdn11.bigcommerce.com/s-89ffd/products/133484/images/477154/4934054057320_b71fa3cc3f80cd837eb444a20d5897e4__56964.1689921579.350.350.jpg?c=2
zoid,model_kit,Plaza Japan,retailer,,Kotobukiya HMM Zoids 1/72 EZ-004 FIRE FOX Marking Plus Ver. Plastic Model,79.37,,,USD,New,https://www.plazajapan.com/4934054058389,https://cdn11.bigcommerce.com/s-89ffd/products/136807/images/492278/4934054058389_b80842cf3946ce1f0340fbbc28f1032b__63704.1697607606.350.350.jpg?c=2
zoid,model_kit,Plaza Japan,retailer,,Takara Tomy ADAMAS MACHINA Zoids AMZ-01 Berserk Fuhrer,244.93,,,USD,New,https://www.plazajapan.com/4904810918899,https://cdn11.bigcommerce.com/s-89ffd/products/156053/images/654238/takara-tomy-adamas-machina-zoids-amz-01-berserk-fuhrer__02216.1737468148.350.350.jpg?c=2
zoid,model_kit,Plaza Japan,retailer,,Kotobukiya HMM ZOIDS 1/72 EZ-006 Molga Full Option Set Plastic Model,35.21,,,USD,New,https://www.plazajapan.com/4934054063468,https://cdn11.bigcommerce.com/s-89ffd/products/166197/images/623524/kotobukiya-hmm-zoids-172-ez-006-molga-full-option-set-plastic-model__38139.1737071745.350.350.jpg?c=2
zoid,model_kit,Plaza Japan,retailer,,Kotobukiya HMM ZOIDS 1/72 RZ-041 Liger Zero Marking Plus Ver. Plastic Model,36.83,,,USD,New,https://www.plazajapan.com/4934054071647,https://cdn11.bigcommerce.com/s-89ffd/products/168051/images/663041/kotobukiya-hmm-zoids-172-rz-041-liger-zero-marking-plus-ver-plastic-model__42026.1737711613.350.350.jpg?c=2
zoid,model_kit,Plaza Japan,retailer,,Takara Tomy T-SPARK Transformers Zoids Diaclone: Shield-D-Prime Figure,214.32,,,USD,New,https://www.plazajapan.com/4904810997269,https://cdn11.bigcommerce.com/s-89ffd/products/179671/images/801011/takara-tomy-transformers-zoids-diaclone-shield-d-prime-figure__04401.1755487799.350.350.jpg?c=2
zoid,model_kit,Plaza Japan,retailer,,Kotobukiya 1/72 Zoids LIGHTNING SAIX Irvine Special 2000 -Recolor- Plastic Model,46.58,,,USD,New,https://www.plazajapan.com/4934054079346,https://cdn11.bigcommerce.com/s-89ffd/products/191674/images/865425/kotobukiya-172-zoids-lightning-saix-irvine-special-2000-recolor-plastic-model__19132.1766106462.350.350.jpg?c=2
zoid,model_kit,Plaza Japan,retailer,,Kotobukiya Zoids D-Style Command Wolf Irvine [Clear Parts Append] Plastic Model,22.29,,,USD,New,https://www.plazajapan.com/4934054086900,https://cdn11.bigcommerce.com/s-89ffd/products/204090/images/928844/4934054086900_f6a3ea1997753ab4c6304a825216bd09__94146.1777268154.350.350.jpg?c=2
zoid,model_kit,Plaza Japan,retailer,,Kotobukiya Zoids D-STYLE Gustav Moonbay Special [Clear Parts Append] Plastic Model,19.5,,,USD,New,https://www.plazajapan.com/4934054087198,https://cdn11.bigcommerce.com/s-89ffd/products/207002/images/948566/4934054087198_fdf00e9fc458d9c772f34ebdc4de7b6a__63864.1779416876.350.350.jpg?c=2
zoid,model_kit,Plaza Japan,retailer,,Takara Tomy ZOIDS AZ-17 Ultrasaurus Plastic Model,214.32,,,USD,New,https://www.plazajapan.com/4904810065982,https://cdn11.bigcommerce.com/s-89ffd/products/213801/images/991757/takara-tomy-zoids-az-17-ultrasaurus-plastic-model__62861.1784356723.350.350.jpg?c=2
zoid,model_kit,Plaza Japan,retailer,,Takara Tomy ZOIDS AZ-17EX Ultrasaurus Gravity Cannon Plastic Model,77.78,,,USD,New,https://www.plazajapan.com/4904810058762,https://cdn11.bigcommerce.com/s-89ffd/products/213946/images/992176/takara-tomy-zoids-az-17ex-ultrasaurus-gravity-cannon-plastic-model__64917.1784357405.350.350.jpg?c=2
zoid,model_kit,Plaza Japan,retailer,,F-toys Zoids Wild Puzzle Eraser (FULL BOX),24.82,,,USD,New,https://www.plazajapan.com/4582138604009,https://cdn11.bigcommerce.com/s-89ffd/products/217126/images/1009945/4582138604009_965b9286edc2ac9ac95f6bee015adad5__13541.1787217237.350.350.png?c=2
zoid,model_kit,Gundam Planet,retailer,us,HMM Zoids EPZ-003 Great Saber (Marking Plus Ver.),88.95,,,USD,New,https://www.gundamplanet.com/products/hmm-zoids-epz-003-great-saber-marking-plus-ver?_pos=1&_sid=25cfeb4df&_ss=r&_fid=cddcf324e,https://www.gundamplanet.com/cdn/shop/files/hmm-zoids-epz-003-great-saber-00_1.jpg?v=1737666712&width=533
zoid,model_kit,Gundam Planet,retailer,us,HMM Zoids EZ-035 Lightning Saix Irvine Special 2000 Recolor,79.95,,,USD,New,https://www.gundamplanet.com/products/hmm-zoids-ez-035-lightning-saix-irvine-special-2000-recolor?_pos=2&_sid=25cfeb4df&_ss=r&_fid=cddcf324e,https://www.gundamplanet.com/cdn/shop/files/ZD192_lightning-saix_irvine-sp_marking-plus_base.jpg?v=1765992042&width=533
zoid,model_kit,Gundam Planet,retailer,us,Zoids 1/72 AZ-15 Psycho Geno Saurer,139.95,,,USD,New,https://www.gundamplanet.com/products/zoids-1-72-az-15-psycho-geno-saurer?_pos=3&_sid=25cfeb4df&_ss=r&_fid=cddcf324e,https://www.gundamplanet.com/cdn/shop/files/zoids-1-72-az-15-psycho-geno-saurer-base.jpg?v=1771637347&width=533
zoid,model_kit,Gundam Planet,retailer,us,Zoids 1/72 AZ-02EX2 Liger Zero Empire Ver.,119.95,,,USD,New,https://www.gundamplanet.com/products/zoids-1-72-az-02ex2-liger-zero-empire-ver?_pos=4&_sid=25cfeb4df&_ss=r&_fid=cddcf324e,https://www.gundamplanet.com/cdn/shop/files/GN195_base.jpg?v=1757114843&width=533
zoid,model_kit,Gundam Planet,retailer,us,HMM Zoids EZ-027 Rev Raptor,49.95,,,USD,New,https://www.gundamplanet.com/products/hmm-zoids-ez-027-rev-raptor?_pos=5&_sid=25cfeb4df&_ss=r&_fid=cddcf324e,https://www.gundamplanet.com/cdn/shop/files/hmm-zoids-ez-027-rev-raptor-gp.jpg?v=1737693123&width=533
zoid,model_kit,Gundam Planet,retailer,us,Zoids 1/72 AZ-17DX Ultra Saurus Gravity Cannon (Deluxe Ver.),440.95,,,USD,New,https://www.gundamplanet.com/products/zoids-1-72-az-17dx-ultra-saurus-gravity-cannon-deluxe-ver?_pos=6&_sid=25cfeb4df&_ss=r&_fid=cddcf324e,https://www.gundamplanet.com/cdn/shop/files/zoids-1-72-az-17dx-ultra-saurus-gravity-cannon-deluxe-ver-base.jpg?v=1783534897&width=533
zoid,model_kit,Gundam Planet,retailer,us,Zoids 1/72 RPZ-14 Salamander F2,330.95,,,USD,New,https://www.gundamplanet.com/products/zoids-1-72-rpz-14-salamander-f2?_pos=7&_sid=25cfeb4df&_ss=r&_fid=cddcf324e,https://www.gundamplanet.com/cdn/shop/files/zoids-1-72-rpz-14-salamander-f2-base.jpg?v=1783551720&width=533
zoid,model_kit,Gundam Planet,retailer,us,Realize Model Zoids 1/100 RMZ-018 Trinity Liger Captured Color,59.95,,,USD,New,https://www.gundamplanet.com/products/realize-model-zoids-1-100-rmz-018-trinity-liger-captured-color?_pos=8&_sid=25cfeb4df&_ss=r&_fid=cddcf324e,https://www.gundamplanet.com/cdn/shop/files/realize-model-zoids-1-100-rmz-018-trinity-liger-captured-color9.jpg?v=1771032332&width=533
zoid,model_kit,Gundam Planet,retailer,us,Realize Model Zoids 1/100 RMZ-011 Geno Saurer Raven Special,66.95,,,USD,New,https://www.gundamplanet.com/products/realize-model-zoids-1-100-rmz-011-geno-saurer-raven-special?_pos=9&_sid=25cfeb4df&_ss=r&_fid=cddcf324e,https://www.gundamplanet.com/cdn/shop/files/realize-model-zoids-1-100-rmz-011-geno-saurer-raven-special10.jpg?v=1751666028&width=533
zoid,model_kit,Gundam Planet,retailer,us,Zoids 1/72 AZ-01 Blade Liger,100.95,,,USD,New,https://www.gundamplanet.com/products/zoids-1-72-az-01-blade-liger?_pos=10&_sid=25cfeb4df&_ss=r&_fid=cddcf324e,https://www.gundamplanet.com/cdn/shop/files/zoids-1-72-az-01-blade-liger.jpg?v=1768425759&width=533
zoid,model_kit,Gundam Planet,retailer,us,D-Style Zoids Shield Liger [Clear Parts Append],27.95,,,USD,New,https://www.gundamplanet.com/products/d-style-zoids-shield-liger-clear-parts-append?_pos=11&_sid=25cfeb4df&_ss=r&_fid=cddcf324e,https://www.gundamplanet.com/cdn/shop/files/d-style-zoids-shield-liger-clear-parts-append-base2.jpg?v=1788993859&width=533
zoid,model_kit,Gundam Planet,retailer,us,HMM Zoids Iron Kong Schwarz Special 1999 Recolor,179.95,,,USD,New,https://www.gundamplanet.com/products/hmm-zoids-iron-kong-schwarz-special-1999-recolor?_pos=12&_sid=25cfeb4df&_ss=r&_fid=cddcf324e,https://www.gundamplanet.com/cdn/shop/files/hmm-zoids-iron-kong-schwarz-special-1999-recolor.jpg?v=1770751523&width=533
zoid,model_kit,Gundam Planet,retailer,us,Adamas Machina Zoids AM-Z02 Blade Liger,324.95,,,USD,New,https://www.gundamplanet.com/products/adamas-machina-zoids-am-z02-blade-liger?_pos=13&_sid=25cfeb4df&_ss=r&_fid=cddcf324e,https://www.gundamplanet.com/cdn/shop/files/adamas-machina-zoids-am-z02-blade-liger.png?v=1785963675&width=533
zoid,model_kit,Gundam Planet,retailer,us,Realize Model Zoids 1/100 RMZ-007 Trinity Liger,55.95,,,USD,New,https://www.gundamplanet.com/products/realize-model-zoids-1-100-rmz-007-trinity-liger?_pos=14&_sid=25cfeb4df&_ss=r&_fid=cddcf324e,https://www.gundamplanet.com/cdn/shop/files/realize-model-zoids-1-100-rmz-007-trinity-liger9.jpg?v=1737759123&width=533
zoid,model_kit,Gundam Planet,retailer,us,HMM Zoids DPZ-10 Dark Horn Harry Special 2001 Re-Color,143.95,,,USD,New,https://www.gundamplanet.com/products/hmm-zoids-dpz-10-dark-horn-harry-special-2001-re-color?_pos=15&_sid=25cfeb4df&_ss=r&_fid=cddcf324e,https://www.gundamplanet.com/cdn/shop/files/hmm-zoids-dpz-10-dark-horn-harry-special-2001-re-color-base.jpg?v=1783551872&width=533
zoid,model_kit,Gundam Planet,retailer,us,Realize Model Zoids 1/100 RMZ-025 Liger Zero Falcon (ZBF),88.95,,,USD,New,https://www.gundamplanet.com/products/realize-model-zoids-1-100-rmz-025-liger-zero-falcon-zbf?_pos=16&_sid=25cfeb4df&_ss=r&_fid=cddcf324e,https://www.gundamplanet.com/cdn/shop/files/realize-model-zoids-1-100-rmz-025-liger-zero-falcon-zbf.png?v=1785964071&width=533
zoid,model_kit,Gundam Planet,retailer,us,Zoids 1/72 AZ-16 Liger Zero Jager,126.95,,,USD,New,https://www.gundamplanet.com/products/zoids-1-72-az-16-liger-zero-jager?_pos=17&_sid=25cfeb4df&_ss=r&_fid=cddcf324e,https://www.gundamplanet.com/cdn/shop/files/zoids-1-72-az-16-liger-zero-jager-bs.jpg?v=1778800834&width=533
zoid,model_kit,Gundam Planet,retailer,us,HMM Zoids EZ-017 Iguan (Marking Plus Ver.),44.95,,,USD,New,https://www.gundamplanet.com/products/hmm-zoids-ez-017-iguan-marking-plus-ver?_pos=18&_sid=25cfeb4df&_ss=r&_fid=cddcf324e,https://www.gundamplanet.com/cdn/shop/files/hmm-zoids-ez-017-iguan-marking-plus-ver-leave-gp2.jpg?v=1742939764&width=533
zoid,model_kit,Gundam Planet,retailer,us,Zoids 1/72 AZ-17 Ultra Saurus,330.95,,,USD,New,https://www.gundamplanet.com/products/zoids-1-72-az-17-ultra-saurus?_pos=19&_sid=25cfeb4df&_ss=r&_fid=cddcf324e,https://www.gundamplanet.com/cdn/shop/files/zoids-1-72-az-17-ultra-saurus-base.jpg?v=1783534187&width=533
zoid,model_kit,Gundam Planet,retailer,us,HMM Zoids W002 Fang Tiger,124.95,,,USD,New,https://www.gundamplanet.com/products/hmm-zoids-w002-fang-tiger?_pos=20&_sid=25cfeb4df&_ss=r&_fid=cddcf324e,https://www.gundamplanet.com/cdn/shop/files/hmm-zoids-w002-fang-tiger-gp.jpg?v=1737703881&width=533
zoid,model_kit,Gundam Planet,retailer,us,Zoids 1/72 AZ-14 Liger Zero X,139.95,,,USD,New,https://www.gundamplanet.com/products/zoids-1-72-az-14-liger-zero-x?_pos=21&_sid=25cfeb4df&_ss=r&_fid=cddcf324e,https://www.gundamplanet.com/cdn/shop/files/zoids-1-72-az-14-liger-zero-x-base.jpg?v=1771637660&width=533
zoid,model_kit,Gundam Planet,retailer,us,Realize Model Zoids 1/100 RMZ-006 Saber Tiger Schwarz Special,59.95,,,USD,New,https://www.gundamplanet.com/products/realize-model-zoids-1-100-rmz-006-saber-tiger-schwarz-special?_pos=22&_sid=25cfeb4df&_ss=r&_fid=cddcf324e,https://www.gundamplanet.com/cdn/shop/files/realize-model-zoids-1-100-rmz-006-saber-tiger-schwarz-special-gp.jpg?v=1737754493&width=533
zoid,model_kit,Gundam Planet,retailer,us,Realize Model Zoids 1/100 RMZ-023 Lightning Saix Irvine Special,65.95,,,USD,New,https://www.gundamplanet.com/products/realize-model-zoids-1-100-rmz-023-lightning-saix-irvine-special?_pos=23&_sid=25cfeb4df&_ss=r&_fid=cddcf324e,https://www.gundamplanet.com/cdn/shop/files/realize-model-zoids-1-100-rmz-023-lightning-saix-irvine-special10.jpg?v=1780691020&width=533
zoid,model_kit,Gundam Planet,retailer,us,HMM Zoids RZ-014 Godos (Marking Plus Ver.),49.95,,,USD,New,https://www.gundamplanet.com/products/hmm-zoids-rz-014-godos-marking-plus-ver?_pos=24&_sid=25cfeb4df&_ss=r&_fid=cddcf324e,https://www.gundamplanet.com/cdn/shop/files/hmm-zoids-rz-014-godos-marking-plus-ver-gp.jpg?v=1737698091&width=533
zoid,model_kit,Gundam Planet,retailer,us,Synergenex Zoids x Patlabor: Hunter Wolf Unit 2,49.95,,,USD,New,https://www.gundamplanet.com/products/synergenex-zoids-x-patlabor-hunter-wolf-unit-2?_pos=25&_sid=25cfeb4df&_ss=r&_fid=cddcf324e,https://www.gundamplanet.com/cdn/shop/files/zoids-x-patlabor-hunter-wolf-unit-2-base_eaf56954-d7b8-4908-888d-e8972f0584f2.jpg?v=1754526096&width=533
zoid,model_kit,Gundam Planet,retailer,us,HMM Zoids RZ-007 Shield Liger DCS-J,90.95,,,USD,New,https://www.gundamplanet.com/products/hmm-zoids-rz-007-shield-liger-dcs-j?_pos=26&_sid=25cfeb4df&_ss=r&_fid=cddcf324e,https://www.gundamplanet.com/cdn/shop/files/hmm-zoids-rz-007-shield-liger-dcs-j-gp2.jpg?v=1737677211&width=533
zoid,model_kit,Gundam Planet,retailer,us,HMM Zoids EZ-027 Raven Raptor,64.95,,,USD,New,https://www.gundamplanet.com/products/hmm-zoids-ez-027-raven-raptor?_pos=27&_sid=25cfeb4df&_ss=r&_fid=cddcf324e,https://www.gundamplanet.com/cdn/shop/files/hmm-zoids-ez-027-raven-raptor-gp.jpg?v=1737694555&width=533
zoid,model_kit,Gundam Planet,retailer,us,HMM Zoids EZ-036 Death Stinger,144.95,,,USD,New,https://www.gundamplanet.com/products/hmm-zoids-ez-036-death-stinger?_pos=28&_sid=25cfeb4df&_ss=r&_fid=cddcf324e,https://www.gundamplanet.com/cdn/shop/files/hmm-zoids-ez-036-death-stinger-00.jpg?v=1737667234&width=533
zoid,model_kit,Gundam Planet,retailer,us,HMM Zoids RZ-029 Storm Sworder Ala Barone Special 2000 Recolor,95.95,,,USD,New,https://www.gundamplanet.com/products/hmm-zoids-rz-029-storm-sworder-ala-barone-special-2000-recolor?_pos=29&_sid=25cfeb4df&_ss=r&_fid=cddcf324e,https://www.gundamplanet.com/cdn/shop/files/hmm-zoids-rz-029-storm-sworder-ala-barone-special-2000-recolor.jpg?v=1773339486&width=533
zoid,model_kit,Gundam Planet,retailer,us,HMM Zoids EZ-049 Sturm Tyrann Berserk Unit Set,174.95,,,USD,New,https://www.gundamplanet.com/products/hmm-zoids-ez-049-sturm-tyrann-berserk-unit-set?_pos=30&_sid=25cfeb4df&_ss=r&_fid=cddcf324e,https://www.gundamplanet.com/cdn/shop/files/hmm-zoids-ez-049-sturm-tyrann-berserk-unit-set-gp.jpg?v=1737753532&width=533
zoid,model_kit,Gundam Planet,retailer,us,Zoids 1/72 AZ-08 Molga,44.95,,,USD,New,https://www.gundamplanet.com/products/zoids-az-08-molga?_pos=31&_sid=25cfeb4df&_ss=r&_fid=cddcf324e,https://www.gundamplanet.com/cdn/shop/files/zoids-az-08-molga-gp.jpg?v=1739901196&width=533
zoid,model_kit,Gundam Planet,retailer,us,HMM Zoids RBOZ-006 Dibison (Marking Plus Ver.),119.95,,,USD,New,https://www.gundamplanet.com/products/hmm-zoids-rboz-006-dibison-marking-plus-ver?_pos=32&_sid=25cfeb4df&_ss=r&_fid=cddcf324e,https://www.gundamplanet.com/cdn/shop/files/zd137_dibison_mplus_gpr.jpg?v=1737681463&width=533
zoid,model_kit,Gundam Planet,retailer,us,HMM Zoids RMZ-12 Guysack Former Republic Ver.,64.95,,,USD,New,https://www.gundamplanet.com/products/hmm-zoids-rmz-12-guysack-former-republic-ver?_pos=33&_sid=25cfeb4df&_ss=r&_fid=cddcf324e,https://www.gundamplanet.com/cdn/shop/files/hmm-zoids-rmz-12-guysack-former-republic-ver-gp2.jpg?v=1737754079&width=533
zoid,model_kit,Gundam Planet,retailer,us,Realize Model Zoids 1/100 RMZ-001 Blade Liger,44.95,,,USD,New,https://www.gundamplanet.com/products/realize-model-zoids-1-100-rmz-001-blade-liger?_pos=34&_sid=25cfeb4df&_ss=r&_fid=cddcf324e,https://www.gundamplanet.com/cdn/shop/files/zoids-1-100-rmz-001-blade-liger-gp2.jpg?v=1737744823&width=533
zoid,model_kit,Gundam Planet,retailer,us,HMM Zoids EZ-036 Death Stinger Hiltz Special 2000 Recolor,169.95,,,USD,New,https://www.gundamplanet.com/products/hmm-zoids-ez-036-death-stinger-hiltz-special-2000-recolor?_pos=35&_sid=25cfeb4df&_ss=r&_fid=cddcf324e,https://www.gundamplanet.com/cdn/shop/files/hmm-zoids-ez-036-death-stinger-hiltz-special-2000-recolor-base.jpg?v=1771608086&width=533
zoid,model_kit,Gundam Planet,retailer,us,HMM Zoids Custom Gojulas Cannon Set,57.95,,,USD,New,https://www.gundamplanet.com/products/hmm-zoids-custom-gojulas-cannon-set?_pos=36&_sid=25cfeb4df&_ss=r&_fid=cddcf324e,https://www.gundamplanet.com/cdn/shop/files/hmm-zoids-custom-gojulas-cannon-set-base.jpg?v=1753203110&width=533
zoid,model_kit,Gundam Planet,retailer,us,Zoids 1/72 AZ-03EX Murasame Liger Original Color,116.95,,,USD,New,https://www.gundamplanet.com/products/zoids-1-72-az-03ex-murasame-liger-original-color?_pos=37&_sid=25cfeb4df&_ss=r&_fid=cddcf324e,https://www.gundamplanet.com/cdn/shop/files/zoids-1-72-az-03ex-murasame-liger-original-color.jpg?v=1765317495&width=533
zoid,model_kit,Gundam Planet,retailer,us,Realize Model Zoids 1/100 RMZ-020F Zabat Full Option Set,59.95,,,USD,New,https://www.gundamplanet.com/products/realize-model-zoids-1-100-rmz-020f-zabat-full-option-set?_pos=38&_sid=25cfeb4df&_ss=r&_fid=cddcf324e,https://www.gundamplanet.com/cdn/shop/files/realize-model-zoids-1-100-rmz-020f-zabat-full-option-set10.jpg?v=1771032189&width=533
zoid,model_kit,Gundam Planet,retailer,us,Realize Model Zoids 1/100 RMZ-026 Gustav Moonbey Special,68.95,,,USD,New,https://www.gundamplanet.com/products/realize-model-zoids-1-100-rmz-026-gustav-moonbey-special?_pos=39&_sid=25cfeb4df&_ss=r&_fid=cddcf324e,https://www.gundamplanet.com/cdn/shop/files/realize-model-zoids-1-100-rmz-026-gustav-moonbey-special9.jpg?v=1788973951&width=533
zoid,model_kit,Gundam Planet,retailer,us,HMM Zoids EZ-005 Redler Guylos Empire Ver.,69.95,,,USD,New,https://www.gundamplanet.com/products/hmm-zoids-ez-005-redler-guylos-empire-ver?_pos=40&_sid=25cfeb4df&_ss=r&_fid=cddcf324e,https://www.gundamplanet.com/cdn/shop/files/hmm-zoids-ez-005-redler-guylos-empire-ver-gp2.jpg?v=1737712581&width=533
zoid,model_kit,Gundam Planet,retailer,us,HMM Zoids W001 Wild Liger,105.95,,,USD,New,https://www.gundamplanet.com/products/hmm-zoids-w001-wild-liger?_pos=41&_sid=25cfeb4df&_ss=r&_fid=cddcf324e,https://www.gundamplanet.com/cdn/shop/files/hmm-zoids-wild-liger-gp.jpg?v=1737682717&width=533
zoid,model_kit,Gundam Planet,retailer,us,HMM Zoids EZ-006 Molga Full Option Set,74.95,,,USD,New,https://www.gundamplanet.com/products/hmm-zoids-ez-006-molga-full-option-set?_pos=42&_sid=25cfeb4df&_ss=r&_fid=cddcf324e,https://www.gundamplanet.com/cdn/shop/files/hmm-zoids-ez-006-molga-full-option-set-gp2.jpg?v=1737757519&width=533
zoid,model_kit,Gundam Planet,retailer,us,Zoids 1/72 AZ-10EX Sea Panther Guylos Specification,57.95,,,USD,New,https://www.gundamplanet.com/products/zoids-1-72-az-10ex-sea-panther-guylos-specification?_pos=43&_sid=25cfeb4df&_ss=r&_fid=cddcf324e,https://www.gundamplanet.com/cdn/shop/files/zoids-1-72-az-10ex-sea-panther-guylos-specification.jpg?v=1768425533&width=533
zoid,model_kit,Gundam Planet,retailer,us,HMM Zoids Liger Zero Jager Unit (Marking Plus Ver.),45.95,,,USD,New,https://www.gundamplanet.com/products/hmm-zoids-liger-zero-jager-unit-marking-plus-ver?_pos=44&_sid=25cfeb4df&_ss=r&_fid=cddcf324e,https://www.gundamplanet.com/cdn/shop/files/hmm-zoids-liger-zero-jager-unit-marking-plus-ver-base.jpg?v=1742860338&width=533
zoid,model_kit,Gundam Planet,retailer,us,HMM Zoids Liger Zero Empire Ver. X Unit,46.95,,,USD,New,https://www.gundamplanet.com/products/hmm-zoids-liger-zero-empire-ver-x-unit?_pos=45&_sid=25cfeb4df&_ss=r&_fid=cddcf324e,https://www.gundamplanet.com/cdn/shop/files/hmm-zoids-liger-zero-empire-ver-x-unit-gp2.jpg?v=1737695844&width=533
zoid,model_kit,Gundam Planet,retailer,us,Synergenex Zoids x Evangelion: Xeno Rex Test Type-01,66.95,,,USD,New,https://www.gundamplanet.com/products/synergenex-zoids-x-evangelion-xeno-rex-test-type-01?_pos=46&_sid=25cfeb4df&_ss=r&_fid=cddcf324e,https://www.gundamplanet.com/cdn/shop/files/evangelion-x-zoids-xeno-rex-test-type-01.jpg?v=1778701164&width=533
zoid,model_kit,Gundam Planet,retailer,us,Realize Model Zoids 1/100 RMZ-004 Hellcat Guylos Color,32.95,,,USD,New,https://www.gundamplanet.com/products/realize-model-zoids-1-100-rmz-004-hellcat-guylos-color?_pos=47&_sid=25cfeb4df&_ss=r&_fid=cddcf324e,https://www.gundamplanet.com/cdn/shop/files/realize-model-zoids-1-100-rmz-004-hellcat-guylos-color-gp.jpg?v=1737751589&width=533
zoid,model_kit,Gundam Planet,retailer,us,Zoids 1/72 AZ-17EX Ultra Saurus Gravity Cannon,110.95,,,USD,New,https://www.gundamplanet.com/products/zoids-1-72-az-17ex-ultra-saurus-gravity-cannon?_pos=48&_sid=25cfeb4df&_ss=r&_fid=cddcf324e,https://www.gundamplanet.com/cdn/shop/files/zoids-1-72-az-17ex-ultra-saurus-gravity-cannon-base.jpg?v=1783534611&width=533
zoid,model_kit,Gundam Planet,retailer,us,HMM Zoids EHI-7 Redler Zenebas Empire Ver.,69.95,,,USD,New,https://www.gundamplanet.com/products/hmm-zoids-ehi-7-redler-zenebas-empire-ver?_pos=49&_sid=25cfeb4df&_ss=r&_fid=cddcf324e,https://www.gundamplanet.com/cdn/shop/files/hmm-zoids-ehi-7-redler-zenebas-empire-ver-gp2.jpg?v=1737712549&width=533
zoid,model_kit,Gundam Planet,retailer,us,Realize Model Zoids 1/100 RMZ-021 Shield Liger MK-2,60.95,,,USD,New,https://www.gundamplanet.com/products/realize-model-zoids-1-100-rmz-021-shield-liger-mk-2?_pos=50&_sid=25cfeb4df&_ss=r&_fid=cddcf324e,https://www.gundamplanet.com/cdn/shop/files/realize-model-zoids-1-100-rmz-021-shield-liger-mk-210.jpg?v=1775253048&width=533
zoid,model_kit,Gundam Planet,retailer,us,Synergenex Zoids x Patlabor: Fangriffon,66.95,,,USD,New,https://www.gundamplanet.com/products/synergenex-zoids-x-patlabor-fangriffon?_pos=51&_sid=25cfeb4df&_ss=r&_fid=cddcf324e,https://www.gundamplanet.com/cdn/shop/files/synergenex-zoids-x-patlabor-fangriffon.png?v=1783536140&width=533
zoid,model_kit,Gundam Planet,retailer,us,Synergenex Zoids x Patlabor: Hunter Wolf,49.95,,,USD,New,https://www.gundamplanet.com/products/synergenex-zoids-x-patlabor-hunter-wolf?_pos=52&_sid=25cfeb4df&_ss=r&_fid=cddcf324e,https://www.gundamplanet.com/cdn/shop/files/zoids-x-patlabor-hunter-wolf-base.jpg?v=1754525482&width=533
zoid,model_kit,Gundam Planet,retailer,us,Zoids 1/72 AZ-14EX Liger Zero X Unit,59.95,,,USD,New,https://www.gundamplanet.com/products/zoids-1-72-az-14ex-liger-zero-x-unit?_pos=53&_sid=25cfeb4df&_ss=r&_fid=cddcf324e,https://www.gundamplanet.com/cdn/shop/files/zoids-1-72-az-14ex-liger-zero-x-unit7.jpg?v=1771031547&width=533
zoid,model_kit,Gundam Planet,retailer,us,Zoids 1/72 AZ-16EX Liger Zero Jager Unit Original Color,46.95,,,USD,New,https://www.gundamplanet.com/products/zoids-1-72-az-16ex-liger-zero-jager-unit-original-color?_pos=54&_sid=25cfeb4df&_ss=r&_fid=cddcf324e,https://www.gundamplanet.com/cdn/shop/files/zoids-1-72-az-16ex-liger-zero-jager-unit-original-color-bs.jpg?v=1778800831&width=533
zoid,model_kit,Gundam Planet,retailer,us,Synergenex Zoids x Fist of the North Star: Wild Liger Kokuoh-go,52.95,,,USD,New,https://www.gundamplanet.com/products/synergenex-zoids-x-fist-of-the-north-star-wild-liger-kokuoh-go?_pos=55&_sid=25cfeb4df&_ss=r&_fid=cddcf324e,https://www.gundamplanet.com/cdn/shop/files/zoids-x-fist-of-the-north-star-wild-liger-kokuoh-go-gp2.jpg?v=1739901189&width=533
zoid,model_kit,Gundam Planet,retailer,us,Realize Model Zoids 1/100 RMZ-020 Zabat,42.95,,,USD,New,https://www.gundamplanet.com/products/realize-model-zoids-1-100-rmz-020-zabat?_pos=56&_sid=25cfeb4df&_ss=r&_fid=cddcf324e,https://www.gundamplanet.com/cdn/shop/files/realize-model-zoids-1-100-rmz-020-zabat10.jpg?v=1771032025&width=533
zoid,model_kit,Gundam Planet,retailer,us,Synergenex Zoids x Evangelion: Xeno Rex Production Model-02,66.95,,,USD,New,https://www.gundamplanet.com/products/synergenex-zoids-x-evangelion-xeno-rex-production-model-02?_pos=57&_sid=25cfeb4df&_ss=r&_fid=cddcf324e,https://www.gundamplanet.com/cdn/shop/files/evangelion-x-zoids-xeno-rex-production-model-02.jpg?v=1778700147&width=533
zoid,model_kit,Gundam Planet,retailer,us,Realize Model Zoids 1/100 RMZ-005 Molga Guylos Color,30.95,,,USD,New,https://www.gundamplanet.com/products/realize-model-zoids-1-100-rmz-005-molga-guylos-color?_pos=58&_sid=25cfeb4df&_ss=r&_fid=cddcf324e,https://www.gundamplanet.com/cdn/shop/files/realize-model-zoids-1-100-rmz-005-molga-guylos-color-gp.jpg?v=1737751608&width=533
zoid,model_kit,Gundam Planet,retailer,us,Synergenex Zoids x Monster Hunter: Wild Liger Zinogre,65.95,,,USD,New,https://www.gundamplanet.com/products/synergenex-zoids-x-monster-hunter-wild-liger-zinogre?_pos=59&_sid=25cfeb4df&_ss=r&_fid=cddcf324e,https://www.gundamplanet.com/cdn/shop/files/synergenex-zoids-x-monster-hunter-wild-liger-zinogre9.jpg?v=1780691401&width=533
zoid,model_kit,Gundam Planet,retailer,us,HMM Zoids Custom Pile Bunker Unit,16.95,,,USD,New,https://www.gundamplanet.com/products/hmm-zoids-custom-pile-bunker-unit?_pos=60&_sid=25cfeb4df&_ss=r&_fid=cddcf324e,https://www.gundamplanet.com/cdn/shop/files/hmm-zoids-custom-pile-bunker-unit-gp.jpg?v=1737694589&width=533
zoid,model_kit,Gundam Planet,retailer,us,Zoids 1/72 AZ-13 Canory Molga,51.95,,,USD,New,https://www.gundamplanet.com/products/zoids-1-72-az-13-canory-molga?_pos=61&_sid=25cfeb4df&_ss=r&_fid=cddcf324e,https://www.gundamplanet.com/cdn/shop/files/zoids-1-72-az-13-canory-molga_1.jpg?v=1760045688&width=533
zoid,model_kit,Gundam Planet,retailer,us,Synergenex Zoids x Monster Hunter: Wild Liger Stygian Zinogre,65.95,,,USD,New,https://www.gundamplanet.com/products/synergenex-zoids-x-monster-hunter-wild-liger-stygian-zinogre?_pos=62&_sid=25cfeb4df&_ss=r&_fid=cddcf324e,https://www.gundamplanet.com/cdn/shop/files/synergenex-zoids-x-monster-hunter-wild-liger-stygian-zinogre9.jpg?v=1780691811&width=533
zoid,model_kit,Gundam Planet,retailer,us,HMM Zoids RZ-046 Fire Fox (Marking Plus Ver.),64.95,,,USD,New,https://www.gundamplanet.com/products/hmm-zoids-rz-046-fire-fox-marking-plus-ver?_pos=151&_sid=25cfeb4df&_ss=r&_fid=cddcf324e,https://www.gundamplanet.com/cdn/shop/files/hmm-zoids-rz-046-fire-fox-marking-plus-ver-gp2.jpg?v=1737729715&width=533
zoid,model_kit,Gundam Planet,retailer,us,HMM Zoids RZ-030 Gun Sniper W2 (Wild Weasel),49.95,,,USD,New,https://www.gundamplanet.com/products/hmm-zoids-rz-030-gun-sniper-w2-wild-weasel?_pos=152&_sid=25cfeb4df&_ss=r&_fid=cddcf324e,https://www.gundamplanet.com/cdn/shop/files/hmm-zoids-rz-030-gun-sniper-w2-wild-weasel-gp.jpg?v=1737691024&width=533
zoid,model_kit,Gundam Planet,retailer,us,Zoids 1/72 AZ-09 Geno Saurer (Motorized Ver.),119.95,,,USD,New,https://www.gundamplanet.com/products/zoids-1-72-az-09-geno-saurer-motorized-ver?_pos=153&_sid=25cfeb4df&_ss=r&_fid=cddcf324e,https://www.gundamplanet.com/cdn/shop/files/figma-sp-170-special-forces-member9_1.jpg?v=1739901211&width=533
zoid,model_kit,Gundam Planet,retailer,us,Zoids 1/72 AZ-11 Command Wolf,91.95,,,USD,New,https://www.gundamplanet.com/products/zoids-1-72-az-11-command-wolf?_pos=154&_sid=25cfeb4df&_ss=r&_fid=cddcf324e,https://www.gundamplanet.com/cdn/shop/files/zoids-1-72-az-11-command-wolf-base2.jpg?v=1768861297&width=533
zoid,model_kit,Gundam Planet,retailer,us,Zoids ZW32 Stylaser,48.95,,,USD,New,https://www.gundamplanet.com/products/zoids-zw32-stylaser?_pos=155&_sid=25cfeb4df&_ss=r&_fid=cddcf324e,https://www.gundamplanet.com/cdn/shop/files/zoids-zw32-stylaser-gp.jpg?v=1739901166&width=533
zoid,model_kit,Gundam Planet,retailer,us,Zoids 1/72 AZ-10 Sea Panther,49.95,,,USD,New,https://www.gundamplanet.com/products/zoids-1-72-az-10-sea-panther?_pos=156&_sid=25cfeb4df&_ss=r&_fid=cddcf324e,https://www.gundamplanet.com/cdn/shop/files/zoids-1-72-az-10-sea-panther-base.jpg?v=1760396833&width=533
zoid,model_kit,Gundam Planet,retailer,us,HMM Zoids EZ-054 Liger Zero Empire Ver. (Marking Plus Ver.),59.95,,,USD,New,https://www.gundamplanet.com/products/hmm-zoids-ez-054-liger-zero-empire-ver-marking-plus-ver?_pos=157&_sid=25cfeb4df&_ss=r&_fid=cddcf324e,https://www.gundamplanet.com/cdn/shop/files/hmm-zoids-ez-054-liger-zero-empire-ver-marking-plus-ver_gp.jpg?v=1737695847&width=533
zoid,model_kit,Gundam Planet,retailer,us,Realize Model Zoids 1/100 RMZ-009 Iron Kong Guylos Color,98.95,,,USD,New,https://www.gundamplanet.com/products/realize-model-zoids-1-100-rmz-009-iron-kong-guylos-color?_pos=158&_sid=25cfeb4df&_ss=r&_fid=cddcf324e,https://www.gundamplanet.com/cdn/shop/files/realize-model-zoids-1-100-rmz-009-iron-kong-guylos-color10.jpg?v=1744149293&width=533
zoid,model_kit,Gundam Planet,retailer,us,HMM Zoids RZ-001 Gojulas Gunner,699.95,,,USD,New,https://www.gundamplanet.com/products/hmm-zoids-rz-001-gojulas-gunner?_pos=159&_sid=25cfeb4df&_ss=r&_fid=cddcf324e,https://www.gundamplanet.com/cdn/shop/files/hmm-zoids-gojulas-gunner-gp.jpg?v=1737678082&width=533
zoid,model_kit,Gundam Planet,retailer,us,Zoids 1/72 AZ-05 Saber Tiger (Motorized Ver),96.95,,,USD,New,https://www.gundamplanet.com/products/zoids-1-72-az-05-saber-tiger-motorized-ver?_pos=160&_sid=25cfeb4df&_ss=r&_fid=cddcf324e,https://www.gundamplanet.com/cdn/shop/files/zoids-1-72-az-05-saber-tiger-motorized-ver-gp_1.jpg?v=1739901159&width=533
zoid,model_kit,Gundam Planet,retailer,us,HMM Zoids RBOZ-003 Gojulas (Marking Plus Ver.),239.95,,,USD,New,https://www.gundamplanet.com/products/hmm-zoids-rboz-003-gojulas-marking-plus-ver?_pos=161&_sid=25cfeb4df&_ss=r&_fid=cddcf324e,https://www.gundamplanet.com/cdn/shop/files/hmm-zoids-rboz-003-gojulas-marking-plus-ver-gp.jpg?v=1737728518&width=533
zoid,model_kit,Gundam Planet,retailer,us,HMM Zoids RHI-3 Command Wolf Repackage Ver.,49.95,,,USD,New,https://www.gundamplanet.com/products/hmm-zoids-rhi-3-command-wolf-repackage-ver?_pos=162&_sid=25cfeb4df&_ss=r&_fid=cddcf324e,https://www.gundamplanet.com/cdn/shop/files/hmm-zoids-rhi-3-command-wolf-repackage-ver-00.jpg?v=1737666954&width=533
zoid,model_kit,Gundam Planet,retailer,us,HMM Zoids RZ-013 Buster Tortoise,53.95,,,USD,New,https://www.gundamplanet.com/products/hmm-zoids-rz-013-buster-tortoise?_pos=163&_sid=25cfeb4df&_ss=r&_fid=cddcf324e,https://www.gundamplanet.com/cdn/shop/files/hmm-zoids-rz-013-buster-tortoise-00.jpg?v=1737666992&width=533
zoid,model_kit,Gundam Planet,retailer,us,HMM Zoids RZ-041 Liger Zero Schneider (Marking Plus Ver.),89.95,,,USD,New,https://www.gundamplanet.com/products/hmm-zoids-rz-041-liger-zero-schneider-marking-plus-ver?_pos=164&_sid=25cfeb4df&_ss=r&_fid=cddcf324e,https://www.gundamplanet.com/cdn/shop/files/hmm-zoids-rz-041-liger-zero-schneider-00_1.jpg?v=1737675148&width=533
zoid,model_kit,Gundam Planet,retailer,us,HMM Zoids RZ-002 Guysack,54.95,,,USD,New,https://www.gundamplanet.com/products/hmm-zoids-rz-002-guysack?_pos=165&_sid=25cfeb4df&_ss=r&_fid=cddcf324e,https://www.gundamplanet.com/cdn/shop/files/hmm-zoids-rz-002-guysack-gp2.jpg?v=1737735382&width=533
zoid,model_kit,Gundam Planet,retailer,us,HMM Zoids Berserk Fuhrer Sturm Unit,63.95,,,USD,New,https://www.gundamplanet.com/products/hmm-zoids-berserk-fuhrer-sturm-unit?_pos=166&_sid=25cfeb4df&_ss=r&_fid=cddcf324e,https://www.gundamplanet.com/cdn/shop/files/hmm-zoids-berserk-fuhrer-sturm-unit-00.jpg?v=1737671234&width=533
zoid,model_kit,Gundam Planet,retailer,us,HMM Zoids EZ-005 Redler BC,75.95,,,USD,New,https://www.gundamplanet.com/products/hmm-zoids-ez-005-redler-bc?_pos=167&_sid=25cfeb4df&_ss=r&_fid=cddcf324e,https://www.gundamplanet.com/cdn/shop/files/hmm-zoids-ez-005-redler-bc-gp2.jpg?v=1737726311&width=533
zoid,model_kit,Gundam Planet,retailer,us,HMM Zoids RZ-029 Storm Sworder,99.95,,,USD,New,https://www.gundamplanet.com/products/hmm-zoids-rz-029-storm-sworder?_pos=168&_sid=25cfeb4df&_ss=r&_fid=cddcf324e,https://www.gundamplanet.com/cdn/shop/files/hmm-zoids-rz-029-storm-sworder-00.jpg?v=1737669356&width=533
zoid,model_kit,Gundam Planet,retailer,us,HMM Zoids RZ-041 Liger Zero Panzer (Marking Plus Ver.),99.95,,,USD,New,https://www.gundamplanet.com/products/hmm-zoids-rz-041-liger-zero-panzer-marking-plus-ver?_pos=169&_sid=25cfeb4df&_ss=r&_fid=cddcf324e,https://www.gundamplanet.com/cdn/shop/files/hmm-zoids-rz-041-liger-zero-panzer-00_1.jpg?v=1737675170&width=533
zoid,model_kit,Gundam Planet,retailer,us,Zoids 1/72 Gun Sniper Leena Special 2001 Re/color,69.95,,,USD,New,https://www.gundamplanet.com/products/zoids-1-72-gun-sniper-leena-special-2001-re-color?_pos=170&_sid=25cfeb4df&_ss=r&_fid=cddcf324e,https://www.gundamplanet.com/cdn/shop/files/zoids-1-72-gun-sniper-leena-special-2001-re-base.jpg?v=1763767258&width=533
zoid,model_kit,Gundam Planet,retailer,us,HMM Zoids EZ-027 Rev Raptor Night Patrol,79.95,,,USD,New,https://www.gundamplanet.com/products/hmm-zoids-ez-027-rev-raptor-night-patrol?_pos=171&_sid=25cfeb4df&_ss=r&_fid=cddcf324e,https://www.gundamplanet.com/cdn/shop/files/hmm-zoids-ez-027-rev-raptor-night-patrol-gp.jpg?v=1737717894&width=533
zoid,model_kit,Gundam Planet,retailer,us,HMM Zoids EZ-017 Iguan,42.95,,,USD,New,https://www.gundamplanet.com/products/hmm-zoids-ez-017-iguan?_pos=172&_sid=25cfeb4df&_ss=r&_fid=cddcf324e,https://www.gundamplanet.com/cdn/shop/files/zd079r_iguan_gp.jpg?v=1737681496&width=533
zoid,model_kit,HLJ.com,retailer,,1/100 Realize Model Zoids RMZ-005 Molga Guylos Color,18.22,,,USD,New,https://www.hlj.com/1-100-scale-realize-model-zoids-rmz-005-molga-guylos-color-tkt93973,https://www.hlj.com/productthumbs/tkt/tkt93973_0_1725246607.jpg?v=1725246607
zoid,model_kit,HLJ.com,retailer,,1/100 Realize Model Zoids RMZ-004 Hell Cat Guylos Color,19.68,,,USD,New,https://www.hlj.com/1-100-scale-realize-model-zoids-rmz-004-hell-cat-guylos-color-tkt93970,https://www.hlj.com/productthumbs/tkt/tkt93970_0_1725246674.jpg?v=1725246674
zoid,model_kit,HLJ.com,retailer,,1/100 Realize Model Zoids RMZ-026 Gustav Moonbey Special Insect Type,49.56,,,USD,New,https://www.hlj.com/1-100-scale-realize-model-zoids-rmz-026-gustav-moonbey-special-insect-type-tkt09258,https://www.hlj.com/productthumbs/tkt/tkt09258_0_1788777638.jpg?v=1788777638
zoid,model_kit,HLJ.com,retailer,,1/35 SPIDER ZOIDS SPIDER-MAN Special,30.69,,,USD,New,https://www.hlj.com/1-35-scale-spider-zoids-spider-man-special-tkt94855,https://www.hlj.com/productthumbs/tkt/tkt94855_0_1725246605.jpg?v=1725246605
zoid,model_kit,HLJ.com,retailer,,1/72 Zoids LIGHTNING SAIX Irvine Special 2000 -Recolor-,62.68,,,USD,New,https://www.hlj.com/1-72-scale-zoids-lightning-saix-irvine-special-2000-recolor-kbyzd192,https://www.hlj.com/productthumbs/kby/kbyzd192_0_1765852832.jpg?v=1765852832
zoid,model_kit,HLJ.com,retailer,,1/72 Zoids: RZ-030 Gun Sniper W2 (Reissue),39.9,,,USD,New,https://www.hlj.com/1-72-scale-zoids-rz-030-gun-sniper-w2-reissue-kbyzd146x,https://www.hlj.com/productthumbs/kby/kbyzd146x_0_1712629231.jpg?v=1712629231
zoid,model_kit,HLJ.com,retailer,,1/100 Realize Model Zoids RMZ-007 Trinity Liger,43.73,,,USD,New,https://www.hlj.com/1-100-scale-realize-model-zoids-rmz-007-trinity-liger-tkt93968,https://www.hlj.com/productthumbs/tkt/tkt93968_0_1736829611.jpg?v=1736829611
zoid,model_kit,HLJ.com,retailer,,1/72 Zoids Iron Kong Schwarz Special 1999 -Recolor-,142.13,,,USD,New,https://www.hlj.com/1-72-scale-zoids-iron-kong-schwarz-special-1999-recolor-kbyzd195,https://www.hlj.com/productthumbs/kby/kbyzd195_0_1770690630.jpg?v=1770690630
zoid,model_kit,HLJ.com,retailer,,1/72 Zoids: EZ-006 Molga Full Option Set,47.38,,,USD,New,https://www.hlj.com/1-72-scale-zoids-ez-006-molga-full-option-set-kbyzd186,https://www.hlj.com/productthumbs/kby/kbyzd186_0_1733970608.jpg?v=1733970608
zoid,model_kit,HLJ.com,retailer,,1/72 Zoids AZ-13 Canory Molga Insect Type,40.09,,,USD,New,https://www.hlj.com/1-72-scale-zoids-az-13-canory-molga-insect-type-tkt09684,https://www.hlj.com/productthumbs/tkt/tkt09684_0_1759716015.jpg?v=1759716015
zoid,model_kit,HLJ.com,retailer,,1/35 SPIDER ZOIDS BLACK SPIDER-MAN Special,24.55,,,USD,New,https://www.hlj.com/1-35-scale-spider-zoids-black-spider-man-special-tkt95596,https://www.hlj.com/productthumbs/tkt/tkt95596_0_1725246682.jpg?v=1725246682
zoid,model_kit,HLJ.com,retailer,,Zoids D-Style Shield Liger [Clear Parts Append],21.87,,,USD,New,https://www.hlj.com/zoids-d-style-shield-liger-clear-parts-append-kbykp-871,https://www.hlj.com/productthumbs/kby/kbykp-871_0_1775529008.jpg?v=1775529008
zoid,model_kit,HLJ.com,retailer,,1/72 Zoids: EHI-7 Reddra Zenebus Empire Ver. (Reissue),46.03,,,USD,New,https://www.hlj.com/1-72-scale-zoids-ehi-7-reddra-zenebus-empire-ver-reissue-kbyzd152x,https://www.hlj.com/productthumbs/kby/kbyzd152x_0_1729737005.jpg?v=1729737005
zoid,model_kit,HLJ.com,retailer,,ZOIDS: Liger Zero Jager Marking Plus Ver. (Reissue),56.62,,,USD,New,https://www.hlj.com/zoids-liger-zero-jager-marking-plus-ver-reissue-kbyzd122r,https://www.hlj.com/productthumbs/kby/kbyzd122r_0_1738821628.jpg?v=1738821628
zoid,model_kit,HLJ.com,retailer,,1/72 Zoids: EZ-005 Redler Guyros Empire Ver. (Reissue),46.03,,,USD,New,https://www.hlj.com/1-72-scale-zoids-ez-005-redler-guyros-empire-ver-reissue-kbyzd153x,https://www.hlj.com/productthumbs/kby/kbyzd153x_0_1729737009.jpg?v=1729737009
zoid,model_kit,HLJ.com,retailer,,1/72 Zoids: RZ-014 Godos Marking Plus Ver. (Reissue),40.6,,,USD,New,https://www.hlj.com/1-72-scale-zoids-rz-014-godos-marking-plus-ver-reissue-kbyzd157x,https://www.hlj.com/productthumbs/kby/kbyzd157x_0_1729737012.jpg?v=1729737012
zoid,model_kit,HLJ.com,retailer,,ZOIDS: RZ-007 Shield Liger DCS-J (Reissue),55.24,,,USD,New,https://www.hlj.com/zoids-rz-007-shield-liger-dcs-j-reissue-kbyzd129r,https://www.hlj.com/productthumbs/kby/kbyzd129r_0_1738821606.jpg?v=1738821606
zoid,model_kit,HLJ.com,retailer,,1/72 Zoids: EPZ-003 Great Sabre Marking Plus Ver. (Reissue),52.17,,,USD,New,https://www.hlj.com/1-72-scale-zoids-epz-003-great-sabre-marking-plus-ver-reissue-kbyzd135r,https://www.hlj.com/productthumbs/kby/kbyzd135r_0_1747883415.jpg?v=1747883415
zoid,model_kit,HLJ.com,retailer,,1/35 Monster Hunter x Zoids Knuckle Kong Rajang,41.89,,,USD,New,https://www.hlj.com/1-35-scale-monster-hunter-x-zoids-knuckle-kong-rajang-tkt99519,https://www.hlj.com/productthumbs/tkt/tkt99519_0_1741077635.jpg?v=1741077635
zoid,model_kit,HLJ.com,retailer,,1/100 Realize Model Zoids RMZ-013 Shield Liger Bang Special,43.73,,,USD,New,https://www.hlj.com/1-100-scale-realize-model-zoids-rmz-013-shield-liger-bang-special-tkt99552,https://www.hlj.com/productthumbs/tkt/tkt99552_0_1754275269.jpg?v=1754275269
zoid,model_kit,HLJ.com,retailer,,1/35 Monster Hunter x Zoids Gatling Fox Mizutsune,35.91,,,USD,New,https://www.hlj.com/1-35-scale-monster-hunter-x-zoids-gatling-fox-mizutsune-tkt99520,https://www.hlj.com/productthumbs/tkt/tkt99520_0_1741078211.jpg?v=1741078211
zoid,model_kit,HLJ.com,retailer,,1/100 Realize Model Zoids RMZ-009 Iron Kong Guylos Color,60.76,,,USD,New,https://www.hlj.com/1-100-scale-realize-model-zoids-rmz-009-iron-kong-guylos-color-tkt93972,https://www.hlj.com/productthumbs/tkt/tkt93972_0_1743496224.jpg?v=1743496224
zoid,model_kit,HLJ.com,retailer,,1/100 Realize Model Zoids RMZ-006 Saber Tiger Schwalz Special,43.73,,,USD,New,https://www.hlj.com/1-100-scale-realize-model-zoids-rmz-006-saber-tiger-schwalz-special-tkt93971,https://www.hlj.com/productthumbs/tkt/tkt93971_0_1730456429.jpg?v=1730456429
zoid,model_kit,HLJ.com,retailer,,1/72 Zoids: Liger Zero Schneider Unit Marking Plus Ver. (Reissue),18.95,,,USD,New,https://www.hlj.com/1-72-scale-zoids-liger-zero-schneider-unit-marking-plus-ver-reissue-kbyzd143r,https://www.hlj.com/productthumbs/kby/kbyzd143r_0_1739848810.jpg?v=1739848810
zoid,model_kit,HLJ.com,retailer,,1/72 Zoids: LIGER ZERO PANZER UNIT MARKING PLUS Ver. (Reissue),20.95,,,USD,New,https://www.hlj.com/1-72-scale-zoids-liger-zero-panzer-unit-marking-plus-ver-reissue-kbyzd144r,https://www.hlj.com/productthumbs/kby/kbyzd144r_0_1743475812.jpg?v=1743475812
zoid,model_kit,HLJ.com,retailer,,1/72 Zoids: RZ-041 Liger Zero Schneider Marking Plus Ver. (Reissue),56.62,,,USD,New,https://www.hlj.com/1-72-scale-zoids-rz-041-liger-zero-schneider-marking-plus-ver-reissue-kbyzd123r,https://www.hlj.com/productthumbs/kby/kbyzd123r_0_1739848207.jpg?v=1739848207
zoid,model_kit,HLJ.com,retailer,,ZOIDS: Jager Unit Marking Plus Ver. For Liger Zero (Reissue),26.24,,,USD,New,https://www.hlj.com/zoids-jager-unit-marking-plus-ver-for-liger-zero-reissue-kbyzd147r,https://www.hlj.com/productthumbs/kby/kbyzd147r_0_1738822204.jpg?v=1738822204
zoid,model_kit,HLJ.com,retailer,,1/100 Realize Model Zoids RMZ-014 Red Horn Guylos Color Styracosaurus Type,43.73,,,USD,New,https://www.hlj.com/1-100-scale-realize-model-zoids-rmz-014-red-horn-guylos-color-styracosaurus-type-tkt93974,https://www.hlj.com/productthumbs/tkt/tkt93974_0_1759715458.jpg?v=1759715458
zoid,model_kit,HLJ.com,retailer,,1/100 Realize Model Zoids RMZ-015 Saber Tiger Raven Special Tiger Type,47.38,,,USD,New,https://www.hlj.com/1-100-scale-realize-model-zoids-rmz-015-saber-tiger-raven-special-tiger-type-tkt09253,https://www.hlj.com/productthumbs/tkt/tkt09253_0_1762228209.jpg?v=1762228209
zoid,model_kit,HLJ.com,retailer,,1/100 Realize Model Zoids RMZ-017 Command Wolf Urban Warfare Special Wolf Type,39.36,,,USD,New,https://www.hlj.com/1-100-scale-realize-model-zoids-rmz-017-command-wolf-urban-warfare-special-wolf-type-tkt91877,https://www.hlj.com/productthumbs/tkt/tkt91877_0_1768281622.jpg?v=1768281622
zoid,model_kit,HLJ.com,retailer,,Zoids Wild EX-Zero,23.02,,,USD,New,https://www.hlj.com/zoids-wild-ex-zero-hbj62542,https://www.hlj.com/productthumbs/hbj/hbj62542_0_1627644631.jpg?v=1627644631
zoid,model_kit,HLJ.com,retailer,,ZOIDS Dark Forces Invasion,21.92,,,USD,New,https://www.hlj.com/zoids-dark-forces-invasion-hbj60648,https://www.hlj.com/productthumbs/hbj/hbj60648_0.jpg?v=
zoid,model_kit,HLJ.com,retailer,,Zoids Concept Art III,21.92,,,USD,New,https://www.hlj.com/zoids-concept-art-iii-hbj60435,https://www.hlj.com/productthumbs/hbj/hbj60435_0.jpg?v=
zoid,other,HLJ.com,retailer,,Zoids Republic Decal Set 1,4.14,,,USD,New,https://www.hlj.com/zoids-republic-decal-set-1-wavpt-06,https://www.hlj.com/productthumbs/wav/wavpt-06.jpg?v=
zoid,other,HLJ.com,retailer,,Zoids Empire Decal Set 1,4.14,,,USD,New,https://www.hlj.com/zoids-empire-decal-set-1-wavpt-07,https://www.hlj.com/productthumbs/wav/wavpt-07.jpg?v=
zoid,model_kit,HLJ.com,retailer,,1/72 Zoids: RZ-028 Blade Liger AB (Reissue),55.24,,,USD,New,https://www.hlj.com/1-72-scale-zoids-rz-028-blade-liger-ab-reissue-kbyzd131r,https://www.hlj.com/productthumbs/kby/kbyzd131r_0_1739848827.jpg?v=1739848827
zoid,model_kit,HLJ.com,retailer,,1/72 Zoid: RZ-029 Storm Sworder (Reissue),70.59,,,USD,New,https://www.hlj.com/1-72-scale-zoid-rz-029-storm-sworder-reissue-kbyzd101y,https://www.hlj.com/productthumbs/kby/kbyzd101y_0_1720671621.jpg?v=1720671621
zoid,model_kit,HLJ.com,retailer,,Zoid Anthology High-end Master File,18.41,,,USD,New,https://www.hlj.com/zoid-anthology-high-end-master-file-hbj60881,https://www.hlj.com/productthumbs/hbj/hbj60881_0_1484513865.jpg?v=1484513865
zoid,model_kit,HLJ.com,retailer,,EZ-034 Geno Breaker Repackage Ver. (Reissue),70.43,,,USD,New,https://www.hlj.com/ez-034-geno-breaker-repackage-ver-reissue-kbyzd140x-2,https://www.hlj.com/productthumbs/kby/kbyzd140x-2_0_1738821623.jpg?v=1738821623
zoid,model_kit,Gundam Place Store,retailer,us,Zoids Highend Master Model RZ-029 Storm Sworder,112.99,,,USD,New,https://gundamplacestore.com/products/zoids-highend-master-model-rz-029-storm-sworder?q=zoids,https://cdn.shopify.com/s/files/1/0579/0095/7832/files/7ac24283-c0f3-484a-b5cd-878563eb3a7d.jpg?v=1683227765
zoid,model_kit,Gundam Place Store,retailer,us,Zoids Lightning Saix (Irvine Special) 2000 -Recolor-,69.99,,,USD,New,https://gundamplacestore.com/products/zoids-highend-master-model-ez-035-lightning-saix-marking-plus-ver-20-copy?q=zoids,https://cdn.shopify.com/s/files/1/0579/0095/7832/files/F05C3112-788B-4FB2-87EE-E34AB3461AB5.webp?v=1783455718
zoid,model_kit,Gundam Place Store,retailer,us,Zoids x Metamor Verse MV-01 Ao Kiriyama & Blade Liger 1/10 Scale Model Kit,119.99,,,USD,New,https://gundamplacestore.com/products/neon-genesis-evangelion-x-zoids-t-spark-xeno-rex-production-model-02-model-kit-copy?q=zoids,https://cdn.shopify.com/s/files/1/0579/0095/7832/files/CB964387-3230-4DBD-BD8F-97C3CE5C929E.webp?v=1777491377
zoid,model_kit,Gundam Place Store,retailer,us,Zoids Realize Model RMZ-012 Hell Cat Tirol 1/100 Scale Model Kit,44.99,,,USD,New,https://gundamplacestore.com/products/zoids-realize-model-rmz-012-hell-cat-tirol-1-100-scale-model-kit?q=zoids,https://cdn.shopify.com/s/files/1/0579/0095/7832/files/C2608C36-8B0F-460E-847B-E80EEA14F887.webp?v=1777493333
zoid,model_kit,Gundam Place Store,retailer,us,"Zoids Highend Master Model
EPZ-003 Great Saber
(Marking Plus Ver.) 1/72 Scale
Model Kit",94.99,,,USD,New,https://gundamplacestore.com/products/zoids-highend-master-model-epz-003-berserk-fuhrer-repackage-ver?q=zoids,https://cdn.shopify.com/s/files/1/0579/0095/7832/files/FA830B06-BF5F-499E-9286-04D59B60C00B.webp?v=1772055429
zoid,model_kit,Gundam Place Store,retailer,us,Zoids Advanced Zi AZ-12 Geno Breaker (Motorized Model) 1/72,159.99,,,USD,New,https://gundamplacestore.com/products/zoids-az-02ex2-ez-054-liger-zero-lion-type-empire-ver-motorized-model-1-72-copy?q=zoids,https://cdn.shopify.com/s/files/1/0579/0095/7832/files/BA448151-242B-4B71-87EF-DCC70AB0DA56.webp?v=1780430354
zoid,model_kit,Gundam Place Store,retailer,us,Zoids Realize Model RMZ-016 Blade Liger Panzer (ZBF) Lion Type 1/100 Scale Model Kit,71.99,,,USD,New,https://gundamplacestore.com/products/zoids-realize-model-rmz-016-blade-liger-panzer-zbf-lion-type-1-100-scale-model-kit?q=zoids,https://cdn.shopify.com/s/files/1/0579/0095/7832/files/54F2E078-FBAE-4F99-85AD-553C96C99F02.webp?v=1787595210
zoid,model_kit,Gundam Place Store,retailer,us,Zoids Highend Master Model RZ-002 Guysak 1/72 Scale Model Kit #061,54.99,,,USD,New,https://gundamplacestore.com/products/zoids-highend-master-model-rz-002-guysak-1-72-scale-model-kit?q=zoids,https://cdn.shopify.com/s/files/1/0579/0095/7832/files/1AC94B96-BCE0-49C4-AD13-0F6FC10666C5.webp?v=1726884135
zoid,model_kit,Gundam Place Store,retailer,us,Zoids Realize Model RMZ-014 Red Horn Styracosaurus Type 1/100 Scale Model Kit,54.99,,,USD,New,https://gundamplacestore.com/products/zoids-highend-master-model-017-ez-004-red-horn-marking-plus-ver-1-72-scale-model-kit-copy?q=zoids,https://cdn.shopify.com/s/files/1/0579/0095/7832/files/0914AE38-7C87-4C5E-8B56-9769A5AC7614.webp?v=1783832754
zoid,model_kit,Gundam Place Store,retailer,us,Zoids Highend Master Model EZ-054 Liger Zero X 1/72 Scale Model Kit,99.99,,,USD,New,https://gundamplacestore.com/products/zoids-highend-master-model-ez-054-liger-zero-x-1-72-scale-model-kit?q=zoids,https://cdn.shopify.com/s/files/1/0579/0095/7832/files/DE770B6A-AB6B-49E0-AC86-CF210E3FDD83.jpg?v=1769787856
zoid,model_kit,Gundam Place Store,retailer,us,Zoids Highend Master Model Iron Kong (Schwarz Special 1999 -Recolor- Ver.) 1/72 Scale Model Kit,159.99,,,USD,New,https://gundamplacestore.com/products/zoids-iron-kong-schwarz-sp?q=zoids,https://cdn.shopify.com/s/files/1/0579/0095/7832/files/A56BB626-DB8F-4582-A7DC-1B542A127002.webp?v=1788299116
zoid,model_kit,Gundam Place Store,retailer,us,Zoids Realize Model RMZ-015 Saber Tiger Raven Special Tiger Type 1/100 Scale Model Kit,48.99,,,USD,New,https://gundamplacestore.com/products/zoids-realize-model-rmz-015-saber-tiger-raven-special-tiger-type-1-100-scale-model-kit?q=zoids,https://cdn.shopify.com/s/files/1/0579/0095/7832/files/rn-image_picker_lib_temp_798ba2d0-1d98-46ea-a3a8-05844b85ad98.jpg?v=1787067055
zoid,model_kit,Gundam Place Store,retailer,us,Zoids AZ-08 EZ-006 Molga Insect Type (Motorized Model) 1/72,50.99,,,USD,New,https://gundamplacestore.com/products/zoids-az-08-ez-006-molga-insect-type-motorized-model-1-72?q=zoids,https://cdn.shopify.com/s/files/1/0579/0095/7832/files/a7e39463-0aa1-4bc7-a038-89b6e6d4d484.webp?v=1748639545
zoid,model_kit,Gundam Place Store,retailer,us,Zoids Adamas Machina AM-Z01EX Berserk Fury (Elementary Body) Model Kit,229.99,,,USD,New,https://gundamplacestore.com/products/zoids-advanced-zi-az-12-geno-breaker-1-72-scale-model-kit-copy?q=zoids,https://cdn.shopify.com/s/files/1/0579/0095/7832/files/66FE9756-B01F-4B28-9E00-6AE689004C3D.webp?v=1780430713
zoid,model_kit,Gundam Place Store,retailer,us,Zoids Highend Master Model #55 EZ-005 Redler (Guyros Empire Ver.)1/72 Scale Model Kit (Reissue),59.99,,,USD,New,https://gundamplacestore.com/products/copy-zoids-highend-master-model-rz-010-pteras-bomber-marking-plus-ver-1-72-scale-model-kit?q=zoids,https://cdn.shopify.com/s/files/1/0579/0095/7832/files/6D978AC1-4AE4-4F92-9BAA-C482BF4CB290.webp?v=1705512308
zoid,model_kit,Gundam Place Store,retailer,us,Zoids AZ-02EX2 EZ-054 Liger Zero Lion Type (Empire Ver.) [Motorized Model] 1/72,100.99,,,USD,New,https://gundamplacestore.com/products/zoids-az-02ex2-ez-054-liger-zero-lion-type-empire-ver-motorized-model-1-72?q=zoids,https://cdn.shopify.com/s/files/1/0579/0095/7832/files/original_5_62166b89-1344-4fc4-88e1-96327d984521.webp?v=1780081497
zoid,other,USA Gundam Store,retailer,us,CS532 Mr Color HMM Zoids Color Set,12.99,,,USD,New,https://www.usagundamstore.com/products/cs532-mr-color-hmm-zoids-color-set,https://cdn.shopify.com/s/files/1/0727/8355/products/gsi-creos-mr-hobby-cs532-mr-frame-hmm-zoids-republic-empire-color-set__57116_600x600.jpg?v=1759295716
zoid,model_kit,USA Gundam Store,retailer,us,Zoids Realize Model RMZ-025 Liger Zero Falcon (ZBF) 1/100 Scale Model Kit,79.99,,,USD,New,https://www.usagundamstore.com/products/zoids-realize-model-rmz-025-liger-zero-falcon-zbf-1-100-scale-model-kit,https://cdn.shopify.com/s/files/1/0727/8355/files/092551_outline_11_600x600.jpg?v=1785931359
zoid,model_kit,USA Gundam Store,retailer,us,Zoids Advanced Zi AZ-17DX Ultra Saurus Gravity Cannon (Deluxe Ver.) 1/72 Scale Weapon Set,399.99,,,USD,New,https://www.usagundamstore.com/products/zoids-realize-model-zoids-advanced-series-az-17dx-ultra-saurus-gravity-cannon-deluxe-version-1-72-scale-model-kit-copy,https://cdn.shopify.com/s/files/1/0727/8355/files/GN343_11_600x600.jpg?v=1783517229
zoid,model_kit,USA Gundam Store,retailer,us,Zoids Chaotic Century D-Style Command Wolf Irvine Special (Clear Parts Append) Model Kit,24.99,,,USD,New,https://www.usagundamstore.com/products/zoids-chaotic-century-d-style-command-wolf-irvine-special-clear-parts-append-model-kit,https://cdn.shopify.com/s/files/1/0727/8355/files/original_4_6c500efc-12a1-49b5-93e7-31620e427459_600x600.webp?v=1776958352
zoid,model_kit,USA Gundam Store,retailer,us,Zoids Realize Model RMZ-016 Blade Liger Panzer (ZBF) Lion Type 1/100 Scale Model Kit,71.99,,,USD,New,https://www.usagundamstore.com/products/zoids-realize-model-rmz-016-blade-liger-panther-zbf-1-100-scale-model-kit,https://cdn.shopify.com/s/files/1/0727/8355/files/dc00ee8c-0ecb-43db-919c-1c2cc3dc45a6_600x600.webp?v=1764952465
zoid,model_kit,USA Gundam Store,retailer,us,Zoids New Century Zero Highend Master Model RZ-030 Gun Sniper (Leena Special 2001 Re/color Ver.) 1/72 Scale Model Kit,59.99,,,USD,New,https://www.usagundamstore.com/products/zoids-highend-master-model-gun-sniper-leena-special-2001-re-color-1-72-scale-model-kit,https://cdn.shopify.com/s/files/1/0727/8355/files/90fd4abb-7b99-46b1-9839-9c0b97dd000e_600x600.jpg?v=1762451971
zoid,model_kit,USA Gundam Store,retailer,us,Zoids Chaotic Century D-Style Gustav Moonbay Special (Clear Parts Append) Model Kit,26.99,,,USD,New,https://www.usagundamstore.com/products/zoids-chaotic-century-d-style-gustav-moonbay-special-clear-parts-append-model-kit,https://cdn.shopify.com/s/files/1/0727/8355/files/768w_14_9bebf358-ec38-4096-80f1-74dea43e1520_600x600.webp?v=1779370805
zoid,model_kit,USA Gundam Store,retailer,us,Zoids x Monster Hunter Synergenex Wild Liger Zinogre Model Kit,58.99,,,USD,New,https://www.usagundamstore.com/products/zoids-x-monster-hunter-synergenex-series-wild-liger-zinogre-model-kit,https://cdn.shopify.com/s/files/1/0727/8355/files/GN322_9_600x600.jpg?v=1780664552
zoid,model_kit,USA Gundam Store,retailer,us,Zoids Chaotic Century D-Style Shield Liger (Clear Parts Append) Model Kit,24.99,,,USD,New,https://www.usagundamstore.com/products/zoids-chaotic-century-d-style-shield-liger-clear-parts-append-model-kit,https://cdn.shopify.com/s/files/1/0727/8355/files/768w-2026-04-07T093613.465_600x600.webp?v=1775568984
zoid,model_kit,USA Gundam Store,retailer,us,Zoids New Century Highend Master Model Dark Horn Harry Special (2001 Re/Color) 1/72 Scale Model Kit,129.99,,,USD,New,https://www.usagundamstore.com/products/zoids-new-century-highend-master-model-dark-horn-harry-special-2001-re-color-1-72-scale-model-kit,https://cdn.shopify.com/s/files/1/0727/8355/files/768w_12_c9efab77-0405-449d-bacc-511386f32517_600x600.webp?v=1783021978
zoid,model_kit,USA Gundam Store,retailer,us,Zoids Realize Model RMZ-023 Lightning Saix Irvine Special 1/100 Scale Model Kit,58.99,,,USD,New,https://www.usagundamstore.com/products/zoids-realize-model-rmz-023-lightning-saix-irvine-special-1-100-scale-model-kit,https://cdn.shopify.com/s/files/1/0727/8355/files/GN321_10_600x600.jpg?v=1780664078
zoid,model_kit,USA Gundam Store,retailer,us,Zoids Chaotic Century Highend Master Model Death Stinger Hiltz (Special 2000 - Recolor-) Model Kit,159.99,,,USD,New,https://www.usagundamstore.com/products/zoids-chaotic-century-highend-master-model-death-stinger-hiltz-special-2000-recolor-model-kit,https://cdn.shopify.com/s/files/1/0727/8355/files/ac225908-9b54-4261-9485-c8de3d12f3f2_600x600.webp?v=1771614137
zoid,model_kit,USA Gundam Store,retailer,us,Zoids Adamas Machina AM-Z02 Blade Liger Action Figure,294.99,,,USD,New,https://www.usagundamstore.com/products/zoids-adamas-machina-am-z02-blade-liger-action-figure,https://cdn.shopify.com/s/files/1/0727/8355/files/946632_outline_11_600x600.jpg?v=1785931742
zoid,model_kit,USA Gundam Store,retailer,us,Zoids x Monster Hunter Synergenex Wild Liger Stygian Zinogre Model Kit,58.99,,,USD,New,https://www.usagundamstore.com/products/zoids-x-monster-hunter-synergenex-series-wild-liger-stygian-zinogre-model-kit,https://cdn.shopify.com/s/files/1/0727/8355/files/GN323_9_600x600.jpg?v=1780664808
zoid,model_kit,USA Gundam Store,retailer,us,Zoids Chaotic Century Highend Master Model Storm Sworder (Ala Barone Special 2000 - Recolor-) 1/72 Scale Model Kit,85.99,,,USD,New,https://www.usagundamstore.com/products/zoids-chaotic-century-highend-master-model-storm-sworder-ala-barone-special-2000-recolor-1-72-scale-model-kit,https://cdn.shopify.com/s/files/1/0727/8355/files/b2cee152-bc21-4b17-acdd-8cd2fd919146_600x600.webp?v=1773927389
zoid,model_kit,USA Gundam Store,retailer,us,Zoids Realize Model RMZ-024 Storm Sworder 1/100 Scale Model Kit,56.99,,,USD,New,https://www.usagundamstore.com/products/zoids-realize-model-zoids-advanced-series-rmz-024-storm-sworder-1-100-scale-model-kit,https://cdn.shopify.com/s/files/1/0727/8355/files/GN330_10_600x600.jpg?v=1783517593
zoid,model_kit,USA Gundam Store,retailer,us,Zoids Advanced Zi AZ-17 Ultra Saurus 1/72 Scale Model Kit,299.99,,,USD,New,https://www.usagundamstore.com/products/zoids-realize-model-az-17-ultra-saurus-1-72-scale-model-kit,https://cdn.shopify.com/s/files/1/0727/8355/files/GN328_11_600x600.jpg?v=1783516813
zoid,model_kit,USA Gundam Store,retailer,us,Zoids x Monster Hunter Synergenex Series Knuckle Kong Rajang Model Kit,55.99,,,USD,New,https://www.usagundamstore.com/products/monster-hunter-x-zoids-knuckle-kong-rajang-1-35-scale-model-kit,https://cdn.shopify.com/s/files/1/0727/8355/files/8e95bc9c-4ab2-4997-b8ad-fbb02b0ada06_600x600.webp?v=1762287562
zoid,model_kit,USA Gundam Store,retailer,us,Zoids Advanced Zi AZ-16 Liger Zero Jager 1/72 Scale Model Kit,114.99,,,USD,New,https://www.usagundamstore.com/products/zoids-advanced-zi-az-16-liger-zero-jager-1-72-scale-model-kit,https://cdn.shopify.com/s/files/1/0727/8355/files/768w_2_0fefd03f-9f53-4752-85b2-ebe31cde4665_600x600.webp?v=1778691823
zoid,model_kit,USA Gundam Store,retailer,us,Zoids AZ-01 Blade Liger 1/72 Scale Model Kit,87.99,,,USD,New,https://www.usagundamstore.com/products/zoids-az-01-blade-liger-1-72-scale-model-kit,https://cdn.shopify.com/s/files/1/0727/8355/files/de4ef9b8-f6d1-4ffa-b573-d7cb47f438df_600x600.jpg?v=1762281953
zoid,model_kit,USA Gundam Store,retailer,us,Zoids Realize Model RMZ-011 Geno Saurer Raven Special 1/100 Scale Model Kit,59.99,,,USD,New,https://www.usagundamstore.com/products/zoids-realize-model-zoids-advanced-series-rmz-011-geno-saurer-raven-special-1-100-scale-model-kit,https://cdn.shopify.com/s/files/1/0727/8355/files/GN342_10_600x600.jpg?v=1783517486
zoid,model_kit,USA Gundam Store,retailer,us,Zoids Realize Model RMZ-022 Murasame Liger 1/100 Scale Model Kit,56.99,,,USD,New,https://www.usagundamstore.com/products/zoids-realize-model-rmz-022-murasame-liger-1-100-scale-model-kit,https://cdn.shopify.com/s/files/1/0727/8355/files/768w_1_1a170a51-7df4-466b-8c1e-115cb4598fc2_600x600.jpg?v=1778691764
zoid,model_kit,USA Gundam Store,retailer,us,Zoids x Metamor Verse MV-01A Ao Kiriyama &amp; Blade Liger (Dress Code #Scarlet) 1/10 Scale Model Kit,107.99,,,USD,New,https://www.usagundamstore.com/products/mv-01a-ao-kiriyama-blade-liger-dress-code-scarlet,https://cdn.shopify.com/s/files/1/0727/8355/files/1a9c1883-2108-48ff-88c2-3db218ec4554_600x600.webp?v=1773143999
zoid,model_kit,USA Gundam Store,retailer,us,Zoids Realize Model RMZ-020F Zabat Full Option Set 1/100 Scale Model Kit,47.99,,,USD,New,https://www.usagundamstore.com/products/zoids-realize-model-rmz-020f-zabat-full-option-set-1-100-scale-model-kit,https://cdn.shopify.com/s/files/1/0727/8355/files/2274f852-b77a-4564-9b9c-63308592ebc9_600x600.webp?v=1771303919
zoid,model_kit,USA Gundam Store,retailer,us,Zoids 2 Helic Republic vs. Guylos Empire Realize Model RMZ-018 Trinity Liger (Captured Color) 1/100 Scale Model Kit,47.99,,,USD,New,https://www.usagundamstore.com/products/zoids-2-helic-republic-vs-guylos-empire-realize-model-rmz-018-trinity-liger-captured-color-1-100-scale-model-kit,https://cdn.shopify.com/s/files/1/0727/8355/files/ff43fcd2-e65d-464f-b125-2674ca5049bf_600x600.webp?v=1771302966
zoid,model_kit,USA Gundam Store,retailer,us,Zoids Advanced Zi AZ-10EX Sea Panther (Guylos Specification Ver.) 1/72 Scale Model Kit,47.99,,,USD,New,https://www.usagundamstore.com/products/zoids-advanced-zi-az-10ex-sea-panther-guylos-specification-ver-1-72-scale-model-kit,https://cdn.shopify.com/s/files/1/0727/8355/files/121f321a-8184-4fb3-9479-6fc1e4476425_600x600.webp?v=1768420642
zoid,model_kit,USA Gundam Store,retailer,us,Zoids Highend Master Model RPZ-14 Salamander F2 1/72 Scale Model Kit,299.99,,,USD,New,https://www.usagundamstore.com/products/zoids-highend-master-model-rpz-14-salamander-f2-1-72-scale-model-kit,https://cdn.shopify.com/s/files/1/0727/8355/files/original_78_3741bc41-5492-40a4-af3a-673ed1196019_600x600.webp?v=1782400854
zoid,model_kit,USA Gundam Store,retailer,us,Zoids Realize Model RMZ-021 Shield Liger MK-2 1/100 Scale Model Kit,54.99,,,USD,New,https://www.usagundamstore.com/products/zoids-realize-model-rmz-021-shield-liger-mk-2-1-100-scale-model-kit,https://cdn.shopify.com/s/files/1/0727/8355/files/original-2026-04-03T133049.577_600x600.webp?v=1775237466
zoid,model_kit,USA Gundam Store,retailer,us,Zoids Realize Model RMZ-001 Blade Liger 1/100 Scale Model Kit,39.99,,,USD,New,https://www.usagundamstore.com/products/zoids-rmz-001-blade-liger-1-100-scale-model-kit,https://cdn.shopify.com/s/files/1/0727/8355/files/918752_11_000eb2ab-fdcf-4856-b5a2-9317ff219724_600x600.jpg?v=1762284328
zoid,model_kit,USA Gundam Store,retailer,us,Zoids Highend Master Model RZ-014 Godos (Marking Plus Ver.) 1/72 Scale Model Kit,41.29,,,USD,New,https://www.usagundamstore.com/products/zoids-highend-master-model-1-72-rz-014-godos-marking-plus-ver,https://cdn.shopify.com/s/files/1/0727/8355/products/cbac7f51-3efa-4129-b8bb-46c907b7b4fa_600x600.jpg?v=1762275382
zoid,model_kit,USA Gundam Store,retailer,us,1/72 ZOIDS EZ-027 RAVEN RAPTOR,55.99,,,USD,New,https://www.usagundamstore.com/products/1-72-zoids-ez-027-raven-raptor,https://cdn.shopify.com/s/files/1/0727/8355/products/kbyzd109_2_1_600x600.jpg?v=1762274538
zoid,model_kit,USA Gundam Store,retailer,us,Zoids x Patlabor Synergenex Fangriffon Model Kit,59.99,,,USD,New,https://www.usagundamstore.com/products/zoids-x-patlabor-synergenex-fangriffon-model-kit,https://cdn.shopify.com/s/files/1/0727/8355/files/GN331_10_600x600.jpg?v=1783525682
zoid,model_kit,USA Gundam Store,retailer,us,Zoids Advanced Zi AZ-15 Psycho Geno Saurer 1/72 Scale Model Kit,119.99,,,USD,New,https://www.usagundamstore.com/products/zoids-advanced-zi-az-15-psycho-geno-saurer-1-72-scale-model-kit,https://cdn.shopify.com/s/files/1/0727/8355/files/256625a2-04af-46c3-abeb-a5ef491208ac_600x600.webp?v=1771302654
zoid,model_kit,USA Gundam Store,retailer,us,Zoids Adamas Machina AM-Z01EX Berserk Fury (Elementary Body) Model Kit,226.99,,,USD,New,https://www.usagundamstore.com/products/zoids-adamas-machina-am-z01ex-berserk-fury-elementary-body-model-kit,https://cdn.shopify.com/s/files/1/0727/8355/files/e54f2598-aa17-4cf6-9544-6d9f86f803de_600x600.webp?v=1759944451
zoid,model_kit,USA Gundam Store,retailer,us,Zoids RMZ-007 Trinity Liger 1/100 Scale Model Kit,45.99,,,USD,New,https://www.usagundamstore.com/products/zoids-rmz-007-trinity-liger-1-100-scale-model-kit,https://cdn.shopify.com/s/files/1/0727/8355/files/8ec23d77-1cdb-45f9-a532-d607b9e62193_600x600.webp?v=1762286785
zoid,model_kit,USA Gundam Store,retailer,us,Zoids ADVANCED Zi AZ-06EX Phoenix Republic Ver. 1/72 Scale Exclusive Model Kit,44.99,,,USD,New,https://www.usagundamstore.com/products/zoids-az-06ex-phoenix-republic-ver-1-72-scale-model-kit,https://cdn.shopify.com/s/files/1/0727/8355/files/5e2f6b72-56a9-4b11-8702-a7fc558baf9b_600x600.webp?v=1762286329
zoid,model_kit,USA Gundam Store,retailer,us,Zoids Realize Model RMZ-026 Gustav Moonbey Special 1/100 Scale Model Kit,64.99,,,USD,New,https://www.usagundamstore.com/products/zoids-realize-model-rmz-026-gustav-moonbey-special-1-100-scale-model-kit,https://cdn.shopify.com/s/files/1/0727/8355/files/768w-2026-09-11T080112.877_600x600.webp?v=1789128110
zoid,model_kit,USA Gundam Store,retailer,us,Zoids Fine Graph RZ-028 Blade Liger (AB Bang Ver.) Frame,199.99,,,USD,New,https://www.usagundamstore.com/products/zoids-fine-graph-rz-028-blade-liger-ab-bang-ver-frame,https://cdn.shopify.com/s/files/1/0727/8355/files/GV220_CFG_BLADE_LIGER_AB_01_600x600.webp?v=1786105275
zoid,model_kit,USA Gundam Store,retailer,us,Zoids Realize Model RMZ-017 Command Wolf (Urban Warfare Special Ver.) 1/100 Scale Model Kit,47.99,,,USD,New,https://www.usagundamstore.com/products/zoids-realize-model-rmz-017-command-wolf-urban-warfare-special-ver-1-100-scale-model-kit,https://cdn.shopify.com/s/files/1/0727/8355/files/e3920dd7-f6b8-442d-8232-822188c50259_600x600.webp?v=1768420394
zoid,model_kit,USA Gundam Store,retailer,us,Zoids Advanced Zi AZ-03EX Murasame Liger (Original Color Ver.) 1/72 Scale Model Kit,103.99,,,USD,New,https://www.usagundamstore.com/products/zoids-advanced-zi-az-03ex-murasame-liger-original-color-1-72-scale-model-kit,https://cdn.shopify.com/s/files/1/0727/8355/files/734a6362-8ef7-4375-80c5-e30c278f6a12_600x600.webp?v=1764952513
zoid,model_kit,USA Gundam Store,retailer,us,Zoids Realize Model RMZ-004 Hellcat (Guylos Color Ver.) 1/100 Scale Model Kit,24.99,,,USD,New,https://www.usagundamstore.com/products/zoids-realize-model-rmz-004-hellcat-guylos-color-ver-1-100-scale-model-kit,https://cdn.shopify.com/s/files/1/0727/8355/files/083f7bce-ccd7-464e-af27-f23f2db44053_600x600.webp?v=1762285183
zoid,model_kit,USA Gundam Store,retailer,us,Zoids Highend Master Model EHI-7 Reddra Zenebus (Empire Ver.) 1/72 Scale Model Kit (Reissue),59.99,,,USD,New,https://www.usagundamstore.com/products/zoids-highend-master-model-ehi-7-reddra-zenebus-empire-ver-1-72-scale-model-kit,https://cdn.shopify.com/s/files/1/0727/8355/products/ff8f38f8-848c-4922-92df-cb059f1f0f83_600x600.jpg?v=1762278707
zoid,model_kit,USA Gundam Store,retailer,us,Zoids Advanced Zi AZ-17EX Ultra Saurus Gravity Cannon 1/72 Scale Weapon Set,99.99,,,USD,New,https://www.usagundamstore.com/products/zoids-realize-model-az-17ex-ultra-saurus-gravity-cannon-1-72-scale-model-kit,https://cdn.shopify.com/s/files/1/0727/8355/files/GN329_6_600x600.jpg?v=1783517081
zoid,model_kit,USA Gundam Store,retailer,us,Zoids Genesis Spark Fig Grande SF-G01 Kotona Elegance 1/7 Scale Figure,169.99,,,USD,New,https://www.usagundamstore.com/products/zoids-genesis-spark-fig-grande-sf-g01-kotona-elegance-1-7-scale-figure,https://cdn.shopify.com/s/files/1/0727/8355/files/768w_15_5486871c-076f-465b-ab63-1f79cad2e487_600x600.webp?v=1778699105
zoid,model_kit,USA Gundam Store,retailer,us,Zoids Advanced Zi AZ-02EX3 Liger Zero Type Zero Armor 1/72 Scale Armor Parts Set,20.99,,,USD,New,https://www.usagundamstore.com/products/zoids-advanced-zi-az-02ex3-liger-zero-type-zero-armor-1-72-scale-model-kit,https://cdn.shopify.com/s/files/1/0727/8355/files/768w_d7745d16-bff1-47df-af1c-76b1760a0497_600x600.webp?v=1778691903
zoid,model_kit,USA Gundam Store,retailer,us,Zoids Realize Model RMZ-020 Zabat 1/100 Scale Model Kit,32.99,,,USD,New,https://www.usagundamstore.com/products/zoids-realize-model-rmz-020-zabat-1-100-scale-model-kit,https://cdn.shopify.com/s/files/1/0727/8355/files/46e2fa82-c42d-4353-989c-4933f07e5570_600x600.webp?v=1771302790
zoid,model_kit,USA Gundam Store,retailer,us,Zoids Advanced Zi AZ-14EX Liger Zero X Unit 1/72 Scale Armor Parts Set,47.99,,,USD,New,https://www.usagundamstore.com/products/zoids-advanced-zi-az-14ex-liger-zero-x-unit-1-72-scale-armor-parts-set,https://cdn.shopify.com/s/files/1/0727/8355/files/14a632fb-405c-45ab-b4f0-913e349369be_600x600.webp?v=1771302510
zoid,model_kit,USA Gundam Store,retailer,us,Zoids Realize Model RMZ-006 Saber Tiger (Schwarz Special Ver.) 1/100 Scale Model Kit,49.99,,,USD,New,https://www.usagundamstore.com/products/zoids-realize-model-rmz-006-saber-tiger-schwarz-special-ver-1-100-scale-model-kit,https://cdn.shopify.com/s/files/1/0727/8355/files/9bddc768-2545-4605-82b1-0c477a7e6680_600x600.webp?v=1762285721
zoid,model_kit,USA Gundam Store,retailer,us,Zoids Highend Master Model EZ-005 Redler (Guyros Empire Ver.) 1/72 Scale Model Kit,59.99,,,USD,New,https://www.usagundamstore.com/products/zoids-highend-master-model-ez-005-redler-guyros-empire-ver-1-72-scale-model-kit,https://cdn.shopify.com/s/files/1/0727/8355/products/a728c2a0-7709-407a-9bd9-dae35edfc46b_600x600.jpg?v=1762278707
zoid,model_kit,USA Gundam Store,retailer,us,Zoids Highend Master Model EZ017 Iguan (Marking Plus Ver.) Model Kit,42.99,,,USD,New,https://www.usagundamstore.com/products/zoids-highend-master-model-ez017-iguan-marking-plus-ver-model-kit,https://cdn.shopify.com/s/files/1/0727/8355/products/c340b830-de85-48c8-afd6-683fd6b5d130_600x600.jpg?v=1762275596
zoid,model_kit,USA Gundam Store,retailer,us,Zoids Highend Master Model Customize Parts Pile Bunker Unit,10.99,,,USD,New,https://www.usagundamstore.com/products/zoids-highend-master-model-customize-parts-pile-bunker-unit,https://cdn.shopify.com/s/files/1/0727/8355/products/8c8f5943-5a08-4506-9a41-7199aa19a35f_600x600.jpg?v=1762274549
zoid,model_kit,USA Gundam Store,retailer,us,Zoids Advanced Zi AZ-16EX Liger Zero Jager (Unit Original Color) 1/72 Scale Armor Parts Set,41.99,,,USD,New,https://www.usagundamstore.com/products/zoids-advanced-zi-az-16ex-liger-zero-jager-unit-original-color-ver-1-72-scale-model-kit,https://cdn.shopify.com/s/files/1/0727/8355/files/768w_3_412877e1-d2d2-438f-8158-3799b3b5badc_600x600.webp?v=1778691867
zoid,model_kit,USA Gundam Store,retailer,us,Zoids Realize Model RMZ-019 Hell Cat &amp; Molga (Zenebus Color) 1/100 Scale Model Kit Set,42.99,,,USD,New,https://www.usagundamstore.com/products/zoids-realize-model-rmz-019-hell-cat-molga-zenebus-color-1-100-scale-model-kit-set,https://cdn.shopify.com/s/files/1/0727/8355/files/3945d973-f7cb-4bae-9f14-22d45ba9e832_600x600.webp?v=1771303743
zoid,model_kit,USA Gundam Store,retailer,us,Transformers x Zoids X Diaclone Synergenex Series Shield-D-Prime Action Figure,399.99,,,USD,New,https://www.usagundamstore.com/products/transformers-x-zoids-x-diaclone-synergenex-series-shield-d-prime-action-figure,https://cdn.shopify.com/s/files/1/0727/8355/files/68fdc646-bd79-4033-b94b-f7123e841c35_600x600.webp?v=1762288945
zoid,model_kit,USA Gundam Store,retailer,us,Zoids Realize Model RMZ-005 Molga (Guylos Color Ver.) 1/100 Scale Model Kit,22.99,,,USD,New,https://www.usagundamstore.com/products/zoids-realize-model-rmz-005-molga-guylos-color-ver-1-100-scale-model-kit,https://cdn.shopify.com/s/files/1/0727/8355/files/8a7445f1-b218-420c-a6d7-e5d791722f74_600x600.webp?v=1762285183
zoid,model_kit,USA Gundam Store,retailer,us,Zoids Highend Master Model EZ027 Rev Raptor (Night Patrol Ver.) 1/72 Scale Model Kit,79.99,,,USD,New,https://www.usagundamstore.com/products/zoids-highend-master-model-ez-027-rev-raptor-night-patrol,https://cdn.shopify.com/s/files/1/0727/8355/products/3f4f3d19-625b-441d-a873-28c7c31357cc_600x600.jpg?v=1762280041
zoid,model_kit,USA Gundam Store,retailer,us,Zoids Highend Master Model Changing Armor System Liger Zero X Unit (Empire Ver.) Model Kit,39.99,,,USD,New,https://www.usagundamstore.com/products/zoids-highend-master-model-changing-armor-system-liger-zero-x-unit-empire-ver-model-kit,https://cdn.shopify.com/s/files/1/0727/8355/products/94d1de33-8e0a-4d0b-8852-2a9e81470be1_600x600.jpg?v=1762274760
zoid,model_kit,Kotobukiya USA,retailer,us,ZOIDS CUSTOMIZE PARTS GOJULAS CANNON SET,53.99,,,USD,New,https://kotobukiya-us.com/products/190526052635,https://kotobukiya-us.com/cdn/shop/files/ZD100X_gojulascannonset_eye.jpg?v=1752726960&width=460
zoid,model_kit,Kotobukiya USA,retailer,us,EZ-005 REDLER GUYROS EMPIRE Ver.,59.99,,,USD,New,https://kotobukiya-us.com/products/190526063679,https://kotobukiya-us.com/cdn/shop/files/ZD153X_Redler_GuyrosEmpire_eye.jpg?v=1735173499&width=460
zoid,model_kit,Kotobukiya USA,retailer,us,ZOIDS CUSTOMIZE PARTS PILE BUNKER UNIT,14.99,,,USD,New,https://kotobukiya-us.com/products/190526008540,https://kotobukiya-us.com/cdn/shop/files/ZD110_CP_PilebunkerUnit_eye.jpg?v=1735173318&width=460
zoid,model_kit,Kotobukiya USA,retailer,us,RZ-013 BUSTER TORTOISE,49.99,,,USD,New,https://kotobukiya-us.com/products/190526056183,https://kotobukiya-us.com/cdn/shop/files/ZD025X_bustertortoise_eye.jpg?v=1735172496&width=460
zoid,model_kit,Kotobukiya USA,retailer,us,RZ-014 GODOS MARKING PLUS Ver.,49.99,,,USD,New,https://kotobukiya-us.com/products/190526039230,https://kotobukiya-us.com/cdn/shop/files/ZD157_godosMK_eye.jpg?v=1739150303&width=460
zoid,model_kit,Kotobukiya USA,retailer,us,RZ-028 BLADE LIGER AB,79.99,,,USD,New,https://kotobukiya-us.com/products/190526068537,https://kotobukiya-us.com/cdn/shop/files/ZD131R_bladeliger_AB_eye.jpg?v=1740470426&width=460
zoid,model_kit,Kotobukiya USA,retailer,us,EZ-027 REV RAPTOR,49.99,,,USD,New,https://kotobukiya-us.com/products/190526008557,https://kotobukiya-us.com/cdn/shop/files/ZD111_revraptor_eye.jpg?v=1735173380&width=460
zoid,model_kit,Kotobukiya USA,retailer,us,RZ-053 KÖNIG WOLF,119.99,,,USD,New,https://kotobukiya-us.com/products/190526013209,https://kotobukiya-us.com/cdn/shop/files/ZD112_KonigWolf_eye.jpg?v=1735173447&width=460
zoid,model_kit,Kotobukiya USA,retailer,us,RZ-013 CANNON TORTOISE Marking Plus Ver.,47.99,,,USD,New,https://kotobukiya-us.com/products/190526066441,https://kotobukiya-us.com/cdn/shop/files/ZD189_cannontortoise_mp_eye.jpg?v=1745456859&width=460
zoid,model_kit,Kotobukiya USA,retailer,us,RZ-007 SHIELD LIGER MARKING PLUS Ver.,59.99,,,USD,New,https://kotobukiya-us.com/products/190526042476,https://kotobukiya-us.com/cdn/shop/files/ZD159_ShieldLiger_eye.jpg?v=1735173685&width=460
zoid,model_kit,Kotobukiya USA,retailer,us,RZ-007 SHIELD LIGER DCS-J,77.99,,,USD,New,https://kotobukiya-us.com/products/190526068490,https://kotobukiya-us.com/cdn/shop/files/ZD129R_ShieldLiger_DCSJ_eye.jpg?v=1738808283&width=460
zoid,model_kit,Kotobukiya USA,retailer,us,EZ-006 MOLGA FULL OPTION SET,64.99,,,USD,New,https://kotobukiya-us.com/products/190526060357,https://kotobukiya-us.com/cdn/shop/files/ZD186_molga_fulloptionset_eye.jpg?v=1737619971&width=460
zoid,model_kit,Kotobukiya USA,retailer,us,EZ-054 LIGER ZERO X,88.99,,,USD,New,https://kotobukiya-us.com/products/190526068704,https://kotobukiya-us.com/cdn/shop/files/ZD107R_ligerzeroX_eye.jpg?v=1745456407&width=460
zoid,model_kit,Kotobukiya USA,retailer,us,EZ-036 DEATH STINGER,134.99,,,USD,New,https://kotobukiya-us.com/products/190526024144,https://kotobukiya-us.com/cdn/shop/files/ZD086R_deathstinger_eye.jpg?v=1735172545&width=460
zoid,model_kit,Kotobukiya USA,retailer,us,RZ-041 LIGER ZERO Marking Plus Ver.,65.99,,,USD,New,https://kotobukiya-us.com/products/190526067264,https://kotobukiya-us.com/cdn/shop/files/ZD121R_ligerzeroMP_eye.jpg?v=1737703163&width=460
zoid,model_kit,Kotobukiya USA,retailer,us,EZ-017 IGUAN MARKING PLUS Ver.,44.99,,,USD,New,https://kotobukiya-us.com/products/190526042445,https://kotobukiya-us.com/cdn/shop/files/ZD158_iguanMK_eye.jpg?v=1735173630&width=460
zoid,model_kit,Kotobukiya USA,retailer,us,Monster Hunter X Zoids Gatling Fox Mi...,56.99,,,USD,New,https://kotobukiya-us.com/products/190526070981,https://kotobukiya-us.com/cdn/shop/files/995203_eye.jpg?v=1742886442&width=460
zoid,model_kit,Kotobukiya USA,retailer,us,RZ-009 COMMAND WOLF AC & LC MARKING P...,69.99,,,USD,New,https://kotobukiya-us.com/products/190526060401,https://kotobukiya-us.com/cdn/shop/files/ZD187_commandwolf_ac_and_lc_mpver_eye.jpg?v=1738213936&width=460
zoid,model_kit,Kotobukiya USA,retailer,us,RZ-046 SHADOW FOX  MARKING PLUS Ver.,54.99,,,USD,New,https://kotobukiya-us.com/products/190526051638,https://kotobukiya-us.com/cdn/shop/files/ZD145X_ShadowFOX_Mplus_eye.jpg?v=1747638152&width=460
zoid,model_kit,Kotobukiya USA,retailer,us,RZ-041 LIGER ZERO SCHNEIDER Marking P...,80.99,,,USD,New,https://kotobukiya-us.com/products/190526068520,https://kotobukiya-us.com/cdn/shop/files/ZD123R_ligerzero_schneider_Mplus_eye.jpg?v=1740470321&width=460
zoid,model_kit,Kotobukiya USA,retailer,us,RZ-041 LIGER ZERO JAGER Marking Plus ...,80.99,,,USD,New,https://kotobukiya-us.com/products/190526068483,https://kotobukiya-us.com/cdn/shop/files/ZD122R_ligerzero_jagerMP_eye.jpg?v=1738808215&width=460
zoid,model_kit,Kotobukiya USA,retailer,us,RZ-041 LIGER ZERO PANZER Marking Plus...,84.99,,,USD,New,https://kotobukiya-us.com/products/190526068681,https://kotobukiya-us.com/cdn/shop/files/ZD124R_ligerzero_panzerMP_eye.jpg?v=1743066611&width=460
