category,product_type,site,site_type,title,price,shipping,pickup,currency,condition,url,image_url
gundam,model_kit,eBay,marketplace,Bandai Gundam Stardust Memory HGUC MS-06F Zaku II FZ HG 1/144 Model Kit USA,24.92,0.0,False,USD,New,https://www.ebay.com/itm/137620839610?_skw=gundam&hash=item200ad75cba:g:0J0AAeSwcZxqiNDH,https://i.ebayimg.com/images/g/0J0AAeSwcZxqiNDH/s-l225.jpg
gundam,cards,eBay,marketplace,Gundam TCG Wing Gundam Alt Art ST02-001 LR+,149.99,0.0,False,USD,Ungraded,https://www.ebay.com/itm/128038584935?_skw=gundam&hash=item1dcfb1c267:g:37sAAeSwwtVqiNQH,https://i.ebayimg.com/images/g/37sAAeSwwtVqiNQH/s-l225.jpg
gundam,model_kit,eBay,marketplace,"#128 Master Gundam & Fuunsaiki G Gundam, Bandai Hobby 1/144 HGFC",35.0,0.0,False,USD,New,https://www.ebay.com/itm/178251688945?_skw=gundam&hash=item2980a0ebf1:g:GAsAAeSwj-dqO~Ru,https://i.ebayimg.com/images/g/GAsAAeSwj-dqO~Ru/s-l225.jpg
gundam,cards,eBay,marketplace,Gundam Card Game GD05-097 Domon Kasshu Promo X 4 Illustration by Toyotar Japan,17.91,4.0,False,USD,Ungraded,https://www.ebay.com/itm/407160149071?_skw=gundam&hash=item5ecca2d44f:g:fR4AAeSwv9Nqh981,https://i.ebayimg.com/images/g/fR4AAeSwv9Nqh981/s-l225.jpg
gundam,model_kit,eBay,marketplace,"#6 Z'Gok Mobile Suit Gundam, Bandai Hobby HGUC 1/144",12.0,0.0,False,USD,New,https://www.ebay.com/itm/178251688855?_skw=gundam&hash=item2980a0eb97:g:eFEAAeSwBsFqO~It,https://i.ebayimg.com/images/g/eFEAAeSwBsFqO~It/s-l225.jpg
gundam,cards,eBay,marketplace,Gundam TCG GD01 Unicorn Gundam (Destroy Mode) GD01-002 LR+ Alternative Art,39.99,,False,USD,Ungraded,https://www.ebay.com/itm/117372221418?_skw=gundam&hash=item1b53edf7ea:g:pVkAAeSw5B5qiNK3,https://i.ebayimg.com/images/g/pVkAAeSw5B5qiNK3/s-l225.jpg
gundam,cards,eBay,marketplace,Buster Gundam LR+ GD01-046 English TCG Alternate Alt Art Foil Newtype Rising ,29.99,0.0,False,USD,Ungraded,https://www.ebay.com/itm/128038576776?_skw=gundam&hash=item1dcfb1a288:g:3tMAAeSw94NqiNEo,https://i.ebayimg.com/images/g/3tMAAeSw94NqiNEo/s-l225.jpg
gundam,cards,eBay,marketplace,Bandai Gundam Card Game Wing Gundam Zero GD01-024 LR,30.0,,False,USD,Ungraded,https://www.ebay.com/itm/318765286260?_skw=gundam&hash=item4a37e44374:g:F28AAeSw0BpqiNOd,https://i.ebayimg.com/images/g/F28AAeSw0BpqiNOd/s-l225.jpg
gundam,cards,eBay,marketplace,GUNDAM TCG FREEDOM ASCENSION GD05 BOOSTER BOX Factory Sealed 24 Packs English,209.95,0.0,False,USD,New/Factory Sealed,https://www.ebay.com/itm/168611055113?_skw=gundam&hash=item2742008609:g:v38AAeSweu9qfdB7,https://i.ebayimg.com/images/g/v38AAeSweu9qfdB7/s-l225.jpg
gundam,cards,eBay,marketplace,Gundam Card Game Freedom Ascension Booster Box GD05 BANDAI English *SHIPS NOW*,224.99,0.0,False,USD,New/Factory Sealed,https://www.ebay.com/itm/318735485830?_skw=gundam&hash=item4a361d8b86:g:q1AAAeSw86VqZo6m,https://i.ebayimg.com/images/g/q1AAAeSw86VqZo6m/s-l225.jpg
gundam,cards,eBay,marketplace,GUNDAM CCG Phantom Aria Booster Box GD04 BANDAI English Sealed Case Fresh,119.9,0.0,False,USD,New/Factory Sealed,https://www.ebay.com/itm/117361412940?_skw=gundam&hash=item1b53490b4c:g:hrQAAeSwKTRqgL60,https://i.ebayimg.com/images/g/hrQAAeSwKTRqgL60/s-l225.jpg
gundam,cards,eBay,marketplace,Presale Gundam Card Game ~ EX Base EXBP-033 Char & MSN-02 Zeong Promo Card 9/26,33.33,0.0,False,USD,Ungraded,https://www.ebay.com/itm/407149107183?_skw=gundam&hash=item5ecbfa57ef:g:8s0AAeSwvLhqgd4s,https://i.ebayimg.com/images/g/8s0AAeSwvLhqgd4s/s-l225.jpg
gundam,other,eBay,marketplace,V JUMP October 2026 Magazine with Gundam Dragon ball Yugioh All Promo Card,29.91,8.0,False,USD,Like New,https://www.ebay.com/itm/407159174789?_skw=gundam&hash=item5ecc93f685:g:AqQAAeSw1qNqh0Uh,https://i.ebayimg.com/images/g/AqQAAeSw1qNqh0Uh/s-l225.jpg
gundam,model_kit,eBay,marketplace,Gundam Seed Destiny Complete Collections I & II  Final Plus Bandai Anime Legends,100.0,,False,USD,Like New,https://www.ebay.com/itm/336754881362?_skw=gundam&hash=item4e6827b352:g:oUAAAeSwbr9qiLRl&amdata=enc%3AAQALAAAA4ACCtXRWQnOEpyOqnQQ8KGbDVM0X4Ncjh9Bups9gtG3bBsuhORY3ib4Zb3yQi4%2FTBdqkcTw%2FkIfit5nW4%2FVCxuVFC5jkaf20qVaeQiDwd%2FtRtuSPZxhGf53gFc3saut8e7yzXdILhsFGl%2F3R44Y0CB3MKVRnW%2FyjOgjpbDERWBEQVjSXja05ePL2RMDDuPf4U%2BpHshO2JZNSFu%2BIdzlxnZ8iYQqojHBEQPHDxP29N1w5imngCSTQ95djbZ0qPclS3L%2B7GmfwlnUxyk4i7nAaDgDGF%2BnCsY2AmB59%2FzIt9Am4,https://i.ebayimg.com/images/g/oUAAAeSwbr9qiLRl/s-l225.jpg
gundam,model_kit,eBay,marketplace,GUNDAM MS IN POCKET #09 1/144 SCALE BANDAI made in Japan 1993,28.99,15.75,False,USD,New,https://www.ebay.com/itm/188828551082?_skw=gundam&hash=item2bf70f07aa:g:1EMAAeSwPXdqiNFh&amdata=enc%3AAQALAAAA4ACCtXRWQnOEpyOqnQQ8KGbTncrKG5HXmfkgCjX0SAs4KtXbX6MHrbCsYwnPIW9Z2ab6zLTeqfR6Pd5EqS845WX3xn7vN2UJ77EiOGDue7bs3VzWRwNmmoP653%2BQlH1NEFO49ryWrcr%2FhFAzsnP45Xz6pi%2FFX9C9dx8escOcwBk%2BFfhJxxwelYohx2VXNbJYFdtNhy3JbtxKgUP3G%2F3A7aSzRpJHZ02NoHNnJjE%2BwttUq5GEPXxt1El51RK7Or81y18ngPm7%2FXFoFh%2Bk9avWnNCI11NI0vsmN9JSBY913wCz,https://i.ebayimg.com/images/g/1EMAAeSwPXdqiNFh/s-l225.jpg
gundam,model_kit,eBay,marketplace,Bandai Gundam MG 1/100 WD-M01 Turn A Gundam Unassembled,49.99,0.0,False,USD,New,https://www.ebay.com/itm/278302733394?_skw=gundam&hash=item40cc22b452:g:fogAAeSwvEZqiJeU&amdata=enc%3AAQALAAAA4ACCtXRWQnOEpyOqnQQ8KGb28qgiFj7VeHpY28yLwdSt8OHEX7%2B2S4F4%2BpY2U8wv68g0PyLqkc6fj7TpPHDzzxfXGZP1NkhivappRWiZg7LCwpUGTx2SjITTJkkbWDVz4RfpkJ%2BPEYFMW6OT0Ine94nPwZ1H7Qr0y8ioQEnMSQYohsjrRdo9Mn52tCFdsFQRK2SvyrRHOFkD%2FxuxNqJJQYs2pOxVaIfldnHT9BeLEHrDC89knK19dJkM3Gw8xZ3sWZ9aClVmP%2F1Y6JMmJiG2xIh%2FrCL%2FRR5ddTQN7JmskKdR,https://i.ebayimg.com/images/g/fogAAeSwvEZqiJeU/s-l225.jpg
gundam,model_kit,eBay,marketplace,Bandai Gundam Build Fighters Kampfer Amazing HG 1/144 Scale Model Kit,30.5,0.0,False,USD,New,https://www.ebay.com/itm/147504673954?_skw=gundam&hash=item2257f6b4a2:g:YhkAAeSwM6BqiMKr,https://i.ebayimg.com/images/g/YhkAAeSwM6BqiMKr/s-l225.jpg
gundam,cards,eBay,marketplace,Gundam Card Game Domon Kasshu GD005-097 V Jump Promo Toyotaro Japanese,19.99,0.0,False,USD,Ungraded,https://www.ebay.com/itm/168629344756?_skw=gundam&hash=item27431799f4:g:6QcAAeSwyIRqh7Uh,https://i.ebayimg.com/images/g/6QcAAeSwyIRqh7Uh/s-l225.jpg
gundam,cards,eBay,marketplace,Bandai V2 Gundam GD01-JOTLR Gundam Card Game Full Art Foil Unit ENG,15.0,,False,USD,Ungraded,https://www.ebay.com/itm/800542056034?_skw=gundam&hash=itemba64065e62:g:4w0AAeSw19lqf~s~,https://i.ebayimg.com/images/g/4w0AAeSw19lqf~s~/s-l225.jpg
gundam,model_kit,eBay,marketplace,HG 1/144 TR-1 Hazel II Titans Color Assembly Model Kit,26.99,0.0,False,USD,New,https://www.ebay.com/itm/128031804985?_skw=gundam&hash=item1dcf4a4e39:g:Vl8AAeSwR-1qg4on,https://i.ebayimg.com/images/g/Vl8AAeSwR-1qg4on/s-l225.jpg
gundam,model_kit,eBay,marketplace,"#269 Gouf Ignited (Heine Westenfluss Custom) Mobile Suit Gundam SEED DESTINY, B",34.0,0.0,False,USD,New,https://www.ebay.com/itm/178251688941?_skw=gundam&hash=item2980a0ebed:g:AqQAAeSwiRFqO~Gn,https://i.ebayimg.com/images/g/AqQAAeSwiRFqO~Gn/s-l225.jpg
gundam,cards,eBay,marketplace,Unicorn Gundam (Unicorn Mode) GD01-005 LR+ NM Gundam Card Game Newtype Rising,39.99,0.0,False,USD,Ungraded,https://www.ebay.com/itm/117372216526?_skw=gundam&hash=item1b53ede4ce:g:AO0AAeSwzf9qiM~O,https://i.ebayimg.com/images/g/AO0AAeSwzf9qiM~O/s-l225.jpg
gundam,cards,eBay,marketplace,Gundam Card Game Darkness Finger GD05-110 R Rare NM Master Gundam Command,3.0,,False,USD,Ungraded,https://www.ebay.com/itm/800546964022?_skw=gundam&hash=itemba64514236:g:f6EAAeSwhrBqgSLA,https://i.ebayimg.com/images/g/f6EAAeSwhrBqgSLA/s-l225.jpg
gundam,cards,eBay,marketplace,[NM] Battle of Aces R+ Gundam Card Game GD01-111 Newtype Rising,34.99,0.0,False,USD,Ungraded,https://www.ebay.com/itm/117372220518?_skw=gundam&hash=item1b53edf466:g:l5EAAeSwUjRqiNH~,https://i.ebayimg.com/images/g/l5EAAeSwUjRqiNH~/s-l225.jpg
gundam,cards,eBay,marketplace,Gundam Deathscythe  - GD01-025 NM - Gundam TCG Card Game,3.8,0.0,False,USD,Ungraded,https://www.ebay.com/itm/147467469427?_skw=gundam&hash=item2255bf0273:g:mXMAAeSwimlqaPjK,https://i.ebayimg.com/images/g/mXMAAeSwimlqaPjK/s-l225.jpg
gundam,model_kit,eBay,marketplace,"BAN2001365 Bandai MG MS-06J Zaku II Ground Type (Ver. 2.0) ""Gundam""",42.3,,False,USD,New,https://www.ebay.com/itm/206501617327?_skw=gundam&hash=item3014749eaf:g:hRUAAeSw-9FqhQpc,https://i.ebayimg.com/images/g/hRUAAeSw-9FqhQpc/s-l225.jpg
gundam,cards,eBay,marketplace,Gundam Card Game EX Base ~ EXBP-032 Amuro & Gundam Ace Promo Japanese PSL,33.33,0.0,False,USD,Ungraded,https://www.ebay.com/itm/407149095181?_skw=gundam&hash=item5ecbfa290d:g:lckAAeSwjRtqgd06,https://i.ebayimg.com/images/g/lckAAeSwjRtqgd06/s-l225.jpg
gundam,model_kit,eBay,marketplace,Gundam Sandrock EW Gundam Wing: Endless Waltz Bandai Hobby MG 1/100,48.0,0.0,False,USD,New,https://www.ebay.com/itm/128011804474?_skw=gundam&hash=item1dce191f3a:g:FRMAAeSwlDZqcvyh,https://i.ebayimg.com/images/g/FRMAAeSwlDZqcvyh/s-l225.jpg
gundam,model_kit,eBay,marketplace,Mobile Suit Zeta Gundam RMS-106 HiZACK HCM High Complete Model 18 Figure Banbai,49.0,17.75,False,USD,New,https://www.ebay.com/itm/188828535141?_skw=gundam&hash=item2bf70ec965:g:c9kAAeSwDqFqiM12&amdata=enc%3AAQALAAAA4ACCtXRWQnOEpyOqnQQ8KGYYY9eNN%2FkI7Yhe%2FdAjH9sSfVLOMoDxk2ZRFjZvhj0qDMSGhiYZn3z5wzHdD6tXMegymOYYL2WhoguiGbqkJufcRgrBqoQi6xsbBgJLy9zDzIZFKLhfsLNXa%2FJnykinsU0GqfRM8q1PnmLKbK3aV%2Bl56V4aZPUJNLNtgn00MFnw0uPLt80f6QMzswTKVnRUK2B00%2BUdm28rs6OO1KEsDy5zbX5AxUJ8Ug3%2FdsD0OywTgnGx4UwP%2FX4arRu6Df0%2FMOtNIGxHwiZIR9PXlCULRxtI,https://i.ebayimg.com/images/g/c9kAAeSwDqFqiM12/s-l225.jpg
gundam,cards,eBay,marketplace,US STOCK GUNDAM CARD GAME 2026 Chinese New Year Red Pocket Promo SEALED EXRP-014,24.99,0.0,False,USD,New,https://www.ebay.com/itm/206099667027?_skw=gundam&hash=item2ffc7f5853:g:xEoAAeSwdAxpoiCP&amdata=enc%3AAQALAAAA4ACCtXRWQnOEpyOqnQQ8KGZy5mx79cG%2FxgduiaBqaIS%2BGVr0Thtf0zyEz8UYbH%2F0gBTNENv4hzy681ivIk0tGa%2F9oOQUfgARK3Kim9VT33bWSJGx4QiZq%2FIJJO3eVN3qYGvAKwhZhsSPNy7R49k%2FDhOws9AVWtSlJQ8KD%2BUaRip%2B9lm0wbz3Y%2Fr3q3NbOjY4JHXd70K1ilKStrphtd43nItMSNpa9PCH%2BJcXLJMH4B8tKiVjWwlqCh2GpKo64jV9D9F4VLp8%2FBqljspi78%2B29m5%2BRvymbuEND2u6J%2BNWy6V8,https://i.ebayimg.com/images/g/xEoAAeSwdAxpoiCP/s-l225.jpg
gundam,model_kit,eBay,marketplace,Changlong MGEX 1/100 Strike Freedom (Midnight Coating) - Model Kit Figure Gift,118.8,29.99,False,USD,New,https://www.ebay.com/itm/236478262201?_skw=gundam&hash=item370f33ebb9:g:rooAAeSwMA5pHsqX&amdata=enc%3AAQALAAAA4ACCtXRWQnOEpyOqnQQ8KGbYqIUjmh%2FhtsTcnWyDa%2FZWcw2%2FpGakUTJIcd3mFSKB3H%2BNwc7%2B8SSKkhc9JZe%2B3xJixXVLWDe%2Bv8BXYgb69WmmiVXGFsd9GU5AWTva3DfNwuE4k27FOZym5%2Fh0Ecgwm5tYw4Qwx9nB8UR%2Fz%2F3FMmH5A%2Bj2pYTfgTrTYQREu0KewVxvELsSZNWRh0crO1L7Q4RPMXibbGCsBD9h%2BwuIhIFVq28XCZP1DmN406ULa7MBqQbe5nsDLIRbOUukkjaS4163BIm6U%2BX0E1r6KCdbq2%2Bw,https://i.ebayimg.com/images/g/rooAAeSwMA5pHsqX/s-l225.jpg
gundam,model_kit,eBay,marketplace,Mg Cherry Blossom Freedom 2.0 Magic Change 1/100 With Cherry Blossom Water Stick,59.99,0.0,False,USD,New,https://www.ebay.com/itm/406988244944?_skw=gundam&hash=item5ec263c7d0:g:ygUAAeSwvfVqKFPt&amdata=enc%3AAQALAAAA4ACCtXRWQnOEpyOqnQQ8KGYguBetB4YyHRbfuxR03o0SD8nx1E%2F%2BUMAZ9b62ukUkQsk0fCVXUtp8wKbeQ4i8LVd0ERwLS2Wv6bfXIvl08xa9c3leojDiIxO%2BCInaVFuiXJebkbjXs65CpAHfKhlmxdJF9r1JqUpnwAVJG%2BMgJAUEkqNbA%2FcdVzyx9A04ZhUPg%2BWDI2HWMhh8CdyK2grflaa0UX14wTDJ5Z8c4ZOp5vpAZ%2Fk3NUb0NbmgLguIWfeHgFzTjj3mWngMkRZ0T0MnbIieLvMb5Vo4vR10M6s%2FEliV,https://i.ebayimg.com/images/g/ygUAAeSwvfVqKFPt/s-l225.jpg
gundam,cards,eBay,marketplace,Gundam Card Game Official Card Sleeves 02 Set of 4 New Japan,57.0,0.0,False,USD,New,https://www.ebay.com/itm/137602119648?_skw=gundam&hash=item2009b9b7e0:g:Z4YAAeSwCsZqeIUt,https://i.ebayimg.com/images/g/Z4YAAeSwCsZqeIUt/s-l225.jpg
gundam,model_kit,eBay,marketplace,Bandai Hobby HGAC #211 OZ-06MS Leo HG 1/144 Scale Model Kit USA Seller,23.95,0.0,False,USD,New,https://www.ebay.com/itm/137621375942?_skw=gundam&hash=item200adf8bc6:g:gukAAeSwLBFqiBgA,https://i.ebayimg.com/images/g/gukAAeSwLBFqiBgA/s-l225.jpg
gundam,model_kit,eBay,marketplace,2025 Gundam Newtype Rising Gundam Pharact R+ Alternate Art GD01-071 NM,14.99,0.0,False,USD,Ungraded,https://www.ebay.com/itm/117372222663?_skw=gundam&hash=item1b53edfcc7:g:CUUAAeSwe-pqiNMw,https://i.ebayimg.com/images/g/CUUAAeSwe-pqiNMw/s-l225.jpg
gundam,model_kit,eBay,marketplace,Bandai #28 Tallgeese RG 1/144 Model Kit - US Fast Ship,39.95,0.0,False,USD,New,https://www.ebay.com/itm/175653540965?_skw=gundam&hash=item28e5c45465:g:r3IAAOSwI-JkE3La,https://i.ebayimg.com/images/g/r3IAAOSwI-JkE3La/s-l225.jpg
gundam,model_kit,eBay,marketplace,Bandai Hobby Gundam 00 Gundam Exia Repair II HG 1/144 Model Kit USA Seller,22.89,0.0,False,USD,New,https://www.ebay.com/itm/147474099562?_skw=gundam&hash=item2256242d6a:g:xdcAAeSwkNxqdojS,https://i.ebayimg.com/images/g/xdcAAeSwkNxqdojS/s-l225.jpg
gundam,model_kit,eBay,marketplace,HG 1/144 Gundam FSD w/ Prototype Long Beam Rifle Base Limited Exclusive Kit NEW ,59.99,14.99,False,USD,New,https://www.ebay.com/itm/307139676461?_skw=gundam&hash=item4782f3892d:g:MNAAAeSw5RdqiKlg,https://i.ebayimg.com/images/g/MNAAAeSw5RdqiKlg/s-l225.jpg
gundam,model_kit,eBay,marketplace,Bandai Mobile Suit Gundam Wing Hero Collection 7-Figures Pilots Set Toy W 2002,39.9,25.6,False,USD,New,https://www.ebay.com/itm/115920289497?_skw=gundam&hash=item1afd633ed9:g:eWsAAOSwnNBXYP-M&amdata=enc%3AAQALAAAA4ACCtXRWQnOEpyOqnQQ8KGbrMuQjozEQ%2Fbg%2F5XtTmAPsPwu%2Ff7Hk8qL8Urx9JlYqoQQjdOBWjH0%2BTbzMPDP22jf9OUm%2B7kvtYrzlWZzR3pOSQIHmzW4uN40gyCppf2Zpf755kTiohNvXWo6E0HZoRsl%2BZSeHPggjTxs3dvRGMFCMUYTwjWI3qZeNvjGvn1dQMb3LbIoAPNZ2pK4Kn0%2FfT5N7HnrsWErCO14tcleZQXajLTLTrExvkafaIjKs4xf4H%2FP1bpwnsV%2Ft5DsgDd2R%2Bfxu5ucc3l0tjC4u7mXkfNw5,https://i.ebayimg.com/images/g/eWsAAOSwnNBXYP-M/s-l225.jpg
gundam,model_kit,eBay,marketplace,HGUC 1/144 Pale Rider Cavalry Plastic Assembly Model Kit Collectible,24.65,0.0,False,USD,New,https://www.ebay.com/itm/820015457698?_skw=gundam&hash=itembeecbae5a2:g:V2IAAeSw5rdqg2qa&amdata=enc%3AAQALAAAA4ACCtXRWQnOEpyOqnQQ8KGbUZm5zSneboV7NxKu6TtkOhvQp7ErOrQOUT%2BUJ1%2Fck9dkYDO7ElyzF5aLfWmQb8WDMajyDHvxHJ4loEQvy3fRN4XN2S62mbfEeYWlyaZFS7NK9z5kpkizC8SPyYNWvVmnDrZ3E10QhslOR%2BFww17mh%2BJPCTnt6VwGWPU30wZ14L4mi0NB%2FXrF2xp3xJD5tHV4t9r%2FQAM%2FmH5t23Yf%2BwQG%2BZldQk6UM%2BvQG4JoIAwsiLLug2%2FqXORUxRz6WvnDlXtIEU7cWvke%2FGhZQXsRVfb2w,https://i.ebayimg.com/images/g/V2IAAeSw5rdqg2qa/s-l225.jpg
gundam,model_kit,eBay,marketplace,RG 1/144 RX-78-2 Gundam RG 1/144 MS-06S Zaku II Hatsune Miku Ver. Set of 2,170.0,0.0,False,USD,New,https://www.ebay.com/itm/227364928600?_skw=gundam&hash=item34f0017c58:g:V70AAeSwrWBqGwuX,https://i.ebayimg.com/images/g/V70AAeSwrWBqGwuX/s-l225.jpg
gundam,model_kit,eBay,marketplace,Bandai Gundam UC Gouf Ignited (Heine Westenfluss Custom) HG 1/144 Model Kit,39.18,0.0,False,USD,New,https://www.ebay.com/itm/147504789111?_skw=gundam&hash=item2257f87677:g:1q8AAeSwau1qiNDD,https://i.ebayimg.com/images/g/1q8AAeSwau1qiNDD/s-l225.jpg
gundam,model_kit,eBay,marketplace,"#19 Char's Z'Gok Mobile Suit Gundam, Bandai Hobby HGUC 1/144",12.0,0.0,False,USD,New,https://www.ebay.com/itm/178251688883?_skw=gundam&hash=item2980a0ebb3:g:dFMAAeSwlmBqO~Ii,https://i.ebayimg.com/images/g/dFMAAeSwlmBqO~Ii/s-l225.jpg
gundam,model_kit,eBay,marketplace,Bandai Gundam Hyaku-Shiki Ver. 2.0 MG 1/100 Model Kit USA Seller,84.95,0.0,False,USD,New,https://www.ebay.com/itm/137461374030?_skw=gundam&hash=item2001561c4e:g:dy8AAeSwVzdqiL2b,https://i.ebayimg.com/images/g/dy8AAeSwVzdqiL2b/s-l225.jpg
gundam,model_kit,eBay,marketplace,Bandai Hobby MG 1/100 GUNNER ZAKU WARRIOR  LUNAMARIA HAWKE CUSTOM,75.0,0.0,False,USD,New,https://www.ebay.com/itm/287468366033?_skw=gundam&hash=item42ee7328d1:g:XIYAAeSw0ZZqWlhh,https://i.ebayimg.com/images/g/XIYAAeSw0ZZqWlhh/s-l225.jpg
gundam,model_kit,eBay,marketplace,Bandai G-Gundam GOD GUNDAM RG 1/144 Model Kit USA Seller,45.95,0.0,False,USD,New,https://www.ebay.com/itm/137549333057?_skw=gundam&hash=item2006944241:g:U8UAAeSwhthqg~gU,https://i.ebayimg.com/images/g/U8UAAeSwhthqg~gU/s-l225.jpg
gundam,cards,eBay,marketplace,GUNDAM TCG- GUNDAM BARBATOS ADAPT-GD03-056-R-FOIL,8.99,1.25,False,USD,Ungraded,https://www.ebay.com/itm/366620502232?_skw=gundam&hash=item555c48e8d8:g:0SQAAeSw3B1qiELw,https://i.ebayimg.com/images/g/0SQAAeSw3B1qiELw/s-l225.jpg
gundam,cards,eBay,marketplace,(PRESALE) Gundam TCG 1st Anniversary Set - ENGLISH ORDER CONFIRMED,399.99,0.0,False,USD,New/Factory Sealed,https://www.ebay.com/itm/278293863192?_skw=gundam&hash=item40cb9b5b18:g:PW4AAeSwEU1qhOfA,https://i.ebayimg.com/images/g/PW4AAeSwEU1qhOfA/s-l225.jpg
gundam,cards,eBay,marketplace,2x Gundam Card Game Freedom Ascension GD05-050 Gundam Exia Repair Base LR,5.99,,False,USD,New,https://www.ebay.com/itm/407149899054?_skw=gundam&hash=item5ecc066d2e:g:tdgAAeSwC~Zqb2Bk&amdata=enc%3AAQALAAAA4ACCtXRWQnOEpyOqnQQ8KGY3CkWNo0BK6f5t9jVrRFSpgQxhd8ONM5nnCORz70v%2B32NEMcNyo4AcPlpNh4bSNhCgx4o%2FdupabQyFgp%2BEtVNGGOac7Ufq1lf8Zk44yGuwcwfLPHzeYE1eyJ%2FCI0lg1%2BIwStAf5SqOhBxV1xQo3YdwXYArSbgPxNliPBjf9k4EE3HS1kbi3ZXJJEzTHa5Q2FaMftwLRrCtkTUw4tAwQnuObPH9HxQNdr7bNwYzxTqfAqBjOjovrqd53GaEpsHnxTTxsenlpr9bbRNZX2YQf2yH,https://i.ebayimg.com/images/g/tdgAAeSwC~Zqb2Bk/s-l225.jpg
gundam,model_kit,eBay,marketplace,BANDAI HCM-19 Rick Diaz RMS-099 Mobile Suit Z Gundam 1/144 Scale U.S. Seller,75.0,15.0,False,USD,New,https://www.ebay.com/itm/188828515363?_skw=gundam&hash=item2bf70e7c23:g:T~8AAeSww45qiMgM&amdata=enc%3AAQALAAAA4ACCtXRWQnOEpyOqnQQ8KGbh%2BhILHgoIL6koQyouKZScJ93H%2BOq6aMktYkvXX3utIrC8boNsnp6qcwi0afI5MZ7J8DsGT3krwXVSEtlOkYZfjBpw4xUUrw1VTsC7ThRPxjuEdYmDyxlW1hCUcYsHBlg557TQmduVkpdEEZo2MXD9RRF2g66MdrybJyEf6JC1wqXeYMKEe1EYNv7ZE84iEZcgzwv7ji4Fn%2FUzFfGAg2IgE9IrqeFYEt3qZJt0ZI%2FHz%2B956HK9rylgPcbakaPfGdIN3wGcxD5vgfy6le8dsJFT,https://i.ebayimg.com/images/g/T~8AAeSww45qiMgM/s-l225.jpg
gundam,model_kit,eBay,marketplace,BANDAI HCM-19 Rick Diaz RMS-099 Mobile Suit Z Gundam 1/144 Scale U.S. Seller,75.0,15.0,False,USD,New,https://www.ebay.com/itm/188828515363?_skw=gundam&hash=item2bf70e7c23:g:T~8AAeSww45qiMgM&amdata=enc%3AAQALAAAA4ACCtXRWQnOEpyOqnQQ8KGbh%2BhILHgoIL6koQyouKZScJ93H%2BOq6aMktYkvXX3utIrC8boNsnp6qcwi0afI5MZ7J8DsGT3krwXVSEtlOkYZfjBpw4xUUrw1VTsC7ThRPxjuEdYmDyxlW1hCUcYsHBlg46sl8pIwN4c2XhJ2YvLxXWHEMP0t58ybX5nMq1%2FStv7akFIZEC%2F%2Bx0VSLfZOnRyyqW7TdfvZ0G8Bpu1TntymjRm32WblJpcdYdYWDZ%2B%2FUCD4aPkqoEej40JgZT%2FzjLJIhVcqALxNKtyKwZg7Ywpid,https://i.ebayimg.com/images/g/T~8AAeSww45qiMgM/s-l225.jpg
gundam,cards,eBay,marketplace,Shining Gundam Super Mode R+ GD05-088 Gundam Card Game Freedom Ascension NM Foil,30.0,,False,USD,Ungraded,https://www.ebay.com/itm/366621320943?_skw=gundam&hash=item555c5566ef:g:yjwAAeSw94NqiM5p&amdata=enc%3AAQALAAAA4ACCtXRWQnOEpyOqnQQ8KGYU2aKL4q5KFWw0vVAeC8lIhsbBnCbDuQU%2B11P2RENE2dVvNTKMniQKcxogRMOr6QsFmiua0LUh8Dx4EjfNI3Q9uM9zOzuoRuKJ9XppOviWC%2BrDh9Am2fcbQoPgiKpvTMssiTppdoIyjtyiaQrBqwmakTLv7oi%2Fi0YtCvOhFqaricwCmoLMsYPExURJjsgp7wPGNO3hAIDfgE6W8eikcTlSkpmEX1noTa7L4%2FdcMJg7yFzbL9DM41wn9BC6cDZFvM2PgCibkydI%2F4RBVcf%2FJvyz,https://i.ebayimg.com/images/g/yjwAAeSw94NqiM5p/s-l225.jpg
gundam,cards,eBay,marketplace,Lacus Clyne First Anniversary Gundam TCG Playmat  - Deskmat,40.0,5.0,False,USD,New,https://www.ebay.com/itm/307125000061?_skw=gundam&hash=item478213977d:g:hoAAAeSwO2lqfgkj&amdata=enc%3AAQALAAAA4ACCtXRWQnOEpyOqnQQ8KGZubq87KJq%2FfOyHU2taArsc2mB8iNMr3413e4TTlnPT8DTHFev1Y1fHWWjud2HzJztboWQLgYVEgs96fM2NBfQqkeSv6tO47%2BjxK0VwXuF%2BWtYuM%2Fo2xDtcJh8a1A%2BYUVHzrjK%2BmIb%2FMMDsnNYIFXL0Yl1fCqsb6VdCV1nnSulhs%2BZJA0Sv9eomsQFwtC5%2Bz6MrL8Es2DEbadtTcnDytHNo9LDazSKqgUiqOupMgcRrYAcKEb%2BF68GshV4nVBNdcfIzQgDHmlGqdBMicNdwLPc7,https://i.ebayimg.com/images/g/hoAAAeSwO2lqfgkj/s-l225.jpg
gundam,model_kit,eBay,marketplace,1/144 HG Southern Cross Zaku High Mobility Wald Leader Model Kit PB,23.65,0.0,False,USD,New,https://www.ebay.com/itm/178397668965?_skw=gundam&hash=item2989546665:g:FHUAAeSwtH5qe6Ma&amdata=enc%3AAQALAAAA4ACCtXRWQnOEpyOqnQQ8KGbhMo2uYhd21ssun%2FyvgMRaomkpnsKavzQ%2FGWFFpQBNWZX2%2BM3dkeSEU2M4MYiBRhM5YRsy5hZOAMGOh1fQtmRSYfyXESnI10hGcwLSVt5%2B8qAjtB%2B5sngevbMx5%2B7HhiUVShkFWha82ZpjlI434Noeel%2BHtHVyHLZthlRG0hyFAR7G1yWMfMwjcXNpX1fzA8yrKBatEKdSm%2Fmq7nrth6uosyPlTEq28qBn4MJMUVi64A1a%2FSCNlge%2Bv2V84LrZKcp65EpuOvu%2FnrvhGYGlZP9x,https://i.ebayimg.com/images/g/FHUAAeSwtH5qe6Ma/s-l225.jpg
gundam,cards,eBay,marketplace,17 Gundam Card Game Store Tournament Participation Pack 04 English Sealed,60.0,5.58,False,USD,New/Factory Sealed,https://www.ebay.com/itm/327321325109?_skw=gundam&hash=item4c35df0e35:g:hqEAAeSwXeFqiNCq,https://i.ebayimg.com/images/g/hqEAAeSwXeFqiNCq/s-l225.jpg
gundam,cards,eBay,marketplace,Gundam Card Game Store Tournament Kit 2026 Vol. 2 (GD 26-②) - New Sealed English,24.99,0.0,False,USD,New/Factory Sealed,https://www.ebay.com/itm/800488852271?_skw=gundam&hash=itemba60da8b2f:g:n9IAAeSwB7tqenjZ,https://i.ebayimg.com/images/g/n9IAAeSwB7tqenjZ/s-l225.jpg
gundam,model_kit,eBay,marketplace,Bandai HG Strike Noir Gundam,19.99,5.99,False,USD,New,https://www.ebay.com/itm/198512677862?_skw=gundam&hash=item2e384713e6:g:vOAAAeSwAzZqW~Cz,https://i.ebayimg.com/images/g/vOAAAeSwAzZqW~Cz/s-l225.jpg
gundam,cards,eBay,marketplace,EX Resource Custom G Fighter Rain/Allenby - Gundam TCG,9.25,6.0,False,USD,Ungraded,https://www.ebay.com/itm/257659431519?_skw=gundam&hash=item3bfdb2ea5f:g:fYMAAeSwYwRqcPV6,https://i.ebayimg.com/images/g/fYMAAeSwYwRqcPV6/s-l225.jpg
gundam,model_kit,eBay,marketplace,Bandai Hobby HGCC #177 Turn A Gundam HG 1/144 Model Kit USA Seller,19.95,0.0,False,USD,New,https://www.ebay.com/itm/147447355782?_skw=gundam&hash=item22548c1986:g:bHEAAeSwskFqiKXB,https://i.ebayimg.com/images/g/bHEAAeSwskFqiKXB/s-l225.jpg
gundam,model_kit,eBay,marketplace,Bandai G-Gundam GOD GUNDAM RG 1/144 Model Kit USA Seller,45.95,0.0,False,USD,New,https://www.ebay.com/itm/137549333057?_skw=gundam&hash=item2006944241:g:U8UAAeSwhthqg~gU,https://i.ebayimg.com/images/g/U8UAAeSwhthqg~gU/s-l225.jpg
gundam,cards,eBay,marketplace,Gundam Card Game: Card Case Set with Dice Case [EVX09] Japanese New,229.0,28.0,False,USD,New,https://www.ebay.com/itm/198565711172?_skw=gundam&hash=item2e3b704d44:g:gTAAAeSwjSBqfGSr,https://i.ebayimg.com/images/g/gTAAAeSwjSBqfGSr/s-l225.jpg
gundam,model_kit,eBay,marketplace,Bandai HG 1/144 Gundam Gusion,16.99,5.99,False,USD,New,https://www.ebay.com/itm/198579026316?_skw=gundam&hash=item2e3c3b798c:g:cn8AAeSwNRJqiMX2,https://i.ebayimg.com/images/g/cn8AAeSwNRJqiMX2/s-l225.jpg
gundam,model_kit,eBay,marketplace,BAN2535355 Bandai SD-EX Standard Hello Kitty & RX-78-2 Gundam 'Gundam',25.2,,False,USD,New,https://www.ebay.com/itm/198514999088?_skw=gundam&hash=item2e386a7f30:g:tfUAAeSwzDRqaOmK,https://i.ebayimg.com/images/g/tfUAAeSwzDRqaOmK/s-l225.jpg
gundam,model_kit,eBay,marketplace,HG 1/144 GAT-X105 Mobile Suit Assembly Action Figure Model 6610B 7-Eleven Colors,16.99,0.0,False,USD,New,https://www.ebay.com/itm/398101593829?_skw=gundam&hash=item5cb0b43ee5:g:YeIAAeSwX61qO5kJ&amdata=enc%3AAQALAAAA4ACCtXRWQnOEpyOqnQQ8KGZsenMC87K0TI6P87ivf0e5cwZDaUWYRPisEVvSNU5vNmEUbSzz2D5hE%2BiaeUFYvrxaeyi%2BLmOr%2BIvnctJH--Wv8WdUBSDy07XBIHGzX3IH4vcsh%2B7sQxszqNtNB11YKoy7%2FhYYno3MtJRS3CSTOVEeyCnKTviJEOFfqCCbFg%2FUXGI6jcyCp7U9NRDIytT4BCfKWTUQaWUGmKM6UbCczQsVvlO97Fbj7NOfhTdI5wlV0v6YUSRmgdyXa43q5l8x8PY%2FH09CW7YJqNhFjIPIl%2BMi,https://i.ebayimg.com/images/g/YeIAAeSwX61qO5kJ/s-l225.jpg
gundam,model_kit,eBay,marketplace,Mg Cherry Blossom Freedom 2.0 Magic Change 1/100 With Cherry Blossom Water Stick,21.4,0.0,False,USD,New,https://www.ebay.com/itm/206472729761?_skw=gundam&hash=item3012bbd4a1:g:dSAAAeSwP~VqdfMD&amdata=enc%3AAQALAAAA4ACCtXRWQnOEpyOqnQQ8KGaZU%2FhBHJ%2Bov2FOw%2B%2BVovDJmM3jAceOfe%2FtACsvLo5%2Bmd7R5ELdUyUyxrduXLaaiaHylHWxwGrO6gIDWgoOepjeDdivxOJqRoGyHEdtR5OH8gmSAbeZPdr2XO2%2Bt6vxURzh%2BFzwLFbJoWY0tXZOUOlzA7xE%2BU7vZIkJKuN5oHZnsyAxn2zarsikmoHmWVDVp8hU3mSGpAHDx4JEztKAfBYKtB99BwwlTgSWPAPQ6CjcSDcZiTrOZJgk2GUU3fKsL6B8xQRYI%2BK%2BQp8zTVk6K41y,https://i.ebayimg.com/images/g/dSAAAeSwP~VqdfMD/s-l225.jpg
gundam,model_kit,eBay,marketplace,HG 1/144 MS-07H-8 Gouf Flight Type Model Kit Anime Action Figure Toy Gift,29.9,0.0,False,USD,New,https://www.ebay.com/itm/389966307054?_skw=gundam&hash=item5acbcd9eee:g:wuQAAeSwI-5p9lHJ&amdata=enc%3AAQALAAAA4ACCtXRWQnOEpyOqnQQ8KGad3ZpiaSeR1G1%2FltR8Yn6LCibbPz9KXTeQJ0VIt11csO8m81%2BJNs2zM3X2c%2BJjdAUogYte2P5oXdJpjkNT2bRdq1kALhxWL3D0C5mmCG3lQIXwykFTNx7bnNWrO2Q5vrvqUkgibwv22HKcAzIh2Yq2Cn6EAQ4g%2FjpnEO--Uljl0%2B7UBsaNzk2dYPdeQYy9Dh7DUvRgC1nDUJOERPoCxBFOmd%2F4LBJ%2FZBygx3s1vsQBhM4fjn7Z2LaAtjunTnYf4IR%2FXBUDKfVKk7fMagUbHlco,https://i.ebayimg.com/images/g/wuQAAeSwI-5p9lHJ/s-l225.jpg
gundam,cards,eBay,marketplace,EX Base Custom Rain RW - Gundam TCG,10.25,6.0,False,USD,Ungraded,https://www.ebay.com/itm/257625804257?_skw=gundam&hash=item3bfbb1cde1:g:AHYAAeSwRo9qYeip,https://i.ebayimg.com/images/g/AHYAAeSwRo9qYeip/s-l225.jpg
gundam,model_kit,eBay,marketplace,"#7 Union Flag Graham Custom Gundam 00, Bandai Hobby HG 00",16.0,0.0,False,USD,New,https://www.ebay.com/itm/188555189087?_skw=gundam&hash=item2be6c3db5f:g:YBkAAeSwA8BqO~IZ,https://i.ebayimg.com/images/g/YBkAAeSwA8BqO~IZ/s-l225.jpg
gundam,model_kit,eBay,marketplace,HG 1/144 Red Comet Zaku Gundam Model Kit Assembly Action Figure Collectible Toy,13.99,0.0,False,USD,New,https://www.ebay.com/itm/366434240113?_skw=gundam&hash=item55512ec671:g:VmoAAeSwkuZqFQ1u,https://i.ebayimg.com/images/g/VmoAAeSwkuZqFQ1u/s-l225.jpg
gundam,cards,eBay,marketplace,Domon Kasshu R GD05-097 Promo V Jump Freedom Ascension Gundam Card Game Japanese,9.99,0.0,False,USD,Ungraded,https://www.ebay.com/itm/398310756292?_skw=gundam&hash=item5cbd2bcfc4:g:u0kAAeSwpEtqiA6V,https://i.ebayimg.com/images/g/u0kAAeSwpEtqiA6V/s-l225.jpg
gundam,model_kit,eBay,marketplace,BAN2156349 Bandai MG Gundam AGE-2 Normal 'Gundam AGE',35.99,0.0,False,USD,New,https://www.ebay.com/itm/117307586146?_skw=gundam&hash=item1b5013b662:g:M0MAAeSw-1dqWmU0,https://i.ebayimg.com/images/g/M0MAAeSw-1dqWmU0/s-l225.jpg
gundam,cards,eBay,marketplace,Gundam TCG Card Game Dual Impact GD02-003 R+ Gundam Mk-II Titans Alt Art Rare,12.99,0.0,False,USD,Ungraded,https://www.ebay.com/itm/128038544263?_skw=gundam&hash=item1dcfb12387:g:d2QAAeSwtwVqiMmU,https://i.ebayimg.com/images/g/d2QAAeSwtwVqiMmU/s-l225.jpg
gundam,model_kit,eBay,marketplace,"Lunamaria Hawke ""Mobile Suit Gundam SEED FREEDOM"", Bandai Figure-Rise Standard",40.0,0.0,False,USD,New,https://www.ebay.com/itm/176395835539?_skw=gundam&hash=item291202d893:g:dfYAAeSwt5tqO~Gn,https://i.ebayimg.com/images/g/dfYAAeSwt5tqO~Gn/s-l225.jpg
gundam,model_kit,eBay,marketplace,Bandai Spirits Gundam Hathaway's Flash HGUC Messer F-1 HG 1/144 Model Kit USA,38.95,0.0,False,USD,New,https://www.ebay.com/itm/147459028566?_skw=gundam&hash=item22553e3656:g:1HgAAeSw9KNqh6zP,https://i.ebayimg.com/images/g/1HgAAeSw9KNqh6zP/s-l225.jpg
gundam,model_kit,eBay,marketplace,Bandai Hobby Gundam MS-06F Zaku II RG 1/144 Model Kit USA Seller,38.02,0.0,False,USD,New,https://www.ebay.com/itm/137576181708?_skw=gundam&hash=item20082defcc:g:zK8AAeSwu3Zqh~-o,https://i.ebayimg.com/images/g/zK8AAeSwu3Zqh~-o/s-l225.jpg
gundam,cards,eBay,marketplace,Gundam Card Game Newtype Rising Bulk Lot Packs (at Least 30 Cards) C/U/R,6.0,1.5,False,USD,Used,https://www.ebay.com/itm/168616759453?_skw=gundam&hash=item274257909d:g:47oAAeSwhrBqgQkU,https://i.ebayimg.com/images/g/47oAAeSwhrBqgQkU/s-l225.jpg
gundam,model_kit,eBay,marketplace,Freedom Gundam Resource (R-008) (C+) - Newtype Rising (GD01),19.99,,False,USD,Ungraded,https://www.ebay.com/itm/188809563725?_skw=gundam&hash=item2bf5ed4e4d:g:-t4AAeSw9fJqg8pq,https://i.ebayimg.com/images/g/-t4AAeSw9fJqg8pq/s-l225.jpg
gundam,model_kit,eBay,marketplace,"Bandai 1/100 Builders Parts HD MS Vernier #01 ""Gundam"" Plastic Model Kit",4.9,2.99,False,USD,New,https://www.ebay.com/itm/127557536937?_skw=gundam&hash=item1db3058ca9:g:LZ0AAeSwy85prcZL,https://i.ebayimg.com/images/g/LZ0AAeSwy85prcZL/s-l225.jpg
gundam,model_kit,eBay,marketplace,HGUC 1/144 MS-08TX/N Efreet Nacht,20.99,0.0,False,USD,New,https://www.ebay.com/itm/406988314291?_skw=gundam&hash=item5ec264d6b3:g:-4YAAeSwIihqKFn3&amdata=enc%3AAQALAAAA4ACCtXRWQnOEpyOqnQQ8KGbPBDLgvpfVqERnhcCmKalGE1ad6P5Df%2BjSXibjsh6DMTzkLDzd5Y5UFTsOt%2B4WUUfq%2FoLTAA4nSHC53gNy7FXb9IChSzotZo388%2Fqg9k%2FRvmNSqIslgbw0SmMgZxnpJ%2F993al4c4CB4e%2FD898TtAO6L%2BTLg7Xum5ol9VTK120CtIpxKELoRtcrq%2FV9u8%2FAhXEt0HmfEw3dUj88LOzQUCrx05FFLctA2HaQqNdkRwWKNTxAymP87MCyjIs97j%2FJ%2BKQ%2BNJOJHPiMF9%2B%2F2sTaCcyk,https://i.ebayimg.com/images/g/-4YAAeSwIihqKFn3/s-l225.jpg
gundam,model_kit,eBay,marketplace,"GUNDAM ON A SHAKA HEAVYWEIGHT GARMET DYED T SHIRT ""MODERN""",36.0,5.99,False,USD,New without tags,https://www.ebay.com/itm/168048964597?_skw=gundam&hash=item27207fb3f5:g:e~8AAeSwPWlpVsbN&amdata=enc%3AAQALAAAA4ACCtXRWQnOEpyOqnQQ8KGaWxMSXnPduv1rTbZXp7jee%2B050R7hwMLaNvDzyLlJXA3E8P%2BsvKRTLpbNcykWbgIFbt7uyKSrS4%2BlbCHcXkgtLCZEtXW8qeKkBHL%2FX6LGssex57onKoO95qDj1w38GK61ULHaQGrx%2FuvfS%2BPPyPB5rF03q79Kv3yDHs01K3oNXKo5p%2BuGnxqCMSYVx%2FL4v%2BLk0PSDijE828Us9MAvOTXxw9j8U%2FIJt1wXk5RBheI5a9kD7Omjc1EuSFCBtlqFMzGA8BAMRCQCLmeoPK1LPS%2Bar,https://i.ebayimg.com/images/g/e~8AAeSwPWlpVsbN/s-l225.jpg
gundam,model_kit,eBay,marketplace,HG 1/144 GTO MS-06C-6/R6 Zaku II Type C-6 Mecha Model Kit Figure Toy Gift Robots,17.99,0.0,False,USD,New,https://www.ebay.com/itm/236819433301?_skw=gundam&hash=item372389c755:g:FFEAAeSwkB5qCBOj&amdata=enc%3AAQALAAAA4ACCtXRWQnOEpyOqnQQ8KGb4FdVrI3w0FL1L%2FJUY999B4rMS4yP2Zyhuf4NcZyu7zYhefaxtnNQH8Sojjp3rtb6Vk%2FTKVvDwJ8LQYPcN8nfAufO%2BG8tMMZW4Y8UNQoAoeTZlRH8YRjZO4WrtWSnBTPCSMjC9XuO18WlSwyqCAckchHTJmKE%2BBIEKwuBIdbnIKCb4aGUfRiCQHSdK%2FJCIxcSTZM6y0mvnkFGgcNy6waePQ6k1FzneToNGthM%2BFow60INxDzJRjA9xQqhobf2ZNwheAETcWLYpTNzhuj8N0lL1,https://i.ebayimg.com/images/g/FFEAAeSwkB5qCBOj/s-l225.jpg
gundam,model_kit,eBay,marketplace,HG 1/144 GTO Morocco GM RGM-79 Double Cannon Advanced Model Action Figure Toy,18.9,0.0,False,USD,New,https://www.ebay.com/itm/358578170777?_skw=gundam&hash=item537cecab99:g:eDgAAeSwXBNqDg~3&amdata=enc%3AAQALAAAA4ACCtXRWQnOEpyOqnQQ8KGbaERYqMIWBoM4z00oCPii5OS3olhi5%2BRF1CI44v4eprlRm%2BRk3KlhF%2F3DE%2FSNbYsj20Ys9VAdiKwmq3RDGe9kr0a5pKnDOZGxMMv%2FkKfbk30ltNaHrYPqZdRUnFIz9GOv4S4qHzm5FT8ftMs0iFzQz0Rt9MerYs6fEgShF0FW4%2BrrVZ8rNmuOnzfzRanC1P0ts2qRM%2BBxMkBKLcxxEFB8toqGpgfJ35n06GOlcO91Oj53PbpquwhGs6mMQCTkxbp8E3dKilfy6G5m5Am4VgdO7,https://i.ebayimg.com/images/g/eDgAAeSwXBNqDg~3/s-l225.jpg
gundam,model_kit,eBay,marketplace,HG 1/144 Gundam Build fighters Rick-do Gyanko Premium Bandai Online Limited,55.0,0.0,False,USD,New,https://www.ebay.com/itm/227474305796?_skw=gundam&hash=item34f6867304:g:1h8AAeSwUURqKuLe,https://i.ebayimg.com/images/g/1h8AAeSwUURqKuLe/s-l225.jpg
gundam,model_kit,eBay,marketplace,"#15 Gundam Exia ""Gundam 00"", Bandai  Hobby RG 1/144 Model Kit",31.0,0.0,False,USD,New,https://www.ebay.com/itm/127882168567?_skw=gundam&hash=item1dc65f08f7:g:w8QAAeSwwatqEqgn,https://i.ebayimg.com/images/g/w8QAAeSwwatqEqgn/s-l225.jpg
gundam,model_kit,eBay,marketplace,Bandai Spirits HGAC Gundam Deathscythe HG 1/144 Model Kit USA Seller,30.24,0.0,False,USD,New,https://www.ebay.com/itm/137592741262?_skw=gundam&hash=item20092a9d8e:g:XtQAAeSwh3NqiKee,https://i.ebayimg.com/images/g/XtQAAeSwh3NqiKee/s-l225.jpg
gundam,model_kit,eBay,marketplace,"Gundam Barbatos Gundam IBO, Bandai Hobby MG 1/100",61.0,0.0,False,USD,New,https://www.ebay.com/itm/188555189299?_skw=gundam&hash=item2be6c3dc33:g:Z90AAeSwArRqO~F4,https://i.ebayimg.com/images/g/Z90AAeSwArRqO~F4/s-l225.jpg
gundam,model_kit,eBay,marketplace,Bandai Hobby HGUC #102 AMS-129 Geara Zulu 1/144 Gundam Plactic Model,54.0,0.0,False,USD,New,https://www.ebay.com/itm/147520525266?_skw=gundam&hash=item2258e893d2:g:MzwAAeSwYtNqiNEj,https://i.ebayimg.com/images/g/MzwAAeSwYtNqiNEj/s-l225.jpg
gundam,model_kit,eBay,marketplace,Mobile Suit Gundam G-Frame FA The 08th MS Team (Individual Selection),36.0,,False,USD,New,https://www.ebay.com/itm/307128733934?_skw=gundam&hash=item47824c90ee:g:4LQAAeSwCQJqgQS4,https://i.ebayimg.com/images/g/4LQAAeSwCQJqgQS4/s-l225.jpg
gundam,model_kit,eBay,marketplace,for MG 1/100 Barbatos IBO ACE Model Metal+Plastic Replacement Repair Parts Set,34.83,0.0,False,USD,New,https://www.ebay.com/itm/355387857588?_skw=gundam&hash=item52bec45ab4:g:ZlAAAOSwP2llp-Pe&amdata=enc%3AAQALAAAA4ACCtXRWQnOEpyOqnQQ8KGYhBroLEDPtX%2BoWnmxUylZH9OLawY8oQimII%2BDBwQfAiDEUECZYuWuLBIHsUAmcqkZP9wbo9fZAHHZcg7TK7XDEmW1CHCWwCSimTOv66HJhfDBYaVCPdQ4mtDsf6fd8d%2FmWS%2BZqrjdTBOG7Xq8%2FCr%2FOUHejQtJdSY67mSR50akkRaGuXW6hdE5efMErf00KWG%2BzSFKUhT7uCjPhVDO0%2BhhfgbneLvRy3w0oAhdjTzdVqcKkQmq34GWH0YuFK6gcElH6wHns42qky0xtFLobK6A%2F,https://i.ebayimg.com/images/g/ZlAAAOSwP2llp-Pe/s-l225.jpg
gundam,model_kit,eBay,marketplace,Bandai Hobby Aile Strike Gundam Real Grade RG 1/144 Scale Model Kit USA Seller,35.95,0.0,False,USD,New,https://www.ebay.com/itm/137568080784?_skw=gundam&hash=item2007b25390:g:QV0AAeSweY5qh4Qi&amdata=enc%3AAQALAAAA4ACCtXRWQnOEpyOqnQQ8KGYKNZvLy4CwLfHlxEk3l2w0RWB5bFTptHDTP7quwbp%2BZVZXNvIoVaq8owES2OwWJsH0l97LR%2B2bSxBnOOQTEQYJYB0PXTSHfvKnPFqI7QS%2FcSp6cjLJcwpuNEUg7jBuaEPPD%2FXGEg85%2F7X8ZE%2FGN2Urv1AVBU5iehgFsjsE1RnjXSVIdVHdU1ZQH8K6awgWVKoduXd2P6HQx4iV6JHe8IyrQPE89O1wbvluTRK1q3dFIa0h3t%2F3zQdKwVpwx%2FnMWGfk3HnnzRQYGK5JycaVmm8A,https://i.ebayimg.com/images/g/QV0AAeSweY5qh4Qi/s-l225.jpg
gundam,model_kit,eBay,marketplace,"#1 Gundam Exia Gundam 00, Bandai Hobby HG 00",18.0,0.0,False,USD,New,https://www.ebay.com/itm/187571438526?_skw=gundam&hash=item2bac2103be:g:KQcAAeSwBO5qO~Hh,https://i.ebayimg.com/images/g/KQcAAeSwBO5qO~Hh/s-l225.jpg
gundam,model_kit,eBay,marketplace,Bandai 1/144 Gunpla Option Parts Set #11: Smoothbore Gun for Barbatos Gundam,4.41,2.99,False,USD,New,https://www.ebay.com/itm/404953417636?_skw=gundam&hash=item5e491ac7a4:g:mVoAAeSwcxBprbD~,https://i.ebayimg.com/images/g/mVoAAeSwcxBprbD~/s-l225.jpg
gundam,model_kit,eBay,marketplace,"#26 Gundam Calibarn The Witch from Mercury, Bandai Hobby HG 1/144",24.0,0.0,False,USD,New,https://www.ebay.com/itm/188555189079?_skw=gundam&hash=item2be6c3db57:g:ag4AAeSwtcVqO~G8,https://i.ebayimg.com/images/g/ag4AAeSwtcVqO~G8/s-l225.jpg
gundam,model_kit,eBay,marketplace,"#118 Gundam X Divider Gundam X, Bandai Hobby HGAW",25.0,0.0,False,USD,New,https://www.ebay.com/itm/188555189112?_skw=gundam&hash=item2be6c3db78:g:lu0AAeSwpfdqO~IE,https://i.ebayimg.com/images/g/lu0AAeSwpfdqO~IE/s-l225.jpg
gundam,cards,eBay,marketplace,Presale Gundam Card Game ~ EX Base EXBP-033 Char & MSN-02 Zeong Promo Card 9/26,35.0,0.0,False,USD,Ungraded,https://www.ebay.com/itm/398279625437?_skw=gundam&hash=item5cbb50cadd:g:XVoAAeSwUZFqfSlz,https://i.ebayimg.com/images/g/XVoAAeSwUZFqfSlz/s-l225.jpg
gundam,model_kit,eBay,marketplace,Bandai Osaka Expo2025 RX-78F00/E Gundam EX-001 Glass Feather 1/144 Model Kit USA,41.95,0.0,False,USD,New,https://www.ebay.com/itm/147494555916?_skw=gundam&hash=item22575c510c:g:98wAAeSwv9NqiNO4,https://i.ebayimg.com/images/g/98wAAeSwv9NqiNO4/s-l225.jpg
gundam,model_kit,eBay,marketplace,"#89 MS-18E Kampfer Gundam 0080, Bandai Hobby HGUC",26.0,0.0,False,USD,New,https://www.ebay.com/itm/177706640897?_skw=gundam&hash=item2960242601:g:UxgAAeSwQERqO~Is,https://i.ebayimg.com/images/g/UxgAAeSwQERqO~Is/s-l225.jpg
gundam,model_kit,eBay,marketplace,Bandai Action Base #5 Clear (For 1/144 & 1/100 Gundam) Model Kit Bandai Hobby,9.0,0.0,False,USD,New,https://www.ebay.com/itm/185845582834?_skw=gundam&hash=item2b45428bf2:g:qnsAAeSw10tqO~Eq,https://i.ebayimg.com/images/g/qnsAAeSw10tqO~Eq/s-l225.jpg
gundam,model_kit,eBay,marketplace,HG 1/144 Schwarzette Model Kit The Witch From Mercury Mecha Figure Collectible,17.99,0.0,False,USD,New,https://www.ebay.com/itm/236886111020?_skw=gundam&hash=item372783332c:g:BhwAAeSwiXBqNRWc&amdata=enc%3AAQALAAAA4ACCtXRWQnOEpyOqnQQ8KGYm19cSbwONjjKm4uH8RjkOU%2Bkcz4CwIi8jNO5B65xbaVnrwt2i3IiZjNXHfWKWbyZSghVsOog0LTk4TpK%2BvHfJTatrFKranoAcMUyEUGk3b6Czjmh7wWCHei59VXiF2cR91kVWP9llTMpq1XnIElqt7qhw%2BdIhObuW5cnghtbE8lW%2B8GL67Du4IwXgtEAVY1kGIQCzlsM%2FkpxpvVXZ1lMNNmV%2BCwnjYranhkbplf%2F8GESA8ksXVlqU%2BllbxUEPg%2FN84I0ekoSYUb8GHK38AMs4,https://i.ebayimg.com/images/g/BhwAAeSwiXBqNRWc/s-l225.jpg
gundam,model_kit,eBay,marketplace,1994 Bandai Dragon Gundam HG 1/100 G Gundam Model Kit Built Incomplete Japan,39.99,,False,USD,Used,https://www.ebay.com/itm/407161716915?_skw=gundam&hash=item5eccbac0b3:g:jP0AAeSw72hqiMYr&amdata=enc%3AAQALAAAA4ACCtXRWQnOEpyOqnQQ8KGbKs4q2%2FktWP4kASPmkGRgo7pzA1uiIE4INlGTZ1EU6D%2BZvT0OYntpf%2BKJphUWJSnnY5NyNW7y1dJzH20d1S9lrY%2Biz2zw2pBHByRGfKPp4WtpDEIB%2BdYp%2Ff9ybDGWF%2B0UY9YutwJAacliHpIYx2wG7FpRAF324ePp%2BI%2B4tUj9v%2BjcL2S1Fa8TMNeRCs%2BqHfLScaZWjcXKO7UPzvLxhfjp9gYcQDu4KMgL9fWzy%2B9rKMWwblToSZ%2FXvKgq2dZklBF4yicsHxlShAmCG6CNpi98k,https://i.ebayimg.com/images/g/jP0AAeSw72hqiMYr/s-l225.jpg
gundam,model_kit,eBay,marketplace,HG 1/144 Schwarzette Model Kit The Witch From Mercury Mecha Figure Collectible,17.99,0.0,False,USD,New,https://www.ebay.com/itm/236886111020?_skw=gundam&hash=item372783332c:g:BhwAAeSwiXBqNRWc&amdata=enc%3AAQALAAAA4ACCtXRWQnOEpyOqnQQ8KGYm19cSbwONjjKm4uH8RjkOU%2Bkcz4CwIi8jNO5B65xbaVnrwt2i3IiZjNXHfWKWbyZSghVsOog0LTk4TpK%2BvHfJTatrFKranoAcMUyEUGk3b6Czjmh7wWCHei59VXiF2cSFEX%2Fpzxk3qLWBTx0MAGQkyQ%2B9ckkJZwZsaC8hfNlCCsSqWU7y%2BHzUUqSC1DBDp2KU641dBQq%2B5IzaIOQyys3uaEkqqdoLU94yNsvE17VRM0wqRGkhYt6wcUK5A6VbYv52%2F1wJQffiU5HLbP027tdt,https://i.ebayimg.com/images/g/BhwAAeSwiXBqNRWc/s-l225.jpg
gundam,model_kit,eBay,marketplace,1994 Bandai Dragon Gundam HG 1/100 G Gundam Model Kit Built Incomplete Japan,39.99,,False,USD,Used,https://www.ebay.com/itm/407161716915?_skw=gundam&hash=item5eccbac0b3:g:jP0AAeSw72hqiMYr&amdata=enc%3AAQALAAAA4ACCtXRWQnOEpyOqnQQ8KGbKs4q2%2FktWP4kASPmkGRgo7pzA1uiIE4INlGTZ1EU6D%2BZvT0OYntpf%2BKJphUWJSnnY5NyNW7y1dJzH20d1S9lrY%2Biz2zw2pBHByRGfKPp4WtpDEIB%2BdYp%2Ff9ybDGWF%2B0WymNGiB8r4WK4Tps9A7zLqSlBPgU8F5uDoQ5vU68BeRVoQNLigaBKBD9o93APNkApqSx%2FrsiZLfE7GH3HXxuzHxyOnqhmxBYsuEii%2BIg7ZS4z1X8LKibFYO343ic6mCnY11iltLKD6N37D25lZDop%2B,https://i.ebayimg.com/images/g/jP0AAeSw72hqiMYr/s-l225.jpg
gundam,model_kit,eBay,marketplace,Bandai Gashapon MOBILE SUIT GUNDAM ZAKU LET'S GET IN LINE CapsuleSingle/Full Set,45.0,7.0,False,USD,New,https://www.ebay.com/itm/800518579985?_skw=gundam&hash=itemba62a02711:g:YN0AAeSwcflqgdpg&amdata=enc%3AAQALAAAA4ACCtXRWQnOEpyOqnQQ8KGarqvjS%2FdGh278Krh%2BN6%2BbcmpuapOrtEHng3izjbkGKnJQfw2ZX3QEFT9ZnFbIGQNUg3KwE292aLH%2FkteAatlEZ2FMG%2F5CVZARF3MVgJL9TmLDisyGeASgC%2Be%2BuFEkgXGHwaJ8fpULTw25RILIhVnB%2FJWDAB9JiWWp7ndjf7qRtAfyz4HkTflSedYpFweakRG7j7%2B6%2BOPuZHRbE%2BVc9cAFZ6ktAf3H37Q%2F255cn23ySxgea8%2FksFt3TvXGEpfnyGf%2F5c6tlH8shppp%2BmjBUIbAD,https://i.ebayimg.com/images/g/YN0AAeSwcflqgdpg/s-l225.jpg
gundam,cards,eBay,marketplace,Gundam Card Game: Gundam Assemble Premium Collection Set - GQuuuuuuX PC02A,35.99,6.0,False,USD,New,https://www.ebay.com/itm/327262150519?_skw=gundam&hash=item4c32581f77:g:81AAAeSwHflqV3F8&amdata=enc%3AAQALAAAA4ACCtXRWQnOEpyOqnQQ8KGbTYpuXg4i3EzuFHSKyCk0f%2F6pQTMMvdaZPSAKPmSA2mZKZMM3fSXm5Efrd7k0CBrFmt5%2FUuXhkfLbMmuJFkFt%2F09PgYip4TvEA38%2B%2F0LjGJ9PpVXU1gjTrJ9ZjxCSkyUcIcr%2FyrkLGNsiPR9yybkc9rDTtc%2Fum8Ld7fsq2%2F%2BS1Xx5muql7BCBO5SYwbaf7A03QFV90h9Q5rVde98%2BTOhqpL0UZDbquYLmNN3%2FYoLXeb6PtSnLf5WAxUu2CImbFLQ%2BIHB2wzV1JG%2F79hUBb3XHN,https://i.ebayimg.com/images/g/81AAAeSwHflqV3F8/s-l225.jpg
gundam,cards,eBay,marketplace,Gundam Card Game 1st Anniversary Archive Official Guide Book w/ Promo Card JP,52.98,0.0,False,USD,Brand New,https://www.ebay.com/itm/377427999149?_skw=gundam&hash=item57e07639ad:g:wcUAAeSwLOBqhH3F,https://i.ebayimg.com/images/g/wcUAAeSwLOBqhH3F/s-l225.jpg
gundam,model_kit,eBay,marketplace,Bandai Action Base #5 Clear (For 1/144 & 1/100 Gundam) Model Kit Bandai Hobby,9.0,0.0,False,USD,New,https://www.ebay.com/itm/185845582834?_skw=gundam&hash=item2b45428bf2:g:qnsAAeSw10tqO~Eq,https://i.ebayimg.com/images/g/qnsAAeSw10tqO~Eq/s-l225.jpg
gundam,model_kit,eBay,marketplace,MG 1/100 Dom (New Ver.) Mobile Suit Gundam Model Kit Bandai Hobby,44.99,0.0,False,USD,New,https://www.ebay.com/itm/287484536105?_skw=gundam&hash=item42ef69e529:g:KJEAAeSwxMpqZYx~,https://i.ebayimg.com/images/g/KJEAAeSwxMpqZYx~/s-l225.jpg
gundam,model_kit,eBay,marketplace,Bandai Hobby Gundam Wing: Endless Waltz Sandrock Custom EW HG 1/144 Model Kit,49.95,0.0,False,USD,New,https://www.ebay.com/itm/147468676288?_skw=gundam&hash=item2255d16cc0:g:b98AAeSwfPFqh2lj,https://i.ebayimg.com/images/g/b98AAeSwfPFqh2lj/s-l225.jpg
gundam,model_kit,eBay,marketplace,Bandai Hobby Gundam Geara Doga MG 1/100 Model Kit USA Seller,64.95,0.0,False,USD,New,https://www.ebay.com/itm/147478287931?_skw=gundam&hash=item225664163b:g:XZYAAeSwNhhqiMso,https://i.ebayimg.com/images/g/XZYAAeSwNhhqiMso/s-l225.jpg
gundam,cards,eBay,marketplace,Master Gundam (LR+) - Freedom Ascension (GD05) GUNDAM TCG + MORE -SEE PIC,39.99,,False,USD,Ungraded,https://www.ebay.com/itm/227485766965?_skw=gundam&hash=item34f7355535:g:3bgAAeSwxTFqiIID,https://i.ebayimg.com/images/g/3bgAAeSwxTFqiIID/s-l225.jpg
gundam,cards,eBay,marketplace,Sealed Phantom Aria Booster Box GD04 Gundam Card Game -Kid Icarus-,129.99,0.0,False,USD,New/Factory Sealed,https://www.ebay.com/itm/366367383113?_skw=gundam&hash=item554d329e49:g:8PcAAeSwh5lp647i,https://i.ebayimg.com/images/g/8PcAAeSwh5lp647i/s-l225.jpg
gundam,model_kit,eBay,marketplace,#36 Hi-Nu Gundam Char's Counterattack Beltorchika Children Bandai Hobby RG 1/14,61.0,0.0,False,USD,New,https://www.ebay.com/itm/178251688976?_skw=gundam&hash=item2980a0ec10:g:c9QAAeSwzm9qO~Fm,https://i.ebayimg.com/images/g/c9QAAeSwzm9qO~Fm/s-l225.jpg
gundam,model_kit,eBay,marketplace,HG 1/144 Nobell Gundam Model Kit GF13-050NSW Bandai Gunpla Figure Toy,18.99,0.0,False,USD,New,https://www.ebay.com/itm/137428886260?_skw=gundam&hash=item1fff6662f4:g:62QAAeSwMWtqM7xp,https://i.ebayimg.com/images/g/62QAAeSwMWtqM7xp/s-l225.jpg
gundam,model_kit,eBay,marketplace,Bandai Gundam War Akatsuki (Oowashi) Holo R+ GD05-004 EN,20.0,,False,USD,Ungraded,https://www.ebay.com/itm/366621319881?_skw=gundam&hash=item555c5562c9:g:jDwAAeSwNXNqiM31&amdata=enc%3AAQALAAAA4ACCtXRWQnOEpyOqnQQ8KGYxlAyZeTr9eEOqeLYPpBfiFOLrcEPbVk2w57Z9lh9WjCMkIX8C2qTO2LZzV1NxOzP6TU9u%2Bdr74PPxnExl%2BT9jsurvfoLjEtH1HrR5ASbKNQsGRmpf9ImIcRRjegVqLNnjZAcVdFrWM65%2B989%2Fu63wGXJxLEgoTSYQgm65K9bglu6E85RJR1itRQS8SJKaFlL0m9tJVUQQ0OFddbO4LUtKYt2v6CTVc4TqJZ6NSgyMG5GKqz4Ci7ziwcptQYz22OhOJePcHU6XZzcbdmO9%2B8UR,https://i.ebayimg.com/images/g/jDwAAeSwNXNqiM31/s-l225.jpg
gundam,model_kit,eBay,marketplace,HG 1/144 RX-0 Unicorn Destruction Mode Model Kit,49.99,0.0,False,USD,New,https://www.ebay.com/itm/358243627055?_skw=gundam&hash=item5368fbf02f:g:SX4AAeSw5llpmf0n&amdata=enc%3AAQALAAAA4ACCtXRWQnOEpyOqnQQ8KGYL%2BzqeV1HpmdcCsw84cB8G49I52J%2BVsEqmSFwdQ3am5UnknwBXzPUxSAPrM%2FFBfu5feNApNSAAZatYVzPKLmlkS6uLlZsR32aDgWs14KyvOB%2FKheqt2s9d3h37dpSrbb%2B2G8eUpl3TqlKVnq8xDmyJqgUa%2FDhhE78%2FfdqJUJjOOLJBZnKADSOfPvVF2cd0KZ8vrg4fscYGNK61G%2Bcg2O36ercUzHFBdhgemP0e51VkB8eTqZ%2F6Ej%2FDmOME1aNQ4hIY5%2BIvotpWWAkoazin2nTp,https://i.ebayimg.com/images/g/SX4AAeSw5llpmf0n/s-l225.jpg
gundam,model_kit,eBay,marketplace,HG 1/144 Gundam Lfrith Jiu XGF-01 The Witch From Mercury Model Kit Figure Toy,21.99,0.0,False,USD,New,https://www.ebay.com/itm/236909488384?_skw=gundam&hash=item3728e7e900:g:ul8AAeSwoaFqROJT&amdata=enc%3AAQALAAAA4ACCtXRWQnOEpyOqnQQ8KGZgRyKwFlyD5LGmS1OjbJwds1dEqq8rodcyXyXDoSiOWhCCZ%2Bqn2mYYOl8TnanimdPLewnbtZqQM0ifZmUOHM91zqzetaYH8xPUnVHs2cpEID4k4S817BcVKFqy875i%2FttWe%2FzLY5IXGYUB4Oz2XhmEPfjUaTqFIVfmUcz1CjftP5pmv2hYptFTwBqBqeIKBlBsM5GQEGokX5rfUnXaHFCjJKFcMlazGClRYwhYFed1JV5dsaB9%2FTb0FwwZ1BsEKKuBESyL412WlXeIgsRluaWJ,https://i.ebayimg.com/images/g/ul8AAeSwoaFqROJT/s-l225.jpg
gundam,model_kit,eBay,marketplace,"#06 Hyakuren Gundam IBO, Bandai Hobby HG IBO 1/144",15.0,0.0,False,USD,New,https://www.ebay.com/itm/187876405734?_skw=gundam&hash=item2bbe4e71e6:g:QcAAAeSwqV1qO~Fb,https://i.ebayimg.com/images/g/QcAAAeSwqV1qO~Fb/s-l225.jpg
gundam,model_kit,eBay,marketplace,"RX-78-2 Gundam Ver. 2.0 ""Mobile Suit Gundam"", Bandai Hobby RG 1/144 Model Kit",41.0,0.0,False,USD,New,https://www.ebay.com/itm/127876713191?_skw=gundam&hash=item1dc60bcae7:g:4~4AAeSwBP5p0D~u,https://i.ebayimg.com/images/g/4~4AAeSwBP5p0D~u/s-l225.jpg
gundam,model_kit,eBay,marketplace,Bandai HGGT Zaku II + Big Gun Set (Gundam Thunderbolt Ver.) 1/144 Model Kit - US,61.95,0.0,False,USD,New,https://www.ebay.com/itm/177850491020?_skw=gundam&hash=item2968b7208c:g:-iAAAeSwcPZpisYb,https://i.ebayimg.com/images/g/-iAAAeSwcPZpisYb/s-l225.jpg
gundam,model_kit,eBay,marketplace,RG 1/144 RX-78-2 Gundam Ver.2.0 [Hatsune Miku Ver.] Model Kit Premium Bandai,89.5,0.0,False,USD,New,https://www.ebay.com/itm/227364922128?_skw=gundam&hash=item34f0016310:g:khAAAeSw8xJqGwpW,https://i.ebayimg.com/images/g/khAAAeSw8xJqGwpW/s-l225.jpg
gundam,model_kit,eBay,marketplace,Gundam x Miku RX-78-2 Gundam Ver.2.0 & MS-06S Zaku Ⅱ Hatsune Miku Ver. Model Kit,160.0,,False,USD,New,https://www.ebay.com/itm/267763866915?_skw=gundam&hash=item3e57f85d23:g:hpcAAeSwcJ1qiJCy,https://i.ebayimg.com/images/g/hpcAAeSwcJ1qiJCy/s-l225.jpg
gundam,model_kit,eBay,marketplace,HG 1/144 Gundam Model Kit Parts #02 - Replacement Spare Kitbashing - USA Seller,4.3,,True,USD,New,https://www.ebay.com/itm/117251015640?_skw=gundam&hash=item1b4cb483d8:g:lLQAAeSwWatqgUFw,https://i.ebayimg.com/images/g/lLQAAeSwWatqgUFw/s-l225.jpg
gundam,model_kit,eBay,marketplace,HG 1/144 Mighty Strike Freedom Gundam Assembly Model Kit Action Figure Toy Gift,13.99,0.0,False,USD,New,https://www.ebay.com/itm/206177136369?_skw=gundam&hash=item30011d6ef1:g:v~UAAeSwcVRpyil4,https://i.ebayimg.com/images/g/v~UAAeSwcVRpyil4/s-l225.jpg
gundam,cards,eBay,marketplace,Gundam Card Game GD05-097 Domon Kasshu Promo Card Toyotaro Japanese Japan,26.0,0.0,False,USD,Ungraded,https://www.ebay.com/itm/128037117033?_skw=gundam&hash=item1dcf9b5c69:g:KzcAAeSwFJZqiFiM,https://i.ebayimg.com/images/g/KzcAAeSwFJZqiFiM/s-l225.jpg
gundam,model_kit,eBay,marketplace,"#33 Gundam Barbatos Lupus Rex Gundam IBO, Bandai Hobby HG IBO 1/144",20.0,0.0,False,USD,New,https://www.ebay.com/itm/177706640889?_skw=gundam&hash=item29602425f9:g:P3MAAeSwSX9qO~Fu,https://i.ebayimg.com/images/g/P3MAAeSwSX9qO~Fu/s-l225.jpg
gundam,model_kit,eBay,marketplace,"#59 Dom/Rick-Dom Mobile Suit Gundam, Bandai Hobby HGUC 1/144",24.0,0.0,False,USD,New,https://www.ebay.com/itm/187571438531?_skw=gundam&hash=item2bac2103c3:g:lIsAAeSwMPVqO~Gv,https://i.ebayimg.com/images/g/lIsAAeSwMPVqO~Gv/s-l225.jpg
gundam,model_kit,eBay,marketplace,*NEW* RX-78-2 Gundam Ver A.N.I.M.E. (Side MS) Robot Spirits Action Figure,39.55,0.0,False,USD,New,https://www.ebay.com/itm/206388540161?_skw=gundam&hash=item300db73301:g:gJ0AAeSwlOZqbAdh,https://i.ebayimg.com/images/g/gJ0AAeSwlOZqbAdh/s-l225.jpg
gundam,cards,eBay,marketplace,GUNDAM Trading Card Game (TCG) FREEDOM ASCENSION Cards *You Pick - 5% off 4+,1.49,0.0,False,USD,Open Box/Used,https://www.ebay.com/itm/168612318395?_skw=gundam&hash=item274213ccbb:g:IucAAeSwv8xqfh2l,https://i.ebayimg.com/images/g/IucAAeSwv8xqfh2l/s-l225.jpg
gundam,model_kit,eBay,marketplace,Bandai Gundam XXXG-01W Wing Gundam EW Ver. MG 1/100 Scale Model Kit USA Seller,40.99,0.0,False,USD,New,https://www.ebay.com/itm/147417176037?_skw=gundam&hash=item2252bf97e5:g:MVcAAeSw7RNqhnnQ&amdata=enc%3AAQALAAAA4ACCtXRWQnOEpyOqnQQ8KGbFoIXFcBF%2BlBaCmFutfun9ZIMxUs7U4RH5OyCNSzD3Ms2KQ1HcsBfKQuJIwbweV5rIbrI5lWZ%2FGoR16VhQXOHTyNW61laRtCnc7Xq%2Bv6JIenblmSB%2FmF7TLvBnfQfE0HlQhXZNlw0xC0OK41A7aPTbVlUN1m6XZnZre2ubb%2Be%2FuAs8x4irlsA%2Bjki9pzQ3J4bp11yfu6qcJJuD2IcUSOi4ZvfVmha7YeHJH3%2Bwo2h8go6NCKxRrE4sW%2F875A6giHggq58fAxJC9PB1kwTR5zyI,https://i.ebayimg.com/images/g/MVcAAeSw7RNqhnnQ/s-l225.jpg
gundam,model_kit,eBay,marketplace, 1/144 HG Freedom Gundam Pink Color Ver Plastic Model Kit Anime Desk Gift,14.99,0.0,False,USD,New,https://www.ebay.com/itm/206321482308?_skw=gundam&hash=item3009b7fa44:g:zAgAAeSwzyhqIUpA&amdata=enc%3AAQALAAAA4ACCtXRWQnOEpyOqnQQ8KGZa9JqfTegscA%2BPk4WgHIXZj%2FbijCdsZ8JgtVkaNJiW11XLLaHH0btv4YJqvpOVCFYQEr1hDA7h2AJCqJjj4GDZkEOkjp%2Bb%2F26wwen%2FQOdt6%2BMcBjQifL2MFB%2B00%2FWykKTvcfcey2SqWKVxgqczdMfJX2Rt6pyE8FAY430NQ5SILfwmjnCN%2BNGlmHRecTb8kma4PwVMqOwqtBQxx68E88NESK0nM5vgPke4u8cyzOelwrGKAtU7gdYbfOh9lSoDe9OospDGanl3x4iwXDD1DLvx,https://i.ebayimg.com/images/g/zAgAAeSwzyhqIUpA/s-l225.jpg
gundam,model_kit,eBay,marketplace,HG 1/144 RX-178 MK-II Real Color Model Kit Action Figure Toy ,21.99,0.0,False,USD,New,https://www.ebay.com/itm/358676410340?_skw=gundam&hash=item5382c7afe4:g:1AEAAeSwQhRqLeMc&amdata=enc%3AAQALAAAA4ACCtXRWQnOEpyOqnQQ8KGZLhIEMUbaeYpT0NkL6FE98Ay8isbkcvSJP3fOXNQO8Vo4%2BVHzWfnKNfnGrfpfot2qYB2YeeCher%2FNq0QdfToufiWnmgwcbCaVsNYWMc2dJG9qij7Gf5Jf4IeKvunazltRuVyDyrDan8NzlGNe6e2xz7lA%2FN8K42oqTHw85235xkpQ8Rvh9E34tMUMW1U%2Fyuny5c90cKTmFzmS8xAUTxd49N07UsYVzsQG7o3MMESCXE0IOMLYxFNnhq6m3NR%2FS22qUdlkgEE6k77goxSkXzwmA,https://i.ebayimg.com/images/g/1AEAAeSwQhRqLeMc/s-l225.jpg
gundam,model_kit,eBay,marketplace,RG 1/144 Gundam Astray Gold Frame Amatsu Mina Special Coating Model Kit SEED,114.56,17.37,False,USD,Used,https://www.ebay.com/itm/287518933020?_skw=gundam&hash=item42f176c01c:g:MJYAAeSwVf1qh9f0&amdata=enc%3AAQALAAAA4ACCtXRWQnOEpyOqnQQ8KGYmSl%2BFPD70x8snwNI2780Gr1fW3dkLM52vINwJwI3OepZtPzRBehdsxuR9bK0C%2BPHadSNI9DoO%2BDJs%2FJaP7viOupPLs6ldOb4K8LD31XJh7A36JL7l%2Fa%2FwnPdF9IQEA%2FxodeeUpBZjxeTi10wJB0oQJXfw5hME2aHkbcIETx5FaogspD0Uq%2Fjd2mPVvBU769y8JGdrP8pV%2BaNbWj2rdtjas8vbrXVyqq8T4xb3mkTVh7w4CfQzt6ZC8YU3KPKZPw20r5d%2FwKkgLt%2F3IPXn%2Faj%2B,https://i.ebayimg.com/images/g/MJYAAeSwVf1qh9f0/s-l225.jpg
gundam,model_kit,eBay,marketplace,MG 1/100 Wing Gundam Proto Zero EW ver. Endless Waltz Model Kit Bandai Hobby,59.0,0.0,False,USD,New,https://www.ebay.com/itm/188075009221?_skw=gundam&hash=item2bca24e4c5:g:XD4AAeSwAdhqO~Ge,https://i.ebayimg.com/images/g/XD4AAeSwAdhqO~Ge/s-l225.jpg
gundam,model_kit,eBay,marketplace,Bandai Hobby The Witch From Mercury Gundam Aerial HG 1/144 Scale Model Kit,19.95,0.0,False,USD,New,https://www.ebay.com/itm/147106937892?_skw=gundam&hash=item224041bc24:g:dE8AAeSwz0JqiGBu,https://i.ebayimg.com/images/g/dE8AAeSwz0JqiGBu/s-l225.jpg
gundam,cards,eBay,marketplace,Gundam Card Game ~ Domon Kasshu Promo Card Illustration by Toyotaro,28.0,5.0,False,USD,Ungraded,https://www.ebay.com/itm/398204299062?_skw=gundam&hash=item5cb6d36736:g:vEEAAeSw6JVqX1St,https://i.ebayimg.com/images/g/vEEAAeSw6JVqX1St/s-l225.jpg
gundam,model_kit,eBay,marketplace,SDCC 2026 Gundam Rogue Orbit EX Base EXBP-029 Promo Exclusive,45.0,5.17,False,USD,Ungraded,https://www.ebay.com/itm/358855711319?_skw=gundam&hash=item538d779a57:g:WZwAAeSwKzZqaS~x,https://i.ebayimg.com/images/g/WZwAAeSwKzZqaS~x/s-l225.jpg
gundam,model_kit,eBay,marketplace,Bandai Gundam HGUC LM312V04 Victory Gundam HG 1/144 Scale Model Kit USA Seller,21.95,0.0,False,USD,New,https://www.ebay.com/itm/137543796896?_skw=gundam&hash=item20063fc8a0:g:z6YAAeSw8fdqgFe4,https://i.ebayimg.com/images/g/z6YAAeSw8fdqgFe4/s-l225.jpg
gundam,cards,eBay,marketplace,EX Resource Custom Miku x Gundam - Gundam TCG,9.25,6.0,False,USD,Ungraded,https://www.ebay.com/itm/257624547598?_skw=gundam&hash=item3bfb9ea10e:g:qDAAAeSwKuRqDJqp,https://i.ebayimg.com/images/g/qDAAAeSwKuRqDJqp/s-l225.jpg
gundam,model_kit,eBay,marketplace,Bandai Hobby Gundam SEED Freedom Mighty Strike Freedom Gundam HG 1/144 Model Kit,33.95,0.0,False,USD,New,https://www.ebay.com/itm/136934597829?_skw=gundam&hash=item1fe1f024c5:g:xjgAAeSwEU1qh3c9&amdata=enc%3AAQALAAAA4ACCtXRWQnOEpyOqnQQ8KGap6ZmxuD1eU49xUoN%2B7SHXfzaAGsGoqXX2cuTC%2BupFr8VZ%2FMTVeDMd1f8Mcp4UzXGVOGYBNJ9g%2FgAMUE162PyseriD4i7FqQfeSLyv6qusxiTOpV4idF7HvVTHv753g0uLwS8eUNu3w5neD%2FnaIR8t8riT%2B4N61rcY0GRUh4CVO9JwL02rutNZgu5IyYhr%2FBnk7c7unuMTIzg%2FtznnZ8Uzc79DLoHYtwNKazdyXZjpjLXBXpl9ZuYxu%2B%2Ff3HYOU8mcGOI2mCsmt1zZYw6CgC67,https://i.ebayimg.com/images/g/xjgAAeSwEU1qh3c9/s-l225.jpg
gundam,model_kit,eBay,marketplace,Bandai Namco Mobile Suit Wing Gundam Zero EW XXXG-00W0 Ver. KA MG Model Kit,74.99,0.0,False,USD,New,https://www.ebay.com/itm/327102946060?_skw=gundam&hash=item4c28dadb0c:g:VAYAAeSwCy1p3oDu&amdata=enc%3AAQALAAAA4ACCtXRWQnOEpyOqnQQ8KGaS2kKobObW7ZTvWCHwx8GYT5OziNV2X9Ul3OE5bqofCJP5pXfeUexCednBn%2Bn2RHC2JuhERa4jSeZx0NLzRUVCbLU2W49PfL91b0TTit1VDSQxWm3dGJk7d48kO7XZa%2FlvyCFdB49e%2F1mHIGuCYNsMWdEOmukbFhjvH3PdOn8dEFPpfqE8OmBR8Jdxehr8IROLtqxCTCh3VOx9boLkVpCtJAfx8XsDQyCLNaGfFt215P%2FGmge9KFXdJ4Vnu%2FD4bxYg6DyIG7n9p3oCltGrh027,https://i.ebayimg.com/images/g/VAYAAeSwCy1p3oDu/s-l225.jpg
gundam,model_kit,eBay,marketplace,EX Base P EXBP-027 Wing Gundam Zero EW Custom Deck Box Freedom Ascension Japan,8.43,0.0,False,USD,Ungraded,https://www.ebay.com/itm/398213521840?_skw=gundam&hash=item5cb76021b0:g:ticAAeSwD-lqaBsL,https://i.ebayimg.com/images/g/ticAAeSwD-lqaBsL/s-l225.jpg
gundam,model_kit,eBay,marketplace,"#26 RX-78-02 Gundam Gundam The Origin, Bandai Hobby HG The Origin 1/144",31.0,0.0,False,USD,New,https://www.ebay.com/itm/187876405694?_skw=gundam&hash=item2bbe4e71be:g:~dkAAeSwS9pqO~GM,https://i.ebayimg.com/images/g/~dkAAeSwS9pqO~GM/s-l225.jpg
gundam,model_kit,eBay,marketplace,Gundam Deathscythe Hell Store Tournament 03 R Holo Gundam Promo Card GD03-021 NM,9.98,0.0,False,USD,Ungraded,https://www.ebay.com/itm/177944135414?_skw=gundam&hash=item296e4c06f6:g:ZWUAAeSwBDppr4Vj,https://i.ebayimg.com/images/g/ZWUAAeSwBDppr4Vj/s-l225.jpg
gundam,model_kit,eBay,marketplace,BanDai Unicorn Gundam Full Psycho-Frame Prototype Mobile Suit Perfect Grade NEW,298.88,0.0,False,USD,New,https://www.ebay.com/itm/257695468593?_skw=gundam&hash=item3bffd8cc31:g:gxgAAeSwa1BqiMXn,https://i.ebayimg.com/images/g/gxgAAeSwa1BqiMXn/s-l225.jpg
gundam,model_kit,eBay,marketplace,Bandai Gundam HGUC MS-14A Mass Production Gelgoog Cannon HG 1/144 Kit USA Seller,29.45,0.0,False,USD,New,https://www.ebay.com/itm/137607195679?_skw=gundam&hash=item200a072c1f:g:I5QAAeSwbS9qiJxr,https://i.ebayimg.com/images/g/I5QAAeSwbS9qiJxr/s-l225.jpg
gundam,cards,eBay,marketplace,Gundam Card Game Gundam Deathscythe Hell Rare Gundam Promo GD03-021,1.99,0.0,False,USD,Ungraded,https://www.ebay.com/itm/236971989995?_skw=gundam&hash=item372ca19beb:g:BFIAAeSwPAZqapxX,https://i.ebayimg.com/images/g/BFIAAeSwPAZqapxX/s-l225.jpg
gundam,model_kit,eBay,marketplace,Gundam AGE-1 Normal (Store Tournament Winner Pack 02) Card English GD02-094 C+,16.49,0.0,False,USD,Ungraded,https://www.ebay.com/itm/236961717946?_skw=gundam&hash=item372c04deba:g:5SYAAeSwP19qZGGB,https://i.ebayimg.com/images/g/5SYAAeSwP19qZGGB/s-l225.jpg
gundam,cards,eBay,marketplace,Gundam Booster Box Acrylic Display Case Magnetic Lid UV Protection - US seller,23.74,0.0,False,USD,New,https://www.ebay.com/itm/397952602002?_skw=gundam&hash=item5ca7d2cf92:g:p54AAeSwKzJqB20Q,https://i.ebayimg.com/images/g/p54AAeSwKzJqB20Q/s-l225.jpg
gundam,model_kit,eBay,marketplace,Bandai Gundam SEED EX-22 Mobile Armor Exass 1/144 Scale EX Model Kit,34.95,0.0,False,USD,New,https://www.ebay.com/itm/147393456644?_skw=gundam&hash=item225155aa04:g:eBsAAeSwjWhqdJNZ&amdata=enc%3AAQALAAAA4ACCtXRWQnOEpyOqnQQ8KGYdoTBoAoCvw8YYjGV3Qo7RiRkvAD4LTtuTMSg9tE74icR2e56k5BCMCHKlZ1Tb1X2mJJWKHt6UJWJBs0UeiA0qVhQKxiD%2FpEWOvCykMbWbxWDGejtkqO69IPc3yFlLDv3jgvS8lusiJnQ0KaoHMngKR0WMVDS0gFI4WPqQX%2B%2BgT6%2B2X78o2CtH90aBA6mEaV%2B7qs6u6ovE%2BPD0p7%2FVGoldzWKwbYLF21w4qqvfuKHYMAsN%2BPR1TMTp7BHQp2CtkunTWVMya%2FrCNBA7Vlw1dyy8,https://i.ebayimg.com/images/g/eBsAAeSwjWhqdJNZ/s-l225.jpg
gundam,model_kit,eBay,marketplace,Bandai Hobby Aile Strike Gundam Real Grade RG 1/144 Scale Model Kit USA Seller,35.95,0.0,False,USD,New,https://www.ebay.com/itm/137568080784?_skw=gundam&hash=item2007b25390:g:QV0AAeSweY5qh4Qi&amdata=enc%3AAQALAAAA4ACCtXRWQnOEpyOqnQQ8KGYKNZvLy4CwLfHlxEk3l2w0RWB5bFTptHDTP7quwbp%2BZVZXNvIoVaq8owES2OwWJsH0l97LR%2B2bSxBnOOQTEQYJYB0PXTSHfvKnPFqI7QS%2FcSp6cjLJcwpuNEUg7jBuaENAQFTlEFwV0CUyaSvXyw9guyO0pgAIpjDeuoJ4LIx57VcBqTSpTcH0mqF5nKLzCt8h9jTACw%2BqFVdmnuj30cLyeZ7K7QK6uQ0qWblHJ4byALaFYhkPWHnhuyxs%2BBVxE7QPMgVGx28A6rRkZmvPfHMl,https://i.ebayimg.com/images/g/QV0AAeSweY5qh4Qi/s-l225.jpg
gundam,model_kit,USA Gundam Store,retailer,Shenma Model 1/100 Blue Knight Rising Freedom Gundam,74.99,,,USD,New,https://www.usagundamstore.com/products/shenma-model-1-100-blue-knight-rising-freedom-gundam,https://cdn.shopify.com/s/files/1/0727/8355/files/download-2026-06-21T105325.102_600x600.png?v=1782053975
gundam,model_kit,USA Gundam Store,retailer,RG 1/144 #40 RX-78-2 Gundam (Ver. 2.0),40.99,,,USD,New,https://www.usagundamstore.com/products/rg-1-144-40-rx-78-2-2-0-gundam,https://cdn.shopify.com/s/files/1/0727/8355/files/193_6113_o_1i4gomn3olds18kk1m6717nd1rp23q_600x600.jpg?v=1762283273
gundam,model_kit,USA Gundam Store,retailer,RG 1/144 #37 Burning Gundam,49.99,,,USD,New,https://www.usagundamstore.com/products/rg-1-144-37-god-gundam,https://cdn.shopify.com/s/files/1/0727/8355/products/153_5028_o_1g9u42c8e1fmriirah01nsnavb23_600x600.jpg?v=1762275873
gundam,model_kit,USA Gundam Store,retailer,HGGQ 1/144 #12 White Gundam,27.99,,,USD,New,https://www.usagundamstore.com/products/hggq-1-144-white-gundam,https://cdn.shopify.com/s/files/1/0727/8355/files/lSFTOLe2QJTj2oPN_60ef9324-9c3d-486c-b94f-eec04790a238_600x600.jpg?v=1764614567
gundam,model_kit,USA Gundam Store,retailer,RG 1/144 #42 Shining Gundam,42.99,,,USD,New,https://www.usagundamstore.com/products/rg-1-144-41-rg-1-144-shining-gundam,https://cdn.shopify.com/s/files/1/0727/8355/files/conuS7erzRJNtRt0_600x600.jpg?v=1762285791
gundam,model_kit,USA Gundam Store,retailer,Entry Grade 1/144 Wing Gundam,11.99,,,USD,New,https://www.usagundamstore.com/products/entry-grade-1-144-wing-gundam,https://cdn.shopify.com/s/files/1/0727/8355/files/Si0mf8QZMUIHzVNM_dce55302-b2e7-4558-990a-ae8fd06f7a12_600x600.jpg?v=1762288463
gundam,model_kit,USA Gundam Store,retailer,HGUC 1/144 #215 Moon Gundam,40.99,,,USD,New,https://www.usagundamstore.com/products/hguc-1-144-215-moon-gundam,https://cdn.shopify.com/s/files/1/0727/8355/products/49773cc0-d5ad-46df-81ed-f04e09a6fa62_600x600.jpg?v=1762201882
gundam,model_kit,USA Gundam Store,retailer,RG 1/144 #30 Full Armor Unicorn Gundam,69.99,,,USD,New,https://www.usagundamstore.com/products/rg-1-144-30-full-armor-unicorn-gundam,https://cdn.shopify.com/s/files/1/0727/8355/products/8c7a02e6-472b-4efb-a677-4aa2f0a31b2c_600x600.jpg?v=1762201996
gundam,model_kit,USA Gundam Store,retailer,RG 1/144 #32 RX-93 Nu Gundam,55.99,,,USD,New,https://www.usagundamstore.com/products/rg-1-144-32-rx-93-nu-gundam,https://cdn.shopify.com/s/files/1/0727/8355/products/e43a1a49-cb62-44e9-8bcd-3c4048f4139b_600x600.jpg?v=1762269790
gundam,model_kit,USA Gundam Store,retailer,HGAC 1/144 #242 Shenlong Gundam,19.99,,,USD,New,https://www.usagundamstore.com/products/hgac-1-144-242-shenlong-gundam,https://cdn.shopify.com/s/files/1/0727/8355/products/157_5100_o_1gc66sdt71hjojunjsk1c4dq0h2n_218f688b-e100-44c9-acbf-f9ee653e09ce_600x600.jpg?v=1762276888
gundam,model_kit,USA Gundam Store,retailer,MG 1/100 Hi-Nu Gundam (Ver. Ka),89.99,,,USD,New,https://www.usagundamstore.com/products/mg-1-100-hi-nu-gundam-ver-ka,https://cdn.shopify.com/s/files/1/0727/8355/products/95c23183-9315-4e13-ba71-02cc508b4bcd_600x600.jpg?v=1762198077
gundam,model_kit,USA Gundam Store,retailer,MGEX 1/100 Strike Freedom Gundam,182.99,,,USD,New,https://www.usagundamstore.com/products/mgex-1-100-strike-freedom-gundam,https://cdn.shopify.com/s/files/1/0727/8355/products/156_5149_o_1gh093slv1tv2e8ooif1c6opp62i_8e614654-4b6c-4869-bba2-9ae4d33307e5_600x600.jpg?v=1762277429
gundam,model_kit,USA Gundam Store,retailer,RG 1/144 #09 Justice Gundam,33.99,,,USD,New,https://www.usagundamstore.com/products/rg-1-144-09-justice-gundam,https://cdn.shopify.com/s/files/1/0727/8355/products/d1f56a41-e423-49c1-a082-4fd058d529fe_600x600.jpg?v=1762198473
gundam,model_kit,USA Gundam Store,retailer,HGCE 1/144 #224 Destiny Gundam (Revive),25.99,,,USD,New,https://www.usagundamstore.com/products/hgce-1-144-224-destiny-gundam-revive,https://cdn.shopify.com/s/files/1/0727/8355/products/hgce-destiny-gundam-revive-01_600x600.jpg?v=1762268947
gundam,model_kit,USA Gundam Store,retailer,PG Unleashed 1/60 Nu Gundam,689.99,,,USD,New,https://www.usagundamstore.com/products/pg-unleashed-1-60-gundam,https://cdn.shopify.com/s/files/1/0727/8355/files/a459c8ea-02ed-4cec-9510-3a6b7ee53e9d_600x600.webp?v=1762288461
gundam,model_kit,USA Gundam Store,retailer,MG 1/100 Zeta Gundam (Ver.Ka),86.99,,,USD,New,https://www.usagundamstore.com/products/mg-1-100-zeta-gundam-ver-ka,https://cdn.shopify.com/s/files/1/0727/8355/products/153_5223_o_1gdplns5j1bml2am1js9bd1jqr23_72f71e81-deca-463c-a40f-ce9e74b5f23e_600x600.jpg?v=1762278822
gundam,model_kit,USA Gundam Store,retailer,RG 1/144 #36 Hi-Nu Gundam,60.99,,,USD,New,https://www.usagundamstore.com/products/rg-1-144-36-hi-v-hi-nu-gundam,https://cdn.shopify.com/s/files/1/0727/8355/products/1ef36ea8-5125-4e3c-805a-07ed0061eab4_600x600.jpg?v=1762273768
gundam,model_kit,USA Gundam Store,retailer,MG 1/100 FXA-05D Super Gundam,53.99,,,USD,New,https://www.usagundamstore.com/products/mg-fxa-05d-super-gundam,https://cdn.shopify.com/s/files/1/0727/8355/files/153_2513_s_pq1n0uxo4e20jy05jh1nfsbrinnu_2a1c7f4c-9cf1-4131-95e2-7979694145bb_600x600.jpg?v=1781898860
gundam,model_kit,USA Gundam Store,retailer,HGCC 1/144 #177 Turn A Gundam,18.99,,,USD,New,https://www.usagundamstore.com/products/hgcc-1-144-177-turn-a-gundam,https://cdn.shopify.com/s/files/1/0727/8355/products/17a333bd-5baa-4fd6-91da-1f71eca5b896_600x600.jpg?v=1762198867
gundam,model_kit,USA Gundam Store,retailer,MG 1/100 Full Armor Gundam,67.99,,,USD,New,https://www.usagundamstore.com/products/mg-1-100-full-armor-gundam,https://cdn.shopify.com/s/files/1/0727/8355/products/12_66127af8-5450-4af2-a53b-741a2956cb98_600x600.jpg?v=1762200940
gundam,model_kit,USA Gundam Store,retailer,MGSD Freedom Gundam,54.99,,,USD,New,https://www.usagundamstore.com/products/mgsd-freedom-gundam,https://cdn.shopify.com/s/files/1/0727/8355/products/153_5206_o_1gmsp1pajm3a1q3910q21o8j3h323_042b642f-3d0f-4380-84e2-53e14c148ab6_600x600.jpg?v=1762278822
gundam,model_kit,USA Gundam Store,retailer,HGCE 1/144 #250 Mighty Strike Freedom Gundam,31.99,,,USD,New,https://www.usagundamstore.com/products/hggs-1-144-hg-mighty-strike-freedom-gundam-gundam-seed-freedom,https://cdn.shopify.com/s/files/1/0727/8355/files/153_6063_o_1huafj5mh24vl875gmm27esd23_41c72a00-c329-47c4-b135-09fa575cb90f_600x600.jpg?v=1762282632
gundam,model_kit,USA Gundam Store,retailer,HGUC 1/144 #49 Psycho Gundam,66.99,,,USD,New,https://www.usagundamstore.com/products/hguc-1-144-49-psycho-gundam,https://cdn.shopify.com/s/files/1/0727/8355/products/d04ef748-bb8a-43c5-819b-216d14386bbe_600x600.jpg?v=1762198687
gundam,model_kit,USA Gundam Store,retailer,HGUC 1/144 #29 Ex-S Gundam,33.99,,,USD,New,https://www.usagundamstore.com/products/hguc-1-144-29-ex-s-gundam,https://cdn.shopify.com/s/files/1/0727/8355/products/9f432bf3-d24b-4ef8-b778-071bbdb89b28_600x600.jpg?v=1762198459
gundam,model_kit,USA Gundam Store,retailer,MG 1/100 Destiny Gundam (Extreme Blast Mode),78.99,,,USD,New,https://www.usagundamstore.com/products/mg-1-100-destiny-gundam-extreme-blast-mode,https://cdn.shopify.com/s/files/1/0727/8355/products/523f4b20-6c93-48ea-90ed-b57b5609acb7_600x600.png?v=1762198067
gundam,model_kit,USA Gundam Store,retailer,HGGQ 1/144 #4 gMS-α Red Gundam,29.99,,,USD,New,https://www.usagundamstore.com/products/hg-1-144-red-gundam,https://cdn.shopify.com/s/files/1/0727/8355/files/OJ4QYP0diK0xnfd5_600x600.jpg?v=1762287186
gundam,model_kit,USA Gundam Store,retailer,RG 1/144 #05 Freedom Gundam,33.99,,,USD,New,https://www.usagundamstore.com/products/rg-1-144-05-freedom-gundam,https://cdn.shopify.com/s/files/1/0727/8355/products/c25337ec-2e5e-4074-8035-56ff544de8c5_600x600.jpg?v=1762198353
gundam,model_kit,USA Gundam Store,retailer,MG 1/100 Freedom Gundam (Ver 2.0),60.99,,,USD,New,https://www.usagundamstore.com/products/mg-1-100-freedom-gundam-ver-2-0,https://cdn.shopify.com/s/files/1/0727/8355/products/3322ad85-8d07-47b5-8a55-fc2df9a9fca8_600x600.jpg?v=1762198719
gundam,model_kit,USA Gundam Store,retailer,HGUC 1/144 #101 RX-0 Unicorn Gundam (Unicorn Mode),19.99,,,USD,New,https://www.usagundamstore.com/products/hguc-1-144-101-rx-0-unicorn-gundam-unicorn-mode,https://cdn.shopify.com/s/files/1/0727/8355/products/d1685cfe-fb0a-448a-8743-beedd81e9f19_600x600.jpg?v=1759252390
gundam,model_kit,USA Gundam Store,retailer,RG 1/144 #01 RX-78-2 Gundam,30.99,,,USD,New,https://www.usagundamstore.com/products/rg-1-144-01-rx-78-2-gundam,https://cdn.shopify.com/s/files/1/0727/8355/products/27d7884d-c254-401f-86be-23d2a83779fc_600x600.jpg?v=1762198536
gundam,model_kit,USA Gundam Store,retailer,MG 1/100 V-Dash Gundam (Ver.Ka),75.99,,,USD,New,https://www.usagundamstore.com/products/mg-lm312v04-v-dash-gundam-ver-ka,https://cdn.shopify.com/s/files/1/0727/8355/files/1000092377_1_9b3963a3-0c26-4472-8f37-38534426c621_600x600.jpg?v=1765471160
gundam,model_kit,USA Gundam Store,retailer,MG 1/100 Wing Gundam (Ver. Ka),40.99,,,USD,New,https://www.usagundamstore.com/products/mg-1-100-wing-gundam-ver-ka,https://cdn.shopify.com/s/files/1/0727/8355/products/34d85331-1fa5-4a8f-a635-c1c056608460_600x600.jpg?v=1762198467
gundam,model_kit,USA Gundam Store,retailer,MG 1/100 Shining Gundam,29.99,,,USD,New,https://www.usagundamstore.com/products/mg-1-100-shining-gundam,https://cdn.shopify.com/s/files/1/0727/8355/products/87d2a3ec-7ff5-4630-a65e-3fbfb0972687_600x600.jpg?v=1762199100
gundam,model_kit,USA Gundam Store,retailer,RG 1/144 #11 Destiny Gundam,34.99,,,USD,New,https://www.usagundamstore.com/products/rg-1-144-11-destiny-gundam,https://cdn.shopify.com/s/files/1/0727/8355/products/63627d48-cdf8-467f-9da6-a7850a41b8be-removebg_600x600.png?v=1762198353
gundam,model_kit,USA Gundam Store,retailer,MG 1/100 Wing Gundam (TV),48.99,,,USD,New,https://www.usagundamstore.com/products/mg-wing-gundam,https://cdn.shopify.com/s/files/1/0727/8355/products/0b4a444a-8152-413f-8b9b-f7e57d81134c_600x600.jpg?v=1762198757
gundam,model_kit,USA Gundam Store,retailer,HGBF 1/144 #07 Sengoku Astray Gundam,24.99,,,USD,New,https://www.usagundamstore.com/products/hgbf-1-144-07-sengoku-astray-gundam,https://cdn.shopify.com/s/files/1/0727/8355/products/29049891-5281-45f5-87e5-942c27941b23_600x600.jpg?v=1762198206
gundam,model_kit,USA Gundam Store,retailer,MG 1/100 RX-0 Full Armor Unicorn Gundam (Ver.Ka),102.99,,,USD,New,https://www.usagundamstore.com/products/mg-1-100-rx-0-full-armor-unicorn-gundam-ver-ka,https://cdn.shopify.com/s/files/1/0727/8355/products/690db7cb-9d7e-4ef4-8c5c-e5f2892a1abd_600x600.jpg?v=1762198188
gundam,model_kit,USA Gundam Store,retailer,RG 1/144 #14 Strike Freedom Gundam,43.99,,,USD,New,https://www.usagundamstore.com/products/rg-1-144-14-strike-freedom-gundam,https://cdn.shopify.com/s/files/1/0727/8355/products/6d6223b5-5757-4915-9e64-b25a1d8b1f0a_600x600.jpg?v=1762198362
gundam,model_kit,USA Gundam Store,retailer,RG 1/144 #10 Zeta Gundam,40.99,,,USD,New,https://www.usagundamstore.com/products/rg-1-144-10-zeta-gundam,https://cdn.shopify.com/s/files/1/0727/8355/products/60f98391-69f0-4cf7-957b-9d5caaa98bc0_600x600.jpg?v=1762198231
gundam,model_kit,USA Gundam Store,retailer,MG 1/100 XXXG-01W Wing Gundam (EW),40.99,,,USD,New,https://www.usagundamstore.com/products/mg-1-100-xxxg-01w-wing-gundam-ew-ver,https://cdn.shopify.com/s/files/1/0727/8355/products/153_2717_s_hv9i5s250pk4lcifesezoei0okqb_8dafe70f-e506-4ac4-9061-39f5a7b2020c_600x600.jpg?v=1762198069
gundam,model_kit,USA Gundam Store,retailer,RG 1/144 #41 ORB-01 Akatsuki Gundam (Oowashi Unit),97.99,,,USD,New,https://www.usagundamstore.com/products/rg-1-144-39-akatsuki-gundam-equipped-with-owashi,https://cdn.shopify.com/s/files/1/0727/8355/files/153_6242_o_1iel62jkqqrf12n11bhp1du911um23_600x600.jpg?v=1762283813
gundam,model_kit,USA Gundam Store,retailer,HGGBM 1/144 #4 Shin Burning Gundam,33.99,,,USD,New,https://www.usagundamstore.com/products/hg-1-144-god-burning-gundam-hg-1-144-shin-burning-gundam,https://cdn.shopify.com/s/files/1/0727/8355/files/153_5882_o_1hehpl5ib11k0b151bng6d91mth23_b9aa685e-e923-4f70-b3fa-a334b2bff9d5_600x600.jpg?v=1762280601
gundam,model_kit,USA Gundam Store,retailer,HGUC 1/144 #111 ZZ Gundam,30.99,,,USD,New,https://www.usagundamstore.com/products/hguc-1-144-111-zz-gundam,https://cdn.shopify.com/s/files/1/0727/8355/products/7571d159-7d01-45b5-b2fd-b52cec59e60d_600x600.jpg?v=1762198516
gundam,model_kit,USA Gundam Store,retailer,MG PF-78-1 Perfect Gundam,53.99,,,USD,New,https://www.usagundamstore.com/products/mg-pf-78-1-perfect-gundam,https://cdn.shopify.com/s/files/1/0727/8355/products/14231877423_600x600.jpg?v=1762200942
gundam,model_kit,USA Gundam Store,retailer,HGUC 1/144 #218 Narrative Gundam (A-Packs),72.99,,,USD,New,https://www.usagundamstore.com/products/hguc-1-144-218-narrative-gundam-a-packs,https://cdn.shopify.com/s/files/1/0727/8355/products/5de6c8f9-aeb4-4b74-a67d-0e98ca5b2650_600x600.jpg?v=1762268519
gundam,model_kit,USA Gundam Store,retailer,HG00 1/144 #45 0 Gundam (Type A.C.D. Ver.),17.99,,,USD,New,https://www.usagundamstore.com/products/hg00-1-144-45-0-gundam-type-a-c-d-ver,https://cdn.shopify.com/s/files/1/0727/8355/products/0a20ed22-10b1-459c-9c02-367c5526f936_600x600.jpg?v=1762198403
gundam,model_kit,USA Gundam Store,retailer,HGCE 1/144 #252 Duel Blitz Gundam,31.99,,,USD,New,https://www.usagundamstore.com/products/hgce-1-144-duel-blitz-gundam,https://cdn.shopify.com/s/files/1/0727/8355/files/153_6088_o_1i2t87iscr9o1hfc1g0b1clomgk23_5952c99d-ed67-4a8c-854e-167681fe2ab4_600x600.jpg?v=1762283274
gundam,model_kit,USA Gundam Store,retailer,HGBF 1/144 #40 Lightning Z Gundam,29.99,,,USD,New,https://www.usagundamstore.com/products/hgbf-1-144-040-lightning-z-gundam,https://cdn.shopify.com/s/files/1/0727/8355/products/49e65da3-c64d-4d8b-a9fb-efc11b707b61_600x600.jpg?v=1762198377
gundam,model_kit,USA Gundam Store,retailer,MG 1/100 RX-78-2 Gundam (Ver. Ka),36.99,,,USD,New,https://www.usagundamstore.com/products/mg-1-100-rx-78-2-gundam-ver-ka,https://cdn.shopify.com/s/files/1/0727/8355/files/153_316_s_84qmj44e77vfrla6eo4jtamghypq_fbde4072-f3b5-49a0-b58a-a821e0745ff5_600x600.jpg?v=1762199200
gundam,model_kit,USA Gundam Store,retailer,BB295 Blu Duel Gundam,9.99,,,USD,New,https://www.usagundamstore.com/products/bb295-blu-duel-gundam,https://cdn.shopify.com/s/files/1/0727/8355/products/153_2561_s_qvs8pl59548ooq7w02524vh7je3h_600x600.jpg?v=1762278327
gundam,model_kit,USA Gundam Store,retailer,HGFC 1/144 #110 GF13-017NJII Burning Gundam,24.99,,,USD,New,https://www.usagundamstore.com/products/hgfc-1-144-110-gf13-017njii-god-gundam,https://cdn.shopify.com/s/files/1/0727/8355/products/f743d0c8-352f-4c98-a31c-3a8d7641bb0b_600x600.jpg?v=1762198761
gundam,model_kit,USA Gundam Store,retailer,HGBF 1/144 #28 Try Burning Gundam,24.99,,,USD,New,https://www.usagundamstore.com/products/hgbf-1-144-try-burning-gundam,https://cdn.shopify.com/s/files/1/0727/8355/files/153_1254_s_mrzc0hvbbmokr52h08yd9yydbcf4_f8c08580-363d-4bc8-bdf3-94408d4bbe0e_600x600.jpg?v=1762198182
gundam,model_kit,USA Gundam Store,retailer,HG 1/144 #41 Strike Noir Gundam,19.99,,,USD,New,https://www.usagundamstore.com/products/hg-1-144-41-strike-noir-gundam,https://cdn.shopify.com/s/files/1/0727/8355/products/s-l500_e3facbd4-b8d7-401f-af2c-ad1900e02b03_600x600.jpg?v=1764881450
gundam,model_kit,USA Gundam Store,retailer,PG 1/60 Strike Freedom Gundam,325.99,,,USD,New,https://www.usagundamstore.com/products/pg-strike-freedom-gundam,https://cdn.shopify.com/s/files/1/0727/8355/files/153_3859_s_fxnmhl45793pioe82adur92h9t57_fd069600-df9c-43bd-bf9b-985a9c39c2d6_600x600.jpg?v=1762198567
gundam,model_kit,USA Gundam Store,retailer,SD Gundam Ex-Standard 20 Rising Freedom Gundam,11.99,,,USD,New,https://www.usagundamstore.com/products/sd-gundam-ex-standard-rising-freedom-gundam,https://cdn.shopify.com/s/files/1/0727/8355/files/153_5939_o_1hko1svohkshhd5u7sv111hpu23_8331e32c-77c8-4eb4-b1a1-9c00d6f94ea2_600x600.jpg?v=1762281811
gundam,model_kit,USA Gundam Store,retailer,SD Gundam Cross Silhouette Tornado Gundam,21.99,,,USD,New,https://www.usagundamstore.com/products/sd-gundam-cross-silhouette-tornado-gundam,https://cdn.shopify.com/s/files/1/0727/8355/files/153_5283_s_t6ivht2zrd9d79xevghajaq6qaxj_b5a635ec-ca94-4f26-bb57-7a300c28b4ad_600x600.jpg?v=1762280555
gundam,model_kit,USA Gundam Store,retailer,HGUC 1/144 #189 V2 Assault Buster Gundam,27.99,,,USD,New,https://www.usagundamstore.com/products/hguc-1-144-189-v2-assault-buster-gundam,https://cdn.shopify.com/s/files/1/0727/8355/products/6e19f32b-8d7a-4720-a27c-9c5f20c06873_600x600.jpg?v=1781892004
gundam,model_kit,USA Gundam Store,retailer,MG 1/100 Sengoku Astray Gundam,66.99,,,USD,New,https://www.usagundamstore.com/products/mg-1-100-sengoku-astray-gundam,https://cdn.shopify.com/s/files/1/0727/8355/files/153_1052_s_w14lmnjvb8nyt282jwofqwi93tmz_95193ced-6135-4cd8-8883-9b46d20028aa_600x600.jpg?v=1762198217
gundam,model_kit,USA Gundam Store,retailer,HGCE 1/144 #231 Infinite Justice Gundam,29.99,,,USD,New,https://www.usagundamstore.com/products/hgce-1-144-231-infinite-justice-gundam,https://cdn.shopify.com/s/files/1/0727/8355/products/f2755436-c3e2-4b82-a68c-d5d28f0b0d60_600x600.jpg?v=1762271465
gundam,model_kit,USA Gundam Store,retailer,MG 1/100 Sword Impulse Gundam,60.99,,,USD,New,https://www.usagundamstore.com/products/mg-1-100-sword-impulse-gundam,https://cdn.shopify.com/s/files/1/0727/8355/products/a4a242e1-e123-4174-8334-9761b6fb26ec_600x600.jpg?v=1762198152
gundam,model_kit,USA Gundam Store,retailer,SD Gundam EX-Standard 005 RX-0 Unicorn Gundam (Destroy Mode),11.99,,,USD,New,https://www.usagundamstore.com/products/sd-ex-standard-005-rx-0-unicorn-gundam-destroy-mode,https://cdn.shopify.com/s/files/1/0727/8355/products/2daa1ee2-9cf9-4e4d-b7ad-b4a82c7b9d64_600x600.jpg?v=1762198631
gundam,model_kit,USA Gundam Store,retailer,MG 1/100 Victory 2 Gundam (Ver. Ka),60.99,,,USD,New,https://www.usagundamstore.com/products/pre-order-mg-1-100-v2-gundam-ver-ka,https://cdn.shopify.com/s/files/1/0727/8355/files/153_1430_s_6xbq4bm02qad2odbnyo92zqoru0f_71e4201e-a86c-4a29-8ee5-762294bc47dd_600x600.jpg?v=1762198568
gundam,model_kit,USA Gundam Store,retailer,HGCE 1/144 #226 Destiny Gundam (Heine Westenfluss Custom),29.99,,,USD,New,https://www.usagundamstore.com/products/hgce-1-144-destiny-gundam-heine-westenfluss-custom,https://cdn.shopify.com/s/files/1/0727/8355/files/153_3241_s_z0jd4h0948ax1chwv15782mrgnt0_600x600.jpg?v=1781812371
gundam,model_kit,USA Gundam Store,retailer,RG 1/144 #25 Unicorn Gundam,50.99,,,USD,New,https://www.usagundamstore.com/products/rg-1-144-25-unicorn-gundam,https://cdn.shopify.com/s/files/1/0727/8355/products/cf69efea-a2c0-4aa6-9072-ae289fca2872_600x600.jpg?v=1762200507
gundam,model_kit,USA Gundam Store,retailer,MG 1/100 Justice Gundam,64.99,,,USD,New,https://www.usagundamstore.com/products/pre-order-mg-1-100-justice-gundam,https://cdn.shopify.com/s/files/1/0727/8355/products/38e05623-1982-4bec-a70a-af5cb946aab0-removebg_600x600.png?v=1762199220
gundam,model_kit,USA Gundam Store,retailer,Gundam Seed Full Mechanics 1/100 Raider Gundam,59.99,,,USD,New,https://www.usagundamstore.com/products/gundam-seed-full-mechanics-1-100-raider-gundam,https://cdn.shopify.com/s/files/1/0727/8355/products/157_5020_s_782i8vqwneersef5ohs0yi0ixw88_627c8467-07fd-4ec3-aeb0-ba4e3da8419f_600x600.jpg?v=1762275871
gundam,model_kit,USA Gundam Store,retailer,Gundam Legend BB370 SD Knight Gundam,13.99,,,USD,New,https://www.usagundamstore.com/products/gundam-legend-bb370-sd-knight-gundam,https://cdn.shopify.com/s/files/1/0727/8355/products/71Z6k9tanKL._SL1500_600x600.jpg?v=1762198875
gundam,model_kit,USA Gundam Store,retailer,HGCE 1/144 #198 Force Impulse Gundam,22.99,,,USD,New,https://www.usagundamstore.com/products/hgce-1-144-198-force-impulse-gundam,https://cdn.shopify.com/s/files/1/0727/8355/products/f7676f54-a010-4cf6-b2cc-6e55111bc95e_600x600.jpg?v=1762198775
gundam,model_kit,USA Gundam Store,retailer,SDBF #30 Star Winning Gundam,16.99,,,USD,New,https://www.usagundamstore.com/products/sdbf-030-star-winning-gundam,https://cdn.shopify.com/s/files/1/0727/8355/products/153_1261_s_gdvz7xtxb83wqccuwtdzs26kd5az_f52e007f-fa81-4ca8-ac94-ff449fcc7a80_600x600.jpg?v=1762198206
gundam,model_kit,USA Gundam Store,retailer,MG 1/100 ZGMF-X20A Strike Freedom Gundam,64.99,,,USD,New,https://www.usagundamstore.com/products/mg-100-zgmf-x20a-gundam-strike-freedom,https://cdn.shopify.com/s/files/1/0727/8355/products/52a8d73b-861e-4365-b8eb-e23736dbadb0_600x600.jpg?v=1762198070
gundam,model_kit,USA Gundam Store,retailer,MG 1/100 Force Impulse Gundam,59.99,,,USD,New,https://www.usagundamstore.com/products/bandai-1-100-mg-master-grade-gundam-seed-force-impulse-gundam-model-kit,https://cdn.shopify.com/s/files/1/0727/8355/products/c15ddd30-c95c-41be-ba43-73164f3f7d86_600x600.png?v=1762197955
gundam,model_kit,USA Gundam Store,retailer,HGCE 1/144 #192 Freedom Gundam (Revive),24.99,,,USD,New,https://www.usagundamstore.com/products/hgce-1-144-192-freedom-gundam-revive,https://cdn.shopify.com/s/files/1/0727/8355/products/6fe87f5f-f578-4035-9f5c-624817f3e4cb_600x600.jpg?v=1762198498
gundam,model_kit,USA Gundam Store,retailer,Gundam Legend BB375 SD Command Gundam,13.99,,,USD,New,https://www.usagundamstore.com/products/gundam-legend-bb375-sd-command-gundam,https://cdn.shopify.com/s/files/1/0727/8355/products/f242ad04-0815-43ae-887a-54df7678a384_1_600x600.jpg?v=1762201746
gundam,model_kit,USA Gundam Store,retailer,HGCE 1/144 #201 Strike Freedom Gundam,28.99,,,USD,New,https://www.usagundamstore.com/products/hgce-1-144-201-strike-freedom-gundam,https://cdn.shopify.com/s/files/1/0727/8355/products/1299fbe8-528a-4d69-9ef5-43730019336c_600x600.jpg?v=1762199004
gundam,model_kit,USA Gundam Store,retailer,Gundam Legend SD Gundam BB373 Musha Gundam,13.99,,,USD,New,https://www.usagundamstore.com/products/gundam-legend-sd-gundam-bb373-musha-gundam,https://cdn.shopify.com/s/files/1/0727/8355/products/51FaR8FvoYL_600x600.jpg?v=1762201547
gundam,model_kit,USA Gundam Store,retailer,MG 1/100 GAT-X105 Aile Strike Gundam (Ver. RM),55.99,,,USD,New,https://www.usagundamstore.com/products/mg-1-100-gat-x105-aile-strike-gundam-ver-rm-remaster,https://cdn.shopify.com/s/files/1/0727/8355/products/8a890ae4-6f96-4798-9a84-b531440412c4_600x600.jpg?v=1762198064
gundam,model_kit,USA Gundam Store,retailer,MG 1/100 Infinite Justice Gundam,66.99,,,USD,New,https://www.usagundamstore.com/products/bandai-1-100-mg-master-grade-infinite-justice-gundam-model-kit-zgmf-x19a-156649,https://cdn.shopify.com/s/files/1/0727/8355/products/8b5af19e-a20f-427b-8a44-918f98ccaa7c_600x600.png?v=1762197958
gundam,model_kit,USA Gundam Store,retailer,SD Gundam EX-Standard 002 Aile Strike Gundam,11.99,,,USD,New,https://www.usagundamstore.com/products/sd-gundam-ex-standard-002-aile-strike-gundam,https://cdn.shopify.com/s/files/1/0727/8355/products/Untitled-42_92714faf-dc5a-499e-bebb-cc4ad9e992d8_600x600.jpg?v=1762198618
gundam,model_kit,USA Gundam Store,retailer,HGBF 1/144 #058 Star Burning Gundam,20.99,,,USD,New,https://www.usagundamstore.com/products/pre-order-hgbf-1-144-star-burning-gundam,https://cdn.shopify.com/s/files/1/0727/8355/files/153_2012_s_7dctg3r543ov0h95g1dsos3erjk0_72ae6d8b-34a9-4f6a-b14c-744e030d639d_600x600.jpg?v=1762200879
gundam,model_kit,USA Gundam Store,retailer,HGCE 1/144 #243 Rising Freedom Gundam,27.99,,,USD,New,https://www.usagundamstore.com/products/bandai-hg-1-144-rising-freedom-gundam-tentative-name,https://cdn.shopify.com/s/files/1/0727/8355/files/153_5937_o_1hko23oi9ick14121p69cko18c523_66c8069c-b82a-4e7b-8166-0ad5e7ba91bb_600x600.jpg?v=1762281802
gundam,model_kit,USA Gundam Store,retailer,SDW Heroes #36 78th Musha Gundam,21.99,,,USD,New,https://www.usagundamstore.com/products/sdw-heroes-36-musha-gundam-the-78th,https://cdn.shopify.com/s/files/1/0727/8355/files/153_5941_s_wjlu3wh38m25sl856ztvbhoee8ed_8d1f6b20-f231-41cb-ad96-ef981eed743d_600x600.jpg?v=1762281689
gundam,model_kit,USA Gundam Store,retailer,RG 1/144 #03 Aile Strike Gundam,33.99,,,USD,New,https://www.usagundamstore.com/products/rg-1-144-03-aile-strike-gundam,https://cdn.shopify.com/s/files/1/0727/8355/products/ce206f39-1cc8-4948-bb3e-922dfa010d89-removebg_600x600.png?v=1762198351
gundam,model_kit,USA Gundam Store,retailer,Gundam SD EX-Standard 009 Destiny Gundam,10.99,,,USD,New,https://www.usagundamstore.com/products/pre-order-ex-standard-009-destiny-gundam,https://cdn.shopify.com/s/files/1/0727/8355/products/153_1815_s_i9j370wqbwajkap5s0t303m15h1b_d10ff823-d824-478f-b026-de4f6eb40623_600x600.jpg?v=1762198712
gundam,model_kit,USA Gundam Store,retailer,HGBF 1/144 #20 Lightning Gundam,20.99,,,USD,New,https://www.usagundamstore.com/products/hgbf-1-144-lightning-gundam,https://cdn.shopify.com/s/files/1/0727/8355/files/153_1195_s_9oj4o57w5bpnql730nt8krjctqt3_6e84cfbd-0b67-4c4d-95eb-59ca9ada7d46_600x600.jpg?v=1762198164
gundam,model_kit,USA Gundam Store,retailer,HGUC 1/144 #165 Victory Gundam,16.99,,,USD,New,https://www.usagundamstore.com/products/hguc-1-144-165-v-gundam,https://cdn.shopify.com/s/files/1/0727/8355/products/71UwICJcaOL._SL1431_600x600.jpg?v=1762198158
gundam,model_kit,USA Gundam Store,retailer,HGFC 1/144 #127 Shining Gundam,19.99,,,USD,New,https://www.usagundamstore.com/products/hgfc-127-shining-gundam-1-144,https://cdn.shopify.com/s/files/1/0727/8355/files/94d741a9-a785-45af-bf8e-c65ad918df61_600x600.webp?v=1762198668
gundam,model_kit,USA Gundam Store,retailer,MG 1/100 ZGMF-X42S Destiny Gundam,64.99,,,USD,New,https://www.usagundamstore.com/products/bandai-mg-512437-gundam-zgmf-x42s-destiny-gundam-1-100-scale-kit,https://cdn.shopify.com/s/files/1/0727/8355/products/d973fa91-11a8-45b9-96bf-c8ae2272ba6d_600x600.jpg?v=1762197960
gundam,model_kit,USA Gundam Store,retailer,SD Gundam EX-Standard 006 Strike Freedom Gundam,11.99,,,USD,New,https://www.usagundamstore.com/products/pre-order-ex-standard-006-strike-freedom-gundam,https://cdn.shopify.com/s/files/1/0727/8355/products/153_1560_s_jwq138edmob8cx9od4knlvs4r2n1_2c464441-c29e-441a-9668-de07ca1bcf6c_600x600.jpg?v=1762198627
gundam,model_kit,USA Gundam Store,retailer,MG 1/100 Launcher and Sword Strike Gundam,60.99,,,USD,New,https://www.usagundamstore.com/products/mg-launcher-amp-sword-strike-gundam,https://cdn.shopify.com/s/files/1/0727/8355/files/153_2585_s_x03c6y6obsm8acivojdjjz7fv329_600x600.jpg?v=1762198524
gundam,model_kit,USA Gundam Store,retailer,HGBF 1/144 #43 Kamiki Burning Gundam,24.99,,,USD,New,https://www.usagundamstore.com/products/hgbf-1-144-43-kamiki-burning-gundam,https://cdn.shopify.com/s/files/1/0727/8355/products/a0bbd6d2-c38f-4e11-8b1d-15e60b5a1cce_600x600.jpg?v=1762198503
gundam,model_kit,USA Gundam Store,retailer,HGUC 1/144 #222 RX-9/C Narrative Gundam (C-Packs),30.99,,,USD,New,https://www.usagundamstore.com/products/hguc-1-144-222-rx-9-c-narrative-gundam-c-packs,https://cdn.shopify.com/s/files/1/0727/8355/products/c1d54d24-9c3d-494b-b2a1-37c062caaa54_600x600.jpg?v=1762268900
gundam,model_kit,USA Gundam Store,retailer,HGUC 1/144 #35 Super Gundam,27.99,,,USD,New,https://www.usagundamstore.com/products/hguc-1-144-35-super-gundam,https://cdn.shopify.com/s/files/1/0727/8355/products/3bc5dc3f-eba9-4b62-bd5c-07b04546aaa1_600x600.jpg?v=1762198380
gundam,model_kit,USA Gundam Store,retailer,SDW Heroes Resurrection #33 Wukong Impulse (Childhood Ver.) &amp; Sanzo Strike Freedom Gundam Set,20.99,,,USD,New,https://www.usagundamstore.com/products/sdw-heroes-33-goku-impulse-gundam-sanzang-strike-freedom-gundam-set,https://cdn.shopify.com/s/files/1/0727/8355/files/153_5864_s_qy2cjfl5elpek0ok2hq770klkywc_7d6ece09-38f9-4602-a67e-70f0db404df0_600x600.jpg?v=1762280946
gundam,model_kit,USA Gundam Store,retailer,SD BB Senshi #227 Super Gundam,10.99,,,USD,New,https://www.usagundamstore.com/products/sd-bb-senshi-227-super-gundam,https://cdn.shopify.com/s/files/1/0727/8355/products/1000075246_1_600x600.jpg?v=1762278795
gundam,model_kit,USA Gundam Store,retailer,SDW Heroes #27 Zhao Yun 00 Gundam (Command Package Ver.),13.99,,,USD,New,https://www.usagundamstore.com/products/sdw-heroes-27-zhao-yun-00-gundam-command-package-ver,https://cdn.shopify.com/s/files/1/0727/8355/products/153_5101_o_1gd2jaihhdum1coiecf1ahd7ko23_12ec74a5-7dcd-4142-8876-20535f8addb3_600x600.jpg?v=1762276907
gundam,model_kit,USA Gundam Store,retailer,SDW Heroes #14 Qiongqi Strike Freedom Gundam,15.99,,,USD,New,https://www.usagundamstore.com/products/sdw-heroes-14-qiongqi-strike-freedom-gundam,https://cdn.shopify.com/s/files/1/0727/8355/products/153_4635_s_h282vyw9ix9nbucz9wbiqdjop5rp_600x600.jpg?v=1762276846
gundam,model_kit,USA Gundam Store,retailer,HGBB 1/144 Blazing Gundam,23.99,,,USD,New,https://www.usagundamstore.com/products/hgbb-1-144-blazing-gundam,https://cdn.shopify.com/s/files/1/0727/8355/products/a20e6a8e-0e27-426e-a11a-983c86429ffc_600x600.jpg?v=1762274530
gundam,model_kit,USA Gundam Store,retailer,HG00 1/144 #37 Seraphim Gundam,14.99,,,USD,New,https://www.usagundamstore.com/products/hg-1-144-37-seraphim-gundam,https://cdn.shopify.com/s/files/1/0727/8355/files/153_1861_o_1bblush84h2kj7t19v6rhh4f523_8c038bff-c749-40ad-80f3-652ef695ca18_600x600.jpg?v=1762198898
gundam,model_kit,USA Gundam Store,retailer,C38 RG HG 1/144 Force Impulse Gundam,4.49,,,USD,New,https://www.usagundamstore.com/products/c38-rg-hg-1-144-force-impulse-gundam,https://cdn.shopify.com/s/files/1/0727/8355/products/06-14-C38RGHGFORCEIMPULSE_2_600x600.jpg?v=1762272306
gundam,model_kit,USA Gundam Store,retailer,HGBF 1/144 #34 Transient Gundam,24.99,,,USD,New,https://www.usagundamstore.com/products/hgbf-1-144-034-transient-gundam,https://cdn.shopify.com/s/files/1/0727/8355/products/fc949cb4-2e00-4b71-b5a4-ff614f8e80a6_600x600.jpg?v=1762198111
gundam,model_kit,USA Gundam Store,retailer,SD Gundam BB Senshi #288 Strike Freedom Gundam,9.99,,,USD,New,https://www.usagundamstore.com/products/bb-sd-strike-freedom,https://cdn.shopify.com/s/files/1/0727/8355/products/153_624_s_3dmezpt5auxypnsgi7dl7zoa6wzp_f5604804-c40b-40e9-a372-892c49abe610_600x600.jpg?v=1762198670
gundam,model_kit,USA Gundam Store,retailer,HGUC 1/144 #93 Nu Gundam (Heavy Weapon System),36.99,,,USD,New,https://www.usagundamstore.com/products/hguc-1-144-93-nu-gundam-heavy-weapon-system,https://cdn.shopify.com/s/files/1/0727/8355/products/c4685acd-272a-422f-a6c7-8ce3ca4a39d6_600x600.jpg?v=1762200706
gundam,other,USA Gundam Store,retailer,F66 MG PB Eclipse Gundam with Raisin Striker Decal Sheet,7.99,,,USD,New,https://www.usagundamstore.com/products/f66-mg-pb-eclipse-gundam-with-raisin-striker-decal-sheet,https://cdn.shopify.com/s/files/1/0727/8355/products/06-10-F66MGPBEclipseGundam_RaisinStriker_2_600x600.jpg?v=1762280163
gundam,model_kit,USA Gundam Store,retailer,E44 MG 1/100 V2 / V2AB Victory Gundam (2PC),7.99,,,USD,New,https://www.usagundamstore.com/products/e44-mg-1-100-v2-v2ab-victory-gundam-2pc,https://cdn.shopify.com/s/files/1/0727/8355/products/bf3ba9_0eeef3f3cc1845f7ac22face734752e9_mv2_600x600.jpg?v=1762276025
gundam,model_kit,USA Gundam Store,retailer,F39 MG Avalanche Exia Gundam,5.59,,,USD,New,https://www.usagundamstore.com/products/f39-mg-avalanche-exia-gundam,https://cdn.shopify.com/s/files/1/0727/8355/products/bf3ba9_1c416c9ec66742f5a8d1791d85cc9e04_mv2_600x600.jpg?v=1762276013
gundam,model_kit,USA Gundam Store,retailer,Entry Grade 1/144 #11 Nu Gundam,12.99,,,USD,New,https://www.usagundamstore.com/products/entry-grade-1-144-11-nu-gundam,https://cdn.shopify.com/s/files/1/0727/8355/products/158_5007_s_0ylwv6vvc4fo9vact34r4ywn1f1v_d526c390-6b52-428d-a7fb-cca1c071fd79_600x600.jpg?v=1762275873
gundam,model_kit,USA Gundam Store,retailer,SDW Heroes #19 Caesar Legend Gundam,10.99,,,USD,New,https://www.usagundamstore.com/products/sdw-heroes-19-caesar-legend-gundam,https://cdn.shopify.com/s/files/1/0727/8355/products/153_4700_s_t1ysrw8j4or1wicdl4wktykyhawt_600x600.jpg?v=1762275428
gundam,model_kit,USA Gundam Store,retailer,SDW Heroes #21 Knight Strike Gundam,10.99,,,USD,New,https://www.usagundamstore.com/products/sdw-heroes-21-knight-strike-gundam,https://cdn.shopify.com/s/files/1/0727/8355/products/153_4708_o_1g3nuj01ultj1pvr7ef17p1ti123_2f8f61fb-844b-4fca-a3e2-fd11f7e328c2_600x600.jpg?v=1762275427
gundam,model_kit,USA Gundam Store,retailer,"F33 MG 00 Gundam with Raiser, 00R (Redesigned!)",5.99,,,USD,New,https://www.usagundamstore.com/products/f33-mg-00-gundam-with-raiser-00r-redesigned,https://cdn.shopify.com/s/files/1/0727/8355/files/bf3ba9_d02ae53cf90347a09a0b2c4320ad115d_mv2_600x600.jpg?v=1762273479
gundam,model_kit,USA Gundam Store,retailer,F31 MG Magnum Gundam,5.99,,,USD,New,https://www.usagundamstore.com/products/f31-mg-magnum-gundam,https://cdn.shopify.com/s/files/1/0727/8355/products/F31MGMagnum_600x600.jpg?v=1762272969
gundam,model_kit,USA Gundam Store,retailer,F26 HiRM GOD GUNDAM,4.99,,,USD,New,https://www.usagundamstore.com/products/f26-hirm-god-gundam,https://cdn.shopify.com/s/files/1/0727/8355/products/god_600x600.jpg?v=1762271441
gundam,model_kit,USA Gundam Store,retailer,SD Gundam BB Senshi #395 Nidaime Daishogun Gundam,19.99,,,USD,New,https://www.usagundamstore.com/products/second-generation-imperator-sd-musha-gundam-395-legend-bb,https://cdn.shopify.com/s/files/1/0727/8355/products/153_1187_s_6l6t6vu68s32mhnhhde40z390zbl_a5dd05c3-7112-4c38-88c7-583a33b44f91_600x600.jpg?v=1762198072
gundam,model_kit,USA Gundam Store,retailer,Explosive Model God Gundam (Metal Build-Style) 1/100 Scale Model Kit,94.99,,,USD,New,https://www.usagundamstore.com/products/god-gundam-explosive-model-metal-build-style-1-100-scale-with-metal-inner-frame,https://cdn.shopify.com/s/files/1/0727/8355/files/7824DA6B-291C-4079-9FB0-4080DBB3599E_600x600.jpg?v=1781643939
gundam,model_kit,USA Gundam Store,retailer,HGTWFM 1/144 #26 Gundam Calibarn,23.99,,,USD,New,https://www.usagundamstore.com/products/mobile-suit-gundam-the-witch-from-mercury-new-product-b-tentative,https://cdn.shopify.com/s/files/1/0727/8355/files/153_5527_s_dch0k096rqfilluzrmcul5zht4u7_1570cefb-b204-4870-802b-13e97d57dc5b_600x600.jpg?v=1762280262
gundam,model_kit,USA Gundam Store,retailer,MG Blazing Spirits 1/100 scale Master Gundam model kit,84.99,,,USD,New,https://www.usagundamstore.com/products/blazing-spirits-1-100-scale-master-gundam-model-kit,https://cdn.shopify.com/s/files/1/0727/8355/files/4AA0D66D-83CB-4253-A069-CA669AAD81DC_600x600.jpg?v=1778956739
gundam,model_kit,USA Gundam Store,retailer,MG 1/100 ASW-G-XX Gundam Vidar,72.99,,,USD,New,https://www.usagundamstore.com/products/mg-1-100-asw-g-xx-gundam-vidar,https://cdn.shopify.com/s/files/1/0727/8355/files/153_6312_s_rvilif532m0xhisnf9sccodwstnt_8201eaf8-f10e-418d-ba86-ed5311b34909_600x600.jpg?v=1756306929
gundam,model_kit,USA Gundam Store,retailer,HGTWFM 1/144 #03 Gundam Aerial,17.99,,,USD,New,https://www.usagundamstore.com/products/hgtwfm-1-144-03-gundam-aerial,https://cdn.shopify.com/s/files/1/0727/8355/products/189_5174_s_p0k6t0dftb22biju3b0wfu8ra8sw_060a394f-fbff-4a9a-9570-5ba95c69e3ac_600x600.jpg?v=1762278269
gundam,model_kit,USA Gundam Store,retailer,MG 1/100 Gundam Barbatos Lupus,83.99,,,USD,New,https://www.usagundamstore.com/products/mg-1-100-gundam-barbatos-lupus,https://cdn.shopify.com/s/files/1/0727/8355/files/ZnclMZfgWJyMn2Pg_f6331e6e-c64f-4b0b-a8ba-8fbee8699f47_600x600.jpg?v=1763476582
gundam,model_kit,USA Gundam Store,retailer,Gundam Assemble Starter Set 01,34.99,,,USD,New,https://www.usagundamstore.com/products/gundam-assemble-starter-set-01-st01,https://cdn.shopify.com/s/files/1/0727/8355/files/ST01_1_739698ae-4a9c-47d1-a502-72c5f6c5bb97_600x600.png?v=1772629440
gundam,model_kit,USA Gundam Store,retailer,MG 1/100 Gundam Epyon (EW Ver.),54.99,,,USD,New,https://www.usagundamstore.com/products/mg-1-100-gundam-epyon-ew-ver,https://cdn.shopify.com/s/files/1/0727/8355/products/30195c6d-3844-46e1-a9de-09355e081a25_600x600.jpg?v=1762198152
gundam,model_kit,USA Gundam Store,retailer,GM301 Gundam Marker Black (Pour Type),3.99,,,USD,New,https://www.usagundamstore.com/products/black-pour-type-gundam-marker-gm301p,https://cdn.shopify.com/s/files/1/0727/8355/products/51iaw6gc62L._AC_SL1150__1_29bd7b95-340b-4139-9769-c48fdaf5c86f_600x600.jpg?v=1762272593
gundam,model_kit,USA Gundam Store,retailer,Mobile Suit Gundam Wing HGAC XXXG-01S2 Altron Gundam 1/144 Scale Model Kit (P-Bandai),21.99,,,USD,New,https://www.usagundamstore.com/products/p-bandai-hgac-1-144-altron-gundam,https://cdn.shopify.com/s/files/1/0727/8355/files/1bdc9b85-80cb-4753-acdb-502a9d7ddc69_600x600.webp?v=1762287243
gundam,model_kit,USA Gundam Store,retailer,GM02 Gray Fine Point Gundam Marker,3.39,,,USD,New,https://www.usagundamstore.com/products/gsi-creos-gray-fine-point-gundam-marker,https://cdn.shopify.com/s/files/1/0727/8355/products/greyp_600x600.jpg?v=1762272578
gundam,model_kit,USA Gundam Store,retailer,Gundam Color (Semi-Gloss) Series,3.5,,,USD,New,https://www.usagundamstore.com/products/gundam-color-10ml-semi-gloss-series,https://cdn.shopify.com/s/files/1/0727/8355/products/gundam-color-collection_2_600x600.jpg?v=1762199099
gundam,model_kit,USA Gundam Store,retailer,HGTWFM 1/144 #19 Gundam Aerial Rebuild,22.99,,,USD,New,https://www.usagundamstore.com/products/hg-1-144-gundam-aerial-rebuild,https://cdn.shopify.com/s/files/1/0727/8355/products/153_5238_o_1gob4hha23q91daa1rt2v72e3p23_d2d00039-eeb7-4f1b-b201-0c748a53efd9_600x600.jpg?v=1762279507
gundam,model_kit,USA Gundam Store,retailer,HGAW 1/144 #270 Gundam Leopard,28.99,,,USD,New,https://www.usagundamstore.com/products/hg-1-144-gundam-leopard,https://cdn.shopify.com/s/files/1/0727/8355/files/OrK7mWD4YCj3Ysyb_600x600.jpg?v=1785769173
gundam,model_kit,USA Gundam Store,retailer,MGSD Destiny Gundam Model Kit,53.99,,,USD,New,https://www.usagundamstore.com/products/mgsd-destiny-gundam,https://cdn.shopify.com/s/files/1/0727/8355/files/wKbDQxOHcCCkyhFG_4e941329-b044-41c3-9855-a6c24ba85dbe_600x600.jpg?v=1771596500
gundam,model_kit,USA Gundam Store,retailer,HGAC 1/144 #236 Gundam Heavyarms,19.99,,,USD,New,https://www.usagundamstore.com/products/hgac-1-144-236-gundam-heavyarms,https://cdn.shopify.com/s/files/1/0727/8355/products/6a34a7a2-0954-4c7b-ba1b-52fb0f8e6683_600x600.jpg?v=1762272329
gundam,model_kit,USA Gundam Store,retailer,HGTWFM 1/144 #25 Gundam Schwarzette,24.99,,,USD,New,https://www.usagundamstore.com/products/hgtwfm-1-144-25-gundam-schwarzette,https://cdn.shopify.com/s/files/1/0727/8355/files/153_5308_s_cmnmceijeodl1i13uhf08p41ufe8_6d6a48fb-4ec3-48fb-b6d7-aeb47c30652f_600x600.jpg?v=1762279370
gundam,model_kit,USA Gundam Store,retailer,MG 1/100 RX-178 Gundam Mk-II (Ver 2.0),48.99,,,USD,New,https://www.usagundamstore.com/products/mg-1-100-rx-178-gundam-mk-ii-ver-2-0,https://cdn.shopify.com/s/files/1/0727/8355/products/82c65dfc-e331-401b-8172-526b8c5c0f20_600x600.jpg?v=1762197922
gundam,model_kit,USA Gundam Store,retailer,MG 1/100 ASW-G-08 Gundam Barbatos,60.99,,,USD,New,https://www.usagundamstore.com/products/mg-1-100-asw-g-08-gundam-barbatos,https://cdn.shopify.com/s/files/1/0727/8355/products/a2e9c4f9-0edd-4a06-987b-9b179fbe8e54_600x600.jpg?v=1762270682
gundam,model_kit,USA Gundam Store,retailer,HG-IBO 1/144 #01 Gundam Barbatos,13.99,,,USD,New,https://www.usagundamstore.com/products/hg-ibo-1-144-001-gundam-barbatos,https://cdn.shopify.com/s/files/1/0727/8355/products/9f9fe3f1-f9a8-4201-904c-30939796b9c1-removebg_600x600.png?v=1762198503
gundam,model_kit,USA Gundam Store,retailer,HGIBO 1/144 #47 Gundam Zagan,35.99,,,USD,New,https://www.usagundamstore.com/products/hgibo-1-144-monkey-lody-copy,https://cdn.shopify.com/s/files/1/0727/8355/files/vzvhit2WrqS20puq_e012ba2b-cc9a-40ec-a267-45b46d39be91_600x600.jpg?v=1764614473
gundam,model_kit,USA Gundam Store,retailer,HGTWFM 1/144 #17 Gundam Lfrith UR,24.99,,,USD,New,https://www.usagundamstore.com/products/hgtwfm-1-144-17-gundam-lfrith-ur,https://cdn.shopify.com/s/files/1/0727/8355/products/153_5236_s_h8s552obt3fuq1g5kcg3r663vagw_07acfcc1-2ede-4005-9638-1fbbcd5d7f55_600x600.jpg?v=1762278827
gundam,model_kit,USA Gundam Store,retailer,HGAW 1/144 #271 Gundam Virsago,35.99,,,USD,New,https://www.usagundamstore.com/products/hg-1-144-gundam-virsago,https://cdn.shopify.com/s/files/1/0727/8355/files/2825358_HG1_144GUNDAMVIRSAGO_1_600x600.jpg?v=1780007637
gundam,model_kit,USA Gundam Store,retailer,Gundam Assemble Deluxe Set 03 (DX03),169.99,,,USD,New,https://www.usagundamstore.com/products/gundam-assemble-deluxe-set-03-dx03,https://cdn.shopify.com/s/files/1/0727/8355/files/2825421_GA_DX03_EN_1_600x600.jpg?v=1784315251
gundam,model_kit,USA Gundam Store,retailer,GM03 Gundam Marker Brown (Fine),3.99,,,USD,New,https://www.usagundamstore.com/products/gm03-brown-fine-point-gundam-marker,https://cdn.shopify.com/s/files/1/0727/8355/products/brownp_600x600.jpg?v=1762272578
gundam,model_kit,USA Gundam Store,retailer,HGIBO 1/144 #008 Gundam Gusion,16.99,,,USD,New,https://www.usagundamstore.com/products/hg-ibo-1-144-08-gundam-gusion,https://cdn.shopify.com/s/files/1/0727/8355/products/5e35ff2c-d67b-4252-9bca-6e7b476642d2_600x600.jpg?v=1762198575
gundam,model_kit,USA Gundam Store,retailer,MG 1/100 Gundam Deathscythe EW,43.99,,,USD,New,https://www.usagundamstore.com/products/mg-1-100-gundam-deathscythe-ew,https://cdn.shopify.com/s/files/1/0727/8355/products/153_2706_s_e5vizy8379hu4yvwaehr6u4v26tp_5e2cf195-1ff0-4550-8727-04709a5aef14_600x600.jpg?v=1762198514
gundam,model_kit,USA Gundam Store,retailer,HGAW 1/144 #272 Gundam Ashtaron,44.99,,,USD,New,https://www.usagundamstore.com/products/4580886844555,https://cdn.shopify.com/s/files/1/0727/8355/files/2825378_HG1_144GUNDAMASHTARON_1_600x600.jpg?v=1780007732
gundam,model_kit,USA Gundam Store,retailer,MGSD Gundam Barbatos Model Kit,54.99,,,USD,New,https://www.usagundamstore.com/products/mgsd-gundam-barbatos,https://cdn.shopify.com/s/files/1/0727/8355/files/153_5863_o_1hckgk9vf3cb14v2mgh1m091utm23_37c6a1c9-2479-49b8-b744-641a900e72c4_600x600.jpg?v=1762280928
gundam,model_kit,USA Gundam Store,retailer,HGTWFM 1/144 #07 Gundam Pharact,24.99,,,USD,New,https://www.usagundamstore.com/products/hgtwfm-1-144-07-gundam-pharact,https://cdn.shopify.com/s/files/1/0727/8355/products/153_5181_o_1gje38mmn10fc10hfqfi1gh31bcp23_c8a05d01-f94b-47d2-ac96-6eb65661d654_600x600.jpg?v=1762278271
gundam,model_kit,USA Gundam Store,retailer,RG 1/144 #27 Unicorn Gundam 02 Banshee Norn,53.99,,,USD,New,https://www.usagundamstore.com/products/rg-1-144-27-unicorn-gundam-02-banshee-norn,https://cdn.shopify.com/s/files/1/0727/8355/products/84f27c91-faf2-4d30-b95d-62ced9fb1515_600x600.jpg?v=1762201057
gundam,model_kit,USA Gundam Store,retailer,HGUC 1/144 #66 RX-78GP02A Gundam Physalis,27.99,,,USD,New,https://www.usagundamstore.com/products/hguc-1-144-066-gundam-gp-02a,https://cdn.shopify.com/s/files/1/0727/8355/products/153_656_s_q242zqrr3n7wuvjmtmp1zdmcb4jy_248fafe1-7158-4642-b9fd-b3d2ae800302_600x600.jpg?v=1762198462
gundam,model_kit,Kotobukiya USA,retailer,GOVERNOR WARMAGE CERBERUS,23.99,,,USD,New,https://kotobukiya-us.com/products/190526024083,https://kotobukiya-us.com/cdn/shop/files/HG062_GOVERNOR_WARMAGE_CERBERUS_eye.jpg?v=1735033085&width=460
gundam,model_kit,Kotobukiya USA,retailer,FRAME ARMS GIRL AYATSUKI,89.99,,,USD,New,https://kotobukiya-us.com/products/190526034228,https://kotobukiya-us.com/cdn/shop/files/FG094_FAgirl_ayatsuki_eye.jpg?v=1735197169&width=460
gundam,model_kit,Kotobukiya USA,retailer,HEAVY WEAPON UNIT67 SLASH BINDER GRAY...,22.99,,,USD,New,https://kotobukiya-us.com/products/190526077317,https://kotobukiya-us.com/cdn/shop/files/MH67J_HW_Splendes_unit_gl_eye.jpg?v=1767931103&width=460
gundam,model_kit,Kotobukiya USA,retailer,HEAVY WEAPON UNIT68 SLASH BINDER WHIT...,19.99,,,USD,New,https://kotobukiya-us.com/products/190526077003,https://kotobukiya-us.com/cdn/shop/files/MH68J_HW_Splendes_unit_wh_eye.jpg?v=1767848885&width=460
gundam,model_kit,Kotobukiya USA,retailer,FRAME ARMS GIRL KONGO,99.99,,,USD,New,https://kotobukiya-us.com/products/190526058217,https://kotobukiya-us.com/cdn/shop/files/FG019R_FAGirl_KONGO_eye.jpg?v=1735196832&width=460
gundam,model_kit,Kotobukiya USA,retailer,ALTERNATIVE ORB MSG Ver.,18.99,,,USD,New,https://kotobukiya-us.com/products/190526062566,https://kotobukiya-us.com/cdn/shop/files/HG162_alternative_orb_msg_eye.jpg?v=1736226160&width=460
gundam,model_kit,Kotobukiya USA,retailer,VIRTUOUS STYLE04 FUTSUNOMITAMA,11.99,,,USD,New,https://kotobukiya-us.com/products/190526057746,https://kotobukiya-us.com/cdn/shop/files/GE004_vs04_futsunomitama_eye.jpg?v=1736135925&width=460
gundam,model_kit,Kotobukiya USA,retailer,GOVERNOR LIGHT ARMOR TYPE: ROSE Ver.1.5,24.99,,,USD,New,https://kotobukiya-us.com/products/190526068421,https://kotobukiya-us.com/cdn/shop/files/HG069R_GVN_armtype_rose_1_5_eye.jpg?v=1738808111&width=460
gundam,model_kit,Kotobukiya USA,retailer,TYPE-HECTOR DURANDAL,64.99,,,USD,New,https://kotobukiya-us.com/products/190526025318,https://kotobukiya-us.com/cdn/shop/files/FA116_type-hector_d_eye.jpg?v=1735030897&width=460
gundam,model_kit,Kotobukiya USA,retailer,XenoAlma Blaze Ophis,33.99,,,USD,New,https://kotobukiya-us.com/products/190526033245,https://kotobukiya-us.com/cdn/shop/files/AS002_XA_BlazeOphis_eye.jpg?v=1752813540&width=460
gundam,model_kit,Kotobukiya USA,retailer,Chaos & Pretty GRANDMA,84.99,,,USD,New,https://kotobukiya-us.com/products/190526053816,https://kotobukiya-us.com/cdn/shop/files/KP717_cp_granma_eye.jpg?v=1735199290&width=460
gundam,model_kit,Kotobukiya USA,retailer,METAMORPHOSE UNIT GRAVE ARMS2 BLACK Ver.,17.99,,,USD,New,https://kotobukiya-us.com/products/190526078208,https://kotobukiya-us.com/cdn/shop/files/CX048_MU_GRAVEARMS2_BK_eye.jpg?v=1771926590&width=460
gundam,model_kit,Kotobukiya USA,retailer,WEAPON UNIT31 ASSAULT RIFLE,4.99,,,USD,New,https://kotobukiya-us.com/products/603259041444,https://kotobukiya-us.com/cdn/shop/files/MW31_eye.webp?v=1735093656&width=460
gundam,model_kit,Kotobukiya USA,retailer,EVR-01A JET-N,25.99,,,USD,New,https://kotobukiya-us.com/products/190526043695,https://kotobukiya-us.com/cdn/shop/files/IT001_jet-n_eye.jpg?v=1735034808&width=460
gundam,model_kit,Kotobukiya USA,retailer,LUMITEA ReACT-iF,69.99,,,USD,New,https://kotobukiya-us.com/products/190526054783,https://kotobukiya-us.com/cdn/shop/files/AR009_LUMITEA_ReACT_iF_eye.jpg?v=1740552005&width=460
gundam,model_kit,Kotobukiya USA,retailer,GOVERNOR PARA-PAWN ENCLOSURE,39.99,,,USD,New,https://kotobukiya-us.com/products/190526061729,https://kotobukiya-us.com/cdn/shop/files/HG154_hexagear_eye.jpg?v=1756171689&width=460
gundam,model_kit,Kotobukiya USA,retailer,LX-00 RAY FALX:RE2,99.99,,,USD,New,https://kotobukiya-us.com/products/190526062580,https://kotobukiya-us.com/cdn/shop/files/FA148_LX00_rayfalx_re2_eye.jpg?v=1736130578&width=460
gundam,model_kit,Kotobukiya USA,retailer,EARTHCLINE BIOMECHANICS OPERATORS,49.99,,,USD,New,https://kotobukiya-us.com/products/190526054066,https://kotobukiya-us.com/cdn/shop/files/HG132_earthcline-biomechanics_operators_eye.jpg?v=1736137083&width=460
gundam,model_kit,Kotobukiya USA,retailer,AZ-16EX LIGER ZERO JAGER UNIT ORIGINA...,41.99,,,USD,New,https://kotobukiya-us.com/products/190526081819,https://kotobukiya-us.com/cdn/shop/files/072492-11-eye.jpg?v=1778479258&width=460
gundam,model_kit,Kotobukiya USA,retailer,GOVERNOR WEAPONS COMBAT ASSORT 01,12.99,,,USD,New,https://kotobukiya-us.com/products/190526038769,https://kotobukiya-us.com/cdn/shop/files/HG094_governor_weapons_combatassort01_eye.jpg?v=1735033724&width=460
gundam,model_kit,Kotobukiya USA,retailer,WEAPON UNIT17 FREESTYLE GUN,9.99,,,USD,New,https://kotobukiya-us.com/products/190526050372,https://kotobukiya-us.com/cdn/shop/files/MW17X_hw17_freestylegun_eye.jpg?v=1738049867&width=460
gundam,model_kit,Kotobukiya USA,retailer,WEAPON UNIT24 HANDGUN,7.99,,,USD,New,https://kotobukiya-us.com/products/190526051669,https://kotobukiya-us.com/cdn/shop/files/MW24X_Handgun_eye.jpg?v=1738050007&width=460
gundam,model_kit,Kotobukiya USA,retailer,RMZ-006 Saber Tiger Schwarz Special,49.99,,,USD,New,https://kotobukiya-us.com/products/190526064966,https://kotobukiya-us.com/cdn/shop/files/939719_eye.jpg?v=1735178347&width=460
gundam,model_kit,Kotobukiya USA,retailer,WEAPON UNIT55 COMPOSITE PLATE UNIT01 ...,10.99,,,USD,New,https://kotobukiya-us.com/products/190526061361,https://kotobukiya-us.com/cdn/shop/files/MW55J_composite_plate_unit01_grayver_eye.jpg?v=1735093959&width=460
gundam,model_kit,Kotobukiya USA,retailer,HEAVY WEAPON UNIT70 EVIL SCYTHE BLACK...,16.99,,,USD,New,https://kotobukiya-us.com/products/190526077027,https://kotobukiya-us.com/cdn/shop/files/MH70J_EvilScythe_BK_eye.jpg?v=1770086943&width=460
gundam,model_kit,Kotobukiya USA,retailer,WEAPON UNIT54 CUSTOMIZE BLADE SET02,10.99,,,USD,New,https://kotobukiya-us.com/products/190526061354,https://kotobukiya-us.com/cdn/shop/files/MW54J_custombladeset02_eye.jpg?v=1738831219&width=460
gundam,model_kit,Kotobukiya USA,retailer,HEAVY WEAPON UNIT69 EVIL SCYTHE GRAY ...,16.99,,,USD,New,https://kotobukiya-us.com/products/190526077324,https://kotobukiya-us.com/cdn/shop/files/MH69J_EvilScythe_GR_eye.jpg?v=1770086921&width=460
gundam,model_kit,Kotobukiya USA,retailer,DRESS UP PARTS CRASH＆SIDE CLOAK BLUE ...,29.99,,,USD,New,https://kotobukiya-us.com/products/190526068834,https://kotobukiya-us.com/cdn/shop/files/MO006_dup_crush-side-cloak-dx_blue_eye.jpg?v=1741138505&width=460
gundam,model_kit,Kotobukiya USA,retailer,DRESS UP PARTS CRASH＆SIDE CLOAK DARK ...,29.99,,,USD,New,https://kotobukiya-us.com/products/190526068841,https://kotobukiya-us.com/cdn/shop/files/MO007_dup_crush-side-cloak-dx_h-green_eye.jpg?v=1741138575&width=460
gundam,model_kit,Kotobukiya USA,retailer,MEGAMI DEVICE M.S.G 05 FACE SET SOL S...,13.99,,,USD,New,https://kotobukiya-us.com/products/190526054257,https://kotobukiya-us.com/cdn/shop/files/KP732_Megami_CPfacesetA_eye.jpg?v=1736139800&width=460
gundam,model_kit,Kotobukiya USA,retailer,GRANDE SCALE DRESS UP BODY【M】with STYLET,79.99,,,USD,New,https://kotobukiya-us.com/products/190526079441,https://kotobukiya-us.com/cdn/shop/files/JK100_GS_DRESS_UP_BODY_M_STYLET_eye.jpg?v=1781163727&width=460
gundam,model_kit,Kotobukiya USA,retailer,MECHA SUPPLY02 FLEXIBLE ARMS TYPE B,11.99,,,USD,New,https://kotobukiya-us.com/products/190526063068,https://kotobukiya-us.com/cdn/shop/files/MJ02Y_MS02_flexiblearms_type_b_eye.jpg?v=1735092627&width=460
gundam,model_kit,Kotobukiya USA,retailer,MECHA SUPPLY11 JOINT SET Type C,7.99,,,USD,New,https://kotobukiya-us.com/products/190526005969,https://kotobukiya-us.com/cdn/shop/files/MJ11X_jointset_c_eye.jpg?v=1735092743&width=460
gundam,model_kit,Kotobukiya USA,retailer,MEGALOMARIA M.S.G EX HAND UNIT [Femal...,12.99,,,USD,New,https://kotobukiya-us.com/products/190526077331,https://kotobukiya-us.com/cdn/shop/files/CX043_EXHANDUNIT_FEMALETYPE_WH_eye.jpg?v=1772418310&width=460
gundam,model_kit,Kotobukiya USA,retailer,RAYLEONARD 03-AALIYAH Orlea,80.99,,,USD,New,https://kotobukiya-us.com/products/190526073937,https://kotobukiya-us.com/cdn/shop/files/VI096_03-AALIYAH_Orlea_eye.jpg?v=1768294177&width=460
gundam,model_kit,Kotobukiya USA,retailer,HEAVY WEAPON UNIT09 VORTEX DRIVER,11.99,,,USD,New,https://kotobukiya-us.com/products/190526056244,https://kotobukiya-us.com/cdn/shop/files/MH09X_vortexdriver_eye.jpg?v=1738049459&width=460
gundam,model_kit,Kotobukiya USA,retailer,GOVERNOR ARMOR TYPE: PAWN A1 Ver.2.0 ...,29.99,,,USD,New,https://kotobukiya-us.com/products/190526054035,https://kotobukiya-us.com/cdn/shop/files/HG129_pawn-a1_ver2-0_e2_obscura_eye.jpg?v=1735034173&width=460
gundam,model_kit,Kotobukiya USA,retailer,FRAME ARMS Girl weapon set2 SP Color,23.99,,,USD,New,https://kotobukiya-us.com/products/190526018686,https://kotobukiya-us.com/cdn/shop/files/FG067_FAG_W2_SP_eye.jpg?v=1739511171&width=460
gundam,model_kit,Kotobukiya USA,retailer,DRESS UP PARTS CRASH＆SIDE CLOAK BLACK...,29.99,,,USD,New,https://kotobukiya-us.com/products/190526068827,https://kotobukiya-us.com/cdn/shop/files/MO005_dup_crush-side-cloak-dx_black_eye.jpg?v=1741138352&width=460
gundam,model_kit,Kotobukiya USA,retailer,MEGALOMARIA M.S.G EX HAND UNIT [Femal...,9.99,,,USD,New,https://kotobukiya-us.com/products/190526059092,https://kotobukiya-us.com/cdn/shop/files/CX012_EXHANDUNIT_femaletypeA_eye.jpg?v=1735030406&width=460
gundam,model_kit,Kotobukiya USA,retailer,FRAME ARMS GIRL KONGO Destroyer Ver.,79.99,,,USD,New,https://kotobukiya-us.com/products/190526044067,https://kotobukiya-us.com/cdn/shop/files/FG127_FAGIRL_KONGO_DestroyerVer_eye.jpg?v=1735197223&width=460
gundam,model_kit,Kotobukiya USA,retailer,GOVERNOR ARMOR TYPE: PAWN X1,24.99,,,USD,New,https://kotobukiya-us.com/products/190526061422,https://kotobukiya-us.com/cdn/shop/files/HG097R_pawn-x1_eye.jpg?v=1736136727&width=460
gundam,model_kit,Kotobukiya USA,retailer,HEAVY WEAPON UNIT03 UNITE SWORD,12.99,,,USD,New,https://kotobukiya-us.com/products/190526052819,https://kotobukiya-us.com/cdn/shop/files/MH03X_hw03_unitesword_eye.jpg?v=1738049393&width=460
gundam,model_kit,Kotobukiya USA,retailer,P3 ZELFIKAR Light Armor Ver.,129.99,,,USD,New,https://kotobukiya-us.com/products/190526065673,https://kotobukiya-us.com/cdn/shop/files/FG182_P3_FAgirl_ZELFIKAL_eye.jpg?v=1765328492&width=460
gundam,model_kit,Kotobukiya USA,retailer,GUN SNIPER Leena Special 2001 Re/color,59.99,,,USD,New,https://kotobukiya-us.com/products/190526073968,https://kotobukiya-us.com/cdn/shop/files/ZD193_gunsniper_leena_SP2001_recolor_eye.jpg?v=1762232428&width=460
gundam,model_kit,Kotobukiya USA,retailer,RMZ-011 GENO SAURER RAVEN SPECIAL,59.99,,,USD,New,https://kotobukiya-us.com/products/190526083929,https://kotobukiya-us.com/cdn/shop/files/GN342_eye.jpg?v=1783414884&width=460
gundam,model_kit,Kotobukiya USA,retailer,METAMORPHOSE UNIT EXARMOR PINK NURSE,24.99,,,USD,New,https://kotobukiya-us.com/products/190526077362,https://kotobukiya-us.com/cdn/shop/files/CX046_MU_PINK_NURSE_eye.jpg?v=1771926602&width=460
gundam,model_kit,Kotobukiya USA,retailer,DRESS UP PARTS CUTE RIBBON SET SKY BL...,15.99,,,USD,New,https://kotobukiya-us.com/products/190526066540,https://kotobukiya-us.com/cdn/shop/files/MO004_cuteribbonset_skyblue_eye.jpg?v=1736140753&width=460
gundam,model_kit,Kotobukiya USA,retailer,GOVERNOR PARA-PAWN JUDGE HEAD,25.99,,,USD,New,https://kotobukiya-us.com/products/190526061521,https://kotobukiya-us.com/cdn/shop/files/HG098R_judgehead_eye.jpg?v=1736136788&width=460
gundam,model_kit,Kotobukiya USA,retailer,ARMY CONTAINER SET,17.99,,,USD,New,https://kotobukiya-us.com/products/190526024212,https://kotobukiya-us.com/cdn/shop/files/HG063_ARMY_CONTAINER_SET_eye.jpg?v=1735033136&width=460
gundam,model_kit,Kotobukiya USA,retailer,HEAVY WEAPON UNIT49 MEGA SLASH EDGE 2...,13.99,,,USD,New,https://kotobukiya-us.com/products/190526056336,https://kotobukiya-us.com/cdn/shop/files/MH49J_hw49_megaslashedge2_WH_eye.jpg?v=1735202012&width=460
gundam,model_kit,Kotobukiya USA,retailer,HEAVY WEAPON UNIT53 COMBAT CELL DARK ...,19.99,,,USD,New,https://kotobukiya-us.com/products/190526062627,https://kotobukiya-us.com/cdn/shop/files/MH53_darkgreen_combatcell_eye.jpg?v=1735092520&width=460
gundam,model_kit,Kotobukiya USA,retailer,EVV-GC1 G-Crawler,27.99,,,USD,New,https://kotobukiya-us.com/products/190526045002,https://kotobukiya-us.com/cdn/shop/files/IT003_g-crawler_eye.jpg?v=1735034921&width=460
gundam,model_kit,Kotobukiya USA,retailer,EXTREME SPORTS BIKE[RUI SAOTOME SPECI...,59.99,,,USD,New,https://kotobukiya-us.com/products/190526050839,https://kotobukiya-us.com/cdn/shop/files/MV013_EXTREME_SPORTS_BIKE_eye.jpg?v=1776129414&width=460
gundam,model_kit,Kotobukiya USA,retailer,HEAVY WEAPON UNIT16 OVERED MANIPULATOR,14.99,,,USD,New,https://kotobukiya-us.com/products/190526054721,https://kotobukiya-us.com/cdn/shop/files/MH16J_hw16_overedmanipulator_j_eye.jpg?v=1738049513&width=460
gundam,model_kit,Kotobukiya USA,retailer,TYPE70MODEL1 GOU-RAI2,79.99,,,USD,New,https://kotobukiya-us.com/products/190526049574,https://kotobukiya-us.com/cdn/shop/files/FA144_gorai2_eye.jpg?v=1770605132&width=460
gundam,model_kit,Kotobukiya USA,retailer,HEXA GEAR BLAUREGEN,67.99,,,USD,New,https://kotobukiya-us.com/products/190526061712,https://kotobukiya-us.com/cdn/shop/files/HG153_hexagear_blauregen_eye.jpg?v=1756171915&width=460
gundam,model_kit,Kotobukiya USA,retailer,METAL GEAR SOLID GROUND ZEROES Set,29.99,,,USD,New,https://kotobukiya-us.com/products/190526078178,https://kotobukiya-us.com/cdn/shop/files/KP321R_MGS_GZ_Set_eye.jpg?v=1767937799&width=460
gundam,model_kit,Kotobukiya USA,retailer,HEAVY WEAPON UNIT54 EXCEED BINDER2 GU...,14.99,,,USD,New,https://kotobukiya-us.com/products/190526062887,https://kotobukiya-us.com/cdn/shop/files/MH54J_exceedbinder2_gunmetalic_ver_eye.jpg?v=1735092575&width=460
gundam,model_kit,Kotobukiya USA,retailer,D-STYLE SHIELD LIGER  ［Clear Parts Ap...,24.99,,,USD,New,https://kotobukiya-us.com/products/190526078215,https://kotobukiya-us.com/cdn/shop/files/KP871_d-style_shield-liger_cpa_eye.jpg?v=1775213509&width=460
gundam,model_kit,Kotobukiya USA,retailer,F-GAO-G1 Roaring Fang,27.99,,,USD,New,https://kotobukiya-us.com/products/190526045019,https://kotobukiya-us.com/cdn/shop/files/IT004_roaring-fang_eye.jpg?v=1735034971&width=460
gundam,model_kit,Kotobukiya USA,retailer,MEGAMI DEVICE M.S.G PUNI☆MOFU GIN LAN...,9.99,,,USD,New,https://kotobukiya-us.com/products/190526075931,https://kotobukiya-us.com/cdn/shop/files/KP852_PUNIMOFU_GIN_LANG_EyeDecalSet_eye.jpg?v=1759729575&width=460
gundam,model_kit,Kotobukiya USA,retailer,GOVERNOR EX ARMOR TYPE: MONOCEROS,34.99,,,USD,New,https://kotobukiya-us.com/products/190526068391,https://kotobukiya-us.com/cdn/shop/files/HG029Y_governor_monoceros_eye.jpg?v=1738806761&width=460
gundam,model_kit,Kotobukiya USA,retailer,FRAME ARMS GIRL GREIFEN BARRACUDA,79.99,,,USD,New,https://kotobukiya-us.com/products/190526071858,https://kotobukiya-us.com/cdn/shop/files/FG193_GREIFEN_BARRACUDA_eye.jpg?v=1759390700&width=460
gundam,model_kit,Kotobukiya USA,retailer,HEAVY WEAPON UNIT44 EXCEED BINDER2 BL...,15.99,,,USD,New,https://kotobukiya-us.com/products/190526055995,https://kotobukiya-us.com/cdn/shop/files/MH44J_hw44_exceedbinder2_b_eye_new.jpg?v=1735092229&width=460
gundam,model_kit,Kotobukiya USA,retailer,WEAPON UNIT30 BELT LINKS,7.99,,,USD,New,https://kotobukiya-us.com/products/190526068810,https://kotobukiya-us.com/cdn/shop/files/MW30Y_beltlinks_eye.jpg?v=1759815481&width=460
gundam,model_kit,Kotobukiya USA,retailer,P3 GOURAI,109.99,,,USD,New,https://kotobukiya-us.com/products/190526061897,https://kotobukiya-us.com/cdn/shop/files/FG163_P3_gourai_eye.jpg?v=1736135714&width=460
gundam,model_kit,Kotobukiya USA,retailer,HEAVY WEAPON UNIT23 MAGIA BLADE,14.99,,,USD,New,https://kotobukiya-us.com/products/190526013117,https://kotobukiya-us.com/cdn/shop/files/MH23_hw23_magiablade_eye.jpg?v=1738049688&width=460
gundam,model_kit,Kotobukiya USA,retailer,DEFINITION ARMOR “VT1”,67.99,,,USD,New,https://kotobukiya-us.com/products/190526061408,https://kotobukiya-us.com/cdn/shop/files/HG149_hexagear_definition-armor_vt1_eye_e797f5cc-6c80-49ef-9c78-c264a97bbd0c.jpg?v=1756433128&width=460
gundam,model_kit,Kotobukiya USA,retailer,KWG00-M HEAD SCISSORS,39.99,,,USD,New,https://kotobukiya-us.com/products/190526062573,https://kotobukiya-us.com/cdn/shop/files/KP201X_rokusyou_eye.jpg?v=1758527585&width=460
gundam,model_kit,Kotobukiya USA,retailer,HEAVY WEAPON UNIT52 GUN BLADE LANCE2 ...,11.99,,,USD,New,https://kotobukiya-us.com/products/190526059511,https://kotobukiya-us.com/cdn/shop/files/MH52J_hw52_gunbladelance2_BL_eye.jpg?v=1735092433&width=460
gundam,model_kit,Kotobukiya USA,retailer,MEGAMI DEVICE M.S.G 05 FACE SET SOL S...,13.99,,,USD,New,https://kotobukiya-us.com/products/190526054240,https://kotobukiya-us.com/cdn/shop/files/KP731_Megami_CPfacesetD_eye.jpg?v=1736139668&width=460
gundam,model_kit,Kotobukiya USA,retailer,RMZ-019 HELL CAT & MOLGA ZENEBUS COLO...,42.99,,,USD,New,https://kotobukiya-us.com/products/190526079939,https://kotobukiya-us.com/cdn/shop/files/GN254-RMZ-019HELLCAT_MOLGAZENEBUSCOLORSET_eye.jpg?v=1770703159&width=460
gundam,model_kit,Kotobukiya USA,retailer,WEAPON UNIT01 BURST RAILGUN,10.99,,,USD,New,https://kotobukiya-us.com/products/190526051720,https://kotobukiya-us.com/cdn/shop/files/RW001X_WU_BURSTRAILGUN_eye.jpg?v=1765160050&width=460
gundam,model_kit,Kotobukiya USA,retailer,HEXA GEAR EX UNIT 002 HEXA G-R.A.M Re...,9.99,,,USD,New,https://kotobukiya-us.com/products/190526061682,https://kotobukiya-us.com/cdn/shop/files/HG150_ex002_hexagram_r_eye.jpg?v=1736137524&width=460
gundam,model_kit,Kotobukiya USA,retailer,WEAPON UNIT49 STRIDE SMG,9.99,,,USD,New,https://kotobukiya-us.com/products/190526061309,https://kotobukiya-us.com/cdn/shop/files/MW49J_stride_SMG_eye.jpg?v=1735093814&width=460
gundam,model_kit,Kotobukiya USA,retailer,Evangelion Test Type-01MECHA GODZILLA...,65.99,,,USD,New,https://kotobukiya-us.com/products/190526068759,https://kotobukiya-us.com/cdn/shop/files/KP425R_eva01_Mechagodzilla_eye_aadb1aec-b0e6-481c-a1de-b33c60576589.jpg?v=1757998955&width=460
gundam,model_kit,Kotobukiya USA,retailer,HAW206 Ground Self-Defense Army Ver.,69.99,,,USD,New,https://kotobukiya-us.com/products/190526071872,https://kotobukiya-us.com/cdn/shop/files/KP841_HAW206_Official_JGSDF_eye.jpg?v=1758526762&width=460
gundam,model_kit,Kotobukiya USA,retailer,Ultra Scale AAA Wunder (Standard Plas...,309.99,,,USD,New,https://kotobukiya-us.com/products/190526071926,https://kotobukiya-us.com/cdn/shop/files/GN149_aaa-wunder_EC_eye.jpg?v=1772687674&width=460
gundam,model_kit,Kotobukiya USA,retailer,RUI SAOTOME【TOUOU HIGH SCHOOL COMPETI...,69.99,,,USD,New,https://kotobukiya-us.com/products/190526050822,https://kotobukiya-us.com/cdn/shop/files/JK037_RUI_SAOTOME_SWIMSUIT_eye.jpg?v=1773887638&width=460
gundam,model_kit,Kotobukiya USA,retailer,RMZ-020 ZABAT,32.99,,,USD,New,https://kotobukiya-us.com/products/190526079908,https://kotobukiya-us.com/cdn/shop/files/GN251-RMZ-020ZABAT_eye.jpg?v=1770702183&width=460
gundam,model_kit,Kotobukiya USA,retailer,MEGALOMARIA M.S.G EX HAND UNIT [Male ...,12.99,,,USD,New,https://kotobukiya-us.com/products/190526065574,https://kotobukiya-us.com/cdn/shop/files/CX027_EXHANDUNIT_MaleTypeA_eye.jpg?v=1750070496&width=460
gundam,model_kit,Kotobukiya USA,retailer,VIRTUOUS STYLE09 SWORD SET A FLAMERIT...,13.99,,,USD,New,https://kotobukiya-us.com/products/190526070561,https://kotobukiya-us.com/cdn/shop/files/GE009_SwordSetA_FlameLight_eye.jpg?v=1757998835&width=460
gundam,model_kit,Kotobukiya USA,retailer,BULKARM GLANZ “REDALERT”,79.99,,,USD,New,https://kotobukiya-us.com/products/190526059412,https://kotobukiya-us.com/cdn/shop/files/HG048X_HXG_bulkarm_ra_eye.jpg?v=1735032818&width=460
gundam,model_kit,Kotobukiya USA,retailer,GOVERNOR WARMAGE HETZER,23.99,,,USD,New,https://kotobukiya-us.com/products/190526024076,https://kotobukiya-us.com/cdn/shop/files/HG061_GOVERNOR_WARMAGE_HETZER_eye.jpg?v=1735032946&width=460
gundam,model_kit,Kotobukiya USA,retailer,KOS-MOS Ver.4 ［Extra coating edition］,60.99,,,USD,New,https://kotobukiya-us.com/products/190526068469,https://kotobukiya-us.com/cdn/shop/files/KP299X_kosmos4ex_eye.jpg?v=1745457078&width=460
gundam,model_kit,Kotobukiya USA,retailer,TYPE ANGEL ARNVAL TRANCHE2,94.99,,,USD,New,https://kotobukiya-us.com/products/190526044678,https://kotobukiya-us.com/cdn/shop/files/KP665_ArnvalTranche2_eye.jpg?v=1735104292&width=460
gundam,model_kit,Kotobukiya USA,retailer,EARLY GOVERNOR Vol.1,24.99,,,USD,New,https://kotobukiya-us.com/products/190526028265,https://kotobukiya-us.com/cdn/shop/files/HG028_early_governor_vol1_eye.jpg?v=1735032672&width=460
gundam,model_kit,Kotobukiya USA,retailer,Galactic Empire Forces Flagship Brunhild,99.99,,,USD,New,https://kotobukiya-us.com/products/190526060494,https://kotobukiya-us.com/cdn/shop/files/KP769_galactic-empire-forces_flagship_brunhild_eye.jpg?v=1779068531&width=460
gundam,model_kit,Kotobukiya USA,retailer,FRAME ARMS GIRL HRESVELGR=CORNIX,79.99,,,USD,New,https://kotobukiya-us.com/products/190526044326,https://kotobukiya-us.com/cdn/shop/files/FG143_FAGirl_HRESVELGR_CORNIX_eye.jpg?v=1735197294&width=460
gundam,model_kit,Kotobukiya USA,retailer,MECHA SUPPLY28 MISSION CLOAK GRAY Ver.,14.99,,,USD,New,https://kotobukiya-us.com/products/190526058347,https://kotobukiya-us.com/cdn/shop/files/MJ28_missioncloak_gray_Ver_eye.jpg?v=1750931767&width=460
gundam,model_kit,Kotobukiya USA,retailer,HEAVY WEAPON UNIT38 HOLONIC ARMS,17.99,,,USD,New,https://kotobukiya-us.com/products/190526054165,https://kotobukiya-us.com/cdn/shop/files/MH38_hw_holonicarms_eye.jpg?v=1759815539&width=460
gundam,model_kit,Kotobukiya USA,retailer,RZ-041 LIGER ZERO PANZER Marking Plus...,84.99,,,USD,New,https://kotobukiya-us.com/products/190526068681,https://kotobukiya-us.com/cdn/shop/files/ZD124R_ligerzero_panzerMP_eye.jpg?v=1743066611&width=460
gundam,model_kit,Kotobukiya USA,retailer,ZENITH REVEAL,149.99,,,USD,New,https://kotobukiya-us.com/products/190526049673,https://kotobukiya-us.com/cdn/shop/files/HG125_zenithreveal_eye.jpg?v=1736136924&width=460
gundam,model_kit,Kotobukiya USA,retailer,HEAVY WEAPON UNIT32 GATLING GUN2,13.99,,,USD,New,https://kotobukiya-us.com/products/190526068803,https://kotobukiya-us.com/cdn/shop/files/MH32R_gatlinggun2_eye.jpg?v=1748235969&width=460
gundam,model_kit,Kotobukiya USA,retailer,RMZ-009 Iron Kong Guylos Color,84.99,,,USD,New,https://kotobukiya-us.com/products/190526071346,https://kotobukiya-us.com/cdn/shop/files/GN137_eye.jpg?v=1743655252&width=460
gundam,model_kit,Kotobukiya USA,retailer,HRESVELGR QIPAO Ver.,79.99,,,USD,New,https://kotobukiya-us.com/products/190526068605,https://kotobukiya-us.com/cdn/shop/files/FG185_FAGirl_HRESVELGR_QipaoVer_eye.jpg?v=1746757731&width=460
gundam,model_kit,Kotobukiya USA,retailer,FRAME ARMS GIRL MAGATSUKI 〈CAT ARMOR ...,78.99,,,USD,New,https://kotobukiya-us.com/products/190526058958,https://kotobukiya-us.com/cdn/shop/files/FG161_FAGirlMagatsuki_CATARMOR_eye.jpg?v=1735032365&width=460
gundam,model_kit,Kotobukiya USA,retailer,ASRA NINJA KANAME SHADOW EDITION FULL...,89.99,,,USD,New,https://kotobukiya-us.com/products/190526071636,https://kotobukiya-us.com/cdn/shop/files/KP839_Ninja_Kaname_Shadow_eye.jpg?v=1753952348&width=460
gundam,model_kit,Kotobukiya USA,retailer,GOVERNOR HEAVY ARMOR TYPE: ROOK,54.99,,,USD,New,https://kotobukiya-us.com/products/190526058620,https://kotobukiya-us.com/cdn/shop/files/HG079X_rook_eye.jpg?v=1735033342&width=460
gundam,model_kit,Kotobukiya USA,retailer,Xeno Rex Production Model-02,56.99,,,USD,New,https://kotobukiya-us.com/products/190526073739,https://kotobukiya-us.com/cdn/shop/files/GN182-XenoRexProductionModel-02_eye.jpg?v=1751353370&width=460
gundam,model_kit,Kotobukiya USA,retailer,DEFINITION ARMOR “BLAZEBOAR”,53.99,,,USD,New,https://kotobukiya-us.com/products/190526062672,https://kotobukiya-us.com/cdn/shop/files/HG068_definitionarmor_blazeboar_eye.jpg?v=1736136505&width=460
gundam,model_kit,Kotobukiya USA,retailer,FRAME ARMS GIRL LAETITIA,54.99,,,USD,New,https://kotobukiya-us.com/products/190526057791,https://kotobukiya-us.com/cdn/shop/files/FG041X_FAgirlLAETITIA_eye.jpg?v=1735031678&width=460
gundam,model_kit,Kotobukiya USA,retailer,ASRA ARCHER KIZUNA SHADOW EDITION FUL...,89.99,,,USD,New,https://kotobukiya-us.com/products/190526071643,https://kotobukiya-us.com/cdn/shop/files/KP840_Archer_Kizuna_Shadow_eye.jpg?v=1757576380&width=460
gundam,model_kit,Kotobukiya USA,retailer,METAMORPHOSE UNIT GRAVE ARMS2,19.99,,,USD,New,https://kotobukiya-us.com/products/190526055834,https://kotobukiya-us.com/cdn/shop/files/CX009_MU_GRAVEARMS2_eye.jpg?v=1735030125&width=460
gundam,model_kit,Kotobukiya USA,retailer,MECHA SUPPLYASSORT04 EX ARMOR GUNMETA...,28.99,,,USD,New,https://kotobukiya-us.com/products/190526024458,https://kotobukiya-us.com/cdn/shop/files/MJ104_eye.webp?v=1739756149&width=460
gundam,model_kit,Kotobukiya USA,retailer,GOVERNOR HEAVY ARMOR TYPE: ROOK 【LEFTY】,54.99,,,USD,New,https://kotobukiya-us.com/products/190526058651,https://kotobukiya-us.com/cdn/shop/files/HG080X_rook_l_eye.jpg?v=1735033407&width=460
gundam,model_kit,Kotobukiya USA,retailer,PUNI☆MOFU MAO,59.99,,,USD,New,https://kotobukiya-us.com/products/190526079359,https://kotobukiya-us.com/cdn/shop/files/KP740R_PuniMofu_MAO_eye.jpg?v=1768798304&width=460
gundam,model_kit,Kotobukiya USA,retailer,GIGANTIC ARMS  BLITZ GUNNER  BLACK Ver.,29.99,,,USD,New,https://kotobukiya-us.com/products/190526062689,https://kotobukiya-us.com/cdn/shop/files/GT021_giganticarms_blitzgunner_black_eye.jpg?v=1736136067&width=460
gundam,model_kit,Kotobukiya USA,retailer,RAIDER OF SHADOW RS-04 RABBIT KOTOBUK...,99.99,,,USD,New,https://kotobukiya-us.com/products/190526063280,https://kotobukiya-us.com/cdn/shop/files/GN034_raider-of-shadow-rs04-rabbit_kotobukiya-limited-model_eye.jpg?v=1735178148&width=460
gundam,model_kit,Kotobukiya USA,retailer,AM-Z01EX Berserk Fury (Elementary Body),226.99,,,USD,New,https://kotobukiya-us.com/products/190526076143,https://kotobukiya-us.com/cdn/shop/files/am-z01exPRengeye_5b61dba6-7db6-4607-b235-e875e2814c39.jpg?v=1759823033&width=460
gundam,model_kit,Kotobukiya USA,retailer,TAMOTU [Orange Ver.],29.99,,,USD,New,https://kotobukiya-us.com/products/190526032880,https://kotobukiya-us.com/cdn/shop/files/KP572_tamotu_orange_eye.jpg?v=1735102662&width=460
gundam,model_kit,Kotobukiya USA,retailer,METAMORPHOSE UNIT EXARMOR WHITE NURSE,21.99,,,USD,New,https://kotobukiya-us.com/products/190526046351,https://kotobukiya-us.com/cdn/shop/files/CX002_MU_EXARMOR_WHITENURSE_eye.jpg?v=1735010350&width=460
gundam,model_kit,Kotobukiya USA,retailer,SIEG SPRINGER QUEEN'S GUARD Ver.,55.99,,,USD,New,https://kotobukiya-us.com/products/190526043152,https://kotobukiya-us.com/cdn/shop/files/HG108_sieg-springer_qg_eye.jpg?v=1735033939&width=460
gundam,model_kit,Kotobukiya USA,retailer,AZ-08 MOLGA,39.99,,,USD,New,https://kotobukiya-us.com/products/190526063648,https://kotobukiya-us.com/cdn/shop/files/945673_eye.jpg?v=1736235423&width=460
gundam,model_kit,Kotobukiya USA,retailer,"BULKARMα ""LUX APE""",69.99,,,USD,New,https://kotobukiya-us.com/products/190526054844,https://kotobukiya-us.com/cdn/shop/files/HG136_bulkarm_a_luxape_eye.jpg?v=1735034368&width=460
gundam,model_kit,Kotobukiya USA,retailer,MAXIMUM KIZUNA KAISER,129.99,,,USD,New,https://kotobukiya-us.com/products/190526063433,https://kotobukiya-us.com/cdn/shop/files/KP787_maximum-kizuna-kaiser_eye.jpg?v=1757661777&width=460
gundam,model_kit,Kotobukiya USA,retailer,ABYSSCRAWLER NIGHT STALKERS Ver.,59.99,,,USD,New,https://kotobukiya-us.com/products/190526061545,https://kotobukiya-us.com/cdn/shop/files/HG091R_abysscrawler_nightstalkers_eye.jpg?v=1736136622&width=460
gundam,model_kit,Kotobukiya USA,retailer,AUV AME NO UZUME SUNSHINE,79.99,,,USD,New,https://kotobukiya-us.com/products/190526060555,https://kotobukiya-us.com/cdn/shop/files/KP772_AUV_amenouzume_sunsine_eye.jpg?v=1736140024&width=460
gundam,model_kit,Kotobukiya USA,retailer,DA-GARN X,84.99,,,USD,New,https://kotobukiya-us.com/products/190526032651,https://kotobukiya-us.com/cdn/shop/files/KP570_da-garn_x_eye.jpg?v=1783408906&width=460
gundam,model_kit,Kotobukiya USA,retailer,TAMOTU PRO[Midnight Blue Ver.],39.99,,,USD,New,https://kotobukiya-us.com/products/190526038790,https://kotobukiya-us.com/cdn/shop/files/KP602_TAMOTU_PRO_MB_eye.jpg?v=1735102916&width=460
gundam,model_kit,Kotobukiya USA,retailer,Koyomi Takanashi 【Swim Style】DREAMING...,64.99,,,USD,New,https://kotobukiya-us.com/products/190526050778,https://kotobukiya-us.com/cdn/shop/files/JK033_koyomi_SwimStyle_dsbs_eye.jpg?v=1735197432&width=460
gundam,model_kit,Kotobukiya USA,retailer,FRAME ARMS GIRL GOURAI-KAI Ver.2 SAMU...,67.99,,,USD,New,https://kotobukiya-us.com/products/190526039452,https://kotobukiya-us.com/cdn/shop/files/FG115_FAgirl_gourai-kai_ver2_samurai_eye.jpg?v=1735032125&width=460
gundam,model_kit,Kotobukiya USA,retailer,BUSTER DOLL GUNNER,54.99,,,USD,New,https://kotobukiya-us.com/products/190526046146,https://kotobukiya-us.com/cdn/shop/files/KP682_buster_doll_gunner_eye.jpg?v=1736139179&width=460
gundam,model_kit,Kotobukiya USA,retailer,HEAVY WEAPON UNIT60 WING EDGE BLACK Ver.,16.99,,,USD,New,https://kotobukiya-us.com/products/190526069381,https://kotobukiya-us.com/cdn/shop/files/MH60_wingedge_BK_eye.jpg?v=1744968182&width=460
gundam,model_kit,Kotobukiya USA,retailer,FRAME ARMS GIRL SHINGEN,59.99,,,USD,New,https://kotobukiya-us.com/products/190526038004,https://kotobukiya-us.com/cdn/shop/files/FG108_fa-girl_shingen_eye.jpg?v=1750931313&width=460
gundam,model_kit,Kotobukiya USA,retailer,Sugumi Kanagata,94.99,,,USD,New,https://kotobukiya-us.com/products/190526026858,https://kotobukiya-us.com/cdn/shop/files/KP542_sugumi_kanagata_eye.jpg?v=1735102313&width=460
gundam,model_kit,Kotobukiya USA,retailer,TOYR!SE DMB-04 Black Devaster,127.99,,,USD,New,https://kotobukiya-us.com/products/190526076969,https://kotobukiya-us.com/cdn/shop/files/082859GN221-TOYR_SEDMB-04BlackDevastereye.jpg?v=1762420971&width=460
gundam,model_kit,Kotobukiya USA,retailer,DRESS UP BODY[S] COLOR C Ver.,29.99,,,USD,New,https://kotobukiya-us.com/products/190526071599,https://kotobukiya-us.com/cdn/shop/files/JK078_DRESSUPBODY_S_C_eye.jpg?v=1753423623&width=460
gundam,model_kit,Kotobukiya USA,retailer,FRAME ARMS GIRL IZUMO,94.99,,,USD,New,https://kotobukiya-us.com/products/190526044098,https://kotobukiya-us.com/cdn/shop/files/FG128_FAGirl_izumo_eye.jpg?v=1733912079&width=460
gundam,model_kit,Kotobukiya USA,retailer,FRAME ARMS GIRL KAGUTSUCHI-KOU,69.99,,,USD,New,https://kotobukiya-us.com/products/190526043626,https://kotobukiya-us.com/cdn/shop/files/FG124_fa-garl_kagutsuchi_eye.jpg?v=1755134279&width=460
gundam,model_kit,Kotobukiya USA,retailer,HEXA GEAR LEVANTE,124.99,,,USD,New,https://kotobukiya-us.com/products/190526054141,https://kotobukiya-us.com/cdn/shop/files/HG135_levante_eye.jpg?v=1745571455&width=460
gundam,model_kit,Kotobukiya USA,retailer,FRAME ARMS GIRL JINRAI 〈LANCER Ver.〉,69.99,,,USD,New,https://kotobukiya-us.com/products/190526069459,https://kotobukiya-us.com/cdn/shop/files/FG190_FAGIRL_JINRAI_LANCER_eye.jpg?v=1744876338&width=460
gundam,model_kit,Kotobukiya USA,retailer,BULLET KNIGHTS Lancer,74.99,,,USD,New,https://kotobukiya-us.com/products/190526051508,https://kotobukiya-us.com/cdn/shop/files/KP485_BKlancer_eye.jpg?v=1735101716&width=460
gundam,model_kit,Kotobukiya USA,retailer,ARRANGED WIGS LONG WAVY HAIR,12.99,,,USD,New,https://kotobukiya-us.com/products/190526060418,https://kotobukiya-us.com/cdn/shop/files/JK054_AW_LONGWAVY_eye.jpg?v=1735091193&width=460
gundam,model_kit,Kotobukiya USA,retailer,GOVERNOR ARMOR TYPE: PAWN A1 Ver.2.0,29.99,,,USD,New,https://kotobukiya-us.com/products/190526054042,https://kotobukiya-us.com/cdn/shop/files/HG130_pawn-a1_ver2-0_eye.jpg?v=1735034222&width=460
gundam,model_kit,Kotobukiya USA,retailer,FRAME ARMS GIRL IZUMO Destroyer Ver.,89.99,,,USD,New,https://kotobukiya-us.com/products/190526044104,https://kotobukiya-us.com/cdn/shop/files/FG129_FAGirl_IZUMO_DestroyerVer_eye.jpg?v=1747637991&width=460
gundam,model_kit,Kotobukiya USA,retailer,GRANDE SCALE GOURAI,99.99,,,USD,New,https://kotobukiya-us.com/products/190526034297,https://kotobukiya-us.com/cdn/shop/files/FG100_GRANDE_GOURAI_eye.jpg?v=1736130695&width=460
gundam,model_kit,Kotobukiya USA,retailer,HEXA GEAR MANAGARMR,89.99,,,USD,New,https://kotobukiya-us.com/products/190526062023,https://kotobukiya-us.com/cdn/shop/files/HG155_hexagear_managarmr_eye.jpg?v=1769771593&width=460
gundam,model_kit,Kotobukiya USA,retailer,FUMA,44.99,,,USD,New,https://kotobukiya-us.com/products/190526059146,https://kotobukiya-us.com/cdn/shop/files/CX015_FUMA_eye.jpg?v=1735030469&width=460
gundam,model_kit,Kotobukiya USA,retailer,ULTRAMAN,54.99,,,USD,New,https://kotobukiya-us.com/products/190526012547,https://kotobukiya-us.com/cdn/shop/files/KP468_ULTRAMAN_eye.jpg?v=1745457449&width=460
gundam,model_kit,Kotobukiya USA,retailer,Mutsumi Koashi [Gou-ki],89.99,,,USD,New,https://kotobukiya-us.com/products/190526044623,https://kotobukiya-us.com/cdn/shop/files/KP660_mutsumi_koashi_gouki_eye.jpg?v=1735198511&width=460
gundam,model_kit,Kotobukiya USA,retailer,HRESVELGR=RUFUS QIPAO Ver.,75.99,,,USD,New,https://kotobukiya-us.com/products/190526043985,https://kotobukiya-us.com/cdn/shop/files/FG126_FAGirl_hresvelgr_QipaoVer_eye.jpg?v=1736225863&width=460
gundam,model_kit,Kotobukiya USA,retailer,HEAVY WEAPON UNIT62 PLASMA ARMS,29.99,,,USD,New,https://kotobukiya-us.com/products/190526069954,https://kotobukiya-us.com/cdn/shop/files/MH62_plasmaarms_eye.jpg?v=1765527677&width=460
gundam,model_kit,Kotobukiya USA,retailer,RUI SAOTOME【TOUOU HIGH SCHOOL TRACKSUIT】,59.99,,,USD,New,https://kotobukiya-us.com/products/190526050808,https://kotobukiya-us.com/cdn/shop/files/JK035_RUI_SAOTOME_eye.jpg?v=1768969544&width=460
gundam,model_kit,Kotobukiya USA,retailer,WEAPON UNIT36 MISSILE & RADOME,6.99,,,USD,New,https://kotobukiya-us.com/products/190526059900,https://kotobukiya-us.com/cdn/shop/files/MW36X_boothmissilepod_eye.jpg?v=1759815501&width=460
gundam,model_kit,Kotobukiya USA,retailer,AM-Z01CP Berserk Fury Sturm ＆ Jagd Unit,226.99,,,USD,New,https://kotobukiya-us.com/products/190526076150,https://kotobukiya-us.com/cdn/shop/files/am-z01cpPRengeye_32c51858-fa2f-45ba-914d-1864e9025615.jpg?v=1759822540&width=460
gundam,model_kit,Kotobukiya USA,retailer,RAYBLADE IMPULSE 【Reloadead】COLLECTOR...,119.99,,,USD,New,https://kotobukiya-us.com/products/190526056206,https://kotobukiya-us.com/cdn/shop/files/HG144_rayblade-impulse_relordead_ce_eye.jpg?v=1735034505&width=460
zoid,model_kit,eBay,marketplace,HMM Zoids Rev Raptor 051 KOTUBUKIYA Plastic Model Kit,55.0,,False,USD,New,https://www.ebay.com/itm/366621232656?_skw=zoids&hash=item555c540e10:g:PKMAAeSwWihqiLx1,https://i.ebayimg.com/images/g/PKMAAeSwWihqiLx1/s-l225.jpg
zoid,model_kit,eBay,marketplace,Red Horn ZOIDS RMZ-014 Styracosaurus Type 1/100 Model Kit,55.69,6.0,False,USD,New,https://www.ebay.com/itm/257691794057?_skw=zoids&hash=item3bffa0ba89:g:4HYAAeSwe-pqhmdl,https://i.ebayimg.com/images/g/4HYAAeSwe-pqhmdl/s-l225.jpg
zoid,model_kit,eBay,marketplace,Vintage 2003 Hasbro Zoids ZBuilders #09.A Brachio Zilla New In Box,40.0,,False,USD,Used,https://www.ebay.com/itm/137648437470?_skw=zoids&hash=item200c7c78de:g:1GoAAeSwuTdqiNQl,https://i.ebayimg.com/images/g/1GoAAeSwuTdqiNQl/s-l225.jpg
zoid,model_kit,eBay,marketplace,Zoids Chaotic Century Anime Complete Series Episodes 1-67  English Audio,30.0,0.0,False,USD,,https://www.ebay.com/itm/285540768769?_skw=zoids&hash=item427b8e5c01:g:0JEAAeSwl-1qU~06,https://i.ebayimg.com/images/g/0JEAAeSwl-1qU~06/s-l225.jpg
zoid,model_kit,eBay,marketplace,Zoids New Century Zero Anime Complete Series Episodes 1-26 English Audio,21.99,0.0,False,USD,,https://www.ebay.com/itm/285739804237?_skw=zoids&hash=item42876b664d:g:owMAAeSwzCJqU~6w,https://i.ebayimg.com/images/g/owMAAeSwzCJqU~6w/s-l225.jpg
zoid,model_kit,eBay,marketplace,Zoids 3 Pack - Elephantus Glidolar And Aquadon (missing 1x fin)  - Tomy,29.99,0.0,False,USD,Used,https://www.ebay.com/itm/168626798743?_skw=zoids&hash=item2742f0c097:g:fD4AAeSwyIRqhk8-,https://i.ebayimg.com/images/g/fD4AAeSwyIRqhk8-/s-l225.jpg
zoid,model_kit,eBay,marketplace,Zoids Battle Champions mini figures Hasbro Asst 83129/83121 sealed package,85.0,10.0,False,USD,New,https://www.ebay.com/itm/117327335262?_skw=zoids&hash=item1b51410f5e:g:EowAAeSwJM5qaPfg,https://i.ebayimg.com/images/g/EowAAeSwJM5qaPfg/s-l225.jpg
zoid,model_kit,eBay,marketplace,zoids grounchar,1000.0,,False,USD,Used,https://www.ebay.com/itm/188826300267?_skw=zoids&hash=item2bf6ecaf6b:g:S3kAAeSwxFVqgx9a,https://i.ebayimg.com/images/g/S3kAAeSwxFVqgx9a/s-l225.jpg
zoid,model_kit,eBay,marketplace,Kotobukiya 1/72 Zoids HMM RZ-007 Shield Liger DCS-J  Scale Model Kit,89.99,0.0,False,USD,New,https://www.ebay.com/itm/157655357153?_skw=zoids&hash=item24b4fdd6e1:g:9~kAAeSwaJVpgQKa,https://i.ebayimg.com/images/g/9~kAAeSwaJVpgQKa/s-l225.jpg
zoid,model_kit,eBay,marketplace,Zoids New Century Zero Anime Complete Series Episodes 1-26 English Audio,21.99,0.0,False,USD,,https://www.ebay.com/itm/355503696675?_skw=zoids&hash=item52c5abeb23:g:SwMAAeSwc5lqU~7m,https://i.ebayimg.com/images/g/SwMAAeSwc5lqU~7m/s-l225.jpg
zoid,model_kit,eBay,marketplace,Zoids HMM034 RZ-046 Shadow Fox Marking Plus ver. 1/72 model kit Kotobukiya,84.99,0.0,False,USD,New,https://www.ebay.com/itm/147421401092?_skw=zoids&hash=item2253001004:g:EcgAAeSwVplqTGoU,https://i.ebayimg.com/images/g/EcgAAeSwVplqTGoU/s-l225.jpg
zoid,model_kit,eBay,marketplace,"ORIGINAL 2002 HASBRO ZOIDS CHAMELEOR #058 1/72 SCALE, NOS, SEALED",24.99,,False,USD,New,https://www.ebay.com/itm/257695356281?_skw=zoids&hash=item3bffd71579:g:SEsAAeSwS8tqiHN-,https://i.ebayimg.com/images/g/SEsAAeSwS8tqiHN-/s-l225.jpg
zoid,model_kit,eBay,marketplace,Takara Tomy Zoids 40th Anniversary Blade Liger AZ-01 RZ-028 1:72 Model Kit,125.0,,False,USD,New,https://www.ebay.com/itm/168613856652?_skw=zoids&hash=item27422b458c:g:nroAAeSwTHhqf1VQ,https://i.ebayimg.com/images/g/nroAAeSwTHhqf1VQ/s-l225.jpg
zoid,model_kit,eBay,marketplace,Zoids Chaotic Century Anime Complete Series Episodes 1-67  English Audio,30.0,0.0,False,USD,,https://www.ebay.com/itm/355155867377?_skw=zoids&hash=item52b0f076f1:g:ROUAAeSwc5lqU~3A&amdata=enc%3AAQALAAAA4ACCtXRWQnOEpyOqnQQ8KGY2xoUPsZhj%2FUEPxILvJZfIpTd7ypTKIEyfdYD3YgrHHGqmEEfeccVGbCLFfiP4%2BIneLiNqe9r09qTC1ZmAgT0FqALw1fSEswC39TMTmmeA01lsMD0g0JCCxSKg1sjTvHfPoupdMtPvl73lvw%2BxQg4h6OizR0Q6rO61D3cU7y8r93V%2BuUp8cz%2Bad%2B%2FvQypXxUD5VJKBEAG7jQ7YV5BzG5XxknvkEcgU2PbOFV%2FNCf5%2FQ5uaDhXdl%2BilzC6JAxRcO4PEi8fZty9LzzC%2FFPYQMdfS,https://i.ebayimg.com/images/g/ROUAAeSwc5lqU~3A/s-l225.jpg
zoid,model_kit,eBay,marketplace,Zoids Genesis Anime Series Japanese Audio (English Subs) EPISODE 1-50,27.99,0.0,False,USD,,https://www.ebay.com/itm/355668796519?_skw=zoids&hash=item52cf832467:g:qHUAAOSwAttmK-pR&amdata=enc%3AAQALAAAA4ACCtXRWQnOEpyOqnQQ8KGaqF0huOT2rhENs7i%2BvhC4EOrfLTnH1UPpfHsWXCQbEmXzlJ4yExrNzwgIbD81MqWHBqxlFiMRhHRFQmp%2B8UePJUxXQPC6TqRnU6EguifBaMdPYNsS3lH--976rr4rqKmy9r9XN7ZWc2mItZEouwi1TSGZcxmTaZ13PNxim8zw%2BUyZoQlVBZnRVt4tOSk9eO3xCVGq0nOMJ9OHUoVUzVr4PxAPW%2Bit0msx3j1SxW5F7GOwXfXYsx%2Fayh9y%2FZmUxed5kEkGs5aucjiR2zZrvaLAB,https://i.ebayimg.com/images/g/qHUAAOSwAttmK-pR/s-l225.jpg
zoid,model_kit,eBay,marketplace,ZOIDS RZ-042 COMMAND WOLF Attack Custom,55.0,19.75,False,USD,New,https://www.ebay.com/itm/188809380977?_skw=zoids&hash=item2bf5ea8471:g:J5IAAeSwZERqg75D&amdata=enc%3AAQALAAAA4ACCtXRWQnOEpyOqnQQ8KGZex5gp62Ycj2pv5Duk423L%2FUM7qL1voxfYUPuf9ogX%2B%2FUOPsMkrDNtC7NcscsK4ZTdBrTXrtxAYxGyYagciPmQjot7HQPOSdrtcDFUAiqLmUvrY62okC7di0aV6pwkeHV3yXwEq3SQxYJCxleA%2FDsWrDMUe%2BfEd0UHJKGkx7p%2Bo8MCPfRpWQRvdqJzVQSFZUlAeUROiysYZD%2FXeJrBVSqhcOAqCQ3lFWU8ubYkB81U8c5kQQXGhv2D1UNhCRe9s2EDevz0YuZnnk493Qe9Jxqe,https://i.ebayimg.com/images/g/J5IAAeSwZERqg75D/s-l225.jpg
zoid,model_kit,eBay,marketplace,2002 Hasbro Tomy Zoids White Liger Zero Action Figure Robot Lion Tiger Not Comp,20.0,8.0,False,USD,Used,https://www.ebay.com/itm/237015439311?_skw=zoids&hash=item372f3897cf:g:YKIAAeSwHlpqGPga,https://i.ebayimg.com/images/g/YKIAAeSwHlpqGPga/s-l225.jpg
zoid,model_kit,eBay,marketplace,Zoids HMM 030 RZ-041 Liger Zero Jager Marking Plus 1/72 model kit Kotobukiya,99.99,0.0,False,USD,New,https://www.ebay.com/itm/389472469442?_skw=zoids&hash=item5aae5e41c2:g:cXEAAeSwek1pYKfF,https://i.ebayimg.com/images/g/cXEAAeSwek1pYKfF/s-l225.jpg
zoid,model_kit,eBay,marketplace,Zoids HMM 026 RZ-041 Liger Zero Schneider Marking Plus 1/72 model kit Kotobukiya,119.99,0.0,False,USD,New,https://www.ebay.com/itm/389472474311?_skw=zoids&hash=item5aae5e54c7:g:n5MAAeSwYPtpYKih,https://i.ebayimg.com/images/g/n5MAAeSwYPtpYKih/s-l225.jpg
zoid,model_kit,eBay,marketplace,Zoids 1/72 Liger Zero Jager Marking Plus Ver. HMM Kotobukiya Model Kit,99.0,5.0,False,USD,New,https://www.ebay.com/itm/188827631779?_skw=zoids&hash=item2bf70100a3:g:tcEAAeSwbr9qiG8r,https://i.ebayimg.com/images/g/tcEAAeSwbr9qiG8r/s-l225.jpg
zoid,model_kit,eBay,marketplace,Vintage Tomy Zoids Robo Strux Terox Vintage 1985 - BROKEN TAIL BUT WORKS - READ,119.99,,False,USD,Used,https://www.ebay.com/itm/298607168364?_skw=zoids&hash=item45865fcb6c:g:xUEAAeSwW8NqiGes,https://i.ebayimg.com/images/g/xUEAAeSwW8NqiGes/s-l225.jpg
zoid,model_kit,eBay,marketplace,"Liger Zero Jaeger Zoids Hasbro 2002 6.5"" Long Figure",11.99,,False,USD,Used,https://www.ebay.com/itm/307139076390?_skw=zoids&hash=item4782ea6126:g:rr0AAeSwXzppQfcm,https://i.ebayimg.com/images/g/rr0AAeSwXzppQfcm/s-l225.jpg
zoid,model_kit,eBay,marketplace,Zoids HMM-0063 RZ-045 Salamander 1/72 model kit Kotobukiya,279.99,0.0,False,USD,New,https://www.ebay.com/itm/366526910434?_skw=zoids&hash=item5556b4cfe2:g:dKoAAeSwr6JqTGga,https://i.ebayimg.com/images/g/dKoAAeSwr6JqTGga/s-l225.jpg
zoid,model_kit,eBay,marketplace,"ZOIDS Vintage Huge Lot Tomy Hasbro Liger, 2 Pilots Mixed PARTS/REPAIR As-Is",79.95,11.95,False,USD,Used,https://www.ebay.com/itm/158213222259?_skw=zoids&hash=item24d63e2f73:g:Pc0AAOSwxidkl2kJ,https://i.ebayimg.com/images/g/Pc0AAOSwxidkl2kJ/s-l225.jpg
zoid,model_kit,eBay,marketplace,Zoids RMZ-008 Command Wolf Irvine Special Action Plastic Model Kit,59.23,0.0,False,USD,New,https://www.ebay.com/itm/257593781693?_skw=zoids&hash=item3bf9c92dbd:g:fgQAAeSwnx1qQhpl,https://i.ebayimg.com/images/g/fgQAAeSwnx1qQhpl/s-l225.jpg
zoid,model_kit,eBay,marketplace,Zoids HMM 002 RZ-009 Command Wolf AC&LC Marking Plus 1/72 model kit Kotobukiya,99.99,0.0,False,USD,New,https://www.ebay.com/itm/389472455614?_skw=zoids&hash=item5aae5e0bbe:g:KN0AAeSwWBRpYKYG,https://i.ebayimg.com/images/g/KN0AAeSwWBRpYKYG/s-l225.jpg
zoid,model_kit,eBay,marketplace,Vintage 1985 Tomy Zoids Iron Kong EPZ-002 Assembled Unused Decals Manual Box Art,144.95,,False,USD,Used,https://www.ebay.com/itm/318699165389?_skw=zoids&hash=item4a33f356cd:g:7vIAAeSwCz5qd5lF,https://i.ebayimg.com/images/g/7vIAAeSwCz5qd5lF/s-l225.jpg
zoid,model_kit,eBay,marketplace,Please Read!! Kotobukiya Zoids RMZ-003 Command Wolf,29.0,0.0,False,USD,New,https://www.ebay.com/itm/327202929719?_skw=zoids&hash=item4c2ed07c37:g:LjwAAeSw0GVqJvsn,https://i.ebayimg.com/images/g/LjwAAeSw0GVqJvsn/s-l225.jpg
zoid,model_kit,eBay,marketplace,Tomy Zoids RZ-014 Godos Dinosaur type 1/72 Plastic model,75.0,17.75,False,USD,New,https://www.ebay.com/itm/188795494569?_skw=zoids&hash=item2bf516a0a9:g:i8UAAeSwDzRqgA9J&amdata=enc%3AAQALAAAA4ACCtXRWQnOEpyOqnQQ8KGbB0QmHmQuRa6nsKW00QoqSpHCVK3Ks1r%2BvkXoSvQMqv92aVRqA6lYPCBLnTdyn1bHyM9%2B%2BC0BzsTYsPi2owYOOyAQhu%2FosXC35czPuz4XPBF2T%2F3AmoEH2L6Cwix2GFNAzz5YiDnxl%2FyGn3%2Fd%2FcCeeNuRtOxMDjEWZ583hZtLjQNoOALqWDLtkMG6ywpHrEXWOeo28YFG2%2BJz5m43IjgVKqCkruPgTnNxhJ%2FOrVVeDsejT1UiS%2BqMzZ7ALvxLVX6%2FxoN9ZA%2F8PjfN836hqSQO2,https://i.ebayimg.com/images/g/i8UAAeSwDzRqgA9J/s-l225.jpg
zoid,model_kit,eBay,marketplace,TAKARA TOMY DAEWON ZOIDS WILD : XENO REX ZW52 Tyrannosaurus Type Action Figure,68.8,6.0,False,USD,New,https://www.ebay.com/itm/116014567998?_skw=zoids&hash=item1b0301d23e:g:amMAAOSwxollgWyV&amdata=enc%3AAQALAAAA4ACCtXRWQnOEpyOqnQQ8KGYY9b2BohLJY4aZyrdGClXvu2bmmAypfZtj5oCmjgrIuHXjSvnqsEf1I%2BBimwlVQjeu6rpJTZ7bjt545PuU8EzyGIdqlH7J6hhdGRwcyAts66Km3p105a5sCO6MPaNbSeBB8vQrwH6IAWldRqBqzCPDDUYOspCAVTWtSMVme5E3WDGoC8xeyDbzpyCL%2FgNpJijcyCX1z4wUOy%2FYHVumyKW%2FMvEwpL3zPUoWT9OeoktsMJ5M1U7l9z1mgDN5qq7J%2FqZNr2V7hz1t0Kd5oHL%2BwhAP,https://i.ebayimg.com/images/g/amMAAOSwxollgWyV/s-l225.jpg
zoid,model_kit,eBay,marketplace,1980s Robo Nation Radio Control Robotic Beasts ToysRUs Toy Tomy Zoids Inspired,30.0,,False,USD,Used,https://www.ebay.com/itm/287537347496?_skw=zoids&hash=item42f28fbba8:g:3B4AAeSwEQFqh7Bc&amdata=enc%3AAQALAAAA4ACCtXRWQnOEpyOqnQQ8KGaumx%2BNgDWUMZfQTLrWv%2BKuC9ylpft26x8gWHCmBjeIv8%2BTrvlwBQXT6E3InFdLrnlYDcAJAC%2ByP4wDbd5VSFeV2DOI4FNMntmyoNwo%2BOx%2Fo7e4LADFJwu7qgip5rFTdPVo2oH%2FjTfIWYxsgiK8nUUIjuZ3qU%2FAGPT3RLRtnwIwHeNq7EbE6sbHoJK2hTp9Qm1BvgOHW%2FoJAb9RNXDYHZKFCpMwfRR836RNF4Zh44DBtw9Hzy4rm%2BiPqWtpLRL0umiSWZQh6bNXnUebbDJ4cah1,https://i.ebayimg.com/images/g/3B4AAeSwEQFqh7Bc/s-l225.jpg
zoid,model_kit,eBay,marketplace,Vintage 1980s Mechanical Dinosaur Zoid style Gundam Kit Toy Bootleg KO,199.99,0.0,False,USD,New,https://www.ebay.com/itm/128035024288?_skw=zoids&hash=item1dcf7b6da0:g:rbAAAeSwGGJqhgJb&amdata=enc%3AAQALAAAA4ACCtXRWQnOEpyOqnQQ8KGaV8O7rMyDuPMMYnWCpY8i6PmH02PNYO%2B5d5hax17%2Bu4PljfbrR7ckEPZOJOunENVaYiNu%2FKtYLnB2%2BPTNHN2CkqPsdbENCyWpch6JbFqXWJs1rN9lyGtI8nerF5RFEKKLpA6MQWUccI0HpfCy0DNZK3dHjlaI3O4XH3b4wYOiiByaWumeyUNTivNx4BaflOz872RpoXmEaYi57H8R1MVqNztJafwRs8crONYcr1v2RkmMPiYjqUIK2DPK%2BKe76VXkge4mp%2FxdqUZbxKpCfCalu,https://i.ebayimg.com/images/g/rbAAAeSwGGJqhgJb/s-l225.jpg
zoid,model_kit,eBay,marketplace,Hasbro Tomy 2002 Zoids Lot Of 3 Action Figures Not Complete Pre-owned,22.49,,False,USD,Used,https://www.ebay.com/itm/358472836555?_skw=zoids&hash=item5376a565cb:g:LwoAAeSwhS1p6DR6,https://i.ebayimg.com/images/g/LwoAAeSwhS1p6DR6/s-l225.jpg
zoid,model_kit,eBay,marketplace,Takara Tomy T-SPARK ZOIDS RMZ-016 Blade Liger Panzer ZBF 1/100 Model Kit,105.98,0.0,False,USD,New,https://www.ebay.com/itm/307047432660?_skw=zoids&hash=item477d7401d4:g:JM4AAeSwP3hqTQA0,https://i.ebayimg.com/images/g/JM4AAeSwP3hqTQA0/s-l225.jpg
zoid,other,eBay,marketplace,Hasbro 2001 Zoids Venomous Viper Model Kit Built And Stickered With Pilot,13.49,0.0,False,USD,Used,https://www.ebay.com/itm/800503402335?_skw=zoids&hash=itemba61b88f5f:g:aDYAAeSw~7lqALlM,https://i.ebayimg.com/images/g/aDYAAeSw~7lqALlM/s-l225.jpg
zoid,model_kit,eBay,marketplace,Zoids HMM 022 Liger Zero Panzer Unit Marking Plus 1/72 model kit Kotobukiya,59.99,0.0,False,USD,New,https://www.ebay.com/itm/389472526638?_skw=zoids&hash=item5aae5f212e:g:yRIAAeSw1q5pYKv-,https://i.ebayimg.com/images/g/yRIAAeSw1q5pYKv-/s-l225.jpg
zoid,model_kit,eBay,marketplace,"Lot Of 3 Zoids 6"" Action Figure TOMY Hasbro 2002 As Is",20.0,6.95,False,USD,Used,https://www.ebay.com/itm/336726584443?_skw=zoids&hash=item4e6677ec7b:g:DOsAAeSwdhFqcn6p,https://i.ebayimg.com/images/g/DOsAAeSwdhFqcn6p/s-l225.jpg
zoid,model_kit,eBay,marketplace,Zoids HMM 026 Liger Zero Schneider Unit Marking Plus 1/72 model kit Kotobukiya,49.99,0.0,False,USD,New,https://www.ebay.com/itm/389472521592?_skw=zoids&hash=item5aae5f0d78:g:aEkAAeSwxxppYKtQ,https://i.ebayimg.com/images/g/aEkAAeSwxxppYKtQ/s-l225.jpg
zoid,model_kit,eBay,marketplace,Zoids: The Battle Begins DVD volume 1,35.0,,False,USD,Very Good,https://www.ebay.com/itm/377372636127?_skw=zoids&hash=item57dd2973df:g:oOoAAeSwWEBqZt0q&amdata=enc%3AAQALAAAA4ACCtXRWQnOEpyOqnQQ8KGa4qtWJZutvQ97zvxeABiaU911foFndqRjiFM7ta0JlWbi0kHF3gImLJyednWAualWbTyruOBgEQZVKPELUdTz4eXa%2Fhl7eL2nP3Ip0ti896IOxBzw7HqouXNzWxP1aOiZUo4Aog5XeCxmLxRIBMS35zOl7VVEOqYex2Ci6BgALzYM%2BE5B9v5nqJJYqfS5%2F7KElHAFVuaIyu52Vc1OoUWP3bZhIVHczGuzy2OPjJ1X4BCz0mjpqAizlbUuzV40seeZcMC%2BRAJFLdlcr1zOpR0S2,https://i.ebayimg.com/images/g/oOoAAeSwWEBqZt0q/s-l225.jpg
zoid,model_kit,eBay,marketplace,TOMY ZOIDS RZ-046 Shadow Fox Motorized Figure Collectible 15+,80.49,18.0,False,USD,Used,https://www.ebay.com/itm/398245385712?_skw=zoids&hash=item5cb94655f0:g:5d4AAeSw4VVqcK5N&amdata=enc%3AAQALAAAA4ACCtXRWQnOEpyOqnQQ8KGa2BbXgM%2B7M3oT4La3W%2FBTnpQ%2Bej7sGB9D16hO0Ytx2SPCK2vsY2hEVJPD6mHMGahDBiVlD%2BVJg6bq3H0bkAEhpgGZHmVRFDCJ0cfGVFWJC21JtW0NqHPI9gZilMTnBJGF%2BvTCF4pVCTDJH8PDHlkleUHYEnzDlcmzU112iAy3D3dISWcdAhbe1sGXxBjYOklAQlhffqOdZtTK2v6%2FjNHFu719sRPE1PKRa4PDMu8kOsX0SJcCBIuepYZfG1l4Fg%2FrOktit366sv7koiw9A5qUj,https://i.ebayimg.com/images/g/5d4AAeSw4VVqcK5N/s-l225.jpg
zoid,model_kit,eBay,marketplace,Zoids RZ-041 Liger Zero Schneider Marking Plus Ver. Model Kit Kotobukiya,119.95,9.95,False,USD,New,https://www.ebay.com/itm/177802010074?_skw=zoids&hash=item2965d35dda:g:TEIAAeSwPY9qC1~c,https://i.ebayimg.com/images/g/TEIAAeSwPY9qC1~c/s-l225.jpg
zoid,model_kit,eBay,marketplace,Zoids HMM 010 RZ-034 Geno Breaker Repackage ver.  1/72 model kit Kotobukiya,119.99,0.0,False,USD,New,https://www.ebay.com/itm/147083317533?_skw=zoids&hash=item223ed9511d:g:IGUAAeSwRI9pYTDx,https://i.ebayimg.com/images/g/IGUAAeSwRI9pYTDx/s-l225.jpg
zoid,model_kit,eBay,marketplace,Zoids Gun Sniper & Liger  Zero X - Tomy Hasbro 2002 Robot Animals,39.99,0.0,False,USD,Used,https://www.ebay.com/itm/820024321900?_skw=zoids&hash=itembeed42276c:g:8GcAAeSwvFJqhiX4,https://i.ebayimg.com/images/g/8GcAAeSwvFJqhiX4/s-l225.jpg
zoid,cards,eBay,marketplace,Zoids Galaxy Quest Planet Zi Ultimate Battle Card Game Unpunched Trading Cards,38.95,0.0,False,USD,New,https://www.ebay.com/itm/286969711560?_skw=zoids&hash=item42d0ba4bc8:g:m68AAeSwMjFpJeIf,https://i.ebayimg.com/images/g/m68AAeSwMjFpJeIf/s-l225.jpg
zoid,model_kit,eBay,marketplace,Kotobukiya - Zoids - EHI-7 Reddra Zenebus Empire Version Model Kit [New Toy],53.39,0.0,False,USD,New,https://www.ebay.com/itm/198253987098?_skw=zoids&hash=item2e28dbc51a:g:GbcAAeSwR6VpHYs8,https://i.ebayimg.com/images/g/GbcAAeSwR6VpHYs8/s-l225.jpg
zoid,model_kit,eBay,marketplace,TOMY Zoids Motorized Model Kit Lot DISPLAY BOXES & MISCELLANEOUS PARTS ONLY ￼,120.0,,False,USD,Used,https://www.ebay.com/itm/366616774341?_skw=zoids&hash=item555c1006c5:g:pFYAAeSwrWpqhhwT,https://i.ebayimg.com/images/g/pFYAAeSwrWpqhhwT/s-l225.jpg
zoid,model_kit,eBay,marketplace,Kotobukiya Zoids AZ-05 Saber Tiger 40th Anniversary Model Kit,85.0,,False,USD,New,https://www.ebay.com/itm/188819602118?_skw=zoids&hash=item2bf6867ac6:g:goMAAeSwFLNqhlCH,https://i.ebayimg.com/images/g/goMAAeSwFLNqhlCH/s-l225.jpg
zoid,model_kit,eBay,marketplace,Kotobukiya D-Style ZOIDS Blade Liger special limited -Gold plated parts include,6.5,39.0,False,USD,New,https://www.ebay.com/itm/297687131853?_skw=zoids&hash=item454f8926cd:g:ky0AAOSwlZdkACMO,https://i.ebayimg.com/images/g/ky0AAOSwlZdkACMO/s-l225.jpg
zoid,model_kit,eBay,marketplace,Zoids Elephander Action Figure-By Tomy-Rare-2002-Includes HTF Parts As Pictured,25.0,,False,USD,Used,https://www.ebay.com/itm/168538939290?_skw=zoids&hash=item273db41f9a:g:WHAAAeSwe4RqWDx4&amdata=enc%3AAQALAAAA4ACCtXRWQnOEpyOqnQQ8KGa2yOEp9vGjprgDhf7iiyJY7Kuy80HwTwsJvZw3pMtAdxU8jbpmznAUgQA%2FIBYBzIuI9wQDJM8FZ%2FyHRbGCJwgs46N8LseJ01pILgZhJI4bx6qYD5505czsqjINuS6ZSbUYFySWvxxrLKKPrr8kJpBZjphYhaL8LZJguUMjOVdWwnx1ObsQi04%2FmIoBzlPgV%2BS3HhTgStN7gqQFpxTVtUKYNvKMfEc8Ar0ikRh20G%2FM4twCtvKTnbrdqxd71nbDn84rNdyhNbVUZ2j9%2BzTv%2BrB9,https://i.ebayimg.com/images/g/WHAAAeSwe4RqWDx4/s-l225.jpg
zoid,model_kit,eBay,marketplace,2000 Tomy Zoids CP-11 Maneuver Thrusters add on parts for Iron Kong,49.95,19.75,False,USD,New,https://www.ebay.com/itm/188802892125?_skw=zoids&hash=item2bf587815d:g:Qf0AAeSwHn1qgg24&amdata=enc%3AAQALAAAA4ACCtXRWQnOEpyOqnQQ8KGaS6U5r9WcZRmCxfyBOPhKvc59YoSOxhSDaOv8eN%2B9EojEMf%2Bp3F1N%2Bl8f2Y4lMGsymq6eSAOl4p%2FeO0JHa9PQkoEAiGrZxhkcHAyjAVyniHHLvw1bHisS6Snv77vU47KQnreqdZu0V8Eb7T4%2Fyp%2FGq%2FDZRWLxu2385HQsSVeeYpzbufjX9VMv4T9VGmlbNC%2Bh2HYP8IRDXqEzv1am2cQrF29J%2Fppzdz7bPM%2BZUebyamNfgZf2xBTlrTXqY9L5H%2FcbwZGW1A64tsCAX%2B%2FqWBXxC,https://i.ebayimg.com/images/g/Qf0AAeSwHn1qgg24/s-l225.jpg
zoid,model_kit,eBay,marketplace,2000 Tomy Zoids CP-11 Maneuver Thrusters add on parts for Iron Kong,49.95,19.75,False,USD,New,https://www.ebay.com/itm/188802892125?_skw=zoids&hash=item2bf587815d:g:Qf0AAeSwHn1qgg24&amdata=enc%3AAQALAAAA4ACCtXRWQnOEpyOqnQQ8KGaS6U5r9WcZRmCxfyBOPhKvc59YoSOxhSDaOv8eN%2B9EojEMf%2Bp3F1N%2Bl8f2Y4lMGsymq6eSAOl4p%2FeO0JHa9PQkoEAiGrZxhkcHAyjAVyniHHLvw1bHisS6Snv77vU47KQzeGTGCFwG%2B0kZMrY8GTICTwkO50by%2FlUW6vJShY55DdOcqzA7frPRx%2FsfWAHNMJZUcG2J6%2Bflt9dwW1VNOXowM3SMTSDOxG3vp2tHwL%2FKUx9fOLIhvUrVPKDTlIzPr9Se5z5q3Y4azOVzNff6i%2Ffj,https://i.ebayimg.com/images/g/Qf0AAeSwHn1qgg24/s-l225.jpg
zoid,model_kit,eBay,marketplace,ZOIDS-METAL RHIMOS Rhinoceros type Special Limited specification kit Tomy,75.0,16.0,False,USD,New,https://www.ebay.com/itm/188795423206?_skw=zoids&hash=item2bf51589e6:g:yyMAAeSw~cFqgAtz&amdata=enc%3AAQALAAAA4ACCtXRWQnOEpyOqnQQ8KGamRYiTWUAtzTaCOCCOLSfhc5RKeYBqJf6nUuyScN2%2F2Y%2FhMz4w45lNQbWNUTGd7LnwgyBnmDFMyfv%2Bxt2Q2n3qV8oyh4Raxs%2Bok17Kej0ZKhSQJj91WwQJ8XFEMZmJfFQ95xdw%2F92yGCbQks%2FllqEunIfZErv7%2BdD6RM2w90A1zjqO4KzyVHcXXkmPLD7bn09pX%2BbC9UrpOZLw3Z8wPGy91lslH3qWAU%2BocKVZlKdGVo5ZKrIffgE1gvT7H0EAjtZRgjetbgYZ3vgHgtP3A5QI,https://i.ebayimg.com/images/g/yyMAAeSw~cFqgAtz/s-l225.jpg
zoid,model_kit,eBay,marketplace,Zoids Chaotic Century Manga Volume 1 & 2 Viz,22.0,,False,USD,Very Good,https://www.ebay.com/itm/158165298493?_skw=zoids&hash=item24d362ed3d:g:t50AAeSwyShqdnu3&amdata=enc%3AAQALAAAA4ACCtXRWQnOEpyOqnQQ8KGbPEems0LANuYY5XokExCqjQILxXPTmv7uPobWK%2FI%2FHWjAQicrrtDczZjBCR%2BpbsYgMJnxQ%2FQ6zIXhfMCT8WO06KpHARKs%2BGuibcwoisYKx3hNgKXV0XODgJGuwkz13kTBKk286aCcTV3GfYtgg9VDKJZrkELzKDsl%2FQTyj8RKDT3bjczDJEPKYch6ISVmcJY4KgB6MfxenJWSL3vCPkVrteMYSwpwQM3RR%2FIbPKArn7tEsD1zixF4V7axSpvTVxmjXqUapJXfEyzSsc7PyIBUR,https://i.ebayimg.com/images/g/t50AAeSwyShqdnu3/s-l225.jpg
zoid,model_kit,eBay,marketplace,Tomy Zoids Kadouoh Liger Zero Lion Type Action Figure Japan Vintage Unopened,104.0,27.0,False,USD,Used,https://www.ebay.com/itm/147481132193?_skw=zoids&hash=item22568f7ca1:g:ZWYAAeSwtcBqcQ7k&amdata=enc%3AAQALAAAA4ACCtXRWQnOEpyOqnQQ8KGYVWL%2FUzSbUlljyN%2FYsOUJ2qhWAfxa%2FMReze%2BwjjpIWK9T3xdlUdejmgkwUi2u%2FdwvhqfW%2Bn1CML5rOROnE3ZqKl3MOE5i2RC2dNMHGPfSCTFwECp5WtVk%2BL58xhf3SuXct44oEJHEXc%2FPSk--rceQbO9VWvd5ITqbiqLvAtxikMgkJOeq1PHyIACp2UO1%2B7uqNL%2FGQnlmk7KVwfISmw0E20phUt53dJWN0NAz353LCnbUv6Ovh47PllY0g%2Fkaoht%2BqZAazVOpiP9nigZuXM%2FgS,https://i.ebayimg.com/images/g/ZWYAAeSwtcBqcQ7k/s-l225.jpg
zoid,model_kit,eBay,marketplace,ZOIDS ATAK KAT Assembled Complete With Nice Box! Hasbro 2001,29.0,,True,USD,Used,https://www.ebay.com/itm/117356333150?_skw=zoids&hash=item1b52fb885e:g:Y2kAAeSwxxdqfRLH,https://i.ebayimg.com/images/g/Y2kAAeSwxxdqfRLH/s-l225.jpg
zoid,model_kit,eBay,marketplace,Vintage ZOIDS Liger Zero #041 Hasbro 1/72 Scale Motorized Figure Never Opened,249.99,6.65,False,USD,New,https://www.ebay.com/itm/336708164244?_skw=zoids&hash=item4e655eda94:g:0KQAAeSwRo9qZSdF,https://i.ebayimg.com/images/g/0KQAAeSwRo9qZSdF/s-l225.jpg
zoid,model_kit,eBay,marketplace,Tomy Zoids WHITE LIGER ZERO Robot Figure 2002 HASBRO Incomplete,12.3,,False,USD,Used,https://www.ebay.com/itm/298606925390?_skw=zoids&hash=item45865c164e:g:TmoAAeSwT55qX3yX,https://i.ebayimg.com/images/g/TmoAAeSwT55qX3yX/s-l225.jpg
zoid,model_kit,eBay,marketplace,2002 Tomy Hasbro ZOIDS Lightning Saix Gun Sniper Figure Lot,12.99,7.99,False,USD,Used,https://www.ebay.com/itm/267744197086?_skw=zoids&hash=item3e56cc39de:g:ogwAAeSwW3hqbQt~,https://i.ebayimg.com/images/g/ogwAAeSwW3hqbQt~/s-l225.jpg
zoid,model_kit,eBay,marketplace,Zoids: Chaotic Century 1-11 + New Century Zero 1-6 English DVDs Rare Anime OOP,500.0,,False,USD,Good,https://www.ebay.com/itm/287470757567?_skw=zoids&hash=item42ee97a6bf:g:UnEAAeSwwnlqXAOy,https://i.ebayimg.com/images/g/UnEAAeSwwnlqXAOy/s-l225.jpg
zoid,model_kit,eBay,marketplace,Takara Tomy ARTS Gacha Shoulder Zun Fig ZOIDS Figure - 1 Random,13.95,0.0,False,USD,New,https://www.ebay.com/itm/137620795357?_skw=zoids&hash=item200ad6afdd:g:7rkAAeSwWg9qg0ZY,https://i.ebayimg.com/images/g/7rkAAeSwWg9qg0ZY/s-l225.jpg
zoid,model_kit,eBay,marketplace,2002 Hasbro Tomy Zoids Golden Liger Zero 6” Action Figure Incomplete,15.0,,False,USD,Used,https://www.ebay.com/itm/327318252042?_skw=zoids&hash=item4c35b02a0a:g:WxsAAeSwcZVpmnXA,https://i.ebayimg.com/images/g/WxsAAeSwcZVpmnXA/s-l225.jpg
zoid,model_kit,eBay,marketplace,Zoids Mini Figs x 3,24.99,6.0,False,USD,Used,https://www.ebay.com/itm/398263982246?_skw=zoids&hash=item5cba6218a6:g:h6EAAeSwA9Fqd2b7,https://i.ebayimg.com/images/g/h6EAAeSwA9Fqd2b7/s-l225.jpg
zoid,model_kit,eBay,marketplace,Zoids Battle Legends - Case And Game Only,45.0,,False,USD,Good,https://www.ebay.com/itm/206507076686?_skw=zoids&hash=item3014c7ec4e:g:GmQAAeSwLrNqh5DB,https://i.ebayimg.com/images/g/GmQAAeSwLrNqh5DB/s-l225.jpg
zoid,model_kit,eBay,marketplace,Takara Tomy 1/35 SPIDER ZOIDS SPIDER-MAN Special MK ✨USA Ship Seller✨,59.95,10.0,False,USD,New,https://www.ebay.com/itm/397208204658?_skw=zoids&hash=item5c7b743572:g:5PMAAeSwA0BpAruD&amdata=enc%3AAQALAAAA4ACCtXRWQnOEpyOqnQQ8KGZypvszB68447nxypemWYqnmCVM%2FvcJfrSYSWFhv10UZ5RXHNtr3kjQBfyKjLhbQD8Kll4orRqOMwD4qIz4BtrIUaV6yYIH3Ze2NFDaCvxPPD1JZRdRiGqE5dLtUy3b1UE65uCP4hXvBBQGzbuxNLmQjDXDWQAXba1ObijeRq%2BxX4WsKAmym7wwYgE0AV9WgzzjrmFFyfRwAq9EWpIgOgkhtUl0okGbSFQ3%2FJEz4sbXASuIk2ho7TPsZlEk2sC5TrHpXo5qA2qMW1TVMVVgHACd,https://i.ebayimg.com/images/g/5PMAAeSwA0BpAruD/s-l225.jpg
zoid,model_kit,eBay,marketplace,Zoids 1/72 EZ-034 HMM Geno Breaker Repackage Ver Plastic Model limited 350mm,115.0,,False,USD,New,https://www.ebay.com/itm/128037025052?_skw=zoids&hash=item1dcf99f51c:g:-iYAAeSwzMRqh5JS&amdata=enc%3AAQALAAAA4ACCtXRWQnOEpyOqnQQ8KGbevr1KTAd2aiePmSxekNdUXNWqCRa9xC%2ByRc7pDRmuvc8kpHsLYjJECPa0S1T--SOpdhOR7x2KBEBso%2FoyiN4QylJ%2FwDXRTmXqnDLAcEjUo4FNxTVz1yw%2FZPs4mrdpDc%2BSl4t7p7iNtbDWSapNN%2FfwBrzpaEjbByRfskZX3fwnE7Viq21VBOLRc8iKV4ERaW4tbjhYOqrqB%2Bc4Kf%2FBmru2LeV%2BVWbJIUIwv24JtYQ65DsI23KTM67%2BwQd2tZKz8cIMECDUlfCkbgu7gj9N0DiD,https://i.ebayimg.com/images/g/-iYAAeSwzMRqh5JS/s-l225.jpg
zoid,model_kit,eBay,marketplace,SEIKO ZOIDS Collaboration Geno Saurer Limited to 300 Pieces Worldwide NEW F/J,574.99,98.0,False,USD,New with box and papers,https://www.ebay.com/itm/377138144358?_skw=zoids&hash=item57cf2f6466:g:8XcAAeSw5Jpp6zGy&amdata=enc%3AAQALAAAA4ACCtXRWQnOEpyOqnQQ8KGb9Oj25jYAQ4pK7dB94vCx3tfl672GWSHHZoLwj1W5At3RTkZIh2TWkQEIgknBkXY%2BvkqRdZ83UC1O%2FuP3p%2BhWCrTfTdvK72Y3sVJ%2F%2BIR1tfcDgbd2zrdqET0idoMOPOq15fL3cX7l6A%2BBGT%2BEJ55%2BG8YBG9SptXo0xVuTFO5rrxM6pGhj5BDCzkNIEl3kiZKt%2BQ6R8ZTg3CXssBRQ0IAtA4LlX3b6a7s0sCDhwolEO9CtDUWX7hE2EBhcCINo85t%2BDtTxB2G0mSeJx0r4kgEls,https://i.ebayimg.com/images/g/8XcAAeSw5Jpp6zGy/s-l225.jpg
zoid,model_kit,eBay,marketplace,Roarbotix Vintage Tomy Starriors Zoids Wasters Tribots KO New on Card *RARE*,299.0,,True,USD,New,https://www.ebay.com/itm/188802325016?_skw=zoids&hash=item2bf57eda18:g:4rkAAeSw4qpqgeju,https://i.ebayimg.com/images/g/4rkAAeSw4qpqgeju/s-l225.jpg
zoid,model_kit,eBay,marketplace,ZOIDS CHOGOKIN CHANGING ARMOR set for RZ-041 LIGER ZERO BANDAI,256.82,45.0,False,USD,Used,https://www.ebay.com/itm/396511595473?_skw=zoids&hash=item5c51eecbd1:g:FLcAAeSwh9RpEbLA,https://i.ebayimg.com/images/g/FLcAAeSwh9RpEbLA/s-l225.jpg
zoid,model_kit,eBay,marketplace,Zoids Deathsaurer EPZ-06 Dinosaur Type - Tomy - Original Japanese Release ,179.99,,False,USD,Used,https://www.ebay.com/itm/157947682593?_skw=zoids&hash=item24c66a5f21:g:SG8AAeSwKuRqF5JV,https://i.ebayimg.com/images/g/SG8AAeSwKuRqF5JV/s-l225.jpg
zoid,model_kit,eBay,marketplace,Vintage Tomy Zoids Robo Strux Parts Lot,220.0,0.0,False,USD,Used,https://www.ebay.com/itm/307114892587?_skw=zoids&hash=item4781795d2b:g:LHIAAeSw~uRqd3-k,https://i.ebayimg.com/images/g/LHIAAeSw~uRqd3-k/s-l225.jpg
zoid,model_kit,eBay,marketplace,Zoids Fuzors Anime Complete Series Episodes 1-26 English Audio,21.99,0.0,False,USD,,https://www.ebay.com/itm/286172076383?_skw=zoids&hash=item42a12f595f:g:4FQAAeSwYaxqXFkq,https://i.ebayimg.com/images/g/4FQAAeSwYaxqXFkq/s-l225.jpg
zoid,model_kit,eBay,marketplace,NEW Capcom ZOIDS Beast Liger Magai Monster Hunter Magnamalo Action Figure,100.0,0.0,False,USD,New,https://www.ebay.com/itm/206365897010?_skw=zoids&hash=item300c5db132:g:seQAAeSw0jhqOYN2,https://i.ebayimg.com/images/g/seQAAeSw0jhqOYN2/s-l225.jpg
zoid,model_kit,eBay,marketplace,Takara Tomy Zoids 40th Anniversary AZ-03 Murasame Liger 1/72 Scale Model Kit,139.99,0.0,False,USD,New,https://www.ebay.com/itm/407023229039?_skw=zoids&hash=item5ec479986f:g:gWQAAeSwxcJqQ0nX,https://i.ebayimg.com/images/g/gWQAAeSwxcJqQ0nX/s-l225.jpg
zoid,model_kit,eBay,marketplace,Zoids HMM 030 Liger Zero Jager Unit Marking Plus 1/72 model kit Kotobukiya,49.99,0.0,False,USD,New,https://www.ebay.com/itm/389472518045?_skw=zoids&hash=item5aae5eff9d:g:lDQAAeSwlJxpYKpf,https://i.ebayimg.com/images/g/lDQAAeSwlJxpYKpf/s-l225.jpg
zoid,model_kit,eBay,marketplace,Takara Tomy T-Spark Realize Model ZOIDS RMZ-016 Blade Liger Panzer ZBF,106.55,0.0,False,USD,New,https://www.ebay.com/itm/227449942619?_skw=zoids&hash=item34f512b25b:g:x1MAAeSwwnxqZzag,https://i.ebayimg.com/images/g/x1MAAeSwwnxqZzag/s-l225.jpg
zoid,model_kit,eBay,marketplace,Kotobukiya 1/72 Zoids HMM RZ-028 Blade Liger AB Attack Booster Scale Model Kit,124.99,0.0,False,USD,New,https://www.ebay.com/itm/357808502785?_skw=zoids&hash=item534f0c7801:g:kpgAAeSw7lFo~Bwv,https://i.ebayimg.com/images/g/kpgAAeSw7lFo~Bwv/s-l225.jpg
zoid,model_kit,eBay,marketplace,"Zoids Liger Zero Empire Red Mechanical Tiger Figure 2002 Incomplete 9"" (C5)",17.99,,False,USD,Used,https://www.ebay.com/itm/298594188282?_skw=zoids&hash=item458599bbfa:g:EjoAAeSwRHNqCR9x,https://i.ebayimg.com/images/g/EjoAAeSwRHNqCR9x/s-l225.jpg
zoid,model_kit,eBay,marketplace,Takara Tomy T-SPARK ZOIDS RMZ-016 Blade Liger Panzer ZBF 1/100 Model Kit,110.0,30.0,False,USD,New,https://www.ebay.com/itm/287489342624?_skw=zoids&hash=item42efb33ca0:g:Om4AAeSwlDZqaMF-,https://i.ebayimg.com/images/g/Om4AAeSwlDZqaMF-/s-l225.jpg
zoid,model_kit,eBay,marketplace,Vintage ZOIDS Neptune Alligator Type 24 Scale Sealed Action Figure Japan Tomy,89.99,0.0,False,USD,Used,https://www.ebay.com/itm/298483286212?_skw=zoids&hash=item457efd80c4:g:qIwAAOSwVjpnQPEC&amdata=enc%3AAQALAAAA4ACCtXRWQnOEpyOqnQQ8KGbjds%2FTdk7YOASrWp3%2Bm%2FDvakWD5CR%2FzKfE7TNFRSjdLB%2FkDTANwpIy1iXmL09Ib5%2FhnZaOiyozk3%2FArB5QmLXksdY%2FiFHg7OJ6N0uzVeYheqB71MInMcvob291o3%2Fm%2FHPKz%2BdyVHxz4%2BhlshRfgifEhBYNlyG%2BEww%2Fesq2yPCk8cYDPRVTaFINYhK6m0lCwbYKiKBW2XKv01J16uXEfh%2B0KF9IPHRwKIPVVgpBfOJLLeGw%2BA77QBtUMVjryHYZ65rTL%2FoC1UpeA7n6in0uHPu4,https://i.ebayimg.com/images/g/qIwAAOSwVjpnQPEC/s-l225.jpg
zoid,model_kit,eBay,marketplace,Vintage Zoids Parts Lot - Sold As Is!,123.0,,False,USD,Used,https://www.ebay.com/itm/278048149857?_skw=zoids&hash=item40bcf61161:g:0LEAAeSwFyJqHZnY&amdata=enc%3AAQALAAAA4ACCtXRWQnOEpyOqnQQ8KGYHbaj9pdC8F7OBag%2FdoA8VMownttH4FdBNZeTRCLjesSu3IYXSY1oPiMQvqPwTZSWWCR%2FZKM8oD6bqLkdIfV7BDOBSlrh%2BZI%2BChzCAz7DC6WB3sGGZQkswNI15Ogz69RUnmG2%2BLlJ116yhPs18snhfhczakT5avyWMkimJaZfEWMT3TEYFBpg6Ja5N5S%2Bw3Sug%2BUGOBl%2Bykn1Yq2d6tmZNVzKm8A54kxwuQTotcF%2B462uMmY4GoWPrqyGJyWQDwu0OcfK%2FI9LcwrgtRwaIDvh4,https://i.ebayimg.com/images/g/0LEAAeSwFyJqHZnY/s-l225.jpg
zoid,model_kit,eBay,marketplace,Zoids Metamor Verse MV-01 Ao Kiriyama & Blade Liger Takara Tomy US Seller,150.0,0.0,False,USD,New,https://www.ebay.com/itm/117245593612?_skw=zoids&hash=item1b4c61c80c:g:-C0AAeSwMWtqLEkF&amdata=enc%3AAQALAAAA4ACCtXRWQnOEpyOqnQQ8KGblAuZRC7rjk5jsDwobIBEfx1TI9jbJbzZ6RbRHMd4%2FcFSwTilHWDLubnNMYQZJ49WUE4jccGtDujZizeSQPwkLxteUYMlUC2v4YmirsipFAbJob%2Ff37wsuLmJ8hLnvXlhfOQ%2F%2B4BxP9b2MCgiP8SXrrhXxSqsB95pzsan0nkyP9XiMqEFYZ8RH2D5ldMJDnUBomkw1QaEtQjgRYZUIWlHM22n%2FtCcBaklmM7Fp2633FmYxASEdeCsgJOxSpAwbPzjB6RqdfhNWjnH0tPOkyjcE,https://i.ebayimg.com/images/g/-C0AAeSwMWtqLEkF/s-l225.jpg
zoid,model_kit,eBay,marketplace,TAKARA TOMY DAEWON ZOIDS WILD : ZW55 Xeno Rex Scissors XA Tyrannosaurus Type,89.8,0.0,False,USD,New,https://www.ebay.com/itm/126243225931?_skw=zoids&hash=item1d64aec14b:g:SQ8AAOSwFAllgXzA&amdata=enc%3AAQALAAAA4ACCtXRWQnOEpyOqnQQ8KGZpMz2XlglxaMRJlrOL7ZL6hqSHBHBW1mzm3J1P%2BA0NZNa4eRug26y248WqMYJo1btnMZ19V8His4TiwrxXEHzuagsMC5xk%2BzMqiinc7qiB0YDZHk3I%2FEkjBZAVtMDkl%2BS8Q6m5KjaNlZXRW7fOEcH2S8eigPA7mvcFY2agFA%2Fn7YV6upysaONmy0h8YaaaemR3MH%2BgymGnF7mm%2FtHffCQG01TwY17FMd3C4iPIDWMyrdOYhbaFbeuL90K7%2B%2FNryLgUkShEAcSDKc6%2BEoAINaNI,https://i.ebayimg.com/images/g/SQ8AAOSwFAllgXzA/s-l225.jpg
zoid,model_kit,eBay,marketplace,Zoids AM-Z01CP Berserk Fuhrer Sturm & Jagt Unit T-SPARK Limited,265.0,0.0,False,USD,New,https://www.ebay.com/itm/327310487647?_skw=zoids&hash=item4c3539b05f:g:rHoAAeSw2SRqd-v5,https://i.ebayimg.com/images/g/rHoAAeSw2SRqd-v5/s-l225.jpg
zoid,model_kit,eBay,marketplace,Liger Zero Holotech - BAF 01 - Zoids [RARE] 2002 Tomy Hasbro,49.99,4.99,False,USD,Used,https://www.ebay.com/itm/287416762012?_skw=zoids&hash=item42eb5fbe9c:g:d2IAAeSwz6xqPErN,https://i.ebayimg.com/images/g/d2IAAeSwz6xqPErN/s-l225.jpg
zoid,model_kit,eBay,marketplace,Zoids Liger Zero Schneider Hasbro #041 1/72 Incomplete ,49.99,,False,USD,Used,https://www.ebay.com/itm/398289311569?_skw=zoids&hash=item5cbbe49751:g:BA0AAeSwgGdqgJlr,https://i.ebayimg.com/images/g/BA0AAeSwgGdqgJlr/s-l225.jpg
zoid,model_kit,eBay,marketplace,Tomy Zoids LARGE LOT of 13 Models Parts Missing,75.0,,False,USD,Used,https://www.ebay.com/itm/318716864436?_skw=zoids&hash=item4a350167b4:g:aKAAAeSwyShqfAOv,https://i.ebayimg.com/images/g/aKAAAeSwyShqfAOv/s-l225.jpg
zoid,model_kit,eBay,marketplace,ZOIDS 1986 Annual Comic Book,19.95,0.0,False,USD,Like New,https://www.ebay.com/itm/128028694130?_skw=zoids&hash=item1dcf1ad672:g:NcEAAeSwWcdqgQL3,https://i.ebayimg.com/images/g/NcEAAeSwWcdqgQL3/s-l225.jpg
zoid,model_kit,eBay,marketplace,ZOIDS EPZ-003 Great Sabre Tiger Marking Plus Ver. 1/72 Model kit Kotobukiya,118.51,2.9,False,USD,New,https://www.ebay.com/itm/287533725024?_skw=zoids&hash=item42f2587560:g:WFYAAeSwUXpqiDeG,https://i.ebayimg.com/images/g/WFYAAeSwUXpqiDeG/s-l225.jpg
zoid,model_kit,eBay,marketplace,1/72 Zoids NBZ-10 Grand Largo Neo Blox Model,163.5,20.0,False,USD,Used,https://www.ebay.com/itm/358208788069?_skw=zoids&hash=item5366e85665:g:VKYAAeSw2DJqhyj-&amdata=enc%3AAQALAAAA4ACCtXRWQnOEpyOqnQQ8KGZ0NL8VPbNMMhTtrcLhQQoXVEdSygps%2FBnR0L5l79EO52CiXARAMePlll%2BZse2A9wdjboCugIOqH4PNDNzNAk7Hw07qgo9%2FyfZ16uxePsuzNtXqSQaHeB16p3e07OjUyv63KmARaWachVNFqDP%2FcpxBvIl8K%2BQi97RNc1qm%2FaCJC%2BWukojYpE%2BHx3%2BRUvh%2BQwLDj4iTPPKb8FlBE9haWzDij1hU0k%2B8VMgcTGalWEWuu7fA6JpEbPFoVOHUORfG0cs91vGoXKxByKQORzpxWaUh,https://i.ebayimg.com/images/g/VKYAAeSw2DJqhyj-/s-l225.jpg
zoid,model_kit,eBay,marketplace,TAKARA TOMY DAEWON ZOIDS WILD : ZW58 Xeno Rex Buster XA Tyrannosaurus Type,89.8,0.0,False,USD,New,https://www.ebay.com/itm/126287938212?_skw=zoids&hash=item1d675902a4:g:a8EAAOSwz~RlqNBO&amdata=enc%3AAQALAAAA4ACCtXRWQnOEpyOqnQQ8KGZpXOlNFIElX%2FwEgBsRiPg7SXtPzwpJzFkEHxTVDPUfGB3TnHa6ir%2BVxSxDdmBLoM7%2BDpazWN6WFMpcxZUf4nx4vZ8igG4ArmiZx5OfHMfR12ouNiS8dqcPoiT7oJtVM9K6yuA2QnyddBODacBbc9m%2BkEll8leeD%2BrrkrlhIqiv2JktlCgnQCOaOLtZ94GmSICPx204VIZBc32OBeK5Ofz8owJKpchWPY32VBZuLBNDNDoLrUSpVAArhf0w3kFTfYLlsZiML35fcZObSqSJ%2BeJm,https://i.ebayimg.com/images/g/a8EAAOSwz~RlqNBO/s-l225.jpg
zoid,model_kit,eBay,marketplace,Zoids HMM024 Gun Sniper Leena Special 2001 Re/Color model kit Kotobukiya,99.99,0.0,False,USD,New,https://www.ebay.com/itm/800300872210?_skw=zoids&hash=itemba55a63212:g:jyoAAeSw909qTGyM,https://i.ebayimg.com/images/g/jyoAAeSw909qTGyM/s-l225.jpg
zoid,model_kit,eBay,marketplace,Vintage 1981 TOMY Robo Strux Special Edition Zoids Kit,14.39,0.0,False,USD,New,https://www.ebay.com/itm/186779765030?_skw=zoids&hash=item2b7cf10926:g:avwAAOSwtqhnNBBc,https://i.ebayimg.com/images/g/avwAAOSwtqhnNBBc/s-l225.jpg
zoid,model_kit,eBay,marketplace,Zoids ADVANCED Zi Red Horn Model Kit RMZ-014,73.98,0.0,False,USD,New,https://www.ebay.com/itm/377429715823?_skw=zoids&hash=item57e0906b6f:g:LSoAAeSwJK9qhJqm,https://i.ebayimg.com/images/g/LSoAAeSwJK9qhJqm/s-l225.jpg
zoid,model_kit,eBay,marketplace,VINTAGE 1980s Zoids Cockpit Driver Pilot Gold Miniature Figure Replacement Part,24.97,0.0,False,USD,Used,https://www.ebay.com/itm/137646378423?_skw=zoids&hash=item200c5d0db7:g:9GIAAeSwt4FqZioQ,https://i.ebayimg.com/images/g/9GIAAeSwt4FqZioQ/s-l225.jpg
zoid,model_kit,eBay,marketplace,Zoids Wild Anime Series English Dubbed and Subs Episodes 1-50,27.99,0.0,False,USD,,https://www.ebay.com/itm/285824688296?_skw=zoids&hash=item428c7aa0a8:g:oosAAOSwtrdmJdp2,https://i.ebayimg.com/images/g/oosAAOSwtrdmJdp2/s-l225.jpg
zoid,model_kit,eBay,marketplace,Amada Zoids Guard 2000 m,97.0,29.99,False,USD,Ungraded,https://www.ebay.com/itm/318764494641?_skw=zoids&hash=item4a37d82f31:g:1PcAAeSwHrZqiIM4,https://i.ebayimg.com/images/g/1PcAAeSwHrZqiIM4/s-l225.jpg
zoid,other,eBay,marketplace,SF95-003 ZA Mugen LIGER Zoids Parts,50.0,,False,USD,Used,https://www.ebay.com/itm/117359805026?_skw=zoids&hash=item1b53308262:g:rV8AAeSw3Bxqf40f,https://i.ebayimg.com/images/g/rV8AAeSw3Bxqf40f/s-l225.jpg
zoid,model_kit,eBay,marketplace,TOMY Zoids ATAK KAT 1/72 Model Kit Wind-Up WORKS,14.99,6.5,False,USD,Used,https://www.ebay.com/itm/236910515840?_skw=zoids&hash=item3728f79680:g:fjkAAeSwSF1pu0mW,https://i.ebayimg.com/images/g/fjkAAeSwSF1pu0mW/s-l225.jpg
zoid,model_kit,eBay,marketplace,BANDAI Spirits Chogokin ZOIDS New Century/Zero RZ041 Liger Zero Approx 87 Inches,399.09,0.0,False,USD,New,https://www.ebay.com/itm/147302591593?_skw=zoids&hash=item224beb2c69:g:xv0AAeSwhPFp~2gB&amdata=enc%3AAQALAAAA4ACCtXRWQnOEpyOqnQQ8KGamVeuGfj%2BV16e9F%2FkooYshLciW7%2BMDdAip%2BfnvqTEH9fMppLpuNvkymfF2gy63vWznPpovCheUJtMnnpJYfcojsJWIR9BbOEht4Wg%2BWIaW%2BkgBvTaNtAzAh5UnATTkn%2FHKeT8SLmzsoNIbFXmJO4d47K0Nt1qnKgeJy7AR%2BbF0As2x6726loZal8kUUh1O1hN%2BDbeL%2FmXDcUR3w5MLFiG7sAgTrLMJjHoH0i6tlOYn%2BULovkJ%2Flo0ovw9tIpZmpq6aIUQ1qcPIJXC1ui6eDHCB,https://i.ebayimg.com/images/g/xv0AAeSwhPFp~2gB/s-l225.jpg
zoid,model_kit,eBay,marketplace,Kotobukiya HMM Zoids Gojulas Cannon Set Model Kit From Japan Brand New Rare,399.99,,False,USD,New,https://www.ebay.com/itm/147502780289?_skw=zoids&hash=item2257d9cf81:g:JuQAAeSws4lqfgoK&amdata=enc%3AAQALAAAA4ACCtXRWQnOEpyOqnQQ8KGaviO%2BSMPH2fL1%2FMgFsMNrhPrdqxEqdcvjHCyGEdXP7V5T77P0BSNMgY1JDEHLYFP7XWJFo5b8Qkt1bGLvO64pL30Dv0U0bSRFXRIcZGMog%2BOvl2ar9Vpv%2FWb6ZQAJQthINMzCCrNWiTn8TheFXZW%2FIh5ziYKTKX2gb3twrH9vcI1GY6J8byavIe%2FQKuiOkDU%2BBFiPDObMMPrKcLSBsEuRc%2F1U2C%2FPMZlI%2BVBGR10HjZTHOxgsylivFyCgLylkA1DjC15iEm1hroCg3xJpOzCi3,https://i.ebayimg.com/images/g/JuQAAeSws4lqfgoK/s-l225.jpg
zoid,model_kit,eBay,marketplace,Kotobukiya HMM Zoids Gojulas Cannon Set Model Kit From Japan Brand New Rare,399.99,,False,USD,New,https://www.ebay.com/itm/147502780289?_skw=zoids&hash=item2257d9cf81:g:JuQAAeSws4lqfgoK&amdata=enc%3AAQALAAAA4ACCtXRWQnOEpyOqnQQ8KGaviO%2BSMPH2fL1%2FMgFsMNrhPrdqxEqdcvjHCyGEdXP7V5T77P0BSNMgY1JDEHLYFP7XWJFo5b8Qkt1bGLvO64pL30Dv0U0bSRFXRIcZGMog%2BOvl2ar9Vpv%2FWb6ZQAJQthJvejt3dkkCCU45A1JuGgL%2BZQt81iWuS3ZM2tqg0RcC7ey6NVioTAeKuFUCK%2BvDSNKYjcmVs9LLEP%2BTdkCe2waXTgzv5Je5qcdX0vFPHej6gC3QQZ7e%2Bqt0%2B8vf%2BtjEELIeGktxmXWX9J530ip%2BnrPQ,https://i.ebayimg.com/images/g/JuQAAeSws4lqfgoK/s-l225.jpg
zoid,model_kit,eBay,marketplace,Zoids: Ultimate X volume 6,32.99,,False,USD,Very Good,https://www.ebay.com/itm/377372637397?_skw=zoids&hash=item57dd2978d5:g:VpoAAeSwlcJqZt2d&amdata=enc%3AAQALAAAA4ACCtXRWQnOEpyOqnQQ8KGaBLPFPdhxlXnltmXl6su4Y2KwNGXzPMLhoWSiqzspLaPHJpi23AeV4a5Z1YLOwn%2BOFHSnL83RjPibFngQLnNauVYuZOTjiHNPT%2FLTMhiNXl11wI6bOL92nPnBJ5cOYArSuK%2FF20t3V6sHJfoet70G8Gar%2FNqRsI3KMDvAmaxSLdOUiOrJDqQ6Y1gbUZB3rMA2b3aVWO9XUrlYON8dySh9hDtpHxPmjM%2B9LsAdnhy54djDD9idf%2BaQkuaqqoGX%2F0HAHAieL%2FWOZgO9hxUlQ%2F6Bp,https://i.ebayimg.com/images/g/VpoAAeSwlcJqZt2d/s-l225.jpg
zoid,model_kit,eBay,marketplace,ZOIDS HOVER CARGO PLAYSET 2001 SEALED HASBRO NIB **READ DESCRIPTION**,187.5,,False,USD,New,https://www.ebay.com/itm/236997552869?_skw=zoids&hash=item372e27aae5:g:zeAAAeSwxxdqed25&amdata=enc%3AAQALAAAA4ACCtXRWQnOEpyOqnQQ8KGbCXHXaLsAao6vbeUxYKBgAnT90hrRZg0o9%2BPtkPYjuSDlYlUVGprQWdyr7eBMvieA08vrYqt0n3bicHtITCRjiHyBqRfh0r6oXdRMuVUmowQcpe0mdwe6IACgr8TmL4wpo2%2FZehLEUCT5FuVtqLE80HbSFiEVRA0buGrElAM0F0jtqItLaFJ7L9ayOLhw%2FXrD6gWtzE8E0ZN70i24e%2FYNIPrNpL7BLJ4HOTj4MOtnzXJMQqK0Eu45xP1lOsh0JUCZ9zs5S0rjBHAyZ0zUGWrqw,https://i.ebayimg.com/images/g/zeAAAeSwxxdqed25/s-l225.jpg
zoid,model_kit,eBay,marketplace,Zoids Hasbro 1/72 #027 Rev Raptor - New SEALED BOX Vintage 83028,63.74,,False,USD,New,https://www.ebay.com/itm/206448441252?_skw=zoids&hash=item30114937a4:g:3eAAAeSwA8BqPbd1&amdata=enc%3AAQALAAAA4ACCtXRWQnOEpyOqnQQ8KGblTFq0TNa29oZxqHal5viko%2FkM1RmdxjXKBg%2B4%2FFs%2Btk%2BLVp%2BQ%2FNfk17Dgn1C3acx%2FCmArhqLGaqe7knhT5%2BNnse6jUktXMbFvhcAqOqjX%2Fj%2FVnIhCHnWfkOJOdnVOATLngw4IQqkg2VUdCjGssMaUidJFy634PmCYp6HyqhRoS921C%2BRb2tfF%2B%2FDo4kzL%2FGiuEsGy3q5hOYrwWzwDhgo%2FbLUhfn2h5j5%2FTdbCT3i1Qe6BtxFEQkgbjhXNnQG24%2F3Ht1XJJBxApc0Y6Yj6IzxP,https://i.ebayimg.com/images/g/3eAAAeSwA8BqPbd1/s-l225.jpg
zoid,model_kit,eBay,marketplace,Hasbro Zoids Action Figure Motorized Model Kit 1/72 Dark Spiner #060 SEALED BAGS,70.0,,False,USD,New,https://www.ebay.com/itm/327313736989?_skw=zoids&hash=item4c356b451d:g:qgYAAeSwv-Jqgkxa,https://i.ebayimg.com/images/g/qgYAAeSwv-Jqgkxa/s-l225.jpg
zoid,model_kit,eBay,marketplace,1/72 Dark Horn Zoids HMM Plastic Model Kit,145.0,,False,USD,Used,https://www.ebay.com/itm/128037020911?_skw=zoids&hash=item1dcf99e4ef:g:A4wAAeSw2npqh5Hf,https://i.ebayimg.com/images/g/A4wAAeSw2npqh5Hf/s-l225.jpg
zoid,model_kit,eBay,marketplace,Hasbro Zoids Dark Spiner Figure Model Kit #060 1/72 INCOMPLETE FOR PARTS ONLY,55.99,0.0,False,USD,Used,https://www.ebay.com/itm/257642358836?_skw=zoids&hash=item3bfcae6834:g:0uYAAeSwU7hqZWRt,https://i.ebayimg.com/images/g/0uYAAeSwU7hqZWRt/s-l225.jpg
zoid,model_kit,eBay,marketplace,"Zoids Wild: Tryke, Shadow, Ruin, Smaller ones (All NIB), +Tanks (Complete).",150.0,5.95,False,USD,Used,https://www.ebay.com/itm/206475017693?_skw=zoids&hash=item3012debddd:g:QvoAAeSwXI1qdyk7,https://i.ebayimg.com/images/g/QvoAAeSwXI1qdyk7/s-l225.jpg
zoid,model_kit,eBay,marketplace,Zoids AM-Z01EX Berserk Fuhrer Frame Mode (Elementary Body) Adamas Machina,248.0,0.0,False,USD,New,https://www.ebay.com/itm/327321074050?_skw=zoids&hash=item4c35db3982:g:JwcAAeSw4qpqd-0y,https://i.ebayimg.com/images/g/JwcAAeSw4qpqd-0y/s-l225.jpg
zoid,model_kit,eBay,marketplace,Blade Liger Mirage ZOIDS Plastic Highend Master Model Kit Kotobukiya 1/72 RZ-028,140.0,0.0,False,USD,Used,https://www.ebay.com/itm/267688758112?_skw=zoids&hash=item3e537e4b60:g:r-MAAeSw51NqIHp8,https://i.ebayimg.com/images/g/r-MAAeSw51NqIHp8/s-l225.jpg
zoid,model_kit,eBay,marketplace,2002 Hasbro Zoids Leoblaze Z-Builders Action Figure Model Kit Lion NIOB Read,54.99,0.0,False,USD,New,https://www.ebay.com/itm/168621902812?_skw=zoids&hash=item2742a60bdc:g:jUUAAeSw-8lqg72p,https://i.ebayimg.com/images/g/jUUAAeSw-8lqg72p/s-l225.jpg
zoid,model_kit,eBay,marketplace,2002 Hasbro Vintage Zoids Chimera Dragon Action Figure Packaged ,40.0,,True,USD,New,https://www.ebay.com/itm/800479640336?_skw=zoids&hash=itemba604dfb10:g:r4IAAeSwgVxpbdk8,https://i.ebayimg.com/images/g/r4IAAeSwgVxpbdk8/s-l225.jpg
zoid,model_kit,eBay,marketplace,BT White Liger Zero RZ-041 Model Kit 1:72 Scale Mecha Beast Action Figure Build,57.49,0.0,False,USD,New,https://www.ebay.com/itm/278057327081?_skw=zoids&hash=item40bd8219e9:g:l3cAAeSwoulqIHj~,https://i.ebayimg.com/images/g/l3cAAeSwoulqIHj~/s-l225.jpg
zoid,model_kit,eBay,marketplace,Kotobukiya ZOIDS Blade Liger Mirage HMM 1/72 RZ-028 Model Kit JP,256.94,54.0,False,USD,Used,https://www.ebay.com/itm/206430278630?_skw=zoids&hash=item30103413e6:g:H3gAAeSwDhxqX1St&amdata=enc%3AAQALAAAA4ACCtXRWQnOEpyOqnQQ8KGYYixyT3umqSpqkXfvDhWZ37%2B8hJvRXMBLb4cH%2FxgrVwybyijMvE0dJSKxeLqVo2tybIUJAqD4OEBWF%2BDKMhSIL3oGWkzULAVFn4a%2FHOITo1MyD%2FmauOSN2XifgaR%2FwJbne%2BBoeTCO2kCY1BeS%2Fjx1zev2FGK%2B4Z%2F0uknqiaQC5HeBTqIVsv5MgW2manRIyMXk%2BTjB9PXZPj4cUaauMZD39xK6stzQcrrnUcH%2FlQUkxYtE51lMPnBSu8J36g%2BdUY4D%2B9SH5jtNilTmeXwNNAYY1,https://i.ebayimg.com/images/g/H3gAAeSwDhxqX1St/s-l225.jpg
zoid,model_kit,eBay,marketplace,TAKARA TOMY ZOIDS Wild ZW33 Genospino Box Book Collectible 15+,139.64,32.0,False,USD,Used,https://www.ebay.com/itm/398245395472?_skw=zoids&hash=item5cb9467c10:g:XY0AAeSw0VtqcK72&amdata=enc%3AAQALAAAA4ACCtXRWQnOEpyOqnQQ8KGbn6qMK1pPwyap1vIV6s1y4vInT4L%2B166vrjfyEwpGcRh0Qk86luH6RL1N329Wj0rM0X6wGP076jUt38E%2BF%2B%2FNVe3mqxWAb%2FiPaV0Z8pM0xSe%2FekRqIKEQY2VGB2AabzbVdApdbl1CIhDdAV1L5a0lGF3OF8dFQ9Q5fu3iUGV7vre%2B7VTP6ofLeWODCPCM3TEKCOjYogrogye7nm77VZUqWOanFA807rRXoXokMZZw8k%2FS2KNzAT7kxNvRo%2BiKm6SXyAmYS5w3bD7OP2vvx5JIs,https://i.ebayimg.com/images/g/XY0AAeSw0VtqcK72/s-l225.jpg
zoid,model_kit,eBay,marketplace,Zoids Genesis Japanese DVD Box Set Vols 1-8 Complete Collection Avex NEW,314.96,0.0,False,USD,Brand New,https://www.ebay.com/itm/398171658111?_skw=zoids&hash=item5cb4e1577f:g:0CkAAeSwm3ZqKOdH&amdata=enc%3AAQALAAAA4ACCtXRWQnOEpyOqnQQ8KGbsICThgGUsK2RUbRxKyy0qg59ZM4LMvYDJn2tiukHlTNqLVWPErxGoYUNRLI6LopCf9tdHF4XlkIje7kZ5k4axXLb%2FT6bFF5PjfBWmVYuB%2BzNc5BQq1B%2F4gOyjXCsBOiHeo0eRFu2wJkwcqx3sL1W81eUqsjlaleoDibON0Sk9kVjFwbxwtdGta%2F3oyfVb676NFIKEb6wT4gKEfOO82pREmMU3tEgi9aLXL4FPFSPGtHwbAv45GBsbmMXDHWytj%2F4HI7Pbmy5hhZdkKEmIVEuV,https://i.ebayimg.com/images/g/0CkAAeSwm3ZqKOdH/s-l225.jpg
zoid,model_kit,eBay,marketplace,Kotobukiya 1/72 Zoids HMM RZ-041 Liger Zero Jager Marking Plus Ver Model Kit USA,109.95,0.0,False,USD,New,https://www.ebay.com/itm/157646408120?_skw=zoids&hash=item24b47549b8:g:ywUAAeSwu2Rpe9Ro,https://i.ebayimg.com/images/g/ywUAAeSwu2Rpe9Ro/s-l225.jpg
zoid,model_kit,eBay,marketplace,Vtg Authentic Zoids Random Parts Including Gravity Ptera Parts,19.95,8.97,False,USD,Used,https://www.ebay.com/itm/188748881302?_skw=zoids&hash=item2bf24f5d96:g:MLUAAeSw8KJqcpUm,https://i.ebayimg.com/images/g/MLUAAeSw8KJqcpUm/s-l225.jpg
zoid,model_kit,eBay,marketplace,Zoids RZ-041 Liger Zero Marking Plus Ver. 1/72 scale Model Kit Kotobukiya NEW,144.33,21.12,False,USD,New,https://www.ebay.com/itm/126823724955?_skw=zoids&hash=item1d8748779b:g:J9IAAeSwKs5qdBb~,https://i.ebayimg.com/images/g/J9IAAeSwKs5qdBb~/s-l225.jpg
zoid,model_kit,eBay,marketplace,Hasbro ZOIDS Konig Wolf 1/72 Scale Action Figure Model Kit #053 ~ New in Box,73.99,0.0,False,USD,New,https://www.ebay.com/itm/377326325567?_skw=zoids&hash=item57da66cf3f:g:PvoAAeSwKjRqTWGi,https://i.ebayimg.com/images/g/PvoAAeSwKjRqTWGi/s-l225.jpg
zoid,model_kit,eBay,marketplace,Hasbro Zoids Gusak #002 1/72 Scale Action Figure Model Kit 2002 New in Open Box,44.48,0.0,False,USD,New,https://www.ebay.com/itm/397972148644?_skw=zoids&hash=item5ca8fd11a4:g:edkAAeSw7ztqDnep,https://i.ebayimg.com/images/g/edkAAeSw7ztqDnep/s-l225.jpg
zoid,model_kit,eBay,marketplace,ZOIDS Monster Machines Action Figure Unassembled NIB Unpunched Tomy 2559,39.99,,False,USD,New,https://www.ebay.com/itm/137613546862?_skw=zoids&hash=item200a68156e:g:znUAAeSwtixqfKQC,https://i.ebayimg.com/images/g/znUAAeSwtixqfKQC/s-l225.jpg
zoid,model_kit,eBay,marketplace,"Takars Tomy: Zoids Liger Zero (HMM 022, RZ-041) 1/72 Plastic Model Kit *READ*",119.99,0.0,False,USD,Used,https://www.ebay.com/itm/158089635444?_skw=zoids&hash=item24cee06674:g:GG0AAOSwHz9nSkVr,https://i.ebayimg.com/images/g/GG0AAOSwHz9nSkVr/s-l225.jpg
zoid,model_kit,eBay,marketplace,ZOIDS -- Choose from Many different Kits -- New in Boxes -- Kotobukiya HMM Kits,52.0,7.5,False,USD,New,https://www.ebay.com/itm/116111516242?_skw=zoids&hash=item1b08c92252:g:VS0AAOSwqllnyOL5,https://i.ebayimg.com/images/g/VS0AAOSwqllnyOL5/s-l225.jpg
zoid,model_kit,eBay,marketplace,Takara Tomy ZOIDS KZ-01B Liger Zero Jaeger Unit Used,55.0,20.0,False,USD,Used,https://www.ebay.com/itm/127836635851?_skw=zoids&hash=item1dc3a842cb:g:IxQAAeSwhS1p8mO2,https://i.ebayimg.com/images/g/IxQAAeSwhS1p8mO2/s-l225.jpg
zoid,model_kit,eBay,marketplace,Zoids Shield Liger REPLACEMENT PARTS,20.0,0.0,False,USD,Used,https://www.ebay.com/itm/278215218302?_skw=zoids&hash=item40c6eb547e:g:8p8AAeSwLuxqUuP7,https://i.ebayimg.com/images/g/8p8AAeSwLuxqUuP7/s-l225.jpg
zoid,model_kit,eBay,marketplace,ZOIDS BATTLE CHAMPIONS LOT OF 9 MINIS VINTAGE HASBRO,45.0,,False,USD,Used,https://www.ebay.com/itm/206373683276?_skw=zoids&hash=item300cd4804c:g:OWYAAeSw~49qPe7-,https://i.ebayimg.com/images/g/OWYAAeSw~49qPe7-/s-l225.jpg
zoid,model_kit,eBay,marketplace,2002 Tomy Hasbro ZOIDS Lightning Figure Lot,15.0,,False,USD,Used,https://www.ebay.com/itm/206467817946?_skw=zoids&hash=item301270e1da:g:VPsAAeSwf4Jqc0aK,https://i.ebayimg.com/images/g/VPsAAeSwf4Jqc0aK/s-l225.jpg
zoid,model_kit,eBay,marketplace,Chogokin Super Alloy RZ-041 Liger Zero Zoids Bandai Figure JAPAN,279.5,50.0,False,USD,Used,https://www.ebay.com/itm/397341142941?_skw=zoids&hash=item5c8360af9d:g:o5AAAeSwFWxo9dPP&amdata=enc%3AAQALAAAA4ACCtXRWQnOEpyOqnQQ8KGY2se2zWJbrfqS5NsXIUAvswYVfT8ezchU3b7XSmWEPeMTSDoravfV6Zxxl12e1fyvIA0sloydz4oxPF5BfOxdiK49mRWQLMbd9Rb8BH43oO9nqo8t0CvChdJ%2B5V1IaF8pv5P8FLpXKmPh86B5mX7w7KP2QBH8OtY2L%2BaUXkdSjKXtU08%2FKLfScQ6bOy9qI8NWrd0nuycgx54nrZJmosetVdzE%2FVkiKsTEaeoN6ZSRm908%2B6XOlsNPjXv4Skw4%2FKHpRUKabzydW5nSwF74PB5m%2F,https://i.ebayimg.com/images/g/o5AAAeSwFWxo9dPP/s-l225.jpg
zoid,model_kit,eBay,marketplace,Kotobukiya Zoids HMM 044 RZ-029 Storm Sworder 1/72 Model Kit New Sealed,99.99,,False,USD,New,https://www.ebay.com/itm/358359817359?_skw=zoids&hash=item536fe8dc8f:g:PQ8AAeSwuHBpvy30&amdata=enc%3AAQALAAAA4ACCtXRWQnOEpyOqnQQ8KGYMQbLzzCrnkIEtCAyhSXvTIFz5P%2BWnzA3rwSlByZ2GAxToNAPx6AXrkTNDBYwWzq20eWT%2BmbNzi03MUgqvsxXVBvMu7SedaHa2cGRoow6v%2ByIfBzniymEE%2BgzCZqg7uqLSO%2F8AmYSRCmot0%2B19cMELolqpIJJUC2vMj19SWoRsIQxgchIvml%2BRh9IQqNANhZ4FSVy%2BIx8Gh2r8QyxKfU%2Fy%2B8qABIKOC0SGzeZByFBceAF9Ig0SlDo%2F97FkPeyifldFjR9EC23P3%2BUHE3NimY20,https://i.ebayimg.com/images/g/PQ8AAeSwuHBpvy30/s-l225.jpg
zoid,model_kit,eBay,marketplace,Tommy Zoids Genesis Lanstag Mass Production Type From Japan,95.16,0.0,False,USD,New,https://www.ebay.com/itm/116444367797?_skw=zoids&hash=item1b1ca00bb5:g:5TQAAOSw0i5ng1FX&amdata=enc%3AAQALAAAA4ACCtXRWQnOEpyOqnQQ8KGbLi0UCVDgPj10qXdmZDbxwWYB9xpabrPJfpOzvFt7eYDRCPfo1mTTA0z1uFKMErNy%2BoF18OxlkSIm9nlGsCWImEuxR6c6HkT0AhN4Y3jVYudbVmG4bgDrybNeTDTxTu6wdYfsmP7d9gHU%2F6v3PQ65IkgJ97OMqNTXdi4jPJQGgxc3xz5jhnJL%2FjKSwWMkZF8kI6CCqJ%2Buq%2B3h%2FiUGjNByD%2F9m%2BN8CLuv2VdaCDdM6%2FJ6VuuQJMgTpFzFBpb1jJc3RHHXpOcbVaP6xIV4Ezcfx3,https://i.ebayimg.com/images/g/5TQAAOSw0i5ng1FX/s-l225.jpg
zoid,model_kit,eBay,marketplace,Zoids The Battle Begins DVD Complete Anime Liger Zero Viz Video Pioneer,23.99,,False,USD,Very Good,https://www.ebay.com/itm/206497022515?_skw=zoids&hash=item30142e8233:g:efkAAeSw8vxqgoLa&amdata=enc%3AAQALAAAA4ACCtXRWQnOEpyOqnQQ8KGY8nmXT1j%2FiQ9y56mVrjjzkSITQo%2F%2B43qO4X%2Fuv86I8m6rmWHrKrmmTzOt7g%2FVV%2F8OLccX73DbVWU7b31wYpzZ6KnmuKyHIEI%2BWKhhDYv8TxLPkLp1WaW7iWot5s3jc6bqE%2FpQHBp%2B6fuQ2%2FDN%2Be9qDR%2Fw92crKvT7z9MXKHFiyJGN6UNSqmbbuE51pvdqzLbXYeHDtq13SufR75mcMzf8Zsc5O4Gou00O1WNlXMDK9a419r4kkHHYaRem800vIE%2FshEg7KT%2F4l5mK3bb1ngVrE,https://i.ebayimg.com/images/g/efkAAeSw8vxqgoLa/s-l225.jpg
zoid,model_kit,eBay,marketplace,Kotobukiya Zoids HMM EZ-026 Geno Saurer Repackage Ver. 1/72 Model Kit,135.0,,False,USD,Used,https://www.ebay.com/itm/267758619530?_skw=zoids&hash=item3e57a84b8a:g:Ja8AAeSw3bJqgSwj,https://i.ebayimg.com/images/g/Ja8AAeSw3bJqgSwj/s-l225.jpg
zoid,model_kit,eBay,marketplace,ZOIDS - Iron Kong Schwarz Special 1999 Recolor [New Toy],142.39,0.0,False,USD,New,https://www.ebay.com/itm/398265504842?_skw=zoids&hash=item5cba79544a:g:aeMAAeSw5fZqeAnv,https://i.ebayimg.com/images/g/aeMAAeSw5fZqeAnv/s-l225.jpg
zoid,model_kit,eBay,marketplace,"Huge 4+ lb VTG Hasbro Tomy ZOIDS Motorized Parts, Pieces, Broken, Complete?",99.99,12.95,False,USD,Used,https://www.ebay.com/itm/407061508497?_skw=zoids&hash=item5ec6c1b191:g:u9cAAeSwan9qT-cS,https://i.ebayimg.com/images/g/u9cAAeSwan9qT-cS/s-l225.jpg
zoid,model_kit,eBay,marketplace,bandai chogokin zoids rz-041 liger zero,150.0,0.0,False,USD,New,https://www.ebay.com/itm/278274926608?_skw=zoids&hash=item40ca7a6810:g:5WcAAeSwiuJqfUyP,https://i.ebayimg.com/images/g/5WcAAeSwiuJqfUyP/s-l225.jpg
zoid,model_kit,eBay,marketplace,Hasbro Zoids Liger Zero #041 motorized action figure model kit Untested,60.0,0.0,False,USD,Used,https://www.ebay.com/itm/389396016607?_skw=zoids&hash=item5aa9cfaddf:g:-rgAAeSwvuppQsc3,https://i.ebayimg.com/images/g/-rgAAeSwvuppQsc3/s-l225.jpg
zoid,model_kit,eBay,marketplace,Zoids Hel Digunner 011 Tomy,45.0,8.55,False,USD,New,https://www.ebay.com/itm/157318774682?_skw=zoids&hash=item24a0edff9a:g:wsEAAeSwuWxoxalR,https://i.ebayimg.com/images/g/wsEAAeSwuWxoxalR/s-l225.jpg
zoid,model_kit,eBay,marketplace,Kotobukiya HMM ZOIDS RZ-030 Gun Sniper Wild Weasel Version 1/72 Scale NEW,58.01,0.0,False,USD,New,https://www.ebay.com/itm/366039827098?_skw=zoids&hash=item5539ac829a:g:Y5QAAeSw0y9pcsTu&amdata=enc%3AAQALAAAA4ACCtXRWQnOEpyOqnQQ8KGYQToN%2B8dlZQstklUkguGLExApaKbhILd%2BcREuyJCFZPh0RbmNIeFOy2E8mnPdi%2FOtjyJhjlgbivZ%2F0FVRzCfpyllZLT%2BIQQzSeoqiZoTyew7v4wCByPkLQOxKFvAPcsP3XOe6ilo5FkIfVShH1vGJz4aiYf8MRFaM3SHkQs7TXARiQ4mqQ6ubP9FcXcjt3ULdrOoggtJj%2F4zzD7tjoKV67ug6X7fUBNAiefiE8jOxd9enPCuX9oaxmjwcxQGfZk%2FPx1GEYjyE5rmruYJ0h92DC,https://i.ebayimg.com/images/g/Y5QAAeSw0y9pcsTu/s-l225.jpg
zoid,model_kit,eBay,marketplace,Zoids REDLER DRAGON TYPE 1/72 scale Tomy Special Limited edition ,55.0,17.75,False,USD,New,https://www.ebay.com/itm/188810311627?_skw=zoids&hash=item2bf5f8b7cb:g:~JsAAeSwislqg~4r&amdata=enc%3AAQALAAAA4ACCtXRWQnOEpyOqnQQ8KGY17h29ZVcqyvzmKt7qBjtya8v23daG%2BslkrLycQc05q6r05FJZRWX2J2n8btsVYcfpz3Cpzer3oT%2Bt6%2Fg%2FAfVnb39wYzriVyCteKHsGN%2FaaDtqOZmLOGzwrYTUTfNEh0wfw8UXGsxebLiTMqqDdjlrU%2B28Wslc7YN7JmmKPcY%2FvvaEoOZuwLN%2BnrHwz54v1NdlX84EEljgEVU03Q%2BiXQ79lz3L5BA5yRwaOeTboGJAzs36I6IH2aocxLS%2F1vg7af86ERv%2BKv0eGcd2%2B5tzkTGl,https://i.ebayimg.com/images/g/~JsAAeSwislqg~4r/s-l225.jpg
zoid,model_kit,eBay,marketplace,1999 Tomy Zoids 1/72 scale RZ-037 UltraSaurus Dinosaur toy. Near complete.,200.0,0.0,False,USD,Used,https://www.ebay.com/itm/278176048025?_skw=zoids&hash=item40c495a399:g:XcEAAeSwTy5qU~XW,https://i.ebayimg.com/images/g/XcEAAeSwTy5qU~XW/s-l225.jpg
zoid,model_kit,eBay,marketplace,Zoids Fuzors Anime Complete Series Episodes 1-26 English Audio,21.99,0.0,False,USD,,https://www.ebay.com/itm/356280949389?_skw=zoids&hash=item52f3ffda8d:g:qw4AAeSwvA9qXFms,https://i.ebayimg.com/images/g/qw4AAeSwvA9qXFms/s-l225.jpg
zoid,model_kit,eBay,marketplace,Zoids Hasbro 1/72 #043 Spinosnapper SEALED BOX,44.0,,False,USD,New,https://www.ebay.com/itm/128018496258?_skw=zoids&hash=item1dce7f3b02:g:HwMAAeSwv8xqeTVo,https://i.ebayimg.com/images/g/HwMAAeSwv8xqeTVo/s-l225.jpg
zoid,model_kit,eBay,marketplace,TOMY ZOIDS 1980's ORIGINAL MINIATURE SILVER PILOT DRIVER SEATED FIGURE VINTAGE,7.95,3.3,False,USD,Used,https://www.ebay.com/itm/147010713235?_skw=zoids&hash=item223a857693:g:aCcAAeSwR6BpMml7,https://i.ebayimg.com/images/g/aCcAAeSwR6BpMml7/s-l225.jpg
zoid,model_kit,eBay,marketplace,2003 Zoids Z-Builders Missile Tortoise - with MANUAL & MINIFIGURE! Damaged Box,44.99,0.0,False,USD,New,https://www.ebay.com/itm/267756591307?_skw=zoids&hash=item3e578958cb:g:sCoAAeSwSLlqfnSP,https://i.ebayimg.com/images/g/sCoAAeSwSLlqfnSP/s-l225.jpg
zoid,model_kit,eBay,marketplace,Vintage 1994 Kenner Techno Zoids  ‘Zilla wind-up,33.0,5.58,False,USD,Used,https://www.ebay.com/itm/407156745418?_skw=zoids&hash=item5ecc6ee4ca:g:97AAAeSw-MtqhgR1,https://i.ebayimg.com/images/g/97AAAeSw-MtqhgR1/s-l225.jpg
zoid,model_kit,eBay,marketplace,Zoids HMM 019 EPZ-003 Great Sabre Marking Plus 1/72 scale model kit Kotobukiya,119.99,0.0,False,USD,New,https://www.ebay.com/itm/366526920247?_skw=zoids&hash=item5556b4f637:g:g3wAAeSwIrpqTGjo,https://i.ebayimg.com/images/g/g3wAAeSwIrpqTGjo/s-l225.jpg
zoid,model_kit,eBay,marketplace,2002 Tomy Zoids Gustav Figure with Box,78.97,0.0,False,USD,Used,https://www.ebay.com/itm/227476529071?_skw=zoids&hash=item34f6a85faf:g:7s4AAeSwyudqf-oB,https://i.ebayimg.com/images/g/7s4AAeSwyudqf-oB/s-l225.jpg
zoid,model_kit,eBay,marketplace,Kotobukiya 1/72 Zoids HMM 053 EZ-054 Liger Zero X,95.99,9.99,False,USD,New,https://www.ebay.com/itm/117297041268?_skw=zoids&hash=item1b4f72cf74:g:pu4AAeSwz-BqUpBW&amdata=enc%3AAQALAAAA4ACCtXRWQnOEpyOqnQQ8KGaB5DkySjZwX8%2Bq2q2yMB2vdjqFfY5jT2bpXpZ0rKuFwjztBr%2BTgPC%2BTuixS9c%2BfMwTE%2B8keXaWvDfQMnmdpwqUOwuXBoEDTtnvsedzNy7EMRgnb9IvrYPc2S6LP2bg6Z7u8Mos6fF9GP23P8vdUDTuz9PzqFoctjR5%2BX9vUF8KWoRPYT8g4wdZzcpkHbKBNqefAhc5aaGlyKNgHDbgfRBe%2F1E%2FpTiZysI%2FNvRu8fPLFq1c5eRxgqHZoxmmT%2Bv%2BP5Fu8znCkP9LScBvmk%2F3ny2%2B,https://i.ebayimg.com/images/g/pu4AAeSwz-BqUpBW/s-l225.jpg
zoid,model_kit,eBay,marketplace,[Kotobukiya] ZOIDS Green Horn AB 1/72 Plastic Model ✨USA Ship Seller✨,179.95,30.0,False,USD,New,https://www.ebay.com/itm/398221680137?_skw=zoids&hash=item5cb7dc9e09:g:zvkAAeSw9h1qZ~QG&amdata=enc%3AAQALAAAA4ACCtXRWQnOEpyOqnQQ8KGYxlL0Ykha1cEYxaeZXGoRnmz%2BEpleShKkqNWvYNJW99mZvVPSowOadAroHxX8E4g1LCm1RDugKR42dBkpxhj2I%2Fh5tzgebxB9s8bqP9gCvkFiV9kGY9SKOYuiWds0AHNEzMPgrKa%2FV1jxgN4Gw6d5gTfJMAAZrC%2FEGd4%2Bb05do3IBpw05Vg2pjUbJKLu2P0kw3%2B3ifB9SI5YRMUGKU2tpY8fOeeIQvYw5ZVTjHYLJ1w7bNoOQmwELRlgY7jdw9xOFvz2SnX89XUHJuONk93yza,https://i.ebayimg.com/images/g/zvkAAeSw9h1qZ~QG/s-l225.jpg
zoid,model_kit,USA Gundam Store,retailer,CS532 Mr Color HMM Zoids Color Set,12.99,,,USD,New,https://www.usagundamstore.com/products/cs532-mr-color-hmm-zoids-color-set,https://cdn.shopify.com/s/files/1/0727/8355/products/gsi-creos-mr-hobby-cs532-mr-frame-hmm-zoids-republic-empire-color-set__57116_600x600.jpg?v=1759295716
zoid,model_kit,USA Gundam Store,retailer,Zoids Advanced Zi AZ-17DX Ultra Saurus Gravity Cannon (Deluxe Ver.) 1/72 Scale Weapon Set,399.99,,,USD,New,https://www.usagundamstore.com/products/zoids-realize-model-zoids-advanced-series-az-17dx-ultra-saurus-gravity-cannon-deluxe-version-1-72-scale-model-kit-copy,https://cdn.shopify.com/s/files/1/0727/8355/files/GN343_11_600x600.jpg?v=1783517229
zoid,model_kit,USA Gundam Store,retailer,Zoids x Monster Hunter Synergenex Wild Liger Zinogre Model Kit,58.99,,,USD,New,https://www.usagundamstore.com/products/zoids-x-monster-hunter-synergenex-series-wild-liger-zinogre-model-kit,https://cdn.shopify.com/s/files/1/0727/8355/files/GN322_9_600x600.jpg?v=1780664552
zoid,model_kit,USA Gundam Store,retailer,Zoids Chaotic Century D-Style Command Wolf Irvine Special (Clear Parts Append) Model Kit,24.99,,,USD,New,https://www.usagundamstore.com/products/zoids-chaotic-century-d-style-command-wolf-irvine-special-clear-parts-append-model-kit,https://cdn.shopify.com/s/files/1/0727/8355/files/original_4_6c500efc-12a1-49b5-93e7-31620e427459_600x600.webp?v=1776958352
zoid,model_kit,USA Gundam Store,retailer,Zoids New Century Highend Master Model Dark Horn Harry Special (2001 Re/Color) 1/72 Scale Model Kit,129.99,,,USD,New,https://www.usagundamstore.com/products/zoids-new-century-highend-master-model-dark-horn-harry-special-2001-re-color-1-72-scale-model-kit,https://cdn.shopify.com/s/files/1/0727/8355/files/768w_12_c9efab77-0405-449d-bacc-511386f32517_600x600.webp?v=1783021978
zoid,model_kit,USA Gundam Store,retailer,Zoids Chaotic Century D-Style Gustav Moonbay Special (Clear Parts Append) Model Kit,26.99,,,USD,New,https://www.usagundamstore.com/products/zoids-chaotic-century-d-style-gustav-moonbay-special-clear-parts-append-model-kit,https://cdn.shopify.com/s/files/1/0727/8355/files/768w_14_9bebf358-ec38-4096-80f1-74dea43e1520_600x600.webp?v=1779370805
zoid,model_kit,USA Gundam Store,retailer,Zoids Realize Model RMZ-016 Blade Liger Panzer (ZBF) Lion Type 1/100 Scale Model Kit,71.99,,,USD,New,https://www.usagundamstore.com/products/zoids-realize-model-rmz-016-blade-liger-panther-zbf-1-100-scale-model-kit,https://cdn.shopify.com/s/files/1/0727/8355/files/dc00ee8c-0ecb-43db-919c-1c2cc3dc45a6_600x600.webp?v=1764952465
zoid,model_kit,USA Gundam Store,retailer,Zoids x Monster Hunter Synergenex Wild Liger Stygian Zinogre Model Kit,58.99,,,USD,New,https://www.usagundamstore.com/products/zoids-x-monster-hunter-synergenex-series-wild-liger-stygian-zinogre-model-kit,https://cdn.shopify.com/s/files/1/0727/8355/files/GN323_9_600x600.jpg?v=1780664808
zoid,model_kit,USA Gundam Store,retailer,Zoids Realize Model RMZ-015 Saber Tiger Raven Special Tiger Type 1/100 Scale Model Kit,47.99,,,USD,New,https://www.usagundamstore.com/products/zoids-realize-model-rmz-015-saber-tiger-raven-special-tiger-type-1-100-scale-model-kit,https://cdn.shopify.com/s/files/1/0727/8355/files/9927ca58-4f63-4dd1-9a95-2c0b4a679a32_600x600.webp?v=1762523610
zoid,model_kit,USA Gundam Store,retailer,Zoids Realize Model RMZ-025 Liger Zero Falcon (ZBF) 1/100 Scale Model Kit,79.99,,,USD,New,https://www.usagundamstore.com/products/zoids-realize-model-rmz-025-liger-zero-falcon-zbf-1-100-scale-model-kit,https://cdn.shopify.com/s/files/1/0727/8355/files/092551_outline_11_600x600.jpg?v=1785931359
zoid,model_kit,USA Gundam Store,retailer,Zoids Chaotic Century D-Style Shield Liger (Clear Parts Append) Model Kit,24.99,,,USD,New,https://www.usagundamstore.com/products/zoids-chaotic-century-d-style-shield-liger-clear-parts-append-model-kit,https://cdn.shopify.com/s/files/1/0727/8355/files/768w-2026-04-07T093613.465_600x600.webp?v=1775568984
zoid,model_kit,USA Gundam Store,retailer,Zoids Realize Model RMZ-023 Lightning Saix Irvine Special 1/100 Scale Model Kit,58.99,,,USD,New,https://www.usagundamstore.com/products/zoids-realize-model-rmz-023-lightning-saix-irvine-special-1-100-scale-model-kit,https://cdn.shopify.com/s/files/1/0727/8355/files/GN321_10_600x600.jpg?v=1780664078
zoid,model_kit,USA Gundam Store,retailer,Zoids New Century Zero Highend Master Model RZ-030 Gun Sniper (Leena Special 2001 Re/color Ver.) 1/72 Scale Model Kit,59.99,,,USD,New,https://www.usagundamstore.com/products/zoids-highend-master-model-gun-sniper-leena-special-2001-re-color-1-72-scale-model-kit,https://cdn.shopify.com/s/files/1/0727/8355/files/90fd4abb-7b99-46b1-9839-9c0b97dd000e_600x600.jpg?v=1762451971
zoid,model_kit,USA Gundam Store,retailer,Zoids Realize Model RMZ-024 Storm Sworder 1/100 Scale Model Kit,56.99,,,USD,New,https://www.usagundamstore.com/products/zoids-realize-model-zoids-advanced-series-rmz-024-storm-sworder-1-100-scale-model-kit,https://cdn.shopify.com/s/files/1/0727/8355/files/GN330_10_600x600.jpg?v=1783517593
zoid,model_kit,USA Gundam Store,retailer,Zoids Advanced Zi AZ-17 Ultra Saurus 1/72 Scale Model Kit,299.99,,,USD,New,https://www.usagundamstore.com/products/zoids-realize-model-az-17-ultra-saurus-1-72-scale-model-kit,https://cdn.shopify.com/s/files/1/0727/8355/files/GN328_11_600x600.jpg?v=1783516813
zoid,model_kit,USA Gundam Store,retailer,Zoids Highend Master Model RPZ-14 Salamander F2 1/72 Scale Model Kit,299.99,,,USD,New,https://www.usagundamstore.com/products/zoids-highend-master-model-rpz-14-salamander-f2-1-72-scale-model-kit,https://cdn.shopify.com/s/files/1/0727/8355/files/original_78_3741bc41-5492-40a4-af3a-673ed1196019_600x600.webp?v=1782400854
zoid,model_kit,USA Gundam Store,retailer,Zoids Chaotic Century Highend Master Model Death Stinger Hiltz (Special 2000 - Recolor-) Model Kit,159.99,,,USD,New,https://www.usagundamstore.com/products/zoids-chaotic-century-highend-master-model-death-stinger-hiltz-special-2000-recolor-model-kit,https://cdn.shopify.com/s/files/1/0727/8355/files/ac225908-9b54-4261-9485-c8de3d12f3f2_600x600.webp?v=1771614137
zoid,model_kit,USA Gundam Store,retailer,Zoids x Patlabor Synergenex Fangriffon Model Kit,59.99,,,USD,New,https://www.usagundamstore.com/products/zoids-x-patlabor-synergenex-fangriffon-model-kit,https://cdn.shopify.com/s/files/1/0727/8355/files/GN331_10_600x600.jpg?v=1783525682
zoid,model_kit,USA Gundam Store,retailer,Zoids Chaotic Century Highend Master Model Storm Sworder (Ala Barone Special 2000 - Recolor-) 1/72 Scale Model Kit,85.99,,,USD,New,https://www.usagundamstore.com/products/zoids-chaotic-century-highend-master-model-storm-sworder-ala-barone-special-2000-recolor-1-72-scale-model-kit,https://cdn.shopify.com/s/files/1/0727/8355/files/b2cee152-bc21-4b17-acdd-8cd2fd919146_600x600.webp?v=1773927389
zoid,model_kit,USA Gundam Store,retailer,Zoids Realize Model RMZ-011 Geno Saurer Raven Special 1/100 Scale Model Kit,59.99,,,USD,New,https://www.usagundamstore.com/products/zoids-realize-model-zoids-advanced-series-rmz-011-geno-saurer-raven-special-1-100-scale-model-kit,https://cdn.shopify.com/s/files/1/0727/8355/files/GN342_10_600x600.jpg?v=1783517486
zoid,model_kit,USA Gundam Store,retailer,Zoids Realize Model RMZ-022 Murasame Liger 1/100 Scale Model Kit,56.99,,,USD,New,https://www.usagundamstore.com/products/zoids-realize-model-rmz-022-murasame-liger-1-100-scale-model-kit,https://cdn.shopify.com/s/files/1/0727/8355/files/768w_1_1a170a51-7df4-466b-8c1e-115cb4598fc2_600x600.jpg?v=1778691764
zoid,model_kit,USA Gundam Store,retailer,Zoids Realize Model RMZ-021 Shield Liger MK-2 1/100 Scale Model Kit,54.99,,,USD,New,https://www.usagundamstore.com/products/zoids-realize-model-rmz-021-shield-liger-mk-2-1-100-scale-model-kit,https://cdn.shopify.com/s/files/1/0727/8355/files/original-2026-04-03T133049.577_600x600.webp?v=1775237466
zoid,model_kit,USA Gundam Store,retailer,Zoids AZ-01 Blade Liger 1/72 Scale Model Kit,87.99,,,USD,New,https://www.usagundamstore.com/products/zoids-az-01-blade-liger-1-72-scale-model-kit,https://cdn.shopify.com/s/files/1/0727/8355/files/de4ef9b8-f6d1-4ffa-b573-d7cb47f438df_600x600.jpg?v=1762281953
zoid,model_kit,USA Gundam Store,retailer,Zoids Adamas Machina AM-Z02 Blade Liger Action Figure,294.99,,,USD,New,https://www.usagundamstore.com/products/zoids-adamas-machina-am-z02-blade-liger-action-figure,https://cdn.shopify.com/s/files/1/0727/8355/files/946632_outline_11_600x600.jpg?v=1785931742
zoid,model_kit,USA Gundam Store,retailer,Zoids Advanced Zi AZ-16 Liger Zero Jager 1/72 Scale Model Kit,114.99,,,USD,New,https://www.usagundamstore.com/products/zoids-advanced-zi-az-16-liger-zero-jager-1-72-scale-model-kit,https://cdn.shopify.com/s/files/1/0727/8355/files/768w_2_0fefd03f-9f53-4752-85b2-ebe31cde4665_600x600.webp?v=1778691823
zoid,model_kit,USA Gundam Store,retailer,Zoids x Monster Hunter Synergenex Series Knuckle Kong Rajang Model Kit,55.99,,,USD,New,https://www.usagundamstore.com/products/monster-hunter-x-zoids-knuckle-kong-rajang-1-35-scale-model-kit,https://cdn.shopify.com/s/files/1/0727/8355/files/8e95bc9c-4ab2-4997-b8ad-fbb02b0ada06_600x600.webp?v=1762287562
zoid,model_kit,USA Gundam Store,retailer,Zoids Highend Master Model RZ-014 Godos (Marking Plus Ver.) 1/72 Scale Model Kit,41.29,,,USD,New,https://www.usagundamstore.com/products/zoids-highend-master-model-1-72-rz-014-godos-marking-plus-ver,https://cdn.shopify.com/s/files/1/0727/8355/products/cbac7f51-3efa-4129-b8bb-46c907b7b4fa_600x600.jpg?v=1762275382
zoid,model_kit,USA Gundam Store,retailer,Zoids x Metamor Verse MV-01A Ao Kiriyama &amp; Blade Liger (Dress Code #Scarlet) 1/10 Scale Model Kit,107.99,,,USD,New,https://www.usagundamstore.com/products/mv-01a-ao-kiriyama-blade-liger-dress-code-scarlet,https://cdn.shopify.com/s/files/1/0727/8355/files/1a9c1883-2108-48ff-88c2-3db218ec4554_600x600.webp?v=1773143999
zoid,model_kit,USA Gundam Store,retailer,Zoids Realize Model RMZ-020F Zabat Full Option Set 1/100 Scale Model Kit,47.99,,,USD,New,https://www.usagundamstore.com/products/zoids-realize-model-rmz-020f-zabat-full-option-set-1-100-scale-model-kit,https://cdn.shopify.com/s/files/1/0727/8355/files/2274f852-b77a-4564-9b9c-63308592ebc9_600x600.webp?v=1771303919
zoid,model_kit,USA Gundam Store,retailer,Zoids 2 Helic Republic vs. Guylos Empire Realize Model RMZ-018 Trinity Liger (Captured Color) 1/100 Scale Model Kit,47.99,,,USD,New,https://www.usagundamstore.com/products/zoids-2-helic-republic-vs-guylos-empire-realize-model-rmz-018-trinity-liger-captured-color-1-100-scale-model-kit,https://cdn.shopify.com/s/files/1/0727/8355/files/ff43fcd2-e65d-464f-b125-2674ca5049bf_600x600.webp?v=1771302966
zoid,model_kit,USA Gundam Store,retailer,Zoids Advanced Zi AZ-10EX Sea Panther (Guylos Specification Ver.) 1/72 Scale Model Kit,47.99,,,USD,New,https://www.usagundamstore.com/products/zoids-advanced-zi-az-10ex-sea-panther-guylos-specification-ver-1-72-scale-model-kit,https://cdn.shopify.com/s/files/1/0727/8355/files/121f321a-8184-4fb3-9479-6fc1e4476425_600x600.webp?v=1768420642
zoid,model_kit,USA Gundam Store,retailer,Zoids Realize Model RMZ-001 Blade Liger 1/100 Scale Model Kit,39.99,,,USD,New,https://www.usagundamstore.com/products/zoids-rmz-001-blade-liger-1-100-scale-model-kit,https://cdn.shopify.com/s/files/1/0727/8355/files/918752_11_000eb2ab-fdcf-4856-b5a2-9317ff219724_600x600.jpg?v=1762284328
zoid,model_kit,USA Gundam Store,retailer,Zoids Advanced Zi AZ-17EX Ultra Saurus Gravity Cannon 1/72 Scale Weapon Set,99.99,,,USD,New,https://www.usagundamstore.com/products/zoids-realize-model-az-17ex-ultra-saurus-gravity-cannon-1-72-scale-model-kit,https://cdn.shopify.com/s/files/1/0727/8355/files/GN329_6_600x600.jpg?v=1783517081
zoid,model_kit,USA Gundam Store,retailer,Zoids Highend Master Model EHI-7 Reddra Zenebus (Empire Ver.) 1/72 Scale Model Kit (Reissue),59.99,,,USD,New,https://www.usagundamstore.com/products/zoids-highend-master-model-ehi-7-reddra-zenebus-empire-ver-1-72-scale-model-kit,https://cdn.shopify.com/s/files/1/0727/8355/products/ff8f38f8-848c-4922-92df-cb059f1f0f83_600x600.jpg?v=1762278707
zoid,model_kit,USA Gundam Store,retailer,Zoids Realize Model RMZ-020 Zabat 1/100 Scale Model Kit,32.99,,,USD,New,https://www.usagundamstore.com/products/zoids-realize-model-rmz-020-zabat-1-100-scale-model-kit,https://cdn.shopify.com/s/files/1/0727/8355/files/46e2fa82-c42d-4353-989c-4933f07e5570_600x600.webp?v=1771302790
zoid,model_kit,USA Gundam Store,retailer,Zoids Advanced Zi AZ-15 Psycho Geno Saurer 1/72 Scale Model Kit,119.99,,,USD,New,https://www.usagundamstore.com/products/zoids-advanced-zi-az-15-psycho-geno-saurer-1-72-scale-model-kit,https://cdn.shopify.com/s/files/1/0727/8355/files/256625a2-04af-46c3-abeb-a5ef491208ac_600x600.webp?v=1771302654
zoid,model_kit,USA Gundam Store,retailer,Zoids Realize Model RMZ-017 Command Wolf (Urban Warfare Special Ver.) 1/100 Scale Model Kit,47.99,,,USD,New,https://www.usagundamstore.com/products/zoids-realize-model-rmz-017-command-wolf-urban-warfare-special-ver-1-100-scale-model-kit,https://cdn.shopify.com/s/files/1/0727/8355/files/e3920dd7-f6b8-442d-8232-822188c50259_600x600.webp?v=1768420394
zoid,model_kit,USA Gundam Store,retailer,Zoids Adamas Machina AM-Z01EX Berserk Fury (Elementary Body) Model Kit,226.99,,,USD,New,https://www.usagundamstore.com/products/zoids-adamas-machina-am-z01ex-berserk-fury-elementary-body-model-kit,https://cdn.shopify.com/s/files/1/0727/8355/files/e54f2598-aa17-4cf6-9544-6d9f86f803de_600x600.webp?v=1759944451
zoid,model_kit,USA Gundam Store,retailer,Zoids Advanced Zi AZ-03EX Murasame Liger (Original Color Ver.) 1/72 Scale Model Kit,103.99,,,USD,New,https://www.usagundamstore.com/products/zoids-advanced-zi-az-03ex-murasame-liger-original-color-1-72-scale-model-kit,https://cdn.shopify.com/s/files/1/0727/8355/files/734a6362-8ef7-4375-80c5-e30c278f6a12_600x600.webp?v=1764952513
zoid,model_kit,USA Gundam Store,retailer,Zoids ADVANCED Zi AZ-06EX Phoenix Republic Ver. 1/72 Scale Exclusive Model Kit,44.99,,,USD,New,https://www.usagundamstore.com/products/zoids-az-06ex-phoenix-republic-ver-1-72-scale-model-kit,https://cdn.shopify.com/s/files/1/0727/8355/files/5e2f6b72-56a9-4b11-8702-a7fc558baf9b_600x600.webp?v=1762286329
zoid,model_kit,USA Gundam Store,retailer,Zoids Realize Model RMZ-004 Hellcat (Guylos Color Ver.) 1/100 Scale Model Kit,24.99,,,USD,New,https://www.usagundamstore.com/products/zoids-realize-model-rmz-004-hellcat-guylos-color-ver-1-100-scale-model-kit,https://cdn.shopify.com/s/files/1/0727/8355/files/083f7bce-ccd7-464e-af27-f23f2db44053_600x600.webp?v=1762285183
zoid,model_kit,USA Gundam Store,retailer,Zoids Highend Master Model EZ017 Iguan (Marking Plus Ver.) Model Kit,42.99,,,USD,New,https://www.usagundamstore.com/products/zoids-highend-master-model-ez017-iguan-marking-plus-ver-model-kit,https://cdn.shopify.com/s/files/1/0727/8355/products/c340b830-de85-48c8-afd6-683fd6b5d130_600x600.jpg?v=1762275596
zoid,model_kit,USA Gundam Store,retailer,Zoids Fine Graph RZ-028 Blade Liger (AB Bang Ver.) Frame,199.99,,,USD,New,https://www.usagundamstore.com/products/zoids-fine-graph-rz-028-blade-liger-ab-bang-ver-frame,https://cdn.shopify.com/s/files/1/0727/8355/files/GV220_CFG_BLADE_LIGER_AB_01_600x600.webp?v=1786105275
zoid,model_kit,USA Gundam Store,retailer,Zoids Genesis Spark Fig Grande SF-G01 Kotona Elegance 1/7 Scale Figure,169.99,,,USD,New,https://www.usagundamstore.com/products/zoids-genesis-spark-fig-grande-sf-g01-kotona-elegance-1-7-scale-figure,https://cdn.shopify.com/s/files/1/0727/8355/files/768w_15_5486871c-076f-465b-ab63-1f79cad2e487_600x600.webp?v=1778699105
zoid,model_kit,USA Gundam Store,retailer,Zoids Realize Model RMZ-019 Hell Cat &amp; Molga (Zenebus Color) 1/100 Scale Model Kit Set,42.99,,,USD,New,https://www.usagundamstore.com/products/zoids-realize-model-rmz-019-hell-cat-molga-zenebus-color-1-100-scale-model-kit-set,https://cdn.shopify.com/s/files/1/0727/8355/files/3945d973-f7cb-4bae-9f14-22d45ba9e832_600x600.webp?v=1771303743
zoid,model_kit,USA Gundam Store,retailer,Zoids Advanced Zi AZ-14EX Liger Zero X Unit 1/72 Scale Armor Parts Set,47.99,,,USD,New,https://www.usagundamstore.com/products/zoids-advanced-zi-az-14ex-liger-zero-x-unit-1-72-scale-armor-parts-set,https://cdn.shopify.com/s/files/1/0727/8355/files/14a632fb-405c-45ab-b4f0-913e349369be_600x600.webp?v=1771302510
zoid,model_kit,USA Gundam Store,retailer,Zoids RMZ-007 Trinity Liger 1/100 Scale Model Kit,45.99,,,USD,New,https://www.usagundamstore.com/products/zoids-rmz-007-trinity-liger-1-100-scale-model-kit,https://cdn.shopify.com/s/files/1/0727/8355/files/8ec23d77-1cdb-45f9-a532-d607b9e62193_600x600.webp?v=1762286785
zoid,model_kit,USA Gundam Store,retailer,Zoids Realize Model RMZ-006 Saber Tiger (Schwarz Special Ver.) 1/100 Scale Model Kit,49.99,,,USD,New,https://www.usagundamstore.com/products/zoids-realize-model-rmz-006-saber-tiger-schwarz-special-ver-1-100-scale-model-kit,https://cdn.shopify.com/s/files/1/0727/8355/files/9bddc768-2545-4605-82b1-0c477a7e6680_600x600.webp?v=1762285721
zoid,model_kit,USA Gundam Store,retailer,Zoids Highend Master Model EZ-005 Redler (Guyros Empire Ver.) 1/72 Scale Model Kit,59.99,,,USD,New,https://www.usagundamstore.com/products/zoids-highend-master-model-ez-005-redler-guyros-empire-ver-1-72-scale-model-kit,https://cdn.shopify.com/s/files/1/0727/8355/products/a728c2a0-7709-407a-9bd9-dae35edfc46b_600x600.jpg?v=1762278707
zoid,model_kit,USA Gundam Store,retailer,Zoids Highend Master Model Customize Parts Pile Bunker Unit,10.99,,,USD,New,https://www.usagundamstore.com/products/zoids-highend-master-model-customize-parts-pile-bunker-unit,https://cdn.shopify.com/s/files/1/0727/8355/products/8c8f5943-5a08-4506-9a41-7199aa19a35f_600x600.jpg?v=1762274549
zoid,model_kit,USA Gundam Store,retailer,1/72 ZOIDS EZ-027 RAVEN RAPTOR,55.99,,,USD,New,https://www.usagundamstore.com/products/1-72-zoids-ez-027-raven-raptor,https://cdn.shopify.com/s/files/1/0727/8355/products/kbyzd109_2_1_600x600.jpg?v=1762274538
zoid,model_kit,USA Gundam Store,retailer,Zoids Fine Graph EZ-034 Geno Breaker (Raven Ver.) Frame,199.99,,,USD,New,https://www.usagundamstore.com/products/zoids-fine-graph-ez-034-geno-breaker-raven-ver-frame,https://cdn.shopify.com/s/files/1/0727/8355/files/GV221_CFG_GENO_BREAKER_RAVEN_01_600x600.webp?v=1786105476
zoid,model_kit,USA Gundam Store,retailer,Zoids Advanced Zi AZ-02EX3 Liger Zero Type Zero Armor 1/72 Scale Armor Parts Set,20.99,,,USD,New,https://www.usagundamstore.com/products/zoids-advanced-zi-az-02ex3-liger-zero-type-zero-armor-1-72-scale-model-kit,https://cdn.shopify.com/s/files/1/0727/8355/files/768w_d7745d16-bff1-47df-af1c-76b1760a0497_600x600.webp?v=1778691903
zoid,model_kit,USA Gundam Store,retailer,Zoids Advanced Zi AZ-16EX Liger Zero Jager (Unit Original Color) 1/72 Scale Armor Parts Set,41.99,,,USD,New,https://www.usagundamstore.com/products/zoids-advanced-zi-az-16ex-liger-zero-jager-unit-original-color-ver-1-72-scale-model-kit,https://cdn.shopify.com/s/files/1/0727/8355/files/768w_3_412877e1-d2d2-438f-8158-3799b3b5badc_600x600.webp?v=1778691867
zoid,model_kit,USA Gundam Store,retailer,Transformers x Zoids X Diaclone Synergenex Series Shield-D-Prime Action Figure,399.99,,,USD,New,https://www.usagundamstore.com/products/transformers-x-zoids-x-diaclone-synergenex-series-shield-d-prime-action-figure,https://cdn.shopify.com/s/files/1/0727/8355/files/68fdc646-bd79-4033-b94b-f7123e841c35_600x600.webp?v=1762288945
zoid,model_kit,USA Gundam Store,retailer,Zoids Realize Model RMZ-005 Molga (Guylos Color Ver.) 1/100 Scale Model Kit,22.99,,,USD,New,https://www.usagundamstore.com/products/zoids-realize-model-rmz-005-molga-guylos-color-ver-1-100-scale-model-kit,https://cdn.shopify.com/s/files/1/0727/8355/files/8a7445f1-b218-420c-a6d7-e5d791722f74_600x600.webp?v=1762285183
zoid,model_kit,USA Gundam Store,retailer,Zoids Highend Master Model EZ027 Rev Raptor (Night Patrol Ver.) 1/72 Scale Model Kit,79.99,,,USD,New,https://www.usagundamstore.com/products/zoids-highend-master-model-ez-027-rev-raptor-night-patrol,https://cdn.shopify.com/s/files/1/0727/8355/products/3f4f3d19-625b-441d-a873-28c7c31357cc_600x600.jpg?v=1762280041
zoid,model_kit,USA Gundam Store,retailer,End of Heroes Zombinoid Biter 1/24 Scale Model Kit,20.99,,,USD,New,https://www.usagundamstore.com/products/end-of-heroes-zombinoid-biter-1-24-scale-model-kit,https://cdn.shopify.com/s/files/1/0727/8355/products/81347342-a903-4f83-9474-69852c37f3e4_600x600.jpg?v=1762277033
zoid,model_kit,USA Gundam Store,retailer,End of Heroes Zombinoid Agony 1/24 Scale Model Kit,20.99,,,USD,New,https://www.usagundamstore.com/products/end-of-heroes-zombinoid-agony-1-24-scale-model-kit,https://cdn.shopify.com/s/files/1/0727/8355/products/47b52c58-0a2b-4f52-8a5b-27cc47c8ed6d_600x600.jpg?v=1762277031
zoid,model_kit,USA Gundam Store,retailer,Zoids Highend Master Model Changing Armor System Liger Zero X Unit (Empire Ver.) Model Kit,39.99,,,USD,New,https://www.usagundamstore.com/products/zoids-highend-master-model-changing-armor-system-liger-zero-x-unit-empire-ver-model-kit,https://cdn.shopify.com/s/files/1/0727/8355/products/94d1de33-8e0a-4d0b-8852-2a9e81470be1_600x600.jpg?v=1762274760
zoid,model_kit,USA Gundam Store,retailer,Zoids Highend Master Model Iron Kong (Schwarz Special 1999 -Recolor- Ver.) 1/72 Scale Model Kit,159.99,,,USD,New,https://www.usagundamstore.com/products/zoids-highend-master-model-iron-kong-schwarz-special-1999-recolor-ver-1-72-scale-model-kit,https://cdn.shopify.com/s/files/1/0727/8355/files/33b7a8df-b0e7-42e4-864e-2ecc085369da_600x600.webp?v=1770828299
zoid,model_kit,USA Gundam Store,retailer,Zoids HMM EZ-054 Liger Zero X 1/72 Scale Model Kit,88.99,,,USD,New,https://www.usagundamstore.com/products/zoids-hmm-ez-054-liger-zero-x-1-72-scale-model-kit,https://cdn.shopify.com/s/files/1/0727/8355/products/66ddf062-e8a9-46e5-9094-41acd2a02e3f_600x600.jpg?v=1762274758
zoid,model_kit,USA Gundam Store,retailer,Zoids x Patlabor Synergenex Series Hunter Wolf Patlabor Unit 2 Model Kit,39.99,,,USD,New,https://www.usagundamstore.com/products/zoids-x-patlabor-synergenex-series-hunter-wolf-patlabor-unit-2-model-kit,https://cdn.shopify.com/s/files/1/0727/8355/files/3b3f7316-05b9-4745-96e2-cdbee1c157d9_600x600.webp?v=1754567305
zoid,model_kit,USA Gundam Store,retailer,Zoids Highend Master Model Shield Liger (DCS Ver.) 1/72 Scale Model Kit,77.99,,,USD,New,https://www.usagundamstore.com/products/1-72-zoids-rz-007-shield-liger-dcs-j,https://cdn.shopify.com/s/files/1/0727/8355/products/kbyzd129_0_600x600.jpg?v=1762273635
zoid,model_kit,USA Gundam Store,retailer,Zoids Advanced Zi AZ-12 Geno Breaker 1/72 Scale Model Kit,159.99,,,USD,New,https://www.usagundamstore.com/products/zoids-advanced-zi-az-12-geno-breaker-1-72-scale-model-kit,https://cdn.shopify.com/s/files/1/0727/8355/files/05577548-d9ec-457f-8f25-d4472f012c58_600x600.webp?v=1754567013
zoid,model_kit,USA Gundam Store,retailer,Zoids Highend Master Model Gojulas Cannon Set Customize Parts Model Kit,53.99,,,USD,New,https://www.usagundamstore.com/products/zoids-highend-master-model-gojulas-cannon-set-customize-parts-model-kit,https://cdn.shopify.com/s/files/1/0727/8355/products/7adb0658-e4e1-4384-ab9c-3f0206417527_600x600.jpg?v=1759294215
zoid,model_kit,USA Gundam Store,retailer,Zoids Chaotic Century Highend Master Model Lightning Saix (Irvine Special 2000 -Recolor-) 1/72 Scale Model Kit,69.99,,,USD,New,https://www.usagundamstore.com/products/zoids-chaotic-century-highend-master-model-lightning-saix-irvine-special-2000-recolor-1-72-scale-model-kit,https://cdn.shopify.com/s/files/1/0727/8355/files/835a7477-25ad-41ec-b79b-ecad3e9ad1d9_600x600.webp?v=1765912066
zoid,model_kit,USA Gundam Store,retailer,Zoids Realize Model RMZ-013 Shield Liger Bang Special 1/100 Scale Model Kit,54.99,,,USD,New,https://www.usagundamstore.com/products/zoids-realize-model-rmz-013-shield-liger-bang-special-1-100-scale-model-kit,https://cdn.shopify.com/s/files/1/0727/8355/files/cf3de497-2b76-4394-9a69-04e212115577_600x600.webp?v=1754579096
zoid,model_kit,USA Gundam Store,retailer,Zoids ADVANCED Zi AZ-08 Molga 1/72 Scale Model Kit,39.99,,,USD,New,https://www.usagundamstore.com/products/zoids-az-08-molga-1-72-scale-model-kit,https://cdn.shopify.com/s/files/1/0727/8355/files/945673_11_c728aa38-b24f-4716-af11-943d0170ad0f_600x600.jpg?v=1762284329
zoid,model_kit,USA Gundam Store,retailer,Zoids Advanced Zi AZ-13 Canory Molga 1/72 Scale Model Kit,42.99,,,USD,New,https://www.usagundamstore.com/products/zoids-advanced-zi-az-13-canory-molga-1-72-scale-model-kit,https://cdn.shopify.com/s/files/1/0727/8355/files/e7390bb5-64a0-4ba1-a768-39ad9ccfe249_600x600.webp?v=1759946753
zoid,model_kit,USA Gundam Store,retailer,Zoids Highend Master Model RZ-045 Salamander 1/72 Scale Model Kit,229.99,,,USD,New,https://www.usagundamstore.com/products/zoids-highend-master-model-rz-045-salamander-1-72-scale-model-kit,https://cdn.shopify.com/s/files/1/0727/8355/files/94d39263-932d-4555-8ab5-c0d50bffb6ab_600x600.jpg?v=1753198143
zoid,model_kit,USA Gundam Store,retailer,Zoids ADVANCED Zi AZ-07 Death Saurer 1/72 Scale Model Kit,219.99,,,USD,New,https://www.usagundamstore.com/products/zoids-az-07-death-saurer-1-72-scale-model-kit,https://cdn.shopify.com/s/files/1/0727/8355/files/914877_1_0bd41648-8b26-45ed-abc9-6bec116b9a98_600x600.jpg?v=1762283495
zoid,model_kit,USA Gundam Store,retailer,Zoids Highend Master Model EZ-036 Death Stinger 1/72 Scale Model Kit (Reissue),134.99,,,USD,New,https://www.usagundamstore.com/products/zoids-highend-master-model-ez-036-death-stinger-1-72-scale-model-kit-reissue,https://cdn.shopify.com/s/files/1/0727/8355/files/ZD086R_deathstinger_04_600x600.jpg?v=1762282612
zoid,model_kit,USA Gundam Store,retailer,Zoids Highend Master Model EZ027 Rev Raptor 1/72 Scale Model Kit,46.99,,,USD,New,https://www.usagundamstore.com/products/zoid-hmm-ez-027-rev-raptor,https://cdn.shopify.com/s/files/1/0727/8355/products/3e8e9e0a-bf39-45a6-8046-031622c64cd3_600x600.jpg?v=1762273818
zoid,model_kit,USA Gundam Store,retailer,Zoids Advanced Zi AZ-14 Liger Zero X 1/72 Scale Model Kit,119.99,,,USD,New,https://www.usagundamstore.com/products/zoids-advanced-zi-az-14-liger-zero-x-1-72-scale-model-kit,https://cdn.shopify.com/s/files/1/0727/8355/files/df49b8e4-4b98-4436-ba33-5338b0c0747c_600x600.webp?v=1771302309
zoid,model_kit,USA Gundam Store,retailer,Zoids Realize Model RMZ-014 Red Horn Styracosaurus Type 1/100 Scale Model Kit,47.99,,,USD,New,https://www.usagundamstore.com/products/zoids-realize-model-rmz-014-red-horn-styracosaurus-type-1-100-scale-model-kit,https://cdn.shopify.com/s/files/1/0727/8355/files/72120b1e-54e2-4f42-853e-7518c1e8d27b_600x600.webp?v=1759946564
zoid,model_kit,USA Gundam Store,retailer,Zoids Adamas Machina AM-Z01CP Berserk Fury Sturm ＆ Jagd Unit Model Kit Accessory Set,226.99,,,USD,New,https://www.usagundamstore.com/products/zoids-adamas-machina-am-z01cp-berserk-fury-sturm-jagd-unit-model-kit-accessory-set,https://cdn.shopify.com/s/files/1/0727/8355/files/1b4a8b29-d6a7-411e-8ab4-668d00bdde19_600x600.webp?v=1759946297
zoid,model_kit,USA Gundam Store,retailer,Zoids Advanced Zi AZ-02EX2 Liger Zero (Empire Ver.) 1/72 Scale Model Kit,97.99,,,USD,New,https://www.usagundamstore.com/products/zoids-advanced-zi-az-02ex2-liger-zero-empire-ver-1-72-scale-model-kit,https://cdn.shopify.com/s/files/1/0727/8355/files/f0ae6e2e-4563-4098-8169-a1ea2b6b94f8_600x600.webp?v=1757079718
zoid,model_kit,USA Gundam Store,retailer,Zoids x Patlabor Synergenex Series Hunter Wolf Patlabor Model Kit,39.99,,,USD,New,https://www.usagundamstore.com/products/zoids-x-patlabor-synergenex-series-hunter-wolf-patlabor-model-kit,https://cdn.shopify.com/s/files/1/0727/8355/files/740c0360-66e2-446f-a09e-c7c098220d08_600x600.webp?v=1754567182
zoid,model_kit,USA Gundam Store,retailer,Neon Genesis Evangelion x Zoids T-Spark Xeno Rex Production Model-02 Model Kit,56.99,,,USD,New,https://www.usagundamstore.com/products/zoids-x-neon-genesis-evangelion-xeno-rex-production-model-02-model-kit,https://cdn.shopify.com/s/files/1/0727/8355/files/30fbd402-57c4-48b0-bf1e-462fad42dcd9_600x600.webp?v=1762289022
zoid,model_kit,USA Gundam Store,retailer,Neon Genesis Evangelion x Zoids T-Spark Xeno Rex Test Type-01 Model Kit,56.99,,,USD,New,https://www.usagundamstore.com/products/zoids-x-neon-genesis-evangelion-xeno-rex-test-type-01-model-kit,https://cdn.shopify.com/s/files/1/0727/8355/files/3c1d7c4e-af37-4097-8a70-fca304fdd26a_600x600.webp?v=1762289022
zoid,model_kit,USA Gundam Store,retailer,Zoids x Metamor Verse MV-01 Ao Kiriyama &amp; Blade Liger 1/10 Scale Model Kit,119.99,,,USD,New,https://www.usagundamstore.com/products/metamor-verse-x-zoids-mv-01-ao-kiriyama-blade-liger-1-10-scale-model-kit,https://cdn.shopify.com/s/files/1/0727/8355/files/19c05f84-0a83-4e0e-ad34-611a7d73aebf_600x600.webp?v=1762289021
zoid,model_kit,USA Gundam Store,retailer,Zoids Realize Model RMZ-012 Hell Cat Tirol 1/100 Scale Model Kit,34.99,,,USD,New,https://www.usagundamstore.com/products/zoids-realize-model-rmz-012-hell-cat-tirol-1-100-scale-model-kit,https://cdn.shopify.com/s/files/1/0727/8355/files/eb87f232-1d8c-470e-aeef-c91804548c0a_600x600.webp?v=1762289021
zoid,model_kit,USA Gundam Store,retailer,Zoids Realize Model RMZ-011 Geno Saurer (Raven Special Ver.) 1/100 Scale Model Kit,59.99,,,USD,New,https://www.usagundamstore.com/products/zoids-realize-model-rmz-011-geno-saurer-raven-special-1-100-scale-model-kit,https://cdn.shopify.com/s/files/1/0727/8355/files/50f9b117-afda-4840-a87d-a62c3a416854_600x600.webp?v=1762289019
zoid,model_kit,USA Gundam Store,retailer,Zoids Realize Model RMZ-010 Canoly Molga &amp; Hell Cat 1/100 Scale Model Kit,56.99,,,USD,New,https://www.usagundamstore.com/products/zoids-realize-model-rmz-010-canoly-molga-hell-cat-1-100-scale-model-kit,https://cdn.shopify.com/s/files/1/0727/8355/files/3bc78ea7-2854-44be-86f5-494c1756dacf_600x600.webp?v=1762288596
zoid,model_kit,USA Gundam Store,retailer,Zoids Advanced Zi AZ-11 Command Wolf 1/72 Scale Model Kit,78.99,,,USD,New,https://www.usagundamstore.com/products/zoids-advanced-zi-az-11-command-wolf-1-72-scale-model-kit,https://cdn.shopify.com/s/files/1/0727/8355/files/mk1cVYrg_600x600.jpg?v=1762288439
zoid,model_kit,USA Gundam Store,retailer,Zoids Highend Master Model RZ-013 Cannon Tortoise (Marking Plus Ver.) 1/72 Scale Model Kit,47.99,,,USD,New,https://www.usagundamstore.com/products/zoids-highend-master-model-rz-013-cannon-tortoise-marking-plus-ver-1-72-scale-model-kit,https://cdn.shopify.com/s/files/1/0727/8355/files/f947be6f-0a5a-425d-8b00-845fbdf4ef52_600x600.jpg?v=1762288163
zoid,model_kit,USA Gundam Store,retailer,Zoids Realize Model RMZ-009 Iron Kong (Guylos Color) 1/100 Scale Model Kit,84.99,,,USD,New,https://www.usagundamstore.com/products/zoids-realize-model-rmz-009-iron-kong-guylos-color-1-100-scale-model-kit,https://cdn.shopify.com/s/files/1/0727/8355/files/2f043e63-b44a-45fa-bd02-22492895350f_600x600.webp?v=1762287861
zoid,model_kit,USA Gundam Store,retailer,Zoids Highend Master Model Panzer Unit for Liger Zero (Marking Plus Ver.) 1/72 Scale Accessory Kit (Reissue),38.99,,,USD,New,https://www.usagundamstore.com/products/zoids-highend-master-model-liger-zero-panzer-unit-marking-plus-ver,https://cdn.shopify.com/s/files/1/0727/8355/files/7e1e0cde-92bf-41e0-aea7-d8f19c37ed41_600x600.webp?v=1762287841
zoid,model_kit,USA Gundam Store,retailer,Zoids Highend Master Model RZ-041 Liger Zero Panzer (Marking Plus Ver.) 1/72 Scale Model Kit (Reissue),84.99,,,USD,New,https://www.usagundamstore.com/products/zoids-highend-master-model-rz-041-liger-zero-panzer-marking-plus-ver,https://cdn.shopify.com/s/files/1/0727/8355/files/1c484496-8388-43ce-aa4a-fec2f402e966_600x600.webp?v=1762287840
zoid,model_kit,USA Gundam Store,retailer,Xenoblade Chronicles X Formula (Light Frame Base Doll) 1/48 Scale Model Kit,78.99,,,USD,New,https://www.usagundamstore.com/products/xenoblade-chronicles-x-formula-light-frame-base-doll-1-48-scale-model-kit,https://cdn.shopify.com/s/files/1/0727/8355/files/adfd2e83-85ea-471c-9e08-87a621b19adb_600x600.webp?v=1762287576
zoid,model_kit,USA Gundam Store,retailer,Zoids x Monster Hunter Synergenex Series Gatling Fox Mizutsune Model Kit,56.99,,,USD,New,https://www.usagundamstore.com/products/monster-hunter-x-zoids-gatling-fox-mizutsune-1-35-scale-model-kit,https://cdn.shopify.com/s/files/1/0727/8355/files/dba7e532-a55d-48fc-86d1-608378693dff_600x600.webp?v=1762287561
zoid,model_kit,USA Gundam Store,retailer,Zoids Highend Master Model Schneider Unit for Liger Zero (Marking Plus Ver.) 1/72 Scale Accessory Kit,36.99,,,USD,New,https://www.usagundamstore.com/products/zoids-highend-master-model-liger-zero-schneider-unit-marking-plus-ver,https://cdn.shopify.com/s/files/1/0727/8355/files/b09b9e4a-073e-4c4b-9f9a-72d811c86dda_600x600.webp?v=1762287126
zoid,model_kit,USA Gundam Store,retailer,Zoids Highend Master Model RZ-041 Liger Zero Schneider (Marking Plus Ver.) 1/72 Scale Model Kit,80.99,,,USD,New,https://www.usagundamstore.com/products/zoids-highend-master-model-rz-041-liger-zero-schneider-marking-plus-ver,https://cdn.shopify.com/s/files/1/0727/8355/files/25c187d9-93d5-4563-b528-cf5d84f5c2a8_600x600.webp?v=1762287126
zoid,model_kit,USA Gundam Store,retailer,Zoids Advanced Zi AZ-10 Sea Panther 1/72 Scale Model Kit,43.99,,,USD,New,https://www.usagundamstore.com/products/zoids-az-10-sea-panther-1-72-scale-model-kit,https://cdn.shopify.com/s/files/1/0727/8355/files/AZ_AZ-10PR01_600x600.jpg?v=1762287077
zoid,model_kit,USA Gundam Store,retailer,Zoids Realize Model RMZ-008 Command Wolf (Irvine Special) 1/100 Scale Model Kit,39.99,,,USD,New,https://www.usagundamstore.com/products/zoids-rmz-008-command-wolf-irvine-special-1-100-scale-model-kit,https://cdn.shopify.com/s/files/1/0727/8355/files/PR_RMZ008wite_600x600.jpg?v=1762287077
zoid,model_kit,USA Gundam Store,retailer,Zoids Highend Master Model Jager Unit for Liger Zero (Marking Plus Ver.) 1/72 Scale Accessory Kit,36.99,,,USD,New,https://www.usagundamstore.com/products/zoids-highend-master-model-liger-zero-jager-unit-marking-plus-ver,https://cdn.shopify.com/s/files/1/0727/8355/files/ZD147R_LZ_jagerunit_01_600x600.jpg?v=1762287012
zoid,model_kit,USA Gundam Store,retailer,Zoids Highend Master Model RZ-041 Liger Zero Jager (Marking Plus Ver.) 1/72 Scale Model Kit,80.99,,,USD,New,https://www.usagundamstore.com/products/zoids-highend-master-model-rz-041-liger-zero-jager-marking-plus-ver,https://cdn.shopify.com/s/files/1/0727/8355/files/3e4b9c82-6e63-4f6f-aa94-d1e25dda5e23_600x600.webp?v=1762287010
zoid,model_kit,USA Gundam Store,retailer,Zoids Highend Master Model EZ-006 Molga Full Option Set 1/72 Scale Model Kit,64.99,,,USD,New,https://www.usagundamstore.com/products/zoids-highend-master-model-ez-006-molga-full-option-set-1-72-scale-model-kit,https://cdn.shopify.com/s/files/1/0727/8355/files/456621e8-76f7-415f-a23e-3e6b0ef71f23_600x600.jpg?v=1762286343
zoid,model_kit,USA Gundam Store,retailer,Zoids ADVANCED Zi AZ-09 Geno Saurer 1/72 Scale Exclusive Model Kit,109.99,,,USD,New,https://www.usagundamstore.com/products/zoids-advanced-zi-az-09-geno-saurer-1-72-scale-exclusive-model-kit,https://cdn.shopify.com/s/files/1/0727/8355/files/a043ccfc-11c0-42c0-ada0-7b9b517fa986_600x600.webp?v=1762286272
zoid,model_kit,USA Gundam Store,retailer,Zoids Highend Master Model RZ-009 Command Wolf AC &amp; LC (Marking Plus Ver.) 1/72 Scale Model Kit,69.99,,,USD,New,https://www.usagundamstore.com/products/zoids-highend-master-model-rz-009-command-wolf-ac-lc-marking-plus-ver-1-72-scale-model-kit,https://cdn.shopify.com/s/files/1/0727/8355/files/dbb9e2c2-b63b-474d-a9b6-5279bdbf60fd_600x600.webp?v=1762285859
zoid,model_kit,USA Gundam Store,retailer,Zoids Highend Master Model RMZ-12 Guysack (Former Republic Ver.) 1/72 Scale Model Kit,55.99,,,USD,New,https://www.usagundamstore.com/products/zoids-highend-master-model-rmz-12-guysack-former-republic-ver-1-72-scale-model-kit,https://cdn.shopify.com/s/files/1/0727/8355/files/945b3cfe-44ad-45d7-ab1e-8d21d8861965_600x600.jpg?v=1762285550
zoid,model_kit,USA Gundam Store,retailer,Zoids Highend Master Model DPZ-10 Dark Horn (Marking Plus Ver.) 1/72 Scale Model Kit,119.99,,,USD,New,https://www.usagundamstore.com/products/zoids-highend-master-model-dpz-10-dark-horn-marking-plus-ver-1-72-scale-model-kit,https://cdn.shopify.com/s/files/1/0727/8355/files/5145784e-86a6-4239-901a-8bbfa4b8aa48_600x600.jpg?v=1762285549
zoid,model_kit,USA Gundam Store,retailer,Zoids Highend Master Model EZ-049 Sturm Tyrann (Berserk Unit) 1/72 Scale Model Kit,115.49,,,USD,New,https://www.usagundamstore.com/products/zoids-highend-master-model-ez-049-sturm-tyrann-berserk-unit-1-72-scale-model-kit,https://cdn.shopify.com/s/files/1/0727/8355/files/b3660005-61e9-4ad3-b388-7749163f7772_600x600.webp?v=1762285549
zoid,model_kit,USA Gundam Store,retailer,Zoids Adamas Machina AMZ-01 Berserk Fuhrer 1/100 Scale Model Kit,319.99,,,USD,New,https://www.usagundamstore.com/products/zoids-adamas-machina-amz-01-berserk-fuhrer-1-72-scale-model-kit,https://cdn.shopify.com/s/files/1/0727/8355/files/d18900b0-79ea-4fba-873b-c8e85fdb76cd_600x600.webp?v=1762284609
zoid,model_kit,USA Gundam Store,retailer,Zoids Realize Model RMZ-003 Command Wolf 1/100 Scale Model Kit,29.99,,,USD,New,https://www.usagundamstore.com/products/zoids-realize-model-rmz-003-command-wolf-1-100-scale-model-kit,https://cdn.shopify.com/s/files/1/0727/8355/files/30152478-61ef-4e15-9ee8-65f5ca986733_600x600.jpg?v=1753731290
zoid,model_kit,USA Gundam Store,retailer,Zoids Highend Master Model RMZ-04 Gurantula 1/72 Scale Model Kit,44.99,,,USD,New,https://www.usagundamstore.com/products/zoids-highend-master-model-rmz-04-gurantula-1-72-scale-model-kit,https://cdn.shopify.com/s/files/1/0727/8355/files/9d2b0960-8f5f-4ad5-b3ef-516d127a96f7_600x600.jpg?v=1762284441
zoid,model_kit,USA Gundam Store,retailer,Zoids ADVANCED Zi AZ-01EX Blade Liger (Leon Tros Ver.) 1/72 Scale Model Kit,79.99,,,USD,New,https://www.usagundamstore.com/products/zoids-advanced-zi-az-01ex-blade-liger-leon-tros-ver-1-72-scale-model-kit,https://cdn.shopify.com/s/files/1/0727/8355/files/af4c9920-d88a-4543-b45b-24f19c7ee76a_600x600.webp?v=1762284436
zoid,model_kit,USA Gundam Store,retailer,Zoids Realize Model RMZ-002 Geno Saurer 1/100 Scale Model Kit,49.99,,,USD,New,https://www.usagundamstore.com/products/realize-model-zoids-rmz-002-geno-saurer-1-100-scale-model-kit,https://cdn.shopify.com/s/files/1/0727/8355/files/939696_11_ed005c34-f843-44e9-97d1-1b13bdfb245f_600x600.jpg?v=1762284329
zoid,model_kit,USA Gundam Store,retailer,Zoids x Fist of the North Star Wild Liger Kokuou Model Kit,49.99,,,USD,New,https://www.usagundamstore.com/products/zoids-wild-liger-kokuou-model-kit,https://cdn.shopify.com/s/files/1/0727/8355/files/936183_1_600x600.jpg?v=1762283880
zoid,model_kit,USA Gundam Store,retailer,Zoids AZ-06 Liger Zero Phoenix 1/72 Scale Model Kit,139.99,,,USD,New,https://www.usagundamstore.com/products/zoids-az-06-liger-zero-phoenix-1-72-scale-model-kit,https://cdn.shopify.com/s/files/1/0727/8355/files/tkt91884_0_d5d92bad-f86a-4034-91e7-ea572c9623eb_600x600.jpg?v=1762282750
zoid,model_kit,USA Gundam Store,retailer,Monster Hunter x Zoids Sonic Bird Rathalos 1/72 Scale Model Kit,54.99,,,USD,New,https://www.usagundamstore.com/products/zoids-x-monster-hunter-gn024-sonic-bird-reus-figure,https://cdn.shopify.com/s/files/1/0727/8355/files/8da9dca0-8b0a-469c-babc-f5706bf91218_600x600.webp?v=1762282741
zoid,model_kit,USA Gundam Store,retailer,Monster Hunter x Zoids Beast Liger Magaimagado 1/35 Scale Model Kit,54.99,,,USD,New,https://www.usagundamstore.com/products/zoids-x-monster-hunter-gn023-beast-liger-magaimagado-figure,https://cdn.shopify.com/s/files/1/0727/8355/files/939757_1_c349042f-5b46-4e97-ada2-d4d75562badf_600x600.jpg?v=1762282739
zoid,model_kit,USA Gundam Store,retailer,Zoids Highend Master Model RZ-002 Guysak 1/72 Scale Model Kit,54.99,,,USD,New,https://www.usagundamstore.com/products/zoids-highend-master-model-rx-002-guysack-1-72-scale-model-kit,https://cdn.shopify.com/s/files/1/0727/8355/files/ZD167_rz002-guysack_02_b726a468-d1fd-415a-9ec2-05ebd3763d6f_600x600.jpg?v=1762282739
zoid,model_kit,USA Gundam Store,retailer,Zoids AZ-05 Saber Tiger (40th Anniversary) 1/72 Scale Model Kit,94.99,,,USD,New,https://www.usagundamstore.com/products/zoids-az-05-saber-tiger-40th-anniversary-1-72-scale-model-kit,https://cdn.shopify.com/s/files/1/0727/8355/files/914860_1_2e4ffd91-9d6f-404e-994b-4f639593906d_600x600.jpg?v=1762282594
zoid,model_kit,USA Gundam Store,retailer,Zoids Highend Master Model RZ-046 Fire Fox (Marking Plus Ver.) 1/72 Scale Model Kit,59.99,,,USD,New,https://www.usagundamstore.com/products/zoids-highend-master-model-rz-046-fire-fox-marking-plus-ver-1-72-scale-model-kit,https://cdn.shopify.com/s/files/1/0727/8355/files/ZD184_FIREFOX_MK_01_e8a328b6-083b-4369-9656-5d2a032b522f_600x600.jpg?v=1762281890
zoid,model_kit,USA Gundam Store,retailer,Zoids Highend Master Model RBOZ-003 Gojulas (Marking Plus Ver.) 1/72 Scale Model Kit,229.99,,,USD,New,https://www.usagundamstore.com/products/rboz-003-gojulas-marking-plus-ver,https://cdn.shopify.com/s/files/1/0727/8355/files/e113d99c-f2b8-4e99-8ac5-11f957f15db8_600x600.jpg?v=1762281845
zoid,model_kit,USA Gundam Store,retailer,Zoids Highend Master Model EZ-005 Redler (Guyros Empire Ver. with Booster Cannon Set) 1/72 Scale Model Kit,74.99,,,USD,New,https://www.usagundamstore.com/products/zoids-highend-master-model-ez-005-redler-guyros-empire-ver-with-booster-cannon-set-1-72-scale-model-kit,https://cdn.shopify.com/s/files/1/0727/8355/files/c46d8d38-823c-4b5e-900a-4d91269b1022_600x600.jpg?v=1762281517
zoid,model_kit,USA Gundam Store,retailer,Zoids Highend Master Model EZ-004 Red Horn (Marking Plus Ver.) 1/72 Scale Model Kit,79.99,,,USD,New,https://www.usagundamstore.com/products/zoids-highend-master-model-ez-004-red-horn-marking-plus-ver-1-72-scale-model-kit,https://cdn.shopify.com/s/files/1/0727/8355/files/ZD183_REDHORN_MarkingPlusVer_01_600x600.jpg?v=1762281504
zoid,model_kit,USA Gundam Store,retailer,Zoids Highend Master Model EZ-026 Geno Saurer (Repackage Ver.) 1/72 Scale Model Kit,89.99,,,USD,New,https://www.usagundamstore.com/products/zoids-highend-master-model-ez-026-geno-saurer-repackage-ver-1-72-scale-model-kit,https://cdn.shopify.com/s/files/1/0727/8355/files/ZD118X_genosaurer_repackagever_01_d16e3177-cc67-41b8-9fd1-9d24ae9bd793_600x600.jpg?v=1762281109
zoid,model_kit,USA Gundam Store,retailer,Zoids Highend Master Model AZ-03 Murasame Liger 1/72 Scale Model Kit,134.99,,,USD,New,https://www.usagundamstore.com/products/zoids-highend-master-model-az-03-murasame-liger-1-72-scale-model-kit,https://cdn.shopify.com/s/files/1/0727/8355/files/download-2023-07-17T223444.973_600x600.png?v=1762281096
zoid,model_kit,USA Gundam Store,retailer,Zoids Highend Master Model EZ-016 Saber Tiger (Marking Plus Ver.) 1/72 Scale Model Kit,74.99,,,USD,New,https://www.usagundamstore.com/products/zoids-highend-master-model-ez-016-saber-tiger-marking-plus-ver-1-72-scale-model-kit,https://cdn.shopify.com/s/files/1/0727/8355/files/ZD132X_sabertiger_mk_01_600x600.jpg?v=1762280697
zoid,model_kit,USA Gundam Store,retailer,Zoids Highend Master Model RZ-013 Buster Tortoise 1/72 Scale Model Kit,49.99,,,USD,New,https://www.usagundamstore.com/products/zoids-highend-master-model-rz-013-buster-tortoise-1-72-scale-model-kit-reissue,https://cdn.shopify.com/s/files/1/0727/8355/files/ZD025X_bustertortoise_01_94e79ffd-ce8c-4282-9bae-5f824d296865_600x600.jpg?v=1762280552
zoid,model_kit,USA Gundam Store,retailer,Zoids Highend Master Model Attack Booster Set Customize Parts Model Kit,23.99,,,USD,New,https://www.usagundamstore.com/products/zoids-highend-master-model-customize-parts-attack-booster-set-model-kit,https://cdn.shopify.com/s/files/1/0727/8355/products/ZD160_AttackBoosterSet_01_600x600.jpg?v=1762280419
zoid,model_kit,USA Gundam Store,retailer,Zoids Highend Master Model Green Horn AB 1/72 Scale Model Kit,119.99,,,USD,New,https://www.usagundamstore.com/products/zoids-highend-master-model-green-horn-ab-1-72-scale-model-kit,https://cdn.shopify.com/s/files/1/0727/8355/products/ZD161_greenhorn_01_600x600.jpg?v=1762280419
zoid,model_kit,USA Gundam Store,retailer,Zoids Highend Master Model EZ-049 Sturm Tyrann 1/72 Scale Model Kit,139.99,,,USD,New,https://www.usagundamstore.com/products/zoids-highend-master-model-ez-049-sturm-tyrann-repackage-ver-1-72-scale-model-kit,https://cdn.shopify.com/s/files/1/0727/8355/products/ZD102X_sturmtyann_1_600x600.jpg?v=1762280308
zoid,model_kit,USA Gundam Store,retailer,Zoids Highend Master Model RZ-053 Heavy Arms Konig Wolf 1/72 Scale Model Kit,159.99,,,USD,New,https://www.usagundamstore.com/products/rz-053-heavy-arms-konig-wolf,https://cdn.shopify.com/s/files/1/0727/8355/products/ZD114_HA_KONIGWOLF_01_600x600.jpg?v=1762279664
zoid,model_kit,USA Gundam Store,retailer,Zoids Highend Master Model Dual Sniper Rifle &amp; AZ Five Launch Missile System Set Customize Parts Model Kit (Reissue),36.99,,,USD,New,https://www.usagundamstore.com/products/zoids-customize-parts-dual-sniper-rifle-az-five-launch-missile-system-set,https://cdn.shopify.com/s/files/1/0727/8355/products/ZD113_SniperRifle_MissileSet_01_600x600.jpg?v=1762279663
zoid,model_kit,USA Gundam Store,retailer,Zoids Highend Master Model RZ-053 Konig Wolf 1/72 Scale Model Kit,119.99,,,USD,New,https://www.usagundamstore.com/products/rz-053-konig-wolf,https://cdn.shopify.com/s/files/1/0727/8355/products/ZD112_KONIGWOLF_01_600x600.jpg?v=1762279663
zoid,model_kit,USA Gundam Store,retailer,Zoids Highend Master Model RBOZ-006 Dibison (Marking Plus Ver.) 1/72 Scale Model Kit (Reissue),109.99,,,USD,New,https://www.usagundamstore.com/products/zoids-highend-master-model-rboz-006-dibison-marking-plus-ver-1-72-scale-model-kit-reissue,https://cdn.shopify.com/s/files/1/0727/8355/products/fb9496f2-e1fb-4f29-8ef8-8d384eef0e56_600x600.jpg?v=1762279246
zoid,model_kit,USA Gundam Store,retailer,Zoids Highend Master Model EZ-015 Iron Kong (Prozen Knight Ver.) 1/72 Scale Model Kit,189.99,,,USD,New,https://www.usagundamstore.com/products/zoids-highend-master-model-ez-015-iron-kong-prozen-knight-ver-1-72-scale-model-kit,https://cdn.shopify.com/s/files/1/0727/8355/products/e17f580f-b713-4ed0-9ff1-d87df1053d09_600x600.jpg?v=1759293182
zoid,model_kit,USA Gundam Store,retailer,Zoids Highend Master Model Booster Cannon Set Customize Parts Model Kit,24.99,,,USD,New,https://www.usagundamstore.com/products/zoids-highend-master-model-booster-cannon-set-customize-parts-model-kit,https://cdn.shopify.com/s/files/1/0727/8355/products/446c8e2b-9ed5-4064-b990-56060a37a906_600x600.jpg?v=1762278709
zoid,model_kit,USA Gundam Store,retailer,Zoids Highend Master Model RZ-046 Shadow Fox (Marking Plus Ver.) 1/72 Scale Model Kit,54.99,,,USD,New,https://www.usagundamstore.com/products/zoids-highend-master-model-rz-046-shadow-fox-marking-plus-ver-1-72-scale-model-kit,https://cdn.shopify.com/s/files/1/0727/8355/products/ZD145X_ShadowFOX_Mplus_01_600x600.jpg?v=1759292420
zoid,model_kit,USA Gundam Store,retailer,Zoids Highend Master Model RZ-029 Storm Sworder 1/72 Scale Model Kit,91.99,,,USD,New,https://www.usagundamstore.com/products/zoids-highend-master-model-rz-029-storm-sworder-1-72-scale-model-kit,https://cdn.shopify.com/s/files/1/0727/8355/products/8973efe0-2779-44c4-971a-ec1330f70cde_600x600.jpg?v=1762278589
zoid,model_kit,USA Gundam Store,retailer,Zoids Highend Master Model EZ-034 Geno Breaker (Repackage Ver.) 1/72 Scale Model Kit,104.99,,,USD,New,https://www.usagundamstore.com/products/zoids-highend-master-model-ez-034-geno-breaker-repackage-ver-1-72-scale-model-kit,https://cdn.shopify.com/s/files/1/0727/8355/products/77832861-e81b-4a13-b3e8-5de4a70ee1a5_600x600.jpg?v=1762278042
zoid,model_kit,USA Gundam Store,retailer,Zoids Highend Master Model EZ-015 Iron Kong (Marking Plus Ver.) 1/72 Scale Model Kit,139.99,,,USD,New,https://www.usagundamstore.com/products/zoids-highend-master-model-ez-015-iron-kong-marking-plus-ver-1-72-scale-model-kit,https://cdn.shopify.com/s/files/1/0727/8355/products/7947267b-3e26-4d77-bf45-1dd1b172cac1_600x600.jpg?v=1759290502
zoid,model_kit,USA Gundam Store,retailer,Zoids Highend Master Model RZ-041 Liger Zero (Marking Plus Ver.) 1/72 Scale Model Kit,65.99,,,USD,New,https://www.usagundamstore.com/products/zoids-hmm-rz-041-liger-zero-marking-plus-ver-1-72-scale-model-kit,https://cdn.shopify.com/s/files/1/0727/8355/files/cf01fde9-b1ef-447f-be15-0cbda7503ec4_600x600.webp?v=1762276901
zoid,model_kit,USA Gundam Store,retailer,Zoids Highend Master Model RZ-010 Pteras Bomber (Marking Plus Ver.) 1/72 Scale Model Kit,49.99,,,USD,New,https://www.usagundamstore.com/products/zoids-highend-master-model-rz-010-pteras-bomber-marking-plus-ver-1-72-scale-model-kit,https://cdn.shopify.com/s/files/1/0727/8355/products/5481a5c0-9a3d-47dd-b8f6-a500f6b27f70_600x600.jpg?v=1762276574
zoid,model_kit,USA Gundam Store,retailer,Zoids Highend Master Model EPZ-003 Great Saber (Marking Plus Ver.) 1/72 Scale Model Kit,78.99,,,USD,New,https://www.usagundamstore.com/products/zoids-highend-master-model-epz-003-great-saber-marking-plus-ver-1-72-scale-model-kit,https://cdn.shopify.com/s/files/1/0727/8355/files/f4b40222-768c-476a-9890-f212cfd3e9c5_600x600.webp?v=1762276534
zoid,model_kit,USA Gundam Store,retailer,Zoids Highend Master Model RBOZ-003 Gojulas the Ogre Model Kit,295.99,,,USD,New,https://www.usagundamstore.com/products/gojulas-the-ogre,https://cdn.shopify.com/s/files/1/0727/8355/products/9e5afcb0-db23-4f41-9069-de408c9d6913_600x600.jpg?v=1759286432
zoid,model_kit,USA Gundam Store,retailer,Zoids Highend Master Model EZ-049 Berserk Fuhrer (Repackage Ver.) 1/72 Scale Model Kit,94.99,,,USD,New,https://www.usagundamstore.com/products/zoids-highend-master-model-ez-049-berserk-fuhrer-repackage-ver-1-72-scale-model-kit,https://cdn.shopify.com/s/files/1/0727/8355/products/5f3e6c91-0329-4572-a875-605a69217a42_600x600.jpg?v=1762276362
zoid,model_kit,USA Gundam Store,retailer,Zoids Highend Master Model RZ-007 Shield Liger (Marking Plus Ver.) 1/72 Scale Model Kit,59.99,,,USD,New,https://www.usagundamstore.com/products/zoids-highend-master-model-rz-007-shield-liger-marking-plus-ver-1-72-scale-model-kit,https://cdn.shopify.com/s/files/1/0727/8355/products/ba813ea6-cdf4-4a17-880c-7cc8f08a64d8_600x600.jpg?v=1762276259
zoid,model_kit,USA Gundam Store,retailer,Zoids Highend Master Model DPZ-10 Dark Horn 1/72 Scale Model Kit,69.99,,,USD,New,https://www.usagundamstore.com/products/zoids-highend-master-model-dpz-10-dark-horn-1-72-scale-model-kit-reissue,https://cdn.shopify.com/s/files/1/0727/8355/products/271540712_4656613601097251_4268715568164652108_n_600x600.png?v=1762276259
zoid,model_kit,USA Gundam Store,retailer,Zoids Highend Master Model RZ-030 Gun Sniper 1/72 Scale Model Kit,49.99,,,USD,New,https://www.usagundamstore.com/products/zoids-highend-master-model-rz-030-gun-sniper-1-72-scale-model-kit,https://cdn.shopify.com/s/files/1/0727/8355/products/715c3cf1-7ecf-4403-a97a-7076a1281a99_1_600x600.jpg?v=1762275843
zoid,model_kit,Kotobukiya USA,retailer,GUN SNIPER Leena Special 2001 Re/color,59.99,,,USD,New,https://kotobukiya-us.com/products/190526073968,https://kotobukiya-us.com/cdn/shop/files/ZD193_gunsniper_leena_SP2001_recolor_eye.jpg?v=1762232428&width=460
zoid,model_kit,Kotobukiya USA,retailer,WILD LIGER STYGIAN ZINOGRE,58.99,,,USD,New,https://kotobukiya-us.com/products/190526082946,https://kotobukiya-us.com/cdn/shop/files/GN323_eye.jpg?v=1780385217&width=460
zoid,model_kit,Kotobukiya USA,retailer,D-STYLE SHIELD LIGER  ［Clear Parts Ap...,24.99,,,USD,New,https://kotobukiya-us.com/products/190526078215,https://kotobukiya-us.com/cdn/shop/files/KP871_d-style_shield-liger_cpa_eye.jpg?v=1775213509&width=460
zoid,model_kit,Kotobukiya USA,retailer,D-STYLE GUSTAV MOONBAY SPECIAL［Clear ...,26.99,,,USD,New,https://kotobukiya-us.com/products/190526078512,https://kotobukiya-us.com/cdn/shop/files/KP877_d-style_gustav_renewal-ver_eye.jpg?v=1779258820&width=460
zoid,model_kit,Kotobukiya USA,retailer,EZ-005 REDLER GUYROS EMPIRE Ver.,59.99,,,USD,New,https://kotobukiya-us.com/products/190526063679,https://kotobukiya-us.com/cdn/shop/files/ZD153X_Redler_GuyrosEmpire_eye.jpg?v=1735173499&width=460
zoid,model_kit,Kotobukiya USA,retailer,RPZ-14 SALAMANDER F2,299.99,,,USD,New,https://kotobukiya-us.com/products/190526078147,https://kotobukiya-us.com/cdn/shop/files/ZD196_salamander-f2_eye.jpg?v=1782261742&width=460
zoid,model_kit,Kotobukiya USA,retailer,DARK HORN HARRY SPECIAL 2001 Re／color,129.99,,,USD,New,https://kotobukiya-us.com/products/190526078277,https://kotobukiya-us.com/cdn/shop/files/ZD197_dark-horn_hs_2001rc_eye.jpg?v=1782798236&width=460
zoid,model_kit,Kotobukiya USA,retailer,RMZ-04 GURANTULA,44.99,,,USD,New,https://kotobukiya-us.com/products/190526058040,https://kotobukiya-us.com/cdn/shop/files/ZD185_rmz04_gurantula_eye.jpg?v=1735173854&width=460
zoid,model_kit,Kotobukiya USA,retailer,STORM SWORDER ALA BARONE SPECIAL 2000...,85.99,,,USD,New,https://kotobukiya-us.com/products/190526078284,https://kotobukiya-us.com/cdn/shop/files/ZD198_storm-sworder_ala-barone-ver_2000rc_eye.jpg?v=1773121910&width=460
zoid,model_kit,Kotobukiya USA,retailer,AZ-17 ULTRA SAURUS,299.99,,,USD,New,https://kotobukiya-us.com/products/190526083783,https://kotobukiya-us.com/cdn/shop/files/GN328_eye.jpg?v=1783325331&width=460
zoid,model_kit,Kotobukiya USA,retailer,AM-Z02 BLADE LIGER,294.99,,,USD,New,https://kotobukiya-us.com/products/190526084926,https://kotobukiya-us.com/cdn/shop/files/946632_outline_eye.jpg?v=1785906106&width=460
zoid,model_kit,Kotobukiya USA,retailer,ZOIDS CUSTOMIZE PARTS PILE BUNKER UNIT,14.99,,,USD,New,https://kotobukiya-us.com/products/190526008540,https://kotobukiya-us.com/cdn/shop/files/ZD110_CP_PilebunkerUnit_eye.jpg?v=1735173318&width=460
zoid,model_kit,Kotobukiya USA,retailer,D-STYLE COMMAND WOLF IRVINE ［Clear Pa...,24.99,,,USD,New,https://kotobukiya-us.com/products/190526078222,https://kotobukiya-us.com/cdn/shop/files/KP872_d-style_command-wolf_is_renewal-ver_eye.jpg?v=1776753222&width=460
zoid,model_kit,Kotobukiya USA,retailer,ZOIDS CUSTOMIZE PARTS GOJULAS CANNON SET,53.99,,,USD,New,https://kotobukiya-us.com/products/190526052635,https://kotobukiya-us.com/cdn/shop/files/ZD100X_gojulascannonset_eye.jpg?v=1752726960&width=460
zoid,model_kit,Kotobukiya USA,retailer,FANGRIFFON,59.99,,,USD,New,https://kotobukiya-us.com/products/190526083813,https://kotobukiya-us.com/cdn/shop/files/GN331_eye.jpg?v=1783386201&width=460
zoid,model_kit,Kotobukiya USA,retailer,AZ-10EX SEA PANTHER GUYLOS SPECIFICATION,47.99,,,USD,New,https://kotobukiya-us.com/products/190526079168,https://kotobukiya-us.com/cdn/shop/files/072799_eye.jpg?v=1768276632&width=460
zoid,model_kit,Kotobukiya USA,retailer,RMZ-020 ZABAT,32.99,,,USD,New,https://kotobukiya-us.com/products/190526079908,https://kotobukiya-us.com/cdn/shop/files/GN251-RMZ-020ZABAT_eye.jpg?v=1770702183&width=460
zoid,model_kit,Kotobukiya USA,retailer,RMZ-025 LIGER ZERO FALCON(ZBF),79.99,,,USD,New,https://kotobukiya-us.com/products/190526084919,https://kotobukiya-us.com/cdn/shop/files/092551_outline_eye.jpg?v=1785906210&width=460
zoid,model_kit,Kotobukiya USA,retailer,RMZ-011 GENO SAURER RAVEN SPECIAL,59.99,,,USD,New,https://kotobukiya-us.com/products/190526083929,https://kotobukiya-us.com/cdn/shop/files/GN342_eye.jpg?v=1783414884&width=460
zoid,model_kit,Kotobukiya USA,retailer,RMZ-024 STORM SWORDER,56.99,,,USD,New,https://kotobukiya-us.com/products/190526083806,https://kotobukiya-us.com/cdn/shop/files/GN330_eye.jpg?v=1783384899&width=460
zoid,model_kit,Kotobukiya USA,retailer,AZ-16EX LIGER ZERO JAGER UNIT ORIGINA...,41.99,,,USD,New,https://kotobukiya-us.com/products/190526081819,https://kotobukiya-us.com/cdn/shop/files/072492-11-eye.jpg?v=1778479258&width=460
zoid,model_kit,Kotobukiya USA,retailer,RMZ-019 HELL CAT & MOLGA ZENEBUS COLO...,42.99,,,USD,New,https://kotobukiya-us.com/products/190526079939,https://kotobukiya-us.com/cdn/shop/files/GN254-RMZ-019HELLCAT_MOLGAZENEBUSCOLORSET_eye.jpg?v=1770703159&width=460
zoid,model_kit,Kotobukiya USA,retailer,WILD LIGER ZINOGRE,58.99,,,USD,New,https://kotobukiya-us.com/products/190526082939,https://kotobukiya-us.com/cdn/shop/files/GN322_9-eye.jpg?v=1780386663&width=460
zoid,model_kit,Kotobukiya USA,retailer,DEATH STINGER HILTZ Special 2000 -Rec...,159.99,,,USD,New,https://kotobukiya-us.com/products/190526073975,https://kotobukiya-us.com/cdn/shop/files/ZD194_death-stinger_hiltz-ver_2000rc_eye.jpg?v=1771483811&width=460
zoid,model_kit,Kotobukiya USA,retailer,RMZ-023 LIGHTNING SAIX IRVINE SPECIAL,58.99,,,USD,New,https://kotobukiya-us.com/products/190526082922,https://kotobukiya-us.com/cdn/shop/files/GN321_eye.jpg?v=1780386843&width=460
zoid,model_kit,Kotobukiya USA,retailer,ZOIDS ADVANCED SERIES AZ-17DX ULTRA S...,399.99,,,USD,New,https://kotobukiya-us.com/products/190526083936,https://kotobukiya-us.com/cdn/shop/files/GN343_eye.jpg?v=1783400110&width=460
zoid,model_kit,Kotobukiya USA,retailer,EZ-049 STURM TYRANN BERSERK UNIT SET,159.99,,,USD,New,https://kotobukiya-us.com/products/190526062597,https://kotobukiya-us.com/cdn/shop/files/ZD106X_sturmtyannBUset_eye.jpg?v=1735172624&width=460
zoid,model_kit,Kotobukiya USA,retailer,SF-G01 SPARK Fig GRANDE Zoids Genesis...,169.99,,,USD,New,https://kotobukiya-us.com/products/190526081949,https://kotobukiya-us.com/cdn/shop/files/065487-eye.jpg?v=1778472971&width=460
zoid,model_kit,Kotobukiya USA,retailer,EZ-027 RAVEN RAPTOR,64.99,,,USD,New,https://kotobukiya-us.com/products/190526008533,https://kotobukiya-us.com/cdn/shop/files/ZD109_RavenRaptor_eye.jpg?v=1735173258&width=460
zoid,model_kit,Kotobukiya USA,retailer,EZ-036 DEATH STINGER,134.99,,,USD,New,https://kotobukiya-us.com/products/190526024144,https://kotobukiya-us.com/cdn/shop/files/ZD086R_deathstinger_eye.jpg?v=1735172545&width=460
zoid,model_kit,Kotobukiya USA,retailer,LIGHTNING SAIX Irvine Special 2000 -R...,69.99,,,USD,New,https://kotobukiya-us.com/products/190526073029,https://kotobukiya-us.com/cdn/shop/files/ZD192_lightning-saix_irvine-sp_marking-plus_eye.jpg?v=1765529453&width=460
zoid,model_kit,Kotobukiya USA,retailer,ZOIDS SONIC BIRD Rathalos ver.,54.99,,,USD,New,https://kotobukiya-us.com/products/190526059863,https://kotobukiya-us.com/cdn/shop/files/939764_eye.jpg?v=1735177648&width=460
zoid,model_kit,Kotobukiya USA,retailer,AZ-03EX Murasame Liger Original Color,103.99,,,USD,New,https://kotobukiya-us.com/products/190526078567,https://kotobukiya-us.com/cdn/shop/files/GN232-AZ-03EXMurasameLigerOriginalColor_eye.jpg?v=1764816341&width=460
zoid,model_kit,Kotobukiya USA,retailer,RZ-014 GODOS MARKING PLUS Ver.,49.99,,,USD,New,https://kotobukiya-us.com/products/190526039230,https://kotobukiya-us.com/cdn/shop/files/ZD157_godosMK_eye.jpg?v=1739150303&width=460
zoid,model_kit,Kotobukiya USA,retailer,RZ-045 SALAMANDER,229.99,,,USD,New,https://kotobukiya-us.com/products/190526049758,https://kotobukiya-us.com/cdn/shop/files/ZD171_salamander_eye.jpg?v=1752726090&width=460
zoid,model_kit,Kotobukiya USA,retailer,EZ-027 REV RAPTOR,49.99,,,USD,New,https://kotobukiya-us.com/products/190526008557,https://kotobukiya-us.com/cdn/shop/files/ZD111_revraptor_eye.jpg?v=1735173380&width=460
zoid,model_kit,Kotobukiya USA,retailer,RZ-013 CANNON TORTOISE Marking Plus Ver.,47.99,,,USD,New,https://kotobukiya-us.com/products/190526066441,https://kotobukiya-us.com/cdn/shop/files/ZD189_cannontortoise_mp_eye.jpg?v=1745456859&width=460
zoid,model_kit,Kotobukiya USA,retailer,AZ-01 Blade Liger,87.99,,,USD,New,https://kotobukiya-us.com/products/190526079175,https://kotobukiya-us.com/cdn/shop/files/227540_eye.jpg?v=1768272364&width=460
zoid,model_kit,Kotobukiya USA,retailer,ZOIDS BEAST LIGER Magnamalo ver.,54.99,,,USD,New,https://kotobukiya-us.com/products/190526059856,https://kotobukiya-us.com/cdn/shop/files/939757__eye.jpg?v=1735177296&width=460
zoid,model_kit,Kotobukiya USA,retailer,RZ-028 BLADE LIGER AB,79.99,,,USD,New,https://kotobukiya-us.com/products/190526068537,https://kotobukiya-us.com/cdn/shop/files/ZD131R_bladeliger_AB_eye.jpg?v=1740470426&width=460
zoid,model_kit,Kotobukiya USA,retailer,EZ-006 MOLGA FULL OPTION SET,64.99,,,USD,New,https://kotobukiya-us.com/products/190526060357,https://kotobukiya-us.com/cdn/shop/files/ZD186_molga_fulloptionset_eye.jpg?v=1737619971&width=460
zoid,model_kit,Kotobukiya USA,retailer,RZ-013 BUSTER TORTOISE,49.99,,,USD,New,https://kotobukiya-us.com/products/190526056183,https://kotobukiya-us.com/cdn/shop/files/ZD025X_bustertortoise_eye.jpg?v=1735172496&width=460
zoid,model_kit,Kotobukiya USA,retailer,RZ-007 SHIELD LIGER MARKING PLUS Ver.,59.99,,,USD,New,https://kotobukiya-us.com/products/190526042476,https://kotobukiya-us.com/cdn/shop/files/ZD159_ShieldLiger_eye.jpg?v=1735173685&width=460
zoid,model_kit,Kotobukiya USA,retailer,RMZ-12 GUYSACK FORMER REPUBLIC Ver.,55.99,,,USD,New,https://kotobukiya-us.com/products/190526047914,https://kotobukiya-us.com/cdn/shop/files/ZD168_guysack_former_republic_Ver_eye.jpg?v=1738213815&width=460
zoid,model_kit,Kotobukiya USA,retailer,DPZ-10 DARK HORN MARKING PLUS Ver.,119.99,,,USD,New,https://kotobukiya-us.com/products/190526060432,https://kotobukiya-us.com/cdn/shop/files/ZD188_darkhorn_mpver_eye.jpg?v=1738213738&width=460
zoid,model_kit,Kotobukiya USA,retailer,AZ-16 LIGER ZERO JAGER,114.99,,,USD,New,https://kotobukiya-us.com/products/190526081796,https://kotobukiya-us.com/cdn/shop/files/073772-11-eye.jpg?v=1778479434&width=460
zoid,model_kit,Kotobukiya USA,retailer,AZ-12 Geno Breaker,159.99,,,USD,New,https://kotobukiya-us.com/products/190526074460,https://kotobukiya-us.com/cdn/shop/files/GN189_eye.jpg?v=1754299831&width=460
zoid,model_kit,Kotobukiya USA,retailer,RZ-007 SHIELD LIGER DCS-J,77.99,,,USD,New,https://kotobukiya-us.com/products/190526068490,https://kotobukiya-us.com/cdn/shop/files/ZD129R_ShieldLiger_DCSJ_eye.jpg?v=1738808283&width=460
zoid,model_kit,Kotobukiya USA,retailer,EZ-054 LIGER ZERO X,88.99,,,USD,New,https://kotobukiya-us.com/products/190526068704,https://kotobukiya-us.com/cdn/shop/files/ZD107R_ligerzeroX_eye.jpg?v=1745456407&width=460
zoid,model_kit,Kotobukiya USA,retailer,AZ-08 MOLGA,39.99,,,USD,New,https://kotobukiya-us.com/products/190526063648,https://kotobukiya-us.com/cdn/shop/files/945673_eye.jpg?v=1736235423&width=460
zoid,model_kit,Kotobukiya USA,retailer,RZ-041 LIGER ZERO Marking Plus Ver.,65.99,,,USD,New,https://kotobukiya-us.com/products/190526067264,https://kotobukiya-us.com/cdn/shop/files/ZD121R_ligerzeroMP_eye.jpg?v=1737703163&width=460
zoid,model_kit,Kotobukiya USA,retailer,AZ-06  Liger Zero Phoenix,139.99,,,USD,New,https://kotobukiya-us.com/products/190526059870,https://kotobukiya-us.com/cdn/shop/files/918844_eye.jpg?v=1735177704&width=460
zoid,model_kit,Kotobukiya USA,retailer,EZ-017 IGUAN MARKING PLUS Ver.,44.99,,,USD,New,https://kotobukiya-us.com/products/190526042445,https://kotobukiya-us.com/cdn/shop/files/ZD158_iguanMK_eye.jpg?v=1735173630&width=460
zoid,model_kit,Kotobukiya USA,retailer,RBOZ-006 DIBISON MARKING PLUS Ver.,109.99,,,USD,New,https://kotobukiya-us.com/products/190526052598,https://kotobukiya-us.com/cdn/shop/files/ZD137X_RBOZ-006_DIBISON_MARKING-PLUS_Ver_eye.jpg?v=1737703424&width=460
zoid,model_kit,Kotobukiya USA,retailer,EPZ-003 GREAT SABRE MARKING PLUS Ver.,78.99,,,USD,New,https://kotobukiya-us.com/products/190526068698,https://kotobukiya-us.com/cdn/shop/files/ZD135R_greatsabre_Mplus_eye.jpg?v=1747638080&width=460
zoid,model_kit,Kotobukiya USA,retailer,RZ-046 SHADOW FOX  MARKING PLUS Ver.,54.99,,,USD,New,https://kotobukiya-us.com/products/190526051638,https://kotobukiya-us.com/cdn/shop/files/ZD145X_ShadowFOX_Mplus_eye.jpg?v=1747638152&width=460
zoid,model_kit,Kotobukiya USA,retailer,Monster Hunter X Zoids Knuckle Kong R...,56.99,,,USD,New,https://kotobukiya-us.com/products/190526070998,https://kotobukiya-us.com/cdn/shop/files/995197_eye.jpg?v=1742886442&width=460
zoid,model_kit,Kotobukiya USA,retailer,AZ-03 MURASAME LIGER,139.99,,,USD,New,https://kotobukiya-us.com/products/190526057098,https://kotobukiya-us.com/cdn/shop/files/0511murasameeye.png?v=1735177058&width=460
zoid,model_kit,Kotobukiya USA,retailer,RZ-009 COMMAND WOLF AC & LC MARKING P...,69.99,,,USD,New,https://kotobukiya-us.com/products/190526060401,https://kotobukiya-us.com/cdn/shop/files/ZD187_commandwolf_ac_and_lc_mpver_eye.jpg?v=1738213936&width=460
zoid,model_kit,Kotobukiya USA,retailer,GREEN HORN AB,119.99,,,USD,New,https://kotobukiya-us.com/products/190526045903,https://kotobukiya-us.com/cdn/shop/files/ZD161_greenhorn_eye.jpg?v=1735173744&width=460
zoid,model_kit,Kotobukiya USA,retailer,AZ-15 PSYCHO GENO SAURER,119.99,,,USD,New,https://kotobukiya-us.com/products/190526079892,https://kotobukiya-us.com/cdn/shop/files/GN250-AZ-15PSYCHOGENOSAURER_eye.jpg?v=1770701960&width=460
zoid,model_kit,Kotobukiya USA,retailer,AZ-02EX2 Liger ZERO Empire Version,97.99,,,USD,New,https://kotobukiya-us.com/products/190526075207,https://kotobukiya-us.com/cdn/shop/files/GN195_00.jpg?v=1756947369&width=460
zoid,model_kit,Kotobukiya USA,retailer,RZ-053 KÖNIG WOLF,119.99,,,USD,New,https://kotobukiya-us.com/products/190526013209,https://kotobukiya-us.com/cdn/shop/files/ZD112_KonigWolf_eye.jpg?v=1735173447&width=460
zoid,model_kit,Kotobukiya USA,retailer,LIGER ZERO SCHNEIDER UNIT MARKING PLU...,36.99,,,USD,New,https://kotobukiya-us.com/products/190526068513,https://kotobukiya-us.com/cdn/shop/files/ZD143R_LZ_schniderunit_eye.jpg?v=1740470377&width=460
zoid,model_kit,Kotobukiya USA,retailer,IRON KONG Schwarz Special 1999 -Recolor-,159.99,,,USD,New,https://kotobukiya-us.com/products/190526074071,https://kotobukiya-us.com/cdn/shop/files/ZD195_iron-kong_ss_1999rc_eye.jpg?v=1770605151&width=460
zoid,model_kit,Kotobukiya USA,retailer,Monster Hunter X Zoids Gatling Fox Mi...,56.99,,,USD,New,https://kotobukiya-us.com/products/190526070981,https://kotobukiya-us.com/cdn/shop/files/995203_eye.jpg?v=1742886442&width=460
zoid,model_kit,Kotobukiya USA,retailer,RMZ-010 Cannoly Molga & Hell Cat Base...,56.99,,,USD,New,https://kotobukiya-us.com/products/190526073081,https://kotobukiya-us.com/cdn/shop/files/GN169_RMZ-010CannolyMolga_HellCatBaseGuards_eye.jpg?v=1748416922&width=460
zoid,model_kit,Kotobukiya USA,retailer,AZ-11 Command Wolf,78.99,,,USD,New,https://kotobukiya-us.com/products/190526071919,https://kotobukiya-us.com/cdn/shop/files/945680AZ-11-eye.jpg?v=1746680934&width=460
zoid,model_kit,Kotobukiya USA,retailer,EHI-7 REDDRA ZENEBUS EMPIRE Ver.,59.99,,,USD,New,https://kotobukiya-us.com/products/190526063662,https://kotobukiya-us.com/cdn/shop/files/ZD152X_Redler_ZenebusEmpire_eye.jpg?v=1738214006&width=460
zoid,model_kit,Kotobukiya USA,retailer,AZ-06EX Phoenix Republic Version,44.99,,,USD,New,https://kotobukiya-us.com/products/190526066991,https://kotobukiya-us.com/cdn/shop/files/959649_eye.jpg?v=1736226625&width=460
zoid,model_kit,Kotobukiya USA,retailer,Xeno Rex Test Type-01,56.99,,,USD,New,https://kotobukiya-us.com/products/190526073722,https://kotobukiya-us.com/cdn/shop/files/GN181-XenoRexTestType-01_eye.jpg?v=1751352636&width=460
zoid,model_kit,Kotobukiya USA,retailer,RMZ-020F ZABAT FULL OPTION SET,47.99,,,USD,New,https://kotobukiya-us.com/products/190526079915,https://kotobukiya-us.com/cdn/shop/files/GN252-RMZ-020FZABATFULLOPTIONSET_eye.jpg?v=1770702485&width=460
zoid,model_kit,Kotobukiya USA,retailer,RMZ-015 Saber Tiger Raven Special,47.99,,,USD,New,https://kotobukiya-us.com/products/190526076952,https://kotobukiya-us.com/cdn/shop/files/GN220-RMZ-015SaberTigerRavenSpecialeye.jpg?v=1762420269&width=460
zoid,model_kit,Kotobukiya USA,retailer,AZ-17EX ULTRA SAURUS GRAVITY CANNON,99.99,,,USD,New,https://kotobukiya-us.com/products/190526083790,https://kotobukiya-us.com/cdn/shop/files/GN329_eye.jpg?v=1783325446&width=460
zoid,model_kit,Kotobukiya USA,retailer,LIGER ZERO PANZER UNIT MARKING PLUS Ver.,38.99,,,USD,New,https://kotobukiya-us.com/products/190526068544,https://kotobukiya-us.com/cdn/shop/files/ZD144R_LZ_panzerunit_eye.jpg?v=1743066917&width=460
zoid,model_kit,Kotobukiya USA,retailer,LIGER ZERO EMPIRE Ver. X UNIT,41.99,,,USD,New,https://kotobukiya-us.com/products/190526007574,https://kotobukiya-us.com/cdn/shop/files/ZD108_LZEmpire_X_Unit_eye.jpg?v=1735172711&width=460
zoid,model_kit,Kotobukiya USA,retailer,RZ-041 LIGER ZERO SCHNEIDER Marking P...,80.99,,,USD,New,https://kotobukiya-us.com/products/190526068520,https://kotobukiya-us.com/cdn/shop/files/ZD123R_ligerzero_schneider_Mplus_eye.jpg?v=1740470321&width=460
zoid,model_kit,Kotobukiya USA,retailer,RMZ-022 MURASAME LIGER,56.99,,,USD,New,https://kotobukiya-us.com/products/190526081802,https://kotobukiya-us.com/cdn/shop/files/092575-11-eye.jpg?v=1778479042&width=460
zoid,model_kit,Kotobukiya USA,retailer,AZ-14 LIGER ZERO X,119.99,,,USD,New,https://kotobukiya-us.com/products/190526079878,https://kotobukiya-us.com/cdn/shop/files/GN248-AZ-14LIGERZEROX_eye.jpg?v=1770700724&width=460
zoid,model_kit,Kotobukiya USA,retailer,RMZ-013 Shield Liger Bang Special,54.99,,,USD,New,https://kotobukiya-us.com/products/190526074477,https://kotobukiya-us.com/cdn/shop/files/GN190_eye.jpg?v=1754455824&width=460
zoid,model_kit,Kotobukiya USA,retailer,RZ-041 LIGER ZERO JAGER Marking Plus ...,80.99,,,USD,New,https://kotobukiya-us.com/products/190526068483,https://kotobukiya-us.com/cdn/shop/files/ZD122R_ligerzero_jagerMP_eye.jpg?v=1738808215&width=460
zoid,model_kit,Kotobukiya USA,retailer,RMZ-018 TRINITY LIGER CAPTURED COLOR,47.99,,,USD,New,https://kotobukiya-us.com/products/190526079922,https://kotobukiya-us.com/cdn/shop/files/073970_eye.jpg?v=1770702630&width=460
zoid,model_kit,Kotobukiya USA,retailer,RMZ-016 Blade Liger Panther (ZBF),71.99,,,USD,New,https://kotobukiya-us.com/products/190526078543,https://kotobukiya-us.com/cdn/shop/files/GN230_eye.jpg?v=1764814963&width=460
zoid,model_kit,Kotobukiya USA,retailer,RZ-041 LIGER ZERO PANZER Marking Plus...,84.99,,,USD,New,https://kotobukiya-us.com/products/190526068681,https://kotobukiya-us.com/cdn/shop/files/ZD124R_ligerzero_panzerMP_eye.jpg?v=1743066611&width=460
zoid,model_kit,Kotobukiya USA,retailer,AZ-01EX Blade Liger Leon Toros Version,79.99,,,USD,New,https://kotobukiya-us.com/products/190526064102,https://kotobukiya-us.com/cdn/shop/files/918851_eye.jpg?v=1735178277&width=460
zoid,model_kit,Kotobukiya USA,retailer,AZ-14EX LIGER ZERO X UNIT,47.99,,,USD,New,https://kotobukiya-us.com/products/190526079885,https://kotobukiya-us.com/cdn/shop/files/GN249-AZ-14EXLIGERZEROXUNIT_eye.jpg?v=1770701208&width=460
zoid,model_kit,Kotobukiya USA,retailer,AZ-13 Canory Molga,42.99,,,USD,New,https://kotobukiya-us.com/products/190526076174,https://kotobukiya-us.com/cdn/shop/files/AZ-13PR01_80e3f3af-50b0-4472-9f8f-f9447a541ec9.jpg?v=1759827106&width=460
zoid,model_kit,Kotobukiya USA,retailer,LIGER ZERO JAGER UNIT MARKING PLUS Ver.,36.99,,,USD,New,https://kotobukiya-us.com/products/190526068506,https://kotobukiya-us.com/cdn/shop/files/ZD147R_LZ_jagerunit_eye.jpg?v=1738808359&width=460
zoid,model_kit,Kotobukiya USA,retailer,RMZ-017 COMMAND WOLF URBAN WARFARE SP...,47.99,,,USD,New,https://kotobukiya-us.com/products/190526079151,https://kotobukiya-us.com/cdn/shop/files/918776_eye.jpg?v=1768277457&width=460
zoid,model_kit,Kotobukiya USA,retailer,AM-Z01EX Berserk Fury (Elementary Body),226.99,,,USD,New,https://kotobukiya-us.com/products/190526076143,https://kotobukiya-us.com/cdn/shop/files/am-z01exPRengeye_5b61dba6-7db6-4607-b235-e875e2814c39.jpg?v=1759823033&width=460
zoid,model_kit,Kotobukiya USA,retailer,Xeno Rex Production Model-02,56.99,,,USD,New,https://kotobukiya-us.com/products/190526073739,https://kotobukiya-us.com/cdn/shop/files/GN182-XenoRexProductionModel-02_eye.jpg?v=1751353370&width=460
zoid,model_kit,Kotobukiya USA,retailer,HUNTER WOLF PATLABOR Model,39.99,,,USD,New,https://kotobukiya-us.com/products/190526074484,https://kotobukiya-us.com/cdn/shop/files/GN191_eye.jpg?v=1754370498&width=460
zoid,model_kit,Kotobukiya USA,retailer,HUNTER WOLF PATLABOR Second Model,39.99,,,USD,New,https://kotobukiya-us.com/products/190526074491,https://kotobukiya-us.com/cdn/shop/files/GN192_eye.jpg?v=1754300045&width=460
zoid,model_kit,Kotobukiya USA,retailer,RMZ-012 Hell Cat Tirol,34.99,,,USD,New,https://kotobukiya-us.com/products/190526073708,https://kotobukiya-us.com/cdn/shop/files/GN179-RMZ-012HellCatTirol_eye.jpg?v=1751346281&width=460
zoid,model_kit,Kotobukiya USA,retailer,RMZ-009 Iron Kong Guylos Color,84.99,,,USD,New,https://kotobukiya-us.com/products/190526071346,https://kotobukiya-us.com/cdn/shop/files/GN137_eye.jpg?v=1743655252&width=460
zoid,model_kit,Kotobukiya USA,retailer,RMZ-002 GENO SAURER,49.99,,,USD,New,https://kotobukiya-us.com/products/190526062405,https://kotobukiya-us.com/cdn/shop/files/939696_eye_6d23dbe1-dec0-4b14-b36b-39094a7df0ca.jpg?v=1735178090&width=460
zoid,model_kit,Kotobukiya USA,retailer,MV-01 Ao Kiriyama & Blade Liger,119.99,,,USD,New,https://kotobukiya-us.com/products/190526073715,https://kotobukiya-us.com/cdn/shop/files/GN180_ao_kiriyama_eye.webp?v=1751445495&width=460
zoid,model_kit,Kotobukiya USA,retailer,AZ-07 Death Saurer,219.99,,,USD,New,https://kotobukiya-us.com/products/190526059887,https://kotobukiya-us.com/cdn/shop/files/914877_eye.jpg?v=1735177776&width=460
zoid,model_kit,Kotobukiya USA,retailer,RMZ-008 Command Wolf Irvine Special,39.99,,,USD,New,https://kotobukiya-us.com/products/190526069435,https://kotobukiya-us.com/cdn/shop/files/GN097_RMZ008eye.jpg?v=1741760153&width=460
zoid,model_kit,Kotobukiya USA,retailer,AZ-09 Genosaurer,109.99,,,USD,New,https://kotobukiya-us.com/products/190526066588,https://kotobukiya-us.com/cdn/shop/files/935049_eye.jpg?v=1735178410&width=460
zoid,model_kit,Kotobukiya USA,retailer,L.O.Z. [LORD OF ZOATEX],80.99,,,USD,New,https://kotobukiya-us.com/products/190526033092,https://kotobukiya-us.com/cdn/shop/files/HG077_loz_eye.jpg?v=1735033198&width=460
zoid,model_kit,Kotobukiya USA,retailer,MV-01A Ao Kiriyama & BLADE LIGER DRES...,107.99,,,USD,New,https://kotobukiya-us.com/products/190526080324,https://kotobukiya-us.com/cdn/shop/files/MV-01A_ao_kiriyama_SCARLET_eye.jpg?v=1772608820&width=460
zoid,model_kit,Kotobukiya USA,retailer,RMZ-014 Red Horn Styracosaurus Type,47.99,,,USD,New,https://kotobukiya-us.com/products/190526076167,https://kotobukiya-us.com/cdn/shop/files/939740GN202eye.jpg?v=1759882479&width=460
zoid,model_kit,Kotobukiya USA,retailer,AZ-02EX3 Liger Zero Type Zero Armor,20.99,,,USD,New,https://kotobukiya-us.com/products/190526081932,https://kotobukiya-us.com/cdn/shop/files/058755-11-eye_e21b7c11-b087-4d51-871c-945585d670ca.jpg?v=1778478853&width=460
