category,product_type,site,site_type,ships_from,title,price,shipping,pickup,currency,condition,url,image_url
gundam,model_kit,eBay,marketplace,us,Bandai Hobby Gundam Stardust Memory HGUC F2 Zaku II EFSF HG 1/144 Model Kit USA,26.95,0.0,False,USD,New,https://www.ebay.com/itm/147542598235?_skw=gundam&hash=item225a39625b:g:iu4AAeSwRS5qn~GB,https://i.ebayimg.com/images/g/iu4AAeSwRS5qn~GB/s-l225.jpg
gundam,model_kit,eBay,marketplace,us,Bandai Gundam MS-09 DOM Master Grade 1/100 MG Unopened Trees,30.0,,False,USD,New,https://www.ebay.com/itm/188892064012?_skw=gundam&hash=item2bfad8290c:g:Zs0AAeSwc8FqnMWm,https://i.ebayimg.com/images/g/Zs0AAeSwc8FqnMWm/s-l225.jpg
gundam,model_kit,eBay,marketplace,us,Bandai Hobby HGAC XXXG-01D2 Gundam Deathscythe Hell HG 1/144 Scale Model Kit,22.95,0.0,False,USD,New,https://www.ebay.com/itm/137549270934?_skw=gundam&hash=item2006934f96:g:ciYAAeSwrKVqoAMG,https://i.ebayimg.com/images/g/ciYAAeSwrKVqoAMG/s-l225.jpg
gundam,cards,eBay,marketplace,us,2026 Gundam Card Game Storage Box Resource Card Set EVX07 English,139.99,,False,USD,New/Factory Sealed,https://www.ebay.com/itm/178468121128?_skw=gundam&hash=item298d876a28:g:ilMAAeSwDahqn0R8,https://i.ebayimg.com/images/g/ilMAAeSwDahqn0R8/s-l225.jpg
gundam,cards,eBay,marketplace,international,Presale Gundam Card Game ~ EX Base EXBP-033 Char & MSN-02 Zeong Promo Card 9/26,34.99,0.0,False,USD,Ungraded,https://www.ebay.com/itm/407149107183?_skw=gundam&hash=item5ecbfa57ef:g:8s0AAeSwvLhqgd4s,https://i.ebayimg.com/images/g/8s0AAeSwvLhqgd4s/s-l225.jpg
gundam,cards,eBay,marketplace,us,GUNDAM TCG FREEDOM ASCENSION GD05 BOOSTER BOX Factory Sealed 24 Packs English,209.95,0.0,False,USD,New/Factory Sealed,https://www.ebay.com/itm/158249625513?_skw=gundam&hash=item24d869a7a9:g:v38AAeSweu9qfdB7,https://i.ebayimg.com/images/g/v38AAeSweu9qfdB7/s-l225.jpg
gundam,cards,eBay,marketplace,international,Gundam Card Game ~ EX Base EXBP-032 Amuro & Gundam Promo Card,16.49,0.0,False,USD,Ungraded,https://www.ebay.com/itm/820057878700?_skw=gundam&hash=itembeef4230ac:g:LfwAAeSw6RlqkW42,https://i.ebayimg.com/images/g/LfwAAeSw6RlqkW42/s-l225.jpg
gundam,cards,eBay,marketplace,us,100 MIXED Gundam TCG Cards Bulk Lot- C/U/R holos/LR from GD02/GD03/GD04/GD05,15.0,2.99,False,USD,New,https://www.ebay.com/itm/318805143762?_skw=gundam&hash=item4a3a4470d2:g:tkQAAeSwzf9qlaGe,https://i.ebayimg.com/images/g/tkQAAeSwzf9qlaGe/s-l225.jpg
gundam,model_kit,eBay,marketplace,international,PSL Bandai EXCEED MODEL TRINITY RX-78-2 Gundam Complete Set Capsule Toys Gashapo,69.99,16.99,False,USD,New,https://www.ebay.com/itm/327336657352?_skw=gundam&hash=item4c36c901c8:g:4WoAAeSwJm1qlsea,https://i.ebayimg.com/images/g/4WoAAeSwJm1qlsea/s-l225.jpg
gundam,model_kit,eBay,marketplace,us,Bandai HGGT Zaku II + Big Gun Set (Gundam Thunderbolt Ver.) 1/144 Model Kit - US,61.95,0.0,False,USD,New,https://www.ebay.com/itm/177850491020?_skw=gundam&hash=item2968b7208c:g:-iAAAeSwcPZpisYb,https://i.ebayimg.com/images/g/-iAAAeSwcPZpisYb/s-l225.jpg
gundam,cards,eBay,marketplace,international,Gundam Card Game EX base Amuro & Gundam EXBP-032 Gundam Ace Promo Japanese,15.99,0.0,False,USD,Ungraded,https://www.ebay.com/itm/168648612863?_skw=gundam&hash=item27443d9bff:g:J9EAAeSwskFqkFny,https://i.ebayimg.com/images/g/J9EAAeSwskFqkFny/s-l225.jpg
gundam,cards,eBay,marketplace,international,Domon Kasshu R GD05-097 Promo V Jump Toyotaro  Gundam Card Game Japanese,7.13,0.0,False,USD,Ungraded,https://www.ebay.com/itm/366623364101?_skw=gundam&hash=item555c749405:g:uIwAAeSwS8tqiqax,https://i.ebayimg.com/images/g/uIwAAeSwS8tqiqax/s-l225.jpg
gundam,cards,eBay,marketplace,us,BASAKOYAMA Gundam Card Game Gundam DX GD04-049 LR+ Foil Unit Card,13.0,,False,USD,Ungraded,https://www.ebay.com/itm/137704387580?_skw=gundam&hash=item200fd233fc:g:VA0AAeSw3EVqnNgY,https://i.ebayimg.com/images/g/VA0AAeSw3EVqnNgY/s-l225.jpg
gundam,other,eBay,marketplace,us,EXPO2025 SIDE MS RX-78F00/E GUNDAM THE ROBOT SPIRITS GUNDAM PAVILION Bandai Toy,64.99,0.0,False,USD,New,https://www.ebay.com/itm/397270978390?_skw=gundam&hash=item5c7f320f56:g:pQAAAeSwOx9pGKzH&amdata=enc%3AAQALAAAA4ACCtXRWQnOEpyOqnQQ8KGbGb7WY%2FWNkx1bGDbartzSG6pbnh%2FHGeO2%2FARnIgXnbkFOhBO8Hu3E4XMsfyxyDH11kfjpVZc%2BDPy7OS2rtwWQr%2F%2BF7NI6zr8onnvbmkHmJwNnwusfiwxEUYiDM5AUwbA7DCpn2AIHs%2FUwZjxr--G5IztO01z5QaSSl%2BPwo2Cx6nTKavkmWStcjBZW2E%2FlqrYk6j2OW4%2BE9WMj1nF8E0jfu%2FMDPC5DD07oBUD739cq0347pvzWvfAkrEc7pirGtQrh%2FQ3JlaqQOcviMr3rrVYXQ,https://i.ebayimg.com/images/g/pQAAAeSwOx9pGKzH/s-l225.jpg
gundam,other,eBay,marketplace,international,Bandai PG UNLEASHED RX-93 Nu Gundam Model Genuine Replacement Parts,88.0,9.99,False,USD,New,https://www.ebay.com/itm/407051228833?_skw=gundam&hash=item5ec624d6a1:g:SOUAAeSwRUJphsRp&amdata=enc%3AAQALAAAA4ACCtXRWQnOEpyOqnQQ8KGb0FWK3ntK1zdfBuiMWweKLg1%2FQ3FGbz8xWDUifHQ75D5wK%2B%2Bwl7GCJ%2FQ4aul4ULsKfc0Bzi2hyKmroXbWXar5x0vlWAQoQG%2F4teoiaNp%2B8UW5zFUwHNy6dWQUVZC5sXbdqvUID%2BwFyItP9WnedrBKeXEk5MA6U%2FTfX2sqbkbqqWVs4j%2B9zbRdLjIeN5GeCNzm7gnwAQvjY7PyNsf%2BqzrT9e8kiUuqDF7KNeWBsAo8%2FoeBwOl7ETgDjffu7sCtA9qjSGo8K8Z1YsTKx1vwb%2FdQQ,https://i.ebayimg.com/images/g/SOUAAeSwRUJphsRp/s-l225.jpg
gundam,model_kit,eBay,marketplace,us,BAN2091785 Bandai Gundam: High Grade: Universal Century: 1/144: Loto Twin Set,30.81,0.0,False,USD,New,https://www.ebay.com/itm/168641564452?_skw=gundam&hash=item2743d20f24:g:4dQAAeSwbr9qj0UY&amdata=enc%3AAQALAAAA4ACCtXRWQnOEpyOqnQQ8KGaSP0Bhsmpgd9WqbJgrA5E%2BWkvofaESc4bqWO1gveyDcZuWF0aMf%2BBdPRwhFK5DPHdN5sjingLklFo7jFXnxrbn0732mW23LPAWZk9Z%2BbYQj5iG5GwJtEQRDiGJpy%2FPZPpgul5I4cgi4GRUQbEiyXpVuX0v4ysLgj%2F2VX7kW0TAGD501zzOMkfUIBXbeRv7ey7ie5ElTxdBBOWwZK2lMpAGoMvuHW4mPvUiR7ZYPxg6KfinbvppIWUXlzFIP0uV3%2BtSDi2wiqD58AVWsjeC85l%2F,https://i.ebayimg.com/images/g/4dQAAeSwbr9qj0UY/s-l225.jpg
gundam,model_kit,eBay,marketplace,us,Bandai HG 1/144 Ξ XI Gundam (The Sorcery Of Nymph Circe),84.99,6.99,False,USD,New,https://www.ebay.com/itm/198454183668?_skw=gundam&hash=item2e34ca86f4:g:068AAeSwnCNqOjin,https://i.ebayimg.com/images/g/068AAeSwnCNqOjin/s-l225.jpg
gundam,cards,eBay,marketplace,us,Bandai Gundam TCG EVX09 GD05 Special Booster Bundle 01 English Deck Box Ex Base,274.99,,True,USD,New/Factory Sealed,https://www.ebay.com/itm/257730307157?_skw=gundam&hash=item3c01ec6455:g:x2IAAeSw72hqnMBc,https://i.ebayimg.com/images/g/x2IAAeSw72hqnMBc/s-l225.jpg
gundam,model_kit,eBay,marketplace,us,"#6 Z'Gok Mobile Suit Gundam, Bandai Hobby HGUC 1/144",12.0,0.0,False,USD,New,https://www.ebay.com/itm/178251688855?_skw=gundam&hash=item2980a0eb97:g:eFEAAeSwBsFqO~It,https://i.ebayimg.com/images/g/eFEAAeSwBsFqO~It/s-l225.jpg
gundam,model_kit,eBay,marketplace,us,Bandai Gundam Stardust Memory MS-06F-2 Zaku II F2 Zeon HG 1/144 Model Kit USA,34.95,0.0,False,USD,New,https://www.ebay.com/itm/137689626979?_skw=gundam&hash=item200ef0f963:g:ORoAAeSwqn9qmy3V,https://i.ebayimg.com/images/g/ORoAAeSwqn9qmy3V/s-l225.jpg
gundam,cards,eBay,marketplace,us,Gundam Card Game Storage Box & Resource Card Set EVX07 English,150.0,,False,USD,New/Factory Sealed,https://www.ebay.com/itm/206539755515?_skw=gundam&hash=item3016ba8ffb:g:cdAAAeSwJaxqnYH~,https://i.ebayimg.com/images/g/cdAAAeSwJaxqnYH~/s-l225.jpg
gundam,cards,eBay,marketplace,us,Sealed Freedom Ascension Deck Build Box SC01 Gundam Card Game,64.0,0.0,False,USD,New/Factory Sealed,https://www.ebay.com/itm/158253966790?_skw=gundam&hash=item24d8abe5c6:g:UBUAAeSwE~FqmZwI,https://i.ebayimg.com/images/g/UBUAAeSwE~FqmZwI/s-l225.jpg
gundam,cards,eBay,marketplace,us,Gundam ENGLISH GD04 Phantom Aria Booster Box SEALED,129.49,0.0,False,USD,New/Factory Sealed,https://www.ebay.com/itm/178463353121?_skw=gundam&hash=item298d3ea921:g:1qIAAeSw61RqmOvb,https://i.ebayimg.com/images/g/1qIAAeSw61RqmOvb/s-l225.jpg
gundam,cards,eBay,marketplace,international,GCG Gundam Card Game EXBP-032 Amuro Ray and First Gundam Japanese,15.88,1.5,False,USD,Ungraded,https://www.ebay.com/itm/267774703208?_skw=gundam&hash=item3e589db668:g:ySIAAeSw4C1qmPNJ,https://i.ebayimg.com/images/g/ySIAAeSw4C1qmPNJ/s-l225.jpg
gundam,cards,eBay,marketplace,international,Domon Kasshu R GD05-097 Promo V Jump Freedom Ascension Gundam Card Game Japanese,6.99,0.0,False,USD,Ungraded,https://www.ebay.com/itm/398310756292?_skw=gundam&hash=item5cbd2bcfc4:g:u0kAAeSwpEtqiA6V,https://i.ebayimg.com/images/g/u0kAAeSwpEtqiA6V/s-l225.jpg
gundam,cards,eBay,marketplace,us,Gundam TCG Starter Deck Set [ST01 -  ST08] - Bricks Only,75.0,0.0,False,USD,New,https://www.ebay.com/itm/206536212328?_skw=gundam&hash=item3016847f68:g:MBwAAeSwcXFqmxxO,https://i.ebayimg.com/images/g/MBwAAeSwcXFqmxxO/s-l225.jpg
gundam,model_kit,eBay,marketplace,us,Bandai Hobby Gundam MSN-04 Sazabi Version Ver. Ka MG 1/100 Model Kit USA Seller,115.0,0.0,False,USD,New,https://www.ebay.com/itm/147493295013?_skw=gundam&hash=item22574913a5:g:kgwAAeSwk2Fqn~JK,https://i.ebayimg.com/images/g/kgwAAeSwk2Fqn~JK/s-l225.jpg
gundam,model_kit,eBay,marketplace,us,Bandai Full Armor Gundam (Gundam Thunderbolt Ver.) HG GT 1/144 Model Kit - US,42.95,0.0,False,USD,New,https://www.ebay.com/itm/177755063204?_skw=gundam&hash=item29630703a4:g:PIoAAeSwWXhpXy0Y,https://i.ebayimg.com/images/g/PIoAAeSwWXhpXy0Y/s-l225.jpg
gundam,cards,eBay,marketplace,international,Gundam Card Game TCG - Kampfer LR++ GD03-017 - English Version,721.8,,False,USD,Ungraded,https://www.ebay.com/itm/158270614586?_skw=gundam&hash=item24d9a9ec3a:g:JWUAAeSwa5Vqn9kz&amdata=enc%3AAQALAAAA8ACCtXRWQnOEpyOqnQQ8KGZhw61ZnL%2BMOZeK022Az8mH%2B6wsd3I6YurudqGLzP4Kakry7LKFpkcns2rZvOJlN41PrQtESEjOayt%2BzsChvubM%2FwHx96PlLVRjTNEseaBHwJ51Kg%2FhzsuAL6V4ie%2F63MNmxQuN9rKJwnQ7AhP1%2BOcF9RtLt8Hd6uBlriuFxeyGVyueS6PCHc1NDXmPNzGMWkD7X37cdW6HaLTyaFQo9DnzzFO4sdw9QqyBXHdXDUprIXGd%2FO%2BErh7VN0LOEYzMlcqD42wBaPqY0PTUItOAFTPvIfZf%2FgupUq%2BlTWqVuzJv%2Fw%3D%3D,https://i.ebayimg.com/images/g/JWUAAeSwa5Vqn9kz/s-l225.jpg
gundam,cards,eBay,marketplace,us,US STOCK GUNDAM CARD GAME 2026 Chinese New Year Red Pocket Promo SEALED EXRP-014,24.99,0.0,False,USD,New,https://www.ebay.com/itm/206099667027?_skw=gundam&hash=item2ffc7f5853:g:xEoAAeSwdAxpoiCP&amdata=enc%3AAQALAAAA4ACCtXRWQnOEpyOqnQQ8KGZy5mx79cG%2FxgduiaBqaIS%2Bsm5%2FoossTWTzvMJxad9y%2BRMxFYeu5Wc562HruJYQ%2Btw3yMfiPUrYvRu8TIotRMsLMfE%2FFmLNp4lE1BsnvEGSYdr480WWyfnUCIyda8%2F631BBfV5V%2FVLee6h%2BZEtytIejaAGU80gPd79XIR1yPd3q84H1RI94KOyMp9NJdJBOVQzdlgv3adNJT0VT%2Fx2g8S7ZlLf0c8VkMXT6DCNYwPfOFnizQiOKs1UgmdY1KEUkHpDNYnRDnMKKejetq1cuzKb%2B,https://i.ebayimg.com/images/g/xEoAAeSwdAxpoiCP/s-l225.jpg
gundam,model_kit,eBay,marketplace,us,Bandai Hobby SEED Gundam Astray Gold Frame Amatsu Mina RG 1/144 Model Kit USA,40.95,0.0,False,USD,New,https://www.ebay.com/itm/147360893081?_skw=gundam&hash=item224f64c899:g:NzgAAeSwa1Bql1mZ,https://i.ebayimg.com/images/g/NzgAAeSwa1Bql1mZ/s-l225.jpg
gundam,model_kit,eBay,marketplace,us,Gundam Barbatos Gundam IBO Bandai Hobby MG 1/100 Scale Model Kit,61.0,0.0,False,USD,New,https://www.ebay.com/itm/128058882003?_skw=gundam&hash=item1dd0e777d3:g:Ag4AAeSwXSZqmQMr,https://i.ebayimg.com/images/g/Ag4AAeSwXSZqmQMr/s-l225.jpg
gundam,other,eBay,marketplace,international,UNICORN GUNDAM FIX FIGURATION METAL Composite Store LIMITED EDITION JAPAN Ver.,235.0,32.1,False,USD,New,https://www.ebay.com/itm/820084709809?_skw=gundam&hash=itembef0db99b1:g:Ri4AAeSwTU5p-0n8,https://i.ebayimg.com/images/g/Ri4AAeSwTU5p-0n8/s-l225.jpg
gundam,model_kit,eBay,marketplace,us,"#269 Gouf Ignited (Heine Westenfluss Custom) Mobile Suit Gundam SEED DESTINY, B",34.0,0.0,False,USD,New,https://www.ebay.com/itm/178251688941?_skw=gundam&hash=item2980a0ebed:g:AqQAAeSwiRFqO~Gn,https://i.ebayimg.com/images/g/AqQAAeSwiRFqO~Gn/s-l225.jpg
gundam,model_kit,eBay,marketplace,us,Bandai MG Mobile Suit RX-93 Nu Gundam Ver.Ka Unassembled Model Kit Figure,69.99,5.82,False,USD,New,https://www.ebay.com/itm/227499789446?_skw=gundam&hash=item34f80b4c86:g:r3AAAeSwsDVqlfRY,https://i.ebayimg.com/images/g/r3AAAeSwsDVqlfRY/s-l225.jpg
gundam,other,eBay,marketplace,us,Bandai SIDE MS Robot Spirits Gundam The Witch from Mercury Aerial ver. ANIME Act,49.95,0.0,False,USD,New,https://www.ebay.com/itm/137663941036?_skw=gundam&hash=item200d6909ac:g:vVYAAeSwguZqnfbL&amdata=enc%3AAQALAAAA4ACCtXRWQnOEpyOqnQQ8KGaZzetnPbmPuFRwwOUHGHJfnNAdqkyVewSG4JoUUA%2BUF92iy42q2XuceVYxZWPbJbq5hSPQPWXPetmmC4n5TzTrZhVNAnaaAoykAsDd4fyMmTUBFedHz2whVSzMQWZhma1qLdA%2FpEW%2Boc3n7icGdktclU3qZrNK7%2FqS5ExzxFnfYJYpHf1NTinhzopV16TXq49nYXjjiIjdarOc4R1Eb%2F4b0jD2%2By4BFY6HC57PkdL5BCqt2UuHwngyU3lAxj26I%2FWPYNEH%2FlaUjY0bVp5wQOQ%2B,https://i.ebayimg.com/images/g/vVYAAeSwguZqnfbL/s-l225.jpg
gundam,model_kit,eBay,marketplace,us,Gundam: Requiem for Vengeance Gundam EX High Grade 1:144 Scale Model Kit,28.51,5.0,False,USD,New,https://www.ebay.com/itm/226658223339?_skw=gundam&hash=item34c5e204eb:g:NV0AAOSwa09n3biD&amdata=enc%3AAQALAAAA4ACCtXRWQnOEpyOqnQQ8KGb%2FGKpBqIWXNvhN7EE%2BuCHlbhOtCXBhuuyykejX2Norh1lEdATtt3AFz7lAPc4D9VAgqkWFl3nT%2FNl7mTIRjYHYArbFmTEG1bxDFKsmh1iA096%2FInylXq36mqDvc%2Fh7NzBt4ueIUTR81VXjTBBvYvcmr4FJ4eq6GFb5NYl5EMFuo4aFsS8eM0sxmZyFpOO1MzhSFVFDjUmc9aT7e0SrEVpIYGWzc%2F1VQR2bP4Z7La07imWRFL3kYFESoo4XsqkpLE6oC6m8dbnrLXuV694y03mi,https://i.ebayimg.com/images/g/NV0AAOSwa09n3biD/s-l225.jpg
gundam,model_kit,eBay,marketplace,us,Bandai Hobby Gundam 00 #22 00 Gundam HG 1/144 Model Kit USA Seller,19.95,0.0,False,USD,New,https://www.ebay.com/itm/147282473094?_skw=gundam&hash=item224ab83086:g:f04AAeSw2HNqnpzW,https://i.ebayimg.com/images/g/f04AAeSw2HNqnpzW/s-l225.jpg
gundam,model_kit,eBay,marketplace,us,Bandai HGGBM 10 Gundam 00 Command Qan[T] (Desert Type) 1/144 Model Kit - US,28.95,0.0,False,USD,New,https://www.ebay.com/itm/187761652122?_skw=gundam&hash=item2bb777719a:g:ZH4AAeSwh5ZpH-F1,https://i.ebayimg.com/images/g/ZH4AAeSwh5ZpH-F1/s-l225.jpg
gundam,model_kit,eBay,marketplace,us,"Gundam UC #30 Full Armor Gundam Unicorn, Bandai RG 1/144 [New Toy] Figure, Col",52.08,0.0,False,USD,New,https://www.ebay.com/itm/198324342618?_skw=gundam&hash=item2e2d0d4f5a:g:jAMAAeSwm6Zp9UfI,https://i.ebayimg.com/images/g/jAMAAeSwm6Zp9UfI/s-l225.jpg
gundam,model_kit,eBay,marketplace,us,Bandai Hobby RB-79 Ball Gundam MS 08th Team MG 1/100 Model Kit USA Seller,36.95,0.0,False,USD,New,https://www.ebay.com/itm/147491802099?_skw=gundam&hash=item2257324bf3:g:xm8AAeSw8qdqn3lH,https://i.ebayimg.com/images/g/xm8AAeSw8qdqn3lH/s-l225.jpg
gundam,model_kit,eBay,marketplace,us,"#17 Gundam Lfrith Ur The Witch from Mercury, Bandai Hobby HG 1/144",25.0,0.0,False,USD,New,https://www.ebay.com/itm/178251688899?_skw=gundam&hash=item2980a0ebc3:g:gw8AAeSw9XlqO~In,https://i.ebayimg.com/images/g/gw8AAeSw9XlqO~In/s-l225.jpg
gundam,model_kit,eBay,marketplace,us,BAN2156349 Bandai MG Gundam AGE-2 Normal 'Gundam AGE',35.99,0.0,False,USD,New,https://www.ebay.com/itm/117307586146?_skw=gundam&hash=item1b5013b662:g:M0MAAeSw-1dqWmU0,https://i.ebayimg.com/images/g/M0MAAeSw-1dqWmU0/s-l225.jpg
gundam,cards,eBay,marketplace,us,"Domon Kasshu, Mobile Fighter G - GD05-097 Promo, Gundam TCG card (2026 Japan)",14.99,0.8,False,USD,Ungraded,https://www.ebay.com/itm/168646956563?_skw=gundam&hash=item2744245613:g:V18AAeSwsx9qkiCJ,https://i.ebayimg.com/images/g/V18AAeSwsx9qkiCJ/s-l225.jpg
gundam,cards,eBay,marketplace,international,2026 GUNDAM GCG Dice Storage Multi‑Function Card Box (Box Only) EVX09-SCY02 New,92.79,5.89,False,USD,New/Factory Sealed,https://www.ebay.com/itm/188884996122?_skw=gundam&hash=item2bfa6c501a:g:tyIAAeSwxqFqmsqo&amdata=enc%3AAQALAAAA4ACCtXRWQnOEpyOqnQQ8KGZgm41kkKsb0cSfymzKOjiNl0DXgztOCOiw8DJMtnWTpHgt5h5a6bbF3uEkMl4th%2B4lktadOxwuXy3mCtGDmFQelhEQuhJGO2mvztqC5WAOfjNUM2voaYe%2BZcHP6BmP6Tv%2F0Z1pYqg3DI247avm7%2FWJBqL6rYvVozNcDqXBP5Pj7njdMZ3wuaMHGuDNUR4r%2FJV0yAKUg%2BHrIT%2B9d5g9fRzN0pu8vD86PvoAbsDh41WW9cStzE90gM6KxFlHbAfThBfDret0UOpWBvgBCEdRimxW,https://i.ebayimg.com/images/g/tyIAAeSwxqFqmsqo/s-l225.jpg
gundam,model_kit,eBay,marketplace,us,GTO 015 Char's Custom Red Zaku I HG 1/144 MS-05 Model Kit Action Figure,21.9,0.0,False,USD,New,https://www.ebay.com/itm/318564670125?_skw=gundam&hash=item4a2bef1aad:g:DhgAAeSwVAxqUA8W&amdata=enc%3AAQALAAAA4ACCtXRWQnOEpyOqnQQ8KGZQ%2FBannj3Eb4uzZW8OikgInLP6%2FRrt%2FzSwIWOVLaDN91pRfOnoHoAkNQWtrkpelIA9u%2FfW8J6B5NjyMasaJcMHx8xkatIs7GVm1ib3sqhP3%2BBHzWSbBkNJlY1SrRHbk2%2FuBdH5A3B217UO9XZFPSU6wC4QByrEXJPkr4lmeG%2FcuDmfVww1mzTTCcattlQYIWurF5wYCjDC%2Fxsj6OyCfMoJPs282VV%2F%2BPjfnzRlvLIp1TY8xN455hCUt1CQtvZinrrVDW5NOH4JhJvd7LOm8lTm,https://i.ebayimg.com/images/g/DhgAAeSwVAxqUA8W/s-l225.jpg
gundam,model_kit,eBay,marketplace,international,BANDAI Gundam Base Limited RG Unicorn Gundam Perfectibility 1/144 NEW Limited,124.88,0.0,False,USD,New,https://www.ebay.com/itm/394375787907?_skw=gundam&hash=item5bd2a0f583:g:B-sAAOSwB-toLXVA&amdata=enc%3AAQALAAAA4ACCtXRWQnOEpyOqnQQ8KGauZmDx7vDzDpy50XVYorz8nT9EN%2FXLWV3p03woM4oS1lamZMBy5Q4rZfYBtT%2FbxPHO9QxHb%2BagVJaxiLjTQ1cUTmPTWy8xFpEXGAyPn7k%2Fbz7OugM%2B%2BgFsX8i8rkcwpkm9B6CxyHqG42RDqovOGgC6zvulRcPZhrx9JaLzlg1LBYAyzHlW1reFs9Ih050quoy1Llup77pVuMnlEM44anT9izv1ICBrT4otcAlGkD05SK46VyIHhrWX%2FSXJnltbTnAb6U%2BECorncHZun72aOsSc,https://i.ebayimg.com/images/g/B-sAAOSwB-toLXVA/s-l225.jpg
gundam,model_kit,eBay,marketplace,international,HG 1/144 Nobell Gundam Model Kit GF13-050NSW Bandai Gunpla Figure Toy,56.88,2.99,False,USD,New,https://www.ebay.com/itm/127907163811?_skw=gundam&hash=item1dc7dc6ea3:g:epQAAeSwCYVqJFmx&amdata=enc%3AAQALAAAA4ACCtXRWQnOEpyOqnQQ8KGZoyWxF1i8BeRih1TPMiNi4aNtMM%2BKToOFOjiys%2F0%2FMvijLH%2FYxqijFpEjALnoo%2Bi0C5ZS%2FnU0x3mEonFWq%2BpL4pgDJi5tk9RS3o4%2B5j%2BmdlH9qtrfKB1eZDooTl6nkVqEooZMDBoI66MnVSTyhGAFOBmUpdjIQt037fl%2FG5deNljcDCyKwwuX6DNmF765mybYzHrJ3LtM26AHCoMs%2FdquqOVjTgT3DWjGKx9LRyEpB%2B5M%2BmDjvn53uvgVTlJ1WQYpmTe%2FRNzymfEEo38TZAoak,https://i.ebayimg.com/images/g/epQAAeSwCYVqJFmx/s-l225.jpg
gundam,model_kit,eBay,marketplace,us,GTO 015 Char's Custom Red Zaku I HG 1/144 MS-05 Model Kit Action Figure,21.9,0.0,False,USD,New,https://www.ebay.com/itm/318564670125?_skw=gundam&hash=item4a2bef1aad:g:DhgAAeSwVAxqUA8W&amdata=enc%3AAQALAAAA4ACCtXRWQnOEpyOqnQQ8KGZQ%2FBannj3Eb4uzZW8OikgInLP6%2FRrt%2FzSwIWOVLaDN91pRfOnoHoAkNQWtrkpelIA9u%2FfW8J6B5NjyMasaJcMHx8xkatIs7GVm1ib3sqhP3%2BBHzWSbBkNJlY1SrRHbk28ecv32pZ%2B5fK%2FMJsGLcDwvHWlLYeCEgvK84E4KJzTTOqCqTBLclf6N3jLBV1MLJ9ODdgCeBpCW9JF7DTgs0oUAUNd73RqtT1yn6waN2F2n7ygJ%2F84oIjoIP0%2FEmkhK3xso4x2dcPvXnRkSCIYcM%2B9Z,https://i.ebayimg.com/images/g/DhgAAeSwVAxqUA8W/s-l225.jpg
gundam,model_kit,eBay,marketplace,us,"#70 MS-14S Char's Gelgoog Mobile Suit Gundam, Bandai Hobby HGUC",20.0,0.0,False,USD,New,https://www.ebay.com/itm/188555189100?_skw=gundam&hash=item2be6c3db6c:g:FTQAAeSwKXpqO~GC,https://i.ebayimg.com/images/g/FTQAAeSwKXpqO~GC/s-l225.jpg
gundam,model_kit,eBay,marketplace,us,"#06 Hyakuren Gundam IBO, Bandai Hobby HG IBO 1/144",15.0,0.0,False,USD,New,https://www.ebay.com/itm/187876405734?_skw=gundam&hash=item2bbe4e71e6:g:QcAAAeSwqV1qO~Fb,https://i.ebayimg.com/images/g/QcAAAeSwqV1qO~Fb/s-l225.jpg
gundam,model_kit,eBay,marketplace,us,"#19 Char's Z'Gok Mobile Suit Gundam, Bandai Hobby HGUC 1/144",12.0,0.0,False,USD,New,https://www.ebay.com/itm/178251688883?_skw=gundam&hash=item2980a0ebb3:g:dFMAAeSwlmBqO~Ii,https://i.ebayimg.com/images/g/dFMAAeSwlmBqO~Ii/s-l225.jpg
gundam,cards,eBay,marketplace,international,GUNDAM CARD GAME Official Playmat & Card Set - Mobile Suit Gundam 00 New,78.8,0.0,False,USD,New,https://www.ebay.com/itm/398357201333?_skw=gundam&hash=item5cbff081b5:g:GSEAAeSwNoNqmkC2,https://i.ebayimg.com/images/g/GSEAAeSwNoNqmkC2/s-l225.jpg
gundam,model_kit,eBay,marketplace,us,Comic Con San Diego 2026 GUNDAM Rouge Orbit Promo Card,55.0,,False,USD,New,https://www.ebay.com/itm/257647705585?_skw=gundam&hash=item3bfcfffdf1:g:TFcAAeSwY89qaP-A,https://i.ebayimg.com/images/g/TFcAAeSwY89qaP-A/s-l225.jpg
gundam,model_kit,eBay,marketplace,us,Bandai Action Base #5 Clear (For 1/144 & 1/100 Gundam) Model Kit Bandai Hobby,9.0,0.0,False,USD,New,https://www.ebay.com/itm/185845582834?_skw=gundam&hash=item2b45428bf2:g:qnsAAeSw10tqO~Eq,https://i.ebayimg.com/images/g/qnsAAeSw10tqO~Eq/s-l225.jpg
gundam,model_kit,eBay,marketplace,us,HG Mobile Suit Gundam SEED DESTINY Destroy Gundam 1/144 scale,60.0,,False,USD,Used,https://www.ebay.com/itm/257725774706?_skw=gundam&hash=item3c01a73b72:g:Aj4AAeSwHUpqnGvx,https://i.ebayimg.com/images/g/Aj4AAeSwHUpqnGvx/s-l225.jpg
gundam,cards,eBay,marketplace,us,Wing Gundam Zero (EW) GD05-067 LR Freedom Ascension Gundam Card Game NM Holo,3.49,0.0,False,USD,Ungraded,https://www.ebay.com/itm/318827403366?_skw=gundam&hash=item4a3b981866:g:ynUAAeSw2HNqm2wu,https://i.ebayimg.com/images/g/ynUAAeSw2HNqm2wu/s-l225.jpg
gundam,model_kit,eBay,marketplace,us,"#7 Union Flag Graham Custom Gundam 00, Bandai Hobby HG 00",16.0,0.0,False,USD,New,https://www.ebay.com/itm/188555189087?_skw=gundam&hash=item2be6c3db5f:g:YBkAAeSwA8BqO~IZ,https://i.ebayimg.com/images/g/YBkAAeSwA8BqO~IZ/s-l225.jpg
gundam,model_kit,eBay,marketplace,international,Bandai MG 1/100 PLAN303E Deep Striker Gundam Sentinel Model Kit NEW Japan,320.0,0.0,False,USD,New,https://www.ebay.com/itm/406994296811?_skw=gundam&hash=item5ec2c01feb:g:t9QAAeSwYelqVdQf&amdata=enc%3AAQALAAAA4ACCtXRWQnOEpyOqnQQ8KGaE9a8hQW8HAByQ3fd%2FkeFMxb1excA2S09%2F6YNIq73NXkb4LhWLqXG3PfgRR1IWx2NsKiqDSCSN4Pd9N9jvUttfrb0DmbAhraYy4uaqW4nbnFH7aP%2BrKMS3gMuDCYr4jtq%2FXk1by0buduccis17H0vleQScVLUO%2FEsJ9wbReO0jcJkCtqK%2BYv4XTU9QAQrawXukpc5xJ%2B4Oyxqq1bTfLotM8sqKdubAmzqKvxxiywkkYxBrP%2BpTVf%2Fc6lCcxcC8wDWHrfrRE%2BCOZ2119BgHzE%2FF,https://i.ebayimg.com/images/g/t9QAAeSwYelqVdQf/s-l225.jpg
gundam,other,eBay,marketplace,us,"RX-78-2 Gundam,RX-0 Unicorn Gundam,Zaku II (MS-06), Gundam SEED,Astray Red Frame",12.99,0.0,False,USD,New with tags,https://www.ebay.com/itm/137498691992?_skw=gundam&hash=item20038f8998:g:bg4AAeSwrBNqT6cs&amdata=enc%3AAQALAAAA4ACCtXRWQnOEpyOqnQQ8KGaUvaHCMsvaanA65FS925YJ7NmJZ2fuyZpmCKNbUd1RA8NhL7qcSxW%2Bc4vgLBAIHpPL%2B%2F3W8j%2BnZGsrRvGVYHiacY5lCBoBDu%2BQUAN9TbndwFopMyjOAsPCOy2USvE%2B0w1JciHQPndPgCesVNg6Gl31HRBFGT4P0QV3uoaAJG00Pst6jyRLcw7%2BXgxQ%2BbPL%2BfTdEcZmDHPWNUjb7DTMMgZa5FbUan2N2I%2BPs%2B4dQqPhv5vBAaRX1m6HQwLFwnwZ%2BzEfSVLWumf5F1xhYMmKkMm7,https://i.ebayimg.com/images/g/bg4AAeSwrBNqT6cs/s-l225.jpg
gundam,model_kit,eBay,marketplace,us,Bandai Hobby IBO Iron-Blooded Orphans Gundam Gusion HG 1/144 Model Kit USA,34.95,0.0,False,USD,New,https://www.ebay.com/itm/147473998860?_skw=gundam&hash=item225622a40c:g:HygAAeSwuxVqm75V&amdata=enc%3AAQALAAAA4ACCtXRWQnOEpyOqnQQ8KGbonf%2BaeVv5BwlwUT%2FHhyUsfqFkLROXlpP2N%2FLdExZ7%2BM%2FiCOjqqNxrnjugL0ecW8cc5T7CDOICk%2B%2F%2BTY%2B0%2B%2Fbkx0nKRb7qkilHiFS8mmMPL28OHVuJ2uXlal837gKlmqCy0sU3663uHyfnTaRWotgx8nYIJMZTyRXQEY8Yi89UHAnzlRfkJ%2FxSjy7pmyxr%2Bn3UpQELrpqEt7Fm%2BoW6TxnjeLEATqH5uZ%2FnaQmbAmZYsG%2FOe%2Bw6BIwLG2dcOJovh%2BHwjhoUcgQiDGwK41xHnAHr,https://i.ebayimg.com/images/g/HygAAeSwuxVqm75V/s-l225.jpg
gundam,model_kit,eBay,marketplace,us,MG 1/100 Dom (New Ver.) Mobile Suit Gundam Model Kit Bandai Hobby,44.99,0.0,False,USD,New,https://www.ebay.com/itm/287484536105?_skw=gundam&hash=item42ef69e529:g:KJEAAeSwxMpqZYx~,https://i.ebayimg.com/images/g/KJEAAeSwxMpqZYx~/s-l225.jpg
gundam,model_kit,eBay,marketplace,international,PSL EXCEED MODEL TRINITY RX-78-2 Gundam Complete Set Capsule Toys BANDAI,98.0,20.0,False,USD,New,https://www.ebay.com/itm/377464255907?_skw=gundam&hash=item57e29f75a3:g:fUAAAeSwo5Fql7TG,https://i.ebayimg.com/images/g/fUAAAeSwo5Fql7TG/s-l225.jpg
gundam,model_kit,eBay,marketplace,us,"#89 MS-18E Kampfer Gundam 0080, Bandai Hobby HGUC",26.0,0.0,False,USD,New,https://www.ebay.com/itm/177706640897?_skw=gundam&hash=item2960242601:g:UxgAAeSwQERqO~Is,https://i.ebayimg.com/images/g/UxgAAeSwQERqO~Is/s-l225.jpg
gundam,model_kit,eBay,marketplace,international,RG 1/144 RX-78-2 Gundam RG 1/144 MS-06S Zaku II Hatsune Miku Ver. Set of 2,170.0,0.0,False,USD,New,https://www.ebay.com/itm/227364928600?_skw=gundam&hash=item34f0017c58:g:V70AAeSwrWBqGwuX,https://i.ebayimg.com/images/g/V70AAeSwrWBqGwuX/s-l225.jpg
gundam,model_kit,eBay,marketplace,us,#19 Gundam Astray Red Frame Gundam SEED Astray Bandai Hobby RG 1/144 Model Kit,34.0,0.0,False,USD,New,https://www.ebay.com/itm/128058920032?_skw=gundam&hash=item1dd0e80c60:g:qKAAAeSwzMRqmQse,https://i.ebayimg.com/images/g/qKAAAeSwzMRqmQse/s-l225.jpg
gundam,model_kit,eBay,marketplace,us,Bandai Hobby The Witch From Mercury Gundam Aerial HG 1/144 Scale Model Kit,20.95,0.0,False,USD,New,https://www.ebay.com/itm/147106937892?_skw=gundam&hash=item224041bc24:g:goEAAeSwcJ1qnpza,https://i.ebayimg.com/images/g/goEAAeSwcJ1qnpza/s-l225.jpg
gundam,model_kit,eBay,marketplace,us,"MOBILE FIGHTER G-GUNDAM: DVD COMPLETE SERIES, Episode 1-49- English Dub",44.99,0.0,False,USD,Like New,https://www.ebay.com/itm/128067828569?_skw=gundam&hash=item1dd16ffb59:g:RHoAAeSwySZpZcnY,https://i.ebayimg.com/images/g/RHoAAeSwySZpZcnY/s-l225.jpg
gundam,cards,eBay,marketplace,us,Freedom Ascension Booster Box GD05 Gundam Card Game SEALED ENGLISH,203.99,0.0,False,USD,New/Factory Sealed,https://www.ebay.com/itm/287532832036?_skw=gundam&hash=item42f24ad524:g:6f8AAeSw0zlqhJF6,https://i.ebayimg.com/images/g/6f8AAeSw0zlqhJF6/s-l225.jpg
gundam,cards,eBay,marketplace,us,Gundam Card Game GD03 Steel Requiem Fatal Strike SP ST05-014 PSA 10 Gem Mint,279.99,7.5,False,USD,Graded,https://www.ebay.com/itm/407201651236?_skw=gundam&hash=item5ecf1c1a24:g:v9cAAeSwXfNqn~pX,https://i.ebayimg.com/images/g/v9cAAeSwXfNqn~pX/s-l225.jpg
gundam,model_kit,eBay,marketplace,us,Bandai Hobby HGAC XXXG-01H2 Gundam Heavyarms Custom HG 1/144 Scale Model Kit,28.95,0.0,False,USD,New,https://www.ebay.com/itm/147292243486?_skw=gundam&hash=item224b4d461e:g:g4cAAeSw5fpqn~I1,https://i.ebayimg.com/images/g/g4cAAeSw5fpqn~I1/s-l225.jpg
gundam,model_kit,eBay,marketplace,us,"#02 Graze Standard/Commander Type Gundam IBO, Bandai Hobby HG IBO",15.0,0.0,False,USD,New,https://www.ebay.com/itm/177706640948?_skw=gundam&hash=item2960242634:g:VSwAAeSwFONqO~Fr,https://i.ebayimg.com/images/g/VSwAAeSwFONqO~Fr/s-l225.jpg
gundam,model_kit,eBay,marketplace,us,BANDAI HG Mobile Suit 1/144 RX-78-2 Gundam REVIVE Ver. HGUC 196716 US Seller USA,19.95,0.0,False,USD,New,https://www.ebay.com/itm/137589264838?_skw=gundam&hash=item2008f591c6:g:8kwAAeSwaH5qnxhU,https://i.ebayimg.com/images/g/8kwAAeSwaH5qnxhU/s-l225.jpg
gundam,model_kit,eBay,marketplace,us,NG 1/100 Super G M-134R Resin Gatling for Gundam Models -No Box,18.0,8.5,False,USD,New,https://www.ebay.com/itm/327343171986?_skw=gundam&hash=item4c372c6992:g:6C4AAeSwmGZqR8sr&amdata=enc%3AAQALAAAA4ACCtXRWQnOEpyOqnQQ8KGZCiDW%2FjDPkOMzQP7KQ8r9HRzU3Zw%2FdyhPWEQ%2FHEAI2nQD4%2B6FB%2FTLNHZ5e9w%2BdP%2FAQ1MHlCGo2C2PeuOLgClqcoxgCeimZWftzphQkb8aaQS4NjWsdcnv2k8d4I7wLyuUncG759epoNOH7F%2Bh4W%2B11cjhWGX7lDrA%2FDktbAIdUXsv%2FaXDD%2F8HjJV3trKnbI9GgeKRxkzInPEQDqdxHMH9zQgqrA2BxNY3nyGMl8XCYNaQ0JVEbyr%2FeBkrTP8wNit42VX7YJUdHuE83MLXxfF9l,https://i.ebayimg.com/images/g/6C4AAeSwmGZqR8sr/s-l225.jpg
gundam,model_kit,eBay,marketplace,international,Gundam Base Fukuoka Limited RG 1/144 RX-93ff ν Gundam plastic model Kit Japan,70.34,0.0,False,USD,New,https://www.ebay.com/itm/394085206840?_skw=gundam&hash=item5bc14f0b38:g:2iQAAOSw8GRnLO16&amdata=enc%3AAQALAAAA4ACCtXRWQnOEpyOqnQQ8KGa7rev9ImdrhoMgk11pd51NBGLmoSWuy4UAT%2BvguKIwkaMz5KNYaL%2FWdpql9cxqxT9wHBY1I5%2FqODyJW9Bb2b31G2a6efjSr8RF7%2BGm4Vj36e8m7qjvjGPK04OXONuxuz7fNxLi16bOcLQQL%2BiJw6ywMnaRa4P4V5THoRkcM2VkCKXwCcu5k3ENh6pqF04sBdiBvs3v2M1%2FzyuqExXdaG1MBuCYWY1DPjVWdG5Eu3AUx4kKIHhPOFyJRm8nO4PzC1itF0ehr1TeP0YAyZKWPrbP,https://i.ebayimg.com/images/g/2iQAAOSw8GRnLO16/s-l225.jpg
gundam,model_kit,eBay,marketplace,us,Bandai Gundam AGE-1 Titus MG 1/100 Scale Model Kit USA Seller,46.95,0.0,False,USD,New,https://www.ebay.com/itm/137050616399?_skw=gundam&hash=item1fe8da724f:g:xSQAAeSwvAxqn1~t,https://i.ebayimg.com/images/g/xSQAAeSwvAxqn1~t/s-l225.jpg
gundam,model_kit,eBay,marketplace,international,Gundam RX-78-2 ENTRY GRADE 1/144 Ukiyo-e Package Ver. Bandai Japan Limited New,32.88,12.9,False,USD,New,https://www.ebay.com/itm/800589730344?_skw=gundam&hash=itemba66ddd228:g:jkEAAeSw0BpqlRbM,https://i.ebayimg.com/images/g/jkEAAeSw0BpqlRbM/s-l225.jpg
gundam,other,eBay,marketplace,us,HG 1/144 Gundam Model Kit Parts #02 - Replacement Spare Kitbashing - USA Seller,10.3,,True,USD,New,https://www.ebay.com/itm/117251015640?_skw=gundam&hash=item1b4cb483d8:g:-ekAAeSw1VdqnLmL,https://i.ebayimg.com/images/g/-ekAAeSw1VdqnLmL/s-l225.jpg
gundam,model_kit,eBay,marketplace,us,Bandai Gundam Stardust Memory HGUC MS-06F Zaku II FZ HG 1/144 Model Kit USA,40.0,0.0,False,USD,New,https://www.ebay.com/itm/137620839610?_skw=gundam&hash=item200ad75cba:g:w58AAeSw3ZFqml2h,https://i.ebayimg.com/images/g/w58AAeSw3ZFqml2h/s-l225.jpg
gundam,cards,eBay,marketplace,international,Presale Gundam Card Game ~ EX Base EXBP-033 Char & MSN-02 Zeong Promo Card 9/26,35.0,0.0,False,USD,Ungraded,https://www.ebay.com/itm/398279625437?_skw=gundam&hash=item5cbb50cadd:g:XVoAAeSwUZFqfSlz,https://i.ebayimg.com/images/g/XVoAAeSwUZFqfSlz/s-l225.jpg
gundam,model_kit,eBay,marketplace,us,Bandai Hobby Gundam Age-2 Dark Hound MG 1/100 Model Kit USA Seller,57.95,0.0,False,USD,New,https://www.ebay.com/itm/147517879141?_skw=gundam&hash=item2258c03365:g:PyIAAeSwB1dqoAFE,https://i.ebayimg.com/images/g/PyIAAeSwB1dqoAFE/s-l225.jpg
gundam,model_kit,eBay,marketplace,us,MOBILE SUIT GUNDAM SEED DESTINY 50 Episodes TV Complete Series  DVD English,37.99,8.5,False,USD,New,https://www.ebay.com/itm/323719114492?_skw=gundam&hash=item4b5f29aefc:g:pu0AAOSw0Khce434&amdata=enc%3AAQALAAAA4ACCtXRWQnOEpyOqnQQ8KGZW6v%2B1qUBuyfhNI2P3KMK6tQ%2BAIC7iRJFYVH%2FS6pzQyV5DeFXasVHOpVYxmbhRz%2Fklujq1l%2BtNxWkzsuxgYhfd3vV1G8WrdJ5%2BfrYsf47rVYU%2FWySW0ILAohVbOyPfOGCoIKXpKivhDFTaHbPH9HteFt6np6Ko5r3WVyFepRc8X%2FtAom0wuMKuSx8BytuBf0jffh4wyynl8gdfwmA3VBSiv7Iqkg1627%2BOp1BnQJukMBMMF8wHyHFaaEwbKz1s5Ecep%2BwbvLI%2Fy%2BUKamGPupEJ,https://i.ebayimg.com/images/g/pu0AAOSw0Khce434/s-l225.jpg
gundam,model_kit,eBay,marketplace,us,Bandai Gundam Char's Counterattack RGM-89 Jegan MG 1/100 Model Kit USA Seller,67.95,0.0,False,USD,New,https://www.ebay.com/itm/137564608237?_skw=gundam&hash=item20077d56ed:g:NjYAAeSw3lJqn-wV&amdata=enc%3AAQALAAAA4ACCtXRWQnOEpyOqnQQ8KGZtvC0TgDAGPOizrtueDS1X4jymwYoymDEbfRRUrJYzeL3jXoZlirEBrzCpTKcL5BwX8jjBAFiClR4sek3CsTZZ1%2FjS%2Fa%2BNyjBLitm%2BVAh3ZJCckycuqONXqxELp2qSb4QZB53DyZUWpEKb4aAoSqLAdgYRJsBVfTK%2FV%2BwGkKsWJ8ZAialUFdNFQZi6ZILsv7rSKTL76O4XEuyRs2DhCQzwvciVkrJ3dQkk6l0gcHsY7ItED%2FeJY9ZTcIUIHemXQK6KrId7swTSf899GcwZYXMi,https://i.ebayimg.com/images/g/NjYAAeSw3lJqn-wV/s-l225.jpg
gundam,model_kit,eBay,marketplace,us,"#26 Gundam Calibarn The Witch from Mercury, Bandai Hobby HG 1/144",24.0,0.0,False,USD,New,https://www.ebay.com/itm/188555189079?_skw=gundam&hash=item2be6c3db57:g:ag4AAeSwtcVqO~G8,https://i.ebayimg.com/images/g/ag4AAeSwtcVqO~G8/s-l225.jpg
gundam,cards,eBay,marketplace,us,Gundam Freedom Ascension GD05 BULK Complete Set,25.0,,False,USD,Used,https://www.ebay.com/itm/168649610346?_skw=gundam&hash=item27444cd46a:g:tCgAAeSwieZqk7T4,https://i.ebayimg.com/images/g/tCgAAeSwieZqk7T4/s-l225.jpg
gundam,model_kit,eBay,marketplace,us,"#78 MSN-04 Acguy Mobile Suit Gundam, Bandai Hobby HGUC",20.0,0.0,False,USD,New,https://www.ebay.com/itm/187571438544?_skw=gundam&hash=item2bac2103d0:g:g84AAeSwbyJqO~FA,https://i.ebayimg.com/images/g/g84AAeSwbyJqO~FA/s-l225.jpg
gundam,model_kit,eBay,marketplace,us,Tallgeese EW Gundam Wing Endless Waltz Bandai Hobby MG 1/100,49.98,0.0,False,USD,New,https://www.ebay.com/itm/128011807911?_skw=gundam&hash=item1dce192ca7:g:sTsAAeSwPFVqcv8g,https://i.ebayimg.com/images/g/sTsAAeSwPFVqcv8g/s-l225.jpg
gundam,cards,eBay,marketplace,international,Gundam Card Game Domon Kasshu GD05-097 V Jump Promo Toyotaro Japanese,6.98,0.0,False,USD,Ungraded,https://www.ebay.com/itm/168629344756?_skw=gundam&hash=item27431799f4:g:6QcAAeSwyIRqh7Uh,https://i.ebayimg.com/images/g/6QcAAeSwyIRqh7Uh/s-l225.jpg
gundam,model_kit,eBay,marketplace,us,Bandai Hobby Gundam SEED Destiny MGSD Destiny Gundam Model Kit USA Seller,54.95,0.0,False,USD,New,https://www.ebay.com/itm/147440972946?_skw=gundam&hash=item22542ab492:g:~WgAAeSwmElqnpyf,https://i.ebayimg.com/images/g/~WgAAeSwmElqnpyf/s-l225.jpg
gundam,cards,eBay,marketplace,us,Gundam Phantom Aria GD01-002 Unicorn Gundam Destroy Mode SP LR+,100.0,,False,USD,Ungraded,https://www.ebay.com/itm/336784886933?_skw=gundam&hash=item4e69f18c95:g:JAEAAeSwSUlqnSue,https://i.ebayimg.com/images/g/JAEAAeSwSUlqnSue/s-l225.jpg
gundam,model_kit,eBay,marketplace,us,Bandai Hobby GX-9901-DX Gundam Double X MG 1/100 Model Kit USA Seller,63.78,0.0,False,USD,New,https://www.ebay.com/itm/147489337398?_skw=gundam&hash=item22570cb036:g:l1AAAeSwNOpqnu4h,https://i.ebayimg.com/images/g/l1AAAeSwNOpqnu4h/s-l225.jpg
gundam,model_kit,eBay,marketplace,us,for PG 1/60 RX-78-2 2.0 Unleashed PGU Detail up Add-on Parts Photo-Etched Sheet,34.18,0.0,False,USD,New,https://www.ebay.com/itm/355387858592?_skw=gundam&hash=item52bec45ea0:g:~2QAAOSw57tlp-Qo&amdata=enc%3AAQALAAAA4ACCtXRWQnOEpyOqnQQ8KGaqyLB6%2ByQmNelUvzbER%2FIN%2F3a7sTGAXw8rlhZxMxoOjrWc1TcVAH3I0TTmcYYiUFAiz3MiACHjwr1Dyxy663%2BuZ%2BpUmjIvcBLrKQHE2Dj9bYYfPdCmd41NrTRY4XQeOliFb1wtx7xRLSRLUJcNjGC6n8VF9zim4R91w6xo%2FFqilaOpwdtlEnJtMY1nSavUpTzIOnHAa2wvPDRFIn1TCWrkP2z2MLuz2TshPK7EoQUeRvrkD7Ay5%2FglTGMFEd10%2BcujdHtg782bYDk5wZnIZXk6,https://i.ebayimg.com/images/g/~2QAAOSw57tlp-Qo/s-l225.jpg
gundam,cards,eBay,marketplace,international,GUNDAM CARD GAME Freedom Ascension GD05 Sealed BOX in Japanese NEW,91.99,8.0,False,USD,New/Factory Sealed,https://www.ebay.com/itm/800539085961?_skw=gundam&hash=itemba63d90c89:g:QxgAAeSwEQFqljSw&amdata=enc%3AAQALAAAA4ACCtXRWQnOEpyOqnQQ8KGYmUhEQIkhppopihDdQsuPS4ylFQ3MxSz3QS14Z5L3EZf66XktKsv3%2BimXuaPEVeSlOTsHa%2FjVF4yD%2Fs5HZh8WVZmgim5KCPAZLrQIZZUVYwp1qLB5PeHdlQxyS%2FLlF8CCLrXPI9O6E8FqZYWSkFlnPDqJnacmurBb6gjagiHm8mauOYzlahSACwO84xaWjs9G1Awl%2BP4e%2BmwxF1vw3FfAtM05lj1iUKrbFpuvUKy7JlBBQh%2FbwJkgnNU93g0sb38tvFL6Wb468DImr3I9AJWVk,https://i.ebayimg.com/images/g/QxgAAeSwEQFqljSw/s-l225.jpg
gundam,model_kit,eBay,marketplace,us,Bandai Gundam Char's Counterattack RGM-89 Jegan MG 1/100 Model Kit USA Seller,67.95,0.0,False,USD,New,https://www.ebay.com/itm/137564608237?_skw=gundam&hash=item20077d56ed:g:NjYAAeSw3lJqn-wV&amdata=enc%3AAQALAAAA4ACCtXRWQnOEpyOqnQQ8KGZtvC0TgDAGPOizrtueDS1X4jymwYoymDEbfRRUrJYzeL3jXoZlirEBrzCpTKcL5BwX8jjBAFiClR4sek3CsTZZ1%2FjS%2Fa%2BNyjBLitm%2BVAh3ZJCckycuqONXqxELp2qSb4Rh9dfVXnEkq684xa3UAmP%2B9x5BURZuTgFnMx302NM94dZqBMMDkDmMQXryv9SKYb%2BBccccBgJ%2BzQQu%2FDMfGEHzATb4PGDlQTl2mYg2vAaVGTotLf2OK6XrUmCJhnTSiQSeVvkJqVMrQzCciUyMm1EU,https://i.ebayimg.com/images/g/NjYAAeSw3lJqn-wV/s-l225.jpg
gundam,model_kit,eBay,marketplace,us,for PG 1/60 RX-78-2 2.0 Unleashed PGU Detail up Add-on Parts Photo-Etched Sheet,34.18,0.0,False,USD,New,https://www.ebay.com/itm/355387858592?_skw=gundam&hash=item52bec45ea0:g:~2QAAOSw57tlp-Qo&amdata=enc%3AAQALAAAA4ACCtXRWQnOEpyOqnQQ8KGaqyLB6%2ByQmNelUvzbER%2FIN%2F3a7sTGAXw8rlhZxMxoOjrWc1TcVAH3I0TTmcYYiUFAiz3MiACHjwr1Dyxy663%2BuZ%2BpUmjIvcBLrKQHE2Dj9bYYfPdCmd41NrTRY4XQeOli8SHVJfufyGbOI0Al11cZt%2F5I3gDC3R1ps1PsAZPrbctIlzQOoCK7%2FfocZSFR4luiSgNaCjMassrwHZZgafnrlnSfLelXA8b%2BN5z%2F16IMlSbQHYosH3F1XUM8eIknGoei2J%2BI9I3Iq5FC319JS3BGc,https://i.ebayimg.com/images/g/~2QAAOSw57tlp-Qo/s-l225.jpg
gundam,cards,eBay,marketplace,international,GUNDAM CARD GAME Freedom Ascension GD05 Sealed BOX in Japanese NEW,91.99,8.0,False,USD,New/Factory Sealed,https://www.ebay.com/itm/800539085961?_skw=gundam&hash=itemba63d90c89:g:QxgAAeSwEQFqljSw&amdata=enc%3AAQALAAAA4ACCtXRWQnOEpyOqnQQ8KGYmUhEQIkhppopihDdQsuPS4ylFQ3MxSz3QS14Z5L3EZf66XktKsv3%2BimXuaPEVeSlOTsHa%2FjVF4yD%2Fs5HZh8WVZmgim5KCPAZLrQIZZUVYwp1qLB5PeHdlQxyS%2FLlF8CBVcpcqDYYglsTal3fjayoUaLclI9H5VPeIMR%2Bq8sajUt7QKc88Ik%2BORFYVhircvUZAQM3QbtEsVnuI6TUXaL%2F62dvRxXok3dFWdedWTBQoh16bDIL8YJMw5ST6H6bZJhyyeNb5YA%2FXQlpyUE4jVDrS,https://i.ebayimg.com/images/g/QxgAAeSwEQFqljSw/s-l225.jpg
gundam,model_kit,eBay,marketplace,us,Bandai Hobby GX-9901-DX Gundam Double X MG 1/100 Model Kit USA Seller,63.78,0.0,False,USD,New,https://www.ebay.com/itm/147489337398?_skw=gundam&hash=item22570cb036:g:l1AAAeSwNOpqnu4h,https://i.ebayimg.com/images/g/l1AAAeSwNOpqnu4h/s-l225.jpg
gundam,model_kit,eBay,marketplace,us,Bandai Spirits RX-78-2 Gundam 1/144 Scale Entry Grade Figure Model Kit USA,14.49,0.0,False,USD,New,https://www.ebay.com/itm/147337299266?_skw=gundam&hash=item224dfcc542:g:sMMAAeSwCx5qn~Nw,https://i.ebayimg.com/images/g/sMMAAeSwCx5qn~Nw/s-l225.jpg
gundam,model_kit,eBay,marketplace,us,BANDAI HG 08th MS Team 1/144 RX-79 [G] Ez-8 Gundam Ez8 HGUC 181589 US Seller USA,29.59,0.0,False,USD,New,https://www.ebay.com/itm/147336520723?_skw=gundam&hash=item224df0e413:g:~dsAAeSwBSVqn-dB,https://i.ebayimg.com/images/g/~dsAAeSwBSVqn-dB/s-l225.jpg
gundam,model_kit,eBay,marketplace,us,"RX-78-2 Gundam Ver. 2.0 ""Mobile Suit Gundam"", Bandai Hobby RG 1/144 Model Kit",41.0,0.0,False,USD,New,https://www.ebay.com/itm/127876713191?_skw=gundam&hash=item1dc60bcae7:g:4~4AAeSwBP5p0D~u,https://i.ebayimg.com/images/g/4~4AAeSwBP5p0D~u/s-l225.jpg
gundam,cards,eBay,marketplace,international,Gundam Card Game ~ EX Base EXBP-032 Amuro & Gundam Promo Card,22.99,0.0,False,USD,Ungraded,https://www.ebay.com/itm/128045446639?_skw=gundam&hash=item1dd01a75ef:g:KHsAAeSwWihqjsbs,https://i.ebayimg.com/images/g/KHsAAeSwWihqjsbs/s-l225.jpg
gundam,model_kit,eBay,marketplace,us,HGUC 1/144 RX-121-1 Hazel Custom TR-1 Gunpla Model Kit Action Figure Toy,26.99,0.0,False,USD,New,https://www.ebay.com/itm/318564588495?_skw=gundam&hash=item4a2beddbcf:g:wCQAAeSwjtdqUAqE,https://i.ebayimg.com/images/g/wCQAAeSwjtdqUAqE/s-l225.jpg
gundam,model_kit,eBay,marketplace,us,"Bandai 1/144 HGBC #33 Galaxy Booster ""Gundam Build Fighters"" Plastic Model Kit",4.9,2.99,False,USD,New,https://www.ebay.com/itm/404882778564?_skw=gundam&hash=item5e44e4e9c4:g:qd8AAeSwH1RprdZt,https://i.ebayimg.com/images/g/qd8AAeSwH1RprdZt/s-l225.jpg
gundam,model_kit,eBay,marketplace,international,Mc Donald's X Bandai 1/144 EG Gunpla RX-78-2 Gundam Big Mac Mobile Suit Gundam,65.0,0.0,False,USD,New,https://www.ebay.com/itm/307157936409?_skw=gundam&hash=item47840a2919:g:T0YAAeSw-95ql4SW,https://i.ebayimg.com/images/g/T0YAAeSw-95ql4SW/s-l225.jpg
gundam,model_kit,eBay,marketplace,us,P Bandai Perfect Grade Unicorn Gundam 02 Banshee Norn Final Battle Ver Model Kit,220.0,,False,USD,New,https://www.ebay.com/itm/820100599535?_skw=gundam&hash=itembef1ce0eef:g:AyIAAeSwRR1qn2pH&amdata=enc%3AAQALAAAA4ACCtXRWQnOEpyOqnQQ8KGbb%2FqmiSXuDuqnw0OChu1t4xZQwXtZM7t7ChM6lM4XrE5Z97zUeenlGGhlcnp8CSNpamP8wWjaqVzw1dewxGDuyci3v2Y4tKE3m4YFWdKOPRJNhjIIZWc6EM797mZhxY4t6dIrRSGBcklsrim%2B41bERcqY94W%2FnQje3WuuJ1Slz1p5taZsC9NHXfy%2FQi%2FCJa387s8Voq4BHxcPOjfPy8Q4C%2FDn55aZy1OzqOkjJ30yHradjqRIQc8Mf7qsd4UJXRllLQzl7qLAt9MDuRKiyBSrP,https://i.ebayimg.com/images/g/AyIAAeSwRR1qn2pH/s-l225.jpg
gundam,cards,eBay,marketplace,us,Gundam 2025 Gundam Card Game GD01 Sayla Mass #087 Rare+ Foil EN PSA 10,489.75,0.0,False,USD,Graded,https://www.ebay.com/itm/298651771790?_skw=gundam&hash=item458908638e:g:8SIAAeSwweRqnfHq&amdata=enc%3AAQALAAAA8ACCtXRWQnOEpyOqnQQ8KGZJO3HfnvEAZwHk4zovTFNyuMRWUpzriZzvqj0B5Q%2BYc1SEh6OeD9dKrs3VCzR3Q20henFepg6Rsrok7SPKpdIAcxzwpJhHObh3Gf5KddiqbUMjLFuaeGbOVGv18586KBXHmjZexSeQO0ctbMzoYSi1RM80RPuQFLUJljjgW3NXV8LkpvXhB%2F9qbfeqGjyg8uEsnTlHiJkAI6Z1JsJoIgkoyd6beSJ%2FZRyu2RH8V4Wqii%2BmVnCUzgCVJGtBWvhjucKa7C75mTBZVZcgFFvFtEjx0McGJP4uA%2Bk2bQQd8qfpLw%3D%3D,https://i.ebayimg.com/images/g/8SIAAeSwweRqnfHq/s-l225.jpg
gundam,other,eBay,marketplace,us,50pc Gundam Sticker Pack,8.99,0.0,False,USD,New,https://www.ebay.com/itm/167510521601?_skw=gundam&hash=item270067b701:g:rfAAAOSwtrFoIsJx&amdata=enc%3AAQALAAAA4ACCtXRWQnOEpyOqnQQ8KGYZ0wuohWmgtQeDeZGMKW5ueUHSktdzJZ7hs3%2BV3w%2Fgszh8IkUgSn1GjrZZsndgJDAEQYOR7eoXZxY6Ty%2B4G7XCDWyjUTtiFfL06t5h9EO6%2FSeuLmgbOMj19R9IJl3%2BNr85fHPL6MAlVtZiWutkoauPH%2FrZjrJqZvHLnZ5Y5SFm22FHXvdbffACY952HbmrUZu7SFJFb8OLJPqjVidodae3Z9glCTPhLuiu05%2BgNSoBV%2FKHw8T1MoTopmnUrVbx6aEiCrbJiXZCHjDstHtyzpCI,https://i.ebayimg.com/images/g/rfAAAOSwtrFoIsJx/s-l225.jpg
gundam,model_kit,eBay,marketplace,us,Bandai HG Strike Noir Gundam,19.99,6.99,False,USD,New,https://www.ebay.com/itm/198512677862?_skw=gundam&hash=item2e384713e6:g:vOAAAeSwAzZqW~Cz,https://i.ebayimg.com/images/g/vOAAAeSwAzZqW~Cz/s-l225.jpg
gundam,cards,eBay,marketplace,us,BANDAI Gundam Card Game Official Card Case Set 02 Char Aznable In US!!!,33.99,0.0,False,USD,New,https://www.ebay.com/itm/398289946703?_skw=gundam&hash=item5cbbee484f:g:ObUAAeSwls1qeSqr,https://i.ebayimg.com/images/g/ObUAAeSwls1qeSqr/s-l225.jpg
gundam,model_kit,eBay,marketplace,us,Bandai Hobby HGAC XXXG-01S2 Altron Gundam HG 1/144 Scale Model Kit,28.95,0.0,False,USD,New,https://www.ebay.com/itm/137637807278?_skw=gundam&hash=item200bda44ae:g:hK0AAeSwRS5qoAUv,https://i.ebayimg.com/images/g/hK0AAeSwRS5qoAUv/s-l225.jpg
gundam,cards,eBay,marketplace,us,Nu Gundam GD05-017 LR Legendary Rare Gundam Freedom Ascension,2.5,,False,USD,Ungraded,https://www.ebay.com/itm/377481246211?_skw=gundam&hash=item57e3a2b603:g:b4UAAeSwa5VqoAVN,https://i.ebayimg.com/images/g/b4UAAeSwa5VqoAVN/s-l225.jpg
gundam,model_kit,eBay,marketplace,us,BANDAI MOBILE SUIT ENSEMBLE  (#090 Gundam Zeta Plus A1) Gashapon Minifigures ,20.0,6.0,False,USD,New,https://www.ebay.com/itm/267771739673?_skw=gundam&hash=item3e58707e19:g:EYoAAeSw2o5qlOhu,https://i.ebayimg.com/images/g/EYoAAeSw2o5qlOhu/s-l225.jpg
gundam,model_kit,eBay,marketplace,us,Bandai Hobby Gundam HGUC #91 Geara Doga HG 1/144 Model Kit USA Seller,30.95,0.0,False,USD,New,https://www.ebay.com/itm/137408205241?_skw=gundam&hash=item1ffe2ad1b9:g:ykAAAeSw9Zdqnf8~,https://i.ebayimg.com/images/g/ykAAAeSw9Zdqnf8~/s-l225.jpg
gundam,model_kit,eBay,marketplace,us,Bandai Hobby Gundam Deathscythe Hell Ver. EW MG 1/100 Model Kit USA Seller,71.99,0.0,False,USD,New,https://www.ebay.com/itm/137221686801?_skw=gundam&hash=item1ff30cc611:g:moEAAeSwHkNqn~Jk,https://i.ebayimg.com/images/g/moEAAeSwHkNqn~Jk/s-l225.jpg
gundam,cards,eBay,marketplace,international,Gundam Card Game GD05-097 Domon Kasshu Promo X 4 Illustration by Toyotar Japan,24.91,4.0,False,USD,Ungraded,https://www.ebay.com/itm/407160149071?_skw=gundam&hash=item5ecca2d44f:g:fR4AAeSwv9Nqh981,https://i.ebayimg.com/images/g/fR4AAeSwv9Nqh981/s-l225.jpg
gundam,model_kit,eBay,marketplace,us,Bandai RG #40 RX-78-2 Gundam Ver 2.0 1/144 Scale Model Kit,42.95,0.0,False,USD,New,https://www.ebay.com/itm/147367496564?_skw=gundam&hash=item224fc98b74:g:5rQAAeSwIf5qn~r4,https://i.ebayimg.com/images/g/5rQAAeSwIf5qn~r4/s-l225.jpg
gundam,model_kit,eBay,marketplace,us,Gundam Assemble Set PC01A Iron-Blooded Orphans Gunpla Only (Model Kit),30.0,0.0,False,USD,New,https://www.ebay.com/itm/366620931967?_skw=gundam&hash=item555c4f777f:g:LtkAAeSwSUNqiIf6,https://i.ebayimg.com/images/g/LtkAAeSwSUNqiIf6/s-l225.jpg
gundam,model_kit,eBay,marketplace,us,"Gundam Barbatos Lupus ""Mobile Suit  Gundam: Iron-Blooded Orphans"" MG 1/100",84.0,0.0,False,USD,New,https://www.ebay.com/itm/127882151655?_skw=gundam&hash=item1dc65ec6e7:g:SKEAAeSwjapqEqQW,https://i.ebayimg.com/images/g/SKEAAeSwjapqEqQW/s-l225.jpg
gundam,model_kit,eBay,marketplace,us,Premium Bandai MG 1/100 GUNDAM HEAVYARMS CUSTOM EW US Seller New,110.0,10.0,False,USD,New,https://www.ebay.com/itm/278216199531?_skw=gundam&hash=item40c6fa4d6b:g:G9EAAeSwObdqZFgb,https://i.ebayimg.com/images/g/G9EAAeSwObdqZFgb/s-l225.jpg
gundam,model_kit,eBay,marketplace,international,Mobile Suit Ensemble 23 Bandai Gundam Capsule Assembly Model Kits Collectible,10.99,10.99,False,USD,New,https://www.ebay.com/itm/398289082425?_skw=gundam&hash=item5cbbe11839:g:oGUAAeSwjSBqgDmZ&amdata=enc%3AAQALAAAA4ACCtXRWQnOEpyOqnQQ8KGZlq2aJ5I652QYwTr1hYkrrSPGgTjsXL5%2BCh5B%2BSIC543zXt8kDTcrWrAFn8SyffNR%2BTmpvsrR7%2BuKWjAp%2Fq8NgOIfJX97i3jWPRkB3I0U0JjbBHXcIMTjszpgTnIclUgp%2FUL78fIY%2B5G1DRVhvV9cwqbb4n4cz7%2BnyrPUtseDg%2BQYcqtCa%2B48BUhTE39WtJVQB3Wz5uM9ddELabkUDwZ%2Fhn1fvifQ17EFhN6vDMb5PEg0b8mUuqz%2FPmj3IIORPkAKALU9%2F2d77ypuixjf0kznH,https://i.ebayimg.com/images/g/oGUAAeSwjSBqgDmZ/s-l225.jpg
gundam,cards,eBay,marketplace,international,Gundam Card Game Official Card Sleeves Char Vist Foundation Tekkadan Pomeranians,138.88,2.99,False,USD,New,https://www.ebay.com/itm/366122489225?_skw=gundam&hash=item553e99d589:g:ONgAAeSwIK1qnE9K&amdata=enc%3AAQALAAAA4ACCtXRWQnOEpyOqnQQ8KGYvF%2FiDyc8q%2FbEqHPASkPBmTlvzhweBENHoRfQf2wfiW4M7IQTKN%2Faf%2Bw%2FnrdJjNxwr6E%2BTCQez8NHZX2efSGbZVpec6k3LSQRgW8Wr4mDrQyakPyuEU2UuWMd8OJatRhklWum%2BooyfXrV11IsUVWbe7nOham1B%2FTFbZ9RjzwkIiqmqzxbU5w4QRn0COnfxgN25yn78LOQi7t7B%2FZlD--FOxOZW%2FN%2FccqCp8EAgAw5w6rv0E29tP%2BgHpfFgKm3QeHXhkp1YiwH5yOLL3kIwTwVI,https://i.ebayimg.com/images/g/ONgAAeSwIK1qnE9K/s-l225.jpg
gundam,model_kit,eBay,marketplace,us,BAN2029266 Bandai Gundam: High Grade: Universal Century: 1/144: Zaku II Kai,26.31,0.0,False,USD,New,https://www.ebay.com/itm/168641564442?_skw=gundam&hash=item2743d20f1a:g:L7QAAeSw7Slqj0Tf&amdata=enc%3AAQALAAAA4ACCtXRWQnOEpyOqnQQ8KGbT9a2V7OvxAxoHWNEsdwbPEUt5h%2BB9NhbicjcHofXrZAGPo%2B5PgFUBUX0Mc4qI79daQ--CSTZ8DRjpMoKolISGzpn%2BDsEI8FAGYhxAq%2Fq5UOyp8jo2bJGYsDouENvYe0v0pZscSStm8BtkC2jwWaHbieNdX1fkhIS6boPqK0Y3j7PUN8UZ4psCu%2FEgGxnfvadXB9Iioq28%2BKMUKBjCTlJpR5qWRzYpLMHyaeDgwK3RfXv8AT5P5gXbFLQx%2B69rME2IKHJB123Ub9XbDesipryD,https://i.ebayimg.com/images/g/L7QAAeSw7Slqj0Tf/s-l225.jpg
gundam,model_kit,eBay,marketplace,international,BANDAI RG 1/144 GUNDAM SIDE-F FUKUOKA LIMITED MSN-04FF SAZABI New Rare,116.93,0.0,False,USD,New,https://www.ebay.com/itm/394608328197?_skw=gundam&hash=item5be07d3e05:g:Fw4AAOSw3VBnLO2p&amdata=enc%3AAQALAAAA4ACCtXRWQnOEpyOqnQQ8KGas%2BRIhFu2dgsi%2FldsreknD1Rs2B4SzKfV3sbgn%2BnzGkqULvedygv48jG%2BbQZtdHddIcE%2FGfFKeLy6K%2F6Ck5NeJlolYD%2F5kzLZ2%2BAzz1Xna2CTlvHuYtSX8OvIEKUEAH%2FdiM0LHYDNb5pSzKh1t00ZP%2BLUN0LWakrM8Epcwcop5VZh3AF%2FqbphBXitCXXBY%2BJ0wL1OQYtl6%2FPw7M0BqHLZfCFFrBD%2B8xaR%2B%2BlUkSsBcnh0HAHMbvwcV%2FOH1HQmRjy1E08EQuPh3jrgu0gW3W5kP,https://i.ebayimg.com/images/g/Fw4AAOSw3VBnLO2p/s-l225.jpg
gundam,model_kit,eBay,marketplace,us,#19 Gundam Astaroth,15.0,0.0,False,USD,New,https://www.ebay.com/itm/177706640936?_skw=gundam&hash=item2960242628:g:CdsAAeSw4PlqO~FI,https://i.ebayimg.com/images/g/CdsAAeSw4PlqO~FI/s-l225.jpg
gundam,cards,eBay,marketplace,us,Resource EB01 Release Event Winner Promo ENG Foil Card 056 (Garrod/Gundam X),8.49,0.0,False,USD,Ungraded,https://www.ebay.com/itm/236927905824?_skw=gundam&hash=item372a00f020:g:2gMAAeSwCABqUAsY,https://i.ebayimg.com/images/g/2gMAAeSwCABqUAsY/s-l225.jpg
gundam,cards,eBay,marketplace,us,GUNDAM TCG- UNICORN GUNDAM(AWAKENED)-GD04-066-LR-HOLO,1.99,1.32,False,USD,Ungraded,https://www.ebay.com/itm/366625936420?_skw=gundam&hash=item555c9bd424:g:vaYAAeSwwtVqjGWr,https://i.ebayimg.com/images/g/vaYAAeSwwtVqjGWr/s-l225.jpg
gundam,cards,eBay,marketplace,us,Shining Gundam LR+ GD05-066 Freedom Ascension Gundam Card Game,40.0,5.0,False,USD,Ungraded,https://www.ebay.com/itm/398373282501?_skw=gundam&hash=item5cc0e5e2c5:g:XoQAAeSwksBqoAN-,https://i.ebayimg.com/images/g/XoQAAeSwksBqoAN-/s-l225.jpg
gundam,model_kit,eBay,marketplace,us,"#33 Gundam Barbatos Lupus Rex Gundam IBO, Bandai Hobby HG IBO 1/144",20.0,0.0,False,USD,New,https://www.ebay.com/itm/177706640889?_skw=gundam&hash=item29602425f9:g:P3MAAeSwSX9qO~Fu,https://i.ebayimg.com/images/g/P3MAAeSwSX9qO~Fu/s-l225.jpg
gundam,other,eBay,marketplace,us,Gundam Universe MS-06S Char's Zaku 2 (Origin Ver.) GU-SP Target Exclusive,35.88,6.25,False,USD,New,https://www.ebay.com/itm/277589079637?_skw=gundam&hash=item40a1993655:g:TJMAAeSwAi5o6XtV,https://i.ebayimg.com/images/g/TJMAAeSwAi5o6XtV/s-l225.jpg
gundam,cards,eBay,marketplace,international,Gundam Card Game 1st Anniversary Archive Book + RP-067 Amuro & Nu Gundam Promo,58.99,0.0,False,USD,Ungraded,https://www.ebay.com/itm/147503842610?_skw=gundam&hash=item2257ea0532:g:DgoAAeSwVDJqbQYW&amdata=enc%3AAQALAAAA4ACCtXRWQnOEpyOqnQQ8KGbWNAZedmu%2FbOagnBMZU8TiSsimnozNyUasDWsydzr9fC73q4f%2Bje4ZCu7TaTJG%2FqpSlwoAuS89HO%2F9Jf33zih3THnSo8vfJ8jAUVk%2BKyUcnQX%2BoAgQXi1szz9Of81I64C32XUp3k3LiL%2FEz2Sf%2Bedx%2FgortQbbwGoK%2Bxdp9ICTAcSICQhDwowxu2veRt3qoNNCUomQ6bTC%2FYg4V7qV9w5nXqd0ExcGs4oojsc6knjjadATc%2Bb0wP4wB1MO2zu7Wctd2UqKnl6Xq38WSGDVfUwr,https://i.ebayimg.com/images/g/DgoAAeSwVDJqbQYW/s-l225.jpg
gundam,model_kit,eBay,marketplace,international,HG 1/144 Mighty Strike Freedom Gundam Assembly Model Kit Action Figure Toy Gift,19.99,0.0,False,USD,New,https://www.ebay.com/itm/206177136369?_skw=gundam&hash=item30011d6ef1:g:v~UAAeSwcVRpyil4&amdata=enc%3AAQALAAAA4ACCtXRWQnOEpyOqnQQ8KGapSb%2FPgoDpHHA3BRewuXhXVJvKbBbwoloyh%2FRWKTdifELvixwoED3MoDhMMpTcDxuYrjUVSp1Vb8nonlSOKIcC9dj8YBuhVTMXYmX6ZTP0kQYrG5Q7aMZ54fqAxOFS0nd2xuCQMYEuOBl6r2VpSWIm8Mag24CP4uFEbJe7%2BvJnMFQUf65n%2BFie6PYoR1cudPKPqdPNN%2BNa9%2Fecr0OoIWaxJDnGo1oRMrm71ekorGquPy91jKIcQUNmzLvxIpD22Af7HYAWJhiH9lQGUf0fddk2,https://i.ebayimg.com/images/g/v~UAAeSwcVRpyil4/s-l225.jpg
gundam,model_kit,eBay,marketplace,us,RX-78F00/E Gundam Gundam: Next Universal Centrury Bandai Hobby Entry Grade 1/144,16.0,0.0,False,USD,New,https://www.ebay.com/itm/188216118823?_skw=gundam&hash=item2bd28e0e27:g:TKsAAeSwb5ZqO~Ha,https://i.ebayimg.com/images/g/TKsAAeSwb5ZqO~Ha/s-l225.jpg
gundam,other,eBay,marketplace,us,Bandai Metal Robot Altron Gundam XXXG-01S2 Unassembled Model Kit Not Painted,250.0,,False,USD,New,https://www.ebay.com/itm/820102221051?_skw=gundam&hash=itembef1e6ccfb:g:GBkAAeSwqQBqoAG5,https://i.ebayimg.com/images/g/GBkAAeSwqQBqoAG5/s-l225.jpg
gundam,other,eBay,marketplace,us,Bandai Mobile Suit Gundam Fighter Zeon Battle Scarred Zaku 1 Action Figure Msia,69.0,11.35,False,USD,New,https://www.ebay.com/itm/277996922542?_skw=gundam&hash=item40b9e866ae:g:BV4AAeSwUv5qCg6B,https://i.ebayimg.com/images/g/BV4AAeSwUv5qCg6B/s-l225.jpg
gundam,model_kit,eBay,marketplace,us,Bandai Namco XXXG-01H2 Heavyarms Custom EW Gundam 1:100 Model Kit 15+,100.0,,False,USD,New,https://www.ebay.com/itm/820102097460?_skw=gundam&hash=itembef1e4ea34:g:3pUAAeSwMa1qn~pN,https://i.ebayimg.com/images/g/3pUAAeSwMa1qn~pN/s-l225.jpg
gundam,cards,eBay,marketplace,us,Gundam TCG Argama GD02-129 R,12.0,,False,USD,Ungraded,https://www.ebay.com/itm/168665227353?_skw=gundam&hash=item27453b2059:g:4B0AAeSwICxqm5e4,https://i.ebayimg.com/images/g/4B0AAeSwICxqm5e4/s-l225.jpg
gundam,model_kit,eBay,marketplace,us,Bandai HG 1/144 MS-07B Gouf ECOPLA Monochrome Black Model Kit NEW,29.99,9.0,False,USD,New,https://www.ebay.com/itm/188411292187?_skw=gundam&hash=item2bde302a1b:g:3FUAAeSweBdqEKjl,https://i.ebayimg.com/images/g/3FUAAeSweBdqEKjl/s-l225.jpg
gundam,model_kit,eBay,marketplace,us,Bandai Hobby Gundam MS-06F Zaku II RG 1/144 Model Kit USA Seller,38.2,0.0,False,USD,New,https://www.ebay.com/itm/137576181708?_skw=gundam&hash=item20082defcc:i:137576181708,
gundam,other,eBay,marketplace,us,Bandai Mobile Suit Fighter Gundam 0083 GM Cannon Custom Action Figure Msia,27.99,8.15,False,USD,Used,https://www.ebay.com/itm/275715190571?_skw=gundam&hash=item4031e7ef2b:g:0ygAAOSwS9dj~K-F&amdata=enc%3AAQALAAAA4ACCtXRWQnOEpyOqnQQ8KGaMhmXk4D1HdU6%2FcEHBpfTiHVofQaW6c1%2B00abe0y6MI5%2F0LlobbNiPUNgEU2mBbL7KSs42GvP5yJ0huiyErVhE1NUQ8atYXt4oTvhYcIlQDZDwZFHSNVasTUnjhsZi8zT3wuCabhw%2FqlOBuXPdPrEQMbmYuabuLDdTle5PlF3NTc0EkUu0%2FKe83A1PlIL%2FvbBamyW%2BI514kmMe6Phcs%2FS16vdvUs8j1MihQBbnZDrnrC1C3ZdOPEIDn3V3wb7X1shBekIGjenoBWxgrZQCUtpw,https://i.ebayimg.com/images/g/0ygAAOSwS9dj~K-F/s-l225.jpg
gundam,model_kit,eBay,marketplace,us,Bandai Spirits Nu Gundam Perfect Grade PG Unleashed 1/60 Model Kit IN STOCK USA,614.1,0.0,False,USD,New,https://www.ebay.com/itm/147451014098?_skw=gundam&hash=item2254c3ebd2:g:nXsAAeSw0Uxqn~SF&amdata=enc%3AAQALAAAA4ACCtXRWQnOEpyOqnQQ8KGb19yRG3sj1IrIiPXoIM6moKF%2FX8iab2adXACp70u9ob5ppBZlbkc68EXAU3kASNilSLoqMiaA%2FYv5qsRMeRhLACD1nqxmxePtJZBuhIx%2B28ZiCxqF8gF8%2B%2BsNPFTv9ugQlQ6z8kqapfO2h8P0j%2Bz6B67YFsSdEXtiFxb%2FJ%2Fe5YDNsItcMNB1Lfg4ErDTqvt50%2FW4ILjoPUn4htKUpGgZ8jBONwS%2F7DB5mNb%2FbQPBq%2B5T3BQI2Qsy6fR%2BPMyJH8HfVCLd4uJ%2B57oNSpIl6I58Zt,https://i.ebayimg.com/images/g/nXsAAeSw0Uxqn~SF/s-l225.jpg
gundam,model_kit,Plaza Japan,retailer,,Gundam Artifact Pro High Mobility Zaku II (Black Tri-stars Specification),38.18,,,USD,New,https://www.plazajapan.com/4570117932403,https://cdn11.bigcommerce.com/s-89ffd/products/206898/images/948157/4570117932403_6e62cb7cbee83fb84ee281a7fa701f21__36725.1779340731.350.350.png?c=2
gundam,model_kit,Plaza Japan,retailer,,Bandai HG 1/144 Gundam Calibarn Plastic Model (Gundam: The Witch from Mercury),16.67,,,USD,New,https://www.plazajapan.com/4573102653222,https://cdn11.bigcommerce.com/s-89ffd/products/128634/images/476237/4573102653222_26fd14afde2861f0d16a152a769b9971__27957.1689662682.350.350.jpg?c=2
gundam,model_kit,Plaza Japan,retailer,,Bandai Candy Gundam Gunpla Package Art Gummy Vol.3 BOX (20pcs),27.78,,,USD,New,https://www.plazajapan.com/4570117927089,https://cdn11.bigcommerce.com/s-89ffd/products/185217/images/821414/4570117927089_f49412a80f31db17289d21ae205eb94d__50044.1758782377.350.350.png?c=2
gundam,model_kit,Plaza Japan,retailer,,Bandai Spirits Figure-Rise Standard Amate Yuzuriha (Mobile Suit Gundam GQuuuuuuX),17.6,,,USD,New,https://www.plazajapan.com/4573102685674,https://cdn11.bigcommerce.com/s-89ffd/products/173392/images/740004/bandai-spirits-figure-rise-standard-amate-yuzuriha-mobile-suit-gundam-gquuuuuux__23607.1776663477.350.350.jpg?c=2
gundam,model_kit,Plaza Japan,retailer,,Bandai RG-32 v (Nu) Gundam 1/144 Scale Kit,50.09,,,USD,New,https://www.plazajapan.com/4573102578426,https://cdn11.bigcommerce.com/s-89ffd/products/55735/images/204101/4573102578426_62501de6484498488dd9ef48945339a7__05924.1565247756.350.350.jpg?c=2
gundam,model_kit,Plaza Japan,retailer,,Bandai HG 1/144 Mighty Strike Freedom Gundam Plastic Model (Gundam SEED Freedom),20.04,,,USD,New,https://www.plazajapan.com/4573102663849,https://cdn11.bigcommerce.com/s-89ffd/products/168030/images/680400/bandai-hg-1144-mighty-strike-freedom-gundam-plastic-model-gundam-seed-freedom__31420.1737739417.350.350.jpg?c=2
gundam,model_kit,Plaza Japan,retailer,,Bandai Perfect Grade 1/60 Unleashed RX-78-2 Gundam Plastic Model,386.62,,,USD,New,https://www.plazajapan.com/4573102607652,https://cdn11.bigcommerce.com/s-89ffd/products/84279/images/283926/607652-1__68657.1608194703.350.350.jpg?c=2
gundam,model_kit,Plaza Japan,retailer,,1 JPY SUPER SALE Gundam Poteko Black Pepper Flavor SINGLE (AUGUST 3rd EXPIRY DATE),0.01,,,USD,New,https://www.plazajapan.com/45496608857881,https://cdn11.bigcommerce.com/s-89ffd/products/216038/images/1006418/bandai-candy-1-jpy-super-sale-gundam-poteko-black-pepper-flavor-single-august-3rd-expiry-date__13015.1787034880.350.350.jpg?c=2
gundam,model_kit,Plaza Japan,retailer,,Bandai HG 1/144 Darilbalde Plastic Model (Gundam: The Witch from Mercury),13.92,,,USD,New,https://www.plazajapan.com/4573102633552,https://cdn11.bigcommerce.com/s-89ffd/products/118530/images/414295/4573102633552_4947da4eaf0f0b5ef11bed26fbc89b05__12189.1664441428.350.350.jpg?c=2
gundam,model_kit,Plaza Japan,retailer,,Bandai RG-17 Gundam Wing Gundam Zero EW 1/144 Scale Kit,69.03,,,USD,New,https://www.plazajapan.com/4573102616029,https://cdn11.bigcommerce.com/s-89ffd/products/8268/images/31996/174_a__43915.1419475304.350.350.jpg?c=2
gundam,cards,Plaza Japan,retailer,,Bandai Gundam Card Game -Newtype Rising- [GD01] Booster Pack BOX (24 Packs),62.07,,,USD,New,https://www.plazajapan.com/4582769825279,https://cdn11.bigcommerce.com/s-89ffd/products/181501/images/802676/bandai-gundam-card-game-newtype-rising-gd01-booster-pack-box-24-packs__93373.1755490429.350.350.jpg?c=2
gundam,cards,Plaza Japan,retailer,,Bandai Gundam Card Game Extra Booster - Eternal Nexus [EB01] BOX (24-pack),35.13,,,USD,New,https://www.plazajapan.com/4582770012316,https://cdn11.bigcommerce.com/s-89ffd/products/210852/images/972372/4582770012316_38386bc99561f11bdecc4c0e21b709da__93514.1782976092.350.350.jpg?c=2
gundam,model_kit,Plaza Japan,retailer,,Bandai Candy Mobile Suit Gundam SEED Memorial Anime Card Collection + Wafer (FULL BOX),21.06,,,USD,New,https://www.plazajapan.com/4570117932953,https://cdn11.bigcommerce.com/s-89ffd/products/217148/images/1010032/4570117932953_99b2b5ba67e00549bbd4d672781212e9__24335.1787217388.350.350.png?c=2
gundam,model_kit,Plaza Japan,retailer,,Bandai HG 1/144 Gundam Schwarzette Plastic Model (Gundam: The Witch from Mercury),14.31,,,USD,New,https://www.plazajapan.com/4573102650245,https://cdn11.bigcommerce.com/s-89ffd/products/124463/images/438074/4573102650245_d94b340ec326c06c9bd2b429ba2d998e__74220.1672124063.350.350.jpg?c=2
gundam,model_kit,Plaza Japan,retailer,,Bandai Candy MOBILITY JOINT GUNDAM Vol.7 10pcs Complete Box,35.19,,,USD,New,https://www.plazajapan.com/4549660958635,https://cdn11.bigcommerce.com/s-89ffd/products/142840/images/517716/4549660958635_90f8626cb3d7a209b9280ce25271b9fb__14745.1708419201.350.350.jpg?c=2
gundam,model_kit,Plaza Japan,retailer,,Bandai Iron-Blooded Orphans 014 Gundam Grimgerde 1/144 Scale Kit,24.41,,,USD,New,https://www.plazajapan.com/4573102579812,https://cdn11.bigcommerce.com/s-89ffd/products/9658/images/41495/1__43630.1455268570.350.350.jpg?c=2
gundam,model_kit,Plaza Japan,retailer,,Bandai MG Gundam MS-06J ZAKU II Ver 2.0 1/100 Scale Kit,65.84,,,USD,New,https://www.plazajapan.com/4573102615800,https://cdn11.bigcommerce.com/s-89ffd/products/5533/images/22965/492524_a__87699.1379673151.350.350.jpg?c=2
gundam,model_kit,Plaza Japan,retailer,,Bandai PG (Perfect Grade Gundam) Gundam Exia 1/60 Scale Kit,322.5,,,USD,New,https://www.plazajapan.com/4573102630575,https://cdn11.bigcommerce.com/s-89ffd/products/26881/images/118606/222491_a__10728.1635757087.350.350.jpg?c=2
gundam,model_kit,Plaza Japan,retailer,,Bandai HG 1/144 Gundam Pharact Plastic Model (Gundam: The Witch from Mercury),14.65,,,USD,New,https://www.plazajapan.com/4573102633545,https://cdn11.bigcommerce.com/s-89ffd/products/118529/images/414289/4573102633545_6d275ce7042d837a6f060bc72b56ee1e__90162.1664441376.350.350.jpg?c=2
gundam,model_kit,Plaza Japan,retailer,,Bandai Iron-Blooded Orphans 041 Gundam Hajiroboshi 1/144 scale kit,37.04,,,USD,New,https://www.plazajapan.com/4573102604248,https://cdn11.bigcommerce.com/s-89ffd/products/77350/images/267407/604248-1__55028.1598344764.350.350.jpg?c=2
gundam,model_kit,Plaza Japan,retailer,,Bandai HGUC 190 Gundam RX-77-2 GUNCANNON 1/144 Scale Kit,8.32,,,USD,New,https://www.plazajapan.com/4573102574022,https://cdn11.bigcommerce.com/s-89ffd/products/8805/images/35566/1__56069.1434691644.350.350.jpg?c=2
gundam,model_kit,Plaza Japan,retailer,,Bandai HG 1/144 Gundam Aerial (Rebuild) Plastic Model (Gundam: The Witch from Mercury),11.73,,,USD,New,https://www.plazajapan.com/4573102650962,https://cdn11.bigcommerce.com/s-89ffd/products/119101/images/454755/4573102650962_0ca8e9d1b1b35bdae6c216d176202ef2__63342.1679014127.350.350.jpg?c=2
gundam,model_kit,Plaza Japan,retailer,,Bandai Gundam OPERATION V RX-78-2 1/144 Scale Kit,53.87,,,USD,New,https://www.plazajapan.com/4573102604040,https://cdn11.bigcommerce.com/s-89ffd/products/6326/images/80339/1__49352.1365495636.1280.1280__05027.1490229634.350.350.jpg?c=2
gundam,model_kit,Plaza Japan,retailer,,Bandai Gundam Universe MSN-04 Sazabi Figure,62.51,,,USD,New,https://www.plazajapan.com/4573102632906,https://cdn11.bigcommerce.com/s-89ffd/products/105275/images/392035/4573102632906_6c39a52d68bbd26ef0bb8665977dbdd2__60612.1656044301.350.350.jpg?c=2
gundam,model_kit,Plaza Japan,retailer,,Bandai MG Gundam Epyon Mobile Suit OZ-13MS 1/100 Scale Kit,57.16,,,USD,New,https://www.plazajapan.com/4573102630421,https://cdn11.bigcommerce.com/s-89ffd/products/5576/images/14467/1__25577.1634720272.350.350.jpg?c=2
gundam,model_kit,Plaza Japan,retailer,,Bandai MG Gundam-W Endless Waltz Wing Gundam Zero EW Ver.Ka 1/100 scale kit,92.61,,,USD,New,https://www.plazajapan.com/4573102607607,https://cdn11.bigcommerce.com/s-89ffd/products/78764/images/282095/607607-1__93966.1606813130.350.350.jpg?c=2
gundam,model_kit,Plaza Japan,retailer,,Bandai MG 582225 Gundam Barbatos 1/100 Scale Kit,59.77,,,USD,New,https://www.plazajapan.com/4573102582225,https://cdn11.bigcommerce.com/s-89ffd/products/60925/images/484810/4573102582225_0dd82deb6a65f5437e782d4c0ef26bdc__74931__09209.1693967828.350.350.jpg?c=2
gundam,model_kit,Plaza Japan,retailer,,Bandai Iron-Blooded Orphans 018865 Gundam BARBATOS 1/100 Scale Kit,57.08,,,USD,New,https://www.plazajapan.com/4549660018865,https://cdn11.bigcommerce.com/s-89ffd/products/9405/images/39599/1__32087.1448520148.350.350.jpg?c=2
gundam,model_kit,Plaza Japan,retailer,,Bandai Iron-Blooded Orphans 011 Gundam KIMARIS 1/144 Scale Kit,23.99,,,USD,New,https://www.plazajapan.com/4573102579799,https://cdn11.bigcommerce.com/s-89ffd/products/9505/images/40555/3__68015.1452842504.350.350.jpg?c=2
gundam,model_kit,Plaza Japan,retailer,,Bandai Full Mechanics 1/100 Gundam Aerial Plastic Model,39.06,,,USD,New,https://www.plazajapan.com/4573102650900,https://cdn11.bigcommerce.com/s-89ffd/products/119102/images/464570/4573102650900_f38c142a6729d617cc33b5cbcee8b647__25759.1683787472.350.350.jpg?c=2
gundam,model_kit,Plaza Japan,retailer,,Bandai HG 1/144 Michaelis Plastic Model (Gundam: The Witch from Mercury),10.43,,,USD,New,https://www.plazajapan.com/4573102642523,https://cdn11.bigcommerce.com/s-89ffd/products/118735/images/440673/4573102642523_c9ee270c5dedca419c41e9e810a77ee3__21729.1673580929.350.350.jpg?c=2
gundam,model_kit,Plaza Japan,retailer,,Bandai RE/100 1/100 Gundam Prototype Unit 4 Gerbera,27.78,,,USD,New,https://www.plazajapan.com/4573102667335,https://cdn11.bigcommerce.com/s-89ffd/products/210014/images/968601/4573102667335_770801c25cd60a9ae303b2bc303a44fc__26440.1782437421.350.350.jpg?c=2
gundam,model_kit,Plaza Japan,retailer,,Bandai HG 1/144 Demi Trainer (Tutu Custom) Plastic Model (Gundam: The Witch from Mercury),11.39,,,USD,New,https://www.plazajapan.com/4573102633477,https://cdn11.bigcommerce.com/s-89ffd/products/118526/images/428067/4573102633477_ac92be927aee31100418f4396c0897f4__30824.1668396335.350.350.jpg?c=2
gundam,model_kit,Plaza Japan,retailer,,Bandai  Gundam MS-06 ZAKU GROUND WAR SET 1/144 Scale Kit,50.34,,,USD,New,https://www.plazajapan.com/4573102628350,https://cdn11.bigcommerce.com/s-89ffd/products/5454/images/19628/577320_a__96428.1626251276.350.350.jpg?c=2
gundam,model_kit,Plaza Japan,retailer,,Bandai MG Gundam WING Gundam VersionKa XXXG-01W 1/100 Scale Kit,43.4,,,USD,New,https://www.plazajapan.com/4573102628398,https://cdn11.bigcommerce.com/s-89ffd/products/5510/images/18774/MG_237149_a__99735.1359111033.350.350.jpg?c=2
gundam,model_kit,Plaza Japan,retailer,,Bandai MG Gundam Unicorn Gundam 1/100 Scale Kit,52.7,,,USD,New,https://www.plazajapan.com/4573102616081,https://cdn11.bigcommerce.com/s-89ffd/products/5566/images/17262/620538_a__79742.1355733190.350.350.jpg?c=2
gundam,model_kit,Plaza Japan,retailer,,Bandai MG Gundam Neo Zeon MSN-04 Sazabi Version Ka 1/100 Scale Kit,105.23,,,USD,New,https://www.plazajapan.com/4573102554574,https://cdn11.bigcommerce.com/s-89ffd/products/7137/images/184299/4543112851352-1__40472.1554369066.350.350.jpg?c=2
gundam,model_kit,Plaza Japan,retailer,,Bandai HG GUNDAM OO 07 Graham's Union Flag Custom 1/144 Scale Kit,7.13,,,USD,New,https://www.plazajapan.com/4573102606402,https://cdn11.bigcommerce.com/s-89ffd/products/40821/images/141859/4543112522436-1__14279.1527744583.350.350.jpg?c=2
gundam,model_kit,Plaza Japan,retailer,,Bandai HGUC 007 Gundam RX-75 GUNTANK 1/144 Scale Kit,16.95,,,USD,New,https://www.plazajapan.com/4573102568304,https://cdn11.bigcommerce.com/s-89ffd/products/297/images/507/0434_1__15399.1297950224.350.350.jpg?c=2
gundam,model_kit,Plaza Japan,retailer,,Bandai HGUC 025 Gundam RX-78GP03S GP03S 1/144  Scale Kit,40.24,,,USD,New,https://www.plazajapan.com/4573102609670,https://cdn11.bigcommerce.com/s-89ffd/products/506/images/892/0460_1__78966.1298119000.350.350.jpg?c=2
gundam,model_kit,Plaza Japan,retailer,,Bandai HGUC 059 GUNDAM MS-09 DOM MS-09R RICK DOM 1/144 scale kit,31.63,,,USD,New,https://www.plazajapan.com/4573102558770,https://cdn11.bigcommerce.com/s-89ffd/products/539/images/184082/4543112410375-1__86272.1554286545.350.350.jpg?c=2
gundam,model_kit,Plaza Japan,retailer,,Bandai HG 1/144 Gundam Lfrith Ur Plastic Model (Gundam: The Witch from Mercury),17.93,,,USD,New,https://www.plazajapan.com/4573102650887,https://cdn11.bigcommerce.com/s-89ffd/products/119099/images/452135/4573102650887_a82a4cf96d8c21f57fe5fd5657b6ab0f__55028.1677742504.350.350.jpg?c=2
gundam,model_kit,Plaza Japan,retailer,,Bandai PG (Perfect Grade Gundam) 555823 OO Gundam Seven Sword/G 1/60 Scale Kit,385.32,,,USD,New,https://www.plazajapan.com/4573102555823,https://cdn11.bigcommerce.com/s-89ffd/products/50510/images/172481/4573102555823-1__26964.1544686410.350.350.jpg?c=2
gundam,model_kit,Plaza Japan,retailer,,Bandai Candy Mobility Joint Gundam VOL.2 10Pcs Box (Candy Toy),83.35,,,USD,New,https://www.plazajapan.com/4549660738060,https://cdn11.bigcommerce.com/s-89ffd/products/110053/images/375194/4549660738060_4320510294e995b06ad00465453c2cdd__64392.1650504579.350.350.png?c=2
gundam,model_kit,Plaza Japan,retailer,,Bandai Iron-Blooded Orphans 023 Gundam Gusion Rebake Full City 1/144 scale kit,33.51,,,USD,New,https://www.plazajapan.com/4573102554475,https://cdn11.bigcommerce.com/s-89ffd/products/14583/images/184013/4549660112426-1__17161.1554286125.350.350.jpg?c=2
gundam,model_kit,Plaza Japan,retailer,,Bandai Iron-Blooded Orphans 035 Gundam KIMARIS VIDAR 1/144 Scale Kit,16.25,,,USD,New,https://www.plazajapan.com/4573102554529,https://cdn11.bigcommerce.com/s-89ffd/products/20282/images/77564/Orphans_035_a__50358.1488528542.350.350.jpg?c=2
gundam,model_kit,Plaza Japan,retailer,,Bandai Iron-Blooded Orphans 037 Gundam Gundam VUAL 1/144 Scale Kit,33.25,,,USD,New,https://www.plazajapan.com/4573102603890,https://cdn11.bigcommerce.com/s-89ffd/products/20495/images/375715/4573102603890_a4c1832d37efb6990dcce4eb493c39b9__13752.1650614336.350.350.jpg?c=2
gundam,model_kit,Plaza Japan,retailer,,RG 1/144 RX-0 Unicorn Gundam Plastic Model,46.14,,,USD,New,https://www.plazajapan.com/4573102616203,https://cdn11.bigcommerce.com/s-89ffd/products/24443/images/105635/4549660167419_a__32491.1501836741.350.350.jpg?c=2
gundam,model_kit,Plaza Japan,retailer,,Bandai HG 1/144 Gundvolva Plastic Model (Gundam: The Witch from Mercury),13.73,,,USD,New,https://www.plazajapan.com/4573102642530,https://cdn11.bigcommerce.com/s-89ffd/products/124462/images/438067/4573102642530_eca20276958453fef7bea6630a02ffbd__21872.1672124034.350.350.jpg?c=2
gundam,model_kit,Plaza Japan,retailer,,Bandai HG 1/144 Zowort Heavy Plastic Model (Gundam: The Witch from Mercury),15.85,,,USD,New,https://www.plazajapan.com/4573102651112,https://cdn11.bigcommerce.com/s-89ffd/products/124087/images/436420/4573102651112_3bfaac85072afbafa0f03ecba5b94ad2__76971.1671685800.350.350.jpg?c=2
gundam,model_kit,Plaza Japan,retailer,,Bandai HG 1/144 Heindree Sturm Plastic Model (Gundam: The Witch from Mercury),14.73,,,USD,New,https://www.plazajapan.com/4573102651129,https://cdn11.bigcommerce.com/s-89ffd/products/124459/images/438046/4573102651129_f969ae7cb9567dd87bd5da1735690a4d__05987.1672123952.350.350.jpg?c=2
gundam,model_kit,Plaza Japan,retailer,,Bandai HG 1/144 Demi Barding Plastic Model (Gundam: The Witch from Mercury),11.02,,,USD,New,https://www.plazajapan.com/4573102653130,https://cdn11.bigcommerce.com/s-89ffd/products/124460/images/438053/4573102653130_cada08c988af3b48699069917d64b70c__31614.1672123980.350.350.jpg?c=2
gundam,model_kit,Plaza Japan,retailer,,Bandai HG 1/144 Mirasoul Flight Unit Plastic Model (Gundam: The Witch from Mercury),11.0,,,USD,New,https://www.plazajapan.com/4573102642547,https://cdn11.bigcommerce.com/s-89ffd/products/118737/images/458020/4573102642547_791248ba57a51766c73fd191a7ced2b5__36498.1680482001.350.350.jpg?c=2
gundam,model_kit,Plaza Japan,retailer,,Bandai HGUC 203 GUNPLA Evolution Project Series MSZ-006 ZETA Gundam 1/144 Scale Kit,27.35,,,USD,New,https://www.plazajapan.com/4573102556110,https://cdn11.bigcommerce.com/s-89ffd/products/20493/images/88805/HGUC_203_a__44581.1492762113.350.350.jpg?c=2
gundam,model_kit,Plaza Japan,retailer,,Gundam Hard Graph Zeon Mobile Scout Set Model Kit,47.4,,,USD,New,https://www.plazajapan.com/4543112459374,https://cdn11.bigcommerce.com/s-89ffd/products/55452/images/184129/4543112459374-1__66294.1554287286.350.350.jpg?c=2
gundam,model_kit,Plaza Japan,retailer,,Gundam Artifact PRO Full Armor Gundam Full Box,42.79,,,USD,New,https://www.plazajapan.com/4570117932397,https://cdn11.bigcommerce.com/s-89ffd/products/206943/images/948422/4570117932397_62a8934a620fec31cc94b1b1341d0fe7__83589.1779408952.350.350.png?c=2
gundam,model_kit,Plaza Japan,retailer,,Bandai Gundam RX-78-3 Gundam + MS-09RS RICK-DOM 1/144 Scale Kit,56.24,,,USD,New,https://www.plazajapan.com/4573102609601,https://cdn11.bigcommerce.com/s-89ffd/products/1415/images/2602/4543112537065_a__91272.1612425726.350.350.jpg?c=2
gundam,model_kit,Plaza Japan,retailer,,Bandai Gundam RX-93 Nu Gundam Metallic Coating Version 1/144  Scale Kit,58.76,,,USD,New,https://www.plazajapan.com/4573102556134,https://cdn11.bigcommerce.com/s-89ffd/products/2028/images/4109/4543112615671_a__73369.1300607993.350.350.jpg?c=2
gundam,model_kit,Plaza Japan,retailer,,Bandai Gundam HG AGE-01 Normal Model 1/144 Scale Kit,18.52,,,USD,New,https://www.plazajapan.com/4573102582706,https://cdn11.bigcommerce.com/s-89ffd/products/2498/images/5374/1__25799.1327659793.350.350.jpg?c=2
gundam,model_kit,Plaza Japan,retailer,,Bandai Gundam HG AGE-04 GENOACE CUSTOM(RGE-B790CW) 1/144 Scale Kit,29.63,,,USD,New,https://www.plazajapan.com/4543112716262,https://cdn11.bigcommerce.com/s-89ffd/products/2501/images/5408/1__75971.1327663056.350.350.jpg?c=2
gundam,model_kit,Plaza Japan,retailer,,Bandai Gundam HG AGE-05 Gundam AGE-1 TITUS 1/144 Scale Kit,23.57,,,USD,New,https://www.plazajapan.com/4543112716231,https://cdn11.bigcommerce.com/s-89ffd/products/2502/images/5412/1__24791.1327663151.350.350.jpg?c=2
gundam,model_kit,Plaza Japan,retailer,,Bandai Gundam HG AGE-06 ZEDAS (XVV-XC) 1/144 Scale Kit,39.4,,,USD,New,https://www.plazajapan.com/4543112716248,https://cdn11.bigcommerce.com/s-89ffd/products/2503/images/5416/1__37998.1327663249.350.350.jpg?c=2
gundam,model_kit,Plaza Japan,retailer,,Bandai Gundam HG AGE-07 SPALLOW (AGE-1S) 1/144 Scale Kit,20.21,,,USD,New,https://www.plazajapan.com/4543112728203,https://cdn11.bigcommerce.com/s-89ffd/products/2504/images/5422/1__82214.1327663337.350.350.jpg?c=2
gundam,model_kit,Plaza Japan,retailer,,Bandai Gundam HG AGE-08 BAQTO (OVV-a) 1/144 Scale Kit,36.03,,,USD,New,https://www.plazajapan.com/4543112728210,https://cdn11.bigcommerce.com/s-89ffd/products/2505/images/5428/1__96829.1327663431.350.350.jpg?c=2
gundam,model_kit,Plaza Japan,retailer,,Bandai Gundam HG AGE-09 G-EXES (WMS-GEX1) 1/144 Scale Kit,29.3,,,USD,New,https://www.plazajapan.com/4573102603661,https://cdn11.bigcommerce.com/s-89ffd/products/2506/images/15145/AGE09_a__35486.1348406979.350.350.jpg?c=2
gundam,model_kit,Plaza Japan,retailer,,Bandai Gundam HG AGE-10 Gundam AGE-2 Normal 1/144 Scale Kit,46.3,,,USD,New,https://www.plazajapan.com/4573102582713,https://cdn11.bigcommerce.com/s-89ffd/products/2507/images/5438/1__70723.1327663587.350.350.jpg?c=2
gundam,model_kit,Plaza Japan,retailer,,Bandai Gundam HG AGE-13 ADELE (RGE-G1100) 1/144 Scale Kit,33.25,,,USD,New,https://www.plazajapan.com/4573102628251,https://cdn11.bigcommerce.com/s-89ffd/products/3782/images/8556/1__84159.1626252374.350.350.jpg?c=2
gundam,model_kit,Plaza Japan,retailer,,Bandai Gundam HG AGE-16 GENOACE II (RGE-B890) 1/144 Scale Kit,37.72,,,USD,New,https://www.plazajapan.com/4573102628268,https://cdn11.bigcommerce.com/s-89ffd/products/5144/images/12143/1__52317.1626252326.350.350.jpg?c=2
gundam,model_kit,Plaza Japan,retailer,,Bandai Gundam HG AGE-18 AGE-2 SHALDOLL CUSTOM (RGE-C350) 1/144 Scale Kit,28.88,,,USD,New,https://www.plazajapan.com/4573102628275,https://cdn11.bigcommerce.com/s-89ffd/products/5167/images/12216/1__41267.1626252283.350.350.jpg?c=2
gundam,model_kit,Plaza Japan,retailer,,Bandai Gundam HG AGE-25 G-EXES Jackedge (BMS-004) 1/144 Scale Kit,33.2,,,USD,New,https://www.plazajapan.com/4573102628299,https://cdn11.bigcommerce.com/s-89ffd/products/5232/images/13444/1__55788.1626251534.350.350.jpg?c=2
gundam,model_kit,Plaza Japan,retailer,,Bandai Gundam HG AGE-21 Gundam Normal AGE-3 1/144 Scale Kit,25.09,,,USD,New,https://www.plazajapan.com/4573102573865,https://cdn11.bigcommerce.com/s-89ffd/products/5254/images/12602/1__01955.1336742119.350.350.jpg?c=2
gundam,model_kit,Plaza Japan,retailer,,Bandai Gundam HG AGE-23 GHIRARGA (xvt-zgc) 1/144 Scale Kit,21.05,,,USD,New,https://www.plazajapan.com/4573102629098,https://cdn11.bigcommerce.com/s-89ffd/products/5371/images/13251/1__25447.1341922032.350.350.jpg?c=2
gundam,model_kit,Plaza Japan,retailer,,Bandai Gundam HG AGE-20 FARSIA (xvb-xd) 1/144 Scale Kit,34.17,,,USD,New,https://www.plazajapan.com/4573102628282,https://cdn11.bigcommerce.com/s-89ffd/products/5393/images/13450/1__81131.1626251584.350.350.jpg?c=2
gundam,model_kit,Plaza Japan,retailer,,Bandai Gundam MSN-04 Sazabi Metallic Coating Version 1/144  Scale Kit,57.92,,,USD,New,https://www.plazajapan.com/4573102556127,https://cdn11.bigcommerce.com/s-89ffd/products/5455/images/95333/615688_a__76244.1496789044.350.350.jpg?c=2
gundam,model_kit,Plaza Japan,retailer,,Bandai Gundam HG AGE-27 Gundam AGE-FX 1/144 Scale Kit,17.68,,,USD,New,https://www.plazajapan.com/4573102573889,https://cdn11.bigcommerce.com/s-89ffd/products/5589/images/14535/1__49600.1345793103.350.350.jpg?c=2
gundam,model_kit,Plaza Japan,retailer,,Bandai Gundam HG AGE-29 Gundam Legilis (xvm-fzc) 1/144 Scale Kit,19.36,,,USD,New,https://www.plazajapan.com/4573102603708,https://cdn11.bigcommerce.com/s-89ffd/products/5683/images/15377/1__41421.1349412615.350.350.jpg?c=2
gundam,model_kit,Plaza Japan,retailer,,Bandai Gundam HG AGE-30 Gundam AGE-3 Fortress (AGF-3F) 1/144 Scale Kit,33.51,,,USD,New,https://www.plazajapan.com/4573102628329,https://cdn11.bigcommerce.com/s-89ffd/products/5934/images/16815/1__55797.1626251410.350.350.jpg?c=2
gundam,model_kit,Plaza Japan,retailer,,Bandai Gundam HG AGE-33 Shaldoll Rogue (BMS-003) 1/144 Scale Kit,25.26,,,USD,New,https://www.plazajapan.com/4543112813541,https://cdn11.bigcommerce.com/s-89ffd/products/6376/images/20276/1__24145.1626251322.350.350.jpg?c=2
gundam,model_kit,Plaza Japan,retailer,,Bandai Gundam The Origin 002 RTX-65 GUNTANK Early Type 1/144 Scale Kit,41.93,,,USD,New,https://www.plazajapan.com/4573102577313,https://cdn11.bigcommerce.com/s-89ffd/products/8708/images/78830/bandai-965288-gundam-the-origin__61197.1489506120.350.350.jpg?c=2
gundam,model_kit,Plaza Japan,retailer,,Bandai Gundam HG AGE-35 AGE-1 Full Glansa (Age-1G)1/144 Scale Kit,28.34,,,USD,New,https://www.plazajapan.com/4573102573902,https://cdn11.bigcommerce.com/s-89ffd/products/8802/images/37608/4543112813381_a__41328.1441623011.350.350.jpg?c=2
gundam,model_kit,Plaza Japan,retailer,,Bandai Gundam The Origin 004 YMS-07B-0 PROTOTYPE GOUF (Tactical Demonstrator) 1/144 Scale Kit,45.46,,,USD,New,https://www.plazajapan.com/4573102577337,https://cdn11.bigcommerce.com/s-89ffd/products/9168/images/78794/bandai-006404-gundam-the-origin__43585.1489493339.350.350.jpg?c=2
gundam,model_kit,Plaza Japan,retailer,,Bandai Gundam The Origin 007 YMS-08B DOM Test Type 1/144 Scale Kit,39.57,,,USD,New,https://www.plazajapan.com/4573102590251,https://cdn11.bigcommerce.com/s-89ffd/products/9702/images/41781/Origin_007_a__87216.1456557007.350.350.jpg?c=2
gundam,model_kit,Plaza Japan,retailer,,Bandai Gundam OO GN-001 Gundam EXIA 1/100 Scale Kit,38.55,,,USD,New,https://www.plazajapan.com/4573102579362,https://cdn11.bigcommerce.com/s-89ffd/products/19789/images/120845/522276_a__46873.1514368503.350.350.jpg?c=2
gundam,model_kit,Plaza Japan,retailer,,Bandai Gundam OO 574671 GN-006 CHERUDIM Gundam 1/100 Scale Kit,63.98,,,USD,New,https://www.plazajapan.com/4543112574671,https://cdn11.bigcommerce.com/s-89ffd/products/19794/images/73820/1__60568.1487062105.350.350.jpg?c=2
gundam,model_kit,Plaza Japan,retailer,,Bandai Gundam OO 587534 OO RAISER DESIGNER'S COLOR Version 1/100 Scale Kit,58.76,,,USD,New,https://www.plazajapan.com/4543112587534,https://cdn11.bigcommerce.com/s-89ffd/products/19795/images/73831/1__94919.1487062631.350.350.jpg?c=2
gundam,model_kit,Plaza Japan,retailer,,Bandai Gundam MEGA Size Model ZAKU II 1/48 Scale Kit,95.97,,,USD,New,https://www.plazajapan.com/4573102575937,https://cdn11.bigcommerce.com/s-89ffd/products/20010/images/200666/4543112656636-1__47724.1563253463.350.350.jpg?c=2
gundam,model_kit,Plaza Japan,retailer,,Bandai Gundam OO GN-002 Gundam DYNAMES 1/100 Scale Kit,47.82,,,USD,New,https://www.plazajapan.com/4573102579379,https://cdn11.bigcommerce.com/s-89ffd/products/20728/images/79281/1__74704.1489648091.350.350.jpg?c=2
gundam,model_kit,Plaza Japan,retailer,,Bandai Gundam OO 569066 GN-0000 OO Gundam 1/100 Scale Kit,34.52,,,USD,New,https://www.plazajapan.com/4543112569066,https://cdn11.bigcommerce.com/s-89ffd/products/20749/images/79627/2__03131.1489740523.350.350.jpg?c=2
gundam,model_kit,Plaza Japan,retailer,,Bandai Gundam MEGA Size Model RX-78-2 Gundam 1/48 Scale Kit,87.02,,,USD,New,https://www.plazajapan.com/4573102588906,https://cdn11.bigcommerce.com/s-89ffd/products/24279/images/238539/4543112620279-1__38886.1584930871.350.350.jpg?c=2
gundam,model_kit,Plaza Japan,retailer,,Bandai Gundam MEGA Size Model UNICORN Gundam (Destroy Mode) 1/48 Scale Kit 167426,193.46,,,USD,New,https://www.plazajapan.com/4573102579867,https://cdn11.bigcommerce.com/s-89ffd/products/24447/images/108203/167426_a__68806.1504157061.350.350.jpg?c=2
gundam,model_kit,Plaza Japan,retailer,,Bandai Gundam The Origin 017 Gundam LOCAL TYPE (North American Front) 1/144 Scale Kit,58.93,,,USD,New,https://www.plazajapan.com/4573102591531,https://cdn11.bigcommerce.com/s-89ffd/products/25590/images/111791/4549660184287_a__87640.1507273937.350.350.jpg?c=2
gundam,model_kit,Plaza Japan,retailer,,Bandai Gundam Decal No.115 for RG 1/144 Scale Shinanju,17.26,,,USD,New,https://www.plazajapan.com/4573102611734,https://cdn11.bigcommerce.com/s-89ffd/products/27736/images/162384/4549660249146_1__38373.1536910223.350.350.jpg?c=2
gundam,model_kit,Plaza Japan,retailer,,Bandai Gundam Decal No.117 for RG 1/144 Scale OO QANT (249160),22.78,,,USD,New,https://www.plazajapan.com/4549660249160,https://cdn11.bigcommerce.com/s-89ffd/products/27738/images/119052/3__10936.1512630684.350.350.jpg?c=2
gundam,model_kit,Plaza Japan,retailer,,Bandai Gundam Decal No.119 for 1/144 Scale The Gundam Origin Series 3,8.42,,,USD,New,https://www.plazajapan.com/4573102611765,https://cdn11.bigcommerce.com/s-89ffd/products/27740/images/158427/4549660249184_1__79637.1533282407.350.350.jpg?c=2
gundam,model_kit,Plaza Japan,retailer,,Bandai Gundam Decal No.104 for 1/144 & 1/100 Iron-Blooded Orphans Series 2 (196037),2.97,,,USD,New,https://www.plazajapan.com/4573102611680,https://cdn11.bigcommerce.com/s-89ffd/products/27750/images/119093/1__22811.1512633949.350.350.jpg?c=2
gundam,model_kit,Plaza Japan,retailer,,Bandai Gundam Decal No.105 for 1/100 & 1/144 Gundam Origin Series 1,8.24,,,USD,New,https://www.plazajapan.com/4573102579690,https://cdn11.bigcommerce.com/s-89ffd/products/27751/images/119096/1__45306.1512634092.350.350.jpg?c=2
gundam,model_kit,Plaza Japan,retailer,,Bandai Gundam Decal No.106 for RG 1/144 Scale Gundam Exia (196051),147.49,,,USD,New,https://www.plazajapan.com/4549660196051,https://cdn11.bigcommerce.com/s-89ffd/products/27752/images/119098/1__42931.1512634400.350.350.jpg?c=2
gundam,model_kit,Plaza Japan,retailer,,Bandai Gundam Decal No.107 for 1/100 & 1/144 Gundam UC Series 1,8.61,,,USD,New,https://www.plazajapan.com/4573102579706,https://cdn11.bigcommerce.com/s-89ffd/products/27753/images/119100/1__62429.1512634569.350.350.jpg?c=2
gundam,model_kit,Plaza Japan,retailer,,Bandai Gundam Decal No.108 for 1/100 & 1/144 Z & ZZ Gundam Series 1 (196075),11.98,,,USD,New,https://www.plazajapan.com/4573102611697,https://cdn11.bigcommerce.com/s-89ffd/products/27754/images/119102/1__97519.1512634683.350.350.jpg?c=2
gundam,model_kit,Plaza Japan,retailer,,Bandai Gundam Decal No.110 for 1/144 Gundam MSV General Purpose 1,10.36,,,USD,New,https://www.plazajapan.com/4573102611703,https://cdn11.bigcommerce.com/s-89ffd/products/40680/images/141367/4549660212904-1__41010.1527225367.350.350.jpg?c=2
gundam,model_kit,Plaza Japan,retailer,,Bandai Gundam Decal No.112 for RG 1/144 Scale Unicorn Gundam,14.31,,,USD,New,https://www.plazajapan.com/4573102579713,https://cdn11.bigcommerce.com/s-89ffd/products/40682/images/162383/4549660212928_1__69708.1536910217.350.350.jpg?c=2
gundam,model_kit,Plaza Japan,retailer,,Bandai Gundam Decal No.113 for 1/144 Scale Gundam The Origin Multiuse 2,2.97,,,USD,New,https://www.plazajapan.com/4573102579720,https://cdn11.bigcommerce.com/s-89ffd/products/40690/images/141383/4549660212935-1__52569.1527226490.350.350.jpg?c=2
gundam,model_kit,Plaza Japan,retailer,,Bandai Gundam OO 05 Tieren Ground Type 1/144 Scale Kit,24.25,,,USD,New,https://www.plazajapan.com/4573102606396,https://cdn11.bigcommerce.com/s-89ffd/products/40729/images/578032/4573102606396_31d69776325f37caf83d5ab7d42ebf43__64978.1725858125.350.350.jpg?c=2
gundam,model_kit,Plaza Japan,retailer,,Bandai Gundam Build Divers 013 Gundam SD RX-Zeromaru Non-Scale Kit,26.44,,,USD,New,https://www.plazajapan.com/4549660303619,https://cdn11.bigcommerce.com/s-89ffd/products/42835/images/159936/4549660303619_1__06693.1535103279.350.350.jpg?c=2
gundam,model_kit,Plaza Japan,retailer,,Bandai Gundam Build Divers 018 Impulse Gundam Lancier 1/144 Scale Kit,33.51,,,USD,New,https://www.plazajapan.com/4573102553379,https://cdn11.bigcommerce.com/s-89ffd/products/45832/images/163473/4573102553379_1__68181.1538129552.350.350.jpg?c=2
gundam,model_kit,Plaza Japan,retailer,,Bandai GUNDAM RE/100 010 Gyunei Guss's Jagd Doga 1/100 scale kit,89.24,,,USD,New,https://www.plazajapan.com/4573102553317,https://cdn11.bigcommerce.com/s-89ffd/products/45841/images/162927/4573102553317_1__56650.1537515310.350.350.jpg?c=2
gundam,model_kit,Plaza Japan,retailer,,Bandai Gundam Build Divers 023 Mobile Doll Sarah 1/144 Scale Kit,27.92,,,USD,New,https://www.plazajapan.com/4573102555816,https://cdn11.bigcommerce.com/s-89ffd/products/50515/images/173768/4573102555816-1__13766.1547028220.350.350.jpg?c=2
gundam,model_kit,Plaza Japan,retailer,,SD Gundam BB senshi 290 ZGMF-X42S Destiny Gundam,23.4,,,USD,New,https://www.plazajapan.com/4573102604118,https://cdn11.bigcommerce.com/s-89ffd/products/52261/images/172794/4543112434203-1__84844.1545107910.350.350.jpg?c=2
gundam,model_kit,Plaza Japan,retailer,,Bandai Gundam Seed Ginn Type High-Maneuver  1/144 Scale Kit,26.27,,,USD,New,https://www.plazajapan.com/4573102568113,https://cdn11.bigcommerce.com/s-89ffd/products/52908/images/184323/4543112256553-1__48768.1554369433.350.350.jpg?c=2
gundam,model_kit,Plaza Japan,retailer,,Bandai Gundam EW-6 Gundam Sandrock Custom 1/100 Scale Kit,45.46,,,USD,New,https://www.plazajapan.com/4902425606262,https://cdn11.bigcommerce.com/s-89ffd/products/55397/images/183900/4902425606262-1__43777.1554273588.350.350.jpg?c=2
gundam,model_kit,Plaza Japan,retailer,,Bandai Gundam 08 RX-79 Gundam EZ-8 1/144 Scale Kit,25.09,,,USD,New,https://www.plazajapan.com/4902425597645,https://cdn11.bigcommerce.com/s-89ffd/products/55404/images/183909/4902425597645-1__27360.1554273848.350.350.jpg?c=2
gundam,model_kit,Plaza Japan,retailer,,Bandai Gundam SD-238 Gogg & Acguy & Zock Set,36.96,,,USD,New,https://www.plazajapan.com/4573102574138,https://cdn11.bigcommerce.com/s-89ffd/products/55416/images/183928/4543112128232-1__50452.1554274438.350.350.jpg?c=2
gundam,model_kit,Plaza Japan,retailer,,Bandai Gundam Decal No.18 for MG 1/100 Scale Gundam Seed,9.07,,,USD,New,https://www.plazajapan.com/4573102574909,https://cdn11.bigcommerce.com/s-89ffd/products/55479/images/184309/4543112341365-1__18517.1554369228.350.350.jpg?c=2
gundam,model_kit,Plaza Japan,retailer,,Bandai GUNDAM MSN-06S SINANJU Titanium Finish 1/144 Scale Kit,98.5,,,USD,New,https://www.plazajapan.com/4573102557353,https://cdn11.bigcommerce.com/s-89ffd/products/55493/images/184355/4543112694836-1__56285.1554371961.350.350.jpg?c=2
gundam,model_kit,Plaza Japan,retailer,,Bandai Gundam Universe ASW-G-08 GUNDAM BARBATOS Figure,16.67,,,USD,New,https://www.plazajapan.com/4573102554932,https://cdn11.bigcommerce.com/s-89ffd/products/58108/images/217421/4573102554932_f4e0e2ba9868ff7b2dd519bf5de5ea88__70079.1571382429.350.350.jpg?c=2
gundam,model_kit,Plaza Japan,retailer,,Bandai Gundam The Origin 026 RX-78-02 Gundam (Gundam The Origin Ver.) 1/144 Scale Kit,19.09,,,USD,New,https://www.plazajapan.com/4573102589293,https://cdn11.bigcommerce.com/s-89ffd/products/68838/images/237346/4573102589293_83f79a0f3f6da4a9f0259986531f55e7__40108.1584083388.350.350.jpg?c=2
gundam,model_kit,Plaza Japan,retailer,,Bandai Gundam SD-259 Strike Gundam Striker Weapon System,12.95,,,USD,New,https://www.plazajapan.com/4573102574169,https://cdn11.bigcommerce.com/s-89ffd/products/77025/images/249500/4543112237163-1__60517.1586495068.350.350.jpg?c=2
gundam,model_kit,Plaza Japan,retailer,,Bandai Gundam Universe Wing Gundam Figure,41.93,,,USD,New,https://www.plazajapan.com/4573102554918,https://cdn11.bigcommerce.com/s-89ffd/products/81054/images/270876/4573102554918_af40fcb8a3b97c493d803c05168060ef__12300.1600143970.350.350.jpg?c=2
gundam,model_kit,Plaza Japan,retailer,,Bandai Gundam Universe RX-0 Unicorn Gundam 02 Banshee Figure,37.72,,,USD,New,https://www.plazajapan.com/4573102574695,https://cdn11.bigcommerce.com/s-89ffd/products/81055/images/270882/4573102574695_ced72fa15e02416ac4c65280fe427895__45620.1600144030.350.350.jpg?c=2
gundam,model_kit,Plaza Japan,retailer,,Bandai Gundam Universe XXXG-01D Gundam Deathscythe Figure,41.67,,,USD,New,https://www.plazajapan.com/4573102554949,https://cdn11.bigcommerce.com/s-89ffd/products/81056/images/564752/4573102554949_24ca5ac1d10084cec2e0753a8590ea99__49842.1721611628.350.350.jpg?c=2
gundam,model_kit,Plaza Japan,retailer,,Bandai Gundam Universe MS-06 Char's Zaku II Figure,50.34,,,USD,New,https://www.plazajapan.com/4573102612717,https://cdn11.bigcommerce.com/s-89ffd/products/84766/images/285734/4573102612717_33743f7ffeb23e9bdb19378d9a8421c4__05083.1610509089.350.350.jpg?c=2
gundam,model_kit,Plaza Japan,retailer,,Bandai Gundam Universe RX-93 Nu Gundam Figure,94.74,,,USD,New,https://www.plazajapan.com/4573102612731,https://cdn11.bigcommerce.com/s-89ffd/products/84768/images/356714/4573102612731_eb57b567b8456f4a301d1b94048efd6a__30587.1643602242.350.350.jpg?c=2
gundam,model_kit,Plaza Japan,retailer,,Bandai Gundam Decal No.17 for MG 1/100 MS Principality of Zeon (1),2.97,,,USD,New,https://www.plazajapan.com/4573102574893,https://cdn11.bigcommerce.com/s-89ffd/products/85560/images/287436/4573102574893_2c7f36ee3364e29be6de3e2e1326c9ae__92521.1611214216.350.350.jpg?c=2
gundam,model_kit,Plaza Japan,retailer,,Bandai Gundam Decal No.22 for MG 1/100 Zeta Gundam Series,9.39,,,USD,New,https://www.plazajapan.com/4573102611352,https://cdn11.bigcommerce.com/s-89ffd/products/85561/images/287438/4573102611352_8fdc9c0e94b698247d0f4a627a3a288a__51088.1611214244.350.350.jpg?c=2
gundam,model_kit,Plaza Japan,retailer,,Bandai Gundam Decal No.28 for HGUC 1/144 MS Principality of Zeon (1),2.97,,,USD,New,https://www.plazajapan.com/4573102574961,https://cdn11.bigcommerce.com/s-89ffd/products/85562/images/287439/4573102574961_a9ab8ca4a21306faff618c1661127c10__50692.1611214266.350.350.jpg?c=2
gundam,model_kit,Plaza Japan,retailer,,Bandai Gundam Decal No.30 for HGUC 1/144 MS Earth Federation Space Force (1) (Anaheim MS),2.97,,,USD,New,https://www.plazajapan.com/4573102574985,https://cdn11.bigcommerce.com/s-89ffd/products/85564/images/287441/4573102574985_3cdd95291b7e52199e57f6c2a21e90db__40174.1611214308.350.350.jpg?c=2
gundam,model_kit,Plaza Japan,retailer,,Bandai Gundam Decal No.37 for HGUC 1/144 MS Earth Federation Space Force (2),2.97,,,USD,New,https://www.plazajapan.com/4573102611390,https://cdn11.bigcommerce.com/s-89ffd/products/85565/images/287442/4573102611390_a730707c2caf0aeb9d65d90036f06a19__45759.1611214341.350.350.jpg?c=2
gundam,model_kit,Plaza Japan,retailer,,Bandai Gundam Decal No.38 for HGUC 1/144 MS Principality of Zeon (3),2.64,,,USD,New,https://www.plazajapan.com/4573102611406,https://cdn11.bigcommerce.com/s-89ffd/products/85566/images/287443/4573102611406_5856d9a3991e3a282ed20f9ee13bd1d8__73951.1611214379.350.350.jpg?c=2
gundam,model_kit,Plaza Japan,retailer,,Bandai Gundam Decal No.39 for HGUC 1/144 MS Principality of Zeon (4),2.97,,,USD,New,https://www.plazajapan.com/4573102611413,https://cdn11.bigcommerce.com/s-89ffd/products/85567/images/287444/4573102611413_8a3d8c124fea5030b445b53eee1d6b50__85665.1611214408.350.350.jpg?c=2
gundam,model_kit,Plaza Japan,retailer,,Bandai Gundam Decal No.53 for 1/100 1/144 MS Gundam 0080 Series (1),7.45,,,USD,New,https://www.plazajapan.com/4573102611482,https://cdn11.bigcommerce.com/s-89ffd/products/85570/images/287447/4573102611482_a0641cf3cb1bda1fba4aaa593847cb06__08186.1611214536.350.350.jpg?c=2
gundam,model_kit,Plaza Japan,retailer,,Bandai Gundam Decal No.54 for 1/100 1/144 MS Gundam 0080 Series (2),2.97,,,USD,New,https://www.plazajapan.com/4573102611499,https://cdn11.bigcommerce.com/s-89ffd/products/85571/images/287448/4573102611499_27ff2672ee055b38dcd3474e8e59c84c__65358.1611214571.350.350.jpg?c=2
gundam,model_kit,Plaza Japan,retailer,,Bandai Gundam Decal No.16 for MG 1/100 MS EFSF Multiuse (1),2.97,,,USD,New,https://www.plazajapan.com/4573102574886,https://cdn11.bigcommerce.com/s-89ffd/products/85574/images/287451/4543112341341-1__29080.1611215421.350.350.jpg?c=2
gundam,model_kit,Plaza Japan,retailer,,Bandai Gundam Decal No.23 for MG 1/100 Char's Counterattack Multiuse,2.97,,,USD,New,https://www.plazajapan.com/4573102574930,https://cdn11.bigcommerce.com/s-89ffd/products/85575/images/287452/4543112341501-1__39285.1611215464.350.350.jpg?c=2
gundam,model_kit,Plaza Japan,retailer,,Bandai Gundam Decal No.47 for 1/144 Gundam 00 Multiuse (2),2.97,,,USD,New,https://www.plazajapan.com/4573102611451,https://cdn11.bigcommerce.com/s-89ffd/products/85576/images/287453/4543112537133-1__58184.1611215510.350.350.jpg?c=2
gundam,model_kit,Plaza Japan,retailer,,Bandai Gundam Decal No.71 for HGUC 1/144 Char's Counterattack,2.97,,,USD,New,https://www.plazajapan.com/4573102575111,https://cdn11.bigcommerce.com/s-89ffd/products/85577/images/287454/4543112602350-1__08851.1611215545.350.350.jpg?c=2
gundam,model_kit,Plaza Japan,retailer,,Bandai Gundam Decal No.72 for HGUC 1/144 Char's Counterattack,2.97,,,USD,New,https://www.plazajapan.com/4573102575128,https://cdn11.bigcommerce.com/s-89ffd/products/85578/images/287455/4543112602367-1__50042.1611215610.350.350.jpg?c=2
gundam,model_kit,Plaza Japan,retailer,,Bandai Gundam Universe XXXG-01H Gundam Heavyarms Figure,63.14,,,USD,New,https://www.plazajapan.com/4573102615176,https://cdn11.bigcommerce.com/s-89ffd/products/90585/images/333541/615176-1__08002.1633916440.350.350.jpg?c=2
gundam,model_kit,Plaza Japan,retailer,,Bandai Gundam Universe GN-001 Gundam Exia Figure,56.24,,,USD,New,https://www.plazajapan.com/4573102615183,https://cdn11.bigcommerce.com/s-89ffd/products/90586/images/333542/615183-1__52491.1633916620.350.350.jpg?c=2
gundam,model_kit,Plaza Japan,retailer,,Bandai Gundam Universe ZGMF-X10A Freedom Gundam Figure,41.93,,,USD,New,https://www.plazajapan.com/4573102615190,https://cdn11.bigcommerce.com/s-89ffd/products/90587/images/333543/615190-1__28670.1633916758.350.350.jpg?c=2
gundam,model_kit,Plaza Japan,retailer,,Bandai Gundam Breaker Battlogue HG 1/144 Gundam Live Lance Haven Plastic Model,31.51,,,USD,New,https://www.plazajapan.com/4573102620248,https://cdn11.bigcommerce.com/s-89ffd/products/94331/images/338786/620248-1__90188.1636419667.350.350.jpg?c=2
gundam,model_kit,Plaza Japan,retailer,,Bandai Gundam Breaker Battlogue HG 1/144 Gundam Perfect Strike Freedom Plastic Model,54.72,,,USD,New,https://www.plazajapan.com/4573102620262,https://cdn11.bigcommerce.com/s-89ffd/products/94361/images/389746/4573102620262_7c4ecca0ddc2bbcff2f1afaec35703b9__67955.1655370138.350.350.jpg?c=2
gundam,model_kit,Plaza Japan,retailer,,Bandai Gundam Breaker Battlogue HG 1/144 Blazing Gundam Plastic Model,57.18,,,USD,New,https://www.plazajapan.com/4573102620279,https://cdn11.bigcommerce.com/s-89ffd/products/94363/images/345648/4573102620279_557750b85b0a41ec7d954990764d88e7__15167.1639384152.350.350.jpg?c=2
gundam,model_kit,Plaza Japan,retailer,,Bandai Gundam Decal RG For MSZ-006 Zeta Gundam,46.23,,,USD,New,https://www.plazajapan.com/4573102575265,https://cdn11.bigcommerce.com/s-89ffd/products/98516/images/325826/4573102575265_eb0b54b1044fca18a5d65dd21c7ac2d2__59343.1630295300.350.350.jpg?c=2
gundam,model_kit,Plaza Japan,retailer,,Bandai Gundam Breaker Battlogue HG 1/144 Gundam OO Command Qan[T] Plastic Model,34.94,,,USD,New,https://www.plazajapan.com/4573102620286,https://cdn11.bigcommerce.com/s-89ffd/products/99784/images/352214/4573102620286_2accd1214e3ae655f34d9f3c59d4292c__95619.1642042204.350.350.jpg?c=2
gundam,model_kit,Plaza Japan,retailer,,Bandai Gundam Breaker Battlogue HG 1/144 Gundam Barbataurus Plastic Model,46.3,,,USD,New,https://www.plazajapan.com/4573102620255,https://cdn11.bigcommerce.com/s-89ffd/products/99786/images/389736/4573102620255_de8198d6c5609f5af11ffd586823da94__17532.1655370005.350.350.jpg?c=2
gundam,model_kit,Plaza Japan,retailer,,Bandai Gundam Universe XXXG-01S Shenlong Gundam Figure,40.22,,,USD,New,https://www.plazajapan.com/4573102632760,https://cdn11.bigcommerce.com/s-89ffd/products/105273/images/391980/4573102632760_0691b4eb81b48edd8d17451033418184__43096.1656044095.350.350.jpg?c=2
gundam,model_kit,Plaza Japan,retailer,,Bandai Gundam Universe GF13-001 NHII Master Gundam Figure,58.76,,,USD,New,https://www.plazajapan.com/4573102632777,https://cdn11.bigcommerce.com/s-89ffd/products/105274/images/391992/4573102632777_f729923cacb805691a0db4a38761f7f6__75541.1656044152.350.350.jpg?c=2
gundam,model_kit,Plaza Japan,retailer,,Bandai Gundam Universe GN-0000+GNR-010 00 RAISER 'Mobile Suit' (Gundam 00),54.55,,,USD,New,https://www.plazajapan.com/4573102637871,https://cdn11.bigcommerce.com/s-89ffd/products/109573/images/373655/4573102637871_f6c42c23b9a6df60157417bc066ea66c__66839.1649925919.350.350.jpg?c=2
gundam,model_kit,Plaza Japan,retailer,,Bandai Gundam Universe OZ-06MS LEO 'Mobile Suit Gundam Wing' Figure (Gundam W),36.4,,,USD,New,https://www.plazajapan.com/4573102637864,https://cdn11.bigcommerce.com/s-89ffd/products/109574/images/373666/4573102637864_ea7679bdb365441a66eb5e72c1947fdc__94391.1649926006.350.350.jpg?c=2
gundam,model_kit,Plaza Japan,retailer,,Bandai Gundam Universe RX-78GP01Fb Gundam Full Burnern (Mobile Suit Gundam 0083: STARDUST MEMORY),61.26,,,USD,New,https://www.plazajapan.com/4573102637857,https://cdn11.bigcommerce.com/s-89ffd/products/109575/images/413167/4573102637857_d6a4ca7579a23d73cceca6e11b685e79__94871.1663818200.350.350.jpg?c=2
gundam,model_kit,Plaza Japan,retailer,,Bandai Gundam Decal No.121 for 1/144 Gundam AGE Multiuse (1),8.29,,,USD,New,https://www.plazajapan.com/4573102619853,https://cdn11.bigcommerce.com/s-89ffd/products/109904/images/374602/4573102619853_554fa13734fc271cdce5f46ea42ba3bd__89902.1650258805.350.350.jpg?c=2
gundam,model_kit,Plaza Japan,retailer,,Bandai Gundam Decal No.129 for 1/144 Nightingale,2.97,,,USD,New,https://www.plazajapan.com/4573102621627,https://cdn11.bigcommerce.com/s-89ffd/products/109905/images/374603/4573102621627_55468cac8bcfda6de6feafe0b8cdbf5d__79309.1650259000.350.350.jpg?c=2
gundam,model_kit,Plaza Japan,retailer,,Bandai Gundam Decal No.122 for 1/144 Mobile Suit Gundam Hathaway Multiuse (1),20.88,,,USD,New,https://www.plazajapan.com/4573102619860,https://cdn11.bigcommerce.com/s-89ffd/products/112934/images/428602/4573102619860_838fa048bc90453a78ac27c3bd0fcefc__88216.1668556225.350.350.jpg?c=2
gundam,model_kit,Plaza Japan,retailer,,Bandai Gundam Decal No.131 for RG 1/144 Zeong,2.97,,,USD,New,https://www.plazajapan.com/4573102621641,https://cdn11.bigcommerce.com/s-89ffd/products/112977/images/409312/4573102621641_2f5374a74fc7fd8281caa63efcaaa368__34853.1662520730.350.350.jpg?c=2
gundam,model_kit,Plaza Japan,retailer,,Bandai Gundam Decal No.126 for RG 1/144 Sazabi,12.45,,,USD,New,https://www.plazajapan.com/4573102619907,https://cdn11.bigcommerce.com/s-89ffd/products/113735/images/409314/4573102619907_39710debdba8e3074bb2cee4d70681f2__75554.1662520815.350.350.jpg?c=2
gundam,model_kit,Plaza Japan,retailer,,Bandai Gundam Universe ASW-G-08 Gundam Barbatos Lupus Rex (Mobile Suit Gundam: Iron-Blooded Orphans),71.56,,,USD,New,https://www.plazajapan.com/4573102649973,https://cdn11.bigcommerce.com/s-89ffd/products/126846/images/448138/4573102649973_224f1d67b06c5be6f8c0bfcd8c1a1fe0__64679.1676009548.350.350.jpg?c=2
gundam,model_kit,Plaza Japan,retailer,,Bandai Gundam Universe XVX-016 Gundam Aerial (Mobile Suit Gundam: the Witch from Mercury),35.19,,,USD,New,https://www.plazajapan.com/4573102649966,https://cdn11.bigcommerce.com/s-89ffd/products/126847/images/448144/4573102649966_24abdaf40d4570e290ccba86165eae78__70704.1676009857.350.350.jpg?c=2
gundam,model_kit,Plaza Japan,retailer,,Bandai Gundam Universe GF13-017 NJ Shining Gundam (G Gundam),50.34,,,USD,New,https://www.plazajapan.com/4573102649942,https://cdn11.bigcommerce.com/s-89ffd/products/126849/images/448159/4573102649942_442180c8150749c497d4b2f3420aecbd__80761.1676011169.350.350.jpg?c=2
gundam,model_kit,Plaza Japan,retailer,,Bandai Gundam Universe OZ-00MS2 Tall Geese II (Gundam Wing),40.41,,,USD,New,https://www.plazajapan.com/4573102649959,https://cdn11.bigcommerce.com/s-89ffd/products/126850/images/448166/4573102649959_ab390a4629857f5c9706aea168168cd1__31646.1676011402.350.350.jpg?c=2
gundam,model_kit,Plaza Japan,retailer,,Bandai Gundam Universe GNT-0000 00 QAN-T (Mobile Suit Gundam 00),32.21,,,USD,New,https://www.plazajapan.com/4573102640253,https://cdn11.bigcommerce.com/s-89ffd/products/129225/images/459143/4573102640253_ef05333b5e05a6f225d2c6b834e7375e__38797.1680852161.350.350.jpg?c=2
gundam,model_kit,Plaza Japan,retailer,,Bandai Gundam Universe ZGMF-X20A STRIKE FREEDOM GUNDAM (Gundam SEED Destiny),44.43,,,USD,New,https://www.plazajapan.com/4573102640260,https://cdn11.bigcommerce.com/s-89ffd/products/129226/images/459150/4573102640260_5c8ac57da2e2e55690d63966104b2b56__12402.1680852947.350.350.jpg?c=2
gundam,model_kit,Plaza Japan,retailer,,Bandai Gundam Decal No.134 for 1/144 Gundam: The Witch from Mercury Multiuse (2),5.71,,,USD,New,https://www.plazajapan.com/4573102650825,https://cdn11.bigcommerce.com/s-89ffd/products/129531/images/460194/4573102650825_deb766918ea26cfcb97198c8e469fbfd__38640.1681346517.350.350.jpg?c=2
gundam,model_kit,Plaza Japan,retailer,,Bandai GUNDAM UNIVERSE RX-0[N] UNICORN GUNDAM 02 BANSHEE NORN (Gundam Unicorn),62.3,,,USD,New,https://www.plazajapan.com/4573102661852,https://cdn11.bigcommerce.com/s-89ffd/products/138190/images/496481/4573102661852_7c0ab74764ca942e73a9fea69d75eff3__13312.1699421565.350.350.jpg?c=2
gundam,model_kit,Plaza Japan,retailer,,Bandai GUNDAM UNIVERSE X-EX01 GUNDAM CALIBARN (Gundam: The Witch from Mercury),36.29,,,USD,New,https://www.plazajapan.com/4573102661869,https://cdn11.bigcommerce.com/s-89ffd/products/138192/images/496492/4573102661869_dc714beb594ed741b2dca7f0477481c8__37190.1699421781.350.350.jpg?c=2
gundam,model_kit,Plaza Japan,retailer,,Bandai GUNDAM UNIVERSE Gundam EX (Gundam: Requiem for Vengeance),45.46,,,USD,New,https://www.plazajapan.com/4573102662170,https://cdn11.bigcommerce.com/s-89ffd/products/144937/images/687989/bandai-gundam-universe-gundam-ex-gundam-requiem-for-vengeance__10454.1737951943.350.350.jpg?c=2
gundam,model_kit,Plaza Japan,retailer,,Bandai GUNDAM UNIVERSE ZGMF/A-262B Strike Freedom Gundam Type II (Gundam SEED Freedom),37.72,,,USD,New,https://www.plazajapan.com/4573102664235,https://cdn11.bigcommerce.com/s-89ffd/products/146370/images/699687/bandai-gundam-universe-zgmfa-262b-strike-freedom-gundam-type-ii-gundam-seed-freedom__91011.1738574616.350.350.jpg?c=2
gundam,model_kit,Plaza Japan,retailer,,Bandai GUNDAM UNIVERSE MBF-P02 Gundam Astray Red Frame (Gundam SEED Astray),36.87,,,USD,New,https://www.plazajapan.com/4573102664242,https://cdn11.bigcommerce.com/s-89ffd/products/146371/images/687974/bandai-gundam-universe-mbf-p02-gundam-astray-red-frame-gundam-seed-astray__95457.1737951928.350.350.jpg?c=2
gundam,model_kit,Plaza Japan,retailer,,Bandai GUNDAM UNIVERSE ASW-G-08 Gundam Barbatos Lupus (Mobile Suit Gundam: Iron-Blooded Orphans),46.3,,,USD,New,https://www.plazajapan.com/4573102664228,https://cdn11.bigcommerce.com/s-89ffd/products/146372/images/692249/bandai-gundam-universe-asw-g-08-gundam-barbatos-lupus-mobile-suit-gundam-iron-blooded-orphans__22717.1737958604.350.350.jpg?c=2
gundam,model_kit,Plaza Japan,retailer,,Bandai Gundam Option Parts Gunpla 08 (Bolden Arm Arms) (Gundam),7.89,,,USD,New,https://www.plazajapan.com/4573102671448,https://cdn11.bigcommerce.com/s-89ffd/products/154223/images/675346/bandai-gundam-option-parts-gunpla-08-bolden-arm-arms-gundam__26250.1737731308.350.350.jpg?c=2
gundam,model_kit,Plaza Japan,retailer,,Bandai Gundam Option Parts Gunpla 09 (Giant Gatling) (Gundam),9.2,,,USD,New,https://www.plazajapan.com/4573102671479,https://cdn11.bigcommerce.com/s-89ffd/products/154224/images/670814/bandai-gundam-option-parts-gunpla-09-giant-gatling-gundam__07141.1737724062.350.350.jpg?c=2
gundam,model_kit,Plaza Japan,retailer,,Bandai Gundam Option Parts Gunpla 10 (Galaxy Booster) (Gundam),8.42,,,USD,New,https://www.plazajapan.com/4573102671486,https://cdn11.bigcommerce.com/s-89ffd/products/154225/images/661144/bandai-gundam-option-parts-gunpla-10-galaxy-booster-gundam__72695.1737708699.350.350.jpg?c=2
gundam,model_kit,Plaza Japan,retailer,,Bandai Gundam Option Parts Gunpla 07 (Powered Arms Powereder) (Gundam),12.3,,,USD,New,https://www.plazajapan.com/4573102671462,https://cdn11.bigcommerce.com/s-89ffd/products/154226/images/674576/bandai-gundam-option-parts-gunpla-07-powered-arms-powereder-gundam__93606.1737730078.350.350.jpg?c=2
gundam,model_kit,Plaza Japan,retailer,,Bandai Gundam Option Parts Set 04 1/144 Build Hands Round Shape Plastic Model (Gundam SEED),7.51,,,USD,New,https://www.plazajapan.com/4573102667069,https://cdn11.bigcommerce.com/s-89ffd/products/154227/images/662025/bandai-gundam-option-parts-set-04-1144-build-hands-round-shape-plastic-model-gundam-seed__82252.1737710113.350.350.jpg?c=2
gundam,model_kit,Plaza Japan,retailer,,Bandai Gundam Option Parts Gunpla 05 (Universe Booster Plavsky Power Gate) (Gundam),9.71,,,USD,New,https://www.plazajapan.com/4573102671424,https://cdn11.bigcommerce.com/s-89ffd/products/154229/images/683323/bandai-gundam-option-parts-gunpla-05-universe-booster-plavsky-power-gate-gundam__41418.1737744135.350.350.jpg?c=2
gundam,model_kit,Plaza Japan,retailer,,Bandai Gundam Option Parts Gunpla 06 (Valuable Pod) (Gundam),8.94,,,USD,New,https://www.plazajapan.com/4573102671431,https://cdn11.bigcommerce.com/s-89ffd/products/154230/images/663108/bandai-gundam-option-parts-gunpla-06-valuable-pod-gundam__91868.1737711762.350.350.jpg?c=2
gundam,model_kit,Plaza Japan,retailer,,Bandai Gundam Option Parts Gunpla 11 (Barbatos Smoothbore Gun) (Gundam),13.45,,,USD,New,https://www.plazajapan.com/4573102671523,https://cdn11.bigcommerce.com/s-89ffd/products/155697/images/642259/bandai-gundam-option-parts-gunpla-11-barbatos-smoothbore-gun-gundam__87989.1737449063.350.350.jpg?c=2
gundam,model_kit,Plaza Japan,retailer,,Bandai GUNDAM UNIVERSE Zaku II (Unidentified Type) Solari (Gundam: Requiem for Vengeance),35.95,,,USD,New,https://www.plazajapan.com/4573102667571,https://cdn11.bigcommerce.com/s-89ffd/products/155811/images/675706/bandai-gundam-universe-zaku-ii-unidentified-type-solari-gundam-requiem-for-vengeance__50416.1737731931.350.350.jpg?c=2
gundam,model_kit,Plaza Japan,retailer,,Bandai Gundam Option Parts Gunpla 13 (Battle Arm Arms),10.89,,,USD,New,https://www.plazajapan.com/4573102674296,https://cdn11.bigcommerce.com/s-89ffd/products/164733/images/629292/bandai-gundam-option-parts-gunpla-13-battle-arm-arms__46743.1737080810.350.350.jpg?c=2
gundam,model_kit,Plaza Japan,retailer,,Bandai GUNDAM UNIVERSE XXXG-00W0 Wing Gundam Zero (Mobile Suit Gundam Wing),30.98,,,USD,New,https://www.plazajapan.com/4573102675279,https://cdn11.bigcommerce.com/s-89ffd/products/167481/images/618586/bandai-gundam-universe-xxxg-00w0-wing-gundam-zero-mobile-suit-gundam-wing__86328.1736919369.350.350.jpg?c=2
gundam,model_kit,Plaza Japan,retailer,,Bandai Gundam Decal No.139 (Mobile Suit Gundam GQuuuuuuX),5.31,,,USD,New,https://www.plazajapan.com/4573102686916,https://cdn11.bigcommerce.com/s-89ffd/products/175558/images/750335/4573102686916_4a09f7ea218c11f87aea5675526af223__23672.1746682793.350.350.jpg?c=2
gundam,model_kit,Gundam Planet,retailer,us,MGEX ZGMF-X20A Strike Freedom Gundam,184.95,,,USD,New,https://www.gundamplanet.com/products/mgex-zgmf-x20a-strike-freedom-gundam?_pos=1&_sid=25502266f&_ss=r&_fid=f9fe3954f,https://www.gundamplanet.com/cdn/shop/files/mgex-zgmf-x20a-strike-freedom-gundam-gp.jpg?v=1737709982&width=533
gundam,model_kit,Gundam Planet,retailer,us,MG ASW-G-08 Gundam Barbatos Lupus,84.95,,,USD,New,https://www.gundamplanet.com/products/mg-asw-g-08-gundam-barbatos-lupus?_pos=2&_sid=25502266f&_ss=r&_fid=f9fe3954f,https://www.gundamplanet.com/cdn/shop/files/mg-asw-g-08-gundam-barbatos-lupus-base.jpg?v=1763409928&width=533
gundam,model_kit,Gundam Planet,retailer,us,HG Gundam Aerial,18.95,,,USD,New,https://www.gundamplanet.com/products/hg-gundam-aerial?_pos=3&_sid=25502266f&_ss=r&_fid=f9fe3954f,https://www.gundamplanet.com/cdn/shop/files/hg-gundam-aerial-gp.jpg?v=1737712893&width=533
gundam,model_kit,Gundam Planet,retailer,us,MGSD Gundam Aerial,50.95,,,USD,New,https://www.gundamplanet.com/products/mgsd-gundam-aerial?_pos=4&_sid=25502266f&_ss=r&_fid=f9fe3954f,https://www.gundamplanet.com/cdn/shop/files/mgsd-gundam-aerial-base2.jpg?v=1755541555&width=533
gundam,model_kit,Gundam Planet,retailer,us,RG GF13-017NJ Shining Gundam,42.95,,,USD,New,https://www.gundamplanet.com/products/rg-gf13-017nj-shining-gundam?_pos=5&_sid=25502266f&_ss=r&_fid=f9fe3954f,https://www.gundamplanet.com/cdn/shop/files/rg-gf13-017nj-shining-gundam-base.jpg?v=1750793537&width=533
gundam,model_kit,Gundam Planet,retailer,us,RG XXXG-00W0 Wing Gundam Zero,54.95,,,USD,New,https://www.gundamplanet.com/products/rg-xxxg-00w0-wing-gundam-zero?_pos=6&_sid=25502266f&_ss=r&_fid=f9fe3954f,https://www.gundamplanet.com/cdn/shop/files/rg-xxxg-00w0-wing-gundam-zero-base.jpg?v=1758835725&width=533
gundam,model_kit,Gundam Planet,retailer,us,PG Unleashed RX-78-2 Gundam,298.95,,,USD,New,https://www.gundamplanet.com/products/pg-unleashed-rx-78-2-gundam?_pos=7&_sid=25502266f&_ss=r&_fid=f9fe3954f,https://www.gundamplanet.com/cdn/shop/files/pg-unleashed-rx-78-2-gundam-gp.jpg?v=1737685585&width=533
gundam,model_kit,Gundam Planet,retailer,us,HG gMS-α Red Gundam,30.95,,,USD,New,https://www.gundamplanet.com/products/hg-red-gundam?_pos=8&_sid=25502266f&_ss=r&_fid=f9fe3954f,https://www.gundamplanet.com/cdn/shop/files/hg-red-gundam-base.jpg?v=1748295768&width=533
gundam,model_kit,Gundam Planet,retailer,us,RG RX-93-2 Hi-Nu Gundam,62.95,,,USD,New,https://www.gundamplanet.com/products/rg-rx-93-2-hi-nu-gundam?_pos=9&_sid=25502266f&_ss=r&_fid=f9fe3954f,https://www.gundamplanet.com/cdn/shop/files/rg-rx-93-2-hi-nu-gundam-gp.jpg?v=1737691601&width=533
gundam,model_kit,Gundam Planet,retailer,us,PG Unleashed RX-93 Nu Gundam,689.95,,,USD,New,https://www.gundamplanet.com/products/pg-unleashed-rx-93-nu-gundam?_pos=10&_sid=25502266f&_ss=r&_fid=f9fe3954f,https://www.gundamplanet.com/cdn/shop/files/pg-unleashed-rx-93-nu-gundam-base2.jpg?v=1769728142&width=533
gundam,model_kit,Gundam Planet,retailer,us,HG RX-78-02 Gundam (Gundam The Origin Ver.),32.95,,,USD,New,https://www.gundamplanet.com/products/hg-rx-78-02-gundam-gundam-the-origin-ver?_pos=11&_sid=25502266f&_ss=r&_fid=f9fe3954f,https://www.gundamplanet.com/cdn/shop/files/hg-gundam-the-origin-ver-gp.jpg?v=1737680628&width=533
gundam,model_kit,Gundam Planet,retailer,us,HGAC XXXG-01D2 Gundam Deathscythe Hell,28.95,,,USD,New,https://www.gundamplanet.com/products/hgac-xxxg-01d2-gundam-deathscythe-hell?_pos=12&_sid=25502266f&_ss=r&_fid=f9fe3954f,https://www.gundamplanet.com/cdn/shop/files/hgac-xxxg-01d2-gundam-deathscythe-hell-gp.jpg?v=1741724976&width=533
gundam,model_kit,Gundam Planet,retailer,us,Entry Grade RX-78-2 Gundam,9.95,,,USD,New,https://www.gundamplanet.com/products/entry-grade-rx-78-2-gundam?_pos=13&_sid=25502266f&_ss=r&_fid=f9fe3954f,https://www.gundamplanet.com/cdn/shop/files/eg-rx-78-2-gundam-gpr.jpg?v=1737683082&width=533
gundam,model_kit,Gundam Planet,retailer,us,MG XXXG-00W0 Wing Gundam Zero Custom Ver.Ka,74.95,,,USD,New,https://www.gundamplanet.com/products/mg-xxxg-00w0-wing-gundam-zero-custom-ver-ka?_pos=14&_sid=25502266f&_ss=r&_fid=f9fe3954f,https://www.gundamplanet.com/cdn/shop/files/mg-xxxg-00w0-wing-gundam-zero-custom-ver-ka-gpr.jpg?v=1737682848&width=533
gundam,model_kit,Gundam Planet,retailer,us,HGCE ZGMF-X666S Legend Gundam,36.95,,,USD,New,https://www.gundamplanet.com/products/hgce-zgmf-x666s-legend-gundam?_pos=15&_sid=25502266f&_ss=r&_fid=f9fe3954f,https://www.gundamplanet.com/cdn/shop/files/hgce-zgmf-x666s-legend-gundam-base.jpg?v=1769453714&width=533
gundam,model_kit,Gundam Planet,retailer,us,SD Gundam EX-Standard RX-78-2 Gundam / Hello Kitty Set,32.95,,,USD,New,https://www.gundamplanet.com/products/sd-gundam-ex-standard-rx-78-2-gundam-hello-kitty-set?_pos=16&_sid=25502266f&_ss=r&_fid=f9fe3954f,https://www.gundamplanet.com/cdn/shop/files/sdex-gundam-gundam-hello-kitty-set-gp.jpg?v=1737679324&width=533
gundam,model_kit,Gundam Planet,retailer,us,HG RX-78-02 White Gundam,26.95,,,USD,New,https://www.gundamplanet.com/products/hg-rx-78-02-white-gundam?_pos=17&_sid=25502266f&_ss=r&_fid=f9fe3954f,https://www.gundamplanet.com/cdn/shop/files/hg-rx-78-02-white-gundam-base_859b37e0-e443-4052-bd81-fa2dbee0d190.jpg?v=1764626591&width=533
gundam,model_kit,Gundam Planet,retailer,us,Entry Grade Wing Gundam,12.95,,,USD,New,https://www.gundamplanet.com/products/entry-grade-wing-gundam?_pos=18&_sid=25502266f&_ss=r&_fid=f9fe3954f,https://www.gundamplanet.com/cdn/shop/files/entry-grade-wing-gundam-base.jpg?v=1760370118&width=533
gundam,model_kit,Gundam Planet,retailer,us,MGSD Freedom Gundam,54.95,,,USD,New,https://www.gundamplanet.com/products/mgsd-freedom-gundam?_pos=19&_sid=25502266f&_ss=r&_fid=f9fe3954f,https://www.gundamplanet.com/cdn/shop/files/mgsd-freedom-gundam-gp.jpg?v=1737713039&width=533
gundam,model_kit,Gundam Planet,retailer,us,MG FA-78-1 Full Armor Gundam,68.95,,,USD,New,https://www.gundamplanet.com/products/mg-fa-78-1-full-armor-gundam?_pos=20&_sid=25502266f&_ss=r&_fid=f9fe3954f,https://www.gundamplanet.com/cdn/shop/files/mg-fa-78-1-full-armor-gundam-00.jpg?v=1737660003&width=533
gundam,model_kit,Gundam Planet,retailer,us,1/144 RX-78F00/E Gundam (EX-001 G.L.R.S.S. Feather Unit),46.95,,,USD,New,https://www.gundamplanet.com/products/1-144-rx-78f00-e-gundam-ex-001-g-l-r-s-s-feather-unit?_pos=21&_sid=25502266f&_ss=r&_fid=f9fe3954f,https://www.gundamplanet.com/cdn/shop/files/1-144-rx-78f00-e-gundam-ex-001-g-l-r-s-s-feather-unit-base.jpg?v=1763661827&width=533
gundam,model_kit,Gundam Planet,retailer,us,HGAC XXXG-01H2 Gundam Heavyarms Custom,24.95,,,USD,New,https://www.gundamplanet.com/products/hgac-xxxg-01h2-gundam-heavyarms-custom?_pos=22&_sid=25502266f&_ss=r&_fid=f9fe3954f,https://www.gundamplanet.com/cdn/shop/files/hgac-xxxg-01h2-gundam-heavyarms-custom-gp.jpg?v=1741725257&width=533
gundam,model_kit,Gundam Planet,retailer,us,HG Gundam Aerial Rebuild,24.95,,,USD,New,https://www.gundamplanet.com/products/hg-gundam-aerial-rebuild?_pos=23&_sid=25502266f&_ss=r&_fid=f9fe3954f,https://www.gundamplanet.com/cdn/shop/files/hg-gundam-aerial-rebuild-gp.jpg?v=1737714568&width=533
gundam,model_kit,Gundam Planet,retailer,us,MG RX-93-2 Hi-Nu Gundam Ver.Ka,90.95,,,USD,New,https://www.gundamplanet.com/products/mg-rx-93-2-hi-nu-gundam-ver-ka?_pos=24&_sid=25502266f&_ss=r&_fid=f9fe3954f,https://www.gundamplanet.com/cdn/shop/files/mg-rx-93-2-hi-nu-gundam-ver-ka-00_1.jpg?v=1737663005&width=533
gundam,model_kit,Gundam Planet,retailer,us,HGCE ZGMF/A-42S2 Destiny Gundam Spec II & Zeus Silhouette,88.95,,,USD,New,https://www.gundamplanet.com/products/hgce-zgmf-a-42s2-destiny-gundam-spec-ii-zeus-silhouette?_pos=25&_sid=25502266f&_ss=r&_fid=f9fe3954f,https://www.gundamplanet.com/cdn/shop/files/hgce-zgmf-a-42s2-destiny-gundam-spec-ii-zeus-silhouette-gp.jpg?v=1737742518&width=533
gundam,model_kit,Gundam Planet,retailer,us,HG IBO Gundam Zagan,36.95,,,USD,New,https://www.gundamplanet.com/products/hg-ibo-gundam-zagan?_pos=26&_sid=25502266f&_ss=r&_fid=f9fe3954f,https://www.gundamplanet.com/cdn/shop/files/hg-ibo-gundam-zagan-base2.jpg?v=1764627317&width=533
gundam,model_kit,Gundam Planet,retailer,us,MG FA-010S Full Armor ZZ Gundam Ver.Ka,144.95,,,USD,New,https://www.gundamplanet.com/products/mg-fa-010s-full-armor-zz-gundam-ver-ka?_pos=27&_sid=25502266f&_ss=r&_fid=f9fe3954f,https://www.gundamplanet.com/cdn/shop/files/mg-full-armor-zz-gundam-base.jpg?v=1771440060&width=533
gundam,model_kit,Gundam Planet,retailer,us,HGAC XXXG-01SR2 Gundam Sandrock Custom,24.95,,,USD,New,https://www.gundamplanet.com/products/hgac-xxxg-01sr2-gundam-sandrock-custom?_pos=28&_sid=25502266f&_ss=r&_fid=f9fe3954f,https://www.gundamplanet.com/cdn/shop/files/hgac-xxxg-01sr2-gundam-sandrock-custom-gp.jpg?v=1741725469&width=533
gundam,model_kit,Gundam Planet,retailer,us,1/144 RX-78F00/E Gundam (EX-001 G.L.R.S.S. Feather Unit) Chemical Recycle Ver.,46.95,,,USD,New,https://www.gundamplanet.com/products/1-144-rx-78f00-e-gundam-ex-001-g-l-r-s-s-feather-unit-chemical-recycle-ver?_pos=29&_sid=25502266f&_ss=r&_fid=f9fe3954f,https://www.gundamplanet.com/cdn/shop/files/1-144-rx-78f00-e-gundam-ex-001-g-l-r-s-s-feather-unit-chemical-recycle-ver-base2.jpg?v=1763662521&width=533
gundam,model_kit,Gundam Planet,retailer,us,HG gMS-κ GFreD (Gundam FreD),28.95,,,USD,New,https://www.gundamplanet.com/products/hg-gms-k-gfred-gundam-fred?_pos=30&_sid=25502266f&_ss=r&_fid=f9fe3954f,https://www.gundamplanet.com/cdn/shop/files/hg-gfred-gundam-fred-base.jpg?v=1753721601&width=533
gundam,model_kit,Gundam Planet,retailer,us,HGAC XXXG-01S2 Altron Gundam,28.95,,,USD,New,https://www.gundamplanet.com/products/hgac-xxxg-01s2-altron-gundam?_pos=31&_sid=25502266f&_ss=r&_fid=f9fe3954f,https://www.gundamplanet.com/cdn/shop/files/hgac-xxxg-01s2-altron-gundam-gp2.jpg?v=1741724547&width=533
gundam,model_kit,Gundam Planet,retailer,us,HGUC MRX-009 Psycho Gundam,68.95,,,USD,New,https://www.gundamplanet.com/products/hguc-mrx-009-psycho-gundam?_pos=32&_sid=25502266f&_ss=r&_fid=f9fe3954f,https://www.gundamplanet.com/cdn/shop/files/hguc-mrx-009-psycho-gundam-gp.jpg?v=1737658783&width=533
gundam,model_kit,Gundam Planet,retailer,us,MGSD Destiny Gundam,54.95,,,USD,New,https://www.gundamplanet.com/products/mgsd-destiny-gundam?_pos=33&_sid=25502266f&_ss=r&_fid=f9fe3954f,https://www.gundamplanet.com/cdn/shop/files/mgsd-destiny-gundam-base.jpg?v=1771440407&width=533
gundam,model_kit,Gundam Planet,retailer,us,RG RX-0 Unicorn Gundam,52.95,,,USD,New,https://www.gundamplanet.com/products/rg-rx-0-unicorn-gundam?_pos=34&_sid=25502266f&_ss=r&_fid=f9fe3954f,https://www.gundamplanet.com/cdn/shop/files/rg-rx-0-unicorn-gundam-00.jpg?v=1737669356&width=533
gundam,model_kit,Gundam Planet,retailer,us,RG RX-79[G] Gundam Ground Type,52.95,,,USD,New,https://www.gundamplanet.com/products/rg-rx-79g-gundam-ground-type?_pos=35&_sid=25502266f&_ss=r&_fid=f9fe3954f,https://www.gundamplanet.com/cdn/shop/files/rg-rx-79g-gundam-ground-type-00.jpg?v=1787785290&width=533
gundam,model_kit,Gundam Planet,retailer,us,HG Gundam 00 Diver Arc,32.95,,,USD,New,https://www.gundamplanet.com/products/hg-gundam-00-diver-arc?_pos=36&_sid=25502266f&_ss=r&_fid=f9fe3954f,https://www.gundamplanet.com/cdn/shop/files/hg-gundam-00-diver-arc-gp.jpg?v=1737723208&width=533
gundam,model_kit,Gundam Planet,retailer,us,MG RX-78-2 Gundam Ver 3.0,62.95,,,USD,New,https://www.gundamplanet.com/products/mg-rx-78-2-gundam-ver-3-0?_pos=37&_sid=25502266f&_ss=r&_fid=f9fe3954f,https://www.gundamplanet.com/cdn/shop/files/mg-rx-78-2-gundam-ver-3-0-00_1.jpg?v=1737662037&width=533
gundam,model_kit,Gundam Planet,retailer,us,RG GF13-017NJII God Gundam (Burning Gundam),50.95,,,USD,New,https://www.gundamplanet.com/products/rg-gf13-017njii-god-gundam?_pos=38&_sid=25502266f&_ss=r&_fid=f9fe3954f,https://www.gundamplanet.com/cdn/shop/files/rg-gf13-017njii-god-gundam-gp.jpg?v=1737702404&width=533
gundam,model_kit,Gundam Planet,retailer,us,MG RX-9/C Narrative Gundam C-Packs Ver.Ka,78.95,,,USD,New,https://www.gundamplanet.com/products/mg-rx-9-c-narrative-gundam-c-packs-ver-ka?_pos=39&_sid=25502266f&_ss=r&_fid=f9fe3954f,https://www.gundamplanet.com/cdn/shop/files/mg-narrative-gundam-c-packs-ver-ka-gp.jpg?v=1737732982&width=533
gundam,model_kit,Gundam Planet,retailer,us,HG IBO Gundam Barbatos Lupus,16.95,,,USD,New,https://www.gundamplanet.com/products/hg-ibo-gundam-barbatos-lupus?_pos=40&_sid=25502266f&_ss=r&_fid=f9fe3954f,https://www.gundamplanet.com/cdn/shop/files/hg-ibo-gundam-barbatos-lupus-00.jpg?v=1737664944&width=533
gundam,model_kit,Gundam Planet,retailer,us,MG WD-M01 Turn A Gundam,52.95,,,USD,New,https://www.gundamplanet.com/products/mg-wd-m01-turn-a-gundam?_pos=41&_sid=25502266f&_ss=r&_fid=f9fe3954f,https://www.gundamplanet.com/cdn/shop/files/mg-wd-m01-turn-a-gundam-00.jpg?v=1737659417&width=533
gundam,model_kit,Gundam Planet,retailer,us,MG RX-0 Full Armor Unicorn Gundam Ver.Ka,104.95,,,USD,New,https://www.gundamplanet.com/products/mg-rx-0-full-armor-unicorn-gundam-ver-ka?_pos=42&_sid=25502266f&_ss=r&_fid=f9fe3954f,https://www.gundamplanet.com/cdn/shop/files/mg-rx-0-full-armor-unicorn-gundam-ver-ka-00.jpg?v=1737661298&width=533
gundam,model_kit,Gundam Planet,retailer,us,HG Gundam Helios,28.95,,,USD,New,https://www.gundamplanet.com/products/hg-gundam-helios?_pos=43&_sid=25502266f&_ss=r&_fid=f9fe3954f,https://www.gundamplanet.com/cdn/shop/files/hg-gundam-helios-gp.jpg?v=1737694501&width=533
gundam,model_kit,Gundam Planet,retailer,us,[DX03] Gundam Assemble Deluxe Set 03,162.95,,,USD,New,https://www.gundamplanet.com/products/dx03-gundam-assemble-deluxe-set-03?_pos=44&_sid=25502266f&_ss=r&_fid=f9fe3954f,https://www.gundamplanet.com/cdn/shop/files/dx03-gundam-assemble-deluxe-set-03-gp.jpg?v=1784315437&width=533
gundam,model_kit,Gundam Planet,retailer,us,Metal Build Strike Freedom Gundam Revival Ver.,350.95,,,USD,New,https://www.gundamplanet.com/products/metal-build-strike-freedom-gundam-revival-ver?_pos=45&_sid=25502266f&_ss=r&_fid=f9fe3954f,https://www.gundamplanet.com/cdn/shop/files/metal-build-strike-freedom-gundam-revival-ver1.jpg?v=1772591771&width=533
gundam,model_kit,Gundam Planet,retailer,us,HG Gundam Calibarn,24.95,,,USD,New,https://www.gundamplanet.com/products/hg-gundam-calibarn?_pos=46&_sid=25502266f&_ss=r&_fid=f9fe3954f,https://www.gundamplanet.com/cdn/shop/files/hg-gundam-calibarn-gp.jpg?v=1737719019&width=533
gundam,model_kit,Gundam Planet,retailer,us,HGAC XXXG-01SR2 Gundam Sandrock Custom (EW Ver.),46.95,,,USD,New,https://www.gundamplanet.com/products/hgac-xxxg-01sr2-gundam-sandrock-custom-ew-ver?_pos=47&_sid=25502266f&_ss=r&_fid=f9fe3954f,https://www.gundamplanet.com/cdn/shop/files/hgac-xxxg-01sr2-gundam-sandrock-custom-ew-ver-base.jpg?v=1780335427&width=533
gundam,model_kit,Gundam Planet,retailer,us,MG GF13-017NJII God Gundam (Burning Gundam),34.95,,,USD,New,https://www.gundamplanet.com/products/mg-gf13-017njii-god-gundam?_pos=49&_sid=25502266f&_ss=r&_fid=f9fe3954f,https://www.gundamplanet.com/cdn/shop/files/mg-gf13-017njii-god-gundam-00.jpg?v=1737659210&width=533
gundam,model_kit,Gundam Planet,retailer,us,Gundam Universe - Mighty Strike Freedom Gundam,35.95,,,USD,New,https://www.gundamplanet.com/products/gundam-universe-mighty-strike-freedom-gundam?_pos=50&_sid=25502266f&_ss=r&_fid=f9fe3954f,https://www.gundamplanet.com/cdn/shop/files/gundam-universe-mighty-strike-freedom-gundam_1.jpg?v=1765078177&width=533
gundam,model_kit,Gundam Planet,retailer,us,MG MSZ-006 Zeta Gundam Ver.Ka,88.95,,,USD,New,https://www.gundamplanet.com/products/mg-msz-006-zeta-gundam-ver-ka?_pos=51&_sid=25502266f&_ss=r&_fid=f9fe3954f,https://www.gundamplanet.com/cdn/shop/files/mg-msz-006-zeta-gundam-ver-ka-gpt.jpg?v=1737713212&width=533
gundam,model_kit,Gundam Planet,retailer,us,HG MS-06-SSP Police Zaku,24.95,,,USD,New,https://www.gundamplanet.com/products/hg-ms-06-ssp-police-zaku?_pos=52&_sid=25502266f&_ss=r&_fid=f9fe3954f,https://www.gundamplanet.com/cdn/shop/files/hg-police-zaku-base2.jpg?v=1744075513&width=533
gundam,model_kit,Gundam Planet,retailer,us,HGUC RX-78GP02 Gundam GP02 Type MLRS,30.95,,,USD,New,https://www.gundamplanet.com/products/hguc-rx-78gp02-gundam-gp02-type-mlrs?_pos=53&_sid=25502266f&_ss=r&_fid=f9fe3954f,https://www.gundamplanet.com/cdn/shop/files/hguc-rx-78gp02-gundam-gp02-type-mlrs-00.jpg?v=1781201074&width=533
gundam,model_kit,Gundam Planet,retailer,us,MG F-91 Gundam F91 Ver 2.0,54.95,,,USD,New,https://www.gundamplanet.com/products/mg-f-91-gundam-f91-ver-2-0?_pos=54&_sid=25502266f&_ss=r&_fid=f9fe3954f,https://www.gundamplanet.com/cdn/shop/files/mg-gundam-f91-ver-2-gp.jpg?v=1737671977&width=533
gundam,model_kit,Gundam Planet,retailer,us,MG MSN-04 Sazabi Ver.Ka,118.95,,,USD,New,https://www.gundamplanet.com/products/mg-msn-04-sazabi-ver-ka?_pos=55&_sid=25502266f&_ss=r&_fid=f9fe3954f,https://www.gundamplanet.com/cdn/shop/files/mg-msn-04-sazabi-ver-ka-00.jpg?v=1737662453&width=533
gundam,model_kit,Gundam Planet,retailer,us,HGUC MSN-04 II Nightingale,90.95,,,USD,New,https://www.gundamplanet.com/products/hguc-msn-04-ii-nightingale?_pos=56&_sid=25502266f&_ss=r&_fid=f9fe3954f,https://www.gundamplanet.com/cdn/shop/files/hguc-msn-04-ii-nightingale-gp.jpg?v=1737692548&width=533
gundam,model_kit,Gundam Planet,retailer,us,MG GX-9900 Gundam X,52.95,,,USD,New,https://www.gundamplanet.com/products/mg-gx-9900-gundam-x?_pos=57&_sid=25502266f&_ss=r&_fid=f9fe3954f,https://www.gundamplanet.com/cdn/shop/files/mg-gx-9900-gundam-x-base.jpg?v=1785790150&width=533
gundam,model_kit,Gundam Planet,retailer,us,MG OZ-13MS Gundam Epyon EW Ver.,56.95,,,USD,New,https://www.gundamplanet.com/products/mg-oz-13ms-gundam-epyon-ew-ver?_pos=59&_sid=25502266f&_ss=r&_fid=f9fe3954f,https://www.gundamplanet.com/cdn/shop/files/mg-oz-13ms-gundam-epyon-ew-ver-00.jpg?v=1737660891&width=533
gundam,model_kit,Gundam Planet,retailer,us,RE/100 RX-78 GP04G Gundam Gerbera,50.95,,,USD,New,https://www.gundamplanet.com/products/re-1-100-rx-78-gp04g-gundam-gerbera?_pos=60&_sid=25502266f&_ss=r&_fid=f9fe3954f,https://www.gundamplanet.com/cdn/shop/files/re-1-100-rx-78-gp04g-gundam-gerbera-base2.jpg?v=1787778698&width=533
gundam,model_kit,Gundam Planet,retailer,us,MG MVF-X08 Eclipse Gundam,68.95,,,USD,New,https://www.gundamplanet.com/products/mg-mvf-x08-eclipse-gundam?_pos=61&_sid=25502266f&_ss=r&_fid=f9fe3954f,https://www.gundamplanet.com/cdn/shop/files/mg-mvf-x08-eclipse-gundam-gp.jpg?v=1737692033&width=533
gundam,model_kit,Gundam Planet,retailer,us,MG RX-78-2 Gundam Ver.Ka,38.95,,,USD,New,https://www.gundamplanet.com/products/mg-rx-78-2-gundam-ver-ka?_pos=64&_sid=25502266f&_ss=r&_fid=f9fe3954f,https://www.gundamplanet.com/cdn/shop/files/mg-rx-78-2-gundam-ver-ka-00_1.jpg?v=1737659242&width=533
gundam,model_kit,Gundam Planet,retailer,us,HGUC MSN-001 Delta Gundam,52.95,,,USD,New,https://www.gundamplanet.com/products/hguc-msn-001-delta-gundam?_pos=65&_sid=25502266f&_ss=r&_fid=f9fe3954f,https://www.gundamplanet.com/cdn/shop/files/hguc-msn-001-delta-gundam-base.jpg?v=1754699521&width=533
gundam,model_kit,Gundam Planet,retailer,us,RG MBF-P02 Gundam Astray Red Frame,34.95,,,USD,New,https://www.gundamplanet.com/products/rg-mbf-p02-gundam-astray-red-frame?_pos=67&_sid=25502266f&_ss=r&_fid=f9fe3954f,https://www.gundamplanet.com/cdn/shop/files/rg-mbf-p02-gundam-astray-red-frame-00.jpg?v=1737663597&width=533
gundam,model_kit,Gundam Planet,retailer,us,MG ASW-G-08 Gundam Barbatos,60.95,,,USD,New,https://www.gundamplanet.com/products/mg-asw-g-08-gundam-barbatos?_pos=68&_sid=25502266f&_ss=r&_fid=f9fe3954f,https://www.gundamplanet.com/cdn/shop/files/mg-asw-g-08-gundam-barbatos-gp.jpg?v=1737677587&width=533
gundam,model_kit,Gundam Planet,retailer,us,MG XXXG-01D Gundam Deathscythe EW Ver.,44.95,,,USD,New,https://www.gundamplanet.com/products/mg-xxxg-01d-gundam-deathscythe-ew-ver?_pos=69&_sid=25502266f&_ss=r&_fid=f9fe3954f,https://www.gundamplanet.com/cdn/shop/files/mg-xxxg-01d-gundam-deathscythe-ew-ver-00.jpg?v=1737659951&width=533
gundam,model_kit,Gundam Planet,retailer,us,Lucrea: Hatsune Miku X Wing Gundam Zero EW (Mobile Suit Gundam 45th Anniversary),337.95,,,USD,New,https://www.gundamplanet.com/products/lucrea-hatsune-miku-x-wing-gundam-zero-ew-mobile-suit-gundam-45th-anniversary?_pos=70&_sid=25502266f&_ss=r&_fid=f9fe3954f,https://www.gundamplanet.com/cdn/shop/files/1-15-dragon-call-bladepoint-x-kunio-okawara-model-kit-fr.jpg?v=1755125848&width=533
gundam,model_kit,Gundam Planet,retailer,us,MG RX-0 Unicorn Gundam,66.95,,,USD,New,https://www.gundamplanet.com/products/mg-rx-0-unicorn-gundam?_pos=71&_sid=25502266f&_ss=r&_fid=f9fe3954f,https://www.gundamplanet.com/cdn/shop/files/mg-rx-0-unicorn-gundam-00.jpg?v=1737659864&width=533
gundam,model_kit,Gundam Planet,retailer,us,MG GF13-001NHII Master Gundam,38.95,,,USD,New,https://www.gundamplanet.com/products/mg-gf13-001nhii-master-gundam?_pos=72&_sid=25502266f&_ss=r&_fid=f9fe3954f,https://www.gundamplanet.com/cdn/shop/files/mg-gf13-001nhii-master-gundam-00.jpg?v=1737659227&width=533
gundam,model_kit,Gundam Planet,retailer,us,MGSD Gundam Barbatos,54.95,,,USD,New,https://www.gundamplanet.com/products/mgsd-gundam-barbatos?_pos=73&_sid=25502266f&_ss=r&_fid=f9fe3954f,https://www.gundamplanet.com/cdn/shop/files/mgsd-gundam-barbatos-gp.jpg?v=1737724361&width=533
gundam,model_kit,Gundam Planet,retailer,us,HGBF Lightning Zeta Gundam,30.95,,,USD,New,https://www.gundamplanet.com/products/hgbf-lightning-zeta-gundam?_pos=74&_sid=25502266f&_ss=r&_fid=f9fe3954f,https://www.gundamplanet.com/cdn/shop/files/hgbf-lightning-zeta-gundam-00.jpg?v=1737663580&width=533
gundam,model_kit,Gundam Planet,retailer,us,HGAC XXXG-01D Gundam Deathscythe,20.95,,,USD,New,https://www.gundamplanet.com/products/hgac-xxxg-01d-gundam-deathscythe?_pos=75&_sid=25502266f&_ss=r&_fid=f9fe3954f,https://www.gundamplanet.com/cdn/shop/files/hgac-xxxg-01d-gundam-deathscythe-gp.jpg?v=1737689398&width=533
gundam,model_kit,Gundam Planet,retailer,us,HGAC XXXG-01D Gundam Deathscythe,20.95,,,USD,New,https://www.gundamplanet.com/products/hgac-xxxg-01d-gundam-deathscythe?_pos=76&_sid=25502266f&_ss=r&_fid=f9fe3954f,https://www.gundamplanet.com/cdn/shop/files/hgac-xxxg-01d-gundam-deathscythe-gp.jpg?v=1737689398&width=533
gundam,model_kit,Gundam Planet,retailer,us,HG00 Gundam Dynames,18.95,,,USD,New,https://www.gundamplanet.com/products/hg00-gundam-dynames?_pos=77&_sid=25502266f&_ss=r&_fid=f9fe3954f,https://www.gundamplanet.com/cdn/shop/files/hg00-gundam-dynames-01.jpg?v=1737659987&width=533
gundam,model_kit,Gundam Planet,retailer,us,MG MSZ-010 ZZ Gundam Ver.Ka,78.95,,,USD,New,https://www.gundamplanet.com/products/mg-msz-010-zz-gundam-ver-ka?_pos=78&_sid=25502266f&_ss=r&_fid=f9fe3954f,https://www.gundamplanet.com/cdn/shop/files/mg-msz-010-zz-gundam-ver-ka-00.jpg?v=1737669692&width=533
gundam,model_kit,Gundam Planet,retailer,us,HG00 Cherudim Gundam GNHW/R,26.95,,,USD,New,https://www.gundamplanet.com/products/hg00-cherudim-gundam-gnhw-r?_pos=79&_sid=25502266f&_ss=r&_fid=f9fe3954f,https://www.gundamplanet.com/cdn/shop/files/hg00-cherudim-gundam-gnhw-r-00.jpg?v=1737660167&width=533
gundam,model_kit,Gundam Planet,retailer,us,HGCE ZGMF-X191M2 Infinite Justice Gundam Type II,32.95,,,USD,New,https://www.gundamplanet.com/products/hgce-zgmf-x191m2-infinite-justice-gundam-type-ii?_pos=80&_sid=25502266f&_ss=r&_fid=f9fe3954f,https://www.gundamplanet.com/cdn/shop/files/hgce-zgmf-x191m2-infinite-justice-gundam-type-ii-gp.jpg?v=1737734542&width=533
gundam,model_kit,Gundam Planet,retailer,us,HG Plutine Gundam,30.95,,,USD,New,https://www.gundamplanet.com/products/hg-plutine-gundam?_pos=81&_sid=25502266f&_ss=r&_fid=f9fe3954f,https://www.gundamplanet.com/cdn/shop/files/hg-plutine-gundam-gp.jpg?v=1737723186&width=533
gundam,model_kit,Gundam Planet,retailer,us,RG ZGMF-X42S Destiny Gundam,30.95,,,USD,New,https://www.gundamplanet.com/products/rg-zgmf-x42s-destiny-gundam?_pos=82&_sid=25502266f&_ss=r&_fid=f9fe3954f,https://www.gundamplanet.com/cdn/shop/files/rg-zgmf-x42s-destiny-gundam-00.jpg?v=1737661900&width=533
gundam,model_kit,Gundam Planet,retailer,us,HGFC GF13-017NJII God Gundam (Burning Gundam),24.95,,,USD,New,https://www.gundamplanet.com/products/hgfc-gf13-017njii-god-gundam?_pos=83&_sid=25502266f&_ss=r&_fid=f9fe3954f,https://www.gundamplanet.com/cdn/shop/files/hgfc-gf13-017njii-god-gundam-00.jpg?v=1737659953&width=533
gundam,model_kit,Gundam Planet,retailer,us,HGBF Gundam Lightning Black Warrior,24.95,,,USD,New,https://www.gundamplanet.com/products/hgbf-gundam-lightning-black-warrior?_pos=84&_sid=25502266f&_ss=r&_fid=f9fe3954f,https://www.gundamplanet.com/cdn/shop/files/hgbf-gundam-lightning-black-warrior-00.jpg?v=1737669867&width=533
gundam,model_kit,Gundam Planet,retailer,us,Entry Grade RX-78F00/E Gundam,16.95,,,USD,New,https://www.gundamplanet.com/products/entry-grade-rx-78f00-e-gundam?_pos=86&_sid=25502266f&_ss=r&_fid=f9fe3954f,https://www.gundamplanet.com/cdn/shop/files/entry-grade-rx-78f00-e-gundam-base.jpg?v=1763661592&width=533
gundam,model_kit,Gundam Planet,retailer,us,MG GAT-X105 Aile Strike Gundam Ver.RM,56.95,,,USD,New,https://www.gundamplanet.com/products/mg-gat-x105-aile-strike-gundam-ver-rm?_pos=87&_sid=25502266f&_ss=r&_fid=f9fe3954f,https://www.gundamplanet.com/cdn/shop/files/mg-gat-x105-aile-strike-gundam-ver-rm-00.jpg?v=1737661954&width=533
gundam,model_kit,Gundam Planet,retailer,us,HG IBO Gundam Barbatos Lupus Rex,20.95,,,USD,New,https://www.gundamplanet.com/products/hg-ibo-gundam-barbatos-lupus-rex?_pos=88&_sid=25502266f&_ss=r&_fid=f9fe3954f,https://www.gundamplanet.com/cdn/shop/files/hg-ibo-gundam-barbatos-lupus-rex-00.jpg?v=1737665289&width=533
gundam,model_kit,Gundam Planet,retailer,us,HGAW GT-9600 Gundam Leopard,30.95,,,USD,New,https://www.gundamplanet.com/products/hgaw-gt-9600-gundam-leopard?_pos=89&_sid=25502266f&_ss=r&_fid=f9fe3954f,https://www.gundamplanet.com/cdn/shop/files/hgaw-gt-9600-gundam-leopard-base.jpg?v=1785789540&width=533
gundam,model_kit,Gundam Planet,retailer,us,HGAC XXXG-01S Shenlong Gundam,20.95,,,USD,New,https://www.gundamplanet.com/products/hgac-xxxg-01s-shenlong-gundam?_pos=90&_sid=25502266f&_ss=r&_fid=f9fe3954f,https://www.gundamplanet.com/cdn/shop/files/hgac-xxxg-01s-shenlong-gundam-gp.jpg?v=1737706441&width=533
gundam,model_kit,Gundam Planet,retailer,us,RG MSN-04 Sazabi,62.95,,,USD,New,https://www.gundamplanet.com/products/rg-msn-04-sazabi?_pos=92&_sid=25502266f&_ss=r&_fid=f9fe3954f,https://www.gundamplanet.com/cdn/shop/files/rg-msn-04-sazabi-gp.jpg?v=1737672466&width=533
gundam,model_kit,Gundam Planet,retailer,us,MG GN-001 Gundam Exia,52.95,,,USD,New,https://www.gundamplanet.com/products/mg-gn-001-gundam-exia?_pos=93&_sid=25502266f&_ss=r&_fid=f9fe3954f,https://www.gundamplanet.com/cdn/shop/files/mg-gn-001-gundam-exia-00.jpg?v=1737659674&width=533
gundam,model_kit,Gundam Planet,retailer,us,PG ZGMF-X20A Strike Freedom Gundam,324.95,,,USD,New,https://www.gundamplanet.com/products/pg-zgmf-x20a-strike-freedom-gundam?_pos=94&_sid=25502266f&_ss=r&_fid=f9fe3954f,https://www.gundamplanet.com/cdn/shop/files/pg-zgmf-x20a-strike-freedom-gundam-gp.jpg?v=1737660523&width=533
gundam,model_kit,Gundam Planet,retailer,us,FG RX-78-2 Gundam,10.0,,,USD,New,https://www.gundamplanet.com/products/fg-rx-78-2-gundam?_pos=95&_sid=25502266f&_ss=r&_fid=f9fe3954f,https://www.gundamplanet.com/cdn/shop/files/fg-rx-78-2-gundam-01.jpg?v=1737661420&width=533
gundam,model_kit,Gundam Planet,retailer,us,MG GAT-X303 Aegis Gundam,58.95,,,USD,New,https://www.gundamplanet.com/products/mg-gat-x303-aegis-gundam?_pos=96&_sid=25502266f&_ss=r&_fid=f9fe3954f,https://www.gundamplanet.com/cdn/shop/files/mg-gat-x303-aegis-gundam-00_1.jpg?v=1737661851&width=533
gundam,model_kit,Gundam Planet,retailer,us,MG ZGMF-X42S Destiny Gundam,58.95,,,USD,New,https://www.gundamplanet.com/products/mg-zgmf-x42s-destiny-gundam?_pos=97&_sid=25502266f&_ss=r&_fid=f9fe3954f,https://www.gundamplanet.com/cdn/shop/files/mg-zgmf-x42s-destiny-gundam-00.jpg?v=1737659477&width=533
gundam,model_kit,Gundam Planet,retailer,us,HGUC MSZ-006 Zeta Gundam Revive,24.95,,,USD,New,https://www.gundamplanet.com/products/hguc-msz-006-zeta-gundam-revive?_pos=98&_sid=25502266f&_ss=r&_fid=f9fe3954f,https://www.gundamplanet.com/cdn/shop/files/hguc-msz-006-zeta-gundam-revive-00_1.jpg?v=1737665427&width=533
gundam,model_kit,Gundam Planet,retailer,us,HGAC XXXG-00W0 Wing Gundam Zero,20.95,,,USD,New,https://www.gundamplanet.com/products/hgac-xxxg-00w0-wing-gundam-zero?_pos=99&_sid=25502266f&_ss=r&_fid=f9fe3954f,https://www.gundamplanet.com/cdn/shop/files/hgac-xxxg-00w0-wing-gundam-zero-00.jpg?v=1737662366&width=533
gundam,model_kit,Gundam Planet,retailer,us,Metal Build Gundam Barbatos (4th Form) + Boomerang Mace,350.95,,,USD,New,https://www.gundamplanet.com/products/metal-build-gundam-barbatos-4th-form-boomerang-mace?_pos=100&_sid=25502266f&_ss=r&_fid=f9fe3954f,https://www.gundamplanet.com/cdn/shop/files/metal-build-gundam-barbatos-4th-form-boomerang-mace-base2.jpg?v=1765238522&width=533
gundam,model_kit,Gundam Planet,retailer,us,HGCC WD-M01 Turn A Gundam,20.95,,,USD,New,https://www.gundamplanet.com/products/hgcc-wd-m01-turn-a-gundam?_pos=102&_sid=25502266f&_ss=r&_fid=f9fe3954f,https://www.gundamplanet.com/cdn/shop/files/hgcc-wd-m01-turn-a-gundam-00.jpg?v=1737662353&width=533
gundam,model_kit,Gundam Planet,retailer,us,MG ZGMF-X09A Justice Gundam,64.95,,,USD,New,https://www.gundamplanet.com/products/mg-zgmf-x09a-justice-gundam?_pos=103&_sid=25502266f&_ss=r&_fid=f9fe3954f,https://www.gundamplanet.com/cdn/shop/files/mg-zgmf-x09a-justice-gundam-00.jpg?v=1737668792&width=533
gundam,model_kit,Gundam Planet,retailer,us,HGUC RX-78NT-1 Gundam NT-1 Alex,22.95,,,USD,New,https://www.gundamplanet.com/products/hguc-rx-78nt-1-gundam-nt-1-alex?_pos=104&_sid=25502266f&_ss=r&_fid=f9fe3954f,https://www.gundamplanet.com/cdn/shop/files/hguc-rx-78nt-1-gundam-nt-1-alex-gp.jpg?v=1745270454&width=533
gundam,model_kit,Gundam Planet,retailer,us,HGAW NRX-0015 Gundam Ashtaron,43.95,,,USD,New,https://www.gundamplanet.com/products/hgaw-nrx-0015-gundam-ashtaron?_pos=106&_sid=25502266f&_ss=r&_fid=f9fe3954f,https://www.gundamplanet.com/cdn/shop/files/hgaw-test-gundam-ashtaron-base.jpg?v=1780078170&width=533
gundam,model_kit,Gundam Planet,retailer,us,MG XXXG-01W Wing Gundam,54.95,,,USD,New,https://www.gundamplanet.com/products/mg-xxxg-01w-wing-gundam?_pos=107&_sid=25502266f&_ss=r&_fid=f9fe3954f,https://www.gundamplanet.com/cdn/shop/files/mg-xxxg-01w-wing-gundam-00.jpg?v=1737659880&width=533
gundam,model_kit,Gundam Planet,retailer,us,MG GAT-X105 Launcher/Sword Strike Gundam,60.95,,,USD,New,https://www.gundamplanet.com/products/mg-gat-x105-launcher-sword-strike-gundam?_pos=108&_sid=25502266f&_ss=r&_fid=f9fe3954f,https://www.gundamplanet.com/cdn/shop/files/mg-gat-x105-launcher-sword-strike-gundam-00.jpg?v=1737660407&width=533
gundam,model_kit,Gundam Planet,retailer,us,Metal Robot Spirits Wing Gundam Zero,149.95,,,USD,New,https://www.gundamplanet.com/products/metal-robot-spirits-wing-gundam-zero?_pos=109&_sid=25502266f&_ss=r&_fid=f9fe3954f,https://www.gundamplanet.com/cdn/shop/files/metal-robot-spirits-wing-gundam-zero-00.jpg?v=1737695765&width=533
gundam,model_kit,Gundam Planet,retailer,us,MG XXXG-01W Wing Gundam EW Ver.,42.95,,,USD,New,https://www.gundamplanet.com/products/mg-xxxg-01w-wing-gundam-ew-ver?_pos=110&_sid=25502266f&_ss=r&_fid=f9fe3954f,https://www.gundamplanet.com/cdn/shop/files/mg-xxxg-01w-wing-gundam-ew-ver-gp.jpg?v=1737660805&width=533
gundam,model_kit,Gundam Planet,retailer,us,MG ZGMF-19A Infinite Justice Gundam,60.95,,,USD,New,https://www.gundamplanet.com/products/mg-zgmf-19a-infinite-justice-gundam?_pos=111&_sid=25502266f&_ss=r&_fid=f9fe3954f,https://www.gundamplanet.com/cdn/shop/files/mg-zgmf-19a-infinite-justice-gundam-00.jpg?v=1737659493&width=533
gundam,model_kit,Gundam Planet,retailer,us,SD Gundam EX-Standard Wing Gundam Zero,12.95,,,USD,New,https://www.gundamplanet.com/products/sd-gundam-ex-standard-wing-gundam-zero?_pos=112&_sid=25502266f&_ss=r&_fid=f9fe3954f,https://www.gundamplanet.com/cdn/shop/files/sd-gundam-ex-standard-wing-gundam-zero-gp.jpg?v=1737691851&width=533
gundam,model_kit,Gundam Planet,retailer,us,MG XM-X1 Crossbone Gundam X1 Ver.Ka,44.95,,,USD,New,https://www.gundamplanet.com/products/mg-xm-x1-crossbone-gundam-x1-ver-ka?_pos=113&_sid=25502266f&_ss=r&_fid=f9fe3954f,https://www.gundamplanet.com/cdn/shop/files/mg-xm-x1-crossbone-gundam-x1-ver-ka-00.jpg?v=1737659377&width=533
gundam,model_kit,Gundam Planet,retailer,us,MG PF-78-1 Perfect Gundam,54.95,,,USD,New,https://www.gundamplanet.com/products/mg-pf-78-1-perfect-gundam?_pos=114&_sid=25502266f&_ss=r&_fid=f9fe3954f,https://www.gundamplanet.com/cdn/shop/files/mg-pf-78-1-perfect-gundam-00.jpg?v=1737659196&width=533
gundam,model_kit,Gundam Planet,retailer,us,MG XXXG-01H Gundam Heavyarms EW Ver.,44.95,,,USD,New,https://www.gundamplanet.com/products/mg-xxxg-01h-gundam-heavyarms-ew-ver?_pos=115&_sid=25502266f&_ss=r&_fid=f9fe3954f,https://www.gundamplanet.com/cdn/shop/files/mg-xxxg-01h-gundam-heavyarms-ew-ver-00.jpg?v=1737661433&width=533
gundam,model_kit,Gundam Planet,retailer,us,HGUC AMS-123X-X Moon Gundam,42.95,,,USD,New,https://www.gundamplanet.com/products/hguc-ams-123x-x-moon-gundam?_pos=116&_sid=25502266f&_ss=r&_fid=f9fe3954f,https://www.gundamplanet.com/cdn/shop/files/hguc-moon-gundam-gp.jpg?v=1737673129&width=533
gundam,model_kit,Gundam Planet,retailer,us,MG Gundam AGE-1 Titus,48.95,,,USD,New,https://www.gundamplanet.com/products/mg-gundam-age-1-titus?_pos=117&_sid=25502266f&_ss=r&_fid=f9fe3954f,https://www.gundamplanet.com/cdn/shop/files/mg-gundam-age-1-titus-00.jpg?v=1737661464&width=533
gundam,model_kit,Gundam Planet,retailer,us,MG RX-78GP01Fb Gundam GP01Fb Full Burnern,42.95,,,USD,New,https://www.gundamplanet.com/products/mg-rx-78gp01fb-gundam-gp01fb-full-burnern?_pos=118&_sid=25502266f&_ss=r&_fid=f9fe3954f,https://www.gundamplanet.com/cdn/shop/files/mg-gundam-gp01fb-full-burnern-gp.jpg?v=1737659103&width=533
gundam,model_kit,Gundam Planet,retailer,us,HG MS-05B Zaku I (Gundam Thunderbolt Anime Ver.),26.95,,,USD,New,https://www.gundamplanet.com/products/hg-ms-05b-zaku-i-gundam-thunderbolt-anime-ver?_pos=119&_sid=25502266f&_ss=r&_fid=f9fe3954f,https://www.gundamplanet.com/cdn/shop/files/hg-ms-05b-zaku-i-gundam-thunderbolt-anime-ver-00.jpg?v=1781202371&width=533
gundam,model_kit,Gundam Planet,retailer,us,Best Mecha Collection 1/144 RX-78-2 Gundam (Revival Ver.),14.95,,,USD,New,https://www.gundamplanet.com/products/best-mecha-collection-1-144-rx-78-2-gundam-revival-ver?_pos=120&_sid=25502266f&_ss=r&_fid=f9fe3954f,https://www.gundamplanet.com/cdn/shop/files/best-mecha-collection-1-144-rx-78-2-gundam-revival-ver-gp_1.jpg?v=1737742344&width=533
gundam,model_kit,Gundam Planet,retailer,us,MG MS-18E Kämpfer,54.95,,,USD,New,https://www.gundamplanet.com/products/mg-ms-18e-kampfer?_pos=121&_sid=25502266f&_ss=r&_fid=f9fe3954f,https://www.gundamplanet.com/cdn/shop/files/mg-ms-18e-kampfer-00.jpg?v=1737659098&width=533
gundam,model_kit,Gundam Planet,retailer,us,HGCE STTS-909 Rising Freedom Gundam,28.95,,,USD,New,https://www.gundamplanet.com/products/hgce-stts-909-rising-freedom-gundam?_pos=122&_sid=25502266f&_ss=r&_fid=f9fe3954f,https://www.gundamplanet.com/cdn/shop/files/hg-rising-freedom-gundam-gp2_1.jpg?v=1737728182&width=533
gundam,model_kit,Gundam Planet,retailer,us,1/100 Full Mechanics Gundam Aerial,54.95,,,USD,New,https://www.gundamplanet.com/products/full-mechanics-1-100-gundam-aerial?_pos=123&_sid=25502266f&_ss=r&_fid=f9fe3954f,https://www.gundamplanet.com/cdn/shop/files/full-mechanics-1-100-gundam-aerial-gp.jpg?v=1737713337&width=533
gundam,model_kit,Gundam Planet,retailer,us,PG RX-0 Unicorn Gundam,260.95,,,USD,New,https://www.gundamplanet.com/products/pg-rx-0-unicorn-gundam?_pos=124&_sid=25502266f&_ss=r&_fid=f9fe3954f,https://www.gundamplanet.com/cdn/shop/files/pg-rx-0-unicorn-gundam-00.jpg?v=1737663317&width=533
gundam,model_kit,Gundam Planet,retailer,us,HG00 Gundam Throne Eins,22.95,,,USD,New,https://www.gundamplanet.com/products/hg00-gundam-throne-eins?_pos=127&_sid=25502266f&_ss=r&_fid=f9fe3954f,https://www.gundamplanet.com/cdn/shop/files/hg00-gundam-throne-eins-00.jpg?v=1737660052&width=533
gundam,model_kit,Gundam Planet,retailer,us,HGUC MSZ-010 ZZ Gundam,32.95,,,USD,New,https://www.gundamplanet.com/products/hguc-msz-010-zz-gundam?_pos=128&_sid=25502266f&_ss=r&_fid=f9fe3954f,https://www.gundamplanet.com/cdn/shop/files/hguc-msz-010-zz-gundam-00.jpg?v=1737660275&width=533
gundam,model_kit,Gundam Planet,retailer,us,Gundam Universe Sazabi,39.95,,,USD,New,https://www.gundamplanet.com/products/gundam-universe-sazabi?_pos=129&_sid=25502266f&_ss=r&_fid=f9fe3954f,https://www.gundamplanet.com/cdn/shop/files/gundam-universe-sazabi-fr.jpg?v=1737703499&width=533
gundam,model_kit,Gundam Planet,retailer,us,HG Gundam Ground Urban Combat Type,24.95,,,USD,New,https://www.gundamplanet.com/products/hg-gundam-ground-urban-combat-type?_pos=130&_sid=25502266f&_ss=r&_fid=f9fe3954f,https://www.gundamplanet.com/cdn/shop/files/hg-gundam-ground-urban-combat-type-gp.jpg?v=1737695033&width=533
gundam,model_kit,Gundam Planet,retailer,us,MG RX-178 Gundam Mk-II AEUG Ver 2.0,54.95,,,USD,New,https://www.gundamplanet.com/products/mg-rx-178-gundam-mk-ii-aeug-ver-2-0?_pos=131&_sid=25502266f&_ss=r&_fid=f9fe3954f,https://www.gundamplanet.com/cdn/shop/files/mg-rx-178-gundam-mk-ii-aeug-ver-2-0-00.jpg?v=1737659276&width=533
gundam,model_kit,Gundam Planet,retailer,us,SD Gundam EX-Standard RX-78-2 Gundam,12.95,,,USD,New,https://www.gundamplanet.com/products/sd-gundam-ex-standard-rx-78-2-gundam?_pos=132&_sid=25502266f&_ss=r&_fid=f9fe3954f,https://www.gundamplanet.com/cdn/shop/files/sd-gundam-ex-standard-rx-78-2-gundam-00.jpg?v=1737663884&width=533
gundam,model_kit,Gundam Planet,retailer,us,1/144 Machine Build Budd-Carrier (Mobile Fighter G Gundam),129.95,,,USD,New,https://www.gundamplanet.com/products/1-144-machine-build-budd-carrier-mobile-fighter-g-gundam?_pos=133&_sid=25502266f&_ss=r&_fid=f9fe3954f,https://www.gundamplanet.com/cdn/shop/files/1-144-machine-build-budd-carrier-gp2.jpg?v=1737752464&width=533
gundam,model_kit,Gundam Planet,retailer,us,HG IBO Gundam Astaroth,14.95,,,USD,New,https://www.gundamplanet.com/products/hg-ibo-gundam-astaroth?_pos=134&_sid=25502266f&_ss=r&_fid=f9fe3954f,https://www.gundamplanet.com/cdn/shop/files/hg-ibo-gundam-astaroth-00.jpg?v=1737664518&width=533
gundam,model_kit,Gundam Planet,retailer,us,HGBF Gundam Exia Dark Matter,24.95,,,USD,New,https://www.gundamplanet.com/products/hgbf-gundam-exia-dark-matter?_pos=135&_sid=25502266f&_ss=r&_fid=f9fe3954f,https://www.gundamplanet.com/cdn/shop/files/hgbf-gundam-exia-dark-matter-00.jpg?v=1737662488&width=533
gundam,model_kit,Gundam Planet,retailer,us,[EX08] Gundam Assemble Expansion Pack 08,39.95,,,USD,New,https://www.gundamplanet.com/products/ex08-gundam-assemble-expansion-pack-08?_pos=136&_sid=25502266f&_ss=r&_fid=f9fe3954f,https://www.gundamplanet.com/cdn/shop/files/ex08-gundam-assemble-expansion-set-08-gp.jpg?v=1784315309&width=533
gundam,model_kit,Gundam Planet,retailer,us,RG OZ-00MS Tallgeese EW Ver.,34.95,,,USD,New,https://www.gundamplanet.com/products/rg-oz-00ms-tallgeese-ew-ver?_pos=137&_sid=25502266f&_ss=r&_fid=f9fe3954f,https://www.gundamplanet.com/cdn/shop/files/rg-oz-00ms-tallgeese-ew-ver-gp.jpg?v=1737671550&width=533
gundam,model_kit,Gundam Planet,retailer,us,Mega Size 1/48 RX-78-2 Gundam,100.95,,,USD,New,https://www.gundamplanet.com/products/mega-size-1-48-rx-78-2-gundam?_pos=138&_sid=25502266f&_ss=r&_fid=f9fe3954f,https://www.gundamplanet.com/cdn/shop/files/mega-size-1-48-rx-78-2-gundam-00.jpg?v=1737659920&width=533
gundam,model_kit,Gundam Planet,retailer,us,MG MS-06J Zaku II Ver 2.0,48.95,,,USD,New,https://www.gundamplanet.com/products/mg-ms-06j-zaku-ii-ver-2-0?_pos=140&_sid=25502266f&_ss=r&_fid=f9fe3954f,https://www.gundamplanet.com/cdn/shop/files/mg-ms-06j-zaku-ii-ver-2-0-00_1.jpg?v=1737659371&width=533
gundam,model_kit,Gundam Planet,retailer,us,[ST01] Gundam Assemble Starter Set 01,34.95,,,USD,New,https://www.gundamplanet.com/products/st01-gundam-assemble-starter-set-01?_pos=141&_sid=25502266f&_ss=r&_fid=f9fe3954f,https://www.gundamplanet.com/cdn/shop/files/st01-gundam-assemble-starter-set-011.jpg?v=1772584809&width=533
gundam,model_kit,Gundam Planet,retailer,us,HG Gundam Schwarzette,24.95,,,USD,New,https://www.gundamplanet.com/products/hg-gundam-schwarzette?_pos=142&_sid=25502266f&_ss=r&_fid=f9fe3954f,https://www.gundamplanet.com/cdn/shop/files/hg-gundam-schwarzette-gp.jpg?v=1737716032&width=533
gundam,model_kit,Gundam Planet,retailer,us,HG Gundam Lfrith,22.95,,,USD,New,https://www.gundamplanet.com/products/hg-gundam-lfrith?_pos=143&_sid=25502266f&_ss=r&_fid=f9fe3954f,https://www.gundamplanet.com/cdn/shop/files/hg-gundam-lfrith-gp3.jpg?v=1737711066&width=533
gundam,model_kit,Gundam Planet,retailer,us,HGUC RX-178 Gundam Mk-II Titans Revive,20.95,,,USD,New,https://www.gundamplanet.com/products/hguc-rx-178-gundam-mk-ii-titans-revive?_pos=144&_sid=25502266f&_ss=r&_fid=f9fe3954f,https://www.gundamplanet.com/cdn/shop/files/hguc-rx-178-gundam-mk-ii-titans-revive-00.jpg?v=1737664086&width=533
gundam,model_kit,Gundam Planet,retailer,us,MGEX ZGMF/A-262PD-P Mighty Strike Freedom Gundam,268.95,,,USD,New,https://www.gundamplanet.com/products/mgex-zgmf-a-262pd-p-mighty-strike-freedom-gundam?_pos=145&_sid=25502266f&_ss=r&_fid=f9fe3954f,https://www.gundamplanet.com/cdn/shop/files/mgex-mighty-strike-freeom-test-base.jpg?v=1787787094&width=533
gundam,model_kit,Gundam Planet,retailer,us,HGAW GX-9900-DV Gundam X Divider,24.95,,,USD,New,https://www.gundamplanet.com/products/hgaw-gx-9900-dv-gundam-x-divider?_pos=146&_sid=25502266f&_ss=r&_fid=f9fe3954f,https://www.gundamplanet.com/cdn/shop/files/hgaw-gx-9900-dv-gundam-x-divider-base.jpg?v=1785789782&width=533
gundam,model_kit,Gundam Planet,retailer,us,HGAC XXXG-01H Gundam Heavyarms,20.95,,,USD,New,https://www.gundamplanet.com/products/hgac-xxxg-01h-gundam-heavyarms?_pos=147&_sid=25502266f&_ss=r&_fid=f9fe3954f,https://www.gundamplanet.com/cdn/shop/files/hgac-xxxg-01h-gundam-heavyarms-gp2.jpg?v=1737682909&width=533
gundam,model_kit,Gundam Planet,retailer,us,MG XXXG-00W0 Wing Gundam Zero Custom,48.95,,,USD,New,https://www.gundamplanet.com/products/mg-xxxg-00w0-wing-gundam-zero-custom?_pos=148&_sid=25502266f&_ss=r&_fid=f9fe3954f,https://www.gundamplanet.com/cdn/shop/files/mg-xxxg-00w0-wing-gundam-zero-custom-00.jpg?v=1737659319&width=533
gundam,model_kit,Gundam Planet,retailer,us,Metal Build God Gundam & God Gundam II (Burning Gundam),434.95,,,USD,New,https://www.gundamplanet.com/products/metal-build-god-gundam-god-gundam-ii-burning-gundam?_pos=149&_sid=25502266f&_ss=r&_fid=f9fe3954f,https://www.gundamplanet.com/cdn/shop/files/metal-build-burning-gundam-burning-gundam-second-god-gundam-base.jpg?v=1743375167&width=533
gundam,model_kit,Gundam Planet,retailer,us,HG IBO Gundam Bael,20.95,,,USD,New,https://www.gundamplanet.com/products/hg-ibo-gundam-bael?_pos=150&_sid=25502266f&_ss=r&_fid=f9fe3954f,https://www.gundamplanet.com/cdn/shop/files/hg-ibo-gundam-bael-00.jpg?v=1737665373&width=533
gundam,model_kit,Gundam Planet,retailer,us,MG XXXG-00W0 Wing Gundam Zero Custom,48.95,,,USD,New,https://www.gundamplanet.com/products/mg-xxxg-00w0-wing-gundam-zero-custom?_pos=151&_sid=25502266f&_ss=r&_fid=f9fe3954f,https://www.gundamplanet.com/cdn/shop/files/mg-xxxg-00w0-wing-gundam-zero-custom-00.jpg?v=1737659319&width=533
gundam,model_kit,Gundam Planet,retailer,us,[EX01] Gundam Assemble Expansion Pack 01,39.95,,,USD,New,https://www.gundamplanet.com/products/ex01-gundam-assemble-expansion-pack-01?_pos=152&_sid=25502266f&_ss=r&_fid=f9fe3954f,https://www.gundamplanet.com/cdn/shop/files/ex01-gundam-assemble-expansion-pack-011.jpg?v=1772584821&width=533
gundam,model_kit,Gundam Planet,retailer,us,MG LM312V04 Victory Gundam Ver.Ka,52.95,,,USD,New,https://www.gundamplanet.com/products/mg-lm312v04-victory-gundam-ver-ka?_pos=153&_sid=25502266f&_ss=r&_fid=f9fe3954f,https://www.gundamplanet.com/cdn/shop/files/mg-lm312v04-victory-gundam-ver-ka-00.jpg?v=1737664662&width=533
gundam,model_kit,Gundam Planet,retailer,us,HG00 Arios Gundam GNHW/M,26.95,,,USD,New,https://www.gundamplanet.com/products/hg00-arios-gundam-gnhw-m?_pos=155&_sid=25502266f&_ss=r&_fid=f9fe3954f,https://www.gundamplanet.com/cdn/shop/files/hg00-arios-gundam-gnhw-m-00.jpg?v=1737660189&width=533
gundam,model_kit,Gundam Planet,retailer,us,HG Wing Gundam Sky Zero,24.95,,,USD,New,https://www.gundamplanet.com/products/hg-wing-gundam-sky-zero?_pos=156&_sid=25502266f&_ss=r&_fid=f9fe3954f,https://www.gundamplanet.com/cdn/shop/files/hg-wing-gundam-sky-zero-gp.jpg?v=1737694997&width=533
gundam,model_kit,Gundam Planet,retailer,us,Metal Robot Spirits Wing Gundam,210.95,,,USD,New,https://www.gundamplanet.com/products/metal-robot-spirits-wing-gundam?_pos=157&_sid=25502266f&_ss=r&_fid=f9fe3954f,https://www.gundamplanet.com/cdn/shop/files/metal-robot-spirits-wing-gundam-fr.jpg?v=1753476389&width=533
gundam,model_kit,Gundam Planet,retailer,us,PG GAT-X105+AQM/E-YM1 Perfect Strike Gundam,298.95,,,USD,New,https://www.gundamplanet.com/products/pg-gat-x105-aqm-e-ym1-perfect-strike-gundam?_pos=158&_sid=25502266f&_ss=r&_fid=f9fe3954f,https://www.gundamplanet.com/cdn/shop/files/pg-perfect-strike-gundam-gp.jpg?v=1737679378&width=533
gundam,model_kit,Gundam Planet,retailer,us,[DX01] Gundam Assemble Deluxe Set 01,96.95,,,USD,New,https://www.gundamplanet.com/products/dx01-gundam-assemble-deluxe-set-01?_pos=159&_sid=25502266f&_ss=r&_fid=f9fe3954f,https://www.gundamplanet.com/cdn/shop/files/dx01-gundam-assemble-deluxe-set-011.jpg?v=1772584815&width=533
gundam,model_kit,Gundam Planet,retailer,us,HGBD:R Core Gundam II (G-3 Color),14.95,,,USD,New,https://www.gundamplanet.com/products/hgbd-r-core-gundam-ii-g-3-color?_pos=160&_sid=25502266f&_ss=r&_fid=f9fe3954f,https://www.gundamplanet.com/cdn/shop/files/hgbd-r-core-gundam-ii-g-3-color-gp.jpg?v=1737685111&width=533
gundam,model_kit,Gundam Planet,retailer,us,HG Chaos Gundam,20.95,,,USD,New,https://www.gundamplanet.com/products/hg-chaos-gundam?_pos=161&_sid=25502266f&_ss=r&_fid=f9fe3954f,https://www.gundamplanet.com/cdn/shop/files/hg-chaos-gundam-00.jpg?v=1737664755&width=533
gundam,model_kit,Gundam Planet,retailer,us,HGBF Kamiki Burning Gundam,24.95,,,USD,New,https://www.gundamplanet.com/products/hgbf-kamiki-burning-gundam?_pos=162&_sid=25502266f&_ss=r&_fid=f9fe3954f,https://www.gundamplanet.com/cdn/shop/files/hgbf-kamiki-burning-gundam-base1.jpg?v=1748534857&width=533
gundam,other,Gundam Planet,retailer,us,[PA01] Gundam Assemble Paint Pack 01,48.95,,,USD,New,https://www.gundamplanet.com/products/pa01-gundam-assemble-paint-pack-01?_pos=163&_sid=25502266f&_ss=r&_fid=f9fe3954f,https://www.gundamplanet.com/cdn/shop/files/pa01-gundam-assemble-paint-pack-011.jpg?v=1772584829&width=533
gundam,model_kit,Gundam Planet,retailer,us,HG Gaia Gundam,20.95,,,USD,New,https://www.gundamplanet.com/products/hg-gaia-gundam?_pos=164&_sid=25502266f&_ss=r&_fid=f9fe3954f,https://www.gundamplanet.com/cdn/shop/files/hg-gaia-gundam-00.jpg?v=1737664759&width=533
gundam,model_kit,Gundam Planet,retailer,us,HGUC RX-178 Gundam Mk-II AEUG Revive,20.95,,,USD,New,https://www.gundamplanet.com/products/hguc-rx-178-gundam-mk-ii-aeug-revive?_pos=165&_sid=25502266f&_ss=r&_fid=f9fe3954f,https://www.gundamplanet.com/cdn/shop/files/hguc-rx-178-gundam-mk-ii-aeug-revive-00.jpg?v=1737664069&width=533
gundam,model_kit,Gundam Planet,retailer,us,RG ORB-01 Akatsuki Gundam Oowashi Unit,88.95,,,USD,New,https://www.gundamplanet.com/products/rg-orb-01-oowashi-akatsuki-gundam?_pos=166&_sid=25502266f&_ss=r&_fid=f9fe3954f,https://www.gundamplanet.com/cdn/shop/files/rg-orb-01-oowashi-akatsuki-gundam-gp.jpg?v=1737741968&width=533
gundam,model_kit,Gundam Planet,retailer,us,HGCE ZGMF/A-262PD-P Mighty Strike Freedom Gundam,32.95,,,USD,New,https://www.gundamplanet.com/products/hgce-zgmf-a-262pd-p-mighty-strike-freedom-gundam?_pos=167&_sid=25502266f&_ss=r&_fid=f9fe3954f,https://www.gundamplanet.com/cdn/shop/files/hgce-zgmf-a-262pd-p-mighty-strike-freedom-gundam-gp.jpg?v=1737734522&width=533
gundam,model_kit,Gundam Planet,retailer,us,HGCE ZGMF-103HD Lightning Buster Gundam,30.95,,,USD,New,https://www.gundamplanet.com/products/hgce-zgmf-103hd-lightning-buster-gundam?_pos=168&_sid=25502266f&_ss=r&_fid=f9fe3954f,https://www.gundamplanet.com/cdn/shop/files/hgce-zgmf-103hd-lightning-buster-gundam-gp.jpg?v=1737737800&width=533
gundam,model_kit,Gundam Planet,retailer,us,SD Gundam EX-Standard Gundam Deathscythe Hell Custom,12.95,,,USD,New,https://www.gundamplanet.com/products/sd-gundam-ex-standard-gundam-deathscythe-hell-custom?_pos=169&_sid=25502266f&_ss=r&_fid=f9fe3954f,https://www.gundamplanet.com/cdn/shop/files/sd-gundam-ex-standard-gundam-deathscythe-hell-custom-00.jpg?v=1737665133&width=533
gundam,model_kit,Gundam Planet,retailer,us,HG Strike Noir Gundam,20.95,,,USD,New,https://www.gundamplanet.com/products/hg-strike-noir-gundam?_pos=170&_sid=25502266f&_ss=r&_fid=f9fe3954f,https://www.gundamplanet.com/cdn/shop/files/hg-strike-noir-gundam-00.jpg?v=1737663511&width=533
gundam,model_kit,Gundam Planet,retailer,us,PG XXXG-00W0 Wing Gundam Zero Custom,194.95,,,USD,New,https://www.gundamplanet.com/products/pg-xxxg-00w0-wing-gundam-zero-custom?_pos=171&_sid=25502266f&_ss=r&_fid=f9fe3954f,https://www.gundamplanet.com/cdn/shop/files/pg-xxxg-00w0-wing-gundam-zero-custom-00.jpg?v=1737659703&width=533
gundam,model_kit,Gundam Planet,retailer,us,MG G-Armor (RX-78-2 Gundam + G-Fighter) Real Type Color Ver.,124.95,,,USD,New,https://www.gundamplanet.com/products/mg-g-armor-rx-78-2-gundam-g-fighter-real-type-color-ver?_pos=172&_sid=25502266f&_ss=r&_fid=f9fe3954f,https://www.gundamplanet.com/cdn/shop/files/mg-g-armor-rx-78-2-gundam-g-fighter-real-type-color-ver-00.jpg?v=1737659968&width=533
gundam,model_kit,Gundam Planet,retailer,us,RG RX-0(N) Unicorn Gundam 02 Banshee Norn,54.95,,,USD,New,https://www.gundamplanet.com/products/rg-rx-0-n-unicorn-gundam-02-banshee-norn?_pos=173&_sid=25502266f&_ss=r&_fid=f9fe3954f,https://www.gundamplanet.com/cdn/shop/files/rg-unicorn-gundam-02-banshee-norn-gp.jpg?v=1737670961&width=533
gundam,model_kit,Gundam Planet,retailer,us,HG Shin Burning Gundam,34.95,,,USD,New,https://www.gundamplanet.com/products/hg-shin-burning-gundam?_pos=174&_sid=25502266f&_ss=r&_fid=f9fe3954f,https://www.gundamplanet.com/cdn/shop/files/hg-shin-burning-gundam-gp.jpg?v=1737724482&width=533
gundam,model_kit,Gundam Planet,retailer,us,MG GX-9901 Gundam Double X,62.95,,,USD,New,https://www.gundamplanet.com/products/mg-gx-9901-gundam-double-x?_pos=175&_sid=25502266f&_ss=r&_fid=f9fe3954f,https://www.gundamplanet.com/cdn/shop/files/mg-gx-9901-gundam-double-x-base.jpg?v=1785790384&width=533
gundam,model_kit,Gundam Planet,retailer,us,HGFC GF13-001NHII Master Gundam & Fuun Saiki,36.95,,,USD,New,https://www.gundamplanet.com/products/hgfc-gf13-001nhii-master-gundam-fuun-saiki?_pos=177&_sid=25502266f&_ss=r&_fid=f9fe3954f,https://www.gundamplanet.com/cdn/shop/files/hgfc-gf13-001nhii-master-gundam-fuun-saiki-00.jpg?v=1737661155&width=533
gundam,model_kit,Gundam Planet,retailer,us,HG Gundam G-Lucifer,26.95,,,USD,New,https://www.gundamplanet.com/products/hg-gundam-g-lucifer?_pos=178&_sid=25502266f&_ss=r&_fid=f9fe3954f,https://www.gundamplanet.com/cdn/shop/files/hg-gundam-g-lucifer-00.jpg?v=1737663182&width=533
gundam,model_kit,Gundam Planet,retailer,us,HG00 Arche Gundam,20.95,,,USD,New,https://www.gundamplanet.com/products/hg00-arche-gundam?_pos=179&_sid=25502266f&_ss=r&_fid=f9fe3954f,https://www.gundamplanet.com/cdn/shop/files/hg00-arche-gundam-00.jpg?v=1737660211&width=533
gundam,model_kit,Gundam Planet,retailer,us,HG Gundam Lfrith Thorn,22.95,,,USD,New,https://www.gundamplanet.com/products/hg-gundam-lfrith-thorn?_pos=180&_sid=25502266f&_ss=r&_fid=f9fe3954f,https://www.gundamplanet.com/cdn/shop/files/hg-gundam-lfrith-thorn-gp.jpg?v=1737714551&width=533
gundam,model_kit,Gundam Planet,retailer,us,HG MS-06 Zaku (GQ Ver.),26.95,,,USD,New,https://www.gundamplanet.com/products/hg-ms-06-zaku-gq-ver?_pos=182&_sid=25502266f&_ss=r&_fid=f9fe3954f,https://www.gundamplanet.com/cdn/shop/files/hg-ms-06-zaku-gq-ver-base.jpg?v=1762208295&width=533
gundam,model_kit,Gundam Planet,retailer,us,HG IBO Gundam Kimaris Vidar,18.95,,,USD,New,https://www.gundamplanet.com/products/hg-ibo-gundam-kimaris-vidar?_pos=183&_sid=25502266f&_ss=r&_fid=f9fe3954f,https://www.gundamplanet.com/cdn/shop/files/hg-ibo-gundam-kimaris-vidar-00.jpg?v=1737665388&width=533
gundam,model_kit,Gundam Planet,retailer,us,HGBF Build Gundam Mk-II,24.95,,,USD,New,https://www.gundamplanet.com/products/hgbf-build-gundam-mk-ii?_pos=184&_sid=25502266f&_ss=r&_fid=f9fe3954f,https://www.gundamplanet.com/cdn/shop/files/hgbf-build-gundam-mk-ii-00.jpg?v=1737662588&width=533
gundam,model_kit,Gundam Planet,retailer,us,[EX02] Gundam Assemble Expansion Pack 02,39.95,,,USD,New,https://www.gundamplanet.com/products/ex02-gundam-assemble-expansion-pack-02?_pos=185&_sid=25502266f&_ss=r&_fid=f9fe3954f,https://www.gundamplanet.com/cdn/shop/files/ex02-gundam-assemble-expansion-pack-021.jpg?v=1772584824&width=533
gundam,model_kit,Gundam Planet,retailer,us,HGCE ZGMF-X56S/α Force Impulse Gundam,24.95,,,USD,New,https://www.gundamplanet.com/products/hgce-zgmf-x56s-a-force-impulse-gundam?_pos=186&_sid=25502266f&_ss=r&_fid=f9fe3954f,https://www.gundamplanet.com/cdn/shop/files/hgce-zgmf-x56s-force-impulse-gundam-revive-00.jpg?v=1737664659&width=533
gundam,model_kit,Gundam Planet,retailer,us,Metal Robot Spirits (Ka Signature) Ex-S Gundam,250.95,,,USD,New,https://www.gundamplanet.com/products/metal-robot-spirits-ka-signature-ex-s-gundam?_pos=187&_sid=25502266f&_ss=r&_fid=f9fe3954f,https://www.gundamplanet.com/cdn/shop/files/metal-robot-spirits-ka-signature-ex-s-gundam1.jpg?v=1768249113&width=533
gundam,model_kit,Gundam Planet,retailer,us,HG IBO Gundam Vidar,16.95,,,USD,New,https://www.gundamplanet.com/products/hg-ibo-gundam-vidar?_pos=188&_sid=25502266f&_ss=r&_fid=f9fe3954f,https://www.gundamplanet.com/cdn/shop/files/hg-ibo-gundam-vidar-00.jpg?v=1737665032&width=533
gundam,model_kit,Gundam Planet,retailer,us,HGUC MSA-0011[Ext] Ex-S Gundam,32.95,,,USD,New,https://www.gundamplanet.com/products/hguc-msa-0011-ext-ex-s-gundam?_pos=189&_sid=25502266f&_ss=r&_fid=f9fe3954f,https://www.gundamplanet.com/cdn/shop/files/hguc-msa-0011-ext-ex-s-gundam-00.jpg?v=1781306701&width=533
gundam,model_kit,Gundam Planet,retailer,us,HGCE ZGMF-X42S Destiny Gundam,28.95,,,USD,New,https://www.gundamplanet.com/products/hgce-zgmf-x42s-destiny-gundam?_pos=190&_sid=25502266f&_ss=r&_fid=f9fe3954f,https://www.gundamplanet.com/cdn/shop/files/hgce-destiny-gundam-revive-gp.jpg?v=1737675241&width=533
gundam,model_kit,Gundam Planet,retailer,us,NXEDGE Style Xi Gundam,59.95,,,USD,New,https://www.gundamplanet.com/products/nxedge-style-xi-gundam?_pos=191&_sid=25502266f&_ss=r&_fid=f9fe3954f,https://www.gundamplanet.com/cdn/shop/files/nxedge-style-xi-gundam-fr.jpg?v=1737690459&width=533
gundam,other,Gundam Planet,retailer,us,Gunpla-kun 3D Rubber Mascot Keychain,14.95,,,USD,New,https://www.gundamplanet.com/products/gunpla-kun-3d-rubber-mascot-keychain?_pos=192&_sid=25502266f&_ss=r&_fid=f9fe3954f,https://www.gundamplanet.com/cdn/shop/files/gunpla-kun-3d-rubber-mascot-keychain-gp.jpg?v=1741816485&width=533
gundam,model_kit,Gundam Planet,retailer,us,HGBF Gundam X Maoh,24.95,,,USD,New,https://www.gundamplanet.com/products/hgbf-gundam-x-maoh?_pos=193&_sid=25502266f&_ss=r&_fid=f9fe3954f,https://www.gundamplanet.com/cdn/shop/files/hg-1-144-gundam-x-maoh-00.jpg?v=1737662366&width=533
gundam,model_kit,Gundam Planet,retailer,us,Gundam Universe Wing Gundam Zero Custom Renewal (Mobile Suit Gundam Wing),34.95,,,USD,New,https://www.gundamplanet.com/products/gundam-universe-wing-gundam-zero-custom-renewal-mobile-suit-gundam-wing?_pos=194&_sid=25502266f&_ss=r&_fid=f9fe3954f,https://www.gundamplanet.com/cdn/shop/files/gundam-universe-wing-gundam-zero-custom-renewal-mobile-suit-gundam-wing.png?v=1780353283&width=533
gundam,model_kit,Gundam Planet,retailer,us,Robot Spirits Gundam Ez-8 Ver. A.N.I.M.E.,75.95,,,USD,New,https://www.gundamplanet.com/products/robot-spirits-gundam-ez-8-ver-a-n-i-m-e?_pos=195&_sid=25502266f&_ss=r&_fid=f9fe3954f,https://www.gundamplanet.com/cdn/shop/files/robot-spirits-gundam-ez-8-ver-a-n-i-m-e-fr2.jpg?v=1737708630&width=533
gundam,model_kit,Gundam Planet,retailer,us,MG LM314V21 V2 Gundam Ver.Ka,60.95,,,USD,New,https://www.gundamplanet.com/products/mg-lm314v21-v2-gundam-ver-ka?_pos=196&_sid=25502266f&_ss=r&_fid=f9fe3954f,https://www.gundamplanet.com/cdn/shop/files/mg-lm314v21-v2-gundam-ver-ka-00_2.jpg?v=1737664122&width=533
gundam,model_kit,Gundam Planet,retailer,us,MG FXA-05D/RX-178 Super Gundam,54.95,,,USD,New,https://www.gundamplanet.com/products/mg-fxa-05d-rx-178-super-gundam?_pos=197&_sid=25502266f&_ss=r&_fid=f9fe3954f,https://www.gundamplanet.com/cdn/shop/files/mg-fxa-05d-rx-178-super-gundam-00.jpg?v=1781310136&width=533
gundam,model_kit,Gundam Planet,retailer,us,HG MS-15/H Gyan Hakuji-Packs (Xavier Olivette Custom),32.95,,,USD,New,https://www.gundamplanet.com/products/hg-ms-15-h-gyan-hakuji-packs-xavier-olivette-custom?_pos=198&_sid=25502266f&_ss=r&_fid=f9fe3954f,https://www.gundamplanet.com/cdn/shop/files/hg-ms-15-h-gyan-hakuji-packs-xavier-olivette-custom-base.jpg?v=1751328000&width=533
gundam,model_kit,Gundam Planet,retailer,us,HGCE GAT-X105 Aile Strike Gundam,18.95,,,USD,New,https://www.gundamplanet.com/products/hgce-gat-x105-aile-strike-gundam?_pos=200&_sid=25502266f&_ss=r&_fid=f9fe3954f,https://www.gundamplanet.com/cdn/shop/files/hgce-gat-x105-aile-strike-gundam-00.jpg?v=1737662295&width=533
gundam,model_kit,Gundam Planet,retailer,us,Gundam Universe Gundam Epyon (Mobile Suit Gundam Wing),38.95,,,USD,New,https://www.gundamplanet.com/products/gundam-universe-gundam-epyon-mobile-suit-gundam-wing?_pos=201&_sid=25502266f&_ss=r&_fid=f9fe3954f,https://www.gundamplanet.com/cdn/shop/files/gundam-universe-gundam-epyon-mobile-suit-gundam-wing-base.jpg?v=1750175467&width=533
gundam,model_kit,Gundam Planet,retailer,us,HGUC MSN-00100 Hyaku-Shiki Revive,24.95,,,USD,New,https://www.gundamplanet.com/products/hguc-msn-00100-hyaku-shiki-revive?_pos=203&_sid=25502266f&_ss=r&_fid=f9fe3954f,https://www.gundamplanet.com/cdn/shop/files/hguc-msn-00100-hyaku-shiki-revive-00_1.jpg?v=1737664658&width=533
gundam,model_kit,Gundam Planet,retailer,us,HGBF Build Strike Gundam Full Package,18.95,,,USD,New,https://www.gundamplanet.com/products/hgbf-build-strike-gundam-full-package?_pos=205&_sid=25502266f&_ss=r&_fid=f9fe3954f,https://www.gundamplanet.com/cdn/shop/files/hgbf-build-strike-gundam-full-package-00.jpg?v=1737662096&width=533
gundam,model_kit,Gundam Planet,retailer,us,[SC01] Gundam Assemble Scenario Pack 01,53.95,,,USD,New,https://www.gundamplanet.com/products/sc01-gundam-assemble-scenario-pack-01?_pos=206&_sid=25502266f&_ss=r&_fid=f9fe3954f,https://www.gundamplanet.com/cdn/shop/files/sc01-gundam-assemble-scenario-pack-01-gp.jpg?v=1784315349&width=533
gundam,model_kit,Gundam Planet,retailer,us,MG LM312V04 V Dash Gundam Ver.Ka,76.95,,,USD,New,https://www.gundamplanet.com/products/mg-lm312v04-v-dash-gundam-ver-ka?_pos=207&_sid=25502266f&_ss=r&_fid=f9fe3954f,https://www.gundamplanet.com/cdn/shop/files/mg-lm312v04-v-dash-gundam-ver-ka-00.jpg?v=1737660010&width=533
gundam,model_kit,Gundam Planet,retailer,us,HGCE ZGMF-X20A Strike Freedom Gundam,28.95,,,USD,New,https://www.gundamplanet.com/products/hgce-zgmf-x20a-strike-freedom-gundam?_pos=208&_sid=25502266f&_ss=r&_fid=f9fe3954f,https://www.gundamplanet.com/cdn/shop/files/hgce-zgmf-x20a-strike-freedom-gundam-revive-00.jpg?v=1737665028&width=533
gundam,model_kit,Gundam Planet,retailer,us,PG Unleashed Nu Gundam LED Unit Set,179.95,,,USD,New,https://www.gundamplanet.com/products/pg-unleashed-nu-gundam-led-unit-set?_pos=209&_sid=25502266f&_ss=r&_fid=f9fe3954f,https://www.gundamplanet.com/cdn/shop/files/pg-unleashed-nu-gundam-led-unit-set-base-t.jpg?v=1749511459&width=533
gundam,model_kit,Gundam Planet,retailer,us,Gundam Artifact Phase 6: 029 Nu Gundam,12.95,,,USD,New,https://www.gundamplanet.com/products/gundam-artifact-phase-6-029-nu-gundam?_pos=210&_sid=25502266f&_ss=r&_fid=f9fe3954f,https://www.gundamplanet.com/cdn/shop/files/shokugan-gundam-artifact-6-box-of-103.jpg?v=1758327049&width=533
gundam,model_kit,Gundam Planet,retailer,us,MG RX-0 Unicorn Gundam 02 Banshee,62.95,,,USD,New,https://www.gundamplanet.com/products/mg-rx-0-unicorn-gundam-02-banshee?_pos=211&_sid=25502266f&_ss=r&_fid=f9fe3954f,https://www.gundamplanet.com/cdn/shop/files/mg-rx-0-unicorn-gundam-02-banshee-00.jpg?v=1737661547&width=533
gundam,model_kit,Gundam Planet,retailer,us,HGCE ZGMF-1027M Duel Blitz Gundam,30.95,,,USD,New,https://www.gundamplanet.com/products/hgce-zgmf-1027m-duel-blitz-gundam?_pos=213&_sid=25502266f&_ss=r&_fid=f9fe3954f,https://www.gundamplanet.com/cdn/shop/files/hgce-duel-blitz-gundam-gp.jpg?v=1737737889&width=533
gundam,model_kit,Gundam Planet,retailer,us,HG00 O Gundam Operational Mode (Type A.C.D.),18.95,,,USD,New,https://www.gundamplanet.com/products/hg00-o-gundam-operational-mode-type-a-c-d?_pos=214&_sid=25502266f&_ss=r&_fid=f9fe3954f,https://www.gundamplanet.com/cdn/shop/files/hg00-o-gundam-operational-mode-type-a-c-d-00.jpg?v=1737660123&width=533
gundam,model_kit,Gundam Planet,retailer,us,G-REWORK Decal MS04 MGSD Gundam Aerial,7.5,,,USD,New,https://www.gundamplanet.com/products/g-rework-decal-ms04-mgsd-gundam-aerial?_pos=215&_sid=25502266f&_ss=r&_fid=f9fe3954f,https://www.gundamplanet.com/cdn/shop/files/g-rework-decal-ms04-mgsd-gundam-aerial-base.jpg?v=1762188461&width=533
gundam,model_kit,Gundam Planet,retailer,us,HG Gundam G-Self (Atmospheric Pack Equipped),22.95,,,USD,New,https://www.gundamplanet.com/products/hg-gundam-g-self-atmospheric-pack-equipped?_pos=216&_sid=25502266f&_ss=r&_fid=f9fe3954f,https://www.gundamplanet.com/cdn/shop/files/hg-gundam-g-self-atmospheric-pack-equipped-00.jpg?v=1737663124&width=533
gundam,model_kit,Gundam Planet,retailer,us,RE/100 MS-06FZ Zaku II Kai,50.95,,,USD,New,https://www.gundamplanet.com/products/re-1-100-ms-06fz-zaku-ii-kai?_pos=217&_sid=25502266f&_ss=r&_fid=f9fe3954f,https://www.gundamplanet.com/cdn/shop/files/re100-zaku-ii-kai-gp.jpg?v=1737675873&width=533
gundam,model_kit,Gundam Planet,retailer,us,Gundam Universe Freedom Gundam Renewal (Mobile Suit Gundam SEED),34.95,,,USD,New,https://www.gundamplanet.com/products/gundam-universe-freedom-gundam-renewal-mobile-suit-gundam-seed?_pos=218&_sid=25502266f&_ss=r&_fid=f9fe3954f,https://www.gundamplanet.com/cdn/shop/files/gundam-universe-freedom-gundam-renewal-mobile-suit-gundam-seed.png?v=1780353447&width=533
gundam,model_kit,Gundam Planet,retailer,us,RG GN-0000 + GNR-010 00 Raiser,38.95,,,USD,New,https://www.gundamplanet.com/products/rg-gn-0000-gnr-010-00-raiser?_pos=219&_sid=25502266f&_ss=r&_fid=f9fe3954f,https://www.gundamplanet.com/cdn/shop/files/rg-gn-0000-gnr-010-00-raiser-00.jpg?v=1737663096&width=533
gundam,model_kit,Gundam Planet,retailer,us,HGBF Gundam Amazing Exia,24.95,,,USD,New,https://www.gundamplanet.com/products/hgbf-gundam-amazing-exia?_pos=220&_sid=25502266f&_ss=r&_fid=f9fe3954f,https://www.gundamplanet.com/cdn/shop/files/hgbf-gundam-amazing-exia-00.jpg?v=1737663023&width=533
gundam,model_kit,Gundam Planet,retailer,us,RG ZGMF-X09A Justice Gundam,34.95,,,USD,New,https://www.gundamplanet.com/products/rg-zgmf-x09a-justice-gundam?_pos=221&_sid=25502266f&_ss=r&_fid=f9fe3954f,https://www.gundamplanet.com/cdn/shop/files/rg-justice-gundam-00.jpg?v=1737661719&width=533
gundam,model_kit,Gundam Planet,retailer,us,HGBD:R Core Gundam II (Titans Color),14.95,,,USD,New,https://www.gundamplanet.com/products/hgbd-r-core-gundam-ii-titans-color?_pos=222&_sid=25502266f&_ss=r&_fid=f9fe3954f,https://www.gundamplanet.com/cdn/shop/files/hgbd-r-core-gundam-ii-titans-color-gp.jpg?v=1737685125&width=533
gundam,model_kit,Gundam Planet,retailer,us,MG ZGMF-X10A Freedom Gundam Ver 2.0,60.95,,,USD,New,https://www.gundamplanet.com/products/mg-zgmf-x10a-freedom-gundam-ver-2-0?_pos=223&_sid=25502266f&_ss=r&_fid=f9fe3954f,https://www.gundamplanet.com/cdn/shop/files/mg-zgmf-x10a-freedom-gundam-ver-2-0-00_1.jpg?v=1737664278&width=533
gundam,model_kit,Gundam Planet,retailer,us,HG MS-09 Rick Dom (Gaia/Ortega Custom),40.95,,,USD,New,https://www.gundamplanet.com/products/hg-ms-09-rick-dom-gaia-ortega-custom?_pos=224&_sid=25502266f&_ss=r&_fid=f9fe3954f,https://www.gundamplanet.com/cdn/shop/files/hg-ms-09-rick-dom-gaia-ortega-custom-base.jpg?v=1758835208&width=533
gundam,model_kit,Gundam Planet,retailer,us,HGUC RX-78AN-01 Gundam AN-01 Tristan,20.95,,,USD,New,https://www.gundamplanet.com/products/hguc-rx-78an-01-gundam-an-01-tristan?_pos=225&_sid=25502266f&_ss=r&_fid=f9fe3954f,https://www.gundamplanet.com/cdn/shop/files/hguc-rx-78an-01-gundam-an-01-tristan-00_1.jpg?v=1737669274&width=533
gundam,model_kit,HLJ.com,retailer,,Gundam Cross Freedom Gundam & Kira Yamato,23.26,,,USD,New,https://www.hlj.com/gundam-cross-freedom-gundam-kira-yamato-bant017557,https://www.hlj.com/productthumbs/ban/bant017557_0_1787197810.jpg?v=1787197810
gundam,model_kit,HLJ.com,retailer,,Gundam Cross Wing Gundam & Heero Yuy,23.26,,,USD,New,https://www.hlj.com/gundam-cross-wing-gundam-heero-yuy-bant017564,https://www.hlj.com/productthumbs/ban/bant017564_0_1787197815.jpg?v=1787197815
gundam,model_kit,HLJ.com,retailer,,Gundam Miximize ZGMF-X10A Freedom Gundam,20.93,,,USD,New,https://www.hlj.com/gundam-miximize-zgmf-x10a-freedom-gundam-bant908002,https://www.hlj.com/productthumbs/ban/bant908002_0_1787198432.jpg?v=1787198432
gundam,model_kit,HLJ.com,retailer,,Gundam Miximize RX-78-2 Gundam,19.38,,,USD,New,https://www.hlj.com/gundam-miximize-rx-78-2-gundam-bant908019,https://www.hlj.com/productthumbs/ban/bant908019_0_1787198434.jpg?v=1787198434
gundam,model_kit,HLJ.com,retailer,,1/144 Gundam Decal No.153 RG Wing Gundam,5.43,,,USD,New,https://www.hlj.com/1-144-scale-gundam-decal-no-153-rg-wing-gundam-banh847334,https://www.hlj.com/productthumbs/ban/banh847334_0_1787710824.jpg?v=1787710824
gundam,model_kit,HLJ.com,retailer,,Gundam Decal No.150 MGSD Freedom Gundam,5.43,,,USD,New,https://www.hlj.com/gundam-decal-no-150-mgsd-freedom-gundam-banh847211,https://www.hlj.com/productthumbs/ban/banh847211_0_1787710874.jpg?v=1787710874
gundam,model_kit,HLJ.com,retailer,,1/100 Gundam Decal No.155 MG Gundam Barbatos,5.43,,,USD,New,https://www.hlj.com/1-100-scale-gundam-decal-no-155-mg-gundam-barbatos-banh847358,https://www.hlj.com/productthumbs/ban/banh847358_0_1787711474.jpg?v=1787711474
gundam,model_kit,HLJ.com,retailer,,1/144 Gundam Decal No.145 RG Force Impulse Gundam SpecII,5.43,,,USD,New,https://www.hlj.com/1-144-scale-gundam-decal-no-145-rg-force-impulse-gundam-specii-banh847143,https://www.hlj.com/productthumbs/ban/banh847143_0_1787710223.jpg?v=1787710223
gundam,model_kit,HLJ.com,retailer,,1/144 Gundam Decal No.146 RG Akatsuki Gundam Oowashi Unit,5.43,,,USD,New,https://www.hlj.com/1-144-scale-gundam-decal-no-146-rg-akatsuki-gundam-oowashi-unit-banh847150,https://www.hlj.com/productthumbs/ban/banh847150_0_1787710206.jpg?v=1787710206
gundam,model_kit,HLJ.com,retailer,,Mobile Suit Gundam: Noodle Spoon Mobile Suit Gundam / Zeon Forces,9.3,,,USD,New,https://www.hlj.com/mobile-suit-gundam-noodle-spoon-mobile-suit-gundam-zeon-forces-cspr15635-4,https://www.hlj.com/productthumbs/csp/cspr15635-4_0_1758180147.jpg?v=1758180147
gundam,model_kit,HLJ.com,retailer,,Gundam Superior Define No.01: 1Box (10pcs),38.76,,,USD,New,https://www.hlj.com/gundam-superior-define-no-01-1box-10pcs-banf917806,https://www.hlj.com/productthumbs/ban/banf917806_0_1742371807.jpg?v=1742371807
gundam,model_kit,HLJ.com,retailer,,1/144 Gundam Decal No.144 Mobile Suit Z Gundam Multiuse 1,10.08,,,USD,New,https://www.hlj.com/1-144-scale-gundam-decal-no-144-mobile-suit-z-gundam-multiuse-1-banh847136,https://www.hlj.com/productthumbs/ban/banh847136_0_1787710210.jpg?v=1787710210
gundam,model_kit,HLJ.com,retailer,,Gundam Miximize MS-06S Char's Zaku,19.38,,,USD,New,https://www.hlj.com/gundam-miximize-ms-06s-char-s-zaku-bant017540,https://www.hlj.com/productthumbs/ban/bant017540_0_1787197807.jpg?v=1787197807
gundam,model_kit,HLJ.com,retailer,,1/144 Gundam Decal No.152 After War Gundam X Multiuse 1,10.08,,,USD,New,https://www.hlj.com/1-144-scale-gundam-decal-no-152-after-war-gundam-x-multiuse-1-banh847327,https://www.hlj.com/productthumbs/ban/banh847327_0_1787710868.jpg?v=1787710868
gundam,model_kit,HLJ.com,retailer,,1/144 Gundam Decal No.151 Mobile Suit Gundam MS IGLOO Multiuse 1,10.08,,,USD,New,https://www.hlj.com/1-144-scale-gundam-decal-no-151-mobile-suit-gundam-ms-igloo-multiuse-1-banh847228,https://www.hlj.com/productthumbs/ban/banh847228_0_1787710864.jpg?v=1787710864
gundam,model_kit,HLJ.com,retailer,,1/144 Gundam Decal No.147 RG RX-78-2 Gundam Ver.2.0,5.43,,,USD,New,https://www.hlj.com/1-144-scale-gundam-decal-no-147-rg-rx-78-2-gundam-ver-2-0-banh847167,https://www.hlj.com/productthumbs/ban/banh847167_0_1787710209.jpg?v=1787710209
gundam,model_kit,HLJ.com,retailer,,1/144 Gundam Decal No.149 Mobile Suit Gundam Seed Destiny Multiuse 1,10.08,,,USD,New,https://www.hlj.com/1-144-scale-gundam-decal-no-149-mobile-suit-gundam-seed-destiny-multiuse-1-banh847204,https://www.hlj.com/productthumbs/ban/banh847204_0_1787710807.jpg?v=1787710807
gundam,model_kit,HLJ.com,retailer,,1/144 Gundam Decal No.154 Mobile Suit Gundam MS IGLOO Multiuse 2,10.08,,,USD,New,https://www.hlj.com/1-144-scale-gundam-decal-no-154-mobile-suit-gundam-ms-igloo-multiuse-2-banh847341,https://www.hlj.com/productthumbs/ban/banh847341_0_1787710844.jpg?v=1787710844
gundam,other,HLJ.com,retailer,,Mobile Suit V Gundam: V2 Assault Buster Gundam T-Shirt / White-XL,23.26,,,USD,New,https://www.hlj.com/mobile-suit-v-gundam-v2-assault-buster-gundam-t-shirt-white-xl-cspr41457,https://www.hlj.com/productthumbs/csp/cspr41457_0_1737700907.jpg?v=1737700907
gundam,other,HLJ.com,retailer,,Mobile Suit V Gundam: V2 Assault Buster Gundam T-Shirt / White-L,23.26,,,USD,New,https://www.hlj.com/mobile-suit-v-gundam-v2-assault-buster-gundam-t-shirt-white-l-cspr41456,https://www.hlj.com/productthumbs/csp/cspr41456_0_1737700845.jpg?v=1737700845
gundam,other,HLJ.com,retailer,,Mobile Suit V Gundam: V2 Assault Buster Gundam T-Shirt / Indigo-M,23.26,,,USD,New,https://www.hlj.com/mobile-suit-v-gundam-v2-assault-buster-gundam-t-shirt-indigo-m-cspr41459,https://www.hlj.com/productthumbs/csp/cspr41459_0_1737700893.jpg?v=1737700893
gundam,other,HLJ.com,retailer,,Mobile Suit V Gundam: V2 Assault Buster Gundam T-Shirt / Indigo-L,23.26,,,USD,New,https://www.hlj.com/mobile-suit-v-gundam-v2-assault-buster-gundam-t-shirt-indigo-l-cspr41460,https://www.hlj.com/productthumbs/csp/cspr41460_0_1737700887.jpg?v=1737700887
gundam,other,HLJ.com,retailer,,Mobile Suit Gundam: E.F.S.F. Patch,9.3,,,USD,New,https://www.hlj.com/mobile-suit-gundam-e-f-s-f-patch-cspr06379-3,https://www.hlj.com/productthumbs/csp/cspr06379-3_0_1758179593.jpg?v=1758179593
gundam,model_kit,HLJ.com,retailer,,bitlot Gundam 3 1Box 10pcs,60.47,,,USD,New,https://www.hlj.com/bitlot-gundam-3-1box-10pcs-banf934308,https://www.hlj.com/productthumbs/ban/banf934308_0_1787218807.jpg?v=1787218807
gundam,model_kit,HLJ.com,retailer,,1/144 Gundam Decal No.148 Mobile Suit Gundam: The 08th MS Team Multiuse 1,10.08,,,USD,New,https://www.hlj.com/1-144-scale-gundam-decal-no-148-mobile-suit-gundam-the-08th-ms-team-multiuse-1-banh847198,https://www.hlj.com/productthumbs/ban/banh847198_0_1787710839.jpg?v=1787710839
gundam,model_kit,HLJ.com,retailer,,Gundam Universe MS-06S Char's Zaku II Renewal,30.08,,,USD,New,https://www.hlj.com/gundam-universe-ms-06s-char-s-zaku-ii-renewal-banc721440,https://www.hlj.com/productthumbs/ban/banc721440_0_1780048217.jpg?v=1780048217
gundam,other,HLJ.com,retailer,,Mobile Suit Gundam Uc (Unicorn): Unicorn Gundam Full Graphic T-Shirt / White-L,46.51,,,USD,New,https://www.hlj.com/mobile-suit-gundam-uc-unicorn-unicorn-gundam-full-graphic-t-shirt-white-l-cspr48064-2,https://www.hlj.com/productthumbs/csp/cspr48064-2_0_1749700819.jpg?v=1749700819
gundam,other,HLJ.com,retailer,,Mobile Suit Gundam Uc (Unicorn): Unicorn Gundam Full Graphic T-Shirt / White-M,46.51,,,USD,New,https://www.hlj.com/mobile-suit-gundam-uc-unicorn-unicorn-gundam-full-graphic-t-shirt-white-m-cspr48063-2,https://www.hlj.com/productthumbs/csp/cspr48063-2_0_1749700809.jpg?v=1749700809
gundam,other,HLJ.com,retailer,,Mobile Suit Gundam Uc (Unicorn): Unicorn Gundam Full Graphic T-Shirt / White-Xl,46.51,,,USD,New,https://www.hlj.com/mobile-suit-gundam-uc-unicorn-unicorn-gundam-full-graphic-t-shirt-white-xl-cspr48065-2,https://www.hlj.com/productthumbs/csp/cspr48065-2_0_1749700808.jpg?v=1749700808
gundam,other,HLJ.com,retailer,,Mobile Suit Gundam Uc (Unicorn): Unicorn Gundam Full Graphic T-Shirt / White-S,46.51,,,USD,New,https://www.hlj.com/mobile-suit-gundam-uc-unicorn-unicorn-gundam-full-graphic-t-shirt-white-s-cspr48062-2,https://www.hlj.com/media/original_images/noImage.png
gundam,other,HLJ.com,retailer,,Mobile Suit Gundam: E.F.S.F. PVC Patch,7.75,,,USD,New,https://www.hlj.com/mobile-suit-gundam-e-f-s-f-pvc-patch-cspr11500,https://www.hlj.com/productthumbs/csp/cspr11500_0_1556174496.jpg?v=1556174496
gundam,model_kit,HLJ.com,retailer,,Mobile Suit Gundam: Zeonic Messenger Bag,32.56,,,USD,New,https://www.hlj.com/mobile-suit-gundam-zeonic-messenger-bag-cspr07192-2,https://www.hlj.com/productthumbs/csp/cspr07192-2_0_1748932811.jpg?v=1748932811
gundam,other,HLJ.com,retailer,,Mobile Suit Gundam: E.F.S.F. Removable Patch,12.4,,,USD,New,https://www.hlj.com/mobile-suit-gundam-e-f-s-f-removable-patch-cspr06380-3,https://www.hlj.com/productthumbs/csp/cspr06380-3_0_1758179570.jpg?v=1758179570
gundam,model_kit,HLJ.com,retailer,,Mobile Suit Gundam: Zeon Tactical Belt,29.46,,,USD,New,https://www.hlj.com/mobile-suit-gundam-zeon-tactical-belt-cspr21246-4,https://www.hlj.com/productthumbs/csp/cspr21246-4_0_1758180070.jpg?v=1758180070
gundam,other,HLJ.com,retailer,,Mobile Suit Gundam: Chimera Corps Patch,9.3,,,USD,New,https://www.hlj.com/mobile-suit-gundam-chimera-corps-patch-cspr28776-3,https://www.hlj.com/productthumbs/csp/cspr28776-3_0_1758179428.jpg?v=1758179428
gundam,model_kit,HLJ.com,retailer,,Mobile Suit Gundam New Translation MS Complete Collection U.C.0068-0080,32.56,,,USD,New,https://www.hlj.com/mobile-suit-gundam-new-translation-ms-complete-collection-u-c-0068-0080-kdk14754,https://www.hlj.com/media/original_images/noImage.png
gundam,model_kit,HLJ.com,retailer,,bitlot Gundam 1 1Box 10pcs (Reissue),60.47,,,USD,New,https://www.hlj.com/bitlot-gundam-1-1box-10pcs-reissue-banf934315,https://www.hlj.com/productthumbs/ban/banf934315_0_1787218856.jpg?v=1787218856
gundam,model_kit,Gundam Place Store,retailer,us,MG Gundam Barbatos Lupus,83.99,,,USD,New,https://gundamplacestore.com/products/mg-1-100-gundam-barbatos-lupus?q=gundam,https://cdn.shopify.com/s/files/1/0579/0095/7832/files/D2A70274-2F31-4B87-B5FC-17CF3FEF632A.jpg?v=1763479747
gundam,model_kit,Gundam Place Store,retailer,us,RG #36 HI-NU GUNDAM [Hi-Î½ Gundam],60.99,,,USD,New,https://gundamplacestore.com/products/rg-hi-ce-bd-gundam?q=gundam,https://cdn.shopify.com/s/files/1/0579/0095/7832/products/img_4518.jpg?v=1650976834
gundam,model_kit,Gundam Place Store,retailer,us,PG Unleashed Nu Gundam,689.99,,,USD,New,https://gundamplacestore.com/products/pg-unleashed-nu-gundam?q=gundam,https://cdn.shopify.com/s/files/1/0579/0095/7832/files/74B1E2DF-3061-4A4A-B6B9-20CFF8D13700.webp?v=1770533221
gundam,model_kit,Gundam Place Store,retailer,us,MGSD Destiny Gundam,53.99,,,USD,New,https://gundamplacestore.com/products/mgsd-destiny-gundam?q=gundam,https://cdn.shopify.com/s/files/1/0579/0095/7832/files/D4794C34-0787-4945-8F2B-4E2F7F082418.jpg?v=1771260971
gundam,model_kit,Gundam Place Store,retailer,us,RG #37 Burning (God) Gundam,49.99,,,USD,New,https://gundamplacestore.com/products/rg-37-god-gundam?q=gundam,https://cdn.shopify.com/s/files/1/0579/0095/7832/products/image_94b96e8b-0696-4f8e-86dd-44d579003ee1.webp?v=1661618869
gundam,model_kit,Gundam Place Store,retailer,us,HGTWFM #26 Gundam Calibarn,23.99,,,USD,New,https://gundamplacestore.com/products/hgtwfm-gundam-calibarn?q=gundam,https://cdn.shopify.com/s/files/1/0579/0095/7832/files/image_13f194f6-3124-4f87-bd11-5959309f29a2.webp?v=1688434879
gundam,model_kit,Gundam Place Store,retailer,us,PG RX-0 UNICORN Gundam,259.69,,,USD,New,https://gundamplacestore.com/products/1-60-pg-unicorn-gundam?q=gundam,https://cdn.shopify.com/s/files/1/0579/0095/7832/files/IMG-7265.webp?v=1762156857
gundam,model_kit,Gundam Place Store,retailer,us,MGEX Strike Freedom Gundam,182.99,,,USD,New,https://gundamplacestore.com/products/mgex-strike-freedom-gundam?q=gundam,https://cdn.shopify.com/s/files/1/0579/0095/7832/products/image_1fdeda77-425a-419f-b197-458678c523dd.png?v=1671806713
gundam,model_kit,Gundam Place Store,retailer,us,PG 1/60 Perfect Strike Gundam,295.99,,,USD,New,https://gundamplacestore.com/products/pg-1-60-perfect-strike-gundam?q=gundam,https://cdn.shopify.com/s/files/1/0579/0095/7832/files/D565193C-5CFC-4555-982B-8FB915A9F588.webp?v=1763305795
gundam,model_kit,Gundam Place Store,retailer,us,MG Musha Gundam Mk-II,77.99,,,USD,New,https://gundamplacestore.com/products/1-100-mg-musha-gundam-mk-2?q=gundam,https://cdn.shopify.com/s/files/1/0579/0095/7832/products/ban963119_2.jpg?v=1650977805
gundam,model_kit,Gundam Place Store,retailer,us,RG #42 Shining Gundam,42.99,,,USD,New,https://gundamplacestore.com/products/rg-42-shining-gundam?q=gundam,https://cdn.shopify.com/s/files/1/0579/0095/7832/files/rg-gf13-017nj-shining-gundam-07.webp?v=1753816707
gundam,model_kit,Gundam Place Store,retailer,us,MG Gundam Virtue,91.99,,,USD,New,https://gundamplacestore.com/products/mg-gundam-virtue?q=gundam,https://cdn.shopify.com/s/files/1/0579/0095/7832/products/D5FE0C71-E24C-47B3-948C-06E5863A65CD.jpg?v=1650976627
gundam,model_kit,Gundam Place Store,retailer,us,RG #30 Full Armor Unicorn Gundam,69.99,,,USD,New,https://gundamplacestore.com/products/rg-30-full-armor-unicorn-gundam?q=gundam,https://cdn.shopify.com/s/files/1/0579/0095/7832/products/8269156.jpg?v=1650976903
gundam,model_kit,Gundam Place Store,retailer,us,HG MS-06 ZAKU II + BIG GUN SET (GUNDAM THUNDERBOLT ANIME VER.),50.99,,,USD,New,https://gundamplacestore.com/products/hg-ms-06-zaku-ii-big-gun-set-gundam-thunderbolt-anime-ver?q=gundam,https://cdn.shopify.com/s/files/1/0579/0095/7832/products/img_5890.jpg?v=1650976661
gundam,model_kit,Gundam Place Store,retailer,us,HGAC Altron Gundam,21.99,,,USD,New,https://gundamplacestore.com/products/hgac-altron-gundam?q=gundam,https://cdn.shopify.com/s/files/1/0579/0095/7832/files/8F63B50A-31C8-4A69-A86F-AA67349DCCE0.webp?v=1755913097
gundam,model_kit,Gundam Place Store,retailer,us,RG #38 Gundam Epyon,58.99,,,USD,New,https://gundamplacestore.com/products/rg-38-gundam-epyon?q=gundam,https://cdn.shopify.com/s/files/1/0579/0095/7832/files/IMG-1030.webp?v=1696036014
gundam,model_kit,USA Gundam Store,retailer,us,HGGQ 1/144 #12 White Gundam,19.59,,,USD,New,https://www.usagundamstore.com/products/hggq-1-144-white-gundam,https://cdn.shopify.com/s/files/1/0727/8355/files/lSFTOLe2QJTj2oPN_60ef9324-9c3d-486c-b94f-eec04790a238_600x600.jpg?v=1764614567
gundam,model_kit,USA Gundam Store,retailer,us,RG 1/144 #40 RX-78-2 Gundam (Ver. 2.0),40.99,,,USD,New,https://www.usagundamstore.com/products/rg-1-144-40-rx-78-2-2-0-gundam,https://cdn.shopify.com/s/files/1/0727/8355/files/193_6113_o_1i4gomn3olds18kk1m6717nd1rp23q_600x600.jpg?v=1762283273
gundam,model_kit,USA Gundam Store,retailer,us,Shenma Model 1/100 Blue Knight Rising Freedom Gundam,74.99,,,USD,New,https://www.usagundamstore.com/products/shenma-model-1-100-blue-knight-rising-freedom-gundam,https://cdn.shopify.com/s/files/1/0727/8355/files/download-2026-06-21T105325.102_600x600.png?v=1782053975
gundam,model_kit,USA Gundam Store,retailer,us,MGEX 1/100 Mighty Strike Freedom Gundam,279.99,,,USD,New,https://www.usagundamstore.com/products/mgex-1-100-mighty-strike-freedom-gundam,https://cdn.shopify.com/s/files/1/0727/8355/files/banh847280_0_600x600.jpg?v=1787751516
gundam,model_kit,USA Gundam Store,retailer,us,RG 1/144 #42 Shining Gundam,42.99,,,USD,New,https://www.usagundamstore.com/products/rg-1-144-41-rg-1-144-shining-gundam,https://cdn.shopify.com/s/files/1/0727/8355/files/conuS7erzRJNtRt0_600x600.jpg?v=1762285791
gundam,model_kit,USA Gundam Store,retailer,us,RG 1/144 #37 Burning Gundam,49.99,,,USD,New,https://www.usagundamstore.com/products/rg-1-144-37-god-gundam,https://cdn.shopify.com/s/files/1/0727/8355/products/153_5028_o_1g9u42c8e1fmriirah01nsnavb23_600x600.jpg?v=1762275873
gundam,model_kit,USA Gundam Store,retailer,us,MGEX 1/100 Strike Freedom Gundam,182.99,,,USD,New,https://www.usagundamstore.com/products/mgex-1-100-strike-freedom-gundam,https://cdn.shopify.com/s/files/1/0727/8355/products/156_5149_o_1gh093slv1tv2e8ooif1c6opp62i_8e614654-4b6c-4869-bba2-9ae4d33307e5_600x600.jpg?v=1762277429
gundam,model_kit,USA Gundam Store,retailer,us,RG 1/144 #36 Hi-Nu Gundam,60.99,,,USD,New,https://www.usagundamstore.com/products/rg-1-144-36-hi-v-hi-nu-gundam,https://cdn.shopify.com/s/files/1/0727/8355/products/1ef36ea8-5125-4e3c-805a-07ed0061eab4_600x600.jpg?v=1762273768
gundam,model_kit,USA Gundam Store,retailer,us,HGAC 1/144 #242 Shenlong Gundam,19.99,,,USD,New,https://www.usagundamstore.com/products/hgac-1-144-242-shenlong-gundam,https://cdn.shopify.com/s/files/1/0727/8355/products/157_5100_o_1gc66sdt71hjojunjsk1c4dq0h2n_218f688b-e100-44c9-acbf-f9ee653e09ce_600x600.jpg?v=1762276888
gundam,model_kit,USA Gundam Store,retailer,us,Entry Grade 1/144 Wing Gundam,11.99,,,USD,New,https://www.usagundamstore.com/products/entry-grade-1-144-wing-gundam,https://cdn.shopify.com/s/files/1/0727/8355/files/Si0mf8QZMUIHzVNM_dce55302-b2e7-4558-990a-ae8fd06f7a12_600x600.jpg?v=1762288463
gundam,model_kit,USA Gundam Store,retailer,us,RG 1/144 #32 RX-93 Nu Gundam,55.99,,,USD,New,https://www.usagundamstore.com/products/rg-1-144-32-rx-93-nu-gundam,https://cdn.shopify.com/s/files/1/0727/8355/products/e43a1a49-cb62-44e9-8bcd-3c4048f4139b_600x600.jpg?v=1762269790
gundam,model_kit,USA Gundam Store,retailer,us,MG 1/100 Hi-Nu Gundam (Ver. Ka),89.99,,,USD,New,https://www.usagundamstore.com/products/mg-1-100-hi-nu-gundam-ver-ka,https://cdn.shopify.com/s/files/1/0727/8355/products/95c23183-9315-4e13-ba71-02cc508b4bcd_600x600.jpg?v=1762198077
gundam,model_kit,USA Gundam Store,retailer,us,PG Unleashed 1/60 Nu Gundam,689.99,,,USD,New,https://www.usagundamstore.com/products/pg-unleashed-1-60-gundam,https://cdn.shopify.com/s/files/1/0727/8355/files/a459c8ea-02ed-4cec-9510-3a6b7ee53e9d_600x600.webp?v=1762288461
gundam,model_kit,USA Gundam Store,retailer,us,RG 1/144 #09 Justice Gundam,33.99,,,USD,New,https://www.usagundamstore.com/products/rg-1-144-09-justice-gundam,https://cdn.shopify.com/s/files/1/0727/8355/products/d1f56a41-e423-49c1-a082-4fd058d529fe_600x600.jpg?v=1762198473
gundam,model_kit,USA Gundam Store,retailer,us,MG 1/100 Full Armor Gundam,67.99,,,USD,New,https://www.usagundamstore.com/products/mg-1-100-full-armor-gundam,https://cdn.shopify.com/s/files/1/0727/8355/products/12_66127af8-5450-4af2-a53b-741a2956cb98_600x600.jpg?v=1762200940
gundam,model_kit,USA Gundam Store,retailer,us,RG 1/144 #30 Full Armor Unicorn Gundam,69.99,,,USD,New,https://www.usagundamstore.com/products/rg-1-144-30-full-armor-unicorn-gundam,https://cdn.shopify.com/s/files/1/0727/8355/products/8c7a02e6-472b-4efb-a677-4aa2f0a31b2c_600x600.jpg?v=1762201996
gundam,model_kit,USA Gundam Store,retailer,us,MGSD Freedom Gundam,54.99,,,USD,New,https://www.usagundamstore.com/products/mgsd-freedom-gundam,https://cdn.shopify.com/s/files/1/0727/8355/products/153_5206_o_1gmsp1pajm3a1q3910q21o8j3h323_042b642f-3d0f-4380-84e2-53e14c148ab6_600x600.jpg?v=1762278822
gundam,model_kit,USA Gundam Store,retailer,us,RG 1/144 #25 Unicorn Gundam,50.99,,,USD,New,https://www.usagundamstore.com/products/rg-1-144-25-unicorn-gundam,https://cdn.shopify.com/s/files/1/0727/8355/products/cf69efea-a2c0-4aa6-9072-ae289fca2872_600x600.jpg?v=1762200507
gundam,model_kit,USA Gundam Store,retailer,us,MG 1/100 Zeta Gundam (Ver.Ka),86.99,,,USD,New,https://www.usagundamstore.com/products/mg-1-100-zeta-gundam-ver-ka,https://cdn.shopify.com/s/files/1/0727/8355/products/153_5223_o_1gdplns5j1bml2am1js9bd1jqr23_72f71e81-deca-463c-a40f-ce9e74b5f23e_600x600.jpg?v=1762278822
gundam,model_kit,USA Gundam Store,retailer,us,HGCE 1/144 #224 Destiny Gundam (Revive),25.99,,,USD,New,https://www.usagundamstore.com/products/hgce-1-144-224-destiny-gundam-revive,https://cdn.shopify.com/s/files/1/0727/8355/products/hgce-destiny-gundam-revive-01_600x600.jpg?v=1762268947
gundam,model_kit,USA Gundam Store,retailer,us,HGUC 1/144 #101 RX-0 Unicorn Gundam (Unicorn Mode),19.99,,,USD,New,https://www.usagundamstore.com/products/hguc-1-144-101-rx-0-unicorn-gundam-unicorn-mode,https://cdn.shopify.com/s/files/1/0727/8355/products/d1685cfe-fb0a-448a-8743-beedd81e9f19_600x600.jpg?v=1759252390
gundam,model_kit,USA Gundam Store,retailer,us,MG 1/100 Destiny Gundam (Extreme Blast Mode),78.99,,,USD,New,https://www.usagundamstore.com/products/mg-1-100-destiny-gundam-extreme-blast-mode,https://cdn.shopify.com/s/files/1/0727/8355/products/523f4b20-6c93-48ea-90ed-b57b5609acb7_600x600.png?v=1762198067
gundam,model_kit,USA Gundam Store,retailer,us,HGCC 1/144 #177 Turn A Gundam,18.99,,,USD,New,https://www.usagundamstore.com/products/hgcc-1-144-177-turn-a-gundam,https://cdn.shopify.com/s/files/1/0727/8355/products/17a333bd-5baa-4fd6-91da-1f71eca5b896_600x600.jpg?v=1762198867
gundam,model_kit,USA Gundam Store,retailer,us,MG 1/100 Freedom Gundam (Ver 2.0),60.99,,,USD,New,https://www.usagundamstore.com/products/mg-1-100-freedom-gundam-ver-2-0,https://cdn.shopify.com/s/files/1/0727/8355/products/3322ad85-8d07-47b5-8a55-fc2df9a9fca8_600x600.jpg?v=1762198719
gundam,model_kit,USA Gundam Store,retailer,us,HGCE 1/144 #250 Mighty Strike Freedom Gundam,31.99,,,USD,New,https://www.usagundamstore.com/products/hggs-1-144-hg-mighty-strike-freedom-gundam-gundam-seed-freedom,https://cdn.shopify.com/s/files/1/0727/8355/files/153_6063_o_1huafj5mh24vl875gmm27esd23_41c72a00-c329-47c4-b135-09fa575cb90f_600x600.jpg?v=1762282632
gundam,model_kit,USA Gundam Store,retailer,us,MG 1/100 RX-78-2 Gundam (Ver. Ka),36.99,,,USD,New,https://www.usagundamstore.com/products/mg-1-100-rx-78-2-gundam-ver-ka,https://cdn.shopify.com/s/files/1/0727/8355/files/153_316_s_84qmj44e77vfrla6eo4jtamghypq_fbde4072-f3b5-49a0-b58a-a821e0745ff5_600x600.jpg?v=1762199200
gundam,model_kit,USA Gundam Store,retailer,us,RG 1/144 #01 RX-78-2 Gundam,30.99,,,USD,New,https://www.usagundamstore.com/products/rg-1-144-01-rx-78-2-gundam,https://cdn.shopify.com/s/files/1/0727/8355/products/27d7884d-c254-401f-86be-23d2a83779fc_600x600.jpg?v=1762198536
gundam,model_kit,USA Gundam Store,retailer,us,HGGBM 1/144 #4 Shin Burning Gundam,33.99,,,USD,New,https://www.usagundamstore.com/products/hg-1-144-god-burning-gundam-hg-1-144-shin-burning-gundam,https://cdn.shopify.com/s/files/1/0727/8355/files/153_5882_o_1hehpl5ib11k0b151bng6d91mth23_b9aa685e-e923-4f70-b3fa-a334b2bff9d5_600x600.jpg?v=1762280601
gundam,model_kit,USA Gundam Store,retailer,us,RG 1/144 #11 Destiny Gundam,34.99,,,USD,New,https://www.usagundamstore.com/products/rg-1-144-11-destiny-gundam,https://cdn.shopify.com/s/files/1/0727/8355/products/63627d48-cdf8-467f-9da6-a7850a41b8be-removebg_600x600.png?v=1762198353
gundam,model_kit,USA Gundam Store,retailer,us,HGUC 1/144 #29 Ex-S Gundam,33.99,,,USD,New,https://www.usagundamstore.com/products/hguc-1-144-29-ex-s-gundam,https://cdn.shopify.com/s/files/1/0727/8355/products/9f432bf3-d24b-4ef8-b778-071bbdb89b28_600x600.jpg?v=1762198459
gundam,model_kit,USA Gundam Store,retailer,us,MG 1/100 FXA-05D Super Gundam,53.99,,,USD,New,https://www.usagundamstore.com/products/mg-fxa-05d-super-gundam,https://cdn.shopify.com/s/files/1/0727/8355/files/153_2513_s_pq1n0uxo4e20jy05jh1nfsbrinnu_2a1c7f4c-9cf1-4131-95e2-7979694145bb_600x600.jpg?v=1781898860
gundam,model_kit,USA Gundam Store,retailer,us,MG 1/100 Shining Gundam,29.99,,,USD,New,https://www.usagundamstore.com/products/mg-1-100-shining-gundam,https://cdn.shopify.com/s/files/1/0727/8355/products/87d2a3ec-7ff5-4630-a65e-3fbfb0972687_600x600.jpg?v=1762199100
gundam,model_kit,USA Gundam Store,retailer,us,HG00 1/144 #45 0 Gundam (Type A.C.D. Ver.),17.99,,,USD,New,https://www.usagundamstore.com/products/hg00-1-144-45-0-gundam-type-a-c-d-ver,https://cdn.shopify.com/s/files/1/0727/8355/products/0a20ed22-10b1-459c-9c02-367c5526f936_600x600.jpg?v=1762198403
gundam,model_kit,USA Gundam Store,retailer,us,RG 1/144 #14 Strike Freedom Gundam,43.99,,,USD,New,https://www.usagundamstore.com/products/rg-1-144-14-strike-freedom-gundam,https://cdn.shopify.com/s/files/1/0727/8355/products/6d6223b5-5757-4915-9e64-b25a1d8b1f0a_600x600.jpg?v=1762198362
gundam,model_kit,USA Gundam Store,retailer,us,RG 1/144 #05 Freedom Gundam,33.99,,,USD,New,https://www.usagundamstore.com/products/rg-1-144-05-freedom-gundam,https://cdn.shopify.com/s/files/1/0727/8355/products/c25337ec-2e5e-4074-8035-56ff544de8c5_600x600.jpg?v=1762198353
gundam,model_kit,USA Gundam Store,retailer,us,HGGQ 1/144 #4 gMS-α Red Gundam,29.99,,,USD,New,https://www.usagundamstore.com/products/hg-1-144-red-gundam,https://cdn.shopify.com/s/files/1/0727/8355/files/OJ4QYP0diK0xnfd5_600x600.jpg?v=1762287186
gundam,model_kit,USA Gundam Store,retailer,us,Entry Grade 1/144 #11 Nu Gundam,12.99,,,USD,New,https://www.usagundamstore.com/products/entry-grade-1-144-11-nu-gundam,https://cdn.shopify.com/s/files/1/0727/8355/products/158_5007_s_0ylwv6vvc4fo9vact34r4ywn1f1v_d526c390-6b52-428d-a7fb-cca1c071fd79_600x600.jpg?v=1762275873
gundam,model_kit,USA Gundam Store,retailer,us,MG 1/100 Wing Gundam (Ver. Ka),40.99,,,USD,New,https://www.usagundamstore.com/products/mg-1-100-wing-gundam-ver-ka,https://cdn.shopify.com/s/files/1/0727/8355/products/34d85331-1fa5-4a8f-a635-c1c056608460_600x600.jpg?v=1762198467
gundam,model_kit,USA Gundam Store,retailer,us,MG 1/100 Wing Gundam (TV),48.99,,,USD,New,https://www.usagundamstore.com/products/mg-wing-gundam,https://cdn.shopify.com/s/files/1/0727/8355/products/0b4a444a-8152-413f-8b9b-f7e57d81134c_600x600.jpg?v=1762198757
gundam,model_kit,USA Gundam Store,retailer,us,HGBF 1/144 #07 Sengoku Astray Gundam,24.99,,,USD,New,https://www.usagundamstore.com/products/hgbf-1-144-07-sengoku-astray-gundam,https://cdn.shopify.com/s/files/1/0727/8355/products/29049891-5281-45f5-87e5-942c27941b23_600x600.jpg?v=1762198206
gundam,model_kit,USA Gundam Store,retailer,us,MG 1/100 RX-0 Full Armor Unicorn Gundam (Ver.Ka),102.99,,,USD,New,https://www.usagundamstore.com/products/mg-1-100-rx-0-full-armor-unicorn-gundam-ver-ka,https://cdn.shopify.com/s/files/1/0727/8355/products/690db7cb-9d7e-4ef4-8c5c-e5f2892a1abd_600x600.jpg?v=1762198188
gundam,model_kit,USA Gundam Store,retailer,us,MG 1/100 XXXG-01W Wing Gundam (EW),40.99,,,USD,New,https://www.usagundamstore.com/products/mg-1-100-xxxg-01w-wing-gundam-ew-ver,https://cdn.shopify.com/s/files/1/0727/8355/products/153_2717_s_hv9i5s250pk4lcifesezoei0okqb_8dafe70f-e506-4ac4-9061-39f5a7b2020c_600x600.jpg?v=1762198069
gundam,model_kit,USA Gundam Store,retailer,us,HGUC 1/144 #111 ZZ Gundam,30.99,,,USD,New,https://www.usagundamstore.com/products/hguc-1-144-111-zz-gundam,https://cdn.shopify.com/s/files/1/0727/8355/products/7571d159-7d01-45b5-b2fd-b52cec59e60d_600x600.jpg?v=1762198516
gundam,model_kit,USA Gundam Store,retailer,us,HGBF 1/144 #40 Lightning Z Gundam,29.99,,,USD,New,https://www.usagundamstore.com/products/hgbf-1-144-040-lightning-z-gundam,https://cdn.shopify.com/s/files/1/0727/8355/products/49e65da3-c64d-4d8b-a9fb-efc11b707b61_600x600.jpg?v=1762198377
gundam,model_kit,USA Gundam Store,retailer,us,Gundam Legend BB370 SD Knight Gundam,13.99,,,USD,New,https://www.usagundamstore.com/products/gundam-legend-bb370-sd-knight-gundam,https://cdn.shopify.com/s/files/1/0727/8355/products/71Z6k9tanKL._SL1500_600x600.jpg?v=1762198875
gundam,model_kit,USA Gundam Store,retailer,us,RG 1/144 #10 Zeta Gundam,40.99,,,USD,New,https://www.usagundamstore.com/products/rg-1-144-10-zeta-gundam,https://cdn.shopify.com/s/files/1/0727/8355/products/60f98391-69f0-4cf7-957b-9d5caaa98bc0_600x600.jpg?v=1762198231
gundam,model_kit,USA Gundam Store,retailer,us,HGUC 1/144 #49 Psycho Gundam,66.99,,,USD,New,https://www.usagundamstore.com/products/hguc-1-144-49-psycho-gundam,https://cdn.shopify.com/s/files/1/0727/8355/products/d04ef748-bb8a-43c5-819b-216d14386bbe_600x600.jpg?v=1762198687
gundam,model_kit,USA Gundam Store,retailer,us,MG PF-78-1 Perfect Gundam,53.99,,,USD,New,https://www.usagundamstore.com/products/mg-pf-78-1-perfect-gundam,https://cdn.shopify.com/s/files/1/0727/8355/products/14231877423_600x600.jpg?v=1762200942
gundam,model_kit,USA Gundam Store,retailer,us,MG 1/100 Justice Gundam,64.99,,,USD,New,https://www.usagundamstore.com/products/pre-order-mg-1-100-justice-gundam,https://cdn.shopify.com/s/files/1/0727/8355/products/38e05623-1982-4bec-a70a-af5cb946aab0-removebg_600x600.png?v=1762199220
gundam,model_kit,USA Gundam Store,retailer,us,BB295 Blu Duel Gundam,9.99,,,USD,New,https://www.usagundamstore.com/products/bb295-blu-duel-gundam,https://cdn.shopify.com/s/files/1/0727/8355/products/153_2561_s_qvs8pl59548ooq7w02524vh7je3h_600x600.jpg?v=1762278327
gundam,model_kit,USA Gundam Store,retailer,us,HGBF 1/144 #28 Try Burning Gundam,24.99,,,USD,New,https://www.usagundamstore.com/products/hgbf-1-144-try-burning-gundam,https://cdn.shopify.com/s/files/1/0727/8355/files/153_1254_s_mrzc0hvbbmokr52h08yd9yydbcf4_f8c08580-363d-4bc8-bdf3-94408d4bbe0e_600x600.jpg?v=1762198182
gundam,model_kit,USA Gundam Store,retailer,us,MG 1/100 Sword Impulse Gundam,60.99,,,USD,New,https://www.usagundamstore.com/products/mg-1-100-sword-impulse-gundam,https://cdn.shopify.com/s/files/1/0727/8355/products/a4a242e1-e123-4174-8334-9761b6fb26ec_600x600.jpg?v=1762198152
gundam,model_kit,USA Gundam Store,retailer,us,SD Gundam EX-Standard 005 RX-0 Unicorn Gundam (Destroy Mode),11.99,,,USD,New,https://www.usagundamstore.com/products/sd-ex-standard-005-rx-0-unicorn-gundam-destroy-mode,https://cdn.shopify.com/s/files/1/0727/8355/products/2daa1ee2-9cf9-4e4d-b7ad-b4a82c7b9d64_600x600.jpg?v=1762198631
gundam,model_kit,USA Gundam Store,retailer,us,MG 1/100 V-Dash Gundam (Ver.Ka),75.99,,,USD,New,https://www.usagundamstore.com/products/mg-lm312v04-v-dash-gundam-ver-ka,https://cdn.shopify.com/s/files/1/0727/8355/files/1000092377_1_9b3963a3-0c26-4472-8f37-38534426c621_600x600.jpg?v=1765471160
gundam,model_kit,USA Gundam Store,retailer,us,HGFC 1/144 #110 GF13-017NJII Burning Gundam,24.99,,,USD,New,https://www.usagundamstore.com/products/hgfc-1-144-110-gf13-017njii-god-gundam,https://cdn.shopify.com/s/files/1/0727/8355/products/f743d0c8-352f-4c98-a31c-3a8d7641bb0b_600x600.jpg?v=1762198761
gundam,model_kit,USA Gundam Store,retailer,us,MG 1/100 Victory 2 Gundam (Ver. Ka),60.99,,,USD,New,https://www.usagundamstore.com/products/pre-order-mg-1-100-v2-gundam-ver-ka,https://cdn.shopify.com/s/files/1/0727/8355/files/153_1430_s_6xbq4bm02qad2odbnyo92zqoru0f_71e4201e-a86c-4a29-8ee5-762294bc47dd_600x600.jpg?v=1762198568
gundam,model_kit,USA Gundam Store,retailer,us,HGCE 1/144 #192 Freedom Gundam (Revive),24.99,,,USD,New,https://www.usagundamstore.com/products/hgce-1-144-192-freedom-gundam-revive,https://cdn.shopify.com/s/files/1/0727/8355/products/6fe87f5f-f578-4035-9f5c-624817f3e4cb_600x600.jpg?v=1762198498
gundam,model_kit,USA Gundam Store,retailer,us,HGUC 1/144 #218 Narrative Gundam (A-Packs),72.99,,,USD,New,https://www.usagundamstore.com/products/hguc-1-144-218-narrative-gundam-a-packs,https://cdn.shopify.com/s/files/1/0727/8355/products/5de6c8f9-aeb4-4b74-a67d-0e98ca5b2650_600x600.jpg?v=1762268519
gundam,model_kit,USA Gundam Store,retailer,us,RG 1/144 #41 ORB-01 Akatsuki Gundam (Oowashi Unit),97.99,,,USD,New,https://www.usagundamstore.com/products/rg-1-144-39-akatsuki-gundam-equipped-with-owashi,https://cdn.shopify.com/s/files/1/0727/8355/files/153_6242_o_1iel62jkqqrf12n11bhp1du911um23_600x600.jpg?v=1762283813
gundam,model_kit,USA Gundam Store,retailer,us,HGCE 1/144 #243 Rising Freedom Gundam,27.99,,,USD,New,https://www.usagundamstore.com/products/bandai-hg-1-144-rising-freedom-gundam-tentative-name,https://cdn.shopify.com/s/files/1/0727/8355/files/153_5937_o_1hko23oi9ick14121p69cko18c523_66c8069c-b82a-4e7b-8166-0ad5e7ba91bb_600x600.jpg?v=1762281802
gundam,model_kit,USA Gundam Store,retailer,us,Gundam Legend BB375 SD Command Gundam,13.99,,,USD,New,https://www.usagundamstore.com/products/gundam-legend-bb375-sd-command-gundam,https://cdn.shopify.com/s/files/1/0727/8355/products/f242ad04-0815-43ae-887a-54df7678a384_1_600x600.jpg?v=1762201746
gundam,model_kit,USA Gundam Store,retailer,us,HGCE 1/144 #231 Infinite Justice Gundam,29.99,,,USD,New,https://www.usagundamstore.com/products/hgce-1-144-231-infinite-justice-gundam,https://cdn.shopify.com/s/files/1/0727/8355/products/f2755436-c3e2-4b82-a68c-d5d28f0b0d60_600x600.jpg?v=1762271465
gundam,model_kit,USA Gundam Store,retailer,us,MG 1/100 Force Impulse Gundam,59.99,,,USD,New,https://www.usagundamstore.com/products/bandai-1-100-mg-master-grade-gundam-seed-force-impulse-gundam-model-kit,https://cdn.shopify.com/s/files/1/0727/8355/products/c15ddd30-c95c-41be-ba43-73164f3f7d86_600x600.png?v=1762197955
gundam,model_kit,USA Gundam Store,retailer,us,PG 1/60 Strike Freedom Gundam,325.99,,,USD,New,https://www.usagundamstore.com/products/pg-strike-freedom-gundam,https://cdn.shopify.com/s/files/1/0727/8355/files/153_3859_s_fxnmhl45793pioe82adur92h9t57_fd069600-df9c-43bd-bf9b-985a9c39c2d6_600x600.jpg?v=1762198567
gundam,model_kit,USA Gundam Store,retailer,us,HGBF 1/144 #058 Star Burning Gundam,20.99,,,USD,New,https://www.usagundamstore.com/products/pre-order-hgbf-1-144-star-burning-gundam,https://cdn.shopify.com/s/files/1/0727/8355/files/153_2012_s_7dctg3r543ov0h95g1dsos3erjk0_72ae6d8b-34a9-4f6a-b14c-744e030d639d_600x600.jpg?v=1762200879
gundam,model_kit,USA Gundam Store,retailer,us,HGCE 1/144 #252 Duel Blitz Gundam,31.99,,,USD,New,https://www.usagundamstore.com/products/hgce-1-144-duel-blitz-gundam,https://cdn.shopify.com/s/files/1/0727/8355/files/153_6088_o_1i2t87iscr9o1hfc1g0b1clomgk23_5952c99d-ed67-4a8c-854e-167681fe2ab4_600x600.jpg?v=1762283274
gundam,model_kit,USA Gundam Store,retailer,us,SD Gundam Ex-Standard 20 Rising Freedom Gundam,11.99,,,USD,New,https://www.usagundamstore.com/products/sd-gundam-ex-standard-rising-freedom-gundam,https://cdn.shopify.com/s/files/1/0727/8355/files/153_5939_o_1hko1svohkshhd5u7sv111hpu23_8331e32c-77c8-4eb4-b1a1-9c00d6f94ea2_600x600.jpg?v=1762281811
gundam,model_kit,USA Gundam Store,retailer,us,HGUC 1/144 #189 V2 Assault Buster Gundam,27.99,,,USD,New,https://www.usagundamstore.com/products/hguc-1-144-189-v2-assault-buster-gundam,https://cdn.shopify.com/s/files/1/0727/8355/products/6e19f32b-8d7a-4720-a27c-9c5f20c06873_600x600.jpg?v=1781892004
gundam,model_kit,USA Gundam Store,retailer,us,HG00 1/144 #37 Seraphim Gundam,14.99,,,USD,New,https://www.usagundamstore.com/products/hg-1-144-37-seraphim-gundam,https://cdn.shopify.com/s/files/1/0727/8355/files/153_1861_o_1bblush84h2kj7t19v6rhh4f523_8c038bff-c749-40ad-80f3-652ef695ca18_600x600.jpg?v=1762198898
gundam,model_kit,USA Gundam Store,retailer,us,SDBF #30 Star Winning Gundam,16.99,,,USD,New,https://www.usagundamstore.com/products/sdbf-030-star-winning-gundam,https://cdn.shopify.com/s/files/1/0727/8355/products/153_1261_s_gdvz7xtxb83wqccuwtdzs26kd5az_f52e007f-fa81-4ca8-ac94-ff449fcc7a80_600x600.jpg?v=1762198206
gundam,model_kit,USA Gundam Store,retailer,us,HG 1/144 #41 Strike Noir Gundam,19.99,,,USD,New,https://www.usagundamstore.com/products/hg-1-144-41-strike-noir-gundam,https://cdn.shopify.com/s/files/1/0727/8355/products/s-l500_e3facbd4-b8d7-401f-af2c-ad1900e02b03_600x600.jpg?v=1764881450
gundam,model_kit,USA Gundam Store,retailer,us,HGCE 1/144 #226 Destiny Gundam (Heine Westenfluss Custom),29.99,,,USD,New,https://www.usagundamstore.com/products/hgce-1-144-destiny-gundam-heine-westenfluss-custom,https://cdn.shopify.com/s/files/1/0727/8355/files/153_3241_s_z0jd4h0948ax1chwv15782mrgnt0_600x600.jpg?v=1781812371
gundam,model_kit,USA Gundam Store,retailer,us,Gundam Seed Full Mechanics 1/100 Raider Gundam,59.99,,,USD,New,https://www.usagundamstore.com/products/gundam-seed-full-mechanics-1-100-raider-gundam,https://cdn.shopify.com/s/files/1/0727/8355/products/157_5020_s_782i8vqwneersef5ohs0yi0ixw88_627c8467-07fd-4ec3-aeb0-ba4e3da8419f_600x600.jpg?v=1762275871
gundam,model_kit,USA Gundam Store,retailer,us,Gundam Legend SD Gundam BB373 Musha Gundam,13.99,,,USD,New,https://www.usagundamstore.com/products/gundam-legend-sd-gundam-bb373-musha-gundam,https://cdn.shopify.com/s/files/1/0727/8355/products/51FaR8FvoYL_600x600.jpg?v=1762201547
gundam,model_kit,USA Gundam Store,retailer,us,RG 1/144 #03 Aile Strike Gundam,33.99,,,USD,New,https://www.usagundamstore.com/products/rg-1-144-03-aile-strike-gundam,https://cdn.shopify.com/s/files/1/0727/8355/products/ce206f39-1cc8-4948-bb3e-922dfa010d89-removebg_600x600.png?v=1762198351
gundam,model_kit,USA Gundam Store,retailer,us,MG 1/100 Sengoku Astray Gundam,66.99,,,USD,New,https://www.usagundamstore.com/products/mg-1-100-sengoku-astray-gundam,https://cdn.shopify.com/s/files/1/0727/8355/files/153_1052_s_w14lmnjvb8nyt282jwofqwi93tmz_95193ced-6135-4cd8-8883-9b46d20028aa_600x600.jpg?v=1762198217
gundam,model_kit,USA Gundam Store,retailer,us,HGUC 1/144 #165 Victory Gundam,16.99,,,USD,New,https://www.usagundamstore.com/products/hguc-1-144-165-v-gundam,https://cdn.shopify.com/s/files/1/0727/8355/products/71UwICJcaOL._SL1431_600x600.jpg?v=1762198158
gundam,model_kit,USA Gundam Store,retailer,us,MG 1/100 GAT-X105 Aile Strike Gundam (Ver. RM),55.99,,,USD,New,https://www.usagundamstore.com/products/mg-1-100-gat-x105-aile-strike-gundam-ver-rm-remaster,https://cdn.shopify.com/s/files/1/0727/8355/products/8a890ae4-6f96-4798-9a84-b531440412c4_600x600.jpg?v=1762198064
gundam,model_kit,USA Gundam Store,retailer,us,MG 1/100 Infinite Justice Gundam,66.99,,,USD,New,https://www.usagundamstore.com/products/bandai-1-100-mg-master-grade-infinite-justice-gundam-model-kit-zgmf-x19a-156649,https://cdn.shopify.com/s/files/1/0727/8355/products/8b5af19e-a20f-427b-8a44-918f98ccaa7c_600x600.png?v=1762197958
gundam,model_kit,USA Gundam Store,retailer,us,SD Gundam EX-Standard 006 Strike Freedom Gundam,11.99,,,USD,New,https://www.usagundamstore.com/products/pre-order-ex-standard-006-strike-freedom-gundam,https://cdn.shopify.com/s/files/1/0727/8355/products/153_1560_s_jwq138edmob8cx9od4knlvs4r2n1_2c464441-c29e-441a-9668-de07ca1bcf6c_600x600.jpg?v=1762198627
gundam,model_kit,USA Gundam Store,retailer,us,SD Gundam EX-Standard 002 Aile Strike Gundam,11.99,,,USD,New,https://www.usagundamstore.com/products/sd-gundam-ex-standard-002-aile-strike-gundam,https://cdn.shopify.com/s/files/1/0727/8355/products/Untitled-42_92714faf-dc5a-499e-bebb-cc4ad9e992d8_600x600.jpg?v=1762198618
gundam,model_kit,USA Gundam Store,retailer,us,HGCE 1/144 #201 Strike Freedom Gundam,28.99,,,USD,New,https://www.usagundamstore.com/products/hgce-1-144-201-strike-freedom-gundam,https://cdn.shopify.com/s/files/1/0727/8355/products/1299fbe8-528a-4d69-9ef5-43730019336c_600x600.jpg?v=1762199004
gundam,model_kit,USA Gundam Store,retailer,us,HGCE 1/144 #198 Force Impulse Gundam,22.99,,,USD,New,https://www.usagundamstore.com/products/hgce-1-144-198-force-impulse-gundam,https://cdn.shopify.com/s/files/1/0727/8355/products/f7676f54-a010-4cf6-b2cc-6e55111bc95e_600x600.jpg?v=1762198775
gundam,model_kit,USA Gundam Store,retailer,us,Gundam SD EX-Standard 009 Destiny Gundam,10.99,,,USD,New,https://www.usagundamstore.com/products/pre-order-ex-standard-009-destiny-gundam,https://cdn.shopify.com/s/files/1/0727/8355/products/153_1815_s_i9j370wqbwajkap5s0t303m15h1b_d10ff823-d824-478f-b026-de4f6eb40623_600x600.jpg?v=1762198712
gundam,model_kit,USA Gundam Store,retailer,us,HGBF 1/144 #20 Lightning Gundam,20.99,,,USD,New,https://www.usagundamstore.com/products/hgbf-1-144-lightning-gundam,https://cdn.shopify.com/s/files/1/0727/8355/files/153_1195_s_9oj4o57w5bpnql730nt8krjctqt3_6e84cfbd-0b67-4c4d-95eb-59ca9ada7d46_600x600.jpg?v=1762198164
gundam,model_kit,USA Gundam Store,retailer,us,HGFC 1/144 #127 Shining Gundam,19.99,,,USD,New,https://www.usagundamstore.com/products/hgfc-127-shining-gundam-1-144,https://cdn.shopify.com/s/files/1/0727/8355/files/94d741a9-a785-45af-bf8e-c65ad918df61_600x600.webp?v=1762198668
gundam,model_kit,USA Gundam Store,retailer,us,MG 1/100 ZGMF-X42S Destiny Gundam,64.99,,,USD,New,https://www.usagundamstore.com/products/bandai-mg-512437-gundam-zgmf-x42s-destiny-gundam-1-100-scale-kit,https://cdn.shopify.com/s/files/1/0727/8355/products/d973fa91-11a8-45b9-96bf-c8ae2272ba6d_600x600.jpg?v=1762197960
gundam,model_kit,USA Gundam Store,retailer,us,MG 1/100 Launcher and Sword Strike Gundam,60.99,,,USD,New,https://www.usagundamstore.com/products/mg-launcher-amp-sword-strike-gundam,https://cdn.shopify.com/s/files/1/0727/8355/files/153_2585_s_x03c6y6obsm8acivojdjjz7fv329_600x600.jpg?v=1762198524
gundam,model_kit,USA Gundam Store,retailer,us,HGBF 1/144 #43 Kamiki Burning Gundam,24.99,,,USD,New,https://www.usagundamstore.com/products/hgbf-1-144-43-kamiki-burning-gundam,https://cdn.shopify.com/s/files/1/0727/8355/products/a0bbd6d2-c38f-4e11-8b1d-15e60b5a1cce_600x600.jpg?v=1762198503
gundam,model_kit,USA Gundam Store,retailer,us,HGUC 1/144 #222 RX-9/C Narrative Gundam (C-Packs),30.99,,,USD,New,https://www.usagundamstore.com/products/hguc-1-144-222-rx-9-c-narrative-gundam-c-packs,https://cdn.shopify.com/s/files/1/0727/8355/products/c1d54d24-9c3d-494b-b2a1-37c062caaa54_600x600.jpg?v=1762268900
gundam,model_kit,USA Gundam Store,retailer,us,HGUC 1/144 #35 Super Gundam,27.99,,,USD,New,https://www.usagundamstore.com/products/hguc-1-144-35-super-gundam,https://cdn.shopify.com/s/files/1/0727/8355/products/3bc5dc3f-eba9-4b62-bd5c-07b04546aaa1_600x600.jpg?v=1762198380
gundam,model_kit,USA Gundam Store,retailer,us,SDW Heroes #36 78th Musha Gundam,21.99,,,USD,New,https://www.usagundamstore.com/products/sdw-heroes-36-musha-gundam-the-78th,https://cdn.shopify.com/s/files/1/0727/8355/files/153_5941_s_wjlu3wh38m25sl856ztvbhoee8ed_8d1f6b20-f231-41cb-ad96-ef981eed743d_600x600.jpg?v=1762281689
gundam,model_kit,USA Gundam Store,retailer,us,SDW Heroes Resurrection #33 Wukong Impulse (Childhood Ver.) &amp; Sanzo Strike Freedom Gundam Set,20.99,,,USD,New,https://www.usagundamstore.com/products/sdw-heroes-33-goku-impulse-gundam-sanzang-strike-freedom-gundam-set,https://cdn.shopify.com/s/files/1/0727/8355/files/153_5864_s_qy2cjfl5elpek0ok2hq770klkywc_7d6ece09-38f9-4602-a67e-70f0db404df0_600x600.jpg?v=1762280946
gundam,model_kit,USA Gundam Store,retailer,us,SD BB Senshi #227 Super Gundam,10.99,,,USD,New,https://www.usagundamstore.com/products/sd-bb-senshi-227-super-gundam,https://cdn.shopify.com/s/files/1/0727/8355/products/1000075246_1_600x600.jpg?v=1762278795
gundam,model_kit,USA Gundam Store,retailer,us,SDW Heroes #27 Zhao Yun 00 Gundam (Command Package Ver.),13.99,,,USD,New,https://www.usagundamstore.com/products/sdw-heroes-27-zhao-yun-00-gundam-command-package-ver,https://cdn.shopify.com/s/files/1/0727/8355/products/153_5101_o_1gd2jaihhdum1coiecf1ahd7ko23_12ec74a5-7dcd-4142-8876-20535f8addb3_600x600.jpg?v=1762276907
gundam,model_kit,USA Gundam Store,retailer,us,SDW Heroes #14 Qiongqi Strike Freedom Gundam,15.99,,,USD,New,https://www.usagundamstore.com/products/sdw-heroes-14-qiongqi-strike-freedom-gundam,https://cdn.shopify.com/s/files/1/0727/8355/products/153_4635_s_h282vyw9ix9nbucz9wbiqdjop5rp_600x600.jpg?v=1762276846
gundam,model_kit,USA Gundam Store,retailer,us,HGBB 1/144 Blazing Gundam,23.99,,,USD,New,https://www.usagundamstore.com/products/hgbb-1-144-blazing-gundam,https://cdn.shopify.com/s/files/1/0727/8355/products/a20e6a8e-0e27-426e-a11a-983c86429ffc_600x600.jpg?v=1762274530
gundam,model_kit,USA Gundam Store,retailer,us,C38 RG HG 1/144 Force Impulse Gundam,4.49,,,USD,New,https://www.usagundamstore.com/products/c38-rg-hg-1-144-force-impulse-gundam,https://cdn.shopify.com/s/files/1/0727/8355/products/06-14-C38RGHGFORCEIMPULSE_2_600x600.jpg?v=1762272306
gundam,model_kit,USA Gundam Store,retailer,us,SD Gundam BB Senshi #288 Strike Freedom Gundam,9.99,,,USD,New,https://www.usagundamstore.com/products/bb-sd-strike-freedom,https://cdn.shopify.com/s/files/1/0727/8355/products/153_624_s_3dmezpt5auxypnsgi7dl7zoa6wzp_f5604804-c40b-40e9-a372-892c49abe610_600x600.jpg?v=1762198670
gundam,model_kit,USA Gundam Store,retailer,us,MG 1/100 ZGMF-X20A Strike Freedom Gundam,64.99,,,USD,New,https://www.usagundamstore.com/products/mg-100-zgmf-x20a-gundam-strike-freedom,https://cdn.shopify.com/s/files/1/0727/8355/products/52a8d73b-861e-4365-b8eb-e23736dbadb0_600x600.jpg?v=1762198070
gundam,model_kit,USA Gundam Store,retailer,us,SD Gundam Cross Silhouette Tornado Gundam,21.99,,,USD,New,https://www.usagundamstore.com/products/sd-gundam-cross-silhouette-tornado-gundam,https://cdn.shopify.com/s/files/1/0727/8355/files/153_5283_s_t6ivht2zrd9d79xevghajaq6qaxj_b5a635ec-ca94-4f26-bb57-7a300c28b4ad_600x600.jpg?v=1762280555
gundam,other,USA Gundam Store,retailer,us,F66 MG PB Eclipse Gundam with Raisin Striker Decal Sheet,7.99,,,USD,New,https://www.usagundamstore.com/products/f66-mg-pb-eclipse-gundam-with-raisin-striker-decal-sheet,https://cdn.shopify.com/s/files/1/0727/8355/products/06-10-F66MGPBEclipseGundam_RaisinStriker_2_600x600.jpg?v=1762280163
gundam,model_kit,USA Gundam Store,retailer,us,E44 MG 1/100 V2 / V2AB Victory Gundam (2PC),7.99,,,USD,New,https://www.usagundamstore.com/products/e44-mg-1-100-v2-v2ab-victory-gundam-2pc,https://cdn.shopify.com/s/files/1/0727/8355/products/bf3ba9_0eeef3f3cc1845f7ac22face734752e9_mv2_600x600.jpg?v=1762276025
gundam,model_kit,USA Gundam Store,retailer,us,F39 MG Avalanche Exia Gundam,5.59,,,USD,New,https://www.usagundamstore.com/products/f39-mg-avalanche-exia-gundam,https://cdn.shopify.com/s/files/1/0727/8355/products/bf3ba9_1c416c9ec66742f5a8d1791d85cc9e04_mv2_600x600.jpg?v=1762276013
gundam,model_kit,USA Gundam Store,retailer,us,SDW Heroes #19 Caesar Legend Gundam,10.99,,,USD,New,https://www.usagundamstore.com/products/sdw-heroes-19-caesar-legend-gundam,https://cdn.shopify.com/s/files/1/0727/8355/products/153_4700_s_t1ysrw8j4or1wicdl4wktykyhawt_600x600.jpg?v=1762275428
gundam,model_kit,USA Gundam Store,retailer,us,SDW Heroes #21 Knight Strike Gundam,10.99,,,USD,New,https://www.usagundamstore.com/products/sdw-heroes-21-knight-strike-gundam,https://cdn.shopify.com/s/files/1/0727/8355/products/153_4708_o_1g3nuj01ultj1pvr7ef17p1ti123_2f8f61fb-844b-4fca-a3e2-fd11f7e328c2_600x600.jpg?v=1762275427
gundam,model_kit,USA Gundam Store,retailer,us,"F33 MG 00 Gundam with Raiser, 00R (Redesigned!)",5.99,,,USD,New,https://www.usagundamstore.com/products/f33-mg-00-gundam-with-raiser-00r-redesigned,https://cdn.shopify.com/s/files/1/0727/8355/files/bf3ba9_d02ae53cf90347a09a0b2c4320ad115d_mv2_600x600.jpg?v=1762273479
gundam,model_kit,USA Gundam Store,retailer,us,F31 MG Magnum Gundam,5.99,,,USD,New,https://www.usagundamstore.com/products/f31-mg-magnum-gundam,https://cdn.shopify.com/s/files/1/0727/8355/products/F31MGMagnum_600x600.jpg?v=1762272969
gundam,model_kit,USA Gundam Store,retailer,us,F26 HiRM GOD GUNDAM,4.99,,,USD,New,https://www.usagundamstore.com/products/f26-hirm-god-gundam,https://cdn.shopify.com/s/files/1/0727/8355/products/god_600x600.jpg?v=1762271441
gundam,model_kit,USA Gundam Store,retailer,us,HGBF 1/144 #34 Transient Gundam,24.99,,,USD,New,https://www.usagundamstore.com/products/hgbf-1-144-034-transient-gundam,https://cdn.shopify.com/s/files/1/0727/8355/products/fc949cb4-2e00-4b71-b5a4-ff614f8e80a6_600x600.jpg?v=1762198111
gundam,model_kit,USA Gundam Store,retailer,us,SD Gundam BB Senshi #395 Nidaime Daishogun Gundam,19.99,,,USD,New,https://www.usagundamstore.com/products/second-generation-imperator-sd-musha-gundam-395-legend-bb,https://cdn.shopify.com/s/files/1/0727/8355/products/153_1187_s_6l6t6vu68s32mhnhhde40z390zbl_a5dd05c3-7112-4c38-88c7-583a33b44f91_600x600.jpg?v=1762198072
gundam,model_kit,USA Gundam Store,retailer,us,HGUC 1/144 #93 Nu Gundam (Heavy Weapon System),36.99,,,USD,New,https://www.usagundamstore.com/products/hguc-1-144-93-nu-gundam-heavy-weapon-system,https://cdn.shopify.com/s/files/1/0727/8355/products/c4685acd-272a-422f-a6c7-8ce3ca4a39d6_600x600.jpg?v=1762200706
gundam,model_kit,USA Gundam Store,retailer,us,RG 1/144 RX-79[G] Gundam Ground Type,53.99,,,USD,New,https://www.usagundamstore.com/products/rg-1-144-rx-79g-gundam-ground-type,https://cdn.shopify.com/s/files/1/0727/8355/files/banh847181_0_600x600.jpg?v=1787751501
gundam,model_kit,USA Gundam Store,retailer,us,Explosive Model God Gundam (Metal Build-Style) 1/100 Scale Model Kit,94.99,,,USD,New,https://www.usagundamstore.com/products/god-gundam-explosive-model-metal-build-style-1-100-scale-with-metal-inner-frame,https://cdn.shopify.com/s/files/1/0727/8355/files/7824DA6B-291C-4079-9FB0-4080DBB3599E_600x600.jpg?v=1781643939
gundam,model_kit,USA Gundam Store,retailer,us,HGTWFM 1/144 #26 Gundam Calibarn,23.99,,,USD,New,https://www.usagundamstore.com/products/mobile-suit-gundam-the-witch-from-mercury-new-product-b-tentative,https://cdn.shopify.com/s/files/1/0727/8355/files/153_5527_s_dch0k096rqfilluzrmcul5zht4u7_1570cefb-b204-4870-802b-13e97d57dc5b_600x600.jpg?v=1762280262
gundam,model_kit,USA Gundam Store,retailer,us,HGTWFM 1/144 #03 Gundam Aerial,17.99,,,USD,New,https://www.usagundamstore.com/products/hgtwfm-1-144-03-gundam-aerial,https://cdn.shopify.com/s/files/1/0727/8355/products/189_5174_s_p0k6t0dftb22biju3b0wfu8ra8sw_060a394f-fbff-4a9a-9570-5ba95c69e3ac_600x600.jpg?v=1762278269
gundam,model_kit,USA Gundam Store,retailer,us,MG Blazing Spirits 1/100 scale Master Gundam model kit,84.99,,,USD,New,https://www.usagundamstore.com/products/blazing-spirits-1-100-scale-master-gundam-model-kit,https://cdn.shopify.com/s/files/1/0727/8355/files/4AA0D66D-83CB-4253-A069-CA669AAD81DC_600x600.jpg?v=1778956739
gundam,model_kit,USA Gundam Store,retailer,us,Gundam Assemble Starter Set 01,34.99,,,USD,New,https://www.usagundamstore.com/products/gundam-assemble-starter-set-01-st01,https://cdn.shopify.com/s/files/1/0727/8355/files/ST01_1_739698ae-4a9c-47d1-a502-72c5f6c5bb97_600x600.png?v=1772629440
gundam,model_kit,USA Gundam Store,retailer,us,MG 1/100 Gundam Barbatos Lupus,83.99,,,USD,New,https://www.usagundamstore.com/products/mg-1-100-gundam-barbatos-lupus,https://cdn.shopify.com/s/files/1/0727/8355/files/ZnclMZfgWJyMn2Pg_f6331e6e-c64f-4b0b-a8ba-8fbee8699f47_600x600.jpg?v=1763476582
gundam,model_kit,USA Gundam Store,retailer,us,MG 1/100 ASW-G-XX Gundam Vidar,72.99,,,USD,New,https://www.usagundamstore.com/products/mg-1-100-asw-g-xx-gundam-vidar,https://cdn.shopify.com/s/files/1/0727/8355/files/153_6312_s_rvilif532m0xhisnf9sccodwstnt_8201eaf8-f10e-418d-ba86-ed5311b34909_600x600.jpg?v=1756306929
gundam,other,USA Gundam Store,retailer,us,GM301 Gundam Marker Black (Pour Type),3.99,,,USD,New,https://www.usagundamstore.com/products/black-pour-type-gundam-marker-gm301p,https://cdn.shopify.com/s/files/1/0727/8355/products/51iaw6gc62L._AC_SL1150__1_29bd7b95-340b-4139-9769-c48fdaf5c86f_600x600.jpg?v=1762272593
gundam,model_kit,USA Gundam Store,retailer,us,MGSD Gundam Barbatos Model Kit,54.99,,,USD,New,https://www.usagundamstore.com/products/mgsd-gundam-barbatos,https://cdn.shopify.com/s/files/1/0727/8355/files/153_5863_o_1hckgk9vf3cb14v2mgh1m091utm23_37c6a1c9-2479-49b8-b744-641a900e72c4_600x600.jpg?v=1762280928
gundam,model_kit,USA Gundam Store,retailer,us,MG 1/100 Gundam Epyon (EW Ver.),54.99,,,USD,New,https://www.usagundamstore.com/products/mg-1-100-gundam-epyon-ew-ver,https://cdn.shopify.com/s/files/1/0727/8355/products/30195c6d-3844-46e1-a9de-09355e081a25_600x600.jpg?v=1762198152
gundam,other,USA Gundam Store,retailer,us,GM02 Gray Fine Point Gundam Marker,3.39,,,USD,New,https://www.usagundamstore.com/products/gsi-creos-gray-fine-point-gundam-marker,https://cdn.shopify.com/s/files/1/0727/8355/products/greyp_600x600.jpg?v=1762272578
gundam,model_kit,USA Gundam Store,retailer,us,MG 1/100 ASW-G-08 Gundam Barbatos,60.99,,,USD,New,https://www.usagundamstore.com/products/mg-1-100-asw-g-08-gundam-barbatos,https://cdn.shopify.com/s/files/1/0727/8355/products/a2e9c4f9-0edd-4a06-987b-9b179fbe8e54_600x600.jpg?v=1762270682
gundam,model_kit,USA Gundam Store,retailer,us,HGTWFM 1/144 #19 Gundam Aerial Rebuild,22.99,,,USD,New,https://www.usagundamstore.com/products/hg-1-144-gundam-aerial-rebuild,https://cdn.shopify.com/s/files/1/0727/8355/products/153_5238_o_1gob4hha23q91daa1rt2v72e3p23_d2d00039-eeb7-4f1b-b201-0c748a53efd9_600x600.jpg?v=1762279507
gundam,other,USA Gundam Store,retailer,us,Gundam Color (Semi-Gloss) Series,3.5,,,USD,New,https://www.usagundamstore.com/products/gundam-color-10ml-semi-gloss-series,https://cdn.shopify.com/s/files/1/0727/8355/products/gundam-color-collection_2_600x600.jpg?v=1762199099
gundam,model_kit,USA Gundam Store,retailer,us,HGIBO 1/144 #008 Gundam Gusion,16.99,,,USD,New,https://www.usagundamstore.com/products/hg-ibo-1-144-08-gundam-gusion,https://cdn.shopify.com/s/files/1/0727/8355/products/5e35ff2c-d67b-4252-9bca-6e7b476642d2_600x600.jpg?v=1762198575
gundam,model_kit,USA Gundam Store,retailer,us,HGTWFM 1/144 #25 Gundam Schwarzette,24.99,,,USD,New,https://www.usagundamstore.com/products/hgtwfm-1-144-25-gundam-schwarzette,https://cdn.shopify.com/s/files/1/0727/8355/files/153_5308_s_cmnmceijeodl1i13uhf08p41ufe8_6d6a48fb-4ec3-48fb-b6d7-aeb47c30652f_600x600.jpg?v=1762279370
gundam,model_kit,USA Gundam Store,retailer,us,MG 1/100 Gundam Deathscythe EW,43.99,,,USD,New,https://www.usagundamstore.com/products/mg-1-100-gundam-deathscythe-ew,https://cdn.shopify.com/s/files/1/0727/8355/products/153_2706_s_e5vizy8379hu4yvwaehr6u4v26tp_5e2cf195-1ff0-4550-8727-04709a5aef14_600x600.jpg?v=1762198514
gundam,model_kit,USA Gundam Store,retailer,us,HGTWFM 1/144 #17 Gundam Lfrith UR,24.99,,,USD,New,https://www.usagundamstore.com/products/hgtwfm-1-144-17-gundam-lfrith-ur,https://cdn.shopify.com/s/files/1/0727/8355/products/153_5236_s_h8s552obt3fuq1g5kcg3r663vagw_07acfcc1-2ede-4005-9638-1fbbcd5d7f55_600x600.jpg?v=1762278827
gundam,model_kit,USA Gundam Store,retailer,us,HGAC 1/144 #236 Gundam Heavyarms,19.99,,,USD,New,https://www.usagundamstore.com/products/hgac-1-144-236-gundam-heavyarms,https://cdn.shopify.com/s/files/1/0727/8355/products/6a34a7a2-0954-4c7b-ba1b-52fb0f8e6683_600x600.jpg?v=1762272329
gundam,model_kit,USA Gundam Store,retailer,us,HGAGE 1/144 #29 Gundam Legilis,19.99,,,USD,New,https://www.usagundamstore.com/products/hg-1-144-29-gundam-age-gundam-legilis,https://cdn.shopify.com/s/files/1/0727/8355/files/153_4560_s_ae9fbce7drfipnczrqyw8ss73vjj_53a681fc-3e6d-4a67-aa67-7f4a3f485c4b_600x600.jpg?v=1762201098
gundam,model_kit,USA Gundam Store,retailer,us,HG-IBO 1/144 #01 Gundam Barbatos,13.99,,,USD,New,https://www.usagundamstore.com/products/hg-ibo-1-144-001-gundam-barbatos,https://cdn.shopify.com/s/files/1/0727/8355/products/9f9fe3f1-f9a8-4201-904c-30939796b9c1-removebg_600x600.png?v=1762198503
gundam,model_kit,USA Gundam Store,retailer,us,HGIBO 1/144 #47 Gundam Zagan,35.99,,,USD,New,https://www.usagundamstore.com/products/hgibo-1-144-monkey-lody-copy,https://cdn.shopify.com/s/files/1/0727/8355/files/vzvhit2WrqS20puq_e012ba2b-cc9a-40ec-a267-45b46d39be91_600x600.jpg?v=1764614473
gundam,model_kit,USA Gundam Store,retailer,us,MG 1/100 RX-178 Gundam Mk-II (Ver 2.0),48.99,,,USD,New,https://www.usagundamstore.com/products/mg-1-100-rx-178-gundam-mk-ii-ver-2-0,https://cdn.shopify.com/s/files/1/0727/8355/products/82c65dfc-e331-401b-8172-526b8c5c0f20_600x600.jpg?v=1762197922
gundam,model_kit,USA Gundam Store,retailer,us,Gundam Assemble Deluxe Set 03 (DX03),169.99,,,USD,New,https://www.usagundamstore.com/products/gundam-assemble-deluxe-set-03-dx03,https://cdn.shopify.com/s/files/1/0727/8355/files/2825421_GA_DX03_EN_1_600x600.jpg?v=1784315251
gundam,other,USA Gundam Store,retailer,us,GM03 Gundam Marker Brown (Fine),3.99,,,USD,New,https://www.usagundamstore.com/products/gm03-brown-fine-point-gundam-marker,https://cdn.shopify.com/s/files/1/0727/8355/products/brownp_600x600.jpg?v=1762272578
gundam,model_kit,USA Gundam Store,retailer,us,HGAW 1/144 #271 Gundam Virsago,35.99,,,USD,New,https://www.usagundamstore.com/products/hg-1-144-gundam-virsago,https://cdn.shopify.com/s/files/1/0727/8355/files/2825358_HG1_144GUNDAMVIRSAGO_1_600x600.jpg?v=1780007637
gundam,model_kit,USA Gundam Store,retailer,us,RG 1/144 #27 Unicorn Gundam 02 Banshee Norn,53.99,,,USD,New,https://www.usagundamstore.com/products/rg-1-144-27-unicorn-gundam-02-banshee-norn,https://cdn.shopify.com/s/files/1/0727/8355/products/84f27c91-faf2-4d30-b95d-62ced9fb1515_600x600.jpg?v=1762201057
gundam,model_kit,USA Gundam Store,retailer,us,HGTWFM 1/144 #07 Gundam Pharact,24.99,,,USD,New,https://www.usagundamstore.com/products/hgtwfm-1-144-07-gundam-pharact,https://cdn.shopify.com/s/files/1/0727/8355/products/153_5181_o_1gje38mmn10fc10hfqfi1gh31bcp23_c8a05d01-f94b-47d2-ac96-6eb65661d654_600x600.jpg?v=1762278271
gundam,model_kit,USA Gundam Store,retailer,us,HGAW 1/144 #272 Gundam Ashtaron,44.99,,,USD,New,https://www.usagundamstore.com/products/4580886844555,https://cdn.shopify.com/s/files/1/0727/8355/files/2825378_HG1_144GUNDAMASHTARON_1_600x600.jpg?v=1780007732
gundam,model_kit,USA Gundam Store,retailer,us,MG 1/100  Gundam AGE-1 Titus,46.99,,,USD,New,https://www.usagundamstore.com/products/bandai-hobby-gundam-age-1-titus-1-100-master-grade,https://cdn.shopify.com/s/files/1/0727/8355/products/61Kk7V6Li6L._SL1251_600x600.jpg?v=1762198356
gundam,other,USA Gundam Store,retailer,us,GM302 Gray Pour-Type Gundam Marker,4.99,,,USD,New,https://www.usagundamstore.com/products/gm302-gray-pour-type-gundam-marker,https://cdn.shopify.com/s/files/1/0727/8355/products/61nLZgXYyEL._AC_SL1397_302_600x600.jpg?v=1759273872
zoid,other,eBay,marketplace,us,Hasbro Tomy Zoids Figures And Parts Lot,25.0,,False,USD,Used,https://www.ebay.com/itm/168664250946?_skw=zoids&hash=item27452c3a42:g:8z4AAeSwN0tqmxUH,https://i.ebayimg.com/images/g/8z4AAeSwN0tqmxUH/s-l225.jpg
zoid,model_kit,eBay,marketplace,us,Zoids HMM 030 RZ-041 Liger Zero Jager Marking Plus 1/72 model kit Kotobukiya,99.99,0.0,False,USD,New,https://www.ebay.com/itm/389472469442?_skw=zoids&hash=item5aae5e41c2:g:cXEAAeSwek1pYKfF,https://i.ebayimg.com/images/g/cXEAAeSwek1pYKfF/s-l225.jpg
zoid,other,eBay,marketplace,us,Zoids Hasbro Mixed Lot 10+ Parts And Kits,80.0,,False,USD,Used,https://www.ebay.com/itm/257725198252?_skw=zoids&hash=item3c019e6fac:g:Ff8AAeSwZQNqnBEP,https://i.ebayimg.com/images/g/Ff8AAeSwZQNqnBEP/s-l225.jpg
zoid,model_kit,eBay,marketplace,us,Kotobukiya Zoids Liger Zero Empire X Unit Version 1/72 Model Open Box,50.0,0.0,False,USD,New,https://www.ebay.com/itm/206542180317?_skw=zoids&hash=item3016df8fdd:g:tCkAAeSwezVqnuZv,https://i.ebayimg.com/images/g/tCkAAeSwezVqnuZv/s-l225.jpg
zoid,model_kit,eBay,marketplace,us,Kotobukiya HMM Zoids RBOZ-006 Dibison Marking Plus Ver. 1/72 Model Kit,125.0,0.0,False,USD,New,https://www.ebay.com/itm/287565989575?_skw=zoids&hash=item42f444c6c7:g:tP8AAeSwFh9qmz6J,https://i.ebayimg.com/images/g/tP8AAeSwFh9qmz6J/s-l225.jpg
zoid,model_kit,eBay,marketplace,international,Zoids OER : Cosmozoid : 100% Complete + Working + Instructions,20.3,,False,USD,Used,https://www.ebay.com/itm/257731347724?_skw=zoids&hash=item3c01fc450c:g:kqYAAeSwehhqoATS,https://i.ebayimg.com/images/g/kqYAAeSwehhqoATS/s-l225.jpg
zoid,model_kit,eBay,marketplace,us,Zoids RZ-030 Leena Special HMM 024 1/72 Model Kit Kotobukiya with Box,85.0,0.0,False,USD,New,https://www.ebay.com/itm/287565991151?_skw=zoids&hash=item42f444ccef:g:2CYAAeSwzMRqmz8S,https://i.ebayimg.com/images/g/2CYAAeSwzMRqmz8S/s-l225.jpg
zoid,model_kit,eBay,marketplace,us,Zoids Chaotic Century Anime Complete Series Episodes 1-67  English Audio,30.0,0.0,False,USD,,https://www.ebay.com/itm/285540768769?_skw=zoids&hash=item427b8e5c01:g:0JEAAeSwl-1qU~06,https://i.ebayimg.com/images/g/0JEAAeSwl-1qU~06/s-l225.jpg
zoid,model_kit,eBay,marketplace,us,Zoids HMM034 RZ-046 Shadow Fox Marking Plus ver. 1/72 model kit Kotobukiya,84.99,0.0,False,USD,New,https://www.ebay.com/itm/147421401092?_skw=zoids&hash=item2253001004:g:EcgAAeSwVplqTGoU,https://i.ebayimg.com/images/g/EcgAAeSwVplqTGoU/s-l225.jpg
zoid,model_kit,eBay,marketplace,us,Kotobukiya Zoids EZ-027 Raven Raptor HMM Model Kit ZD109 Open Box,50.0,0.0,False,USD,New,https://www.ebay.com/itm/206542180308?_skw=zoids&hash=item3016df8fd4:g:SloAAeSwo-5qnuVN,https://i.ebayimg.com/images/g/SloAAeSwo-5qnuVN/s-l225.jpg
zoid,model_kit,eBay,marketplace,us,TOMY ZOIDS Kado-Oh Liger Zero Jager + Schneider Units Set 2001 NEW US Seller,85.0,,False,USD,New,https://www.ebay.com/itm/158262055028?_skw=zoids&hash=item24d9275074:g:YvYAAeSw99ZqnKMz,https://i.ebayimg.com/images/g/YvYAAeSw99ZqnKMz/s-l225.jpg
zoid,other,eBay,marketplace,us,Red Horn ZOIDS RMZ-014 Styracosaurus Type 1/100 Model Kit,55.69,6.0,False,USD,New,https://www.ebay.com/itm/267770830694?_skw=zoids&hash=item3e58629f66:g:4HYAAeSwe-pqhmdl,https://i.ebayimg.com/images/g/4HYAAeSwe-pqhmdl/s-l225.jpg
zoid,model_kit,eBay,marketplace,international,Vintage Zoids GORE THE LORD PROTECTOR Complete Working + instructions Iron Kong,88.0,,False,USD,Used,https://www.ebay.com/itm/267777057720?_skw=zoids&hash=item3e58c1a3b8:g:ss0AAeSwF-ZqnGHr,https://i.ebayimg.com/images/g/ss0AAeSwF-ZqnGHr/s-l225.jpg
zoid,model_kit,eBay,marketplace,us,Zoids New Century Zero Anime Complete Series Episodes 1-26 English Audio,24.99,0.0,False,USD,,https://www.ebay.com/itm/394077460701?_skw=zoids&hash=item5bc0d8d8dd:g:f5QAAOSwMzthcX~y&amdata=enc%3AAQALAAAA4ACCtXRWQnOEpyOqnQQ8KGaypV%2BHKo5bqy2gQ5fvGk38PW0KodtvnunJJdJLyx6%2BeY9qI20d1soXs1RdW9fOaD7X6GrhW4LZT%2FeDQiq6m92EMo2pPrRl232MgQxi4iUhEbW6CEWgIMk6B6Ueg7Aa4wrTWYFZLfyxv2%2BTN87dFhHLiBMHfSlM8t7hV2YAWRNH9qoWSqIk3HhvS%2BBmafu3QUNeBUU5qV2GWh4K6BXMHJkcRRjfVEUUfaSf0G8zu2EFlbNyVeOqG6LMkB7FLxTLS5bslEk5gJxEApDf2x9ASWew,https://i.ebayimg.com/images/g/f5QAAOSwMzthcX~y/s-l225.jpg
zoid,model_kit,eBay,marketplace,us,Kotobukiya - Zoids HMM  - CP-025 Berserk Fuhrer - Customize Plating Parts Set ,125.0,0.0,False,USD,Used,https://www.ebay.com/itm/318842843225?_skw=zoids&hash=item4a3c83b059:g:jeMAAeSwxKZqm9z7&amdata=enc%3AAQALAAAA4ACCtXRWQnOEpyOqnQQ8KGYN82NEdZLY9s3dkyOpLkCaMAaUU3CwlQH6lxcjMmZ0KeKp4rElMtuCR%2Fo4nzj%2F27Tpp%2F5OQv0m6q8GGfFisCm9ursXUBCDrRIOrUZI7nvgBh3%2F0TKNYVKp6jSS5gnMayZMWdjjvg6J3ZxIB0u7vylEdNf7HdZ9vWlyXvfYOxzOeDh9YgKs6bWYcdIgWu2iivaNBOtt81i7%2BBR0vgM%2FGPsVb4LkWeLLjkKlwFMv5ptGhBygH0ksCcCau97MftAzXFv9yjXIyXE6kcp73FBB%2BIvl,https://i.ebayimg.com/images/g/jeMAAeSwxKZqm9z7/s-l225.jpg
zoid,model_kit,eBay,marketplace,us,Zoids New Century Zero Anime Complete Series Episodes 1-26 English Audio,21.99,0.0,False,USD,,https://www.ebay.com/itm/355503696675?_skw=zoids&hash=item52c5abeb23:g:SwMAAeSwc5lqU~7m&amdata=enc%3AAQALAAAA4ACCtXRWQnOEpyOqnQQ8KGbbytU5yjIIJGQgLduCA2nZr1dgJWTy%2FIruwliOeO5faPTvP3Eetj4fdseO6Sy4xE3EvKD0tUuH6wFnKoP1N1SIsreEekzYGb048fHhUgnCGBbF%2FFNh5%2F8qXrM6J%2FviP9nclqe7Yho0CMTwzwOEgyxkwK1pdiVkEneKDgaSypjMjgqz3CYr%2FH0tZleBEL26fJttlI2kqvLVc%2FLXYVUQAeOcWHQED0YuC%2FMrhcv4YLOIFjImQLOHyl9D3Kk7%2BEF2qXXLeub377gBj3N2aGtXUqTR,https://i.ebayimg.com/images/g/SwMAAeSwc5lqU~7m/s-l225.jpg
zoid,other,eBay,marketplace,us,2002 HASBRO ZOIDS WHITE LIGER SOUNDS & LIGHTS ROBOT TIGER ( works ) ^,19.99,0.0,False,USD,Used,https://www.ebay.com/itm/178471185877?_skw=zoids&hash=item298db62dd5:g:TUYAAeSwT-hqnJDN,https://i.ebayimg.com/images/g/TUYAAeSwT-hqnJDN/s-l225.jpg
zoid,model_kit,eBay,marketplace,us,Hasbro Zoids Shield Liger #007 & Liger Zero #041 Motorized Kits 1/72 (2001),99.99,,False,USD,Used,https://www.ebay.com/itm/188901184951?_skw=zoids&hash=item2bfb6355b7:g:aG0AAeSweFNqn1U2,https://i.ebayimg.com/images/g/aG0AAeSweFNqn1U2/s-l225.jpg
zoid,model_kit,eBay,marketplace,international,Zoids OER : Kroc : 100% Complete + Working,27.07,,False,USD,Used,https://www.ebay.com/itm/257731308490?_skw=zoids&hash=item3c01fbabca:g:9foAAeSwgRBqn~w-,https://i.ebayimg.com/images/g/9foAAeSwgRBqn~w-/s-l225.jpg
zoid,model_kit,eBay,marketplace,us,Zoids Blade Liger Red Miniature Mini Figure Toy Zoid Tomy Hasbro Gashapon VG!,25.99,0.0,False,USD,Used,https://www.ebay.com/itm/137701829492?_skw=zoids&hash=item200fab2b74:g:9AsAAeSwCjpqm~AI,https://i.ebayimg.com/images/g/9AsAAeSwCjpqm~AI/s-l225.jpg
zoid,model_kit,eBay,marketplace,international,Zoids OER : Zoids 100 : Zolkon : 100% Complete + Working,40.61,,False,USD,Used,https://www.ebay.com/itm/257731307157?_skw=zoids&hash=item3c01fba695:g:AhIAAeSw5WVqn~vf,https://i.ebayimg.com/images/g/AhIAAeSw5WVqn~vf/s-l225.jpg
zoid,other,eBay,marketplace,us,Please Read!! Kotobukiya Zoids RMZ-003 Command Wolf,29.0,0.0,False,USD,New,https://www.ebay.com/itm/327202929719?_skw=zoids&hash=item4c2ed07c37:g:LjwAAeSw0GVqJvsn,https://i.ebayimg.com/images/g/LjwAAeSw0GVqJvsn/s-l225.jpg
zoid,model_kit,eBay,marketplace,us,Zoids HMM 022 Liger Zero Panzer Unit Marking Plus 1/72 model kit Kotobukiya,59.99,0.0,False,USD,New,https://www.ebay.com/itm/389472526638?_skw=zoids&hash=item5aae5f212e:g:yRIAAeSw1q5pYKv-,https://i.ebayimg.com/images/g/yRIAAeSw1q5pYKv-/s-l225.jpg
zoid,model_kit,eBay,marketplace,international,Zoids OER : Zark : 100% Complete + Working + Instructions,24.36,,False,USD,Used,https://www.ebay.com/itm/257731309597?_skw=zoids&hash=item3c01fbb01d:g:ANgAAeSwibxqn~yC,https://i.ebayimg.com/images/g/ANgAAeSwibxqn~yC/s-l225.jpg
zoid,model_kit,eBay,marketplace,international,Zoids OER: Terrared : 100% Complete + Working,27.07,,False,USD,Used,https://www.ebay.com/itm/257731307613?_skw=zoids&hash=item3c01fba85d:g:-KMAAeSwvKVqn~wK,https://i.ebayimg.com/images/g/-KMAAeSwvKVqn~wK/s-l225.jpg
zoid,model_kit,eBay,marketplace,international,Zoids OER: Slitherzoid  : 100% Complete + Working + Instructions,21.65,,False,USD,Used,https://www.ebay.com/itm/257731309923?_skw=zoids&hash=item3c01fbb163:g:-wcAAeSwgRBqn~yk,https://i.ebayimg.com/images/g/-wcAAeSwgRBqn~yk/s-l225.jpg
zoid,other,eBay,marketplace,us,Takara Tomy ZOIDS AZ-03EX Murasame Liger Lion Type Original Color 1/72 Model Kit,113.95,0.0,False,USD,New,https://www.ebay.com/itm/147545139328?_skw=zoids&hash=item225a602880:g:N4EAAeSw-8lqmYpr,https://i.ebayimg.com/images/g/N4EAAeSw-8lqmYpr/s-l225.jpg
zoid,model_kit,eBay,marketplace,us,Zoids New Century Zero Anime Complete Series Episodes 1-26 English Audio,21.99,0.0,False,USD,,https://www.ebay.com/itm/285739804237?_skw=zoids&hash=item42876b664d:g:owMAAeSwzCJqU~6w,https://i.ebayimg.com/images/g/owMAAeSwzCJqU~6w/s-l225.jpg
zoid,model_kit,eBay,marketplace,us,NEW ZOIDS HMM 1/72 SCALE GENO BREAKER PLASTIC MODEL KIT,150.0,0.0,False,USD,,https://www.ebay.com/itm/158243555600?_skw=zoids&hash=item24d80d0910:g:TakAAeSw-MtqlcY1&amdata=enc%3AAQALAAAA4ACCtXRWQnOEpyOqnQQ8KGbv2OMcWXV9LkC7Bn7o15T3RniY6yICElDIogV0dpbbDeyK%2Fl7COtp9koJgngxMun7gYt%2BBoPCcvaQGdB%2FNkqhrqQkGCh9JG0OUp3Tq%2Bq1t%2Bxv4cAMD3Qh9bl6%2FW6QAv17oy0BVHqNMZL6PXSgxbf4YixEvvvgspbveckuJLSDxZRuejLEa5Thjtxf0QKu9fUq1baqRCplaSMwfMEU23N7IE6FMItvG8SyHE3QGMhLnm41Kp%2BTwq3qxw%2Fxms29cFzvn0JDh9rJPUy3toxb15VKH,https://i.ebayimg.com/images/g/TakAAeSw-MtqlcY1/s-l225.jpg
zoid,other,eBay,marketplace,us,"Zoids Vol. 5: The Shadow Battle (DVD, 2002) Rare OOP with Shadow Sticker",44.99,,False,USD,Like New,https://www.ebay.com/itm/206539582356?_skw=zoids&hash=item3016b7eb94:g:xd4AAeSwKfxqnWSr&amdata=enc%3AAQALAAAA4ACCtXRWQnOEpyOqnQQ8KGbGUmBpdks2UN3G2yvQDMJM3ei8BX3Q59UcASdC4a8LaU%2BFJaGl0qVaYuIeNmp5W024ckhx6dtiS7PNV4gxQ%2BLsnbIxTI9732CJNs0lvCz2lDMRvcIz8kUUVraPbUdHBipecObdd%2BLntw2VpXH4APTA8NyLdSWBSSZvHUboval%2FFTXV7ovCTrxB50NXMAicTaTkZypDuypB8qmYr9fg%2BfrUnDnm6L8FeAEpho3m%2FpTDdguKqXdicLwxok7PazChH%2FQ7OWAOSdpz0UW8UQfZMTPS,https://i.ebayimg.com/images/g/xd4AAeSwKfxqnWSr/s-l225.jpg
zoid,model_kit,eBay,marketplace,us,TOMY Zoids Shot Eagle RTF-01/TF-01 Vintage 80’s Robot Figure NIB,999.0,35.0,False,USD,New,https://www.ebay.com/itm/257710753925?_skw=zoids&hash=item3c00c20885:g:qZEAAeSwu7ZqkyeJ&amdata=enc%3AAQALAAAA4ACCtXRWQnOEpyOqnQQ8KGbjtCfCEN6VaZtASZsHv16H0BqcbAN4BoQae4vYjhg%2BJYMb%2BB2jGU1AX8cUw1DHBtQKn3l7dznwAE%2BRrMYHNu7MZF0oqkylM1%2FokBFLatzp2As%2B%2F2kor%2BnrgjTD1fL8EB5HIYQU1SA5Elz00iRQrukTY%2Fo%2FJjfvABbw%2FjxXMtyoTm%2FRDfLrs9jRyqrIW%2FlcjmSNa%2F8nwGSrGm914j59KVuULs5rjWP8n3vSNRpE9z8eOGtiJC8X0ayhn%2FCR7B16rqVKZcgnRNxTW5jo2Xtjblrk,https://i.ebayimg.com/images/g/qZEAAeSwu7ZqkyeJ/s-l225.jpg
zoid,model_kit,eBay,marketplace,international,White Liger Zero RZ-041 Action Model Kit 1:72 Plastic Building Blocks Figure,83.58,9.99,False,USD,New,https://www.ebay.com/itm/318842997852?_skw=zoids&hash=item4a3c860c5c:g:rAUAAeSwZ35oXuMr&amdata=enc%3AAQALAAAA4ACCtXRWQnOEpyOqnQQ8KGakC7UhIHwmzWGwF3X%2FX21dTM5iRu6%2FVtrkRiGvB7m%2FTR47il%2BT8lXFLEarCExyeflmivsVg%2BQE666sQwkJjbNuKBRwe81nSUVQXiEskxl15fNPXBVE9hCuM5l4Qdq3MK%2Bg9S4cWRlSjzN3PZz9itwCW0E2NQOQ4i5DhHX7LvH0Xt7kT0ClhEVVAnpl4wXDTWyC8MTLmpYbKRiK2USXmmCE0CYN2l5tdbsxociY2sFxqYAQXxbMYhOotxQvu9CYIvAADwKqFpPGvljS2UH0OeNi,https://i.ebayimg.com/images/g/rAUAAeSwZ35oXuMr/s-l225.jpg
zoid,model_kit,eBay,marketplace,us,ZOIDS -- Choose from Many different Kits -- New in Boxes -- Kotobukiya HMM Kits,60.0,7.5,False,USD,New,https://www.ebay.com/itm/116111516242?_skw=zoids&hash=item1b08c92252:g:VS0AAOSwqllnyOL5,https://i.ebayimg.com/images/g/VS0AAOSwqllnyOL5/s-l225.jpg
zoid,model_kit,eBay,marketplace,us,Takara Tomy - Zoids Wild Biographies - ZWR-07 Rising Liger Panzer - 1/35 Model ,75.0,,False,USD,New,https://www.ebay.com/itm/318842937323?_skw=zoids&hash=item4a3c851feb:g:i2YAAeSwks5qn96G,https://i.ebayimg.com/images/g/i2YAAeSwks5qn96G/s-l225.jpg
zoid,model_kit,eBay,marketplace,us,"ZOIDS LIGER ZERO 1/72 Scale Full Action Plastic Kit 022 NEW, #670",99.0,6.6,False,USD,New,https://www.ebay.com/itm/298642467993?_skw=zoids&hash=item45887a6c99:g:XTgAAeSw6wNqmbuF,https://i.ebayimg.com/images/g/XTgAAeSw6wNqmbuF/s-l225.jpg
zoid,model_kit,eBay,marketplace,us,ZOIDS NEW CENTURY ZERO: COMPLETE SERIES DVD,29.99,0.0,False,USD,Like New,https://www.ebay.com/itm/318840795706?_skw=zoids&hash=item4a3c64723a:g:j4AAAeSwbsZqmgE7,https://i.ebayimg.com/images/g/j4AAAeSwbsZqmgE7/s-l225.jpg
zoid,model_kit,eBay,marketplace,us,Zoids HMM 026 Liger Zero Schneider Unit Marking Plus 1/72 model kit Kotobukiya,49.99,0.0,False,USD,New,https://www.ebay.com/itm/389472521592?_skw=zoids&hash=item5aae5f0d78:g:aEkAAeSwxxppYKtQ,https://i.ebayimg.com/images/g/aEkAAeSwxxppYKtQ/s-l225.jpg
zoid,other,eBay,marketplace,us,Hasbro Zoids Lot Brachio Zilla Gravity Ptera Gorillatron Fuzors Z-Builders Toy,119.95,,False,USD,Used,https://www.ebay.com/itm/198609379642?_skw=zoids&hash=item2e3e0aa13a:g:Jy4AAeSw0jpqlkHW,https://i.ebayimg.com/images/g/Jy4AAeSw0jpqlkHW/s-l225.jpg
zoid,model_kit,eBay,marketplace,us,Zoids Assault Microsoft Xbox 360 Game Complete CIB Tested 1 YR Warranty,59.99,0.0,False,USD,Very Good - Refurbished,https://www.ebay.com/itm/168659799464?_skw=zoids&hash=item2744e84da8:g:fLIAAeSwvSNqmP1W&amdata=enc%3AAQALAAAA4ACCtXRWQnOEpyOqnQQ8KGbe07ooO84yiOPhdfZ6M3eLcteQL3K2uxukiCEp0CxtHHUF8HIk5Kmp0WxJLPf73fJo8hiwXKa7DKowdckb22dqcGlrxLybB%2BTYa6nKaeOCRpH6wer2p%2BZIK%2B68kLk1spUlqYWt3Q7w6t%2FrwZe%2B4HFVpab11cwABZtpEuNCsApzm8qt%2BKadcmsf5LCnpeBujF5TDu9zIWZih0yXVdyD67vG5UYQmleL8ChS6%2FckeBWO15txoor4lInZFJNmO0kG9K6PRrB7PJdUCQj9uYuRUYR4,https://i.ebayimg.com/images/g/fLIAAeSwvSNqmP1W/s-l225.jpg
zoid,model_kit,eBay,marketplace,us,Zoids Chaotic Century Complete Anime Series Ep 1-67  Audio option in description,34.99,0.0,False,USD,,https://www.ebay.com/itm/395168208416?_skw=zoids&hash=item5c01dc5620:g:HQEAAOSw1BdhcWrD&amdata=enc%3AAQALAAAA4ACCtXRWQnOEpyOqnQQ8KGYa9NEZUw%2FIxtJhzQ8PFAaM%2FoI5UQpntcod6BWLt%2BoL%2FCMv%2BggAvTBgjErB9DMxJFGEeEZsqUMCq5RYxrwxTzYTjvEQjc2QztwbM7SOJe2mrkJsFD1SCSjvg%2FoCckrHZuDAqeaFwg%2B26wCrT2NPnK5bwL3rkLiVGrVACbhA6P8ut72rxfD9s7J7R9y4TteOXWgkGDtd6TN9MDj91rRitlYoecpuxDOZUoP7iNn3nZjYcGu2h1hVqj1n1yf6dkNcxA56ycNgiznz7skRL6SP5QOZ,https://i.ebayimg.com/images/g/HQEAAOSw1BdhcWrD/s-l225.jpg
zoid,model_kit,eBay,marketplace,us,Hasbro ZOIDS Elephander #038 Motorized Elephant Model Kit 1:72 Scale,100.5,,False,USD,New,https://www.ebay.com/itm/137690900693?_skw=zoids&hash=item200f0468d5:g:vLQAAeSwR-1qmEfk,https://i.ebayimg.com/images/g/vLQAAeSwR-1qmEfk/s-l225.jpg
zoid,model_kit,eBay,marketplace,us,Zoids 1/72 Command Wolf Repackage Ver. Kotobukiya HMM 002 Model Kit NEW,70.0,0.0,False,USD,New,https://www.ebay.com/itm/188841122365?_skw=zoids&hash=item2bf7ceda3d:g:YmgAAeSww45qjhrL,https://i.ebayimg.com/images/g/YmgAAeSww45qjhrL/s-l225.jpg
zoid,model_kit,eBay,marketplace,us,Zoids Energy Liger 1/72 Action Figure Model Kit NEW w Box Issues READ 2003,119.99,,False,USD,New,https://www.ebay.com/itm/307168480158?_skw=zoids&hash=item4784ab0b9e:g:vXYAAeSwKAJqn7pC,https://i.ebayimg.com/images/g/vXYAAeSwKAJqn7pC/s-l225.jpg
zoid,model_kit,eBay,marketplace,us,Kotobukiya HMM Zoids RZ-041 Liger Zero Schneider Marking Plus Ver 1/72 Scale,119.99,0.0,False,USD,New,https://www.ebay.com/itm/287565930556?_skw=zoids&hash=item42f443e03c:g:MfoAAeSwfPFqmzbj,https://i.ebayimg.com/images/g/MfoAAeSwfPFqmzbj/s-l225.jpg
zoid,model_kit,eBay,marketplace,us,Kotobukiya Zoids RZ-041 Liger Zero Panzer Marking Plus Ver. 1/72 Scale Model Kit,129.95,0.0,False,USD,New,https://www.ebay.com/itm/147544807639?_skw=zoids&hash=item225a5b18d7:g:aKYAAeSwoAJqm2Xf,https://i.ebayimg.com/images/g/aKYAAeSwoAJqm2Xf/s-l225.jpg
zoid,other,eBay,marketplace,us,Zoids Shadow Fox RZ-046  Assembled Kit. Used. HTF,32.95,,False,USD,Used,https://www.ebay.com/itm/227509223206?_skw=zoids&hash=item34f89b3f26:g:~KMAAeSwiipqnZ2M,https://i.ebayimg.com/images/g/~KMAAeSwiipqnZ2M/s-l225.jpg
zoid,model_kit,eBay,marketplace,us,Max Factory PVC Zoids Genesis Kotona Elegance Statue Figure New,75.0,0.0,False,USD,New,https://www.ebay.com/itm/206542180315?_skw=zoids&hash=item3016df8fdb:g:d4QAAeSwt0xqnuQz,https://i.ebayimg.com/images/g/d4QAAeSwt0xqnuQz/s-l225.jpg
zoid,model_kit,eBay,marketplace,international,Zoids RZ-041 Liger Zero Marking Plus Ver. 1/72 scale Model Kit Kotobukiya NEW,144.33,21.12,False,USD,New,https://www.ebay.com/itm/126823724955?_skw=zoids&hash=item1d8748779b:g:oN8AAeSwC-BqkjtD,https://i.ebayimg.com/images/g/oN8AAeSwC-BqkjtD/s-l225.jpg
zoid,model_kit,eBay,marketplace,us,Kotobukiya Zoids Liger Zero Jager Unit (marking Plus Ver.) Plastic Model Kit,60.32,0.0,False,USD,New,https://www.ebay.com/itm/800627790146?_skw=zoids&hash=itemba69229142:g:874AAeSwvKVqnzYK&amdata=enc%3AAQALAAAA4ACCtXRWQnOEpyOqnQQ8KGbbUoW1uhGCXSjd7n2e%2BpmAap2TaHn8Esq1IZOSTXlZZJjZG7oqS35JQ5QgOktbxpnG9DLmx0XLaewgT0QtsN6poAUdecSHiYNX91ZwiVPOx2q7vYpE27f0djk5hFp48hXMrSd4CqdPHK18frr4ejhLjR%2FNxdOvPkYlo0qK9GiuPn%2BwEtRlyx4lfE7%2B3MKAVgmd3MDFeXI0iaVv5uDp3RAQ66tDDgsR9yekHkFam8LO1CJfxtAGCjKsMpAtPmAtuHGjCZmzNYBm7AkRuzUn9bul,https://i.ebayimg.com/images/g/874AAeSwvKVqnzYK/s-l225.jpg
zoid,model_kit,eBay,marketplace,us,Kotobukiya Zoids Highend Master HMM Death Stinger Hiltz Special 2000 Recolor Mod,175.0,0.0,False,USD,New,https://www.ebay.com/itm/147557544171?_skw=zoids&hash=item225b1d70eb:g:FqAAAeSwivNqn~Iw&amdata=enc%3AAQALAAAA4ACCtXRWQnOEpyOqnQQ8KGZZwN%2F5RtZFovsfiB%2BoOYaJVsinc2VR90OGhXSEQrDQxfNa0znVVykNpWjmNICPXKXo%2BftZK2HWup2SnYoLuTu659zPVpdsrlQlaruoKM%2Fs3DEWmWb4xjnf%2B0y5bbvz3alz%2F1HxbVul9kqTSwOv%2FBqEALa19xUL0flGbke%2BQ8Q9y5qyOa8Mgv7RjIjrnvDug7nS5SyQ0dLqkLMJC2nP%2BvLRIBKtNVQ2cjkrsHpfvOa5dMQMMKmbOFgm2ovaTom6824IaAMl%2BbSJJwmAg96sUeST,https://i.ebayimg.com/images/g/FqAAAeSwivNqn~Iw/s-l225.jpg
zoid,model_kit,eBay,marketplace,us,Kotobukiya Zoids AZ-06EX Phoenix (republic Version) Plastic Model Kit GN095,76.25,0.0,False,USD,New,https://www.ebay.com/itm/407199730179?_skw=zoids&hash=item5ecefeca03:g:zc8AAeSwB1dqnvX0&amdata=enc%3AAQALAAAA4ACCtXRWQnOEpyOqnQQ8KGYQEiQGcAFD9DWsdDBgEBDMV%2FUVXyMxBEozOOJWvpPEUCSUp0lJyqnNAUZHKGb1EA3V2jGILChqlNQAuyBzucPnGiw3oEnSL%2BFTZgpIj6sW011uBlfuxjrcz8vxZ%2FrIRw3yXss%2FsK4pFDzEzNIDON8EDxf5ksU3fSLBrHdwIhh--bU3q49KakUDWCw%2Fhrn0Y1aCEO629NIqsIgY%2BkifElsGlRzj1tDJ9MaOzDOSbW1H3%2FP0Hsooj3iuoRNZuKpgnjBfBlPNxoR9JlscXOXYNiCK,https://i.ebayimg.com/images/g/zc8AAeSwB1dqnvX0/s-l225.jpg
zoid,model_kit,eBay,marketplace,us,Takara Tomy Zoids Wild ZW29 Sniptera Plastic Model Kit Free Shipping US Seller,50.0,,False,USD,New,https://www.ebay.com/itm/237051492218?_skw=zoids&hash=item37315eb77a:g:n0kAAeSw2MxqnD3V&amdata=enc%3AAQALAAAA4ACCtXRWQnOEpyOqnQQ8KGZPa9VLAKfcPj4dpi4nOVgxQftnNnrCNyDZQPnlm65vF9cLbxO3QeDKc%2BO5vtAI5BYwzlmUPXHX6inJcL0f5kNAE5xaCZZd36u6lf0Ri8KllX4Pfz5ZFoLLypjXsd42EBbiIV998ZsZ30y%2BJtFP4imIjHsad1wRswzYfMgivcKMaN2w7fiUlB9huCdok7oU%2Fdum1zU04CwsD1pBlwOiQnVKCz1Y3mml3%2BmTZK2i%2FQv9OXLed86SLpzyMHO98vW0YtTFB4gptWEtGlB%2FtVjETZOI,https://i.ebayimg.com/images/g/n0kAAeSw2MxqnD3V/s-l225.jpg
zoid,model_kit,eBay,marketplace,us,Zoids Rubber Caps Original Replacemrnt Parts 13 Piece Lot Gray Red Yellow Black,10.0,5.95,False,USD,Used,https://www.ebay.com/itm/287510639063?_skw=zoids&hash=item42f0f831d7:g:~RUAAeSw1WFqdfYq&amdata=enc%3AAQALAAAA4ACCtXRWQnOEpyOqnQQ8KGbmhOSXqvfp%2BF6QsxdmtVQu3lz3jN0%2BbrbfYPeKQk%2FBZHF9dXTQC0VZBW10usS8%2Bt9rI20QRewOtzHY48i6F7HqkqbI2OBGQN2LVPfLpXYbyvTc7ESfA3O57VFrjLc81ZIMRS6ir%2BWOR8f0Q7cjaIR0onUVGGiUbY3nXd5zs3pHPUmvbrCL8vtyGWrBOPkHXi%2BX3B%2F25FUw0DZDUFRj%2BSWUC0TRA3KS9l3ktRjO5fQPuQo3rQ71t7DFz3rSMwitmIFg9Aa1OB7jXjm0IBJwbQN3,https://i.ebayimg.com/images/g/~RUAAeSw1WFqdfYq/s-l225.jpg
zoid,model_kit,eBay,marketplace,us,Zoids Genesis Anime Series Japanese Audio (English Subs) EPISODE 1-50,27.99,0.0,False,USD,,https://www.ebay.com/itm/355668796519?_skw=zoids&hash=item52cf832467:g:qHUAAOSwAttmK-pR&amdata=enc%3AAQALAAAA4ACCtXRWQnOEpyOqnQQ8KGaqF0huOT2rhENs7i%2BvhC4EOrfLTnH1UPpfHsWXCQbEmXzlJ4yExrNzwgIbD81MqWHBqxlFiMRhHRFQmp%2B8UePJUxXQPC6TqRnU6EguifBaMdPYNsS3lH--976rr4rqKmx938xR27K9mdhCgXLzHLrLo4%2Fb4kg31pQfSm77HX3ozJ8M9b2LgYV686%2BEHv98cYdszIMYEvZoYecpcJx1CX%2FtOREfF2zAqzgPdD30U%2FKbW32dZ5pOh0bgWjZdsAKb2YaoqS1DncCc61avRkqphnhA,https://i.ebayimg.com/images/g/qHUAAOSwAttmK-pR/s-l225.jpg
zoid,model_kit,eBay,marketplace,us,Vintage Tomy Zoids Salamander RPZ-01 1/72 Pterosaur - Incomplete ,38.0,,False,USD,Used,https://www.ebay.com/itm/398339317638?_skw=zoids&hash=item5cbedf9f86:g:0nAAAeSwja9qkN18,https://i.ebayimg.com/images/g/0nAAAeSwja9qkN18/s-l225.jpg
zoid,model_kit,eBay,marketplace,us,Zoids HMM 026 RZ-041 Liger Zero Schneider Marking Plus 1/72 model kit Kotobukiya,119.99,0.0,False,USD,New,https://www.ebay.com/itm/389472474311?_skw=zoids&hash=item5aae5e54c7:g:n5MAAeSwYPtpYKih,https://i.ebayimg.com/images/g/n5MAAeSwYPtpYKih/s-l225.jpg
zoid,model_kit,eBay,marketplace,us,bandai chogokin zoids rz-041 liger zero,150.0,0.0,False,USD,New,https://www.ebay.com/itm/278274926608?_skw=zoids&hash=item40ca7a6810:g:5WcAAeSwiuJqfUyP,https://i.ebayimg.com/images/g/5WcAAeSwiuJqfUyP/s-l225.jpg
zoid,other,eBay,marketplace,us,2002 Hasbro Tomy Zoids Figures And Parts Lot - Please Read!!,75.0,0.0,False,USD,Used,https://www.ebay.com/itm/198593713457?_skw=zoids&hash=item2e3d1b9531:g:DzgAAeSwja9qjWU3,https://i.ebayimg.com/images/g/DzgAAeSwja9qjWU3/s-l225.jpg
zoid,model_kit,eBay,marketplace,us,Zoids HMM024 Gun Sniper Leena Special 2001 Re/Color model kit Kotobukiya,99.99,0.0,False,USD,New,https://www.ebay.com/itm/800300872210?_skw=zoids&hash=itemba55a63212:g:jyoAAeSw909qTGyM,https://i.ebayimg.com/images/g/jyoAAeSw909qTGyM/s-l225.jpg
zoid,other,eBay,marketplace,us,Zoids Liger Zero Midnight Shield Used w/ Lights and Sounds Tomy 2002 ,14.95,,False,USD,Used,https://www.ebay.com/itm/366655157146?_skw=zoids&hash=item555e59b39a:g:gZkAAeSwQxlqn1jD,https://i.ebayimg.com/images/g/gZkAAeSwQxlqn1jD/s-l225.jpg
zoid,other,eBay,marketplace,us,2002 Hasbro Tomy Zoids White Liger Zero Action Figure Robot Lion Tiger Not Comp,20.0,8.0,False,USD,Used,https://www.ebay.com/itm/237015439311?_skw=zoids&hash=item372f3897cf:g:YKIAAeSwHlpqGPga,https://i.ebayimg.com/images/g/YKIAAeSwHlpqGPga/s-l225.jpg
zoid,other,eBay,marketplace,us,Vintage 1981 TOMY Robo Strux Special Edition Zoids Kit,14.39,0.0,False,USD,New,https://www.ebay.com/itm/186779765030?_skw=zoids&hash=item2b7cf10926:g:avwAAOSwtqhnNBBc,https://i.ebayimg.com/images/g/avwAAOSwtqhnNBBc/s-l225.jpg
zoid,other,eBay,marketplace,us,Vintage Techno Zoids.  Armored Gator.  Assembled Kit. Kenner 1994 Used.,22.95,,False,USD,Used,https://www.ebay.com/itm/327345248576?_skw=zoids&hash=item4c374c1940:g:r~MAAeSwLKFqnaPV,https://i.ebayimg.com/images/g/r~MAAeSwLKFqnaPV/s-l225.jpg
zoid,other,eBay,marketplace,us,Tomytec Zoids 1/144 Sinker,50.0,,False,USD,New,https://www.ebay.com/itm/366653201789?_skw=zoids&hash=item555e3bdd7d:g:JHgAAeSwMx5qnfK-&amdata=enc%3AAQALAAAA4ACCtXRWQnOEpyOqnQQ8KGZpBz35xg7MdxkITepUdrEHP1YN4VmHktuIbK3zXotL%2BP11ZOivwrxTr9G%2FqUXe58sW3dgwnLZKqSHO4th7ZwMWoEubI%2Bda93E2iQHkPAlZbyUo4rIMtpOVKo2RWsyxnTYPlCT8HF6%2BxBeALPbDsTWHV8ll5F8oryI428Lo8lf2hKx4JgQ8M74zUEstO6TC8PVrngzilDqkiKJLxXOxnDWOszTB8mG0a5x3Sn81a%2FBgREq%2BTzhJ91f5earfi5ceZ4HrJ0e5CBUUb5I3iQDNIZnm,https://i.ebayimg.com/images/g/JHgAAeSwMx5qnfK-/s-l225.jpg
zoid,model_kit,eBay,marketplace,us,Zoids Wild Anime Series English Dubbed Episodes 1-50,24.99,0.0,False,USD,,https://www.ebay.com/itm/175282498887?_skw=zoids&hash=item28cfa6ad47:g:mGIAAOSwmNJigTJU&amdata=enc%3AAQALAAAA4ACCtXRWQnOEpyOqnQQ8KGZ9xkyxX71CwCBFs6DhezSyVdJmR4c%2FrIsldtNqXiwM4BCHt7Z%2FIT5HDGTKFXZiHph7h2Uwjqybtl%2BIE%2BulVMCqQzdfIejjx%2Bg8SmdsVtxfr%2FG57pQ19O9uWJKw8D9ze0xBHPKQKi%2Fpea%2FFRAUXKn6R3ziaXuexLY76lZocNOUcSXIIi99VpvSNmlNhrWjI62JNKyTd6%2B7EmJcIMUj1mftSZg45lTQZKy2ipymVQ6O%2BeOuUxvCGLxvMIfuY%2B5dPhJduY3k75bt3cC8V8mLvoG%2Fx,https://i.ebayimg.com/images/g/mGIAAOSwmNJigTJU/s-l225.jpg
zoid,other,eBay,marketplace,us,Tomy Zoids RZ-014 Godos Dinosaur type 1/72 Plastic model,50.0,17.75,False,USD,New,https://www.ebay.com/itm/188795494569?_skw=zoids&hash=item2bf516a0a9:g:i8UAAeSwDzRqgA9J&amdata=enc%3AAQALAAAA4ACCtXRWQnOEpyOqnQQ8KGbB0QmHmQuRa6nsKW00QoqSpHCVK3Ks1r%2BvkXoSvQMqv92aVRqA6lYPCBLnTdyn1bHyM9%2B%2BC0BzsTYsPi2owYOOyAQhu%2FosXC35czPuz4XPBF2T%2F3AmoEH2L6Cwix2GFNCHgaPztPnLtI1Aera05GhEGwWfSBJ8kBebVfw4sXBlqkhPQmhYg98EinjdQEkoOZ3FQ9EZYVpwcZAlER4sM9GJJXof%2FBqY%2FIlVspFxn8OAvjIHqDJoTMhGYIGhNIEkMho%2F5EDcgIZC8kcP2yEACrF0,https://i.ebayimg.com/images/g/i8UAAeSwDzRqgA9J/s-l225.jpg
zoid,other,eBay,marketplace,us,Zoids Battle Champions mini figures Hasbro Asst 83129/83121 sealed package,85.0,10.0,False,USD,New,https://www.ebay.com/itm/117327335262?_skw=zoids&hash=item1b51410f5e:g:EowAAeSwJM5qaPfg,https://i.ebayimg.com/images/g/EowAAeSwJM5qaPfg/s-l225.jpg
zoid,model_kit,eBay,marketplace,us,"Zoids Battle Legends (Nintendo GameCube, 2004)",65.99,0.0,False,USD,Acceptable,https://www.ebay.com/itm/206537296781?_skw=zoids&hash=item3016950b8d:g:fAcAAeSwhVlqm-Ae,https://i.ebayimg.com/images/g/fAcAAeSwhVlqm-Ae/s-l225.jpg
zoid,other,eBay,marketplace,us,Tomy 1985 Zoids Robo Strux Runna With Pilot,29.99,,False,USD,Used,https://www.ebay.com/itm/298639493016?_skw=zoids&hash=item45884d0798:g:SSwAAeSw5RdqmFLD,https://i.ebayimg.com/images/g/SSwAAeSw5RdqmFLD/s-l225.jpg
zoid,model_kit,eBay,marketplace,us,HMM 022 Zoids Liger Zero Marking Plus RZ-041 Model Kit. Partly Built. Complete,80.0,,False,USD,Used,https://www.ebay.com/itm/820091899938?_skw=zoids&hash=itembef1495022:g:iP0AAeSwgW9qnH6n,https://i.ebayimg.com/images/g/iP0AAeSwgW9qnH6n/s-l225.jpg
zoid,other,eBay,marketplace,us,Zoids Geno Breaker Tomy Hasbro 2002 Open Box Unused Factory Sealed Model,109.99,15.0,False,USD,New,https://www.ebay.com/itm/298630109840?_skw=zoids&hash=item4587bdda90:g:Q5oAAeSwicFqlIER,https://i.ebayimg.com/images/g/Q5oAAeSwicFqlIER/s-l225.jpg
zoid,model_kit,eBay,marketplace,us,Zoids #038 Elephander Motorized Model Figure w/ Some Parts 1:72 scale,50.0,,False,USD,Used,https://www.ebay.com/itm/198625001900?_skw=zoids&hash=item2e3ef901ac:g:9GgAAeSwywhqnr5-,https://i.ebayimg.com/images/g/9GgAAeSwywhqnr5-/s-l225.jpg
zoid,model_kit,eBay,marketplace,us,Zoids Elephander ,30.0,,False,USD,Used,https://www.ebay.com/itm/237056414129?_skw=zoids&hash=item3731a9d1b1:g:X7UAAeSwq3hqn1No,https://i.ebayimg.com/images/g/X7UAAeSwq3hqn1No/s-l225.jpg
zoid,model_kit,eBay,marketplace,us,Zoids RZ-041 Liger Zero Schneider Marking Plus Ver. Model Kit Kotobukiya,119.95,9.95,False,USD,New,https://www.ebay.com/itm/177802010074?_skw=zoids&hash=item2965d35dda:g:TEIAAeSwPY9qC1~c,https://i.ebayimg.com/images/g/TEIAAeSwPY9qC1~c/s-l225.jpg
zoid,other,eBay,marketplace,us,Zoids Evil Scorpion wind-up toy robot + accessories. NOT working.,22.99,6.0,False,USD,Used,https://www.ebay.com/itm/336778716417?_skw=zoids&hash=item4e69936501:g:SjAAAeSwM6BqipBO,https://i.ebayimg.com/images/g/SjAAAeSwM6BqipBO/s-l225.jpg
zoid,other,eBay,marketplace,us,Hasbro Tomy 2002 Zoids Lot Of 3 Action Figures Not Complete Pre-owned,22.49,,False,USD,Used,https://www.ebay.com/itm/820060356971?_skw=zoids&hash=itembeef68016b:g:o7wAAeSwFHNqklAb,https://i.ebayimg.com/images/g/o7wAAeSwFHNqklAb/s-l225.jpg
zoid,model_kit,eBay,marketplace,us,TAKARA TOMY 1/100 REALIZE MODEL ZOIDS RMZ-013 SHIELD LIGER BANG SPECIAL KIT,70.0,11.0,False,USD,New,https://www.ebay.com/itm/236798105420?_skw=zoids&hash=item372244574c:g:B20AAeSwrmRp-QLV,https://i.ebayimg.com/images/g/B20AAeSwrmRp-QLV/s-l225.jpg
zoid,model_kit,eBay,marketplace,us,Takara Tomy Zoids 40th Anniversary Blade Liger AZ-01 RZ-028 1:72 Model Kit,125.0,,False,USD,New,https://www.ebay.com/itm/168613856652?_skw=zoids&hash=item27422b458c:g:nroAAeSwTHhqf1VQ,https://i.ebayimg.com/images/g/nroAAeSwTHhqf1VQ/s-l225.jpg
zoid,model_kit,eBay,marketplace,international,TAKARA TOMY DAEWON ZOIDS WILD : XENO REX ZW52 Tyrannosaurus Type Action Figure,68.8,6.0,False,USD,New,https://www.ebay.com/itm/116014567998?_skw=zoids&hash=item1b0301d23e:g:amMAAOSwxollgWyV&amdata=enc%3AAQALAAAA4ACCtXRWQnOEpyOqnQQ8KGYY9b2BohLJY4aZyrdGClXvu2bmmAypfZtj5oCmjgrIuHXjSvnqsEf1I%2BBimwlVQjeu6rpJTZ7bjt545PuU8EzyGIdqlH7J6hhdGRwcyAts66Km3p105a5sCO6MPaNbSeA9PdufSoC3ry133FVDpvMQhg%2B9jSx1sOSBnKjo0bM8WxwCZwyU3sle1gFNJFpfyfjRmeXoyQKctIVx%2FD6ZNE99aLtq012XWVkGMoNghLJk1FrpDB7nZl1SDFYevXqZHnothOiPQy7YMTIDwaZ8uhjy,https://i.ebayimg.com/images/g/amMAAOSwxollgWyV/s-l225.jpg
zoid,model_kit,eBay,marketplace,us,Zoids Genesis Japanese DVD Box Set Vols 1-8 Complete Collection Anime Avex NEW,279.96,0.0,False,USD,Brand New,https://www.ebay.com/itm/398331117638?_skw=zoids&hash=item5cbe628046:g:0CkAAeSwm3ZqKOdH&amdata=enc%3AAQALAAAA4ACCtXRWQnOEpyOqnQQ8KGbrUDyAmCrFc2GV3xrOnqFZ9iuj86QzYQdt%2F4F6jYAvlvzfx9lCvPWfCcP3DnqJX6h6hbv0fAfwn%2FImlf%2BadC96XQkzADHlxgmSJ4r36mTGmF25XTaeN2AUfbUAErjJse9ckNBihyP8ZSYxRmasgqhVHUVrUgOdVPhMr0h1imdaZ0esLh9ZsUIEXfsthjzuDmAcB3AWagwgiRQcgA3tHh4QGkrn8cflWYVJoUm0WQ9wRykiKeFJIe7JE9owe%2FP7oyuTTpkwL7jfikmeeJ1guqsB,https://i.ebayimg.com/images/g/0CkAAeSwm3ZqKOdH/s-l225.jpg
zoid,model_kit,eBay,marketplace,international,1:72 Scale Mechanical Beast Model Kit Inspired by Zoids DIY Assembly Building,64.5,0.0,False,USD,New,https://www.ebay.com/itm/318029828964?_skw=zoids&hash=item4a0c0e1364:g:drkAAeSwJIdpvB2L&amdata=enc%3AAQALAAAA4ACCtXRWQnOEpyOqnQQ8KGYo5JvksRpcEzB5FLNnRRv0WsS6NUlVSv98TqvGlNprb9YYhFMepADRoka%2B1ysY3ZdZb4mTy5HX%2FASk%2BbgRs6rr9sCMVZNQjg5NM5xwxCHtIKUFNT8DNLU8GlTgzJ5TSGxlbEw8RMzgGjCdOaP8EDa2NWYj1CL7SKA5AG8MWAEm%2BmxxgrD%2FqOoCBobnhca3sYi7pAv63YeV%2FBSB1mg2Ma1tgAlFJqvPwoWmAOZ7eKlA0FK0uaYYI0ZnEUqjsO17cJNajILI%2FzzrDOhXKIhh1tEW,https://i.ebayimg.com/images/g/drkAAeSwJIdpvB2L/s-l225.jpg
zoid,other,eBay,marketplace,international,Seismosaurus ZOIDS Tomy EZ-069 1/72 Plastic model length approx. 75 cm Kit,266.4,0.0,False,USD,New,https://www.ebay.com/itm/116385874538?_skw=zoids&hash=item1b1923826a:g:DLkAAOSwAHZntqer&amdata=enc%3AAQALAAAA4ACCtXRWQnOEpyOqnQQ8KGbl4Xd48HUCNg1hAJfwir81vUZeUXD1hSxJZwf9goWAkQgdkIwVineromlASX0nFxHGFKuyAWRmtP%2ByiDkmIoJvH6M1b5UqoUUadwGFjJQ2Y5XNh8Ny4IZlWql84eNwpdc%2FwuqK%2BhrgdsxfTeM2z2ERh1RUSV8CYCShzugZMxXocl0kYdnaHDXKMPpAGRXZGCMxXUwS7vz9QED%2F7pi3%2B%2BBGQi5lKi6MWQ8pfGCP3%2BvTX5sth46mEPdB6uCwPBwBtHvgQPZP1njhKjNtt2wqrdoL,https://i.ebayimg.com/images/g/DLkAAOSwAHZntqer/s-l225.jpg
zoid,model_kit,eBay,marketplace,us,Zoids HMM-0063 RZ-045 Salamander 1/72 model kit Kotobukiya,279.99,0.0,False,USD,New,https://www.ebay.com/itm/366526910434?_skw=zoids&hash=item5556b4cfe2:g:dKoAAeSwr6JqTGga,https://i.ebayimg.com/images/g/dKoAAeSwr6JqTGga/s-l225.jpg
zoid,other,eBay,marketplace,us,TOMY ZOIDS CP21 PANZER UNIT For Liger Zero,39.95,9.95,False,USD,New,https://www.ebay.com/itm/267775310765?_skw=zoids&hash=item3e58a6fbad:g:p3sAAeSwNG1qmddN,https://i.ebayimg.com/images/g/p3sAAeSwNG1qmddN/s-l225.jpg
zoid,other,eBay,marketplace,us,Zoids Lightning Saix EZ-035 Assembled Kit. Used. HTF,25.95,,False,USD,Used,https://www.ebay.com/itm/227509232981?_skw=zoids&hash=item34f89b6555:g:~TsAAeSwU~lqnZ8w,https://i.ebayimg.com/images/g/~TsAAeSwU~lqnZ8w/s-l225.jpg
zoid,other,eBay,marketplace,us,Zoids Blue Red Gray Black Robotic Scorpion Action Figure Plastic,40.0,,False,USD,Used,https://www.ebay.com/itm/237056411862?_skw=zoids&hash=item3731a9c8d6:g:0DsAAeSwxRRqn1Lb,https://i.ebayimg.com/images/g/0DsAAeSwxRRqn1Lb/s-l225.jpg
zoid,model_kit,eBay,marketplace,us,1985 Tomy Robo Strux (Zoids) Radox with Pilot - READ,69.9,15.99,False,USD,Used,https://www.ebay.com/itm/287569312496?_skw=zoids&hash=item42f4777af0:g:Zp8AAeSwS8tqnX5z,https://i.ebayimg.com/images/g/Zp8AAeSwS8tqnX5z/s-l225.jpg
zoid,other,eBay,marketplace,international,Kotobukiya Zoids Zoid HMM 016 LIMITED RZ028 ver 1/72 Scale BLADE LIGER AB BANG,233.86,32.23,False,USD,New,https://www.ebay.com/itm/126506139237?_skw=zoids&hash=item1d745a7e65:g:W6wAAeSwYspqm~5T,https://i.ebayimg.com/images/g/W6wAAeSwYspqm~5T/s-l225.jpg
zoid,model_kit,eBay,marketplace,us,NEW ZOIDS HMM 1/72 SCALE HEAVY ARMS KONIG WOLF PLASTIC MODEL KIT,250.0,0.0,False,USD,,https://www.ebay.com/itm/158243544939?_skw=zoids&hash=item24d80cdf6b:g:FL0AAeSwva1qlcS0&amdata=enc%3AAQALAAAA4ACCtXRWQnOEpyOqnQQ8KGY1uDcZJqhyPA8mmBXJSUlJG0VwWkAMdej%2BF9RN14Nu%2Blx9opHZo2FYZoFbIA8M83yjFYYtR19k2VBUZk0o8pW23lyAnR4Lru48Y1LRWX09LXSZHX4m%2B6Hnhl0b%2FATIDhSKUE55d%2B5j%2BlhclHzSujJd9IaTauAJt%2FK7HxaD%2F6N62vES35SP81%2Fsy%2BBPkrKbNbUg0Bl4Pqd5h3qCTosj8gzLMAHKMCT31Gd1LhRuLudgYefNRsc6geQWxfsGYKbvJD3cHGxPSPhiV4mdiLcIf3Oa,https://i.ebayimg.com/images/g/FL0AAeSwva1qlcS0/s-l225.jpg
zoid,model_kit,eBay,marketplace,us,Takara Tomy ZOIDS x Patlabor Synergenex Hunter Wolf Patlabor Second Model Kit,59.95,0.0,False,USD,New,https://www.ebay.com/itm/137686615364?_skw=zoids&hash=item200ec30544:g:KRwAAeSwgqhql-YA&amdata=enc%3AAQALAAAA4ACCtXRWQnOEpyOqnQQ8KGZCiMzA7QEmBfoGilrFlbIepvToFMveyFisvMYFM%2BwfY7gv1vP0r9fNXkqEt80QCQPJnQoA%2FFvITguGEiqL2MnUyfAD4v1MVhZmH%2FyAkBaioLT0AqixmU61zq68921ZV0ksvb5l8Axj1Y6pMguWsdDs019DfUKR1cRBhh6FtYld9RI4q9HPktOB7G4f6rVBx8kOZizr37yemdtIXunNWG2W78QauCayzNKCTpn%2BT8236K3qiI%2FEACJIzAD%2F7qIqZfKgJv4NJgUxogB2UiO8wvIP,https://i.ebayimg.com/images/g/KRwAAeSwgqhql-YA/s-l225.jpg
zoid,other,eBay,marketplace,us,2000 Tomy Zoids Storm Sworder RZ-029 Pteranodon Type 1/72,44.98,0.0,False,USD,Used,https://www.ebay.com/itm/188830415386?_skw=zoids&hash=item2bf72b7a1a:g:-BEAAeSwpLBqil9j,https://i.ebayimg.com/images/g/-BEAAeSwpLBqil9j/s-l225.jpg
zoid,other,eBay,marketplace,us,Vintage Techno Zoids.  Demon Lizard.  Assembled Kit. Kenner 1994 Used.,25.95,,False,USD,Used,https://www.ebay.com/itm/327345240544?_skw=zoids&hash=item4c374bf9e0:g:EC4AAeSwJFFqnaKf,https://i.ebayimg.com/images/g/EC4AAeSwJFFqnaKf/s-l225.jpg
zoid,model_kit,eBay,marketplace,us,Takara Tomy 1/100 Zoids Realize Model RMZ-015 Saber Tiger Raven Special T-spark,74.99,0.0,False,USD,New,https://www.ebay.com/itm/820071128799?_skw=zoids&hash=itembef00c5edf:g:2cwAAeSwBO5qlh1f,https://i.ebayimg.com/images/g/2cwAAeSwBO5qlh1f/s-l225.jpg
zoid,other,eBay,marketplace,us,Zoids TOMY Cannontortoise Type RMZ 27 Made in Japan (Box Only) Vintage,44.18,5.95,False,USD,Used,https://www.ebay.com/itm/336778393380?_skw=zoids&hash=item4e698e7724:g:11cAAOSwlIBkvxiv,https://i.ebayimg.com/images/g/11cAAOSwlIBkvxiv/s-l225.jpg
zoid,model_kit,eBay,marketplace,us,Vtg Zoids Konig Wolf Gunblaster #052 & #053 Scale 1/72 Read,69.95,0.0,False,USD,New,https://www.ebay.com/itm/318839879751?_skw=zoids&hash=item4a3c567847:g:m6kAAeSwXeFqlGs-,https://i.ebayimg.com/images/g/m6kAAeSwXeFqlGs-/s-l225.jpg
zoid,other,eBay,marketplace,us,ZOIDS Sieg ZFC-001 Action Figure Tomy 1999 New with Tag,49.99,8.0,False,USD,New,https://www.ebay.com/itm/307154073827?_skw=zoids&hash=item4783cf38e3:g:wQ8AAeSwuVhqlHCh,https://i.ebayimg.com/images/g/wQ8AAeSwuVhqlHCh/s-l225.jpg
zoid,model_kit,eBay,marketplace,us,Zoids Liger Zero Schneider Hasbro #041 1/72 Incomplete ,49.99,,False,USD,Used,https://www.ebay.com/itm/398289311569?_skw=zoids&hash=item5cbbe49751:g:BA0AAeSwgGdqgJlr,https://i.ebayimg.com/images/g/BA0AAeSwgGdqgJlr/s-l225.jpg
zoid,model_kit,eBay,marketplace,us,Zoids Wild: Blast Unleashed - Nintendo Switch,15.99,,True,USD,Like New,https://www.ebay.com/itm/298653871087?_skw=zoids&hash=item4589286bef:g:QqUAAeSwjWtqnvg4,https://i.ebayimg.com/images/g/QqUAAeSwjWtqnvg4/s-l225.jpg
zoid,model_kit,eBay,marketplace,us,Zoids New Century Zero Anime Complete Serie Episodes 1-26 English Audio,24.99,0.0,False,USD,,https://www.ebay.com/itm/374024991754?_skw=zoids&hash=item5715a0740a:g:YjoAAOSwtKhhVL1D&amdata=enc%3AAQALAAAA4ACCtXRWQnOEpyOqnQQ8KGZhot5wSWKsUzouLqMAUQKdzSapo0GidjwZqL%2B6AGVLcY0IpRMDVjxpHWyIyh9Qt%2BrRrxjnqxR6iWaRg5kwHVyYrgPSlgO8VqsRTvA10GnPnmEHI5WvVXdiS5243j3fpl0eeUSiUt9MfMdxp8Je9PaXLoE7hdsQ--sJXqZIH8a%2FzSeLrltILD2kHaf4ulq%2B7kRXLmUD%2F4%2Bt5oozlQy0Ch0mAv37kzy%2Bn2Nbe3%2B%2Bv%2FzHtLLDiHytTnb1eEvqAaofBOQny4aFMsL4erDlQ2CcLaF1,https://i.ebayimg.com/images/g/YjoAAOSwtKhhVL1D/s-l225.jpg
zoid,other,eBay,marketplace,us,ZOIDS RZ-030 RED GUN SNIPER limited Naomi Velociraptor Type ,45.0,13.75,False,USD,New,https://www.ebay.com/itm/188859383093?_skw=zoids&hash=item2bf8e57d35:g:itUAAeSwxFVqk1~S&amdata=enc%3AAQALAAAA4ACCtXRWQnOEpyOqnQQ8KGbwNnc2W0X8faYzrACHJy6OzrL7ceZw%2Bl%2B3uJnqrxRv5w0zLoPKGr%2FVh9%2BIINiJZS9qlZGTEZroiaD4H%2FqCDmOI499eXY3pt7Zs5%2FXzkR5DM%2BWZLeY1hfVQrdu7om%2Bb5MDBafWKc%2BiB4uPcCkp%2BKj5i7P%2FV%2F0%2F%2B1VWs2XqFYlzrMwzjbKIO6RzTfaDozhdXbzgpV8%2BUzLvQ14Blt4YccjtNwyiaTBEVHV94pJ3p2S6BueQDQmAscf5s4gmxwSscZv3IuhSdRBuJI74t2Qxa7QFx,https://i.ebayimg.com/images/g/itUAAeSwxFVqk1~S/s-l225.jpg
zoid,model_kit,eBay,marketplace,us,Takara Tomy ZOIDS x Patlabor Synergenex Hunter Wolf Patlabor Second Model Kit,59.95,0.0,False,USD,New,https://www.ebay.com/itm/137686615364?_skw=zoids&hash=item200ec30544:g:KRwAAeSwgqhql-YA&amdata=enc%3AAQALAAAA4ACCtXRWQnOEpyOqnQQ8KGZCiMzA7QEmBfoGilrFlbIepvToFMveyFisvMYFM%2BwfY7gv1vP0r9fNXkqEt80QCQPJnQoA%2FFvITguGEiqL2MnUyfAD4v1MVhZmH%2FyAkBaioLT0AqixmU61zq68921ZV0lMMOkfXUM1BPProqOEoaJ3%2FeAS3ZFhgsxxUXFKhVYq5BObSgGSGfQpYxOda8V1Y%2FTgx7rE7t0CYdOVlje%2Fsyj6ruFEQKFoic0%2F5UjHqhAZj4RtalvN64IIuN1whH72Me8Pqk5FP2hp7I0yTWkYTQWu,https://i.ebayimg.com/images/g/KRwAAeSwgqhql-YA/s-l225.jpg
zoid,model_kit,eBay,marketplace,us,Zoids New Century Zero Anime Complete Serie Episodes 1-26 English Audio,24.99,0.0,False,USD,,https://www.ebay.com/itm/374024991754?_skw=zoids&hash=item5715a0740a:g:YjoAAOSwtKhhVL1D&amdata=enc%3AAQALAAAA4ACCtXRWQnOEpyOqnQQ8KGZhot5wSWKsUzouLqMAUQKdzSapo0GidjwZqL%2B6AGVLcY0IpRMDVjxpHWyIyh9Qt%2BrRrxjnqxR6iWaRg5kwHVyYrgPSlgO8VqsRTvA10GnPnmEHI5WvVXdiS5243j3fpl3gWKwlb5jJAbMmWuluP2OcYOwN%2BvjsSD4Qbjzf6aaf6vGwtSGw6JSJkuO3MYp2PGuLRyCIPCI3U5tREEc6A6vrfVNNCcWMxY71qqqeyfmkEgnzasR7UIXrt7Lvzhr6OqexAhFo8IZOLX5%2F9x4%2F9vRc,https://i.ebayimg.com/images/g/YjoAAOSwtKhhVL1D/s-l225.jpg
zoid,other,eBay,marketplace,us,ZOIDS RZ-030 RED GUN SNIPER limited Naomi Velociraptor Type ,45.0,13.75,False,USD,New,https://www.ebay.com/itm/188859383093?_skw=zoids&hash=item2bf8e57d35:g:itUAAeSwxFVqk1~S&amdata=enc%3AAQALAAAA4ACCtXRWQnOEpyOqnQQ8KGbwNnc2W0X8faYzrACHJy6OzrL7ceZw%2Bl%2B3uJnqrxRv5w0zLoPKGr%2FVh9%2BIINiJZS9qlZGTEZroiaD4H%2FqCDmOI499eXY3pt7Zs5%2FXzkR5DM%2BWZLeY1hfVQrdu7om%2Bb5MBOjDh4IA6OjKoy7UyW02LPMH2WwwKPA%2F7RHLg4uLspYcqDd3XjzvF81TtfSTVlYvxznk0arnOzfIZTq%2FbCnqc8g9ayCqB6NOfAlG8ho4yIIma1Z4gXE7sK5%2BrAXaCohMQ73xv0RzPFa8LOuyJdqlJw,https://i.ebayimg.com/images/g/itUAAeSwxFVqk1~S/s-l225.jpg
zoid,model_kit,eBay,marketplace,international,Tommy Zoids Genesis Lanstag Mass Production Type From Japan,97.6,0.0,False,USD,New,https://www.ebay.com/itm/116444367797?_skw=zoids&hash=item1b1ca00bb5:g:5TQAAOSw0i5ng1FX&amdata=enc%3AAQALAAAA4ACCtXRWQnOEpyOqnQQ8KGbLi0UCVDgPj10qXdmZDbxwWYB9xpabrPJfpOzvFt7eYDRCPfo1mTTA0z1uFKMErNy%2BoF18OxlkSIm9nlGsCWImEuxR6c6HkT0AhN4Y3jVYudbVmG4bgDrybNeTDTxTu6yyLFrHI8FiKEeh3nYOqVhNBVBDctIFfZnEovmvwNXKzT5n%2FEbUjoG76aYmxbAE4AHgy9hYyVCIUTImVA7oivdF%2Bh8VKmiu%2B5%2FdFpGpXn10DZKdVwCSDlfBnxj6Mq9GhNhaWRL3CWiQ0fZc2thaaitY,https://i.ebayimg.com/images/g/5TQAAOSw0i5ng1FX/s-l225.jpg
zoid,model_kit,eBay,marketplace,us,Zoids HMM 002 RZ-009 Command Wolf AC&LC Marking Plus 1/72 model kit Kotobukiya,99.99,0.0,False,USD,New,https://www.ebay.com/itm/389472455614?_skw=zoids&hash=item5aae5e0bbe:g:KN0AAeSwWBRpYKYG,https://i.ebayimg.com/images/g/KN0AAeSwWBRpYKYG/s-l225.jpg
zoid,other,eBay,marketplace,us,1983 Tomy Zoids Giant ZRK w/ Box - Incomplete - See Photos,89.99,0.0,False,USD,Used,https://www.ebay.com/itm/397911082458?_skw=zoids&hash=item5ca55945da:g:B18AAeSwrIhp-LoX,https://i.ebayimg.com/images/g/B18AAeSwrIhp-LoX/s-l225.jpg
zoid,other,eBay,marketplace,us,Zoids Liger Zero Midnight Shield Used w/Sounds Tested Tomy 2002 Incomplete,19.99,,False,USD,Used,https://www.ebay.com/itm/168672034297?_skw=zoids&hash=item2745a2fdf9:g:susAAeSwGMxqnz9T,https://i.ebayimg.com/images/g/susAAeSwGMxqnz9T/s-l225.jpg
zoid,model_kit,eBay,marketplace,us,CANORY MOLGA EZ-006 & HELL CAT EZ-023 ZOIDS REALIZE MODEL 1:100 RMZ-010 TOMY NEW,54.88,0.0,False,USD,New,https://www.ebay.com/itm/327345855785?_skw=zoids&hash=item4c37555d29:g:4UIAAeSww-FqniL~,https://i.ebayimg.com/images/g/4UIAAeSww-FqniL~/s-l225.jpg
zoid,model_kit,eBay,marketplace,us,Zoids Wild Anime Series English Dubbed and Subs Episodes 1-50,27.99,0.0,False,USD,,https://www.ebay.com/itm/285824688296?_skw=zoids&hash=item428c7aa0a8:g:oosAAOSwtrdmJdp2,https://i.ebayimg.com/images/g/oosAAOSwtrdmJdp2/s-l225.jpg
zoid,model_kit,eBay,marketplace,us,"Zoids Vol. 6: The Ultimate X (DVD, 2003)",29.99,,False,USD,Acceptable,https://www.ebay.com/itm/307168296754?_skw=zoids&hash=item4784a83f32:g:V4IAAeSwd~9qn45X,https://i.ebayimg.com/images/g/V4IAAeSwd~9qn45X/s-l225.jpg
zoid,other,eBay,marketplace,us,Hasbro Zoids Red Horn Triceratops Action Figure Transformable w/ Weapon 2002,80.0,0.0,False,USD,New,https://www.ebay.com/itm/318768918861?_skw=zoids&hash=item4a381bb14d:g:~SEAAeSwM8pqPhsq,https://i.ebayimg.com/images/g/~SEAAeSwM8pqPhsq/s-l225.jpg
zoid,model_kit,eBay,marketplace,us,RED HORN (EZ-004) ZOIDS REALIZE MODEL 1:100 RMZ-014 TOMY NEW T-SPARK GUYLOS,59.88,0.0,False,USD,New,https://www.ebay.com/itm/227509788622?_skw=zoids&hash=item34f8a3dfce:g:U3kAAeSwjh5qniUj,https://i.ebayimg.com/images/g/U3kAAeSwjh5qniUj/s-l225.jpg
zoid,model_kit,eBay,marketplace,us,Takara Tomy Realize Model Kit: ZOIDS RMZ-001 Blade Liger Lion Type 1/100 Scale,69.95,0.0,False,USD,New,https://www.ebay.com/itm/358729919663?_skw=zoids&hash=item5385f82caf:g:vSUAAeSwfzxpGWw1,https://i.ebayimg.com/images/g/vSUAAeSwfzxpGWw1/s-l225.jpg
zoid,model_kit,eBay,marketplace,us,Zoids Wild Anime Series English Dubbed Episodes 1-50,29.99,0.0,False,USD,,https://www.ebay.com/itm/374077775175?_skw=zoids&hash=item5718c5dd47:g:VeIAAOSwTCNigTT3&amdata=enc%3AAQALAAAA4ACCtXRWQnOEpyOqnQQ8KGaXLtrAZ8o%2FZBRja5FH0rqhnZ7LVeIikah7nf3CpvZGdRHw5yCzpuOSDS6cOKKsKkEpl%2BxvEKIlRo5sksCzvAiHMaMKsRQAnW2QxiIOmafjGm0o9W35HaEFe5z%2BwVQqwHEfb4Yq8VT%2BRT7b%2F9AHfAik1%2FTr6Sw0EHybYBV%2BmuClIKjOx9D5dsUF%2FVg8MA%2B6AJwnYM5a6l5SPHGXZWbnGC1xBIMrYajCmYu5peJuZwbPHtEvjENqddp0RrFsqYDDG0oR9uYNJJRQuUUjxJYEVtgi,https://i.ebayimg.com/images/g/VeIAAOSwTCNigTT3/s-l225.jpg
zoid,other,eBay,marketplace,us,Techno Zoids Evil Scorpion Kenner Vintage 1994 NEW IN BOX Motorized SHIPS FAST!,79.95,0.0,False,USD,New,https://www.ebay.com/itm/206527665851?_skw=zoids&hash=item30160216bb:g:Kf0AAeSw8rhqlgCs&amdata=enc%3AAQALAAAA4ACCtXRWQnOEpyOqnQQ8KGa%2BpFp8Pkc%2FQtFXQ8G%2BB4EGqY5yfjm%2BXMB4G%2BG4f3FGoxQMujBkpSarIKxv3PoU7D%2B8mrPweGx%2B84u1IGFCjumf8jgOyXXkkX1rc2yAkX5cUbPPEFCY6AU%2FYKztEqxARugGXz2Mc2QAwIhXdzTaI9t7HP7XKvMAx0%2BANykAxZPa0MXlQ4PNIZYInZy9%2Fs%2BLoYCRdU4Vc1jA6WluLIhRz89ZdOCxccfCM1TpXgOvGa3uksRyOkET8uf4zRwhY187iVBbEPISPrfc8od%2B2EdDHq4I,https://i.ebayimg.com/images/g/Kf0AAeSw8rhqlgCs/s-l225.jpg
zoid,model_kit,eBay,marketplace,international,TAKARA TOMY DAEWON ZOIDS WILD : ZW55 Xeno Rex Scissors XA Tyrannosaurus Type,89.8,0.0,False,USD,New,https://www.ebay.com/itm/126243225931?_skw=zoids&hash=item1d64aec14b:g:SQ8AAOSwFAllgXzA&amdata=enc%3AAQALAAAA4ACCtXRWQnOEpyOqnQQ8KGZpMz2XlglxaMRJlrOL7ZL6hqSHBHBW1mzm3J1P%2BA0NZNa4eRug26y248WqMYJo1btnMZ19V8His4TiwrxXEHzuagsMC5xk%2BzMqiinc7qiB0YDZHk3I%2FEkjBZAVtMDkl%2BQ75B%2BibenT4WRgjNTuhfxAvu9a%2Fwzoq771VM1xoB0WWKnMuSW1VvndNHuiJ6QLOK1ir%2B3MchIA5JG4OerHuLrJ119KNjljU11BXM1NVb8rnC5khny0u%2BwuklsbDu33N9U%2BbewubgKrrh4Y5oZKsXjV,https://i.ebayimg.com/images/g/SQ8AAOSwFAllgXzA/s-l225.jpg
zoid,other,eBay,marketplace,us,Zoids 1/360 Scale Whale King,275.0,,False,USD,Used,https://www.ebay.com/itm/188850306690?_skw=zoids&hash=item2bf85afe82:g:LO0AAeSwvk9qkLOf,https://i.ebayimg.com/images/g/LO0AAeSwvk9qkLOf/s-l225.jpg
zoid,other,eBay,marketplace,us,Shield-D-Prime Synergenex Series Zoids x Diaclone Transformers T-Spark Sealed,239.99,19.99,False,USD,New,https://www.ebay.com/itm/188823498617?_skw=zoids&hash=item2bf6c1ef79:g:4mwAAeSwOa9qh1cj,https://i.ebayimg.com/images/g/4mwAAeSwOa9qh1cj/s-l225.jpg
zoid,model_kit,eBay,marketplace,international,Zoids Blox 1:72 D.A.LIZARDS Type Model Kit Leoblaze Unenlagia Tomy From Japan,124.0,0.0,False,USD,Used,https://www.ebay.com/itm/116745698228?_skw=zoids&hash=item1b2e95fbb4:g:YK8AAeSwAq1oqFvr,https://i.ebayimg.com/images/g/YK8AAeSwAq1oqFvr/s-l225.jpg
zoid,model_kit,eBay,marketplace,international,Takara Tomy 227564 Zoids AZ-03 Murasame Liger,164.42,12.0,False,USD,Used,https://www.ebay.com/itm/377481285074?_skw=zoids&hash=item57e3a34dd2:g:bd4AAeSwPphqUJoX,https://i.ebayimg.com/images/g/bd4AAeSwPphqUJoX/s-l225.jpg
zoid,other,eBay,marketplace,us,Vintage Techno Zoids Storm Tiger 1994 BOX AND INSTRUCTIONS ONLY,29.99,4.99,False,USD,Used,https://www.ebay.com/itm/398349224965?_skw=zoids&hash=item5cbf76cc05:g:Hd8AAeSwMcdql3Rb,https://i.ebayimg.com/images/g/Hd8AAeSwMcdql3Rb/s-l225.jpg
zoid,model_kit,eBay,marketplace,us,"Zoids Vol. 1: The Battle Begins (DVD, 2002)",24.0,0.0,False,USD,Very Good,https://www.ebay.com/itm/820020120512?_skw=zoids&hash=itembeed020bc0:g:OXcAAeSwG9FqhOce,https://i.ebayimg.com/images/g/OXcAAeSwG9FqhOce/s-l225.jpg
zoid,model_kit,eBay,marketplace,us,Kotobukiya Zoids RZ-041 Liger Zero Jager Marking Plus Ver. 1/72 Scale Model Kit,110.99,0.0,False,USD,New,https://www.ebay.com/itm/157655377006?_skw=zoids&hash=item24b4fe246e:g:ItUAAeSwoRFpgQUQ,https://i.ebayimg.com/images/g/ItUAAeSwoRFpgQUQ/s-l225.jpg
zoid,model_kit,eBay,marketplace,us,Zoids The High-Speed Battle DVD Rare OOP Out Of Print With Insert,44.99,,False,USD,Like New,https://www.ebay.com/itm/227511145726?_skw=zoids&hash=item34f8b894fe:g:WyEAAeSw1VJqn1Qi,https://i.ebayimg.com/images/g/WyEAAeSw1VJqn1Qi/s-l225.jpg
zoid,model_kit,eBay,marketplace,us,Zoids HMM011 RZ-013 Cannon Tortoise Marking Plus ver. 1/72 model kit Kotobukiya,84.99,0.0,False,USD,New,https://www.ebay.com/itm/389474223958?_skw=zoids&hash=item5aae790756:g:AdIAAeSwC7lpe8~P,https://i.ebayimg.com/images/g/AdIAAeSwC7lpe8~P/s-l225.jpg
zoid,other,eBay,marketplace,us,Takara Tomy ARTS Gacha Shoulder Zun Fig ZOIDS Figure - 1 Random,13.95,0.0,False,USD,New,https://www.ebay.com/itm/137620795357?_skw=zoids&hash=item200ad6afdd:g:DJsAAeSwNuRqmDiT,https://i.ebayimg.com/images/g/DJsAAeSwNuRqmDiT/s-l225.jpg
zoid,other,eBay,marketplace,us,"Lot Of 3 Zoids 6"" Action Figure TOMY Hasbro 2002 As Is",20.0,6.95,False,USD,Used,https://www.ebay.com/itm/336726584443?_skw=zoids&hash=item4e6677ec7b:g:DOsAAeSwdhFqcn6p,https://i.ebayimg.com/images/g/DOsAAeSwdhFqcn6p/s-l225.jpg
zoid,other,eBay,marketplace,us,2002 Hasbro Vintage Zoids Chimera Dragon Action Figure Packaged ,40.0,,True,USD,New,https://www.ebay.com/itm/800479640336?_skw=zoids&hash=itemba604dfb10:g:r4IAAeSwgVxpbdk8,https://i.ebayimg.com/images/g/r4IAAeSwgVxpbdk8/s-l225.jpg
zoid,other,eBay,marketplace,us,Zoids Hasbro 1/72 #027 Rev Raptor - New SEALED BOX Vintage 83028,74.99,,False,USD,New,https://www.ebay.com/itm/206448441252?_skw=zoids&hash=item30114937a4:g:3eAAAeSwA8BqPbd1&amdata=enc%3AAQALAAAA4ACCtXRWQnOEpyOqnQQ8KGblTFq0TNa29oZxqHal5viko%2FkM1RmdxjXKBg%2B4%2FFs%2Btk%2BLVp%2BQ%2FNfk17Dgn1C3acx%2FCmArhqLGaqe7knhT5%2BNnse6jUktXMbFvhcAqOqjX%2Fj%2FVnIhCHnWfkOJOdnVOATK%2BjnhuhMhZ%2BOD0ZXm9fhrCWm9iqi5BWQryzG1wjFi43WX14AkO2FTQRZY07rJWf1Zm7C9HBb7z6JRNXgjGn232wP6LHhofD%2F8FFen3hZJcFac%2Buv8bfnUmDXotk88d%2B23ySxZMHigc5SoFtzj3E3Mh,https://i.ebayimg.com/images/g/3eAAAeSwA8BqPbd1/s-l225.jpg
zoid,other,eBay,marketplace,us,Zoids Liger Zero X  Hasbro complete Action Figure Read,116.99,0.0,False,USD,New,https://www.ebay.com/itm/405412281121?_skw=zoids&hash=item5e64747b21:g:xUIAAOSw3lZnWKR4&amdata=enc%3AAQALAAAA4ACCtXRWQnOEpyOqnQQ8KGZyS75n1EIxe0jdGD35ExJ%2FORFKu3KOgUTom5kCp3oWTvO5cTGOTtz0%2F1Hy97ZgJ2Y8qTCo%2B3ulluxB1uQCVkFbf5cqhzDlg%2FW8sDfJDGfzWvwVmMBQVE1bk2uyQ%2Fgb1uf0Ux1CgCU159VHP%2FlqFuKvH6YBOM0l3KjOx7K3I4yFY%2BvpFgFLHHoBn1mT49YXT6PSN3B%2FvkxSrkUnOAuMGnB%2BNy970FW1Z42kEnflJf2NqbckKglxYtgpzvrvh%2FNZTbOvO9N6H4bERURjmOJzxyVm,https://i.ebayimg.com/images/g/xUIAAOSw3lZnWKR4/s-l225.jpg
zoid,other,eBay,marketplace,us,ZOIDS Gordosaur #008 Hasbro Motorized Model Kit NIB Sealed Vintage 2001,199.99,,False,USD,New,https://www.ebay.com/itm/307151485378?_skw=zoids&hash=item4783a7b9c2:g:FwwAAeSwva1qkeY3&amdata=enc%3AAQALAAAA4ACCtXRWQnOEpyOqnQQ8KGaxJwrw8qetuc6ZpE2g5FnM2SZ2q0lSMOE89tRShjMnIwH3SKw%2BoW4HszPaeZutj2tF5E3gvjoutIdrdIjCGfmST26%2FJ1Zdt6bjfBDQuogFn%2BlSpfs113TS9wS%2BsKPr%2FoEnTSltkyhAc0pbZT%2FGFcGyxJtk8Eo7BBXtIPOKFPX8FgGgGpSUTN5yHM%2FbOwDtw6wXlZ%2Ba%2F32HBFcVhteJG7OnNlkYOvXlVMzO2kzRSDoSgEWz7oltYWnIGf2nUtHGvpwezYgYXpid4F%2BdxCRRWBmi,https://i.ebayimg.com/images/g/FwwAAeSwva1qkeY3/s-l225.jpg
zoid,model_kit,eBay,marketplace,us,Zoids Chaotic Century Complete Anime Series Ep 1-67 Audio option in description,34.99,0.0,False,USD,,https://www.ebay.com/itm/373797966111?_skw=zoids&hash=item570818511f:g:IEoAAOSwRchhVLC3&amdata=enc%3AAQALAAAA4ACCtXRWQnOEpyOqnQQ8KGZqmDoTSrEX4YsIUNDiEvQq%2Fj6sWBvwSruk%2BrA%2Fem5oawSMTxCtUYoepH985E7paxrAMvpo99fvA%2BDYAq7ckXhx9G%2BiF6HHxcOCOvJ5Vk0tEfrqQuePQUZ3iJbdQwaq3ZBjWOaELbSIwb0tSghGXyV38ndcFL3Jtrf8d06Ep66COISCk1YHrVTr1rFbmF%2B3bH1zlMnBwIHMXMfmlpwyDLCc7U25nmIHELDeagDsrTWSHNtXUgu6XONPyePghZm6ohMrPS57LOsGrAFqC7%2Flbkcg,https://i.ebayimg.com/images/g/IEoAAOSwRchhVLC3/s-l225.jpg
zoid,other,eBay,marketplace,us,zoids grounchar,1000.0,,False,USD,Used,https://www.ebay.com/itm/188884012082?_skw=zoids&hash=item2bfa5d4c32:g:S3kAAeSwxFVqgx9a,https://i.ebayimg.com/images/g/S3kAAeSwxFVqgx9a/s-l225.jpg
zoid,other,eBay,marketplace,us,Takara Tomy ZOIDS KZ-01B Liger Zero Jaeger Unit Used,55.0,20.0,False,USD,Used,https://www.ebay.com/itm/127836635851?_skw=zoids&hash=item1dc3a842cb:g:IxQAAeSwhS1p8mO2,https://i.ebayimg.com/images/g/IxQAAeSwhS1p8mO2/s-l225.jpg
zoid,other,eBay,marketplace,us,"Lot Of 4 Zoids 6"" Action Figure TOMY Hasbro 2002 ",19.99,7.88,False,USD,Used,https://www.ebay.com/itm/237039366593?_skw=zoids&hash=item3730a5b1c1:g:6XIAAeSwyIRqlFhS,https://i.ebayimg.com/images/g/6XIAAeSwyIRqlFhS/s-l225.jpg
zoid,other,eBay,marketplace,us,Hasbro Zoids #036 Death Stinger 1/72,45.0,,False,USD,Used,https://www.ebay.com/itm/327323067275?_skw=zoids&hash=item4c35f9a38b:g:Zh8AAeSw0Hxqi0nv,https://i.ebayimg.com/images/g/Zh8AAeSw0Hxqi0nv/s-l225.jpg
zoid,other,eBay,marketplace,us,Vintage Hasbro Zoids Elephander #038 Figure INCOMPLETE FOR PARTS + Box READ,20.0,,False,USD,Used,https://www.ebay.com/itm/227468919963?_skw=zoids&hash=item34f634449b:g:1vEAAeSwjRtqeOpr,https://i.ebayimg.com/images/g/1vEAAeSwjRtqeOpr/s-l225.jpg
zoid,model_kit,eBay,marketplace,us,Hasbro ZOIDS Konig Wolf 1/72 Scale Action Figure Model Kit #053 NEW/SEALED 2003,69.99,0.0,False,USD,New,https://www.ebay.com/itm/178437767022?_skw=zoids&hash=item298bb83f6e:g:wi4AAeSwie9qjN9I,https://i.ebayimg.com/images/g/wi4AAeSwie9qjN9I/s-l225.jpg
zoid,model_kit,eBay,marketplace,us,Iconic Zoids Command Wolf Plastic Model Kit - Interactive Elements for Ages 15+,95.99,0.0,False,USD,New,https://www.ebay.com/itm/820100306305?_skw=zoids&hash=itembef1c99581:g:UywAAeSw7v5qn1Bx&amdata=enc%3AAQALAAAA4ACCtXRWQnOEpyOqnQQ8KGbl7%2FrL6C6S5SH392bwzbYqcuPR0js0QRX6wsH22EwQcSjEgFxDWxfVa2DmSq5ToBmzjqcEW83Blw19kWrfqVpUkUXRXtWe0pLjidvG%2BZE0btS0ZslI9M%2F1tnwBbZeV65pW7AqhGm1RErbL29EY0pQe082EZ3iSa5miFynbD1DI8fRswCegzj36lLUPMkGwpAk9K2%2F2c4V0T%2BBsfYuJOzx3cFj2%2FmBE5Dx49Tv3BZgzi4659X63jJi2HlSv%2FkAC3Rvp8jVAVQ89nHOngSQ8esfy,https://i.ebayimg.com/images/g/UywAAeSw7v5qn1Bx/s-l225.jpg
zoid,other,eBay,marketplace,international,BT Model Building Blocks ZOIDS Blade Liger Mirage 1:72 Scale,70.88,19.99,False,USD,New,https://www.ebay.com/itm/366134482745?_skw=zoids&hash=item553f50d739:g:LYkAAOSwWu9m5Ps3&amdata=enc%3AAQALAAAA4ACCtXRWQnOEpyOqnQQ8KGbALIFzi%2BxBPjoLDuRQ8QmCx%2Fns%2BcweRTuIn3Qp3K%2BkTax2GOB5zuVvgtfTusdYXCM6ir4VkRPAA5utKDzIVdv73tMqiuvkO%2Fcut%2Fg8KE%2BYjcWpzisEjcgpZ%2FDybbNiAa2IpxwZmreqRcHJvTkmVKRpVafJjNHEobJZ1iQAS8OU2vPsOsKevS0BB6AqmzCWsY7pDJ7TSdbU1Gity1jwUcioUWUfI1SRfRWvMoz5nyj5jx4GVva7XVUQb6AMngla7C5dVYD08SMHNuE0hxnB9Akw,https://i.ebayimg.com/images/g/LYkAAOSwWu9m5Ps3/s-l225.jpg
zoid,model_kit,eBay,marketplace,us,Zoids Fuzors Anime Complete Series Episodes 1-26 English Audio,21.99,0.0,False,USD,,https://www.ebay.com/itm/356280949389?_skw=zoids&hash=item52f3ffda8d:g:qw4AAeSwvA9qXFms,https://i.ebayimg.com/images/g/qw4AAeSwvA9qXFms/s-l225.jpg
zoid,other,eBay,marketplace,us,2 small Zoid Models,40.0,0.0,False,USD,Used,https://www.ebay.com/itm/237045216153?_skw=zoids&hash=item3730fef399:g:mK4AAeSw-8lqmHgd,https://i.ebayimg.com/images/g/mK4AAeSw-8lqmHgd/s-l225.jpg
zoid,other,eBay,marketplace,us,NEW Capcom ZOIDS Beast Liger Magai Monster Hunter Magnamalo Action Figure,100.0,0.0,False,USD,New,https://www.ebay.com/itm/206365897010?_skw=zoids&hash=item300c5db132:g:seQAAeSw0jhqOYN2,https://i.ebayimg.com/images/g/seQAAeSw0jhqOYN2/s-l225.jpg
zoid,other,eBay,marketplace,us,Zoids blue commando wolf,30.0,,False,USD,Used,https://www.ebay.com/itm/820100938128?_skw=zoids&hash=itembef1d33990:g:WUYAAeSwAvhqn4lo,https://i.ebayimg.com/images/g/WUYAAeSwAvhqn4lo/s-l225.jpg
zoid,model_kit,eBay,marketplace,us,Zoids HMM 026 RZ-041 Liger Zero Schneider Marking Plus 1/72 Model Kt Kotobukiya,114.0,12.5,False,USD,New,https://www.ebay.com/itm/298642854066?_skw=zoids&hash=item45888050b2:g:7LcAAeSwTgpqmegt,https://i.ebayimg.com/images/g/7LcAAeSwTgpqmegt/s-l225.jpg
zoid,other,eBay,marketplace,us,VINTAGE 2002 HASBRO TOMY ZOIDS ELECTRONIC LIGER ZERO FIGURE ROBOT LION TIGER,11.99,,False,USD,Used,https://www.ebay.com/itm/158261513292?_skw=zoids&hash=item24d91f0c4c:g:8sIAAeSw9fJqnGi3,https://i.ebayimg.com/images/g/8sIAAeSw9fJqnGi3/s-l225.jpg
zoid,model_kit,eBay,marketplace,international,Zoids OER: Slime : 90% Complete + Working,16.24,,False,USD,Used,https://www.ebay.com/itm/257725076272?_skw=zoids&hash=item3c019c9330:g:~nEAAeSw131qm~hQ,https://i.ebayimg.com/images/g/~nEAAeSw131qm~hQ/s-l225.jpg
zoid,other,eBay,marketplace,us,Zoids Battle Champions Micro Tomy Genosaurer VG!!!,25.99,0.0,False,USD,Used,https://www.ebay.com/itm/137701839642?_skw=zoids&hash=item200fab531a:g:UJgAAeSwyTVqm~Ep,https://i.ebayimg.com/images/g/UJgAAeSwyTVqm~Ep/s-l225.jpg
zoid,model_kit,eBay,marketplace,us,Kotobukiya Zoids AZ-06EX Phoenix (republic Version) Plastic Model Kit GN095,79.79,0.0,False,USD,New,https://www.ebay.com/itm/237042874066?_skw=zoids&hash=item3730db36d2:g:B~UAAeSwau1qlvls&amdata=enc%3AAQALAAAA4ACCtXRWQnOEpyOqnQQ8KGZL7QcAJkFDSgYwqiFxtNHIrAGRdnXhRbCRm8W6r6XGNrMb92mxnPq7ZNNqp3EkzN3PxulgQ%2Fp4USvBazqmk3vBfgTbWtZx9QpTAT5bVOkbkiLeKGoh8VQZtv4C24DMl4enKE1XDrr5wKSia2g8r%2F3OHEZv3IrWOpTAYP4sOnXfKtSnub1BUJILnwzlNuw9g3cccLjGkHNldOVEK%2BT3B%2Bfn2m3zI7RA0WFcI06bBu7m2CoBU9Sw7Tt4eUWC1ZnQIqJ%2Btf95ZmW1y3D4WZ%2BQemps,https://i.ebayimg.com/images/g/B~UAAeSwau1qlvls/s-l225.jpg
zoid,model_kit,eBay,marketplace,international,"ZOIDS Movable King Liger Zero Deluxe Set with 3 Units, YS R Us Limited",212.68,30.0,False,USD,Used,https://www.ebay.com/itm/820016645312?_skw=zoids&hash=itembeeccd04c0:g:W-oAAeSwaclqg8-9&amdata=enc%3AAQALAAAA4ACCtXRWQnOEpyOqnQQ8KGZffnpiS%2Fa45vD5Ao7JMwIFESaktMG%2F5Dgz0G7w7cwaBAhFdeeGoADBc%2F386L%2BWkGhmSdZRY476x5fhuwlR1vk47tCYpdTfWWrF6kisIpkCSdjHjk22D0JKe71mx%2BWwf7MVf%2F3Srn%2BWe6Sp2EO%2FdgjP%2Ffv3nejwXcDayuLeGLhVN8zKIUEi%2FpxkF6s1tUzH3QHwubfdWYABKH6JcGWcgcND6n0ZXVviDVF5MPvTRXieKzwJJqazETJELpuJqndNL%2BI%2BWPlgqV5EYA8Ad9JcssWP,https://i.ebayimg.com/images/g/W-oAAeSwaclqg8-9/s-l225.jpg
zoid,model_kit,Plaza Japan,retailer,,Takara Tomy Zoids AZ-15 Psycho Geno Saurer Plastic Model,111.13,,,USD,New,https://www.plazajapan.com/4904810070696,https://cdn11.bigcommerce.com/s-89ffd/products/196910/images/895214/takara-tomy-zoids-az-15-psycho-geno-saurer-plastic-model__26543.1771466604.350.350.jpg?c=2
zoid,model_kit,Plaza Japan,retailer,,Kotobukiya HMM ZOIDS 1/72 RZ-041 LIGER ZERO JAGER Marking Plus Version Plastic Model,44.74,,,USD,New,https://www.plazajapan.com/4934054073696,https://cdn11.bigcommerce.com/s-89ffd/products/169282/images/714889/kotobukiya-hmm-zoids-172-rz-041-liger-zero-jager-marking-plus-version-plastic-model__24234.1739870917.350.350.jpg?c=2
zoid,model_kit,Plaza Japan,retailer,,Kotobukiya HMM ZOIDS 1/72 RZ-029 Storm Sworder Plastic Model,84.02,,,USD,New,https://www.plazajapan.com/4934054108114,https://cdn11.bigcommerce.com/s-89ffd/products/185883/images/824700/4934054108114-1__96898.1759384716.350.350.jpg?c=2
zoid,model_kit,Plaza Japan,retailer,,Kotobukiya HMM Zoids 1/72 EPZ-003 Greatsaber Marking Plus Ver. Plastic Model,43.65,,,USD,New,https://www.plazajapan.com/4934054073917,https://cdn11.bigcommerce.com/s-89ffd/products/176668/images/761995/4934054073917_c31cc81754fbe18c7806440d559629c4__96666.1747977861.350.350.jpg?c=2
zoid,model_kit,Plaza Japan,retailer,,Kotobukiya HMM Zoids 1/72 EZ-034 Geno Breaker Re-package Ver. Plastic Model,47.23,,,USD,New,https://www.plazajapan.com/4934054048434,https://cdn11.bigcommerce.com/s-89ffd/products/113058/images/388984/4934054023158_d7344ccfc91c1af1c4bb79df3ba2aa30__29694.1655192701.350.350.jpg?c=2
zoid,model_kit,Plaza Japan,retailer,,Kotobukiya HMM ZOIDS 1/72 Dark Horn Harry Special 2001 Re/color Plastic Model,70.94,,,USD,New,https://www.plazajapan.com/4934054086955,https://cdn11.bigcommerce.com/s-89ffd/products/211590/images/974069/4934054086955_ccf7035a5e0cb0a52767178b45f4f611__20948.1783048740.350.350.jpg?c=2
zoid,model_kit,Plaza Japan,retailer,,Takara Tomy 1/100 Realize Model Zoids RMZ-016 Blade Liger Panzer (ZBF) Lion Type,78.29,,,USD,New,https://www.plazajapan.com/4904810092544,https://cdn11.bigcommerce.com/s-89ffd/products/209355/images/965464/4904810092544_c2a8aed77598cb4f02a6dd8123802a3b__27261.1782276934.350.350.jpg?c=2
zoid,model_kit,Plaza Japan,retailer,,Kotobukiya HMM ZOIDS 1/72 RZ-028 Blade Liger AB Plastic Model,43.65,,,USD,New,https://www.plazajapan.com/4934054073740,https://cdn11.bigcommerce.com/s-89ffd/products/170336/images/717555/4934054073740_2caed7cd7394f8f2f6cc70ce3d83273a__91386.1739940441.350.350.jpg?c=2
zoid,model_kit,Plaza Japan,retailer,,Kotobukiya HMM ZOIDS 1/72 EZ-049 Sturm Tyrann Plastic Model,142.95,,,USD,New,https://www.plazajapan.com/4934054055586,https://cdn11.bigcommerce.com/s-89ffd/products/129054/images/458187/4934054055586_d65249acc2eaa9c631f7a81b4181438a__03580.1680591380.350.350.jpg?c=2
zoid,model_kit,Plaza Japan,retailer,,Kotobukiya HMM ZOIDS 1/72 Iron Kong (Schwarz Ver.) Plastic Model,119.36,,,USD,New,https://www.plazajapan.com/4934054081493,https://cdn11.bigcommerce.com/s-89ffd/products/196330/images/896016/kotobukiya-hmm-zoids-172-iron-kong-schwarz-ver-plastic-model__91843.1771467945.350.350.jpg?c=2
zoid,model_kit,Plaza Japan,retailer,,Kotobukiya HMM Zoids 1/72 EZ-004 FIRE FOX Marking Plus Ver. Plastic Model,79.96,,,USD,New,https://www.plazajapan.com/4934054058389,https://cdn11.bigcommerce.com/s-89ffd/products/136807/images/492278/4934054058389_b80842cf3946ce1f0340fbbc28f1032b__63704.1697607606.350.350.jpg?c=2
zoid,model_kit,Plaza Japan,retailer,,Kotobukiya HMM ZOIDS 1/72 SHADOW FOX MARKING PLUS Ver. Plastic Model,29.47,,,USD,New,https://www.plazajapan.com/4934054050222,https://cdn11.bigcommerce.com/s-89ffd/products/117812/images/411233/4934054050222_c2f192498245db2b1964bfaaa64c75cf__94020.1663052785.350.350.jpg?c=2
zoid,model_kit,Plaza Japan,retailer,,Takara Tomy 1/100 Realize Model Zoids RMZ-015 Saber Tiger Raven Special Tiger Type,47.62,,,USD,New,https://www.plazajapan.com/4904810092537,https://cdn11.bigcommerce.com/s-89ffd/products/209282/images/965004/4904810092537_7086bd78aa8d1c8e314ed0f3e2b6c9c3__07460.1782106390.350.350.jpg?c=2
zoid,model_kit,Plaza Japan,retailer,,Kotobukiya HMM ZOIDS 1/72 RZ-041 Liger Zero Schneider Marking Plus Ver. Plastic Model,44.74,,,USD,New,https://www.plazajapan.com/4934054073733,https://cdn11.bigcommerce.com/s-89ffd/products/170321/images/717532/4934054073733_13492b3cccf132265d2288afe39aa604__83845.1739937567.350.350.jpg?c=2
zoid,model_kit,Plaza Japan,retailer,,Kotobukiya HMM ZOIDS 1/72: RZ-007 Shield Liger - DCS-J Plastic Model,40.35,,,USD,New,https://www.plazajapan.com/4934054073702,https://cdn11.bigcommerce.com/s-89ffd/products/169263/images/714098/kotobukiya-hmm-zoids-172-rz-007-shield-liger-dcs-j-plastic-model__99267.1739869683.350.350.jpg?c=2
zoid,model_kit,Plaza Japan,retailer,,Kotobukiya HMM ZOIDS 1/72 RZ-029 Storm Sworder Plastic Model (Reproduction),50.2,,,USD,New,https://www.plazajapan.com/4934054049721,https://cdn11.bigcommerce.com/s-89ffd/products/116769/images/406956/49340549721_ffb504eedeee333bdd11e72ed90fdd1b__30501.1661847292.350.350.jpg?c=2
zoid,model_kit,Plaza Japan,retailer,,Kotobukiya HMM Zoids 1/72 EZ-015 Iron Kong Marking Plus Ver. Plastic Model,139.58,,,USD,New,https://www.plazajapan.com/4934054045617,https://cdn11.bigcommerce.com/s-89ffd/products/113059/images/388995/4934054045617_3688d53ab50eeea1fb38a4a40faa4dd5__58129.1655193112.350.350.jpg?c=2
zoid,model_kit,Plaza Japan,retailer,,Kotobukiya HMM ZOIDS 1/72 EZ-036 Death Stinger ZS Plastic Model,165.03,,,USD,New,https://www.plazajapan.com/4934054033232,https://cdn11.bigcommerce.com/s-89ffd/products/86057/images/317652/033232-1__03915.1626769900.350.350.jpg?c=2
zoid,model_kit,Plaza Japan,retailer,,Takara Tomy Spider Zoids Spider-Man Special,31.99,,,USD,New,https://www.plazajapan.com/4904810948551,https://cdn11.bigcommerce.com/s-89ffd/products/161132/images/651822/takara-tomy-spider-zoids-spider-man-special__32905.1737464286.350.350.jpg?c=2
zoid,model_kit,Plaza Japan,retailer,,Kotobukiya 1/72 HMM Zoids RZ-041 Liger Zero Panzer Marking Plus Ver. Plastic Model,90.75,,,USD,New,https://www.plazajapan.com/4934054073900,https://cdn11.bigcommerce.com/s-89ffd/products/173125/images/741166/kotobukiya-172-hmm-zoids-rz-041-liger-zero-panzer-marking-plus-ver-plastic-model__00218.1745019868.350.350.jpg?c=2
zoid,model_kit,Plaza Japan,retailer,,Kotobukiya HMM ZOIDS 1/72 Green Horn AB Plastic Model,137.3,,,USD,New,https://www.plazajapan.com/4934054043446,https://cdn11.bigcommerce.com/s-89ffd/products/130008/images/461855/4934054043446_f325cf5e04d5b8f0869ee25f7cb64ddc__33807.1682043912.350.350.jpg?c=2
zoid,model_kit,Plaza Japan,retailer,,Kotobukiya HMM ZOIDS 1/72 RZ-009 Command Wolf AC & LC Marking Plus Ver. Plastic Model,84.58,,,USD,New,https://www.plazajapan.com/4934054063529,https://cdn11.bigcommerce.com/s-89ffd/products/164750/images/623842/kotobukiya-hmm-zoids-172-rz-009-command-wolf-ac-and-lc-marking-plus-ver-plastic-model__16304.1737072250.350.350.jpg?c=2
zoid,model_kit,Plaza Japan,retailer,,Takara Tomy 1/100 RMZ Realize Model ZOIDS Blade Liger Plastic Model,43.61,,,USD,New,https://www.plazajapan.com/4904810918752,https://cdn11.bigcommerce.com/s-89ffd/products/152772/images/662334/takara-tomy-1100-rmz-realize-model-zoids-blade-liger-plastic-model__46738.1737710602.350.350.jpg?c=2
zoid,model_kit,Plaza Japan,retailer,,Kotobukiya HMM ZOIDS RZ-046 SHADOW FOX MARKING PLUS Ver. 1/72 Plastic Model,67.18,,,USD,New,https://www.plazajapan.com/4934054026906,https://cdn11.bigcommerce.com/s-89ffd/products/84295/images/307151/026906-1__48406.1622621344.350.350.jpg?c=2
zoid,model_kit,Plaza Japan,retailer,,Kotobukiya HMM Zoids 1/72 EZ-054 Liger Zero X Plastic Model,85.62,,,USD,New,https://www.plazajapan.com/4934054109180,https://cdn11.bigcommerce.com/s-89ffd/products/95125/images/348400/4934054109180_21bbcec4015c514783ce0a63152364d4__56698.1640067081.350.350.jpg?c=2
zoid,model_kit,Plaza Japan,retailer,,Kotobukiya HMM Zoids 1/72 RZ-030 Gun Sniper W2 Plastic Model,26.53,,,USD,New,https://www.plazajapan.com/4934054026975,https://cdn11.bigcommerce.com/s-89ffd/products/102386/images/529819/4934054062287_b3a5df217172269fb1b9e29f88c31f60__14220.1712725051.350.350.jpg?c=2
zoid,model_kit,Plaza Japan,retailer,,Kotobukiya HMM ZOIDS 1/72 RZ-002 Guysack Plastic Model,53.71,,,USD,New,https://www.plazajapan.com/4934054045655,https://cdn11.bigcommerce.com/s-89ffd/products/142350/images/515332/4934054045655_fe6d1932c2f2d2915bfd64518f49464b__57370.1707442446.350.350.jpg?c=2
zoid,model_kit,Plaza Japan,retailer,,Kotobukiya HMM ZOIDS 1/72 RZ-014 Godos Marking Plus Ver. Plastic Model,32.08,,,USD,New,https://www.plazajapan.com/4934054062300,https://cdn11.bigcommerce.com/s-89ffd/products/163580/images/634590/kotobukiya-hmm-zoids-172-rz-014-godos-marking-plus-ver-plastic-model__84019.1737382596.350.350.jpg?c=2
zoid,model_kit,Plaza Japan,retailer,,Takara Tomy 1/100 RMZ Realize Model ZOIDS Geno Saurer Plastic Model,55.56,,,USD,New,https://www.plazajapan.com/4904810939696,https://cdn11.bigcommerce.com/s-89ffd/products/152773/images/681738/takara-tomy-1100-rmz-realize-model-zoids-geno-saurer-plastic-model__53028.1737741564.350.350.jpg?c=2
zoid,model_kit,Plaza Japan,retailer,,Kotobukiya HMM Series 1/72 EZ-036 Death Stinger Plastic Model (ZOIDS),155.75,,,USD,New,https://www.plazajapan.com/4934054017843,https://cdn11.bigcommerce.com/s-89ffd/products/80243/images/267882/4934054017843_02ca997b23beca128c1ff3dbeabb5220__41670.1598576458.350.350.jpg?c=2
zoid,model_kit,Plaza Japan,retailer,,Zoids Hunter Wolf Tokyo Metropolitan Police Specification,48.83,,,USD,New,https://www.plazajapan.com/4904810919100,https://cdn11.bigcommerce.com/s-89ffd/products/213486/images/987955/takara-tomy-zoids-hunter-wolf-tokyo-metropolitan-police-specification__18689.1784350664.350.350.jpg?c=2
zoid,model_kit,Plaza Japan,retailer,,Kotobukiya Zoids D-Style Shield Liger [Clear Parts Append] Plastic Model,22.23,,,USD,New,https://www.plazajapan.com/4934054086894,https://cdn11.bigcommerce.com/s-89ffd/products/203337/images/923631/kotobukiya-zoids-d-style-shield-liger-clear-parts-append-plastic-model__33403.1776480327.350.350.jpg?c=2
zoid,model_kit,Plaza Japan,retailer,,Kotobukiya ZA001 Zoids ZA Murasame Liger 1/100 Action Figure 4934054106370,75.6,,,USD,New,https://www.plazajapan.com/4934054106370,https://cdn11.bigcommerce.com/s-89ffd/products/11143/images/49248/4934054106370_b__39529.1636591775.350.350.jpg?c=2
zoid,model_kit,Plaza Japan,retailer,,Kotobukiya ZA003 Zoids ZA Hayate Liger 1/100 Action Figure 4934054107414,128.64,,,USD,New,https://www.plazajapan.com/4934054107414,https://cdn11.bigcommerce.com/s-89ffd/products/11144/images/338992/4934054107414_a__65248.1472779127__43476.1636591857.350.350.jpg?c=2
zoid,model_kit,Plaza Japan,retailer,,Kotobukiya ZD043 Zoids DPZ-10 Dark Horn 1/72 Scale Kit,107.76,,,USD,New,https://www.plazajapan.com/4934054103607,https://cdn11.bigcommerce.com/s-89ffd/products/17521/images/63419/4934054103607_1__20846.1479706348.350.350.jpg?c=2
zoid,model_kit,Plaza Japan,retailer,,Kotobukiya ZD061 Zoids RZ-041 Liger Zero Jager 1/72 Scale Kit,117.61,,,USD,New,https://www.plazajapan.com/4934054104420,https://cdn11.bigcommerce.com/s-89ffd/products/19701/images/192494/4934054104420-1__88873.1559024258.350.350.jpg?c=2
zoid,model_kit,Plaza Japan,retailer,,Takara Tomy ZOIDS ZW01 Wild Liger 111955,82.5,,,USD,New,https://www.plazajapan.com/4904810111955,https://cdn11.bigcommerce.com/s-89ffd/products/39404/images/146105/49048101119551__25892.1528700000.350.350.jpg?c=2
zoid,model_kit,Plaza Japan,retailer,,Takara Tomy ZOIDS ZW02 Gilraptor 972013,66.42,,,USD,New,https://www.plazajapan.com/4904810972013,https://cdn11.bigcommerce.com/s-89ffd/products/39405/images/146119/49048109720132__80276.1528700271.350.350.jpg?c=2
zoid,model_kit,Plaza Japan,retailer,,Takara Tomy ZOIDS ZW03 Kabtor 972037,31.99,,,USD,New,https://www.plazajapan.com/4904810972037,https://cdn11.bigcommerce.com/s-89ffd/products/39408/images/146120/49048109720371__65988.1528700336.350.350.jpg?c=2
zoid,model_kit,Plaza Japan,retailer,,Takara Tomy ZOIDS ZW06 Gabrigator 972051,83.35,,,USD,New,https://www.plazajapan.com/4904810972051,https://cdn11.bigcommerce.com/s-89ffd/products/39412/images/146140/49048109720511__37657.1528700879.350.350.jpg?c=2
zoid,model_kit,Plaza Japan,retailer,,Takara Tomy ZOIDS ZW07 Kuwaga 972099,21.01,,,USD,New,https://www.plazajapan.com/4904810972099,https://cdn11.bigcommerce.com/s-89ffd/products/39413/images/570097/4904810972099_7c1faf30e5bfc2356aa1b9d15aa0a38b__40868.1723104677.350.350.jpg?c=2
zoid,model_kit,Plaza Japan,retailer,,Kotobukiya ZD135 Zoids EPZ-003 Great Saber Marking Plus Ver. 1/72 Scale Kit,84.17,,,USD,New,https://www.plazajapan.com/4934054019229,https://cdn11.bigcommerce.com/s-89ffd/products/67951/images/251193/4934054019229_e16d447977e0ff140c5d6300fa1119c1__10011.1588053181.350.350.jpg?c=2
zoid,model_kit,Plaza Japan,retailer,,Kotobukiya HMM ZOIDS 1/72 Liger Zero Schneider Unit Marking Plus Ver. Plastic Model (Released),58.76,,,USD,New,https://www.plazajapan.com/4934054026883,https://cdn11.bigcommerce.com/s-89ffd/products/81612/images/293930/026883-1__50073.1615452651.350.350.jpg?c=2
zoid,model_kit,Plaza Japan,retailer,,Kotobukiya HMM ZOIDS 1/72 RMZ-27 Canon Tortoise Plastic Model,52.51,,,USD,New,https://www.plazajapan.com/4934054025251,https://cdn11.bigcommerce.com/s-89ffd/products/86058/images/318211/025251-1__82857.1627287817.350.350.jpg?c=2
zoid,model_kit,Plaza Japan,retailer,,Kotobukiya HMM ZOIDS 1/35 Fangtiger Plastic Model,99.34,,,USD,New,https://www.plazajapan.com/4934054005109,https://cdn11.bigcommerce.com/s-89ffd/products/86201/images/326358/005109-1__90830.1630481411.350.350.jpg?c=2
zoid,model_kit,Plaza Japan,retailer,,Kotobukiya HMM ZOIDS 1/72 RZ-007 Shield Liger DCS-J Plastic Model,63.42,,,USD,New,https://www.plazajapan.com/4934054014026,https://cdn11.bigcommerce.com/s-89ffd/products/88559/images/297027/4934054014026_9a30c128ec6af374c0a6de466deecc31__56984.1617674972.350.350.jpg?c=2
zoid,model_kit,Plaza Japan,retailer,,Kotobukiya HMM Zoids 1/72 EZ-027 Rev Raptor Plastic Model,58.76,,,USD,New,https://www.plazajapan.com/4934054109357,https://cdn11.bigcommerce.com/s-89ffd/products/90511/images/333047/109357-1__79270.1633663208.350.350.jpg?c=2
zoid,model_kit,Plaza Japan,retailer,,Takara Tomy Zoids Wild Burning Liger,75.6,,,USD,New,https://www.plazajapan.com/4904810156062,https://cdn11.bigcommerce.com/s-89ffd/products/92683/images/341190/156062-1__42016.1637743278.350.350.jpg?c=2
zoid,model_kit,Plaza Japan,retailer,,Kotobukiya HMM Zoids 1/72 EZ-027 Raven Raptor Plastic Model,82.17,,,USD,New,https://www.plazajapan.com/4934054109333,https://cdn11.bigcommerce.com/s-89ffd/products/93752/images/342567/4934054109333_be096dcffce5a9dc377ebe1524de2de9__83263.1638346701.350.350.jpg?c=2
zoid,model_kit,Plaza Japan,retailer,,Kotobukiya HMM ZOIDS 1/72 EZ-035 Lightning Saix Marking Plus Ver. Plastic Model,67.18,,,USD,New,https://www.plazajapan.com/4934054023134,https://cdn11.bigcommerce.com/s-89ffd/products/96303/images/320171/4934054023134_a9826daf3388df4db6f27f5b0a52d098__20349.1627962827.350.350.jpg?c=2
zoid,model_kit,Plaza Japan,retailer,,Kotobukiya HMM Zoids 1/72 RZ-014 Godos Marking Plus Ver. Plastic Model (old),71.39,,,USD,New,https://www.plazajapan.com/4934054035618,https://cdn11.bigcommerce.com/s-89ffd/products/98829/images/352962/4934054035618_ec81b3fcab301a0825413b5ca9af8cd3__58706.1642478192.350.350.jpg?c=2
zoid,model_kit,Plaza Japan,retailer,,Kotobukiya HMM Zoids 1/72 EZ-017 Iguan Marking Plus Ver. Plastic Model,54.21,,,USD,New,https://www.plazajapan.com/4934054039081,https://cdn11.bigcommerce.com/s-89ffd/products/100500/images/375908/4934054039081_a8d8d8a5dcb912aa62c620ffefbf67ad__91951.1650873287.350.350.jpg?c=2
zoid,model_kit,Plaza Japan,retailer,,Kotobukiya HMM Zoids 1/72 RZ-007 Shield Liger Marking Plus Ver. Plastic Model,98.35,,,USD,New,https://www.plazajapan.com/4934054039111,https://cdn11.bigcommerce.com/s-89ffd/products/105159/images/385149/4934054039111_065f43dd051661925c793b078f84e79a__15969.1653622413.350.350.jpg?c=2
zoid,model_kit,Plaza Japan,retailer,,Kotobukiya HMM ZOIDS 1/72 EZ-005 Redler Guylos Empire Type Plastic Model,60.45,,,USD,New,https://www.plazajapan.com/4934054027514,https://cdn11.bigcommerce.com/s-89ffd/products/117807/images/411172/4934054027514_55d2ffdebb8883d11aa222a66393f68d__44799.1663051380.350.350.jpg?c=2
zoid,model_kit,Plaza Japan,retailer,,Kotobukiya HMM ZOIDS 1/72 EHI-7 Reddra Zenebas Empire Type Plastic Model,65.01,,,USD,New,https://www.plazajapan.com/4934054027507,https://cdn11.bigcommerce.com/s-89ffd/products/117809/images/453424/4934054027507_e0124cd9793be42bfa0319a34886ce87__17683.1678332585.350.350.jpg?c=2
zoid,model_kit,Plaza Japan,retailer,,Kotobukiya HMM Zoids 1/72 Iron Kong Prozen Knights Plastic Model,201.88,,,USD,New,https://www.plazajapan.com/4934054050062,https://cdn11.bigcommerce.com/s-89ffd/products/118956/images/416655/4934054050062_4504a67cfe275163e70399eaf4934a7c__70223.1665039006.350.350.jpg?c=2
zoid,model_kit,Plaza Japan,retailer,,Takara Tomy Zoids 1/72 AZ Molga Plastic Model,49.08,,,USD,New,https://www.plazajapan.com/4904810945673,https://cdn11.bigcommerce.com/s-89ffd/products/155317/images/664073/takara-tomy-zoids-172-az-molga-plastic-model__79338.1737713273.350.350.jpg?c=2
zoid,model_kit,Plaza Japan,retailer,,Kotobukiya HMM ZOIDS 1/72 DPZ-10 Dark Horn Marking Plus Ver. Plastic Model,117.02,,,USD,New,https://www.plazajapan.com/4934054063550,https://cdn11.bigcommerce.com/s-89ffd/products/163566/images/634499/kotobukiya-hmm-zoids-172-dpz-10-dark-horn-marking-plus-ver-plastic-model__75538.1737382418.350.350.jpg?c=2
zoid,model_kit,Plaza Japan,retailer,,Kotobukiya HMM ZOIDS 1/72 EHI-7 Redler Zenebus Empire Ver. Plastic Model,35.64,,,USD,New,https://www.plazajapan.com/4934054067336,https://cdn11.bigcommerce.com/s-89ffd/products/163578/images/634587/kotobukiya-hmm-zoids-172-ehi-7-redler-zenebus-empire-ver-plastic-model__82587.1737382593.350.350.jpg?c=2
zoid,model_kit,Plaza Japan,retailer,,Kotobukiya HMM ZOIDS 1/72 EZ-005 Redler Guyros Empire Ver. Plastic Model,35.64,,,USD,New,https://www.plazajapan.com/4934054067343,https://cdn11.bigcommerce.com/s-89ffd/products/163579/images/634103/kotobukiya-hmm-zoids-172-ez-005-redler-guyros-empire-ver-plastic-model__00712.1737381757.350.350.jpg?c=2
zoid,model_kit,Plaza Japan,retailer,,Kotobukiya HMM ZOIDS 1/72 LIGER ZERO JAGER UNIT MARKING PLUS Version Plastic Model,20.74,,,USD,New,https://www.plazajapan.com/4934054073719,https://cdn11.bigcommerce.com/s-89ffd/products/169283/images/718602/4934054073719_731b071386d2bc3cc64eabbf24594166__86689.1740462818.350.350.jpg?c=2
zoid,model_kit,Plaza Japan,retailer,,Takara Tomy Zoids AZ-06 Liger Zero Phoenix,159.79,,,USD,New,https://www.plazajapan.com/4904810918844,https://cdn11.bigcommerce.com/s-89ffd/products/169454/images/715971/takara-tomy-zoids-az-06-liger-zero-phoenix__98875.1739872698.350.350.jpg?c=2
zoid,model_kit,Plaza Japan,retailer,,Kotobukiya HMM ZOIDS 1/72 Liger Zero Schneider Unit Marking Plus Ver. Plastic Model,20.74,,,USD,New,https://www.plazajapan.com/4934054073726,https://cdn11.bigcommerce.com/s-89ffd/products/170337/images/717573/4934054073726_1e8fcec2bef1d1292f3fb6892d3dc5df__72009.1739940989.350.350.jpg?c=2
zoid,model_kit,Plaza Japan,retailer,,Kotobukiya HMM Zoids RZ-045 Salamander 1/72 Plastic Model,264.35,,,USD,New,https://www.plazajapan.com/4934054047789,https://cdn11.bigcommerce.com/s-89ffd/products/181199/images/803535/kotobukiya-hmm-zoids-rz-045-salamander-172-plastic-model__94341.1755491825.350.350.jpg?c=2
zoid,model_kit,Plaza Japan,retailer,,Takara Tomy Zoids Cannontoise,30.2,,,USD,New,https://www.plazajapan.com/4904810973126,https://cdn11.bigcommerce.com/s-89ffd/products/186274/images/826797/4904810973126-1__44712.1759737242.350.350.jpg?c=2
zoid,model_kit,Plaza Japan,retailer,,Kotobukiya 1/72 Zoids GUN SNIPER Leena Special 2001 Re/color Plastic Model,33.83,,,USD,New,https://www.plazajapan.com/4934054081394,https://cdn11.bigcommerce.com/s-89ffd/products/189469/images/852233/kotobukiya-172-zoids-gun-sniper-leena-special-2001-recolor-plastic-model__88967.1763451195.350.350.jpg?c=2
zoid,model_kit,Plaza Japan,retailer,,Takara Tomy Zoids AZ-14 Liger Zero Ixis Plastic Model,109.44,,,USD,New,https://www.plazajapan.com/4904810096832,https://cdn11.bigcommerce.com/s-89ffd/products/196907/images/892241/takara-tomy-zoids-az-14-liger-zero-ixis-plastic-model__04624.1771462015.350.350.jpg?c=2
zoid,model_kit,Plaza Japan,retailer,,Takara Tomy ZOIDS Wild Liger Zinogre Plastic Model,49.87,,,USD,New,https://www.plazajapan.com/4904810083719,https://cdn11.bigcommerce.com/s-89ffd/products/213798/images/989537/takara-tomy-zoids-wild-liger-zinogre-plastic-model__26061.1784353147.350.350.jpg?c=2
zoid,model_kit,Plaza Japan,retailer,,Takara Tomy Zoids Fangriffon Plastic Model,55.53,,,USD,New,https://www.plazajapan.com/4904810095651,https://cdn11.bigcommerce.com/s-89ffd/products/216842/images/1004072/takara-tomy-zoids-fangriffon-plastic-model__87905.1787031262.350.350.jpg?c=2
zoid,model_kit,Plaza Japan,retailer,,Takara Tomy ZW10 Zoids Wild Knuckle Kong,34.5,,,USD,New,https://www.plazajapan.com/4904810972075,https://cdn11.bigcommerce.com/s-89ffd/products/58859/images/193727/4904810972075_5c469f4a08717fd02c4d3dd4c44959cc__88338.1559299631.350.350.jpg?c=2
zoid,model_kit,Plaza Japan,retailer,,Takara Tomy ZW44 Zoids Wild Zero Grizis,166.69,,,USD,New,https://www.plazajapan.com/4904810140955,https://cdn11.bigcommerce.com/s-89ffd/products/92682/images/307889/4904810140955_98ea50e9a5c9b06c07a461eaa0ef091a__58272.1622778052.350.350.jpg?c=2
zoid,model_kit,Plaza Japan,retailer,,Takara Tomy ZW53 Zoids Wild Core Drive Weapon Ignition Booster,10.36,,,USD,New,https://www.plazajapan.com/4904810154037,https://cdn11.bigcommerce.com/s-89ffd/products/92685/images/307904/4904810154037_38d6458385a8a9ca5d0125158eb15a90__60876.1622778147.350.350.jpg?c=2
zoid,model_kit,Plaza Japan,retailer,,Takara Tomy ZW55 Zoids Wild Xeno Rex Scissors XA,80.82,,,USD,New,https://www.plazajapan.com/4904810153917,https://cdn11.bigcommerce.com/s-89ffd/products/92687/images/307908/4904810153917_597a2c3be831d77e157962521e6026d9__80650.1622778183.350.350.jpg?c=2
zoid,model_kit,Plaza Japan,retailer,,Takara Tomy ZW56 Zoids Wild Core Drive Weapon Twin Pile Bunker,11.07,,,USD,New,https://www.plazajapan.com/4904810154044,https://cdn11.bigcommerce.com/s-89ffd/products/92688/images/307915/4904810154044_8b053282bec068e24d92a71d8744ce68__64120.1622778201.350.350.jpg?c=2
zoid,model_kit,Plaza Japan,retailer,,Takara Tomy ZW57 Zoids Wild Xeno Evolution Arms Buster Unit,24.25,,,USD,New,https://www.plazajapan.com/4904810165613,https://cdn11.bigcommerce.com/s-89ffd/products/92689/images/307917/4904810165613_c5126215d39e04227ca6a5cdc22a1fab__44131.1622778232.350.350.jpg?c=2
zoid,model_kit,Plaza Japan,retailer,,Takara Tomy 1/72 ZOIDS AZ-02 LIGER ZERO,142.95,,,USD,New,https://www.plazajapan.com/4904810227557,https://cdn11.bigcommerce.com/s-89ffd/products/126767/images/447750/4904810227557_39d1a1481a173689c89a3a0214e58966__96493.1675906267.350.350.jpg?c=2
zoid,model_kit,Plaza Japan,retailer,,Takara Tomy 1/72 ZOIDS AZ-01 Blade Liger,87.25,,,USD,New,https://www.plazajapan.com/4904810227540,https://cdn11.bigcommerce.com/s-89ffd/products/136333/images/490503/4904810227540_06de4b147759de916a8b10cb018c0542__80637.1696495785.350.350.jpg?c=2
zoid,model_kit,Plaza Japan,retailer,,Takara Tomy Spider Zoids Black Spider-Man Special,31.99,,,USD,New,https://www.plazajapan.com/4904810955962,https://cdn11.bigcommerce.com/s-89ffd/products/161133/images/638275/takara-tomy-spider-zoids-black-spider-man-special__00376.1737442964.350.350.jpg?c=2
zoid,model_kit,Plaza Japan,retailer,,Kotobukiya 1/72  HMM Zoids Liger Zero Exclusive Panzer Unit Marking Plus Ver. Plastic Model,22.92,,,USD,New,https://www.plazajapan.com/4934054073757,https://cdn11.bigcommerce.com/s-89ffd/products/173126/images/741841/kotobukiya-172-hmm-zoids-liger-zero-exclusive-panzer-unit-marking-plus-ver-plastic-model__85350.1745020996.350.350.jpg?c=2
zoid,model_kit,Plaza Japan,retailer,,Kotobukiya 1/72 HMM Zoids EZ-054 Liger Zero X Plastic Model,83.81,,,USD,New,https://www.plazajapan.com/4934054073924,https://cdn11.bigcommerce.com/s-89ffd/products/175159/images/748700/4934054073924_240054ce4f23bf61223fa3c2247a74ef__51889.1746088571.350.350.jpg?c=2
zoid,model_kit,Plaza Japan,retailer,,Kotobukiya 1/72 HMM Zoids RZ-013 Cannon Tortoise Marking Plus Ver. Plastic Model,54.05,,,USD,New,https://www.plazajapan.com/4934054070589,https://cdn11.bigcommerce.com/s-89ffd/products/175160/images/748669/4934054070589_4cc9b209d7bb8ce1e0494c33b8ca7a35__25837.1746088501.350.350.jpg?c=2
zoid,model_kit,Plaza Japan,retailer,,Takara Tomy 1/72 Zoids AZ-13 Canory Molga Insect Type Plastic Model,39.18,,,USD,New,https://www.plazajapan.com/4904810096849,https://cdn11.bigcommerce.com/s-89ffd/products/209215/images/964859/4904810096849_0dd0fbe78f6eb79a6b3bf7a9f296ebde__78980.1781851641.350.350.jpg?c=2
zoid,model_kit,Plaza Japan,retailer,,Takara Tomy Realize Model ZOIDS RMZ-004 Hell Cat Guylos Color,27.36,,,USD,New,https://www.plazajapan.com/4904810939702,https://cdn11.bigcommerce.com/s-89ffd/products/161134/images/653173/takara-tomy-realize-rmz-004-hell-cat-guylos-color__04771.1737466444.350.350.jpg?c=2
zoid,model_kit,Plaza Japan,retailer,,Takara Tomy Realize Model ZOIDS RMZ-005 Molga Guylos Color,22.48,,,USD,New,https://www.plazajapan.com/4904810939733,https://cdn11.bigcommerce.com/s-89ffd/products/161135/images/656451/takara-tomy-realize-rmz-005-molga-guylos-color__59683.1737471708.350.350.jpg?c=2
zoid,model_kit,Plaza Japan,retailer,,Takara Tomy T-Spark Zoids AZ-16 Liger Zero Jaeger Pre Colored Plastic Kit,107.68,,,USD,New,https://www.plazajapan.com/4904810073772,https://cdn11.bigcommerce.com/s-89ffd/products/204619/images/938925/takara-tomy-t-spark-zoids-az-16-liger-zero-jaeger-pre-colored-plastic-kit__39034.1779076354.350.350.jpg?c=2
zoid,model_kit,Plaza Japan,retailer,,1/100 Realize Model Zoids RMZ-017 Command Wolf Urban Warfare Special Wolf Type,43.19,,,USD,New,https://www.plazajapan.com/4904810918776,https://cdn11.bigcommerce.com/s-89ffd/products/209552/images/966472/4904810918776_6748317ede83707a6f355814a2fd3290__01486.1782370254.350.350.jpg?c=2
zoid,model_kit,Plaza Japan,retailer,,Takara Tomy Monster Hunter x Zoids Gatling Fox Mitsune,47.15,,,USD,New,https://www.plazajapan.com/4904810995203,https://cdn11.bigcommerce.com/s-89ffd/products/174542/images/745630/4904810995203_6a8653eb5a57269a44c257f6246bf920__40558.1745388023.350.350.jpg?c=2
zoid,model_kit,Plaza Japan,retailer,,Takara Tomy Monster Hunter x Zoids Knuckle Kong Rajang,27.53,,,USD,New,https://www.plazajapan.com/4904810995197,https://cdn11.bigcommerce.com/s-89ffd/products/174543/images/745639/4904810995197_893e31a471c772095c38d74050e48b46__76712.1745388112.350.350.jpg?c=2
zoid,model_kit,Plaza Japan,retailer,,Takara Tomy Murasame Liger Plastic Model(Zoids),99.85,,,USD,New,https://www.plazajapan.com/4904810227564,https://cdn11.bigcommerce.com/s-89ffd/products/132160/images/471086/4904810227564_98c5d56568152aaf6392a6764f2ce834__83839.1686801010.350.350.jpg?c=2
zoid,model_kit,Plaza Japan,retailer,,Takara Tomy 1/100 Realize Model ZOIDS RMZ-007 Trinity Liger Figure,37.02,,,USD,New,https://www.plazajapan.com/4904810939689,https://cdn11.bigcommerce.com/s-89ffd/products/167619/images/622063/takara-tomy-1100-scale-realize-rmz-007-trinity-liger-figure__35145.1737069379.350.350.jpg?c=2
zoid,model_kit,Plaza Japan,retailer,,Takara Tomy 1/100 Realize Model ZOIDS RMZ-008 Command Wolf Irvine Special Plastic Model,44.0,,,USD,New,https://www.plazajapan.com/4904810938866,https://cdn11.bigcommerce.com/s-89ffd/products/170426/images/718123/4904810938866_3692768eb566751e46b9a78c5e7018a0__99623.1740032176.350.350.jpg?c=2
zoid,model_kit,Plaza Japan,retailer,,Takara Tomy 1/100 Realize Model ZOIDS RMZ-019 Hellcat And Morga Zenevas Color Set Plastic Model,47.82,,,USD,New,https://www.plazajapan.com/4904810073987,https://cdn11.bigcommerce.com/s-89ffd/products/196915/images/894065/takara-tomy-1100-realize-model-zoids-rmz-019-hellcat-and-morga-zenevas-color-set-plastic-model__01045.1771464882.350.350.jpg?c=2
zoid,model_kit,Plaza Japan,retailer,,Takara Tomy 1/100 Realize Model ZOIDS RMZ-020 Zabat Plastic Model,31.93,,,USD,New,https://www.plazajapan.com/4904810086895,https://cdn11.bigcommerce.com/s-89ffd/products/196918/images/894827/takara-tomy-1100-realize-model-zoids-rmz-020-zabat-plastic-model__62410.1771466051.350.350.jpg?c=2
zoid,model_kit,Plaza Japan,retailer,,Takara Tomy T-Spark Realize Model Zoids RMZ-022 Murasame Liger Color-Separated Plastic Model Kit,52.45,,,USD,New,https://www.plazajapan.com/4904810092575,https://cdn11.bigcommerce.com/s-89ffd/products/204618/images/939149/takara-tomy-t-spark-realize-model-zoids-rmz-022-murasame-liger-color-separated-plastic-model-kit__96398.1779076639.350.350.jpg?c=2
zoid,model_kit,Plaza Japan,retailer,,Takara Tomy T-Spark Realize Model Zoids RMZ-021 Shield Liger Mark II 1/100 Scale Pre-Colored Plastic Model Kit,53.17,,,USD,New,https://www.plazajapan.com/4904810918790,https://cdn11.bigcommerce.com/s-89ffd/products/205550/images/936814/4904810918790_35bf0ac979bf4197ca635fd5fecabbda__96440.1779064809.350.350.jpg?c=2
zoid,model_kit,Plaza Japan,retailer,,Takara Tomy T-Spark Realize Model Zoids RMZ-012 Hellcat Tirol 1/100 Scale Color-Separated Plastic Model Kit,30.61,,,USD,New,https://www.plazajapan.com/4904810954385,https://cdn11.bigcommerce.com/s-89ffd/products/205608/images/937290/4904810954385_bd7c5da59bb285dcf06d4e595ae2976e__96741.1779068465.350.350.jpg?c=2
zoid,model_kit,Plaza Japan,retailer,,Takara Tomy 1/100 Realize Model Zoids RMZ-014 Red Horn Guylos Color Styracosaurus Type,44.85,,,USD,New,https://www.plazajapan.com/4904810939740,https://cdn11.bigcommerce.com/s-89ffd/products/209298/images/965110/4904810939740_1c571e6fec7192b5932aca398cdc8ca4__43248.1782187450.350.350.jpg?c=2
zoid,model_kit,Plaza Japan,retailer,,Takara Tomy T Spark Realize Model Zoids RMZ-013 Shield Liger Van Version Precolored,54.18,,,USD,New,https://www.plazajapan.com/4904810995524,https://cdn11.bigcommerce.com/s-89ffd/products/213581/images/987842/takara-tomy-t-spark-realize-model-zoids-rmz-013-shield-liger-van-version-precolored__18854.1784350461.350.350.jpg?c=2
zoid,model_kit,Plaza Japan,retailer,,Takara Tomy SYNERGENEX MONSTER HUNTER X ZOIDS WILD LIGER STYGIAN ZINOGRE PLASTIC MODEL,49.87,,,USD,New,https://www.plazajapan.com/4904810070979,https://cdn11.bigcommerce.com/s-89ffd/products/213712/images/990199/takara-tomy-synergenex-monster-hunter-x-zoids-wild-liger-stygian-zinogre-plastic-model__86907.1784354264.350.350.jpg?c=2
zoid,model_kit,Plaza Japan,retailer,,Takara Tomy T-Spark Realize Model Zoids RMZ-025 Liger Zero Falcon (ZBF) Plastic Model,69.73,,,USD,New,https://www.plazajapan.com/4904810092551,https://cdn11.bigcommerce.com/s-89ffd/products/216717/images/1008320/takara-tomy-t-spark-realize-model-zoids-rmz-025-liger-zero-falcon-zbf-plastic-model__43045.1787037826.350.350.jpg?c=2
zoid,model_kit,Plaza Japan,retailer,,Bandai Chogokin RZ-041 Liger Zero Figure (ZOIDS),275.04,,,USD,New,https://www.plazajapan.com/4573102640734,https://cdn11.bigcommerce.com/s-89ffd/products/123141/images/430887/4573102640734_930b100fb236685bb724d102e83e84cc__28319.1669107622.350.350.jpg?c=2
zoid,model_kit,Plaza Japan,retailer,,Takara Tomy 1/100 RMZ-003 Realize Model ZOIDS Command Wolf Plastic Model,26.94,,,USD,New,https://www.plazajapan.com/4904810918769,https://cdn11.bigcommerce.com/s-89ffd/products/156052/images/650302/takara-tomy-1100-rmz-003-realize-model-zoids-command-wolf-plastic-model__11292.1737461864.350.350.jpg?c=2
zoid,model_kit,Plaza Japan,retailer,,Kotobukiya HMM Series 1/72 EZ-004 RED HORN Marking Plus Ver. Plastic Model (ZOIDS),92.61,,,USD,New,https://www.plazajapan.com/4934054056910,https://cdn11.bigcommerce.com/s-89ffd/products/135013/images/484770/4934054056910_359a0a3dc030beb659c23e9e6c6a5cf4__96404.1693964223.350.350.jpg?c=2
zoid,other,Plaza Japan,retailer,,Kotobukiya ZA004 Zoids ZA Mugen Liger 1/100 Scale Action Figure,45.27,,,USD,New,https://www.plazajapan.com/4934054107728,https://cdn11.bigcommerce.com/s-89ffd/products/11145/images/338993/ZA004_a__61951.1473069451__77029.1636591913.350.350.jpg?c=2
zoid,model_kit,Plaza Japan,retailer,,Kotobukiya ZD037 Zoids EPZ-003 Great Saber 1/72 Scale Kit,37.95,,,USD,New,https://www.plazajapan.com/4934054103249,https://cdn11.bigcommerce.com/s-89ffd/products/11146/images/338994/blob__93661.1473215125__91265.1636591970.350.350.png?c=2
zoid,model_kit,Plaza Japan,retailer,,Kotobukiya ZD042 Zoids RZ-041 Liger Zero 1/72 Scale Kit,32.38,,,USD,New,https://www.plazajapan.com/4934054103515,https://cdn11.bigcommerce.com/s-89ffd/products/11147/images/338995/blob__57606.1473215259__32605.1636592039.350.350.png?c=2
zoid,model_kit,Plaza Japan,retailer,,Kotobukiya ZD048 Zoids RZ-010 Pteras Bomber Jamie Custom 1/72 Scale Kit,25.13,,,USD,New,https://www.plazajapan.com/4934054103966,https://cdn11.bigcommerce.com/s-89ffd/products/11148/images/338996/blob__09367.1473215384.1280.1280__77606.1510213587__75168.1636592115.350.350.png?c=2
zoid,model_kit,Plaza Japan,retailer,,Kotobukiya ZD052 Zoids RZ-014 Godos 1/72 Scale Kit,23.44,,,USD,New,https://www.plazajapan.com/4934054104130,https://cdn11.bigcommerce.com/s-89ffd/products/11149/images/338997/blob__46682.1473215527__92304.1510558521__00030.1636592241.350.350.png?c=2
zoid,model_kit,Plaza Japan,retailer,,Kotobukiya ZD054 Zoids Schnider Unit for Liger Zero 1/72 Scale Kit,15.61,,,USD,New,https://www.plazajapan.com/4934054104222,https://cdn11.bigcommerce.com/s-89ffd/products/11150/images/115209/blob__20587.1473215630__32125.1510209792.350.350.png?c=2
zoid,model_kit,Plaza Japan,retailer,,Kotobukiya ZD062 Zoids EZ-049 Berserk Fuhrer 1/72 Scale Kit,153.81,,,USD,New,https://www.plazajapan.com/4934054104437,https://cdn11.bigcommerce.com/s-89ffd/products/11151/images/179076/blob__44558.1473215804__71495.1552301857.350.350.jpg?c=2
zoid,model_kit,Plaza Japan,retailer,,Kotobukiya ZD063 Zoids RZ-041 Ligar Zero Panzer 1/72 Scale Kit,40.8,,,USD,New,https://www.plazajapan.com/4934054104451,https://cdn11.bigcommerce.com/s-89ffd/products/11152/images/338998/4934054104451-1__95497.1559024482__86555.1636592308.350.350.png?c=2
zoid,model_kit,Plaza Japan,retailer,,Kotobukiya HMM ZOIDS 1/72 Liger Zero Jager Unit Plastic Model,16.77,,,USD,New,https://www.plazajapan.com/4934054104574,https://cdn11.bigcommerce.com/s-89ffd/products/11153/images/338999/ZD066_a__05010.1484734091__91445.1636592368.350.350.jpg?c=2
zoid,model_kit,Plaza Japan,retailer,,Kotobukiya ZD070 Zoids RZ-046 Shadow Fox 1/72 Scale Kit,29.92,,,USD,New,https://www.plazajapan.com/4934054104871,https://cdn11.bigcommerce.com/s-89ffd/products/11154/images/339000/zd070_a__22515.1472627340__68358.1636592436.350.350.jpg?c=2
zoid,model_kit,Plaza Japan,retailer,,Kotobukiya ZD076 ZOIDS EZ-034 GENO BREAKER RAVEN Version 1/72 Scale Kit,51.35,,,USD,New,https://www.plazajapan.com/4934054105281,https://cdn11.bigcommerce.com/s-89ffd/products/11155/images/339001/blob__92511.1473219707__92226.1636592492.350.350.png?c=2
zoid,model_kit,Plaza Japan,retailer,,Kotobukiya ZD097 Zoids RHI-3 Command Wolf Repackage Version HMM 1/72 Scale Kit,26.81,,,USD,New,https://www.plazajapan.com/4934054107551,https://cdn11.bigcommerce.com/s-89ffd/products/11156/images/339002/blob__02570.1473216401.1280.1280__86818.1510214789__34530.1636592554.350.350.png?c=2
zoid,model_kit,Plaza Japan,retailer,,Kotobukiya ZD067 Zoids Panzer Unit for Liger Zero 1/72 Scale Kit,17.87,,,USD,New,https://www.plazajapan.com/4934054104581,https://cdn11.bigcommerce.com/s-89ffd/products/11157/images/339003/blob__46851.1473216093.1280.1280__02872.1510215935__38930.1636592609.350.350.png?c=2
zoid,model_kit,Plaza Japan,retailer,,Kotobukiya ZD044 Zoids Gun Sniper Leena Special 1/72 Scale Kit,25.13,,,USD,New,https://www.plazajapan.com/4934054103768,https://cdn11.bigcommerce.com/s-89ffd/products/14805/images/54045/2__58346.1474438677.350.350.jpg?c=2
zoid,model_kit,Plaza Japan,retailer,,Kotobukiya ZD036 Zoids EZ-035 Lightning Saix 1/72 Scale Kit,87.95,,,USD,New,https://www.plazajapan.com/4934054103133,https://cdn11.bigcommerce.com/s-89ffd/products/15156/images/68873/ZD036_a__54390.1484305423.350.350.jpg?c=2
zoid,model_kit,Plaza Japan,retailer,,Kotobukiya ZD086 Zoids EZ-036 Death Stinger 1/72 Scale Kit,217.21,,,USD,New,https://www.plazajapan.com/4934054106462,https://cdn11.bigcommerce.com/s-89ffd/products/17668/images/115724/ZD086_a__12640.1483699708.1280.1280__01140.1744268786.350.350.jpg?c=2
zoid,model_kit,Plaza Japan,retailer,,Kotobukiya 102747 ZD026 ZOIDS EMZ-15 Molga AA & Molga Carrier 1/72 Scale Kit,342.79,,,USD,New,https://www.plazajapan.com/4934054102747,https://cdn11.bigcommerce.com/s-89ffd/products/18633/images/114881/ZD026_a__61126.1485434772.1280.1280__29949.1510140573.350.350.jpg?c=2
zoid,model_kit,Plaza Japan,retailer,,Kotobukiya ZD094 Zoids HMM Customize Parts Beam Gatling Set 1/72 Scale Model Kit,12.82,,,USD,New,https://www.plazajapan.com/4934054107384,https://cdn11.bigcommerce.com/s-89ffd/products/24697/images/99816/ZD094_a__74373.1498900791.350.350.jpg?c=2
zoid,model_kit,Plaza Japan,retailer,,Kotobukiya ZD025 Zoids RZ-013 Buster Tortoise 1/72 Scale Model Kit,263.55,,,USD,New,https://www.plazajapan.com/4934054102631,https://cdn11.bigcommerce.com/s-89ffd/products/28353/images/121383/4934054102631-1__06153.1516344998.350.350.jpg?c=2
zoid,model_kit,Plaza Japan,retailer,,Kotobukiya ZD030 Zoids EZ-004 Red Horn 1/72 Scale Model Kit,37.95,,,USD,New,https://www.plazajapan.com/4934054102785,https://cdn11.bigcommerce.com/s-89ffd/products/28354/images/121389/4934054102785-1__78897.1516345257.350.350.jpg?c=2
zoid,model_kit,Plaza Japan,retailer,,Kotobukiya ZD11 Zoids EMZ-15 Molga and Molga with Canory Unit 1/72 Scale Model Kit,79.98,,,USD,New,https://www.plazajapan.com/4934054101641,https://cdn11.bigcommerce.com/s-89ffd/products/28355/images/121396/4934054101641-1__99757.1516345655.350.350.jpg?c=2
zoid,model_kit,Plaza Japan,retailer,,Kotobukiya ZD105 Zoids HMM Sturm Unit for EZ-049 Berserk Fuhrer 1/72 Scale Kit,36.52,,,USD,New,https://www.plazajapan.com/4934054109159,https://cdn11.bigcommerce.com/s-89ffd/products/33522/images/128903/4934054109159-1__93850.1519808296.350.350.jpg?c=2
zoid,model_kit,Plaza Japan,retailer,,Takara Tomy ZOIDS ZW04 Scorpear 972044,37.8,,,USD,New,https://www.plazajapan.com/4904810972044,https://cdn11.bigcommerce.com/s-89ffd/products/39409/images/146126/49048109720441__52798.1528700418.350.350.jpg?c=2
zoid,other,Plaza Japan,retailer,,Ensky Jigsaw Puzzle 108-L719 Anime Zoids Wild (108 L-Pieces),9.52,,,USD,New,https://www.plazajapan.com/4970381199753,https://cdn11.bigcommerce.com/s-89ffd/products/47997/images/158936/4970381199753-1__80822.1533869586.350.350.jpg?c=2
zoid,model_kit,Plaza Japan,retailer,,Takara Tomy ZW14 Zoids Wild Stegosage,58.09,,,USD,New,https://www.plazajapan.com/4904810972068,https://cdn11.bigcommerce.com/s-89ffd/products/58866/images/272591/672068-1__75655.1601281750.350.350.jpg?c=2
zoid,model_kit,Plaza Japan,retailer,,Kotobukiya ZD130 Zoids RMZ-11 Godos Former Republic Ver. 1/72 Scale Kit,84.17,,,USD,New,https://www.plazajapan.com/4934054014040,https://cdn11.bigcommerce.com/s-89ffd/products/63731/images/232697/4934054014040_922920bafaec68e45ab5a397df278b1b__32052.1579849577.350.350.jpg?c=2
zoid,model_kit,Plaza Japan,retailer,,Kotobukiya ZD136 Zoids EZ-015 Iron Kong Yeti 1/72 Scale Kit,95.07,,,USD,New,https://www.plazajapan.com/4934054019489,https://cdn11.bigcommerce.com/s-89ffd/products/69860/images/259640/4934054019489_5ecb5573388e0361d1e57e83a9e4eb95__79191.1593415106.350.350.jpg?c=2
zoid,model_kit,Plaza Japan,retailer,,Kotobukiya ZD025R Zoids Buster Tortoise 1/72 Scale Model Kit,22.6,,,USD,New,https://www.plazajapan.com/4934054025244,https://cdn11.bigcommerce.com/s-89ffd/products/69971/images/233914/4934054025244_57aaba2d03ddb4022a7c3171fbd531ce__16440.1580960156.350.350.jpg?c=2
zoid,model_kit,Plaza Japan,retailer,,Kotobukiya HMM ZOIDS 1/72 RBOZ-006 Dibison Marking Plus Ver. Plastic Model,60.03,,,USD,New,https://www.plazajapan.com/4934054023073,https://cdn11.bigcommerce.com/s-89ffd/products/70413/images/282089/023073-1__11897.1606811485.350.350.jpg?c=2
zoid,model_kit,Plaza Japan,retailer,,Kotobukiya ZD079R Zoids EZ-017 Iguan 1/72 Scale Kit,24.93,,,USD,New,https://www.plazajapan.com/4934054026937,https://cdn11.bigcommerce.com/s-89ffd/products/70646/images/276641/026937-1__24844.1603437249.350.350.jpg?c=2
zoid,model_kit,Plaza Japan,retailer,,Kotobukiya ZD100R Zoids Customized Parts Gojulas Cannon Set 1/72 Scale Kit,28.49,,,USD,New,https://www.plazajapan.com/4934054026920,https://cdn11.bigcommerce.com/s-89ffd/products/70647/images/237646/4934054026920_f9052e9228c29aa4809f9d019d0ba580__02726.1584431092.350.350.jpg?c=2
zoid,model_kit,Plaza Japan,retailer,,Kotobukiya ZD115 Zoids Wild Liger 1/35 Scale Kit,52.26,,,USD,New,https://www.plazajapan.com/4934054004508,https://cdn11.bigcommerce.com/s-89ffd/products/71157/images/291515/004508-1__91510.1614153909.350.350.jpg?c=2
zoid,model_kit,Plaza Japan,retailer,,Kotobukiya HMM ZOIDS 1/72 RZ-010 Pteras Bomber Marking Plus Ver. Plastic Model,28.49,,,USD,New,https://www.plazajapan.com/4934054023141,https://cdn11.bigcommerce.com/s-89ffd/products/78806/images/498145/4934054023141_6b1e8964ffac3e93d7238fac005e95c9__24970.1700114644.350.350.jpg?c=2
zoid,model_kit,Plaza Japan,retailer,,Kotobukiya ZD030R Zoids EZ-004 Red Horn 1/72 Plastic Model,67.35,,,USD,New,https://www.plazajapan.com/4934054030743,https://cdn11.bigcommerce.com/s-89ffd/products/79536/images/281930/030743-1__10915.1606464785.350.350.jpg?c=2
zoid,model_kit,Plaza Japan,retailer,,Good Smile Company HAGANE WORKS Blade Liger 1/72 Figure (Zoids),156.46,,,USD,New,https://www.plazajapan.com/4580590121720,https://cdn11.bigcommerce.com/s-89ffd/products/79549/images/263252/4580590121720_dbf30e00655feadefe883d6ebe4800eb__28276.1595844313.350.350.jpg?c=2
zoid,model_kit,Plaza Japan,retailer,,Kotobukiya HMM ZOIDS 1/72 Customize Parts Beam Gatling Set Plastic Model,12.56,,,USD,New,https://www.plazajapan.com/4934054017836,https://cdn11.bigcommerce.com/s-89ffd/products/81606/images/273236/4934054017836_9c751c021e1373547c3fcd84219344b2__34586.1601604642.350.350.jpg?c=2
zoid,model_kit,Plaza Japan,retailer,,Kotobukiya HMM ZOIDS 1/72 RZ-041 Liger Zero Jager Marking Plus Ver. Plastic Model (Released),44.18,,,USD,New,https://www.plazajapan.com/4934054012947,https://cdn11.bigcommerce.com/s-89ffd/products/81607/images/273244/4934054012947_4b8aa5f6bf8d2840cdb92adbb1810b98__61091.1601604759.350.350.jpg?c=2
zoid,model_kit,Plaza Japan,retailer,,Kotobukiya HMM ZOIDS 1/72 EZ-016 Saber Tiger Marking Plus Ver. Plastic Model,109.28,,,USD,New,https://www.plazajapan.com/4934054014460,https://cdn11.bigcommerce.com/s-89ffd/products/81608/images/466907/4934054014460_2d97712e8f6aa66c9ea8867a02c4bbf1__73618.1684992657.350.350.jpg?c=2
zoid,model_kit,Plaza Japan,retailer,,Kotobukiya HMM Zoids 1/72 Panzer Unit Marking Plus Ver. for Liger Zero Plastic Model,21.82,,,USD,New,https://www.plazajapan.com/4934054026890,https://cdn11.bigcommerce.com/s-89ffd/products/82645/images/299876/029890-1__49373.1618994561.350.350.jpg?c=2
zoid,model_kit,Plaza Japan,retailer,,Kotobukiya HMM ZOIDS 1/72 RZ-041 Liger Zero Panzer Marking Plus Ver. Plastic Model,74.93,,,USD,New,https://www.plazajapan.com/4934054012985,https://cdn11.bigcommerce.com/s-89ffd/products/83643/images/281406/4934054012985_1e8bfa81934fec9a303ae3976824fcb8__06138.1605865102.350.350.jpg?c=2
zoid,model_kit,Plaza Japan,retailer,,Kotobukiya HMM ZOIDS 1/72 Molga & Molga with Cannonry Unit Plastic Model,66.51,,,USD,New,https://www.plazajapan.com/4934054018284,https://cdn11.bigcommerce.com/s-89ffd/products/84716/images/312191/018284-1__92980.1624433203.350.350.jpg?c=2
zoid,model_kit,Plaza Japan,retailer,,Kotobukiya HMM ZOIDS 1/72 EMZ-15 Molga AA & Molga Carrier Plastic Model,75.6,,,USD,New,https://www.plazajapan.com/4934054018291,https://cdn11.bigcommerce.com/s-89ffd/products/84718/images/309468/018291-1__31215.1623314019.350.350.jpg?c=2
zoid,model_kit,Plaza Japan,retailer,,Kotobukiya HMM ZOIDS 1/72 RZ-041 Liger Zero Marking Plus Ver. Plastic Model (Released),60.62,,,USD,New,https://www.plazajapan.com/4934054012930,https://cdn11.bigcommerce.com/s-89ffd/products/84719/images/441925/4934054012930_9a3c77000b12ebb5e509354140232b4e__76824.1674031980.350.350.jpg?c=2
zoid,model_kit,Plaza Japan,retailer,,Kotobukiya HMM ZOIDS 1/72 RZ-041 Liger Zero Schneider Marking Plus Version Plastic Model,47.53,,,USD,New,https://www.plazajapan.com/4934054012978,https://cdn11.bigcommerce.com/s-89ffd/products/86451/images/290688/4934054012978_79e40e0fe86e56591def7b0448ddc8e3__56970.1613635424.350.350.jpg?c=2
zoid,model_kit,Plaza Japan,retailer,,Kotobukiya HMM ZOIDS 1/72 Liger Zero Jagar Unit Marking Plus Ver. Plastic Model,17.46,,,USD,New,https://www.plazajapan.com/4934054026982,https://cdn11.bigcommerce.com/s-89ffd/products/87471/images/296241/026982-1__68886.1617090373.350.350.jpg?c=2
zoid,model_kit,Plaza Japan,retailer,,Kotobukiya HMM ZOIDS 1/72 RZ-028 Blade Liger AB Plastic Model (Released),101.03,,,USD,New,https://www.plazajapan.com/4934054014057,https://cdn11.bigcommerce.com/s-89ffd/products/92582/images/307344/4934054014057_29082f7812aa37857edefed2e7aeff4b__94106.1622688575.350.350.jpg?c=2
zoid,model_kit,Plaza Japan,retailer,,Takara Tomy ZW43 Zoids Wild Zero Phantoth,67.18,,,USD,New,https://www.plazajapan.com/4904810122937,https://cdn11.bigcommerce.com/s-89ffd/products/92681/images/352980/4904810122937_7f3ccd4fec2712adee3b16aced96208a__74699.1642478276.350.350.jpg?c=2
zoid,model_kit,Plaza Japan,retailer,,Takara Tomy ZW52 Zoids Wild Xeno Rex,70.55,,,USD,New,https://www.plazajapan.com/4904810153887,https://cdn11.bigcommerce.com/s-89ffd/products/92684/images/307900/4904810153887_703039ee6e2ed140e9500cdead8a2869__06085.1622778131.350.350.jpg?c=2
zoid,model_kit,Plaza Japan,retailer,,Takara Tomy ZW54 Zoids Wild Xeno Evolution Arms Scissors Unit,20.88,,,USD,New,https://www.plazajapan.com/4904810162315,https://cdn11.bigcommerce.com/s-89ffd/products/92686/images/313426/162315-1__67968.1624952017.350.350.jpg?c=2
zoid,model_kit,Plaza Japan,retailer,,Takara Tomy ZW58 Zoids Wild Xeno Rex Buster XA,75.6,,,USD,New,https://www.plazajapan.com/4904810165620,https://cdn11.bigcommerce.com/s-89ffd/products/92690/images/307918/4904810165620_0db020e10a67d50feaf6d014a866f0a0__08670.1622778249.350.350.jpg?c=2
zoid,model_kit,Plaza Japan,retailer,,Kotobukiya HMM Zoids 1/72 Customize Parts Pile Bunker Unit Plastic Model,8.19,,,USD,New,https://www.plazajapan.com/4934054109340,https://cdn11.bigcommerce.com/s-89ffd/products/93753/images/342555/4934054109340_2ce6369db9f342f025acd62367dfacd5__98931.1638346675.350.350.jpg?c=2
zoid,model_kit,Plaza Japan,retailer,,Kotobukiya HMM ZOIDS 1/72 RHI-3 Command Wolf Repackage Ver. Plastic Model,28.52,,,USD,New,https://www.plazajapan.com/4934054018277,https://cdn11.bigcommerce.com/s-89ffd/products/100501/images/332858/4934054018277_54e4cf1b166c8b94f6d82355e8ca3315__13060.1633594710.350.350.jpg?c=2
zoid,model_kit,Plaza Japan,retailer,,Kotobukiya HMM ZOIDS 1/72 DPZ-10 Dark Horn Plastic Model,105.22,,,USD,New,https://www.plazajapan.com/4934054017515,https://cdn11.bigcommerce.com/s-89ffd/products/105162/images/351403/4934054017515_53e0a68778d876c9062a0ab4f5fbb356__78829.1641524825.350.350.jpg?c=2
zoid,model_kit,Plaza Japan,retailer,,Kotobukiya HMM ZOIDS 1/72 EZ-049 Berserk Fuhrer Repackage Ver. Plastic Model,51.84,,,USD,New,https://www.plazajapan.com/4934054013388,https://cdn11.bigcommerce.com/s-89ffd/products/105450/images/525539/4934054013388_e4cda512192f38f7896491f07d6bc877__02442.1711442534.350.350.jpg?c=2
zoid,model_kit,Plaza Japan,retailer,,Kotobukiya HMM ZOIDS 1/72 Customize Parts Booster Cannon Set Plastic Model,12.01,,,USD,New,https://www.plazajapan.com/4934054027187,https://cdn11.bigcommerce.com/s-89ffd/products/117810/images/411204/4934054027187_295e06b3216fe360418dd7d8e317ac64__91243.1663052049.350.350.jpg?c=2
zoid,model_kit,Plaza Japan,retailer,,Kotobukiya HMM ZOIDS 1/72 Customize Parts Gojulas Cannon Set Plastic Model,29.47,,,USD,New,https://www.plazajapan.com/4934054051762,https://cdn11.bigcommerce.com/s-89ffd/products/123427/images/432829/4934054051762_4983c81dc0e06e20ab2daf4f8ccc51d6__05921.1669875753.350.350.jpg?c=2
zoid,model_kit,Plaza Japan,retailer,,Kotobukiya HMM Zoids 1/72 RZ-053 Konig Wolf Plastic Model,120.39,,,USD,New,https://www.plazajapan.com/4934054003846,https://cdn11.bigcommerce.com/s-89ffd/products/125947/images/529764/4934054003846_d5410c45e0a0a57e381db3c06399fc8c__44500.1712720401.350.350.jpg?c=2
zoid,model_kit,Plaza Japan,retailer,,Kotobukiya HMM Zoids 1/72 Customize Parts Dual Sniper Rifle & AZ Five Launch Missile System Set Plastic Model,56.51,,,USD,New,https://www.plazajapan.com/4934054003853,https://cdn11.bigcommerce.com/s-89ffd/products/125948/images/529807/4934054003853_c8349fa7dfbf1ceeeaa2b175daa30f78__48418.1712724635.350.350.jpg?c=2
zoid,model_kit,Plaza Japan,retailer,,Kotobukiya HMM ZOIDS 1/72 Customize Parts Attack Booster Set Plastic Model,13.09,,,USD,New,https://www.plazajapan.com/4934054043408,https://cdn11.bigcommerce.com/s-89ffd/products/130010/images/461875/4934054043408_a604fc56085ea8fe551af4b8ce146305__05880.1682044124.350.350.jpg?c=2
zoid,model_kit,Plaza Japan,retailer,,Kotobukiya HMM ZOIDS 1/72 RZ-013 Buster Tortoise Plastic Model,72.99,,,USD,New,https://www.plazajapan.com/4934054056262,https://cdn11.bigcommerce.com/s-89ffd/products/130567/images/464183/4934054056262_451185fb238e578aa61606d9bba151f3__51443.1683015264.350.350.jpg?c=2
zoid,model_kit,Plaza Japan,retailer,,Kotobukiya HMM ZOIDS 1/72 EZ-026 Geno Saurer Repackage Ver. Plastic Model,116.18,,,USD,New,https://www.plazajapan.com/4934054057320,https://cdn11.bigcommerce.com/s-89ffd/products/133484/images/477154/4934054057320_b71fa3cc3f80cd837eb444a20d5897e4__56964.1689921579.350.350.jpg?c=2
zoid,model_kit,Plaza Japan,retailer,,Takara Tomy ADAMAS MACHINA Zoids AMZ-01 Berserk Fuhrer,246.76,,,USD,New,https://www.plazajapan.com/4904810918899,https://cdn11.bigcommerce.com/s-89ffd/products/156053/images/654238/takara-tomy-adamas-machina-zoids-amz-01-berserk-fuhrer__02216.1737468148.350.350.jpg?c=2
zoid,model_kit,Plaza Japan,retailer,,Kotobukiya HMM ZOIDS 1/72 EZ-006 Molga Full Option Set Plastic Model,35.47,,,USD,New,https://www.plazajapan.com/4934054063468,https://cdn11.bigcommerce.com/s-89ffd/products/166197/images/623524/kotobukiya-hmm-zoids-172-ez-006-molga-full-option-set-plastic-model__38139.1737071745.350.350.jpg?c=2
zoid,model_kit,Plaza Japan,retailer,,Kotobukiya HMM ZOIDS 1/72 RZ-041 Liger Zero Marking Plus Ver. Plastic Model,37.11,,,USD,New,https://www.plazajapan.com/4934054071647,https://cdn11.bigcommerce.com/s-89ffd/products/168051/images/663041/kotobukiya-hmm-zoids-172-rz-041-liger-zero-marking-plus-ver-plastic-model__42026.1737711613.350.350.jpg?c=2
zoid,model_kit,Plaza Japan,retailer,,Takara Tomy T-SPARK Transformers Zoids Diaclone: Shield-D-Prime Figure,215.92,,,USD,New,https://www.plazajapan.com/4904810997269,https://cdn11.bigcommerce.com/s-89ffd/products/179671/images/801011/takara-tomy-transformers-zoids-diaclone-shield-d-prime-figure__04401.1755487799.350.350.jpg?c=2
zoid,model_kit,Plaza Japan,retailer,,Kotobukiya 1/72 Zoids LIGHTNING SAIX Irvine Special 2000 -Recolor- Plastic Model,46.93,,,USD,New,https://www.plazajapan.com/4934054079346,https://cdn11.bigcommerce.com/s-89ffd/products/191674/images/865425/kotobukiya-172-zoids-lightning-saix-irvine-special-2000-recolor-plastic-model__19132.1766106462.350.350.jpg?c=2
zoid,model_kit,Plaza Japan,retailer,,Kotobukiya Zoids D-Style Command Wolf Irvine [Clear Parts Append] Plastic Model,22.45,,,USD,New,https://www.plazajapan.com/4934054086900,https://cdn11.bigcommerce.com/s-89ffd/products/204090/images/928844/4934054086900_f6a3ea1997753ab4c6304a825216bd09__94146.1777268154.350.350.jpg?c=2
zoid,model_kit,Plaza Japan,retailer,,Kotobukiya Zoids D-STYLE Gustav Moonbay Special [Clear Parts Append] Plastic Model,19.64,,,USD,New,https://www.plazajapan.com/4934054087198,https://cdn11.bigcommerce.com/s-89ffd/products/207002/images/948566/4934054087198_fdf00e9fc458d9c772f34ebdc4de7b6a__63864.1779416876.350.350.jpg?c=2
zoid,model_kit,Plaza Japan,retailer,,Takara Tomy ZOIDS AZ-17 Ultrasaurus Plastic Model,215.92,,,USD,New,https://www.plazajapan.com/4904810065982,https://cdn11.bigcommerce.com/s-89ffd/products/213801/images/991757/takara-tomy-zoids-az-17-ultrasaurus-plastic-model__62861.1784356723.350.350.jpg?c=2
zoid,model_kit,Plaza Japan,retailer,,Takara Tomy ZOIDS AZ-17EX Ultrasaurus Gravity Cannon Plastic Model,78.36,,,USD,New,https://www.plazajapan.com/4904810058762,https://cdn11.bigcommerce.com/s-89ffd/products/213946/images/992176/takara-tomy-zoids-az-17ex-ultrasaurus-gravity-cannon-plastic-model__64917.1784357405.350.350.jpg?c=2
zoid,model_kit,Plaza Japan,retailer,,F-toys Zoids Wild Puzzle Eraser (FULL BOX),25.01,,,USD,New,https://www.plazajapan.com/4582138604009,https://cdn11.bigcommerce.com/s-89ffd/products/217126/images/1009945/4582138604009_965b9286edc2ac9ac95f6bee015adad5__13541.1787217237.350.350.png?c=2
zoid,model_kit,Gundam Planet,retailer,us,HMM Zoids EZ-035 Lightning Saix Irvine Special 2000 Recolor,79.95,,,USD,New,https://www.gundamplanet.com/products/hmm-zoids-ez-035-lightning-saix-irvine-special-2000-recolor?_pos=1&_sid=5ddfd505f&_ss=r&_fid=bd891ba7f,https://www.gundamplanet.com/cdn/shop/files/ZD192_lightning-saix_irvine-sp_marking-plus_base.jpg?v=1765992042&width=533
zoid,model_kit,Gundam Planet,retailer,us,HMM Zoids EPZ-003 Great Saber (Marking Plus Ver.),88.95,,,USD,New,https://www.gundamplanet.com/products/hmm-zoids-epz-003-great-saber-marking-plus-ver?_pos=2&_sid=5ddfd505f&_ss=r&_fid=bd891ba7f,https://www.gundamplanet.com/cdn/shop/files/hmm-zoids-epz-003-great-saber-00_1.jpg?v=1737666712&width=533
zoid,model_kit,Gundam Planet,retailer,us,HMM Zoids Iron Kong Schwarz Special 1999 Recolor,179.95,,,USD,New,https://www.gundamplanet.com/products/hmm-zoids-iron-kong-schwarz-special-1999-recolor?_pos=3&_sid=5ddfd505f&_ss=r&_fid=bd891ba7f,https://www.gundamplanet.com/cdn/shop/files/hmm-zoids-iron-kong-schwarz-special-1999-recolor.jpg?v=1770751523&width=533
zoid,model_kit,Gundam Planet,retailer,us,HMM Zoids RZ-053 König Wolf,119.95,,,USD,New,https://www.gundamplanet.com/products/hmm-zoids-rz-053-konig-wolf?_pos=4&_sid=5ddfd505f&_ss=r&_fid=bd891ba7f,https://www.gundamplanet.com/cdn/shop/files/hmm-zoids-konig-wolf-gp.jpg?v=1737718356&width=533
zoid,model_kit,Gundam Planet,retailer,us,Zoids 1/72 AZ-02EX2 Liger Zero Empire Ver.,119.95,,,USD,New,https://www.gundamplanet.com/products/zoids-1-72-az-02ex2-liger-zero-empire-ver?_pos=5&_sid=5ddfd505f&_ss=r&_fid=bd891ba7f,https://www.gundamplanet.com/cdn/shop/files/GN195_base.jpg?v=1757114843&width=533
zoid,model_kit,Gundam Planet,retailer,us,Zoids 1/72 AZ-15 Psycho Geno Saurer,139.95,,,USD,New,https://www.gundamplanet.com/products/zoids-1-72-az-15-psycho-geno-saurer?_pos=6&_sid=5ddfd505f&_ss=r&_fid=bd891ba7f,https://www.gundamplanet.com/cdn/shop/files/zoids-1-72-az-15-psycho-geno-saurer-base.jpg?v=1771637347&width=533
zoid,model_kit,Gundam Planet,retailer,us,HMM Zoids EZ-027 Rev Raptor,49.95,,,USD,New,https://www.gundamplanet.com/products/hmm-zoids-ez-027-rev-raptor?_pos=7&_sid=5ddfd505f&_ss=r&_fid=bd891ba7f,https://www.gundamplanet.com/cdn/shop/files/hmm-zoids-ez-027-rev-raptor-gp.jpg?v=1737693123&width=533
zoid,model_kit,Gundam Planet,retailer,us,Zoids 1/72 RPZ-14 Salamander F2,330.95,,,USD,New,https://www.gundamplanet.com/products/zoids-1-72-rpz-14-salamander-f2?_pos=8&_sid=5ddfd505f&_ss=r&_fid=bd891ba7f,https://www.gundamplanet.com/cdn/shop/files/zoids-1-72-rpz-14-salamander-f2-base.jpg?v=1783551720&width=533
zoid,model_kit,Gundam Planet,retailer,us,Zoids 1/72 AZ-17 Ultra Saurus,330.95,,,USD,New,https://www.gundamplanet.com/products/zoids-1-72-az-17-ultra-saurus?_pos=9&_sid=5ddfd505f&_ss=r&_fid=bd891ba7f,https://www.gundamplanet.com/cdn/shop/files/zoids-1-72-az-17-ultra-saurus-base.jpg?v=1783534187&width=533
zoid,model_kit,Gundam Planet,retailer,us,Zoids 1/72 AZ-17DX Ultra Saurus Gravity Cannon (Deluxe Ver.),440.95,,,USD,New,https://www.gundamplanet.com/products/zoids-1-72-az-17dx-ultra-saurus-gravity-cannon-deluxe-ver?_pos=10&_sid=5ddfd505f&_ss=r&_fid=bd891ba7f,https://www.gundamplanet.com/cdn/shop/files/zoids-1-72-az-17dx-ultra-saurus-gravity-cannon-deluxe-ver-base.jpg?v=1783534897&width=533
zoid,model_kit,Gundam Planet,retailer,us,HMM Zoids EZ-049 Sturm Tyrann Berserk Unit Set,174.95,,,USD,New,https://www.gundamplanet.com/products/hmm-zoids-ez-049-sturm-tyrann-berserk-unit-set?_pos=11&_sid=5ddfd505f&_ss=r&_fid=bd891ba7f,https://www.gundamplanet.com/cdn/shop/files/hmm-zoids-ez-049-sturm-tyrann-berserk-unit-set-gp.jpg?v=1737753532&width=533
zoid,model_kit,Gundam Planet,retailer,us,HMM Zoids Liger Zero Jager Unit (Marking Plus Ver.),45.95,,,USD,New,https://www.gundamplanet.com/products/hmm-zoids-liger-zero-jager-unit-marking-plus-ver?_pos=12&_sid=5ddfd505f&_ss=r&_fid=bd891ba7f,https://www.gundamplanet.com/cdn/shop/files/hmm-zoids-liger-zero-jager-unit-marking-plus-ver-base.jpg?v=1742860338&width=533
zoid,model_kit,Gundam Planet,retailer,us,Synergenex Zoids x Evangelion: Xeno Rex Test Type-01,66.95,,,USD,New,https://www.gundamplanet.com/products/synergenex-zoids-x-evangelion-xeno-rex-test-type-01?_pos=13&_sid=5ddfd505f&_ss=r&_fid=bd891ba7f,https://www.gundamplanet.com/cdn/shop/files/evangelion-x-zoids-xeno-rex-test-type-01.jpg?v=1778701164&width=533
zoid,model_kit,Gundam Planet,retailer,us,Realize Model Zoids 1/100 RMZ-025 Liger Zero Falcon (ZBF),88.95,,,USD,New,https://www.gundamplanet.com/products/realize-model-zoids-1-100-rmz-025-liger-zero-falcon-zbf?_pos=14&_sid=5ddfd505f&_ss=r&_fid=bd891ba7f,https://www.gundamplanet.com/cdn/shop/files/realize-model-zoids-1-100-rmz-025-liger-zero-falcon-zbf.png?v=1785964071&width=533
zoid,model_kit,Gundam Planet,retailer,us,Realize Model Zoids 1/100 RMZ-018 Trinity Liger Captured Color,59.95,,,USD,New,https://www.gundamplanet.com/products/realize-model-zoids-1-100-rmz-018-trinity-liger-captured-color?_pos=15&_sid=5ddfd505f&_ss=r&_fid=bd891ba7f,https://www.gundamplanet.com/cdn/shop/files/realize-model-zoids-1-100-rmz-018-trinity-liger-captured-color9.jpg?v=1771032332&width=533
zoid,model_kit,Gundam Planet,retailer,us,Realize Model Zoids 1/100 RMZ-011 Geno Saurer Raven Special,66.95,,,USD,New,https://www.gundamplanet.com/products/realize-model-zoids-1-100-rmz-011-geno-saurer-raven-special?_pos=16&_sid=5ddfd505f&_ss=r&_fid=bd891ba7f,https://www.gundamplanet.com/cdn/shop/files/realize-model-zoids-1-100-rmz-011-geno-saurer-raven-special10.jpg?v=1751666028&width=533
zoid,model_kit,Gundam Planet,retailer,us,HMM Zoids DPZ-10 Dark Horn Harry Special 2001 Re-Color,143.95,,,USD,New,https://www.gundamplanet.com/products/hmm-zoids-dpz-10-dark-horn-harry-special-2001-re-color?_pos=17&_sid=5ddfd505f&_ss=r&_fid=bd891ba7f,https://www.gundamplanet.com/cdn/shop/files/hmm-zoids-dpz-10-dark-horn-harry-special-2001-re-color-base.jpg?v=1783551872&width=533
zoid,model_kit,Gundam Planet,retailer,us,D-Style Zoids Shield Liger [Clear Parts Append],27.95,,,USD,New,https://www.gundamplanet.com/products/d-style-zoids-shield-liger-clear-parts-append?_pos=18&_sid=5ddfd505f&_ss=r&_fid=bd891ba7f,https://www.gundamplanet.com/cdn/shop/files/d-style-zoids-shield-liger-clear-parts-append18.jpg?v=1775690197&width=533
zoid,model_kit,Gundam Planet,retailer,us,HMM Zoids EZ-017 Iguan (Marking Plus Ver.),44.95,,,USD,New,https://www.gundamplanet.com/products/hmm-zoids-ez-017-iguan-marking-plus-ver?_pos=19&_sid=5ddfd505f&_ss=r&_fid=bd891ba7f,https://www.gundamplanet.com/cdn/shop/files/hmm-zoids-ez-017-iguan-marking-plus-ver-leave-gp2.jpg?v=1742939764&width=533
zoid,model_kit,Gundam Planet,retailer,us,HMM Zoids W002 Fang Tiger,124.95,,,USD,New,https://www.gundamplanet.com/products/hmm-zoids-w002-fang-tiger?_pos=20&_sid=5ddfd505f&_ss=r&_fid=bd891ba7f,https://www.gundamplanet.com/cdn/shop/files/hmm-zoids-w002-fang-tiger-gp.jpg?v=1737703881&width=533
zoid,model_kit,Gundam Planet,retailer,us,Zoids 1/72 AZ-03EX Murasame Liger Original Color,116.95,,,USD,New,https://www.gundamplanet.com/products/zoids-1-72-az-03ex-murasame-liger-original-color?_pos=21&_sid=5ddfd505f&_ss=r&_fid=bd891ba7f,https://www.gundamplanet.com/cdn/shop/files/zoids-1-72-az-03ex-murasame-liger-original-color.jpg?v=1765317495&width=533
zoid,model_kit,Gundam Planet,retailer,us,Realize Model Zoids 1/100 RMZ-015 Saber Tiger Raven Special,57.95,,,USD,New,https://www.gundamplanet.com/products/realize-model-zoids-1-100-rmz-015-saber-tiger-raven-special?_pos=22&_sid=5ddfd505f&_ss=r&_fid=bd891ba7f,https://www.gundamplanet.com/cdn/shop/files/realize-model-zoids-1-100-rmz-015-saber-tiger-raven-special_1.jpg?v=1762570190&width=533
zoid,model_kit,Gundam Planet,retailer,us,Realize Model Zoids 1/100 RMZ-007 Trinity Liger,55.95,,,USD,New,https://www.gundamplanet.com/products/realize-model-zoids-1-100-rmz-007-trinity-liger?_pos=23&_sid=5ddfd505f&_ss=r&_fid=bd891ba7f,https://www.gundamplanet.com/cdn/shop/files/realize-model-zoids-1-100-rmz-007-trinity-liger9.jpg?v=1737759123&width=533
zoid,model_kit,Gundam Planet,retailer,us,HMM Zoids RBOZ-006 Dibison (Marking Plus Ver.),119.95,,,USD,New,https://www.gundamplanet.com/products/hmm-zoids-rboz-006-dibison-marking-plus-ver?_pos=24&_sid=5ddfd505f&_ss=r&_fid=bd891ba7f,https://www.gundamplanet.com/cdn/shop/files/zd137_dibison_mplus_gpr.jpg?v=1737681463&width=533
zoid,model_kit,Gundam Planet,retailer,us,HMM Zoids EZ-027 Raven Raptor,64.95,,,USD,New,https://www.gundamplanet.com/products/hmm-zoids-ez-027-raven-raptor?_pos=25&_sid=5ddfd505f&_ss=r&_fid=bd891ba7f,https://www.gundamplanet.com/cdn/shop/files/hmm-zoids-ez-027-raven-raptor-gp.jpg?v=1737694555&width=533
zoid,model_kit,Gundam Planet,retailer,us,Zoids 1/72 AZ-16 Liger Zero Jager,126.95,,,USD,New,https://www.gundamplanet.com/products/zoids-1-72-az-16-liger-zero-jager?_pos=26&_sid=5ddfd505f&_ss=r&_fid=bd891ba7f,https://www.gundamplanet.com/cdn/shop/files/zoids-1-72-az-16-liger-zero-jager-bs.jpg?v=1778800834&width=533
zoid,model_kit,Gundam Planet,retailer,us,HMM Zoids RZ-014 Godos (Marking Plus Ver.),49.95,,,USD,New,https://www.gundamplanet.com/products/hmm-zoids-rz-014-godos-marking-plus-ver?_pos=27&_sid=5ddfd505f&_ss=r&_fid=bd891ba7f,https://www.gundamplanet.com/cdn/shop/files/hmm-zoids-rz-014-godos-marking-plus-ver-gp.jpg?v=1737698091&width=533
zoid,model_kit,Gundam Planet,retailer,us,Synergenex Zoids x Patlabor: Hunter Wolf Unit 2,49.95,,,USD,New,https://www.gundamplanet.com/products/synergenex-zoids-x-patlabor-hunter-wolf-unit-2?_pos=28&_sid=5ddfd505f&_ss=r&_fid=bd891ba7f,https://www.gundamplanet.com/cdn/shop/files/zoids-x-patlabor-hunter-wolf-unit-2-base_eaf56954-d7b8-4908-888d-e8972f0584f2.jpg?v=1754526096&width=533
zoid,model_kit,Gundam Planet,retailer,us,HMM Zoids RZ-007 Shield Liger DCS-J,90.95,,,USD,New,https://www.gundamplanet.com/products/hmm-zoids-rz-007-shield-liger-dcs-j?_pos=29&_sid=5ddfd505f&_ss=r&_fid=bd891ba7f,https://www.gundamplanet.com/cdn/shop/files/hmm-zoids-rz-007-shield-liger-dcs-j-gp2.jpg?v=1737677211&width=533
zoid,model_kit,Gundam Planet,retailer,us,HMM Zoids EZ-006 Molga Full Option Set,74.95,,,USD,New,https://www.gundamplanet.com/products/hmm-zoids-ez-006-molga-full-option-set?_pos=30&_sid=5ddfd505f&_ss=r&_fid=bd891ba7f,https://www.gundamplanet.com/cdn/shop/files/hmm-zoids-ez-006-molga-full-option-set-gp2.jpg?v=1737757519&width=533
zoid,model_kit,Gundam Planet,retailer,us,HMM Zoids RMZ-12 Guysack Former Republic Ver.,64.95,,,USD,New,https://www.gundamplanet.com/products/hmm-zoids-rmz-12-guysack-former-republic-ver?_pos=31&_sid=5ddfd505f&_ss=r&_fid=bd891ba7f,https://www.gundamplanet.com/cdn/shop/files/hmm-zoids-rmz-12-guysack-former-republic-ver-gp2.jpg?v=1737754079&width=533
zoid,model_kit,Gundam Planet,retailer,us,Realize Model Zoids 1/100 RMZ-023 Lightning Saix Irvine Special,65.95,,,USD,New,https://www.gundamplanet.com/products/realize-model-zoids-1-100-rmz-023-lightning-saix-irvine-special?_pos=32&_sid=5ddfd505f&_ss=r&_fid=bd891ba7f,https://www.gundamplanet.com/cdn/shop/files/realize-model-zoids-1-100-rmz-023-lightning-saix-irvine-special10.jpg?v=1780691020&width=533
zoid,model_kit,Gundam Planet,retailer,us,Adamas Machina Zoids AM-Z02 Blade Liger,324.95,,,USD,New,https://www.gundamplanet.com/products/adamas-machina-zoids-am-z02-blade-liger?_pos=33&_sid=5ddfd505f&_ss=r&_fid=bd891ba7f,https://www.gundamplanet.com/cdn/shop/files/adamas-machina-zoids-am-z02-blade-liger.png?v=1785963675&width=533
zoid,model_kit,Gundam Planet,retailer,us,HMM Zoids EZ-036 Death Stinger,144.95,,,USD,New,https://www.gundamplanet.com/products/hmm-zoids-ez-036-death-stinger?_pos=34&_sid=5ddfd505f&_ss=r&_fid=bd891ba7f,https://www.gundamplanet.com/cdn/shop/files/hmm-zoids-ez-036-death-stinger-00.jpg?v=1737667234&width=533
zoid,model_kit,Gundam Planet,retailer,us,HMM Zoids EZ-036 Death Stinger Hiltz Special 2000 Recolor,169.95,,,USD,New,https://www.gundamplanet.com/products/hmm-zoids-ez-036-death-stinger-hiltz-special-2000-recolor?_pos=35&_sid=5ddfd505f&_ss=r&_fid=bd891ba7f,https://www.gundamplanet.com/cdn/shop/files/hmm-zoids-ez-036-death-stinger-hiltz-special-2000-recolor-base.jpg?v=1771608086&width=533
zoid,model_kit,Gundam Planet,retailer,us,Realize Model Zoids 1/100 RMZ-006 Saber Tiger Schwarz Special,59.95,,,USD,New,https://www.gundamplanet.com/products/realize-model-zoids-1-100-rmz-006-saber-tiger-schwarz-special?_pos=36&_sid=5ddfd505f&_ss=r&_fid=bd891ba7f,https://www.gundamplanet.com/cdn/shop/files/realize-model-zoids-1-100-rmz-006-saber-tiger-schwarz-special-gp.jpg?v=1737754493&width=533
zoid,model_kit,Gundam Planet,retailer,us,Zoids 1/72 AZ-14 Liger Zero X,139.95,,,USD,New,https://www.gundamplanet.com/products/zoids-1-72-az-14-liger-zero-x?_pos=37&_sid=5ddfd505f&_ss=r&_fid=bd891ba7f,https://www.gundamplanet.com/cdn/shop/files/zoids-1-72-az-14-liger-zero-x-base.jpg?v=1771637660&width=533
zoid,model_kit,Gundam Planet,retailer,us,Zoids 1/72 AZ-01 Blade Liger,100.95,,,USD,New,https://www.gundamplanet.com/products/zoids-1-72-az-01-blade-liger?_pos=38&_sid=5ddfd505f&_ss=r&_fid=bd891ba7f,https://www.gundamplanet.com/cdn/shop/files/zoids-1-72-az-01-blade-liger.jpg?v=1768425759&width=533
zoid,model_kit,Gundam Planet,retailer,us,HMM Zoids RZ-029 Storm Sworder Ala Barone Special 2000 Recolor,95.95,,,USD,New,https://www.gundamplanet.com/products/hmm-zoids-rz-029-storm-sworder-ala-barone-special-2000-recolor?_pos=39&_sid=5ddfd505f&_ss=r&_fid=bd891ba7f,https://www.gundamplanet.com/cdn/shop/files/hmm-zoids-rz-029-storm-sworder-ala-barone-special-2000-recolor.jpg?v=1773339486&width=533
zoid,model_kit,Gundam Planet,retailer,us,HMM Zoids EHI-7 Redler Zenebas Empire Ver.,69.95,,,USD,New,https://www.gundamplanet.com/products/hmm-zoids-ehi-7-redler-zenebas-empire-ver?_pos=40&_sid=5ddfd505f&_ss=r&_fid=bd891ba7f,https://www.gundamplanet.com/cdn/shop/files/hmm-zoids-ehi-7-redler-zenebas-empire-ver-gp2.jpg?v=1737712549&width=533
zoid,model_kit,Gundam Planet,retailer,us,HMM Zoids Liger Zero Empire Ver. X Unit,46.95,,,USD,New,https://www.gundamplanet.com/products/hmm-zoids-liger-zero-empire-ver-x-unit?_pos=41&_sid=5ddfd505f&_ss=r&_fid=bd891ba7f,https://www.gundamplanet.com/cdn/shop/files/hmm-zoids-liger-zero-empire-ver-x-unit-gp2.jpg?v=1737695844&width=533
zoid,model_kit,Gundam Planet,retailer,us,HMM Zoids Custom Gojulas Cannon Set,57.95,,,USD,New,https://www.gundamplanet.com/products/hmm-zoids-custom-gojulas-cannon-set?_pos=42&_sid=5ddfd505f&_ss=r&_fid=bd891ba7f,https://www.gundamplanet.com/cdn/shop/files/hmm-zoids-custom-gojulas-cannon-set-base.jpg?v=1753203110&width=533
zoid,model_kit,Gundam Planet,retailer,us,Realize Model Zoids 1/100 RMZ-020F Zabat Full Option Set,59.95,,,USD,New,https://www.gundamplanet.com/products/realize-model-zoids-1-100-rmz-020f-zabat-full-option-set?_pos=43&_sid=5ddfd505f&_ss=r&_fid=bd891ba7f,https://www.gundamplanet.com/cdn/shop/files/realize-model-zoids-1-100-rmz-020f-zabat-full-option-set10.jpg?v=1771032189&width=533
zoid,model_kit,Gundam Planet,retailer,us,Synergenex Zoids x Patlabor: Hunter Wolf,49.95,,,USD,New,https://www.gundamplanet.com/products/synergenex-zoids-x-patlabor-hunter-wolf?_pos=44&_sid=5ddfd505f&_ss=r&_fid=bd891ba7f,https://www.gundamplanet.com/cdn/shop/files/zoids-x-patlabor-hunter-wolf-base.jpg?v=1754525482&width=533
zoid,model_kit,Gundam Planet,retailer,us,HMM Zoids EZ-005 Redler Guylos Empire Ver.,69.95,,,USD,New,https://www.gundamplanet.com/products/hmm-zoids-ez-005-redler-guylos-empire-ver?_pos=45&_sid=5ddfd505f&_ss=r&_fid=bd891ba7f,https://www.gundamplanet.com/cdn/shop/files/hmm-zoids-ez-005-redler-guylos-empire-ver-gp2.jpg?v=1737712581&width=533
zoid,model_kit,Gundam Planet,retailer,us,Zoids 1/72 AZ-08 Molga,44.95,,,USD,New,https://www.gundamplanet.com/products/zoids-az-08-molga?_pos=46&_sid=5ddfd505f&_ss=r&_fid=bd891ba7f,https://www.gundamplanet.com/cdn/shop/files/zoids-az-08-molga-gp.jpg?v=1739901196&width=533
zoid,model_kit,Gundam Planet,retailer,us,HMM Zoids W001 Wild Liger,105.95,,,USD,New,https://www.gundamplanet.com/products/hmm-zoids-w001-wild-liger?_pos=47&_sid=5ddfd505f&_ss=r&_fid=bd891ba7f,https://www.gundamplanet.com/cdn/shop/files/hmm-zoids-wild-liger-gp.jpg?v=1737682717&width=533
zoid,model_kit,Gundam Planet,retailer,us,Zoids 1/72 AZ-16EX Liger Zero Jager Unit Original Color,46.95,,,USD,New,https://www.gundamplanet.com/products/zoids-1-72-az-16ex-liger-zero-jager-unit-original-color?_pos=48&_sid=5ddfd505f&_ss=r&_fid=bd891ba7f,https://www.gundamplanet.com/cdn/shop/files/zoids-1-72-az-16ex-liger-zero-jager-unit-original-color-bs.jpg?v=1778800831&width=533
zoid,model_kit,Gundam Planet,retailer,us,Synergenex Zoids x Monster Hunter: Wild Liger Stygian Zinogre,65.95,,,USD,New,https://www.gundamplanet.com/products/synergenex-zoids-x-monster-hunter-wild-liger-stygian-zinogre?_pos=49&_sid=5ddfd505f&_ss=r&_fid=bd891ba7f,https://www.gundamplanet.com/cdn/shop/files/synergenex-zoids-x-monster-hunter-wild-liger-stygian-zinogre9.jpg?v=1780691811&width=533
zoid,model_kit,Gundam Planet,retailer,us,Realize Model Zoids 1/100 RMZ-004 Hellcat Guylos Color,32.95,,,USD,New,https://www.gundamplanet.com/products/realize-model-zoids-1-100-rmz-004-hellcat-guylos-color?_pos=50&_sid=5ddfd505f&_ss=r&_fid=bd891ba7f,https://www.gundamplanet.com/cdn/shop/files/realize-model-zoids-1-100-rmz-004-hellcat-guylos-color-gp.jpg?v=1737751589&width=533
zoid,model_kit,Gundam Planet,retailer,us,Zoids 1/72 AZ-10EX Sea Panther Guylos Specification,57.95,,,USD,New,https://www.gundamplanet.com/products/zoids-1-72-az-10ex-sea-panther-guylos-specification?_pos=51&_sid=5ddfd505f&_ss=r&_fid=bd891ba7f,https://www.gundamplanet.com/cdn/shop/files/zoids-1-72-az-10ex-sea-panther-guylos-specification.jpg?v=1768425533&width=533
zoid,model_kit,Gundam Planet,retailer,us,Zoids 1/72 AZ-02EX3 Liger Zero Type Zero Armor,23.95,,,USD,New,https://www.gundamplanet.com/products/zoids-1-72-az-02ex3-liger-zero-type-zero-armor?_pos=52&_sid=5ddfd505f&_ss=r&_fid=bd891ba7f,https://www.gundamplanet.com/cdn/shop/files/zoids-1-72-az-02ex3-liger-zero-type-zero-armor-bs.jpg?v=1778800839&width=533
zoid,model_kit,Gundam Planet,retailer,us,Realize Model Zoids 1/100 RMZ-005 Molga Guylos Color,30.95,,,USD,New,https://www.gundamplanet.com/products/realize-model-zoids-1-100-rmz-005-molga-guylos-color?_pos=53&_sid=5ddfd505f&_ss=r&_fid=bd891ba7f,https://www.gundamplanet.com/cdn/shop/files/realize-model-zoids-1-100-rmz-005-molga-guylos-color-gp.jpg?v=1737751608&width=533
zoid,model_kit,Gundam Planet,retailer,us,Realize Model Zoids 1/100 RMZ-001 Blade Liger,44.95,,,USD,New,https://www.gundamplanet.com/products/realize-model-zoids-1-100-rmz-001-blade-liger?_pos=54&_sid=5ddfd505f&_ss=r&_fid=bd891ba7f,https://www.gundamplanet.com/cdn/shop/files/zoids-1-100-rmz-001-blade-liger-gp2.jpg?v=1737744823&width=533
zoid,model_kit,Gundam Planet,retailer,us,D-Style Zoids Command Wolf Irvine Custom [Clear Parts Append],27.95,,,USD,New,https://www.gundamplanet.com/products/d-style-zoids-command-wolf-irvine-custom-clear-parts-append?_pos=55&_sid=5ddfd505f&_ss=r&_fid=bd891ba7f,https://www.gundamplanet.com/cdn/shop/files/d-style-zoids-command-wolf-irvine-custom-clear-parts-append1_ac60598a-b67f-4e61-a9c0-f9290ef0ef4b.jpg?v=1776973649&width=533
zoid,model_kit,Gundam Planet,retailer,us,Zoids 1/72 AZ-14EX Liger Zero X Unit,59.95,,,USD,New,https://www.gundamplanet.com/products/zoids-1-72-az-14ex-liger-zero-x-unit?_pos=56&_sid=5ddfd505f&_ss=r&_fid=bd891ba7f,https://www.gundamplanet.com/cdn/shop/files/zoids-1-72-az-14ex-liger-zero-x-unit7.jpg?v=1771031547&width=533
zoid,model_kit,Gundam Planet,retailer,us,Realize Model Zoids 1/100 RMZ-021 Shield Liger MK-2,60.95,,,USD,New,https://www.gundamplanet.com/products/realize-model-zoids-1-100-rmz-021-shield-liger-mk-2?_pos=57&_sid=5ddfd505f&_ss=r&_fid=bd891ba7f,https://www.gundamplanet.com/cdn/shop/files/realize-model-zoids-1-100-rmz-021-shield-liger-mk-210.jpg?v=1775253048&width=533
zoid,model_kit,Gundam Planet,retailer,us,Synergenex Zoids x Monster Hunter: Wild Liger Zinogre,65.95,,,USD,New,https://www.gundamplanet.com/products/synergenex-zoids-x-monster-hunter-wild-liger-zinogre?_pos=58&_sid=5ddfd505f&_ss=r&_fid=bd891ba7f,https://www.gundamplanet.com/cdn/shop/files/synergenex-zoids-x-monster-hunter-wild-liger-zinogre9.jpg?v=1780691401&width=533
zoid,model_kit,Gundam Planet,retailer,us,Realize Model Zoids 1/100 RMZ-020 Zabat,42.95,,,USD,New,https://www.gundamplanet.com/products/realize-model-zoids-1-100-rmz-020-zabat?_pos=59&_sid=5ddfd505f&_ss=r&_fid=bd891ba7f,https://www.gundamplanet.com/cdn/shop/files/realize-model-zoids-1-100-rmz-020-zabat10.jpg?v=1771032025&width=533
zoid,model_kit,Gundam Planet,retailer,us,Synergenex Zoids x Evangelion: Xeno Rex Production Model-02,66.95,,,USD,New,https://www.gundamplanet.com/products/synergenex-zoids-x-evangelion-xeno-rex-production-model-02?_pos=60&_sid=5ddfd505f&_ss=r&_fid=bd891ba7f,https://www.gundamplanet.com/cdn/shop/files/evangelion-x-zoids-xeno-rex-production-model-02.jpg?v=1778700147&width=533
zoid,model_kit,Gundam Planet,retailer,us,Synergenex Zoids x Fist of the North Star: Wild Liger Kokuoh-go,52.95,,,USD,New,https://www.gundamplanet.com/products/synergenex-zoids-x-fist-of-the-north-star-wild-liger-kokuoh-go?_pos=61&_sid=5ddfd505f&_ss=r&_fid=bd891ba7f,https://www.gundamplanet.com/cdn/shop/files/zoids-x-fist-of-the-north-star-wild-liger-kokuoh-go-gp2.jpg?v=1739901189&width=533
zoid,model_kit,Gundam Planet,retailer,us,HMM Zoids Custom Pile Bunker Unit,16.95,,,USD,New,https://www.gundamplanet.com/products/hmm-zoids-custom-pile-bunker-unit?_pos=62&_sid=5ddfd505f&_ss=r&_fid=bd891ba7f,https://www.gundamplanet.com/cdn/shop/files/hmm-zoids-custom-pile-bunker-unit-gp.jpg?v=1737694589&width=533
zoid,model_kit,Gundam Planet,retailer,us,Zoids 1/72 AZ-13 Canory Molga,51.95,,,USD,New,https://www.gundamplanet.com/products/zoids-1-72-az-13-canory-molga?_pos=63&_sid=5ddfd505f&_ss=r&_fid=bd891ba7f,https://www.gundamplanet.com/cdn/shop/files/zoids-1-72-az-13-canory-molga_1.jpg?v=1760045688&width=533
zoid,model_kit,Gundam Planet,retailer,us,Zoids 1/72 AZ-17EX Ultra Saurus Gravity Cannon,110.95,,,USD,New,https://www.gundamplanet.com/products/zoids-1-72-az-17ex-ultra-saurus-gravity-cannon?_pos=64&_sid=5ddfd505f&_ss=r&_fid=bd891ba7f,https://www.gundamplanet.com/cdn/shop/files/zoids-1-72-az-17ex-ultra-saurus-gravity-cannon-base.jpg?v=1783534611&width=533
zoid,model_kit,Gundam Planet,retailer,us,Realize Model Zoids 1/100 RMZ-024 Storm Sworder,63.95,,,USD,New,https://www.gundamplanet.com/products/realize-model-zoids-1-100-rmz-024-storm-sworder?_pos=65&_sid=5ddfd505f&_ss=r&_fid=bd891ba7f,https://www.gundamplanet.com/cdn/shop/files/realize-model-zoids-1-100-rmz-024-storm-sworder.png?v=1783536292&width=533
zoid,model_kit,Gundam Planet,retailer,us,Realize Model Zoids 1/100 RMZ-017 Command Wolf Urban Warfare Special,57.95,,,USD,New,https://www.gundamplanet.com/products/realize-model-zoids-1-100-rmz-017-command-wolf-urban-warfare-special?_pos=66&_sid=5ddfd505f&_ss=r&_fid=bd891ba7f,https://www.gundamplanet.com/cdn/shop/files/realize-model-zoids-1-100-rmz-017-command-wolf-urban-warfare-special-gp.jpg?v=1768425249&width=533
zoid,model_kit,Gundam Planet,retailer,us,Synergenex Zoids x Patlabor: Fangriffon,66.95,,,USD,New,https://www.gundamplanet.com/products/synergenex-zoids-x-patlabor-fangriffon?_pos=67&_sid=5ddfd505f&_ss=r&_fid=bd891ba7f,https://www.gundamplanet.com/cdn/shop/files/synergenex-zoids-x-patlabor-fangriffon.png?v=1783536140&width=533
zoid,model_kit,Gundam Planet,retailer,us,Realize Model Zoids 1/100 RMZ-019 Hell Cat & Molga Zenebus Color Set,53.95,,,USD,New,https://www.gundamplanet.com/products/realize-model-zoids-1-100-rmz-019-hell-cat-molga-zenebus-color-set?_pos=68&_sid=5ddfd505f&_ss=r&_fid=bd891ba7f,https://www.gundamplanet.com/cdn/shop/files/realize-model-zoids-1-100-rmz-019-hell-cat-molga-zenebus-color-set10.jpg?v=1771032507&width=533
zoid,model_kit,Gundam Planet,retailer,us,Realize Model Zoids 1/100 RMZ-022 Murasame Liger,63.95,,,USD,New,https://www.gundamplanet.com/products/realize-model-zoids-1-100-rmz-022-murasame-liger?_pos=69&_sid=5ddfd505f&_ss=r&_fid=bd891ba7f,https://www.gundamplanet.com/cdn/shop/files/realize-model-zoids-1-100-rmz-022-murasame-liger-bs.jpg?v=1778800825&width=533
zoid,model_kit,Gundam Planet,retailer,us,1/7 SF-G01 Spark Fig Grande: Kotona Elegance (Zoids Genesis),187.95,,,USD,New,https://www.gundamplanet.com/products/1-7-sf-g01-spark-fig-grande-kotona-elegance-zoids-genesis?_pos=70&_sid=5ddfd505f&_ss=r&_fid=bd891ba7f,https://www.gundamplanet.com/cdn/shop/files/1-7-sf-g01-spark-fig-grande-kotona-elegance-zoids-genesis-bs.png?v=1778801523&width=533
zoid,model_kit,Gundam Planet,retailer,us,HMM Zoids RZ-053 Heavy Arms König Wolf,159.95,,,USD,New,https://www.gundamplanet.com/products/hmm-zoids-rz-053-heavy-arms-konig-wolf?_pos=111&_sid=5ddfd505f&_ss=r&_fid=bd891ba7f,https://www.gundamplanet.com/cdn/shop/files/hmm-zoids-heavy-arms-konig-wolf-gp.jpg?v=1737718399&width=533
zoid,model_kit,Gundam Planet,retailer,us,Realize Model Zoids 1/100 RMZ-008 Command Wolf Irvine Special,48.95,,,USD,New,https://www.gundamplanet.com/products/realize-model-zoids-1-100-rmz-008-command-wolf-irvine-special?_pos=112&_sid=5ddfd505f&_ss=r&_fid=bd891ba7f,https://www.gundamplanet.com/cdn/shop/files/realize-model-zoids-1-100-rmz-008-command-wolf-irvine-special9_1.jpg?v=1741262700&width=533
zoid,model_kit,Gundam Planet,retailer,us,HMM Zoids RZ-045 Salamander,249.95,,,USD,New,https://www.gundamplanet.com/products/hmm-zoids-rz-045-salamander?_pos=113&_sid=5ddfd505f&_ss=r&_fid=bd891ba7f,https://www.gundamplanet.com/cdn/shop/files/hmm-zoids-rz-045-salamander-base.jpg?v=1753204569&width=533
zoid,model_kit,Gundam Planet,retailer,us,HMM Zoids RZ-046 Shadow Fox (Marking Plus Ver.),64.95,,,USD,New,https://www.gundamplanet.com/products/hmm-zoids-rz-046-shadow-fox-marking-plus-ver?_pos=114&_sid=5ddfd505f&_ss=r&_fid=bd891ba7f,https://www.gundamplanet.com/cdn/shop/files/hmm-zoids-shadow-fox-marking-p-gp.jpg?v=1737687081&width=533
zoid,model_kit,Gundam Planet,retailer,us,Zoids 1/72 AZ-12 Geno Breaker,179.95,,,USD,New,https://www.gundamplanet.com/products/zoids-1-72-az-12-geno-breaker?_pos=115&_sid=5ddfd505f&_ss=r&_fid=bd891ba7f,https://www.gundamplanet.com/cdn/shop/files/zoids-1-72-az-12-geno-breaker-base.jpg?v=1754526537&width=533
zoid,model_kit,Gundam Planet,retailer,us,Realize Model Zoids 1/100 RMZ-014 Red Horn Styracosaurus Type,57.95,,,USD,New,https://www.gundamplanet.com/products/realize-model-zoids-1-100-rmz-014-red-horn-styracosaurus-type?_pos=116&_sid=5ddfd505f&_ss=r&_fid=bd891ba7f,https://www.gundamplanet.com/cdn/shop/files/realize-model-zoids-1-100-rmz-014-red-horn-styracosaurus-type_1.jpg?v=1760045637&width=533
zoid,model_kit,Gundam Planet,retailer,us,HMM Zoids RZ-041 Liger Zero Jager (Marking Plus Ver.),89.95,,,USD,New,https://www.gundamplanet.com/products/hmm-zoids-rz-041-liger-zero-jager-marking-plus-ver?_pos=117&_sid=5ddfd505f&_ss=r&_fid=bd891ba7f,https://www.gundamplanet.com/cdn/shop/files/hmm-zoids-rz-041-liger-zero-jager-00_1.jpg?v=1737675121&width=533
zoid,model_kit,Gundam Planet,retailer,us,HMM Zoids RZ-041 Liger Zero (Marking Plus Ver.),74.95,,,USD,New,https://www.gundamplanet.com/products/hmm-zoids-rz-041-liger-zero-marking-plus-ver?_pos=118&_sid=5ddfd505f&_ss=r&_fid=bd891ba7f,https://www.gundamplanet.com/cdn/shop/files/hmm-zoids-rz-041-liger-zero-marking-plus-ver-gp.jpg?v=1737706543&width=533
zoid,model_kit,Gundam Planet,retailer,us,HMM Zoids EZ-054 Liger Zero X,89.95,,,USD,New,https://www.gundamplanet.com/products/hmm-zoids-ez-054-liger-zero-x?_pos=119&_sid=5ddfd505f&_ss=r&_fid=bd891ba7f,https://www.gundamplanet.com/cdn/shop/files/hmm-zoids-ez-054-liger-zero-x-gp2.jpg?v=1737695801&width=533
zoid,model_kit,Gundam Planet,retailer,us,Realize Model Zoids 1/100 RMZ-012 Hell Cat Tirol,43.95,,,USD,New,https://www.gundamplanet.com/products/realize-model-zoids-1-100-rmz-012-hell-cat-tirol?_pos=120&_sid=5ddfd505f&_ss=r&_fid=bd891ba7f,https://www.gundamplanet.com/cdn/shop/files/realize-model-zoids-1-100-rmz-012-hell-cat-tirol10.jpg?v=1751666286&width=533
zoid,model_kit,Gundam Planet,retailer,us,HMM Zoids RZ-028 Blade Liger AB,89.95,,,USD,New,https://www.gundamplanet.com/products/hmm-zoids-rz-028-blade-liger-ab?_pos=121&_sid=5ddfd505f&_ss=r&_fid=bd891ba7f,https://www.gundamplanet.com/cdn/shop/files/zd131_bladeliger_ab_gp.jpg?v=1737679230&width=533
zoid,model_kit,Gundam Planet,retailer,us,Realize Model Zoids 1/100 RMZ-016 Blade Liger Panzer (ZBF),83.95,,,USD,New,https://www.gundamplanet.com/products/realize-model-zoids-1-100-rmz-016-blade-liger-panzer-zbf?_pos=122&_sid=5ddfd505f&_ss=r&_fid=bd891ba7f,https://www.gundamplanet.com/cdn/shop/files/realize-model-zoids-1-100-rmz-016-blade-liger-panther-zbf.jpg?v=1765316904&width=533
zoid,model_kit,Gundam Planet,retailer,us,Realize Model Zoids 1/100 RMZ-009 Iron Kong Guylos Color,98.95,,,USD,New,https://www.gundamplanet.com/products/realize-model-zoids-1-100-rmz-009-iron-kong-guylos-color?_pos=123&_sid=5ddfd505f&_ss=r&_fid=bd891ba7f,https://www.gundamplanet.com/cdn/shop/files/realize-model-zoids-1-100-rmz-009-iron-kong-guylos-color10.jpg?v=1744149293&width=533
zoid,model_kit,Gundam Planet,retailer,us,HMM Zoids RZ-013 Cannon Tortoise (Marking Plus Ver.),56.95,,,USD,New,https://www.gundamplanet.com/products/hmm-zoids-rz-013-cannon-tortoise-marking-plus-ver?_pos=124&_sid=5ddfd505f&_ss=r&_fid=bd891ba7f,https://www.gundamplanet.com/cdn/shop/files/hmm-zoids-rz-013-cannon-tortoise-marking-plus-ver-base2.jpg?v=1748560419&width=533
zoid,model_kit,Gundam Planet,retailer,us,HMM Zoids RBOZ-003 Gojulas (Marking Plus Ver.),239.95,,,USD,New,https://www.gundamplanet.com/products/hmm-zoids-rboz-003-gojulas-marking-plus-ver?_pos=125&_sid=5ddfd505f&_ss=r&_fid=bd891ba7f,https://www.gundamplanet.com/cdn/shop/files/hmm-zoids-rboz-003-gojulas-marking-plus-ver-gp.jpg?v=1737728518&width=533
zoid,model_kit,Gundam Planet,retailer,us,HMM Zoids RZ-001 Gojulas Gunner,699.95,,,USD,New,https://www.gundamplanet.com/products/hmm-zoids-rz-001-gojulas-gunner?_pos=126&_sid=5ddfd505f&_ss=r&_fid=bd891ba7f,https://www.gundamplanet.com/cdn/shop/files/hmm-zoids-gojulas-gunner-gp.jpg?v=1737678082&width=533
zoid,model_kit,Gundam Planet,retailer,us,HMM Zoids EZ-015 Iron Kong (Marking Plus Ver.),154.95,,,USD,New,https://www.gundamplanet.com/products/hmm-zoids-ez-015-iron-kong-marking-plus-ver?_pos=127&_sid=5ddfd505f&_ss=r&_fid=bd891ba7f,https://www.gundamplanet.com/cdn/shop/files/hmm-zoids-ez-015-iron-kong-marking-plus-ver-gp.jpg?v=1737709300&width=533
zoid,model_kit,Gundam Planet,retailer,us,Zoids 1/72 Gun Sniper Leena Special 2001 Re/color,69.95,,,USD,New,https://www.gundamplanet.com/products/zoids-1-72-gun-sniper-leena-special-2001-re-color?_pos=128&_sid=5ddfd505f&_ss=r&_fid=bd891ba7f,https://www.gundamplanet.com/cdn/shop/files/zoids-1-72-gun-sniper-leena-special-2001-re-base.jpg?v=1763767258&width=533
zoid,model_kit,Gundam Planet,retailer,us,HMM Zoids DPZ-10 Dark Horn (Marking Plus Ver.),119.95,,,USD,New,https://www.gundamplanet.com/products/hmm-zoids-dpz-10-dark-horn-marking-plus-ver?_pos=129&_sid=5ddfd505f&_ss=r&_fid=bd891ba7f,https://www.gundamplanet.com/cdn/shop/files/hmm-zoids-dpz-10-dark-horn-marking-plus-ver-gp.jpg?v=1737754065&width=533
zoid,model_kit,Gundam Planet,retailer,us,HMM Zoids RZ-030 Gun Sniper W2 (Wild Weasel),49.95,,,USD,New,https://www.gundamplanet.com/products/hmm-zoids-rz-030-gun-sniper-w2-wild-weasel?_pos=130&_sid=5ddfd505f&_ss=r&_fid=bd891ba7f,https://www.gundamplanet.com/cdn/shop/files/hmm-zoids-rz-030-gun-sniper-w2-wild-weasel-gp.jpg?v=1737691024&width=533
zoid,model_kit,Gundam Planet,retailer,us,HMM Zoids EZ-027 Rev Raptor Night Patrol,79.95,,,USD,New,https://www.gundamplanet.com/products/hmm-zoids-ez-027-rev-raptor-night-patrol?_pos=131&_sid=5ddfd505f&_ss=r&_fid=bd891ba7f,https://www.gundamplanet.com/cdn/shop/files/hmm-zoids-ez-027-rev-raptor-night-patrol-gp.jpg?v=1737717894&width=533
zoid,model_kit,Gundam Planet,retailer,us,HMM Zoids RZ-009 Command Wolf AC&LC (Marking Plus Ver.),79.95,,,USD,New,https://www.gundamplanet.com/products/hmm-zoids-rz-009-command-wolf-ac-lc-marking-plus-ver?_pos=132&_sid=5ddfd505f&_ss=r&_fid=bd891ba7f,https://www.gundamplanet.com/cdn/shop/files/hmm-zoids-rz-009-command-wolf-ac-lc-marking-plus-ver-gp2.jpg?v=1737755770&width=533
zoid,model_kit,Gundam Planet,retailer,us,Zoids 1/72 AZ-06EX Phoenix Republic Ver.,49.95,,,USD,New,https://www.gundamplanet.com/products/zoids-1-72-az-06ex-phoenix-republic-ver?_pos=133&_sid=5ddfd505f&_ss=r&_fid=bd891ba7f,https://www.gundamplanet.com/cdn/shop/files/zoids-1-72-az-06ex-phoenix-republic-ver-gp2.jpg?v=1739901212&width=533
zoid,model_kit,Gundam Planet,retailer,us,Realize Model Zoids 1/100 RMZ-003 Command Wolf,39.95,,,USD,New,https://www.gundamplanet.com/products/realize-model-zoids-1-100-rmz-003-command-wolf?_pos=134&_sid=5ddfd505f&_ss=r&_fid=bd891ba7f,https://www.gundamplanet.com/cdn/shop/files/realize-model-zoids-1-100-rmz-003-command-wolf-00001.jpg?v=1737747355&width=533
zoid,model_kit,Gundam Planet,retailer,us,Zoids 1/72 AZ-11 Command Wolf,91.95,,,USD,New,https://www.gundamplanet.com/products/zoids-1-72-az-11-command-wolf?_pos=135&_sid=5ddfd505f&_ss=r&_fid=bd891ba7f,https://www.gundamplanet.com/cdn/shop/files/zoids-1-72-az-11-command-wolf-base2.jpg?v=1768861297&width=533
zoid,model_kit,Gundam Planet,retailer,us,HMM Zoids RZ-041 Liger Zero Panzer (Marking Plus Ver.),99.95,,,USD,New,https://www.gundamplanet.com/products/hmm-zoids-rz-041-liger-zero-panzer-marking-plus-ver?_pos=136&_sid=5ddfd505f&_ss=r&_fid=bd891ba7f,https://www.gundamplanet.com/cdn/shop/files/hmm-zoids-rz-041-liger-zero-panzer-00_1.jpg?v=1737675170&width=533
zoid,model_kit,Gundam Planet,retailer,us,HMM Zoids EZ-049 Sturm Tyrann,149.95,,,USD,New,https://www.gundamplanet.com/products/hmm-zoids-ez-049-sturm-tyrann?_pos=137&_sid=5ddfd505f&_ss=r&_fid=bd891ba7f,https://www.gundamplanet.com/cdn/shop/files/hmm-zoids-ez-049-sturm-tyrann-00.jpg?v=1738029352&width=533
zoid,model_kit,Gundam Planet,retailer,us,HMM Zoids RZ-053 König Wolf (Damaged Box Item),104.95,,,USD,New,https://www.gundamplanet.com/products/hmm-zoids-rz-053-konig-wolf-damaged-box?_pos=138&_sid=5ddfd505f&_ss=r&_fid=bd891ba7f,https://www.gundamplanet.com/cdn/shop/files/hmm-zoids-konig-wolf-gp.jpg?v=1737718356&width=533
zoid,model_kit,Gundam Planet,retailer,us,Zoids 1/72 AZ-09 Geno Saurer (Motorized Ver.),119.95,,,USD,New,https://www.gundamplanet.com/products/zoids-1-72-az-09-geno-saurer-motorized-ver?_pos=139&_sid=5ddfd505f&_ss=r&_fid=bd891ba7f,https://www.gundamplanet.com/cdn/shop/files/figma-sp-170-special-forces-member9_1.jpg?v=1739901211&width=533
zoid,model_kit,Gundam Planet,retailer,us,HMM Zoids EZ-034 Geno Breaker (Repackage Ver.),120.95,,,USD,New,https://www.gundamplanet.com/products/hmm-zoids-ez-034-geno-breaker-repackage-ver?_pos=140&_sid=5ddfd505f&_ss=r&_fid=bd891ba7f,https://www.gundamplanet.com/cdn/shop/files/hmm-zoids-ez-034-geno-breaker-repackage-ver-gp.jpg?v=1737691048&width=533
zoid,model_kit,Gundam Planet,retailer,us,Zoids 1/72 AZ-07 Death Saurer (Motorized Ver),220.95,,,USD,New,https://www.gundamplanet.com/products/zoids-1-72-az-07-death-saurer-motorized-ver?_pos=141&_sid=5ddfd505f&_ss=r&_fid=bd891ba7f,https://www.gundamplanet.com/cdn/shop/files/hmm-zoids-az-07-death-saurer-desc-gp2.jpg?v=1739901185&width=533
zoid,model_kit,Gundam Planet,retailer,us,HMM Zoids EZ-036 Death Stinger ZS,149.95,,,USD,New,https://www.gundamplanet.com/products/hmm-zoids-ez-036-death-stinger-zs?_pos=142&_sid=5ddfd505f&_ss=r&_fid=bd891ba7f,https://www.gundamplanet.com/cdn/shop/files/hmm-zoids-ez-036-death-stinger-zs-gp.jpg?v=1737689551&width=533
zoid,model_kit,Gundam Planet,retailer,us,Zoids ZW27 Raptoria,19.95,,,USD,New,https://www.gundamplanet.com/products/zoids-zw27-raptoria?_pos=143&_sid=5ddfd505f&_ss=r&_fid=bd891ba7f,https://www.gundamplanet.com/cdn/shop/files/zoids-zw27-raptoria-gp.jpg?v=1739901162&width=533
zoid,model_kit,Gundam Planet,retailer,us,HMM Zoids RZ-029 Storm Sworder,99.95,,,USD,New,https://www.gundamplanet.com/products/hmm-zoids-rz-029-storm-sworder?_pos=144&_sid=5ddfd505f&_ss=r&_fid=bd891ba7f,https://www.gundamplanet.com/cdn/shop/files/hmm-zoids-rz-029-storm-sworder-00.jpg?v=1737669356&width=533
zoid,model_kit,Gundam Planet,retailer,us,HMM Zoids RZ-013 Buster Tortoise,53.95,,,USD,New,https://www.gundamplanet.com/products/hmm-zoids-rz-013-buster-tortoise?_pos=145&_sid=5ddfd505f&_ss=r&_fid=bd891ba7f,https://www.gundamplanet.com/cdn/shop/files/hmm-zoids-rz-013-buster-tortoise-00.jpg?v=1737666992&width=533
zoid,model_kit,Gundam Planet,retailer,us,HMM Zoids EZ-026 Geno Saurer (Repackage Ver.),89.95,,,USD,New,https://www.gundamplanet.com/products/hmm-zoids-ez-026-geno-saurer-repackage-ver?_pos=146&_sid=5ddfd505f&_ss=r&_fid=bd891ba7f,https://www.gundamplanet.com/cdn/shop/files/zd118_genosaurer_repackagever_gp.jpg?v=1737679568&width=533
zoid,model_kit,Gundam Planet,retailer,us,HMM Zoids EZ-049 Berserk Fuhrer (Repackage Ver.),99.95,,,USD,New,https://www.gundamplanet.com/products/hmm-zoids-ez-049-berserk-fuhrer-repackage-ver?_pos=147&_sid=5ddfd505f&_ss=r&_fid=bd891ba7f,https://www.gundamplanet.com/cdn/shop/files/hmm-zoids-ez-049-berserk-fuhrer-00_1.jpg?v=1737675307&width=533
zoid,model_kit,Gundam Planet,retailer,us,HMM Zoids RZ-002 Guysack,54.95,,,USD,New,https://www.gundamplanet.com/products/hmm-zoids-rz-002-guysack?_pos=148&_sid=5ddfd505f&_ss=r&_fid=bd891ba7f,https://www.gundamplanet.com/cdn/shop/files/hmm-zoids-rz-002-guysack-gp2.jpg?v=1737735382&width=533
zoid,model_kit,Gundam Planet,retailer,us,HMM Zoids EZ-015 Iron Kong Yeti,199.95,,,USD,New,https://www.gundamplanet.com/products/hmm-zoids-ez-015-iron-kong-yeti?_pos=149&_sid=5ddfd505f&_ss=r&_fid=bd891ba7f,https://www.gundamplanet.com/cdn/shop/files/hmm-zoids-ez-015-iron-kong-yeti-gp.jpg?v=1737680546&width=533
zoid,model_kit,Gundam Planet,retailer,us,HMM Zoids RZ-007 Shield Liger (Marking Plus Ver.),59.95,,,USD,New,https://www.gundamplanet.com/products/hmm-zoids-rz-007-shield-liger-marking-plus-ver?_pos=150&_sid=5ddfd505f&_ss=r&_fid=bd891ba7f,https://www.gundamplanet.com/cdn/shop/files/hmm-zoids-rz-007-shield-liger-marking-plus-ver-box-rgp.jpg?v=1737703445&width=533
zoid,model_kit,Gundam Planet,retailer,us,Zoids ZW25 Beast Liger,35.95,,,USD,New,https://www.gundamplanet.com/products/zoids-zw25-beast-liger?_pos=151&_sid=5ddfd505f&_ss=r&_fid=bd891ba7f,https://www.gundamplanet.com/cdn/shop/files/zoids-zw25-beast-liger-box-gp.jpg?v=1739901167&width=533
zoid,model_kit,Gundam Planet,retailer,us,HMM Zoids EZ-054 Liger Zero Empire Ver. (Marking Plus Ver.),59.95,,,USD,New,https://www.gundamplanet.com/products/hmm-zoids-ez-054-liger-zero-empire-ver-marking-plus-ver?_pos=152&_sid=5ddfd505f&_ss=r&_fid=bd891ba7f,https://www.gundamplanet.com/cdn/shop/files/hmm-zoids-ez-054-liger-zero-empire-ver-marking-plus-ver_gp.jpg?v=1737695847&width=533
zoid,model_kit,Gundam Planet,retailer,us,HMM Zoids RMZ-11 Godos Former Republic Ver.,57.95,,,USD,New,https://www.gundamplanet.com/products/hmm-zoids-rmz-11-godos-former-republic-ver?_pos=153&_sid=5ddfd505f&_ss=r&_fid=bd891ba7f,https://www.gundamplanet.com/cdn/shop/files/zd130_godos_frver_gp.jpg?v=1737678842&width=533
zoid,model_kit,Gundam Planet,retailer,us,HMM Zoids EZ-017 Iguan,42.95,,,USD,New,https://www.gundamplanet.com/products/hmm-zoids-ez-017-iguan?_pos=154&_sid=5ddfd505f&_ss=r&_fid=bd891ba7f,https://www.gundamplanet.com/cdn/shop/files/zd079r_iguan_gp.jpg?v=1737681496&width=533
zoid,model_kit,Gundam Planet,retailer,us,HMM Zoids EZ-004 Red Horn (Marking Plus Ver.),84.95,,,USD,New,https://www.gundamplanet.com/products/hmm-zoids-ez-004-red-horn-marking-plus-ver?_pos=155&_sid=5ddfd505f&_ss=r&_fid=bd891ba7f,https://www.gundamplanet.com/cdn/shop/files/hmm-zoids-ez-004-red-horn-marking-plus-ver-gp.jpg?v=1737726341&width=533
zoid,model_kit,Gundam Planet,retailer,us,HMM Zoids Green Horn AB,109.95,,,USD,New,https://www.gundamplanet.com/products/hmm-zoids-green-horn-ab?_pos=156&_sid=5ddfd505f&_ss=r&_fid=bd891ba7f,https://www.gundamplanet.com/cdn/shop/files/hmm-zoids-green-horn-ab-gp2.jpg?v=1737720775&width=533
zoid,model_kit,Gundam Planet,retailer,us,HMM Zoids Customize Parts Dual Sniper Rifle & AZ Five Launch Missile System Set,36.95,,,USD,New,https://www.gundamplanet.com/products/hmm-zoids-customize-parts-dual-sniper-rifle-az-five-launch-missile-system-set?_pos=157&_sid=5ddfd505f&_ss=r&_fid=bd891ba7f,https://www.gundamplanet.com/cdn/shop/files/hmm-zoids-dual-sniper-rifle-az-five-launch-missile-system-set-gp.jpg?v=1737718378&width=533
zoid,model_kit,Gundam Planet,retailer,us,HMM Zoids RHI-3 Command Wolf Repackage Ver.,49.95,,,USD,New,https://www.gundamplanet.com/products/hmm-zoids-rhi-3-command-wolf-repackage-ver?_pos=158&_sid=5ddfd505f&_ss=r&_fid=bd891ba7f,https://www.gundamplanet.com/cdn/shop/files/hmm-zoids-rhi-3-command-wolf-repackage-ver-00.jpg?v=1737666954&width=533
zoid,model_kit,Gundam Planet,retailer,us,HMM Zoids EZ-005 Redler BC,75.95,,,USD,New,https://www.gundamplanet.com/products/hmm-zoids-ez-005-redler-bc?_pos=159&_sid=5ddfd505f&_ss=r&_fid=bd891ba7f,https://www.gundamplanet.com/cdn/shop/files/hmm-zoids-ez-005-redler-bc-gp2.jpg?v=1737726311&width=533
zoid,model_kit,Gundam Planet,retailer,us,HMM Zoids RZ-041 Liger Zero Schneider (Marking Plus Ver.),89.95,,,USD,New,https://www.gundamplanet.com/products/hmm-zoids-rz-041-liger-zero-schneider-marking-plus-ver?_pos=160&_sid=5ddfd505f&_ss=r&_fid=bd891ba7f,https://www.gundamplanet.com/cdn/shop/files/hmm-zoids-rz-041-liger-zero-schneider-00_1.jpg?v=1737675148&width=533
zoid,model_kit,Gundam Planet,retailer,us,HMM Zoids RBOZ-003 Gojulas The Ogre,299.95,,,USD,New,https://www.gundamplanet.com/products/hmm-zoids-rboz-003-gojulas-the-ogre?_pos=161&_sid=5ddfd505f&_ss=r&_fid=bd891ba7f,https://www.gundamplanet.com/cdn/shop/files/hmm-zoids-rboz-003-gojulas-the-ogre-00.jpg?v=1737667049&width=533
zoid,model_kit,Gundam Planet,retailer,us,Zoids 1/72 AZ-05 Saber Tiger (Motorized Ver),96.95,,,USD,New,https://www.gundamplanet.com/products/zoids-1-72-az-05-saber-tiger-motorized-ver?_pos=162&_sid=5ddfd505f&_ss=r&_fid=bd891ba7f,https://www.gundamplanet.com/cdn/shop/files/zoids-1-72-az-05-saber-tiger-motorized-ver-gp_1.jpg?v=1739901159&width=533
zoid,model_kit,Gundam Planet,retailer,us,Adamas Machina Zoids 1/72 AMZ-01 Berserk Führer,329.95,,,USD,New,https://www.gundamplanet.com/products/adamas-machina-zoids-1-72-amz-01-berserk-fuhrer?_pos=163&_sid=5ddfd505f&_ss=r&_fid=bd891ba7f,https://www.gundamplanet.com/cdn/shop/files/adamas-machina-zoids-1-72-amz-01-berserk-fuhrer-fr.jpg?v=1737747328&width=533
zoid,model_kit,Gundam Planet,retailer,us,Zoids 1/72 AZ-10 Sea Panther,49.95,,,USD,New,https://www.gundamplanet.com/products/zoids-1-72-az-10-sea-panther?_pos=164&_sid=5ddfd505f&_ss=r&_fid=bd891ba7f,https://www.gundamplanet.com/cdn/shop/files/zoids-1-72-az-10-sea-panther-base.jpg?v=1760396833&width=533
zoid,model_kit,Gundam Planet,retailer,us,Zoids 1/72 AZ-01EX Blade Liger Leon Toros Ver.,85.95,,,USD,New,https://www.gundamplanet.com/products/zoids-1-72-az-01ex-blade-liger-leon-toros-ver?_pos=165&_sid=5ddfd505f&_ss=r&_fid=bd891ba7f,https://www.gundamplanet.com/cdn/shop/files/zoids-1-72-az-01ex-blade-liger-leon-toros-ver-fr_1.jpg?v=1739901200&width=533
zoid,model_kit,Gundam Planet,retailer,us,Zoids ZW32 Stylaser,48.95,,,USD,New,https://www.gundamplanet.com/products/zoids-zw32-stylaser?_pos=166&_sid=5ddfd505f&_ss=r&_fid=bd891ba7f,https://www.gundamplanet.com/cdn/shop/files/zoids-zw32-stylaser-gp.jpg?v=1739901166&width=533
zoid,model_kit,Gundam Planet,retailer,us,Realize Model Zoids 1/100 RMZ-010 Cannoly Molga & Hell Cat Base Guards,66.95,,,USD,New,https://www.gundamplanet.com/products/realize-model-zoids-1-100-rmz-010-cannoly-molga-hell-cat-base-guards?_pos=167&_sid=5ddfd505f&_ss=r&_fid=bd891ba7f,https://www.gundamplanet.com/cdn/shop/files/realize-model-zoids-1-100-rmz-010-canory-molga-hell-cat-base-guards-gp.jpg?v=1748365550&width=533
zoid,model_kit,Gundam Planet,retailer,us,HMM Zoids DPZ-10 Dark Horn,69.95,,,USD,New,https://www.gundamplanet.com/products/hmm-zoids-dpz-10-dark-horn?_pos=168&_sid=5ddfd505f&_ss=r&_fid=bd891ba7f,https://www.gundamplanet.com/cdn/shop/files/zd043_darkhorn_gp.jpg?v=1737666865&width=533
zoid,model_kit,Gundam Planet,retailer,us,Realize Model Zoids 1/100 RMZ-013 Shield Liger Bang Special,64.95,,,USD,New,https://www.gundamplanet.com/products/realize-model-zoids-1-100-rmz-013-shield-liger-bang-special?_pos=169&_sid=5ddfd505f&_ss=r&_fid=bd891ba7f,https://www.gundamplanet.com/cdn/shop/files/realize-model-zoids-1-100-rmz-013-shield-liger-bang-special-base.jpg?v=1754596046&width=533
zoid,model_kit,Gundam Planet,retailer,us,HMM Zoids Berserk Fuhrer Sturm Unit,63.95,,,USD,New,https://www.gundamplanet.com/products/hmm-zoids-berserk-fuhrer-sturm-unit?_pos=170&_sid=5ddfd505f&_ss=r&_fid=bd891ba7f,https://www.gundamplanet.com/cdn/shop/files/hmm-zoids-berserk-fuhrer-sturm-unit-00.jpg?v=1737671234&width=533
zoid,model_kit,Gundam Planet,retailer,us,HMM Zoids EZ-016 Saber Tiger (Marking Plus Ver.),79.95,,,USD,New,https://www.gundamplanet.com/products/hmm-zoids-ez-016-saber-tiger-marking-plus-ver?_pos=171&_sid=5ddfd505f&_ss=r&_fid=bd891ba7f,https://www.gundamplanet.com/cdn/shop/files/hmm-zoids-ez-016-saber-tiger-marking-plus-ver-gp.jpg?v=1737666608&width=533
zoid,model_kit,Gundam Planet,retailer,us,Zoids ZW26 Cannon Bull,35.95,,,USD,New,https://www.gundamplanet.com/products/zoids-zw26-cannon-bull?_pos=172&_sid=5ddfd505f&_ss=r&_fid=bd891ba7f,https://www.gundamplanet.com/cdn/shop/files/zoids-cannon-bull-gp.jpg?v=1739901163&width=533
zoid,model_kit,Gundam Planet,retailer,us,Zoids ZW28 Bazootle,35.95,,,USD,New,https://www.gundamplanet.com/products/zoids-zw28-bazootle?_pos=173&_sid=5ddfd505f&_ss=r&_fid=bd891ba7f,https://www.gundamplanet.com/cdn/shop/files/zoids-bazootle-gp.jpg?v=1739901165&width=533
zoid,model_kit,Gundam Planet,retailer,us,HMM Zoids EZ-035 Lightning Saix (Marking Plus Ver.),59.95,,,USD,New,https://www.gundamplanet.com/products/hmm-zoids-ez-035-lightning-saix-marking-plus-ver?_pos=174&_sid=5ddfd505f&_ss=r&_fid=bd891ba7f,https://www.gundamplanet.com/cdn/shop/files/hmm-zoids-ez-035-lightning-saix-00.jpg?v=1737666846&width=533
zoid,model_kit,Gundam Planet,retailer,us,HMM Zoids RZ-046 Fire Fox (Marking Plus Ver.),64.95,,,USD,New,https://www.gundamplanet.com/products/hmm-zoids-rz-046-fire-fox-marking-plus-ver?_pos=175&_sid=5ddfd505f&_ss=r&_fid=bd891ba7f,https://www.gundamplanet.com/cdn/shop/files/hmm-zoids-rz-046-fire-fox-marking-plus-ver-gp2.jpg?v=1737729715&width=533
zoid,model_kit,Gundam Planet,retailer,us,HMM Zoids RZ-041 Liger Zero Panzer Unit (Marking Plus Ver.),47.95,,,USD,New,https://www.gundamplanet.com/products/hmm-zoids-rz-041-liger-zero-panzer-unit-marking-plus-ver?_pos=176&_sid=5ddfd505f&_ss=r&_fid=bd891ba7f,https://www.gundamplanet.com/cdn/shop/files/hmm-zoids-rz-041-liger-zero-panzer-unit-marking-plus-ver-fr.jpg?v=1743631671&width=533
zoid,model_kit,Gundam Planet,retailer,us,HMM Zoids RZ-010 Pteras Bomber (Marking Plus Ver.),55.95,,,USD,New,https://www.gundamplanet.com/products/hmm-zoids-rz-010-pteras-bomber-marking-plus-ver?_pos=177&_sid=5ddfd505f&_ss=r&_fid=bd891ba7f,https://www.gundamplanet.com/cdn/shop/files/hmm-zoids-rz-010-pteras-bomber-marking-plus-ver-gp.jpg?v=1738029471&width=533
zoid,model_kit,Gundam Planet,retailer,us,Synergenex Zoids x Monster Hunter: Sonic Bird Rathalos Armor,59.95,,,USD,New,https://www.gundamplanet.com/products/synergenex-zoids-x-monster-hunter-sonic-bird-rathalos-armor?_pos=178&_sid=5ddfd505f&_ss=r&_fid=bd891ba7f,https://www.gundamplanet.com/cdn/shop/files/zoids-x-monster-hunter-sonic-bird-rathalos-armor-fr.jpg?v=1739901177&width=533
zoid,model_kit,Gundam Planet,retailer,us,HMM Zoids RMZ-04 Gurantula,45.95,,,USD,New,https://www.gundamplanet.com/products/hmm-zoids-rmz-04-gurantula?_pos=179&_sid=5ddfd505f&_ss=r&_fid=bd891ba7f,https://www.gundamplanet.com/cdn/shop/files/hmm-zoids-rmz-04-gurantula-gp2.jpg?v=1737746528&width=533
zoid,model_kit,Gundam Planet,retailer,us,HMM Zoids Customize Parts Booster Cannon Set,24.95,,,USD,New,https://www.gundamplanet.com/products/hmm-zoids-customize-parts-booster-cannon-set?_pos=180&_sid=5ddfd505f&_ss=r&_fid=bd891ba7f,https://www.gundamplanet.com/cdn/shop/files/hmm-zoids-customize-parts-booster-cannon-set-gp2.jpg?v=1737712530&width=533
zoid,model_kit,Gundam Planet,retailer,us,HMM Zoids EMZ-15 Molga AA And Molga Carrier,52.95,,,USD,New,https://www.gundamplanet.com/products/hmm-zoids-emz-15-molga-aa-and-molga-carrier?_pos=181&_sid=5ddfd505f&_ss=r&_fid=bd891ba7f,https://www.gundamplanet.com/cdn/shop/files/hmm-zoids-emz-15-molga-aa-and-molga-carrier-gp.jpg?v=1737680165&width=533
zoid,model_kit,Gundam Planet,retailer,us,HMM Zoids Customize Parts Attack Booster Set,23.95,,,USD,New,https://www.gundamplanet.com/products/hmm-zoids-customize-parts-attack-booster-set?_pos=182&_sid=5ddfd505f&_ss=r&_fid=bd891ba7f,https://www.gundamplanet.com/cdn/shop/files/hmm-zoids-customize-parts-attack-booster-set-gp.jpg?v=1737720749&width=533
zoid,model_kit,Gundam Planet,retailer,us,Synergenex Zoids x Monster Hunter: Knuckle Kong Rajang,69.95,,,USD,New,https://www.gundamplanet.com/products/synergenex-zoids-x-monster-hunter-knuckle-kong-rajang?_pos=183&_sid=5ddfd505f&_ss=r&_fid=bd891ba7f,https://www.gundamplanet.com/cdn/shop/files/monster-hunter-x-zoids-1-35-knuckle-kong-rajang_1.jpg?v=1742519291&width=533
zoid,model_kit,Gundam Planet,retailer,us,HMM Zoids EZ-015 Iron Kong PK (Prozen Knights Ver.),195.95,,,USD,New,https://www.gundamplanet.com/products/hmm-zoids-ez-015-iron-kong-pk-prozen-knights-ver?_pos=184&_sid=5ddfd505f&_ss=r&_fid=bd891ba7f,https://www.gundamplanet.com/cdn/shop/files/hmm-zoids-ez-015-iron-kong-pk-prozen-knights-ver-00.jpg?v=1737667007&width=533
zoid,model_kit,Gundam Planet,retailer,us,Synergenex Zoids x Monster Hunter: Beast Liger Sinister Armor,59.95,,,USD,New,https://www.gundamplanet.com/products/synergenex-zoids-x-monster-hunter-beast-liger-sinister-armor?_pos=185&_sid=5ddfd505f&_ss=r&_fid=bd891ba7f,https://www.gundamplanet.com/cdn/shop/files/zoids-x-monster-hunter-beast-liger-sinister-armor-fr.jpg?v=1739901178&width=533
zoid,model_kit,Gundam Planet,retailer,us,Zoids ZW29 Sniptera,35.95,,,USD,New,https://www.gundamplanet.com/products/zoids-zw29-sniptera?_pos=186&_sid=5ddfd505f&_ss=r&_fid=bd891ba7f,https://www.gundamplanet.com/cdn/shop/files/zoids-snipe-ptera-gp.jpg?v=1739901161&width=533
zoid,model_kit,Gundam Planet,retailer,us,Realize Model Zoids 1/100 RMZ-002 Geno Saurer,54.95,,,USD,New,https://www.gundamplanet.com/products/realize-model-zoids-1-100-rmz-002-geno-saurer?_pos=187&_sid=5ddfd505f&_ss=r&_fid=bd891ba7f,https://www.gundamplanet.com/cdn/shop/files/realize-model-zoids-1-100-rmz-002-geno-saurer-gp2.jpg?v=1737744843&width=533
zoid,model_kit,Gundam Planet,retailer,us,Synergenex Zoids x Monster Hunter: Gatling Fox Mizutsune,69.95,,,USD,New,https://www.gundamplanet.com/products/synergenex-zoids-x-monster-hunter-gatling-fox-mizutsune?_pos=188&_sid=5ddfd505f&_ss=r&_fid=bd891ba7f,https://www.gundamplanet.com/cdn/shop/files/monster-hunter-x-zoids-gatling-fox-mizutsune_1.jpg?v=1742519345&width=533
zoid,model_kit,Gundam Planet,retailer,us,HMM Zoids Liger Zero Schneider Unit Marking Plus Ver.,45.95,,,USD,New,https://www.gundamplanet.com/products/hmm-zoids-liger-zero-schneider-unit?_pos=189&_sid=5ddfd505f&_ss=r&_fid=bd891ba7f,https://www.gundamplanet.com/cdn/shop/files/hmm-zoids-liger-zero-schneider-unit-00.jpg?v=1737666951&width=533
zoid,model_kit,HLJ.com,retailer,,1/100 Realize Model Zoids RMZ-005 Molga Guylos Color,18.41,,,USD,New,https://www.hlj.com/1-100-scale-realize-model-zoids-rmz-005-molga-guylos-color-tkt93973,https://www.hlj.com/productthumbs/tkt/tkt93973_0_1725246607.jpg?v=1725246607
zoid,model_kit,HLJ.com,retailer,,1/100 Realize Model Zoids RMZ-004 Hell Cat Guylos Color,19.88,,,USD,New,https://www.hlj.com/1-100-scale-realize-model-zoids-rmz-004-hell-cat-guylos-color-tkt93970,https://www.hlj.com/productthumbs/tkt/tkt93970_0_1725246674.jpg?v=1725246674
zoid,model_kit,HLJ.com,retailer,,1/35 SPIDER ZOIDS SPIDER-MAN Special,31.01,,,USD,New,https://www.hlj.com/1-35-scale-spider-zoids-spider-man-special-tkt94855,https://www.hlj.com/productthumbs/tkt/tkt94855_0_1725246605.jpg?v=1725246605
zoid,model_kit,HLJ.com,retailer,,1/72 Zoids LIGHTNING SAIX Irvine Special 2000 -Recolor-,63.33,,,USD,New,https://www.hlj.com/1-72-scale-zoids-lightning-saix-irvine-special-2000-recolor-kbyzd192,https://www.hlj.com/productthumbs/kby/kbyzd192_0_1765852832.jpg?v=1765852832
zoid,model_kit,HLJ.com,retailer,,1/72 Zoids: RZ-030 Gun Sniper W2 (Reissue),40.31,,,USD,New,https://www.hlj.com/1-72-scale-zoids-rz-030-gun-sniper-w2-reissue-kbyzd146x,https://www.hlj.com/productthumbs/kby/kbyzd146x_0_1712629231.jpg?v=1712629231
zoid,model_kit,HLJ.com,retailer,,1/100 Realize Model Zoids RMZ-007 Trinity Liger,44.19,,,USD,New,https://www.hlj.com/1-100-scale-realize-model-zoids-rmz-007-trinity-liger-tkt93968,https://www.hlj.com/productthumbs/tkt/tkt93968_0_1736829611.jpg?v=1736829611
zoid,model_kit,HLJ.com,retailer,,1/72 Zoids Iron Kong Schwarz Special 1999 -Recolor-,143.61,,,USD,New,https://www.hlj.com/1-72-scale-zoids-iron-kong-schwarz-special-1999-recolor-kbyzd195,https://www.hlj.com/productthumbs/kby/kbyzd195_0_1770690630.jpg?v=1770690630
zoid,model_kit,HLJ.com,retailer,,1/72 Zoids: EZ-006 Molga Full Option Set,47.87,,,USD,New,https://www.hlj.com/1-72-scale-zoids-ez-006-molga-full-option-set-kbyzd186,https://www.hlj.com/productthumbs/kby/kbyzd186_0_1733970608.jpg?v=1733970608
zoid,model_kit,HLJ.com,retailer,,1/72 Zoids AZ-13 Canory Molga Insect Type,40.5,,,USD,New,https://www.hlj.com/1-72-scale-zoids-az-13-canory-molga-insect-type-tkt09684,https://www.hlj.com/productthumbs/tkt/tkt09684_0_1759716015.jpg?v=1759716015
zoid,model_kit,HLJ.com,retailer,,1/35 SPIDER ZOIDS BLACK SPIDER-MAN Special,31.01,,,USD,New,https://www.hlj.com/1-35-scale-spider-zoids-black-spider-man-special-tkt95596,https://www.hlj.com/productthumbs/tkt/tkt95596_0_1725246682.jpg?v=1725246682
zoid,model_kit,HLJ.com,retailer,,1/72 Zoids: EHI-7 Reddra Zenebus Empire Ver. (Reissue),46.51,,,USD,New,https://www.hlj.com/1-72-scale-zoids-ehi-7-reddra-zenebus-empire-ver-reissue-kbyzd152x,https://www.hlj.com/productthumbs/kby/kbyzd152x_0_1729737005.jpg?v=1729737005
zoid,model_kit,HLJ.com,retailer,,Zoids D-Style Shield Liger [Clear Parts Append],22.09,,,USD,New,https://www.hlj.com/zoids-d-style-shield-liger-clear-parts-append-kbykp-871,https://www.hlj.com/productthumbs/kby/kbykp-871_0_1775529008.jpg?v=1775529008
zoid,model_kit,HLJ.com,retailer,,ZOIDS: Liger Zero Jager Marking Plus Ver. (Reissue),57.21,,,USD,New,https://www.hlj.com/zoids-liger-zero-jager-marking-plus-ver-reissue-kbyzd122r,https://www.hlj.com/productthumbs/kby/kbyzd122r_0_1738821628.jpg?v=1738821628
zoid,model_kit,HLJ.com,retailer,,1/72 Zoids: EZ-005 Redler Guyros Empire Ver. (Reissue),46.51,,,USD,New,https://www.hlj.com/1-72-scale-zoids-ez-005-redler-guyros-empire-ver-reissue-kbyzd153x,https://www.hlj.com/productthumbs/kby/kbyzd153x_0_1729737009.jpg?v=1729737009
zoid,model_kit,HLJ.com,retailer,,1/72 Zoids: RZ-014 Godos Marking Plus Ver. (Reissue),41.02,,,USD,New,https://www.hlj.com/1-72-scale-zoids-rz-014-godos-marking-plus-ver-reissue-kbyzd157x,https://www.hlj.com/productthumbs/kby/kbyzd157x_0_1729737012.jpg?v=1729737012
zoid,model_kit,HLJ.com,retailer,,ZOIDS: RZ-007 Shield Liger DCS-J (Reissue),55.82,,,USD,New,https://www.hlj.com/zoids-rz-007-shield-liger-dcs-j-reissue-kbyzd129r,https://www.hlj.com/productthumbs/kby/kbyzd129r_0_1738821606.jpg?v=1738821606
zoid,model_kit,HLJ.com,retailer,,1/72 Zoids Gun Sniper Leena Special 2001 Re/color,45.66,,,USD,New,https://www.hlj.com/1-72-scale-zoids-gun-sniper-leena-special-2001-re-color-kbyzd193,https://www.hlj.com/productthumbs/kby/kbyzd193_0_1762396219.jpg?v=1762396219
zoid,model_kit,HLJ.com,retailer,,1/35 Monster Hunter x Zoids Knuckle Kong Rajang,42.33,,,USD,New,https://www.hlj.com/1-35-scale-monster-hunter-x-zoids-knuckle-kong-rajang-tkt99519,https://www.hlj.com/productthumbs/tkt/tkt99519_0_1741077635.jpg?v=1741077635
zoid,model_kit,HLJ.com,retailer,,1/35 Monster Hunter x Zoids Gatling Fox Mizutsune,42.33,,,USD,New,https://www.hlj.com/1-35-scale-monster-hunter-x-zoids-gatling-fox-mizutsune-tkt99520,https://www.hlj.com/productthumbs/tkt/tkt99520_0_1741078211.jpg?v=1741078211
zoid,model_kit,HLJ.com,retailer,,1/100 Realize Model Zoids RMZ-013 Shield Liger Bang Special,44.19,,,USD,New,https://www.hlj.com/1-100-scale-realize-model-zoids-rmz-013-shield-liger-bang-special-tkt99552,https://www.hlj.com/productthumbs/tkt/tkt99552_0_1754275269.jpg?v=1754275269
zoid,model_kit,HLJ.com,retailer,,1/100 Realize Model Zoids RMZ-006 Saber Tiger Schwalz Special,44.19,,,USD,New,https://www.hlj.com/1-100-scale-realize-model-zoids-rmz-006-saber-tiger-schwalz-special-tkt93971,https://www.hlj.com/productthumbs/tkt/tkt93971_0_1730456429.jpg?v=1730456429
zoid,model_kit,HLJ.com,retailer,,1/72 Zoids: EPZ-003 Great Sabre Marking Plus Ver. (Reissue),55.82,,,USD,New,https://www.hlj.com/1-72-scale-zoids-epz-003-great-sabre-marking-plus-ver-reissue-kbyzd135r,https://www.hlj.com/productthumbs/kby/kbyzd135r_0_1747883415.jpg?v=1747883415
zoid,model_kit,HLJ.com,retailer,,1/100 Realize Model Zoids RMZ-009 Iron Kong Guylos Color,61.4,,,USD,New,https://www.hlj.com/1-100-scale-realize-model-zoids-rmz-009-iron-kong-guylos-color-tkt93972,https://www.hlj.com/productthumbs/tkt/tkt93972_0_1743496224.jpg?v=1743496224
zoid,model_kit,HLJ.com,retailer,,1/72 Zoids: Liger Zero Schneider Unit Marking Plus Ver. (Reissue),26.51,,,USD,New,https://www.hlj.com/1-72-scale-zoids-liger-zero-schneider-unit-marking-plus-ver-reissue-kbyzd143r,https://www.hlj.com/productthumbs/kby/kbyzd143r_0_1739848810.jpg?v=1739848810
zoid,model_kit,HLJ.com,retailer,,1/72 Zoids: LIGER ZERO PANZER UNIT MARKING PLUS Ver. (Reissue),29.3,,,USD,New,https://www.hlj.com/1-72-scale-zoids-liger-zero-panzer-unit-marking-plus-ver-reissue-kbyzd144r,https://www.hlj.com/productthumbs/kby/kbyzd144r_0_1743475812.jpg?v=1743475812
zoid,model_kit,HLJ.com,retailer,,ZOIDS: Jager Unit Marking Plus Ver. For Liger Zero (Reissue),26.51,,,USD,New,https://www.hlj.com/zoids-jager-unit-marking-plus-ver-for-liger-zero-reissue-kbyzd147r,https://www.hlj.com/productthumbs/kby/kbyzd147r_0_1738822204.jpg?v=1738822204
zoid,model_kit,HLJ.com,retailer,,1/72 Zoids: RZ-041 Liger Zero Schneider Marking Plus Ver. (Reissue),57.21,,,USD,New,https://www.hlj.com/1-72-scale-zoids-rz-041-liger-zero-schneider-marking-plus-ver-reissue-kbyzd123r,https://www.hlj.com/productthumbs/kby/kbyzd123r_0_1739848207.jpg?v=1739848207
zoid,model_kit,HLJ.com,retailer,,1/100 Realize Model Zoids RMZ-014 Red Horn Guylos Color Styracosaurus Type,44.19,,,USD,New,https://www.hlj.com/1-100-scale-realize-model-zoids-rmz-014-red-horn-guylos-color-styracosaurus-type-tkt93974,https://www.hlj.com/productthumbs/tkt/tkt93974_0_1759715458.jpg?v=1759715458
zoid,model_kit,HLJ.com,retailer,,1/100 Realize Model Zoids RMZ-015 Saber Tiger Raven Special Tiger Type,47.87,,,USD,New,https://www.hlj.com/1-100-scale-realize-model-zoids-rmz-015-saber-tiger-raven-special-tiger-type-tkt09253,https://www.hlj.com/productthumbs/tkt/tkt09253_0_1762228209.jpg?v=1762228209
zoid,model_kit,HLJ.com,retailer,,1/100 Realize Model Zoids RMZ-017 Command Wolf Urban Warfare Special Wolf Type,39.77,,,USD,New,https://www.hlj.com/1-100-scale-realize-model-zoids-rmz-017-command-wolf-urban-warfare-special-wolf-type-tkt91877,https://www.hlj.com/productthumbs/tkt/tkt91877_0_1768281622.jpg?v=1768281622
zoid,model_kit,HLJ.com,retailer,,Zoids Wild EX-Zero,23.26,,,USD,New,https://www.hlj.com/zoids-wild-ex-zero-hbj62542,https://www.hlj.com/productthumbs/hbj/hbj62542_0_1627644631.jpg?v=1627644631
zoid,model_kit,HLJ.com,retailer,,40th Anniversary Zoids Encyclopedia,34.88,,,USD,New,https://www.hlj.com/40th-anniversary-zoids-encyclopedia-hbj63376,https://www.hlj.com/productthumbs/hbj/hbj63376_0_1711432206.jpg?v=1711432206
zoid,model_kit,HLJ.com,retailer,,ZOIDS Dark Forces Invasion,22.15,,,USD,New,https://www.hlj.com/zoids-dark-forces-invasion-hbj60648,https://www.hlj.com/productthumbs/hbj/hbj60648_0.jpg?v=
zoid,model_kit,HLJ.com,retailer,,Zoids Concept Art III,22.15,,,USD,New,https://www.hlj.com/zoids-concept-art-iii-hbj60435,https://www.hlj.com/productthumbs/hbj/hbj60435_0.jpg?v=
zoid,other,HLJ.com,retailer,,Zoids Republic Decal Set 1,4.19,,,USD,New,https://www.hlj.com/zoids-republic-decal-set-1-wavpt-06,https://www.hlj.com/productthumbs/wav/wavpt-06.jpg?v=
zoid,other,HLJ.com,retailer,,Zoids Empire Decal Set 1,4.19,,,USD,New,https://www.hlj.com/zoids-empire-decal-set-1-wavpt-07,https://www.hlj.com/productthumbs/wav/wavpt-07.jpg?v=
zoid,model_kit,HLJ.com,retailer,,1/72 Zoids: RZ-028 Blade Liger AB (Reissue),55.82,,,USD,New,https://www.hlj.com/1-72-scale-zoids-rz-028-blade-liger-ab-reissue-kbyzd131r,https://www.hlj.com/productthumbs/kby/kbyzd131r_0_1739848827.jpg?v=1739848827
zoid,model_kit,HLJ.com,retailer,,1/72 Zoid: RZ-029 Storm Sworder (Reissue),71.32,,,USD,New,https://www.hlj.com/1-72-scale-zoid-rz-029-storm-sworder-reissue-kbyzd101y,https://www.hlj.com/productthumbs/kby/kbyzd101y_0_1720671621.jpg?v=1720671621
zoid,model_kit,HLJ.com,retailer,,Zoid Anthology High-end Master File,18.61,,,USD,New,https://www.hlj.com/zoid-anthology-high-end-master-file-hbj60881,https://www.hlj.com/productthumbs/hbj/hbj60881_0_1484513865.jpg?v=1484513865
zoid,model_kit,HLJ.com,retailer,,EZ-034 Geno Breaker Repackage Ver. (Reissue),71.16,,,USD,New,https://www.hlj.com/ez-034-geno-breaker-repackage-ver-reissue-kbyzd140x-2,https://www.hlj.com/productthumbs/kby/kbyzd140x-2_0_1738821623.jpg?v=1738821623
zoid,model_kit,Gundam Place Store,retailer,us,Zoids Advanced Zi AZ-12 Geno Breaker (Motorized Model) 1/72,159.99,,,USD,New,https://gundamplacestore.com/products/zoids-az-02ex2-ez-054-liger-zero-lion-type-empire-ver-motorized-model-1-72-copy?q=zoids,https://cdn.shopify.com/s/files/1/0579/0095/7832/files/BA448151-242B-4B71-87EF-DCC70AB0DA56.webp?v=1780430354
zoid,model_kit,Gundam Place Store,retailer,us,Zoids Highend Master Model RZ-029 Storm Sworder,112.99,,,USD,New,https://gundamplacestore.com/products/zoids-highend-master-model-rz-029-storm-sworder?q=zoids,https://cdn.shopify.com/s/files/1/0579/0095/7832/files/7ac24283-c0f3-484a-b5cd-878563eb3a7d.jpg?v=1683227765
zoid,model_kit,Gundam Place Store,retailer,us,Zoids Highend Master Model RZ-002 Guysak 1/72 Scale Model Kit #061,54.99,,,USD,New,https://gundamplacestore.com/products/zoids-highend-master-model-rz-002-guysak-1-72-scale-model-kit?q=zoids,https://cdn.shopify.com/s/files/1/0579/0095/7832/files/1AC94B96-BCE0-49C4-AD13-0F6FC10666C5.webp?v=1726884135
zoid,model_kit,Gundam Place Store,retailer,us,Zoids x Metamor Verse MV-01 Ao Kiriyama & Blade Liger 1/10 Scale Model Kit,119.99,,,USD,New,https://gundamplacestore.com/products/neon-genesis-evangelion-x-zoids-t-spark-xeno-rex-production-model-02-model-kit-copy?q=zoids,https://cdn.shopify.com/s/files/1/0579/0095/7832/files/CB964387-3230-4DBD-BD8F-97C3CE5C929E.webp?v=1777491377
zoid,model_kit,Gundam Place Store,retailer,us,Zoids Adamas Machina AM-Z01EX Berserk Fury (Elementary Body) Model Kit,229.99,,,USD,New,https://gundamplacestore.com/products/zoids-advanced-zi-az-12-geno-breaker-1-72-scale-model-kit-copy?q=zoids,https://cdn.shopify.com/s/files/1/0579/0095/7832/files/66FE9756-B01F-4B28-9E00-6AE689004C3D.webp?v=1780430713
zoid,model_kit,Gundam Place Store,retailer,us,Zoids Highend Master Model EZ-054 Liger Zero X 1/72 Scale Model Kit,99.99,,,USD,New,https://gundamplacestore.com/products/zoids-highend-master-model-ez-054-liger-zero-x-1-72-scale-model-kit?q=zoids,https://cdn.shopify.com/s/files/1/0579/0095/7832/files/DE770B6A-AB6B-49E0-AC86-CF210E3FDD83.jpg?v=1769787856
zoid,model_kit,Gundam Place Store,retailer,us,"Zoids Highend Master Model
EPZ-003 Great Saber
(Marking Plus Ver.) 1/72 Scale
Model Kit",94.99,,,USD,New,https://gundamplacestore.com/products/zoids-highend-master-model-epz-003-berserk-fuhrer-repackage-ver?q=zoids,https://cdn.shopify.com/s/files/1/0579/0095/7832/files/FA830B06-BF5F-499E-9286-04D59B60C00B.webp?v=1772055429
zoid,model_kit,Gundam Place Store,retailer,us,Zoids Lightning Saix (Irvine Special) 2000 -Recolor-,69.99,,,USD,New,https://gundamplacestore.com/products/zoids-highend-master-model-ez-035-lightning-saix-marking-plus-ver-20-copy?q=zoids,https://cdn.shopify.com/s/files/1/0579/0095/7832/files/F05C3112-788B-4FB2-87EE-E34AB3461AB5.webp?v=1783455718
zoid,model_kit,Gundam Place Store,retailer,us,Zoids AZ-02EX2 EZ-054 Liger Zero Lion Type (Empire Ver.) [Motorized Model] 1/72,100.99,,,USD,New,https://gundamplacestore.com/products/zoids-az-02ex2-ez-054-liger-zero-lion-type-empire-ver-motorized-model-1-72?q=zoids,https://cdn.shopify.com/s/files/1/0579/0095/7832/files/original_5_62166b89-1344-4fc4-88e1-96327d984521.webp?v=1780081497
zoid,model_kit,Gundam Place Store,retailer,us,Zoids Realize Model RMZ-012 Hell Cat Tirol 1/100 Scale Model Kit,44.99,,,USD,New,https://gundamplacestore.com/products/zoids-realize-model-rmz-012-hell-cat-tirol-1-100-scale-model-kit?q=zoids,https://cdn.shopify.com/s/files/1/0579/0095/7832/files/C2608C36-8B0F-460E-847B-E80EEA14F887.webp?v=1777493333
zoid,model_kit,Gundam Place Store,retailer,us,Zoids Realize Model RMZ-016 Blade Liger Panzer (ZBF) Lion Type 1/100 Scale Model Kit,71.99,,,USD,New,https://gundamplacestore.com/products/zoids-realize-model-rmz-016-blade-liger-panzer-zbf-lion-type-1-100-scale-model-kit?q=zoids,https://cdn.shopify.com/s/files/1/0579/0095/7832/files/54F2E078-FBAE-4F99-85AD-553C96C99F02.webp?v=1787595210
zoid,model_kit,Gundam Place Store,retailer,us,Zoids Realize Model RMZ-014 Red Horn Styracosaurus Type 1/100 Scale Model Kit,54.99,,,USD,New,https://gundamplacestore.com/products/zoids-highend-master-model-017-ez-004-red-horn-marking-plus-ver-1-72-scale-model-kit-copy?q=zoids,https://cdn.shopify.com/s/files/1/0579/0095/7832/files/0914AE38-7C87-4C5E-8B56-9769A5AC7614.webp?v=1783832754
zoid,model_kit,Gundam Place Store,retailer,us,Zoids AZ-08 EZ-006 Molga Insect Type (Motorized Model) 1/72,50.99,,,USD,New,https://gundamplacestore.com/products/zoids-az-08-ez-006-molga-insect-type-motorized-model-1-72?q=zoids,https://cdn.shopify.com/s/files/1/0579/0095/7832/files/a7e39463-0aa1-4bc7-a038-89b6e6d4d484.webp?v=1748639545
zoid,model_kit,Gundam Place Store,retailer,us,Neon Genesis Evangelion x Zoids T-Spark Xeno Rex Test Type-01 Model Kit,65.99,,,USD,New,https://gundamplacestore.com/products/zoids-x-neon-genesis-evangelion-t-spark-xeno-rex-test-type-01-model-kit?q=zoids,https://cdn.shopify.com/s/files/1/0579/0095/7832/files/C481172B-51E4-410E-B7F9-099BB346EF1C.webp?v=1777488944
zoid,model_kit,Gundam Place Store,retailer,us,Zoids Realize Model RMZ-015 Saber Tiger Raven Special Tiger Type 1/100 Scale Model Kit,48.99,,,USD,New,https://gundamplacestore.com/products/zoids-realize-model-rmz-015-saber-tiger-raven-special-tiger-type-1-100-scale-model-kit?q=zoids,https://cdn.shopify.com/s/files/1/0579/0095/7832/files/rn-image_picker_lib_temp_798ba2d0-1d98-46ea-a3a8-05844b85ad98.jpg?v=1787067055
zoid,model_kit,Gundam Place Store,retailer,us,Zoids Highend Master Model RZ-014 Godos (Marking Plus Ver.),53.99,,,USD,New,https://gundamplacestore.com/products/zoids-highend-master-model-rz-014-godos-marking-plus-ver?q=zoids,https://cdn.shopify.com/s/files/1/0579/0095/7832/products/03717ef5-1648-41dd-818b-7dd224c6060e.jpg?v=1661188959
zoid,other,USA Gundam Store,retailer,us,CS532 Mr Color HMM Zoids Color Set,12.99,,,USD,New,https://www.usagundamstore.com/products/cs532-mr-color-hmm-zoids-color-set,https://cdn.shopify.com/s/files/1/0727/8355/products/gsi-creos-mr-hobby-cs532-mr-frame-hmm-zoids-republic-empire-color-set__57116_600x600.jpg?v=1759295716
zoid,model_kit,USA Gundam Store,retailer,us,Zoids Advanced Zi AZ-17DX Ultra Saurus Gravity Cannon (Deluxe Ver.) 1/72 Scale Weapon Set,399.99,,,USD,New,https://www.usagundamstore.com/products/zoids-realize-model-zoids-advanced-series-az-17dx-ultra-saurus-gravity-cannon-deluxe-version-1-72-scale-model-kit-copy,https://cdn.shopify.com/s/files/1/0727/8355/files/GN343_11_600x600.jpg?v=1783517229
zoid,model_kit,USA Gundam Store,retailer,us,Zoids Chaotic Century D-Style Command Wolf Irvine Special (Clear Parts Append) Model Kit,24.99,,,USD,New,https://www.usagundamstore.com/products/zoids-chaotic-century-d-style-command-wolf-irvine-special-clear-parts-append-model-kit,https://cdn.shopify.com/s/files/1/0727/8355/files/original_4_6c500efc-12a1-49b5-93e7-31620e427459_600x600.webp?v=1776958352
zoid,model_kit,USA Gundam Store,retailer,us,Zoids Realize Model RMZ-025 Liger Zero Falcon (ZBF) 1/100 Scale Model Kit,79.99,,,USD,New,https://www.usagundamstore.com/products/zoids-realize-model-rmz-025-liger-zero-falcon-zbf-1-100-scale-model-kit,https://cdn.shopify.com/s/files/1/0727/8355/files/092551_outline_11_600x600.jpg?v=1785931359
zoid,model_kit,USA Gundam Store,retailer,us,Zoids x Monster Hunter Synergenex Wild Liger Zinogre Model Kit,58.99,,,USD,New,https://www.usagundamstore.com/products/zoids-x-monster-hunter-synergenex-series-wild-liger-zinogre-model-kit,https://cdn.shopify.com/s/files/1/0727/8355/files/GN322_9_600x600.jpg?v=1780664552
zoid,model_kit,USA Gundam Store,retailer,us,Zoids Chaotic Century D-Style Gustav Moonbay Special (Clear Parts Append) Model Kit,26.99,,,USD,New,https://www.usagundamstore.com/products/zoids-chaotic-century-d-style-gustav-moonbay-special-clear-parts-append-model-kit,https://cdn.shopify.com/s/files/1/0727/8355/files/768w_14_9bebf358-ec38-4096-80f1-74dea43e1520_600x600.webp?v=1779370805
zoid,model_kit,USA Gundam Store,retailer,us,Zoids Chaotic Century D-Style Shield Liger (Clear Parts Append) Model Kit,24.99,,,USD,New,https://www.usagundamstore.com/products/zoids-chaotic-century-d-style-shield-liger-clear-parts-append-model-kit,https://cdn.shopify.com/s/files/1/0727/8355/files/768w-2026-04-07T093613.465_600x600.webp?v=1775568984
zoid,model_kit,USA Gundam Store,retailer,us,Zoids Realize Model RMZ-016 Blade Liger Panzer (ZBF) Lion Type 1/100 Scale Model Kit,71.99,,,USD,New,https://www.usagundamstore.com/products/zoids-realize-model-rmz-016-blade-liger-panther-zbf-1-100-scale-model-kit,https://cdn.shopify.com/s/files/1/0727/8355/files/dc00ee8c-0ecb-43db-919c-1c2cc3dc45a6_600x600.webp?v=1764952465
zoid,model_kit,USA Gundam Store,retailer,us,Zoids New Century Zero Highend Master Model RZ-030 Gun Sniper (Leena Special 2001 Re/color Ver.) 1/72 Scale Model Kit,59.99,,,USD,New,https://www.usagundamstore.com/products/zoids-highend-master-model-gun-sniper-leena-special-2001-re-color-1-72-scale-model-kit,https://cdn.shopify.com/s/files/1/0727/8355/files/90fd4abb-7b99-46b1-9839-9c0b97dd000e_600x600.jpg?v=1762451971
zoid,model_kit,USA Gundam Store,retailer,us,Zoids New Century Highend Master Model Dark Horn Harry Special (2001 Re/Color) 1/72 Scale Model Kit,129.99,,,USD,New,https://www.usagundamstore.com/products/zoids-new-century-highend-master-model-dark-horn-harry-special-2001-re-color-1-72-scale-model-kit,https://cdn.shopify.com/s/files/1/0727/8355/files/768w_12_c9efab77-0405-449d-bacc-511386f32517_600x600.webp?v=1783021978
zoid,model_kit,USA Gundam Store,retailer,us,Zoids x Monster Hunter Synergenex Wild Liger Stygian Zinogre Model Kit,58.99,,,USD,New,https://www.usagundamstore.com/products/zoids-x-monster-hunter-synergenex-series-wild-liger-stygian-zinogre-model-kit,https://cdn.shopify.com/s/files/1/0727/8355/files/GN323_9_600x600.jpg?v=1780664808
zoid,model_kit,USA Gundam Store,retailer,us,Zoids Realize Model RMZ-024 Storm Sworder 1/100 Scale Model Kit,56.99,,,USD,New,https://www.usagundamstore.com/products/zoids-realize-model-zoids-advanced-series-rmz-024-storm-sworder-1-100-scale-model-kit,https://cdn.shopify.com/s/files/1/0727/8355/files/GN330_10_600x600.jpg?v=1783517593
zoid,model_kit,USA Gundam Store,retailer,us,Zoids Realize Model RMZ-023 Lightning Saix Irvine Special 1/100 Scale Model Kit,58.99,,,USD,New,https://www.usagundamstore.com/products/zoids-realize-model-rmz-023-lightning-saix-irvine-special-1-100-scale-model-kit,https://cdn.shopify.com/s/files/1/0727/8355/files/GN321_10_600x600.jpg?v=1780664078
zoid,model_kit,USA Gundam Store,retailer,us,Zoids x Monster Hunter Synergenex Series Knuckle Kong Rajang Model Kit,55.99,,,USD,New,https://www.usagundamstore.com/products/monster-hunter-x-zoids-knuckle-kong-rajang-1-35-scale-model-kit,https://cdn.shopify.com/s/files/1/0727/8355/files/8e95bc9c-4ab2-4997-b8ad-fbb02b0ada06_600x600.webp?v=1762287562
zoid,model_kit,USA Gundam Store,retailer,us,Zoids Chaotic Century Highend Master Model Storm Sworder (Ala Barone Special 2000 - Recolor-) 1/72 Scale Model Kit,85.99,,,USD,New,https://www.usagundamstore.com/products/zoids-chaotic-century-highend-master-model-storm-sworder-ala-barone-special-2000-recolor-1-72-scale-model-kit,https://cdn.shopify.com/s/files/1/0727/8355/files/b2cee152-bc21-4b17-acdd-8cd2fd919146_600x600.webp?v=1773927389
zoid,model_kit,USA Gundam Store,retailer,us,Zoids Chaotic Century Highend Master Model Death Stinger Hiltz (Special 2000 - Recolor-) Model Kit,159.99,,,USD,New,https://www.usagundamstore.com/products/zoids-chaotic-century-highend-master-model-death-stinger-hiltz-special-2000-recolor-model-kit,https://cdn.shopify.com/s/files/1/0727/8355/files/ac225908-9b54-4261-9485-c8de3d12f3f2_600x600.webp?v=1771614137
zoid,model_kit,USA Gundam Store,retailer,us,Zoids Adamas Machina AM-Z02 Blade Liger Action Figure,294.99,,,USD,New,https://www.usagundamstore.com/products/zoids-adamas-machina-am-z02-blade-liger-action-figure,https://cdn.shopify.com/s/files/1/0727/8355/files/946632_outline_11_600x600.jpg?v=1785931742
zoid,model_kit,USA Gundam Store,retailer,us,Zoids Realize Model RMZ-011 Geno Saurer Raven Special 1/100 Scale Model Kit,59.99,,,USD,New,https://www.usagundamstore.com/products/zoids-realize-model-zoids-advanced-series-rmz-011-geno-saurer-raven-special-1-100-scale-model-kit,https://cdn.shopify.com/s/files/1/0727/8355/files/GN342_10_600x600.jpg?v=1783517486
zoid,model_kit,USA Gundam Store,retailer,us,Zoids x Patlabor Synergenex Fangriffon Model Kit,59.99,,,USD,New,https://www.usagundamstore.com/products/zoids-x-patlabor-synergenex-fangriffon-model-kit,https://cdn.shopify.com/s/files/1/0727/8355/files/GN331_10_600x600.jpg?v=1783525682
zoid,model_kit,USA Gundam Store,retailer,us,Zoids Advanced Zi AZ-17 Ultra Saurus 1/72 Scale Model Kit,299.99,,,USD,New,https://www.usagundamstore.com/products/zoids-realize-model-az-17-ultra-saurus-1-72-scale-model-kit,https://cdn.shopify.com/s/files/1/0727/8355/files/GN328_11_600x600.jpg?v=1783516813
zoid,model_kit,USA Gundam Store,retailer,us,Zoids Highend Master Model RPZ-14 Salamander F2 1/72 Scale Model Kit,299.99,,,USD,New,https://www.usagundamstore.com/products/zoids-highend-master-model-rpz-14-salamander-f2-1-72-scale-model-kit,https://cdn.shopify.com/s/files/1/0727/8355/files/original_78_3741bc41-5492-40a4-af3a-673ed1196019_600x600.webp?v=1782400854
zoid,model_kit,USA Gundam Store,retailer,us,Zoids Advanced Zi AZ-16 Liger Zero Jager 1/72 Scale Model Kit,114.99,,,USD,New,https://www.usagundamstore.com/products/zoids-advanced-zi-az-16-liger-zero-jager-1-72-scale-model-kit,https://cdn.shopify.com/s/files/1/0727/8355/files/768w_2_0fefd03f-9f53-4752-85b2-ebe31cde4665_600x600.webp?v=1778691823
zoid,model_kit,USA Gundam Store,retailer,us,Zoids Realize Model RMZ-020F Zabat Full Option Set 1/100 Scale Model Kit,47.99,,,USD,New,https://www.usagundamstore.com/products/zoids-realize-model-rmz-020f-zabat-full-option-set-1-100-scale-model-kit,https://cdn.shopify.com/s/files/1/0727/8355/files/2274f852-b77a-4564-9b9c-63308592ebc9_600x600.webp?v=1771303919
zoid,model_kit,USA Gundam Store,retailer,us,Zoids Advanced Zi AZ-10EX Sea Panther (Guylos Specification Ver.) 1/72 Scale Model Kit,47.99,,,USD,New,https://www.usagundamstore.com/products/zoids-advanced-zi-az-10ex-sea-panther-guylos-specification-ver-1-72-scale-model-kit,https://cdn.shopify.com/s/files/1/0727/8355/files/121f321a-8184-4fb3-9479-6fc1e4476425_600x600.webp?v=1768420642
zoid,model_kit,USA Gundam Store,retailer,us,Zoids AZ-01 Blade Liger 1/72 Scale Model Kit,87.99,,,USD,New,https://www.usagundamstore.com/products/zoids-az-01-blade-liger-1-72-scale-model-kit,https://cdn.shopify.com/s/files/1/0727/8355/files/de4ef9b8-f6d1-4ffa-b573-d7cb47f438df_600x600.jpg?v=1762281953
zoid,model_kit,USA Gundam Store,retailer,us,Zoids Realize Model RMZ-022 Murasame Liger 1/100 Scale Model Kit,56.99,,,USD,New,https://www.usagundamstore.com/products/zoids-realize-model-rmz-022-murasame-liger-1-100-scale-model-kit,https://cdn.shopify.com/s/files/1/0727/8355/files/768w_1_1a170a51-7df4-466b-8c1e-115cb4598fc2_600x600.jpg?v=1778691764
zoid,model_kit,USA Gundam Store,retailer,us,Zoids Realize Model RMZ-021 Shield Liger MK-2 1/100 Scale Model Kit,54.99,,,USD,New,https://www.usagundamstore.com/products/zoids-realize-model-rmz-021-shield-liger-mk-2-1-100-scale-model-kit,https://cdn.shopify.com/s/files/1/0727/8355/files/original-2026-04-03T133049.577_600x600.webp?v=1775237466
zoid,model_kit,USA Gundam Store,retailer,us,Zoids x Metamor Verse MV-01A Ao Kiriyama &amp; Blade Liger (Dress Code #Scarlet) 1/10 Scale Model Kit,107.99,,,USD,New,https://www.usagundamstore.com/products/mv-01a-ao-kiriyama-blade-liger-dress-code-scarlet,https://cdn.shopify.com/s/files/1/0727/8355/files/1a9c1883-2108-48ff-88c2-3db218ec4554_600x600.webp?v=1773143999
zoid,model_kit,USA Gundam Store,retailer,us,Zoids Realize Model RMZ-001 Blade Liger 1/100 Scale Model Kit,39.99,,,USD,New,https://www.usagundamstore.com/products/zoids-rmz-001-blade-liger-1-100-scale-model-kit,https://cdn.shopify.com/s/files/1/0727/8355/files/918752_11_000eb2ab-fdcf-4856-b5a2-9317ff219724_600x600.jpg?v=1762284328
zoid,model_kit,USA Gundam Store,retailer,us,Zoids Highend Master Model RZ-014 Godos (Marking Plus Ver.) 1/72 Scale Model Kit,41.29,,,USD,New,https://www.usagundamstore.com/products/zoids-highend-master-model-1-72-rz-014-godos-marking-plus-ver,https://cdn.shopify.com/s/files/1/0727/8355/products/cbac7f51-3efa-4129-b8bb-46c907b7b4fa_600x600.jpg?v=1762275382
zoid,model_kit,USA Gundam Store,retailer,us,Zoids 2 Helic Republic vs. Guylos Empire Realize Model RMZ-018 Trinity Liger (Captured Color) 1/100 Scale Model Kit,47.99,,,USD,New,https://www.usagundamstore.com/products/zoids-2-helic-republic-vs-guylos-empire-realize-model-rmz-018-trinity-liger-captured-color-1-100-scale-model-kit,https://cdn.shopify.com/s/files/1/0727/8355/files/ff43fcd2-e65d-464f-b125-2674ca5049bf_600x600.webp?v=1771302966
zoid,model_kit,USA Gundam Store,retailer,us,Zoids Advanced Zi AZ-17EX Ultra Saurus Gravity Cannon 1/72 Scale Weapon Set,99.99,,,USD,New,https://www.usagundamstore.com/products/zoids-realize-model-az-17ex-ultra-saurus-gravity-cannon-1-72-scale-model-kit,https://cdn.shopify.com/s/files/1/0727/8355/files/GN329_6_600x600.jpg?v=1783517081
zoid,model_kit,USA Gundam Store,retailer,us,Zoids Advanced Zi AZ-15 Psycho Geno Saurer 1/72 Scale Model Kit,119.99,,,USD,New,https://www.usagundamstore.com/products/zoids-advanced-zi-az-15-psycho-geno-saurer-1-72-scale-model-kit,https://cdn.shopify.com/s/files/1/0727/8355/files/256625a2-04af-46c3-abeb-a5ef491208ac_600x600.webp?v=1771302654
zoid,model_kit,USA Gundam Store,retailer,us,Zoids Adamas Machina AM-Z01EX Berserk Fury (Elementary Body) Model Kit,226.99,,,USD,New,https://www.usagundamstore.com/products/zoids-adamas-machina-am-z01ex-berserk-fury-elementary-body-model-kit,https://cdn.shopify.com/s/files/1/0727/8355/files/e54f2598-aa17-4cf6-9544-6d9f86f803de_600x600.webp?v=1759944451
zoid,model_kit,USA Gundam Store,retailer,us,Zoids RMZ-007 Trinity Liger 1/100 Scale Model Kit,45.99,,,USD,New,https://www.usagundamstore.com/products/zoids-rmz-007-trinity-liger-1-100-scale-model-kit,https://cdn.shopify.com/s/files/1/0727/8355/files/8ec23d77-1cdb-45f9-a532-d607b9e62193_600x600.webp?v=1762286785
zoid,model_kit,USA Gundam Store,retailer,us,Zoids ADVANCED Zi AZ-06EX Phoenix Republic Ver. 1/72 Scale Exclusive Model Kit,44.99,,,USD,New,https://www.usagundamstore.com/products/zoids-az-06ex-phoenix-republic-ver-1-72-scale-model-kit,https://cdn.shopify.com/s/files/1/0727/8355/files/5e2f6b72-56a9-4b11-8702-a7fc558baf9b_600x600.webp?v=1762286329
zoid,model_kit,USA Gundam Store,retailer,us,Zoids Highend Master Model EHI-7 Reddra Zenebus (Empire Ver.) 1/72 Scale Model Kit (Reissue),59.99,,,USD,New,https://www.usagundamstore.com/products/zoids-highend-master-model-ehi-7-reddra-zenebus-empire-ver-1-72-scale-model-kit,https://cdn.shopify.com/s/files/1/0727/8355/products/ff8f38f8-848c-4922-92df-cb059f1f0f83_600x600.jpg?v=1762278707
zoid,model_kit,USA Gundam Store,retailer,us,1/72 ZOIDS EZ-027 RAVEN RAPTOR,55.99,,,USD,New,https://www.usagundamstore.com/products/1-72-zoids-ez-027-raven-raptor,https://cdn.shopify.com/s/files/1/0727/8355/products/kbyzd109_2_1_600x600.jpg?v=1762274538
zoid,model_kit,USA Gundam Store,retailer,us,Zoids Fine Graph RZ-028 Blade Liger (AB Bang Ver.) Frame,199.99,,,USD,New,https://www.usagundamstore.com/products/zoids-fine-graph-rz-028-blade-liger-ab-bang-ver-frame,https://cdn.shopify.com/s/files/1/0727/8355/files/GV220_CFG_BLADE_LIGER_AB_01_600x600.webp?v=1786105275
zoid,model_kit,USA Gundam Store,retailer,us,Zoids Realize Model RMZ-017 Command Wolf (Urban Warfare Special Ver.) 1/100 Scale Model Kit,47.99,,,USD,New,https://www.usagundamstore.com/products/zoids-realize-model-rmz-017-command-wolf-urban-warfare-special-ver-1-100-scale-model-kit,https://cdn.shopify.com/s/files/1/0727/8355/files/e3920dd7-f6b8-442d-8232-822188c50259_600x600.webp?v=1768420394
zoid,model_kit,USA Gundam Store,retailer,us,Zoids Advanced Zi AZ-03EX Murasame Liger (Original Color Ver.) 1/72 Scale Model Kit,103.99,,,USD,New,https://www.usagundamstore.com/products/zoids-advanced-zi-az-03ex-murasame-liger-original-color-1-72-scale-model-kit,https://cdn.shopify.com/s/files/1/0727/8355/files/734a6362-8ef7-4375-80c5-e30c278f6a12_600x600.webp?v=1764952513
zoid,model_kit,USA Gundam Store,retailer,us,Zoids Realize Model RMZ-004 Hellcat (Guylos Color Ver.) 1/100 Scale Model Kit,24.99,,,USD,New,https://www.usagundamstore.com/products/zoids-realize-model-rmz-004-hellcat-guylos-color-ver-1-100-scale-model-kit,https://cdn.shopify.com/s/files/1/0727/8355/files/083f7bce-ccd7-464e-af27-f23f2db44053_600x600.webp?v=1762285183
zoid,model_kit,USA Gundam Store,retailer,us,Zoids Highend Master Model EZ017 Iguan (Marking Plus Ver.) Model Kit,42.99,,,USD,New,https://www.usagundamstore.com/products/zoids-highend-master-model-ez017-iguan-marking-plus-ver-model-kit,https://cdn.shopify.com/s/files/1/0727/8355/products/c340b830-de85-48c8-afd6-683fd6b5d130_600x600.jpg?v=1762275596
zoid,model_kit,USA Gundam Store,retailer,us,Zoids Genesis Spark Fig Grande SF-G01 Kotona Elegance 1/7 Scale Figure,169.99,,,USD,New,https://www.usagundamstore.com/products/zoids-genesis-spark-fig-grande-sf-g01-kotona-elegance-1-7-scale-figure,https://cdn.shopify.com/s/files/1/0727/8355/files/768w_15_5486871c-076f-465b-ab63-1f79cad2e487_600x600.webp?v=1778699105
zoid,model_kit,USA Gundam Store,retailer,us,Zoids Advanced Zi AZ-02EX3 Liger Zero Type Zero Armor 1/72 Scale Armor Parts Set,20.99,,,USD,New,https://www.usagundamstore.com/products/zoids-advanced-zi-az-02ex3-liger-zero-type-zero-armor-1-72-scale-model-kit,https://cdn.shopify.com/s/files/1/0727/8355/files/768w_d7745d16-bff1-47df-af1c-76b1760a0497_600x600.webp?v=1778691903
zoid,model_kit,USA Gundam Store,retailer,us,Zoids Realize Model RMZ-020 Zabat 1/100 Scale Model Kit,32.99,,,USD,New,https://www.usagundamstore.com/products/zoids-realize-model-rmz-020-zabat-1-100-scale-model-kit,https://cdn.shopify.com/s/files/1/0727/8355/files/46e2fa82-c42d-4353-989c-4933f07e5570_600x600.webp?v=1771302790
zoid,model_kit,USA Gundam Store,retailer,us,Zoids Advanced Zi AZ-14EX Liger Zero X Unit 1/72 Scale Armor Parts Set,47.99,,,USD,New,https://www.usagundamstore.com/products/zoids-advanced-zi-az-14ex-liger-zero-x-unit-1-72-scale-armor-parts-set,https://cdn.shopify.com/s/files/1/0727/8355/files/14a632fb-405c-45ab-b4f0-913e349369be_600x600.webp?v=1771302510
zoid,model_kit,USA Gundam Store,retailer,us,Zoids Realize Model RMZ-006 Saber Tiger (Schwarz Special Ver.) 1/100 Scale Model Kit,49.99,,,USD,New,https://www.usagundamstore.com/products/zoids-realize-model-rmz-006-saber-tiger-schwarz-special-ver-1-100-scale-model-kit,https://cdn.shopify.com/s/files/1/0727/8355/files/9bddc768-2545-4605-82b1-0c477a7e6680_600x600.webp?v=1762285721
zoid,model_kit,USA Gundam Store,retailer,us,Zoids Highend Master Model Customize Parts Pile Bunker Unit,10.99,,,USD,New,https://www.usagundamstore.com/products/zoids-highend-master-model-customize-parts-pile-bunker-unit,https://cdn.shopify.com/s/files/1/0727/8355/products/8c8f5943-5a08-4506-9a41-7199aa19a35f_600x600.jpg?v=1762274549
zoid,model_kit,USA Gundam Store,retailer,us,Zoids Advanced Zi AZ-16EX Liger Zero Jager (Unit Original Color) 1/72 Scale Armor Parts Set,41.99,,,USD,New,https://www.usagundamstore.com/products/zoids-advanced-zi-az-16ex-liger-zero-jager-unit-original-color-ver-1-72-scale-model-kit,https://cdn.shopify.com/s/files/1/0727/8355/files/768w_3_412877e1-d2d2-438f-8158-3799b3b5badc_600x600.webp?v=1778691867
zoid,model_kit,USA Gundam Store,retailer,us,Zoids Realize Model RMZ-019 Hell Cat &amp; Molga (Zenebus Color) 1/100 Scale Model Kit Set,42.99,,,USD,New,https://www.usagundamstore.com/products/zoids-realize-model-rmz-019-hell-cat-molga-zenebus-color-1-100-scale-model-kit-set,https://cdn.shopify.com/s/files/1/0727/8355/files/3945d973-f7cb-4bae-9f14-22d45ba9e832_600x600.webp?v=1771303743
zoid,model_kit,USA Gundam Store,retailer,us,Transformers x Zoids X Diaclone Synergenex Series Shield-D-Prime Action Figure,399.99,,,USD,New,https://www.usagundamstore.com/products/transformers-x-zoids-x-diaclone-synergenex-series-shield-d-prime-action-figure,https://cdn.shopify.com/s/files/1/0727/8355/files/68fdc646-bd79-4033-b94b-f7123e841c35_600x600.webp?v=1762288945
zoid,model_kit,USA Gundam Store,retailer,us,Zoids Highend Master Model RZ-009 Command Wolf AC &amp; LC (Marking Plus Ver.) 1/72 Scale Model Kit,69.99,,,USD,New,https://www.usagundamstore.com/products/zoids-highend-master-model-rz-009-command-wolf-ac-lc-marking-plus-ver-1-72-scale-model-kit,https://cdn.shopify.com/s/files/1/0727/8355/files/dbb9e2c2-b63b-474d-a9b6-5279bdbf60fd_600x600.webp?v=1762285859
zoid,model_kit,USA Gundam Store,retailer,us,Zoids Highend Master Model EZ-049 Sturm Tyrann (Berserk Unit) 1/72 Scale Model Kit,115.49,,,USD,New,https://www.usagundamstore.com/products/zoids-highend-master-model-ez-049-sturm-tyrann-berserk-unit-1-72-scale-model-kit,https://cdn.shopify.com/s/files/1/0727/8355/files/b3660005-61e9-4ad3-b388-7749163f7772_600x600.webp?v=1762285549
zoid,model_kit,USA Gundam Store,retailer,us,Zoids Realize Model RMZ-005 Molga (Guylos Color Ver.) 1/100 Scale Model Kit,22.99,,,USD,New,https://www.usagundamstore.com/products/zoids-realize-model-rmz-005-molga-guylos-color-ver-1-100-scale-model-kit,https://cdn.shopify.com/s/files/1/0727/8355/files/8a7445f1-b218-420c-a6d7-e5d791722f74_600x600.webp?v=1762285183
zoid,model_kit,USA Gundam Store,retailer,us,Zoids Highend Master Model EZ027 Rev Raptor (Night Patrol Ver.) 1/72 Scale Model Kit,79.99,,,USD,New,https://www.usagundamstore.com/products/zoids-highend-master-model-ez-027-rev-raptor-night-patrol,https://cdn.shopify.com/s/files/1/0727/8355/products/3f4f3d19-625b-441d-a873-28c7c31357cc_600x600.jpg?v=1762280041
zoid,model_kit,USA Gundam Store,retailer,us,Zoids Highend Master Model RBOZ-006 Dibison (Marking Plus Ver.) 1/72 Scale Model Kit (Reissue),109.99,,,USD,New,https://www.usagundamstore.com/products/zoids-highend-master-model-rboz-006-dibison-marking-plus-ver-1-72-scale-model-kit-reissue,https://cdn.shopify.com/s/files/1/0727/8355/products/fb9496f2-e1fb-4f29-8ef8-8d384eef0e56_600x600.jpg?v=1762279246
zoid,model_kit,USA Gundam Store,retailer,us,Zoids Highend Master Model EZ-005 Redler (Guyros Empire Ver.) 1/72 Scale Model Kit,59.99,,,USD,New,https://www.usagundamstore.com/products/zoids-highend-master-model-ez-005-redler-guyros-empire-ver-1-72-scale-model-kit,https://cdn.shopify.com/s/files/1/0727/8355/products/a728c2a0-7709-407a-9bd9-dae35edfc46b_600x600.jpg?v=1762278707
zoid,model_kit,USA Gundam Store,retailer,us,Zoids Highend Master Model Changing Armor System Liger Zero X Unit (Empire Ver.) Model Kit,39.99,,,USD,New,https://www.usagundamstore.com/products/zoids-highend-master-model-changing-armor-system-liger-zero-x-unit-empire-ver-model-kit,https://cdn.shopify.com/s/files/1/0727/8355/products/94d1de33-8e0a-4d0b-8852-2a9e81470be1_600x600.jpg?v=1762274760
zoid,model_kit,Kotobukiya USA,retailer,us,EZ-005 REDLER GUYROS EMPIRE Ver.,59.99,,,USD,New,https://kotobukiya-us.com/products/190526063679,https://kotobukiya-us.com/cdn/shop/files/ZD153X_Redler_GuyrosEmpire_eye.jpg?v=1735173499&width=460
zoid,model_kit,Kotobukiya USA,retailer,us,ZOIDS CUSTOMIZE PARTS GOJULAS CANNON SET,53.99,,,USD,New,https://kotobukiya-us.com/products/190526052635,https://kotobukiya-us.com/cdn/shop/files/ZD100X_gojulascannonset_eye.jpg?v=1752726960&width=460
zoid,model_kit,Kotobukiya USA,retailer,us,ZOIDS CUSTOMIZE PARTS PILE BUNKER UNIT,14.99,,,USD,New,https://kotobukiya-us.com/products/190526008540,https://kotobukiya-us.com/cdn/shop/files/ZD110_CP_PilebunkerUnit_eye.jpg?v=1735173318&width=460
zoid,model_kit,Kotobukiya USA,retailer,us,ZOIDS ADVANCED SERIES AZ-17DX ULTRA S...,399.99,,,USD,New,https://kotobukiya-us.com/products/190526083936,https://kotobukiya-us.com/cdn/shop/files/GN343_eye.jpg?v=1783400110&width=460
zoid,model_kit,Kotobukiya USA,retailer,us,EZ-049 STURM TYRANN BERSERK UNIT SET,159.99,,,USD,New,https://kotobukiya-us.com/products/190526062597,https://kotobukiya-us.com/cdn/shop/files/ZD106X_sturmtyannBUset_eye.jpg?v=1735172624&width=460
zoid,model_kit,Kotobukiya USA,retailer,us,EZ-027 RAVEN RAPTOR,64.99,,,USD,New,https://kotobukiya-us.com/products/190526008533,https://kotobukiya-us.com/cdn/shop/files/ZD109_RavenRaptor_eye.jpg?v=1735173258&width=460
zoid,model_kit,Kotobukiya USA,retailer,us,RZ-014 GODOS MARKING PLUS Ver.,49.99,,,USD,New,https://kotobukiya-us.com/products/190526039230,https://kotobukiya-us.com/cdn/shop/files/ZD157_godosMK_eye.jpg?v=1739150303&width=460
zoid,model_kit,Kotobukiya USA,retailer,us,SF-G01 SPARK Fig GRANDE Zoids Genesis...,169.99,,,USD,New,https://kotobukiya-us.com/products/190526081949,https://kotobukiya-us.com/cdn/shop/files/065487-eye.jpg?v=1778472971&width=460
zoid,model_kit,Kotobukiya USA,retailer,us,EZ-036 DEATH STINGER,134.99,,,USD,New,https://kotobukiya-us.com/products/190526024144,https://kotobukiya-us.com/cdn/shop/files/ZD086R_deathstinger_eye.jpg?v=1735172545&width=460
zoid,model_kit,Kotobukiya USA,retailer,us,EZ-006 MOLGA FULL OPTION SET,64.99,,,USD,New,https://kotobukiya-us.com/products/190526060357,https://kotobukiya-us.com/cdn/shop/files/ZD186_molga_fulloptionset_eye.jpg?v=1737619971&width=460
zoid,model_kit,Kotobukiya USA,retailer,us,ZOIDS SONIC BIRD Rathalos ver.,54.99,,,USD,New,https://kotobukiya-us.com/products/190526059863,https://kotobukiya-us.com/cdn/shop/files/939764_eye.jpg?v=1735177648&width=460
zoid,model_kit,Kotobukiya USA,retailer,us,RZ-028 BLADE LIGER AB,79.99,,,USD,New,https://kotobukiya-us.com/products/190526068537,https://kotobukiya-us.com/cdn/shop/files/ZD131R_bladeliger_AB_eye.jpg?v=1740470426&width=460
zoid,model_kit,Kotobukiya USA,retailer,us,RZ-045 SALAMANDER,229.99,,,USD,New,https://kotobukiya-us.com/products/190526049758,https://kotobukiya-us.com/cdn/shop/files/ZD171_salamander_eye.jpg?v=1752726090&width=460
zoid,model_kit,Kotobukiya USA,retailer,us,EZ-027 REV RAPTOR,49.99,,,USD,New,https://kotobukiya-us.com/products/190526008557,https://kotobukiya-us.com/cdn/shop/files/ZD111_revraptor_eye.jpg?v=1735173380&width=460
zoid,model_kit,Kotobukiya USA,retailer,us,RZ-013 CANNON TORTOISE Marking Plus Ver.,47.99,,,USD,New,https://kotobukiya-us.com/products/190526066441,https://kotobukiya-us.com/cdn/shop/files/ZD189_cannontortoise_mp_eye.jpg?v=1745456859&width=460
zoid,model_kit,Kotobukiya USA,retailer,us,RZ-046 SHADOW FOX  MARKING PLUS Ver.,54.99,,,USD,New,https://kotobukiya-us.com/products/190526051638,https://kotobukiya-us.com/cdn/shop/files/ZD145X_ShadowFOX_Mplus_eye.jpg?v=1747638152&width=460
zoid,model_kit,Kotobukiya USA,retailer,us,EZ-054 LIGER ZERO X,88.99,,,USD,New,https://kotobukiya-us.com/products/190526068704,https://kotobukiya-us.com/cdn/shop/files/ZD107R_ligerzeroX_eye.jpg?v=1745456407&width=460
zoid,model_kit,Kotobukiya USA,retailer,us,RZ-013 BUSTER TORTOISE,49.99,,,USD,New,https://kotobukiya-us.com/products/190526056183,https://kotobukiya-us.com/cdn/shop/files/ZD025X_bustertortoise_eye.jpg?v=1735172496&width=460
zoid,model_kit,Kotobukiya USA,retailer,us,RZ-007 SHIELD LIGER DCS-J,77.99,,,USD,New,https://kotobukiya-us.com/products/190526068490,https://kotobukiya-us.com/cdn/shop/files/ZD129R_ShieldLiger_DCSJ_eye.jpg?v=1738808283&width=460
zoid,model_kit,Kotobukiya USA,retailer,us,RZ-009 COMMAND WOLF AC & LC MARKING P...,69.99,,,USD,New,https://kotobukiya-us.com/products/190526060401,https://kotobukiya-us.com/cdn/shop/files/ZD187_commandwolf_ac_and_lc_mpver_eye.jpg?v=1738213936&width=460
zoid,model_kit,Kotobukiya USA,retailer,us,RZ-041 LIGER ZERO Marking Plus Ver.,65.99,,,USD,New,https://kotobukiya-us.com/products/190526067264,https://kotobukiya-us.com/cdn/shop/files/ZD121R_ligerzeroMP_eye.jpg?v=1737703163&width=460
zoid,model_kit,Kotobukiya USA,retailer,us,ZOIDS BEAST LIGER Magnamalo ver.,54.99,,,USD,New,https://kotobukiya-us.com/products/190526059856,https://kotobukiya-us.com/cdn/shop/files/939757__eye.jpg?v=1735177296&width=460
zoid,model_kit,Kotobukiya USA,retailer,us,RZ-053 KÖNIG WOLF,119.99,,,USD,New,https://kotobukiya-us.com/products/190526013209,https://kotobukiya-us.com/cdn/shop/files/ZD112_KonigWolf_eye.jpg?v=1735173447&width=460
zoid,model_kit,Kotobukiya USA,retailer,us,Monster Hunter X Zoids Knuckle Kong R...,56.99,,,USD,New,https://kotobukiya-us.com/products/190526070998,https://kotobukiya-us.com/cdn/shop/files/995197_eye.jpg?v=1742886442&width=460
zoid,model_kit,Kotobukiya USA,retailer,us,EZ-017 IGUAN MARKING PLUS Ver.,44.99,,,USD,New,https://kotobukiya-us.com/products/190526042445,https://kotobukiya-us.com/cdn/shop/files/ZD158_iguanMK_eye.jpg?v=1735173630&width=460
zoid,model_kit,Kotobukiya USA,retailer,us,RZ-007 SHIELD LIGER MARKING PLUS Ver.,59.99,,,USD,New,https://kotobukiya-us.com/products/190526042476,https://kotobukiya-us.com/cdn/shop/files/ZD159_ShieldLiger_eye.jpg?v=1735173685&width=460
zoid,model_kit,Kotobukiya USA,retailer,us,Monster Hunter X Zoids Gatling Fox Mi...,56.99,,,USD,New,https://kotobukiya-us.com/products/190526070981,https://kotobukiya-us.com/cdn/shop/files/995203_eye.jpg?v=1742886442&width=460
zoid,model_kit,Kotobukiya USA,retailer,us,EHI-7 REDDRA ZENEBUS EMPIRE Ver.,59.99,,,USD,New,https://kotobukiya-us.com/products/190526063662,https://kotobukiya-us.com/cdn/shop/files/ZD152X_Redler_ZenebusEmpire_eye.jpg?v=1738214006&width=460
zoid,model_kit,Kotobukiya USA,retailer,us,RZ-041 LIGER ZERO PANZER Marking Plus...,84.99,,,USD,New,https://kotobukiya-us.com/products/190526068681,https://kotobukiya-us.com/cdn/shop/files/ZD124R_ligerzero_panzerMP_eye.jpg?v=1743066611&width=460
zoid,model_kit,Kotobukiya USA,retailer,us,RZ-041 LIGER ZERO JAGER Marking Plus ...,80.99,,,USD,New,https://kotobukiya-us.com/products/190526068483,https://kotobukiya-us.com/cdn/shop/files/ZD122R_ligerzero_jagerMP_eye.jpg?v=1738808215&width=460
zoid,model_kit,Kotobukiya USA,retailer,us,RZ-041 LIGER ZERO SCHNEIDER Marking P...,80.99,,,USD,New,https://kotobukiya-us.com/products/190526068520,https://kotobukiya-us.com/cdn/shop/files/ZD123R_ligerzero_schneider_Mplus_eye.jpg?v=1740470321&width=460
