category,product_type,site,site_type,ships_from,title,price,shipping,pickup,currency,condition,url,image_url
gundam,cards,eBay,marketplace,us,NYCC 2026 EX Base EXBP-037 Gundam SEALED Promo ENGLISH Gundam X-arx Zero,25.5,0.0,False,USD,Ungraded,https://www.ebay.com/itm/287638683487?_skw=gundam&hash=item42f899ff5f:g:ko4AAeSwlRRqyEf8,https://i.ebayimg.com/images/g/ko4AAeSwlRRqyEf8/s-l225.jpg
gundam,cards,eBay,marketplace,us,NYCC 2026 EX Base EXBP-037 Gundam SEALED Promo ENGLISH Gundam Card Game,29.95,0.0,False,USD,Ungraded,https://www.ebay.com/itm/860024020322?_skw=gundam&hash=itemc83d6d1d62:g:AD8AAeSw9pNqx~Q8,https://i.ebayimg.com/images/g/AD8AAeSw9pNqx~Q8/s-l225.jpg
gundam,model_kit,eBay,marketplace,international,EXCEED MODEL TRINITY RX-78-2 Gundam Complete Set PREMIUAM Gashapon New Bandai,107.0,3.0,False,USD,New,https://www.ebay.com/itm/137806964843?_skw=gundam&hash=item2015ef686b:g:OPgAAeSw9D9qwIDB,https://i.ebayimg.com/images/g/OPgAAeSw9D9qwIDB/s-l225.jpg
gundam,cards,eBay,marketplace,us,Bandai Wing Gundam Zero (EW) GD05-067 LR+ Holo Unit - Gundam Card Game,4250.0,,False,USD,Ungraded,https://www.ebay.com/itm/227561187825?_skw=gundam&hash=item34fbb429f1:g:dG8AAeSwN9NqynQ8,https://i.ebayimg.com/images/g/dG8AAeSwN9NqynQ8/s-l225.jpg
gundam,cards,eBay,marketplace,us,Gundam Card Game XARX-ZERO EX Base EXBP-037 NYCC 2026 Exclusive Promo English,32.99,0.0,False,USD,Ungraded,https://www.ebay.com/itm/257789148864?_skw=gundam&hash=item3c056e3ec0:g:heEAAeSwHwBqyNgZ,https://i.ebayimg.com/images/g/heEAAeSwHwBqyNgZ/s-l225.jpg
gundam,cards,eBay,marketplace,us,Gundam Card Game Xarx-Zero EXBP-037 Promo ENGLISH NYCC 2026 Exclusive Bandai,20.0,,True,USD,Ungraded,https://www.ebay.com/itm/147626542943?_skw=gundam&hash=item225f3a475f:g:nGsAAeSwMGFqyBb4,https://i.ebayimg.com/images/g/nGsAAeSwMGFqyBb4/s-l225.jpg
gundam,model_kit,eBay,marketplace,international,EXCEED MODEL TRINITY RX-78-2 Gundam Standard Complete Set Gashapon New,97.99,12.0,False,USD,New,https://www.ebay.com/itm/800737479255?_skw=gundam&hash=itemba6fac4a57:g:Hb0AAeSwGiBqvL8-,https://i.ebayimg.com/images/g/Hb0AAeSwGiBqvL8-/s-l225.jpg
gundam,model_kit,eBay,marketplace,us,"#12 HI-Zack Z Gundam, Bandai Hobby HGUC",15.0,0.0,False,USD,New,https://www.ebay.com/itm/188555189057?_skw=gundam&hash=item2be6c3db41:g:6iMAAeSw9JNqO~If,https://i.ebayimg.com/images/g/6iMAAeSw9JNqO~If/s-l225.jpg
gundam,model_kit,eBay,marketplace,us,Bandai Hobby Nu Gundam RG 1/144 Model Kit USA Seller,55.95,0.0,False,USD,New,https://www.ebay.com/itm/147611011176?_skw=gundam&hash=item225e4d4868:g:Bf0AAeSwXgVqybc4,https://i.ebayimg.com/images/g/Bf0AAeSwXgVqybc4/s-l225.jpg
gundam,model_kit,eBay,marketplace,us,Bandai Hobby Twilight Axis Gundam AN-01 Tristan HG 1/144 Model Kit USA Seller,26.95,0.0,False,USD,New,https://www.ebay.com/itm/147608126965?_skw=gundam&hash=item225e2145f5:g:sLUAAeSwhDxqySDI,https://i.ebayimg.com/images/g/sLUAAeSwhDxqySDI/s-l225.jpg
gundam,cards,eBay,marketplace,us,Gundam Card Game Xarx-Zero EXBP-037 Promo ENGLISH NYCC 2026 Exclusive Bandai,25.0,0.0,False,USD,Ungraded,https://www.ebay.com/itm/128123677622?_skw=gundam&hash=item1dd4c42bb6:g:edgAAeSw4PhqyEnW,https://i.ebayimg.com/images/g/edgAAeSw4PhqyEnW/s-l225.jpg
gundam,model_kit,eBay,marketplace,us,Bandai Wing Gundam Zero Endless Waltz Ver MG 1/100 Model Kit USA Seller,44.0,0.0,False,USD,New,https://www.ebay.com/itm/147564874614?_skw=gundam&hash=item225b8d4b76:g:UtQAAeSwsypqyh5X,https://i.ebayimg.com/images/g/UtQAAeSwsypqyh5X/s-l225.jpg
gundam,other,eBay,marketplace,international,Bandai RX-78-2 Gundam EXCEED MODEL TRINITY LED Unit 3 Set Anime Limited Japan,168.0,20.0,False,USD,New,https://www.ebay.com/itm/366716959003?_skw=gundam&hash=item556208b91b:g:XKEAAeSwBk1qxYJw,https://i.ebayimg.com/images/g/XKEAAeSwBk1qxYJw/s-l225.jpg
gundam,model_kit,eBay,marketplace,international,Bandai EXCEED MODEL TRINITY RX-78-2 Gundam Complete Set PREMIUAM Gashapon New,110.0,0.0,False,USD,New,https://www.ebay.com/itm/920003080028?_skw=gundam&hash=itemd63474ef5c:g:kJcAAeSwamhqwKE5&amdata=enc%3AAQALAAAA4Of5zIIojhOf%2BkQK%2Bxzjn7lx5atUk1hGtFd7xwqf8YSqBt395kVhK%2BpvIQeanwFjvji65nd4mi3EAlkQxoFyux54GWYTZOp36tbSZyS66or7nvDE2bwqwFKTboKqM9GSMFC9znqrPLQAB2%2Fp%2F6B4QerlZEyzB%2BFohYxT3sXQ2EdR6HUZfH2x23hziEG0F1dGXCpfuO193WgOY6KTCF3udi8%2B25H6bqShqr562BAXe4zdDriEqD5Ed29ILTeApkD7LduT5wnh9zDqaXnkCmtwkZEFdz%2ByOeP%2Fq2u0hztTyOEO,https://i.ebayimg.com/images/g/kJcAAeSwamhqwKE5/s-l225.jpg
gundam,cards,eBay,marketplace,us,NYCC 2026 EX Base EXBP-037 Gundam SEALED Promo ENGLISH Gundam Card Game,39.99,0.0,False,USD,Ungraded,https://www.ebay.com/itm/860024544618?_skw=gundam&hash=itemc83d751d6a:g:8pwAAeSwa1pqyEt2&amdata=enc%3AAQALAAAA4Of5zIIojhOf%2BkQK%2Bxzjn7mDwHuL4uW8PzrXUqbroA2nYYqQ9e5e093wXDwUZ6NG4ExCrNt88dSHTSYAuHLeXm6%2BLBr8GCSAR0kRvEf27QEC%2ByCk5UKuXbjsvbrKgavY2rQYM1oGErM%2BclqBrSSotLtxg%2F4gzw8gvJjelABGq6o0YmaRfLLD7PLqbnNhPZv8KiLmeHEDDrspmCxV3HFDgFR6YF7OaZyvufcosIy2%2FonWLB1xEUbCTZ7P4sliff%2FKN4j3FWERxGbqBQBtzPnPs5Z9q63QJV%2FKqPmBjmCDOGGD,https://i.ebayimg.com/images/g/8pwAAeSwa1pqyEt2/s-l225.jpg
gundam,model_kit,eBay,marketplace,us,Standard Hello Kitty x RX-78-2 Gundam Figure Model Kit USA Seller,27.92,0.0,False,USD,New,https://www.ebay.com/itm/820195654855?_skw=gundam&hash=itembef7787cc7:g:ubEAAeSwpvhqv320&amdata=enc%3AAQALAAAA8Of5zIIojhOf%2BkQK%2Bxzjn7mf%2FmGRbJBsREImzrjhNp%2FZVz2EkST1FjiPPdp9Qhy3Bp0haHz1CGIIwtKXYL5U%2BNsjHbn05Z%2FSCb7j0Hs2ELigOIjN0UV6ou99VjjNjCQWSoRN4153ALaPMRiZyAxxfFrU3Dvwca9m7JiFFG%2BRwZZNltQIHPuekofZdaA8musiRKcbSQRpP%2FTDXMJy75x7ao2xaIWAvA1gGDsHJlFULH%2BL4B7eS%2BUVNDel69s%2FxCMje42m2KpsTYeBrZQUoRi%2FxZEyroSNbWsq8j8D2J8oaLYpzUZDQQr3ipSIxnTY9GSrBQ%3D%3D,https://i.ebayimg.com/images/g/ubEAAeSwpvhqv320/s-l225.jpg
gundam,model_kit,eBay,marketplace,us,"#87 MS-06F Zaku II FZ Gundam 0080, Bandai Hobby HGUC",18.0,0.0,False,USD,New,https://www.ebay.com/itm/188555189063?_skw=gundam&hash=item2be6c3db47:g:ESUAAeSw6MZqO~IN,https://i.ebayimg.com/images/g/ESUAAeSw6MZqO~IN/s-l225.jpg
gundam,cards,eBay,marketplace,us,Gundam TCG 4 starter decks ST11 ST 12 ST13 ST14 BRICKS ONLY - NO BONUS PACK,49.99,0.0,False,USD,New,https://www.ebay.com/itm/920022276273?_skw=gundam&hash=itemd63599d8b1:g:z-IAAeSwk9ZqyFsc,https://i.ebayimg.com/images/g/z-IAAeSwk9ZqyFsc/s-l225.jpg
gundam,cards,eBay,marketplace,us,Gundam Card Game XARX-ZERO EX Base EXBP-037 Promo Foil English,32.0,0.0,False,USD,Ungraded,https://www.ebay.com/itm/366720860176?_skw=gundam&hash=item5562444010:g:figAAeSwBD9qyEem,https://i.ebayimg.com/images/g/figAAeSwBD9qyEem/s-l225.jpg
gundam,model_kit,eBay,marketplace,us,Bandai Hobby SEED Gundam Astray Gold Frame Amatsu Mina RG 1/144 Model Kit USA,38.95,0.0,False,USD,New,https://www.ebay.com/itm/147360893081?_skw=gundam&hash=item224f64c899:g:gHoAAeSwwxBqx7uY,https://i.ebayimg.com/images/g/gHoAAeSwwxBqx7uY/s-l225.jpg
gundam,cards,eBay,marketplace,us,Bandai Gundam Card Game Freedom Ascension GD05 English Booster Box Sealed,197.99,0.0,False,USD,New/Factory Sealed,https://www.ebay.com/itm/168709687534?_skw=gundam&hash=item2747e188ee:g:578AAeSwJc9qsr6M,https://i.ebayimg.com/images/g/578AAeSwJc9qsr6M/s-l225.jpg
gundam,model_kit,eBay,marketplace,us,HGUC 056 Gundam TR-1 (Hazel Custom) 1/144 Model Kit - Bandai - US,25.95,0.0,False,USD,New,https://www.ebay.com/itm/188910181054?_skw=gundam&hash=item2bfbec9abe:g:hjQAAeSwKshqoeI-,https://i.ebayimg.com/images/g/hjQAAeSwKshqoeI-/s-l225.jpg
gundam,model_kit,eBay,marketplace,us,"#18 RG 00 Raiser ""Gundam 00"" Model Kit Bandai Hobby",32.92,0.0,False,USD,New,https://www.ebay.com/itm/187045802278?_skw=gundam&hash=item2b8ccc7126:g:T-sAAeSwMm1qO~GV,https://i.ebayimg.com/images/g/T-sAAeSwMm1qO~GV/s-l225.jpg
gundam,model_kit,eBay,marketplace,us,Bandai MG 1/100 RX-78-2 Gundam Ver.Ka Master Grade Model Kit,45.0,,False,USD,New,https://www.ebay.com/itm/840007443002?_skw=gundam&hash=itemc39458623a:g:s-QAAeSwnRJqynUM,https://i.ebayimg.com/images/g/s-QAAeSwnRJqynUM/s-l225.jpg
gundam,model_kit,eBay,marketplace,us,"#107 MS-06F-2 Zaku II F2 (EFSF Ver.) Gundam 0083, Bandai Hobby HGUC",20.0,0.0,False,USD,New,https://www.ebay.com/itm/188555189091?_skw=gundam&hash=item2be6c3db63:g:ZScAAeSweM5qO~Gu,https://i.ebayimg.com/images/g/ZScAAeSweM5qO~Gu/s-l225.jpg
gundam,cards,eBay,marketplace,us,Gundam Card Game Xarx-Zero EXBP-037 Promo ENGLISH NYCC 2026 Exclusive Bandai,19.5,0.0,False,USD,Ungraded,https://www.ebay.com/itm/940003547751?_skw=gundam&hash=itemdadc93da67:g:sn0AAeSwMGFqx8VY,https://i.ebayimg.com/images/g/sn0AAeSwMGFqx8VY/s-l225.jpg
gundam,model_kit,eBay,marketplace,us,"#31 Bawoo Z Gundam, Bandai Hobby HGUC 1/144",18.0,0.0,False,USD,New,https://www.ebay.com/itm/188555189089?_skw=gundam&hash=item2be6c3db61:g:6IYAAeSwQhRqO~E7,https://i.ebayimg.com/images/g/6IYAAeSwQhRqO~E7/s-l225.jpg
gundam,other,eBay,marketplace,international,Gundam Exceed Model Trinity RX-78-2 Premium Gashapon Capsule Vers Japan NEW,35.59,14.58,False,USD,New,https://www.ebay.com/itm/206548552840?_skw=gundam&hash=item301740cc88:g:DQsAAeSwn91qosOw,https://i.ebayimg.com/images/g/DQsAAeSwn91qosOw/s-l225.jpg
gundam,model_kit,eBay,marketplace,international,Bandai Mobile Suit Gundam Wing Hero Collection 7-Figures Pilots Set Toy W 2002,39.9,25.6,False,USD,New,https://www.ebay.com/itm/115920289497?_skw=gundam&hash=item1afd633ed9:g:eWsAAOSwnNBXYP-M&amdata=enc%3AAQALAAAA4Of5zIIojhOf%2BkQK%2Bxzjn7mr57T8JcgjO2p0lltv%2FhqGtOedDBECpLb1363otHyMAAaHjPny4EA%2BuDv4gy8nmwALAHcrHcKPDcfTN1uTF1iyJJvQVNJvtoKKwctxL59tipGz35ToA0K2nSCG2%2FpZIIIynE90obqhoNhJPQCsO4qVvYLuRfbMYrT1OyziPZaYKvxz9Ha1XoCMmrsh89k0tdKytn8ZIkix0eDRwH04ry3QromUNHeTdKGt9sWP18V2IUzh9DaRcPGQJJaWtaZLs7%2FCiEJzB9h59WmANAYsOdZy,https://i.ebayimg.com/images/g/eWsAAOSwnNBXYP-M/s-l225.jpg
gundam,model_kit,eBay,marketplace,international,Bandai EXCEED MODEL TRINITY RX-78-2 Gundam Complete Set Capsule Toys Gacha Japan,161.1,0.0,False,USD,New,https://www.ebay.com/itm/178557016581?_skw=gundam&hash=item2992d3da05:g:SssAAeSw7tFqw4jh&amdata=enc%3AAQALAAAA4Of5zIIojhOf%2BkQK%2Bxzjn7ndMBHczRo5W5MsnuyJ2%2FbOuuB6q5AkrghLoBZNmyQieEbPYf2mxY25Y8aiiQY9Z8UhESKBrB1ib08wNPTBpyrEqau6NW89JKwmVlPNfE4TGjk%2FsEeyRr9fmC2RFmLYCpcnolFIqOjwEyW9y2vm00vHInqPIAZ2S2nUTeddfV5qgNEJOh79jVMy6mVTPBM3EbX6FWQpnFLmn2pTnZ%2BBSI%2BnJ1ANrM53nKLx9ZpdKTvQLzi54TFv3vPvhnmSLnyozsRjgmXgQtaPCFZc9jJy4bAU,https://i.ebayimg.com/images/g/SssAAeSw7tFqw4jh/s-l225.jpg
gundam,cards,eBay,marketplace,us,Gundam Card Game 2026 Storage Box + 10 Resource Card Set EVX07 ENGLISH Version,115.88,0.0,False,USD,New/Factory Sealed,https://www.ebay.com/itm/327398008775?_skw=gundam&hash=item4c3a7127c7:g:j8YAAeSwMq1qyEBw&amdata=enc%3AAQALAAAA8Of5zIIojhOf%2BkQK%2Bxzjn7nhrNsWS%2BICLjB5kMRvJMZeh6Y7tX6DHli1YSIF%2Bwznuyk%2BXyh2nahjuFXCuLGKSKUhMrskD%2BU20Jc9gAbLS7aUadFHcMKV%2Bp%2Fjlc77B4baqOgwJ6R47vDmcYSpOThHeOFu4gVryCcUUznUxjS%2FAVk8VuruIR8UTRqcDSQISzNaCao2Cg9K0IqhTJBEZhqQ7cc4XQ--dSiBWRPI7WMfFF7N2rJeWG65JbBeQ7mbQomW135DHKy2eck2It6FYq2Magm7gyfo%2BuMAqnaESbaQVIAtQl0dmATtG3qEz%2B4YMduq3A%3D%3D,https://i.ebayimg.com/images/g/j8YAAeSwMq1qyEBw/s-l225.jpg
gundam,model_kit,eBay,marketplace,international,"1/144 HG MS Option Set 2 & CGS Mobile Worker (Space Type) ""Mobile Suit Gundam: I",67.23,0.0,False,USD,New,https://www.ebay.com/itm/298652949721?_skw=gundam&hash=item45891a5cd9:g:CEQAAeSw53JqpJe3&amdata=enc%3AAQALAAAA4Of5zIIojhOf%2BkQK%2Bxzjn7nIXT1uF8u5LV3YYk38LJ2H%2FAUIv%2F48M%2B0rqK3zxypQbEZcW3VgsZMJ4vQ9LfsQejOCzt8gAppgVK3IM59V9oX3B0fBZLAPgAZKk9HeO%2B3JzFCKpTdTTYsmmET6gUn53RE3GwYDMgJnrFiXMByA1O8OzM8cr1IEnskP0QU2kcK7LC%2F3MQ9pzrE49QCGjtBPU0oJwKOWRq%2FJNvo%2BFgmDQBdYKrK%2FxZcwENQb%2Bwt%2Btj2nGurADQmsKxtGKPct5Nj9yBhAEQPrnIObTmHcd3GCeK1u,https://i.ebayimg.com/images/g/CEQAAeSw53JqpJe3/s-l225.jpg
gundam,model_kit,eBay,marketplace,us,Bandai Unicorn Gundam 02 Banshee Ver.Ka MG 1/100 Scale Model Kit USA Seller,59.95,0.0,False,USD,New,https://www.ebay.com/itm/147481270783?_skw=gundam&hash=item22569199ff:g:xEsAAeSwIiNqyfVU,https://i.ebayimg.com/images/g/xEsAAeSwIiNqyfVU/s-l225.jpg
gundam,model_kit,eBay,marketplace,us,BANDAI HG Mobile Suit 1/144 RX-78-2 Gundam REVIVE Ver. HGUC 196716 US Seller USA,19.95,0.0,False,USD,New,https://www.ebay.com/itm/137589264838?_skw=gundam&hash=item2008f591c6:g:~okAAeSwu1pqyh3T,https://i.ebayimg.com/images/g/~okAAeSwu1pqyh3T/s-l225.jpg
gundam,model_kit,eBay,marketplace,us,Bandai Gundam AGE-1 Titus MG 1/100 Scale Model Kit USA Seller,46.95,0.0,False,USD,New,https://www.ebay.com/itm/137050616399?_skw=gundam&hash=item1fe8da724f:g:JfMAAeSw~1hqyVoo,https://i.ebayimg.com/images/g/JfMAAeSw~1hqyVoo/s-l225.jpg
gundam,model_kit,eBay,marketplace,us,"#6 Z'Gok Mobile Suit Gundam, Bandai Hobby HGUC 1/144",12.0,0.0,False,USD,New,https://www.ebay.com/itm/178251688855?_skw=gundam&hash=item2980a0eb97:g:eFEAAeSwBsFqO~It,https://i.ebayimg.com/images/g/eFEAAeSwBsFqO~It/s-l225.jpg
gundam,model_kit,eBay,marketplace,us,Bandai Gundam SEED Black Knight Squad Cal-re.A HG 1/144 Scale Model Kit USA,46.95,0.0,False,USD,New,https://www.ebay.com/itm/147598589873?_skw=gundam&hash=item225d8fbfb1:g:-CUAAeSwlMpqykxe,https://i.ebayimg.com/images/g/-CUAAeSwlMpqykxe/s-l225.jpg
gundam,cards,eBay,marketplace,international,Chinese Gundam Card Game - 2026 Promo Pack Vol.2 EX Base 3pcs EXBP031-033,24.25,0.0,False,USD,Used,https://www.ebay.com/itm/227549430100?_skw=gundam&hash=item34fb00c154:g:mKYAAeSw3P1qv-~0,https://i.ebayimg.com/images/g/mKYAAeSw3P1qv-~0/s-l225.jpg
gundam,cards,eBay,marketplace,international,Gundam Card Game Damage Counter Dice Haro EVX08 GCG EXPO 2026 Limited,43.99,0.0,False,USD,New,https://www.ebay.com/itm/168759809751?_skw=gundam&hash=item274ade56d7:g:5b8AAeSwk7dqyZ8N&amdata=enc%3AAQALAAAA4Of5zIIojhOf%2BkQK%2Bxzjn7ltS56whuxuyacYj1ibs8wGe%2FBWkJCtRRtfqybFLfTsNOuu4Zz4jGU0BTD8ujs%2BPLN88VLS87vgUAE68DhK71jVm3xhDLzgOUn%2BHC2C0Chi8hcTls0IPq%2B6FV8VPD4kiJR4G61b3IL4YPDBWJ5R%2Fbgb28Cn6FIWth0HwAclq57ZCfLG2NyDMz7B3rlsNA%2FXAknOHUHaTLEZaJfBGOySHmd1pgd9W0kMeyozbBiwb0qoSOT%2BOaqKffUkmq4NXq1VL2cUnZRlxCQPSqUm9vtNm3E2,https://i.ebayimg.com/images/g/5b8AAeSwk7dqyZ8N/s-l225.jpg
gundam,cards,eBay,marketplace,us,Full Armor Unicorn Gundam (Destroy Mode) ST14-006 LR+ - Heavy Dominion,70.0,5.0,False,USD,Ungraded,https://www.ebay.com/itm/128126783571?_skw=gundam&hash=item1dd4f39053:g:WXMAAeSweihqyku0&amdata=enc%3AAQALAAAA4Of5zIIojhOf%2BkQK%2Bxzjn7lVjKy%2Fc6Qmc4WmBDRbFioT1mUvA5KExb1mpcnNaim8xDy%2B5A%2Fx3Mwy6%2Bq8wjZJhmOE7WJWbH2QWKIabQPpL4NTHCcB2j4YPol0z5knNKzrjJYtyLTYz94ze971mmlXqczcVkN27HT2tiKXIuEE3T4OvsuvK12VixDh6tknFDGnWymDbmuvbucxTNyIfK%2FnCxt8sSG1ad8FLjJUjHRlKvUOZicZJICvknQZEl6EKGXstJNBtoN6f4M5sW9rm6mp8iwnzBhVcJXniFYk%2BdQYfYFR,https://i.ebayimg.com/images/g/WXMAAeSweihqyku0/s-l225.jpg
gundam,model_kit,eBay,marketplace,us,Bandai Hobby Gundam UC Unicorn Gundam Real Grade RG 1/144 Model Kit USA Seller,59.94,0.0,False,USD,New,https://www.ebay.com/itm/147531183789?_skw=gundam&hash=item22598b36ad:g:Va8AAeSwF3dqyWy4,https://i.ebayimg.com/images/g/Va8AAeSwF3dqyWy4/s-l225.jpg
gundam,model_kit,eBay,marketplace,us,Bandai Hobby Zeta Gundam #56 RX121-1 TR-1 Hazel Custom HGUC HG 1/144 Model Kit,26.95,0.0,False,USD,New,https://www.ebay.com/itm/147574027961?_skw=gundam&hash=item225c18f6b9:g:0mcAAeSw9n9qyZzP,https://i.ebayimg.com/images/g/0mcAAeSw9n9qyZzP/s-l225.jpg
gundam,model_kit,eBay,marketplace,us,Bandai Hobby MS-06S Char's Zaku 2 II MG 1/100 Model Kit USA Seller,43.95,0.0,False,USD,New,https://www.ebay.com/itm/137639839238?_skw=gundam&hash=item200bf94606:g:A-EAAeSwAcdqyCOb,https://i.ebayimg.com/images/g/A-EAAeSwAcdqyCOb/s-l225.jpg
gundam,model_kit,eBay,marketplace,us,Bandai Build Fighters HGBF Crossbone Gundam X1 Full Cloth HG 1/144 Model Kit USA,32.95,0.0,False,USD,New,https://www.ebay.com/itm/137722604883?_skw=gundam&hash=item2010e82d53:g:NPUAAeSwfZ1qyC1r,https://i.ebayimg.com/images/g/NPUAAeSwfZ1qyC1r/s-l225.jpg
gundam,model_kit,eBay,marketplace,us,Bandai Metal Structure RX-93 v Nu Gundam Diecast Action Figure (Reissue),1749.99,0.0,False,USD,New,https://www.ebay.com/itm/237091032226?_skw=gundam&hash=item3733ba0ca2:g:NikAAeSwSb1qtxxd,https://i.ebayimg.com/images/g/NikAAeSwSb1qtxxd/s-l225.jpg
gundam,model_kit,eBay,marketplace,us,Bandai MGSD Iron-Blooded Orphans Gundam Barbatos SD Model Kit USA Seller,51.95,0.0,False,USD,New,https://www.ebay.com/itm/137536019238?_skw=gundam&hash=item2005c91b26:g:4b4AAeSwwHhqyhL8,https://i.ebayimg.com/images/g/4b4AAeSwwHhqyhL8/s-l225.jpg
gundam,model_kit,eBay,marketplace,us,Bandai G-Gundam GOD GUNDAM RG 1/144 Model Kit USA Seller,44.95,0.0,False,USD,New,https://www.ebay.com/itm/137549333057?_skw=gundam&hash=item2006944241:g:2dgAAeSw0aZqyhm8,https://i.ebayimg.com/images/g/2dgAAeSw0aZqyhm8/s-l225.jpg
gundam,model_kit,eBay,marketplace,us,Bandai Hobby HGAC XXXG-01D2 Gundam Deathscythe Hell HG 1/144 Scale Model Kit,26.09,0.0,False,USD,New,https://www.ebay.com/itm/137549270934?_skw=gundam&hash=item2006934f96:g:qKEAAeSwnoVqyh4Q,https://i.ebayimg.com/images/g/qKEAAeSwnoVqyh4Q/s-l225.jpg
gundam,model_kit,eBay,marketplace,us,Bandai HG 1/144 Wing Gundam Zero XXXG-00W0 Model Kit Anime Action Figure Toy,28.99,0.0,False,USD,New,https://www.ebay.com/itm/398078641897?_skw=gundam&hash=item5caf5606e9:g:whIAAeSwIiFqIBVg&amdata=enc%3AAQALAAAA8Of5zIIojhOf%2BkQK%2Bxzjn7mvgRKWE0lB5ydOIQIkiCs%2B6A9F290GB3EhfLaGKT2TF5Nkj7exLIg2U6vjS7ctUYbHlr3cmlSb%2BQUprhgwKWbwc3unMmlP5PfqCbqc502RK4F389Flbg4GxZ%2BGbE2QeugD%2BBIwqpzbuJbRXVZAaWH%2FNVR9QK%2FiaM5yfwrYEhJoXC2Eqsj%2Fs9J99HABsHdpmjxKVl7vJjXmRvACceaRvSJaFkHjk24J5mOUYx2xhEY2IvJSATI1ifcuI1V%2FNsJ4UX8i1H%2F1iAhfr27dZ1IZz98YYz2j9cmkawJmRbQEtbmYlQ%3D%3D,https://i.ebayimg.com/images/g/whIAAeSwIiFqIBVg/s-l225.jpg
gundam,model_kit,eBay,marketplace,us,Bandai HG 1/144 Wing Gundam Zero XXXG-00W0 Model Kit Anime Action Figure Toy,28.99,0.0,False,USD,New,https://www.ebay.com/itm/398078641897?_skw=gundam&hash=item5caf5606e9:g:whIAAeSwIiFqIBVg&amdata=enc%3AAQALAAAA8Of5zIIojhOf%2BkQK%2Bxzjn7mvgRKWE0lB5ydOIQIkiCs%2B6A9F290GB3EhfLaGKT2TF5Nkj7exLIg2U6vjS7ctUYbHlr3cmlSb%2BQUprhgwKWbwc3unMmlP5PfqCbqc502RK4F389Flbg4GxZ%2BGbE2QeugZ6dwQgQcT9nNQUACDAMVQnAcRckXe%2BkNUS%2BOAcs9ATH3w2B3V4HfRlqN2Vht3rvDmOgRtXtD%2Fk%2B9zTIyxi%2Bh0mV6ZQAFklU7YDgpbg93USaySjPLdTH6SJV%2FcNdMGR%2BeYSWuBN%2FwkgdwSH7KlFLyv4%2BMKODKgADuOrNRNGEztVg%3D%3D,https://i.ebayimg.com/images/g/whIAAeSwIiFqIBVg/s-l225.jpg
gundam,model_kit,eBay,marketplace,us,RG40B 1/144 RX-78-2 Ver 2.0 Hatsune Miku Color Gunpla Model Kit Toy,52.99,0.0,False,USD,New,https://www.ebay.com/itm/820171107887?_skw=gundam&hash=itembef601ee2f:g:x1cAAeSwU0pp6OFi&amdata=enc%3AAQALAAAA4Of5zIIojhOf%2BkQK%2Bxzjn7nxCIXaBfAqwGeVr50OzffAbKBn%2BLKZkEda6mmeXURwiR7zWUisvW9lkFOfmHLrQ88g7kGTmmJIAPn7xxSa0MFlkhoNpCT31CtQCaMdPuBGQ%2BScvW1Wzv%2BbOJukOyHEgasCFQV3Jdnbb%2FmDojHBDgoEwvBFar28ePTrcqE5xg2TsdkyaALgXexNJHScou9kpPYNkpm9qJGTcPBjHvJe50bfkPEi%2Fs5qb%2BOnXKJt%2B5gtBv0DyclynAcRBJRqo%2B1LFdrKFGUuPTDWRFHRRlxgDwfB,https://i.ebayimg.com/images/g/x1cAAeSwU0pp6OFi/s-l225.jpg
gundam,cards,eBay,marketplace,us,Bandai Namco Gundam XARX-ZERO EX Base Promo Foil EXBP-037 (English),28.74,,False,USD,Ungraded,https://www.ebay.com/itm/840004187790?_skw=gundam&hash=itemc39426b68e:g:9BEAAeSwfe5qyVDg&amdata=enc%3AAQALAAAA8Of5zIIojhOf%2BkQK%2Bxzjn7nyXL2n4dBuWQh3EZACGUKET0hIP9Z12tVC6uKkpPPQNoU1Z9VZUYYXFJln35hj6RNuZACdsoyh86Qf1c8OwoLiIvo4I4Ni7R8MKCRFX93aExtOaH%2FahNGpQGVR4ibrP69d5m71nbmQzwmF7pfKYfdzjdBfsgC7b0kEOLPWId0xUx1e3LwGQuJlAf5AhixHvV9v4MVBcett7PM8z3KVAXPz88HmGltL%2B4F4S7QnzSVRRHkvKmriD7VciKGQavNKNiNqFRaCc25mdd17Tmhqo4HxxXk4D8WZOH1Imzn88%2BN%2Bwg%3D%3D,https://i.ebayimg.com/images/g/9BEAAeSwfe5qyVDg/s-l225.jpg
gundam,model_kit,eBay,marketplace,us,"#01 Gundam LFRITH The Witch from Mercury, Bandai Hobby HG 1/144",22.0,0.0,False,USD,New,https://www.ebay.com/itm/188555189094?_skw=gundam&hash=item2be6c3db66:g:5ewAAeSwYkxqO~Fu,https://i.ebayimg.com/images/g/5ewAAeSwYkxqO~Fu/s-l225.jpg
gundam,model_kit,eBay,marketplace,us,"#15 Gundam Exia ""Gundam 00"", Bandai  Hobby RG 1/144 Model Kit",31.0,0.0,False,USD,New,https://www.ebay.com/itm/127882168567?_skw=gundam&hash=item1dc65f08f7:g:w8QAAeSwwatqEqgn,https://i.ebayimg.com/images/g/w8QAAeSwwatqEqgn/s-l225.jpg
gundam,model_kit,eBay,marketplace,us,Bandai RX-0 Full Armor Unicorn Gundam Ver. Ka MG 1/100 Model Kit USA Seller,90.95,0.0,False,USD,New,https://www.ebay.com/itm/147587981398?_skw=gundam&hash=item225cede056:g:pe4AAeSwdENqylH2,https://i.ebayimg.com/images/g/pe4AAeSwdENqylH2/s-l225.jpg
gundam,model_kit,eBay,marketplace,us,Bandai Hobby Gundam MS-06F Zaku II RG 1/144 Model Kit USA Seller,37.95,0.0,False,USD,New,https://www.ebay.com/itm/137576181708?_skw=gundam&hash=item20082defcc:g:kL8AAeSwdIZqyY6Z,https://i.ebayimg.com/images/g/kL8AAeSwdIZqyY6Z/s-l225.jpg
gundam,model_kit,eBay,marketplace,international,Bandai EXCEED MODEL TRINITY RX-78-2 Gundam Complete Set PREMIUAM Gashapon New,105.98,14.98,False,USD,New,https://www.ebay.com/itm/366663372600?_skw=gundam&hash=item555ed70f38:g:8pcAAeSwt-dqvQYP,https://i.ebayimg.com/images/g/8pcAAeSwt-dqvQYP/s-l225.jpg
gundam,model_kit,eBay,marketplace,us,Bandai Hobby Gundam Stardust Memory HGUC F2 Zaku II EFSF HG 1/144 Model Kit USA,26.95,0.0,False,USD,New,https://www.ebay.com/itm/137734088200?_skw=gundam&hash=item2011976608:g:VlYAAeSwwSlqxmL0,https://i.ebayimg.com/images/g/VlYAAeSwwSlqxmL0/s-l225.jpg
gundam,cards,eBay,marketplace,us,Gundam Card Game Domon Kasshu G005-097 R V Japanese Jump Exclusive Promo,5.99,0.0,False,USD,Ungraded,https://www.ebay.com/itm/168693134956?_skw=gundam&hash=item2746e4f66c:g:IpkAAeSwnJNqqpek,https://i.ebayimg.com/images/g/IpkAAeSwnJNqqpek/s-l225.jpg
gundam,model_kit,eBay,marketplace,us,"#89 MS-18E Kampfer Gundam 0080, Bandai Hobby HGUC",26.0,0.0,False,USD,New,https://www.ebay.com/itm/177706640897?_skw=gundam&hash=item2960242601:g:UxgAAeSwQERqO~Is,https://i.ebayimg.com/images/g/UxgAAeSwQERqO~Is/s-l225.jpg
gundam,model_kit,eBay,marketplace,us,#19 Gundam Astaroth,15.0,0.0,False,USD,New,https://www.ebay.com/itm/177706640936?_skw=gundam&hash=item2960242628:g:CdsAAeSw4PlqO~FI,https://i.ebayimg.com/images/g/CdsAAeSw4PlqO~FI/s-l225.jpg
gundam,other,eBay,marketplace,international,Bandai MG 1/100 Gundam Barbatos & Astray Red Frame Kai Polarized Injection Set,291.6,29.99,False,USD,New,https://www.ebay.com/itm/377356075166?_skw=gundam&hash=item57dc2cc09e:g:db0AAeSwgZNp0MYt&amdata=enc%3AAQALAAAA4Of5zIIojhOf%2BkQK%2Bxzjn7mQhH5%2Fhzczaib0rtyrDNvapyRUqEsosxWXbTTmbo83j5MjD82VGRB1zsTEuCSRAw9MB2u1hvb6d%2FAqHbT%2F7cK8ZxD0Y4wkes%2FMvJfXG1UWou1taJlpBcca8b%2Fb666O0FFDIWYesfRr%2FY6yMF4GgZbp494GX%2FNpz404gOo7htJy6%2FU2Eh3EPjGEn3FCJJCt1EbgyM8Qx%2B98gOVSkdmuxU%2FcH73M5GrnDVjXjXOKWja%2FXyZbjXexFcd5WgKARdcMZM0NSvZI33TyR4b9xuto19Hj,https://i.ebayimg.com/images/g/db0AAeSwgZNp0MYt/s-l225.jpg
gundam,cards,eBay,marketplace,us,Gundam Aerial ST13-006 LR+ - Starter Deck 13: Silent Barrage,70.0,5.0,False,USD,Ungraded,https://www.ebay.com/itm/128126795425?_skw=gundam&hash=item1dd4f3bea1:g:fAsAAeSwHbxqyk4k&amdata=enc%3AAQALAAAA8Of5zIIojhOf%2BkQK%2Bxzjn7l3nZXXfxbuRsH6gzei88HdBPJxVf2FuAimjIB06Zrm9IrV5m7Cm3cP50Ev5iazaxoaUIJYgXoPJG1nKg%2Bh0rReNxkWhBBYfcctafH6FRw%2FJSrLQQMP%2FrynnjPQmfYiotVZ7yRM7m8dIrqaMjdenlULAdDddUqXpycVKNrySyjO2Uic0%2F7G15CKtkTYf5SIJSRHLzQRI1JpJCSn2YZWV3U6CqUt%2B7c4ys3josSIU%2BvPILxUZudGgYnGYpS%2BnAF6OvtgvosUYLVHC4XMry2kPxbieCWyjUmpabQOocx5E6CcLw%3D%3D,https://i.ebayimg.com/images/g/fAsAAeSwHbxqyk4k/s-l225.jpg
gundam,cards,eBay,marketplace,us,Gundam Card Game XARX-ZERO EX Base EXBP-037 Promo Foil English,32.0,0.0,False,USD,Ungraded,https://www.ebay.com/itm/366720860176?_skw=gundam&hash=item5562444010:g:figAAeSwBD9qyEem&amdata=enc%3AAQALAAAA8Of5zIIojhOf%2BkQK%2Bxzjn7mwULP7fP9TG9EifDEnvUlPADgPvo%2Bv4TK82i7cpZLfwLaXw4f6rEODkfrzdcDuc0UWkTI%2FlbFQq4Bb74Eg67Gfnlcbfio9bquA8Jl%2FUiFacpGnwmwNTpLUhiaQshWlRhZA1HvCYIVSDf2pdrK4Bb%2B4zyVBsBFzUc3xrQ14H3vUrx47%2FyYsuxNF7iRqPVyzAwGFubvvM44T6H%2BwSiNEw%2BtZFOttloIG7V4kNkYa%2FVrvT4RJWINcdJTqPxZnvBE1PNr6xtIqET%2FlyA1c451SQ8n24btdx8cIpEE6M8JrVwD8iw%3D%3D,https://i.ebayimg.com/images/g/figAAeSwBD9qyEem/s-l225.jpg
gundam,model_kit,eBay,marketplace,us,MG Altron Gundam EW 1/100 Premium Bandai Limited Edition Model Kit – Brand New,119.95,0.0,False,USD,New,https://www.ebay.com/itm/157274813134?_skw=gundam&hash=item249e4f32ce:g:o7gAAeSwXENorm0V,https://i.ebayimg.com/images/g/o7gAAeSwXENorm0V/s-l225.jpg
gundam,model_kit,eBay,marketplace,us,"#219 Dijeh Zeta Gundam, Bandai Hobby HGUC 1/144",27.0,0.0,False,USD,New,https://www.ebay.com/itm/177706640949?_skw=gundam&hash=item2960242635:g:T5cAAeSwuMZqO~Fp,https://i.ebayimg.com/images/g/T5cAAeSwuMZqO~Fp/s-l225.jpg
gundam,model_kit,eBay,marketplace,us,Bandai Gundam 00 Seravee Gundam GNHW/B HG 1/144 Model Kit USA Seller,26.95,0.0,False,USD,New,https://www.ebay.com/itm/137784383633?_skw=gundam&hash=item201496d891:g:~tIAAeSwm0FqymLs,https://i.ebayimg.com/images/g/~tIAAeSwm0FqymLs/s-l225.jpg
gundam,model_kit,eBay,marketplace,us,"Wing Gundam Mobile Suit Gundam Wing, Bandai Hobby Entry Grade 1/144",13.0,0.0,False,USD,New,https://www.ebay.com/itm/188555189092?_skw=gundam&hash=item2be6c3db64:g:Q8EAAeSwSX9qO~Ho,https://i.ebayimg.com/images/g/Q8EAAeSwSX9qO~Ho/s-l225.jpg
gundam,model_kit,eBay,marketplace,us,Bandai Hobby HGBF Build Strike Gundam Full Package HG 1/144 Model Kit USA Seller,24.11,0.0,False,USD,New,https://www.ebay.com/itm/136923308104?_skw=gundam&hash=item1fe143e048:g:uYwAAeSw4MJqymuS,https://i.ebayimg.com/images/g/uYwAAeSw4MJqymuS/s-l225.jpg
gundam,cards,eBay,marketplace,us,NYCC 2026 EX Base EXBP-037 Gundam SEALED 2 Promos ENGLISH Gundam Card Game TCG ,58.0,,False,USD,Ungraded,https://www.ebay.com/itm/227559927733?_skw=gundam&hash=item34fba0efb5:g:BbcAAeSwonJqySKN,https://i.ebayimg.com/images/g/BbcAAeSwonJqySKN/s-l225.jpg
gundam,model_kit,eBay,marketplace,us,"#03 Schwalbe Graze McGillis Custom Gundam IBO, Bandai Hobby HG IBO 1/144",15.0,0.0,False,USD,New,https://www.ebay.com/itm/187876405705?_skw=gundam&hash=item2bbe4e71c9:g:C60AAeSwWW5qO~IZ,https://i.ebayimg.com/images/g/C60AAeSwWW5qO~IZ/s-l225.jpg
gundam,model_kit,eBay,marketplace,us,Bandai Hobby HGAC XXXG-01D2 Gundam Deathscythe Hell HG 1/144 Scale Model Kit,22.99,0.0,False,USD,New,https://www.ebay.com/itm/147443406650?_skw=gundam&hash=item22544fd73a:g:1RwAAeSw2~5qWpmy,https://i.ebayimg.com/images/g/1RwAAeSw2~5qWpmy/s-l225.jpg
gundam,model_kit,eBay,marketplace,us,Bandai Gundam TURN A Gundam MG 1/100 Scale Model Kit USA Seller,57.95,0.0,False,USD,New,https://www.ebay.com/itm/147288758574?_skw=gundam&hash=item224b18192e:g:7pwAAeSw5Vdqym4Q,https://i.ebayimg.com/images/g/7pwAAeSw5Vdqym4Q/s-l225.jpg
gundam,model_kit,eBay,marketplace,international,Bandai EXCEED MODEL TRINITY RX-78-2 Gundam Complete Set Capsule Toys Gashapo,110.0,0.0,False,USD,New,https://www.ebay.com/itm/336817955175?_skw=gundam&hash=item4e6bea2167:g:6SAAAeSw6XBquxm1,https://i.ebayimg.com/images/g/6SAAAeSw6XBquxm1/s-l225.jpg
gundam,model_kit,eBay,marketplace,us,"Bandai Blockcross Musha Gundam & Knight Gundam, Built, Complete",16.0,6.5,False,USD,Used,https://www.ebay.com/itm/880004581460?_skw=gundam&hash=itemcce45c4854:g:lPcAAeSw4dJqym77,https://i.ebayimg.com/images/g/lPcAAeSw4dJqym77/s-l225.jpg
gundam,model_kit,eBay,marketplace,us,Bandai Hobby Mobile Suit Gundam RX-78 GP01 Gundam MG 1/100 Model Kit USA Seller,43.95,0.0,False,USD,New,https://www.ebay.com/itm/137709210069?_skw=gundam&hash=item20101bc9d5:g:Y54AAeSwXdFqyh5Y,https://i.ebayimg.com/images/g/Y54AAeSwXdFqyh5Y/s-l225.jpg
gundam,model_kit,eBay,marketplace,international,MG Gundam - Full Armor Unicorn Gundam ''Ver.Ka'',73.63,0.0,False,USD,New,https://www.ebay.com/itm/377559603886?_skw=gundam&hash=item57e84e5aae:g:QFEAAeSwFG9qykLW&amdata=enc%3AAQALAAAA8Of5zIIojhOf%2BkQK%2Bxzjn7nAPAPNJ6969JH8Q2ulvdyqfGVQe7FLnFbOeK%2FXCTWVgnQDKylx2uiPOSguznuh2yRjsxfN92V28FtO6lbyAZ3btTttJqUE1gKeGmrAFrDFM0fKxvKIlvHdlrl%2BpXS8zHOXdiQgpOXXgZF4nBJ3LpCwox62kYA%2Bql3kdMBdFdAhZHtNfLSxhR4WPAleDxfXi9Uegzv0lASG8EWezWrY6FTagpRfathx5CqXZnkKMTb9iHyEQgo2cSASyalR7z9XfY6%2Fzs%2BGLEFqDjb7VdJZzPo09w4E2rrdQF%2FnJ%2FFNI5HZYw%3D%3D,https://i.ebayimg.com/images/g/QFEAAeSwFG9qykLW/s-l225.jpg
gundam,cards,eBay,marketplace,us,Bandai Gundam Card Game 4 Uncommons 6 Commons Random,2.54,1.11,False,USD,New,https://www.ebay.com/itm/366667573692?_skw=gundam&hash=item555f1729bc:g:WpYAAeSwnnJqp2er&amdata=enc%3AAQALAAAA4Of5zIIojhOf%2BkQK%2Bxzjn7nf%2F%2BCCtH%2FTpGpxdwZ5oVtxkxP3Y93p9CETkEYamrwvCPO90NGdOjiGLH%2Brgtt2EROzfzEwEd%2BOoCV5z5BtAZdLRJ031%2BgGcR%2B1rPrE7e%2BBHmRafxRWGrNfsZ%2FM3zJkp0Buuu3CFA66z37q0yC5kEz5PbG5iA85bU3OuJQI6U9r%2FuF2X2X%2FFbg5AepL0Th%2BlVsgN78xLVMHHzRm3ybsuBj0zjgWxi%2BIXZvTSx9YXb33Xy3y6QEl%2Ff8aeDaU312EZyL%2B0vDTn%2BcqLgtyXeKGVIe2,https://i.ebayimg.com/images/g/WpYAAeSwnnJqp2er/s-l225.jpg
gundam,model_kit,eBay,marketplace,us,Standard Hello Kitty x RX-78-2 Gundam Figure Model Kit USA Seller,28.99,0.0,False,USD,New,https://www.ebay.com/itm/336790532052?_skw=gundam&hash=item4e6a47afd4:g:UiAAAeSwFXJqpPP7&amdata=enc%3AAQALAAAA4Of5zIIojhOf%2BkQK%2Bxzjn7nGm2TBsFEDT87bbESCyETbHPGzslZj0Z%2FQSZaDchQTFMz0WyNqEt3yp9XTziLbeiKgXk2lFdVyfkF1fdq8OzEAhDC1jU9eD8d3OYi5u5DUR5HVyC877wY%2FrtKsucJuLdP3qdcOkCxxQyeglP7qk3wV%2BnaVS2Ms1iAd1QoPNOmOEjDBTIJBXo%2BFAak5ylE1gzYXT%2BLkGd%2BYpv%2FO1lhbZTtg1d2jboxuLnC3cCj%2BMx3WHklR9HXCO0td%2FwaAFMlON8S%2BVSRWuZjEdwS3Ho7yr%2B%2BD,https://i.ebayimg.com/images/g/UiAAAeSwFXJqpPP7/s-l225.jpg
gundam,cards,eBay,marketplace,international,Gundam Card Game Storage Box & Resource Card Set EVX07 Event Limited,67.6,7.95,False,USD,New/Factory Sealed,https://www.ebay.com/itm/397905600996?_skw=gundam&hash=item5ca505a1e4:g:ibMAAeSweFVp9riP&amdata=enc%3AAQALAAAA4Of5zIIojhOf%2BkQK%2Bxzjn7k%2FWBnt%2FfZ%2B%2BI9qKzheBaSrwGqABFgoRZVw2WTHTYrA3E0gfLDmDEL04CpEWeUHVJrgXRcjSxhF5hH%2Fk%2F6Gw36lmMQ6fg149UATkfRnOt5M44HFVUYZeDdGOoOGHHYPMlZhQoGWP03MptLli1R%2Bghj%2B3Lje7gkQjiuBm%2FRxfnMMxoLaVXGTxzw%2BIoRO0gBoOFicLlrC5811bIyf6O3y0fzRRgfK6h0h4T9TipcVSOekmoCc1E1jYHVPJCfwRmibW6xl1ccUqb7M0IQDnadGgUKi,https://i.ebayimg.com/images/g/ibMAAeSweFVp9riP/s-l225.jpg
gundam,model_kit,eBay,marketplace,us,Bandai Hobby Gundam SEED Destiny MGSD Destiny Gundam Model Kit USA Seller,54.95,0.0,False,USD,New,https://www.ebay.com/itm/147440972946?_skw=gundam&hash=item22542ab492:g:7r8AAeSwGq5qyTHA,https://i.ebayimg.com/images/g/7r8AAeSwGq5qyTHA/s-l225.jpg
gundam,model_kit,eBay,marketplace,us,Bandai Gundam HGUC #234 MS-06S Char Zaku II 40th Anniversary HG 1/144 Model Kit,27.95,0.0,False,USD,New,https://www.ebay.com/itm/147481665370?_skw=gundam&hash=item2256979f5a:g:0BwAAeSwNG5qxtlV,https://i.ebayimg.com/images/g/0BwAAeSwNG5qxtlV/s-l225.jpg
gundam,cards,eBay,marketplace,international,Barbatos EX Base P EXBP-023 Starter Campaign Pack Gundam Card Game Japanese,4.67,0.0,False,USD,Ungraded,https://www.ebay.com/itm/397711856469?_skw=gundam&hash=item5c99795355:g:YR0AAeSwyTVqiqei,https://i.ebayimg.com/images/g/YR0AAeSwyTVqiqei/s-l225.jpg
gundam,model_kit,eBay,marketplace,us,Bandai G Gundam Shining Gundam RG 1/144 Model Kit USA SELLER,37.95,0.0,False,USD,New,https://www.ebay.com/itm/137584913188?_skw=gundam&hash=item2008b32b24:g:Ou0AAeSw3NFqyM4Q,https://i.ebayimg.com/images/g/Ou0AAeSw3NFqyM4Q/s-l225.jpg
gundam,model_kit,eBay,marketplace,us,Bandai MS-14S Char's Gelgoog Ver. 2.0 MG 1/100 Scale Model Kit USA Seller,54.93,0.0,False,USD,New,https://www.ebay.com/itm/137748698481?_skw=gundam&hash=item2012765571:g:kHQAAeSwEPpqyiIt,https://i.ebayimg.com/images/g/kHQAAeSwEPpqyiIt/s-l225.jpg
gundam,cards,eBay,marketplace,international,Gundam Card Game Official Card Case Set w/ Dice Case EVX09 EXBP-030 Promo Japan,102.65,7.95,False,USD,New,https://www.ebay.com/itm/398408716638?_skw=gundam&hash=item5cc302915e:g:1PcAAeSwfmBqsfJx,https://i.ebayimg.com/images/g/1PcAAeSwfmBqsfJx/s-l225.jpg
gundam,other,eBay,marketplace,us,Mobile Suit GUNDAM Introduction BOOKLET 2026 Comic-Con with 45 Yr Anvrsy Poster,10.0,,False,USD,Brand New,https://www.ebay.com/itm/206476946522?_skw=gundam&hash=item3012fc2c5a:g:PFUAAeSwC-FqeCvJ&amdata=enc%3AAQALAAAA4Of5zIIojhOf%2BkQK%2Bxzjn7m9oKa9IaqOC40REkxA%2BmMyFbFTeTrKbjVJsD%2Bp0ohfewVrUeQwvdWXd8CnJYx2%2FZ8XXWXaDqe1BVw36s4ROZ9mng41WCo44ubePFtM3sJMD4K7cURgKfynsMmLTKL30mOjkO3sbLPVQOsWZ5F7L3sW4T6hlEGd38QwSAtule7fTACfbopu5kH%2BJw9BO%2BV5JletIflhuoGasgR5%2F%2Bm6WnOPa5UyZWIdcbHfclqvITjJj4eT5DdTyPvuA0ALL9kLZKAk4HC9EXJ1MY0k5RpFKcRg,https://i.ebayimg.com/images/g/PFUAAeSwC-FqeCvJ/s-l225.jpg
gundam,model_kit,eBay,marketplace,us,Bandai HGUC 1/144 TX-ff104 Alyzeus Mobile Suit Gundam Hathaway Model Kit NEW,142.5,0.0,False,USD,New,https://www.ebay.com/itm/407205937289?_skw=gundam&hash=item5ecf5d8089:g:WBkAAeSwCx5qojIP&amdata=enc%3AAQALAAAA4Of5zIIojhOf%2BkQK%2Bxzjn7kgViYQ1pTchHq%2BFBCrjfq0Fi5IVCd9eMO8KhpjxBDAi4Lp3tPOnA7oNTCiqfjhUTxFMmEr2wr7ncugrNnxhCdM%2FZaFsz%2BqsBdJhv9lTVDI7L0Uxch7FlTZ%2FJ52%2BUO3iQrYX%2Bev5RSKv8Cpy1j%2BP4G3SMW7EsNb6xQp1V%2FO7Y0K3sAFsCfSt%2FqJ4BsSCPhfnEQMTR3QIEaXX9Yp7JFLgpIy%2FC8TjmAskKFncEVsFpTVZH8P7QWd%2FQeWigW7ouGszmvsdULGyLO8z%2Bv1B41g6%2FTP,https://i.ebayimg.com/images/g/WBkAAeSwCx5qojIP/s-l225.jpg
gundam,model_kit,eBay,marketplace,us,Bandai Hobby Gundam 00 #3 Gundam Dynames HG 1/144 Model Kit USA Seller,23.95,0.0,False,USD,New,https://www.ebay.com/itm/147575433531?_skw=gundam&hash=item225c2e693b:g:osoAAeSwhDxqyj5H,https://i.ebayimg.com/images/g/osoAAeSwhDxqyj5H/s-l225.jpg
gundam,model_kit,eBay,marketplace,us,Bandai Action Base #5 Clear (For 1/144 & 1/100 Gundam) Model Kit Bandai Hobby,9.0,0.0,False,USD,New,https://www.ebay.com/itm/185845582834?_skw=gundam&hash=item2b45428bf2:g:qnsAAeSw10tqO~Eq,https://i.ebayimg.com/images/g/qnsAAeSw10tqO~Eq/s-l225.jpg
gundam,model_kit,eBay,marketplace,us,Bandai High Grade HGUC 1/144 RGM-96X Jesta Gundam and Type 89 Base Jabber,30.99,,False,USD,New,https://www.ebay.com/itm/336824575151?_skw=gundam&hash=item4e6c4f24af:g:ggsAAeSwTxxquDez,https://i.ebayimg.com/images/g/ggsAAeSwTxxquDez/s-l225.jpg
gundam,model_kit,eBay,marketplace,international,Gundam RX-78-2 ENTRY GRADE 1/144 Ukiyo-e Package Ver. Bandai Japan Limited New,36.8,0.0,False,USD,New,https://www.ebay.com/itm/128081682366?_skw=gundam&hash=item1dd2435fbe:g:KXIAAeSwaNtqtG2f,https://i.ebayimg.com/images/g/KXIAAeSwaNtqtG2f/s-l225.jpg
gundam,model_kit,eBay,marketplace,us,Bandai MG 1/100 RX-79[G] Gundam Ground Type,34.99,6.99,False,USD,New,https://www.ebay.com/itm/198512677228?_skw=gundam&hash=item2e3847116c:g:nXMAAeSwYUhqW~Cw,https://i.ebayimg.com/images/g/nXMAAeSwYUhqW~Cw/s-l225.jpg
gundam,model_kit,eBay,marketplace,us,Bandai RG #40 RX-78-2 Gundam Ver 2.0 1/144 Scale Model Kit,42.95,0.0,False,USD,New,https://www.ebay.com/itm/147367496564?_skw=gundam&hash=item224fc98b74:g:I00AAeSwiXxqyFp8,https://i.ebayimg.com/images/g/I00AAeSwiXxqyFp8/s-l225.jpg
gundam,model_kit,eBay,marketplace,us,"#33 Gundam Barbatos Lupus Rex Gundam IBO, Bandai Hobby HG IBO 1/144",20.0,0.0,False,USD,New,https://www.ebay.com/itm/177706640889?_skw=gundam&hash=item29602425f9:g:P3MAAeSwSX9qO~Fu,https://i.ebayimg.com/images/g/P3MAAeSwSX9qO~Fu/s-l225.jpg
gundam,model_kit,eBay,marketplace,us,BANDAI HG Mobile Suit Gundam 1/144 MSM-03 Gogg HGUC USA SELLER Model Kit,17.99,0.0,False,USD,New,https://www.ebay.com/itm/134170199854?_skw=gundam&hash=item1f3d2ac72e:g:o0gAAOSwfRhnGosH,https://i.ebayimg.com/images/g/o0gAAOSwfRhnGosH/s-l225.jpg
gundam,model_kit,eBay,marketplace,international,Bandai EXCEED MODEL TRINITY RX-78-2 Gundam Complete Set Capsule Toys Gacha Japan,112.0,10.0,False,USD,New,https://www.ebay.com/itm/920002672987?_skw=gundam&hash=itemd6346eb95b:g:0gEAAeSw7sxqwGuw&amdata=enc%3AAQALAAAA4Of5zIIojhOf%2BkQK%2Bxzjn7mGZXB6VOmpRvnf8WOBOOatOnShEEUqMa6h2wCVWr8V%2BNS9nEPjlSoLGq89nLWLcod7MPAMDhEYosB5EoaTyOXlEDY9MPw2awdYpk8AR3odW4eQE6gt9VnjxZRr%2F4oXZkN7FjoipieNoHpMYXbzzvq5XRQtml507F4x3ed2Yyp6XO3URLuYrXtPxfPpWuxEd2XN1zn5nCnRfbIaFNEWCQu%2FZIfWjHEmHfGdsQgPBbq2ODjgx%2FNgKwg8mSBGtg0OkLsiksDEmk5gUk1o2O8dl3wf,https://i.ebayimg.com/images/g/0gEAAeSw7sxqwGuw/s-l225.jpg
gundam,model_kit,eBay,marketplace,us,Bandai MG 1/100 Gundam Barbatos ASW-G-08 Master Grade Model Kit,50.0,,False,USD,New,https://www.ebay.com/itm/840007132293?_skw=gundam&hash=itemc39453a485:g:ksMAAeSw045qylrL&amdata=enc%3AAQALAAAA4Of5zIIojhOf%2BkQK%2Bxzjn7mkHlJUjPa9VYSfcStZEHtunr%2FZrCMoka8c8K774jxDrKk4nhaFvLs7IUWbUt3WxJs12hMq2G490IwBEWMWswGsLEX8nF%2FSOvH26Toxz2cvdI1T1BpQFkCGb0stgna2DBJXgoWDQrE97bB1DoaeCMK1RT6yxsz4opGOXBSUAm7wchywjawt8rsHPOaSgdsjOaJRpbghIZpuph5IJt014naVUjlkCqXvVhhD%2F%2BBeVfwJrBRch6%2B5YQCOsId9grmB3KjRUxViIftHq%2BrsLf37fhPq,https://i.ebayimg.com/images/g/ksMAAeSw045qylrL/s-l225.jpg
gundam,model_kit,eBay,marketplace,international,Bandai EXCEED MODEL TRINITY RX-78-2 Gundam Complete Set Capsule Toys Gacha Japan,112.0,10.0,False,USD,New,https://www.ebay.com/itm/920002672987?_skw=gundam&hash=itemd6346eb95b:g:0gEAAeSw7sxqwGuw&amdata=enc%3AAQALAAAA4Of5zIIojhOf%2BkQK%2Bxzjn7mGZXB6VOmpRvnf8WOBOOatOnShEEUqMa6h2wCVWr8V%2BNS9nEPjlSoLGq89nLWLcod7MPAMDhEYosB5EoaTyOXlEDY9MPw2awdYpk8AR3odW4eQE6gt9VnjxZRr%2F4oXZkNCPhHfiVDG0ZxIdSMtpaXALVVe0vPwj9u8VHlMv9U%2BQR5f0EJasumDWDBo5RDPGBgtyhR4%2Bnqfsj06VWdty1HuFdxewmd%2Fq%2F7vwIayJL%2Fg3fJs5HdwVUKBoqRlHKyfIt2LIrYtnSDy6vHWJ5zG%2Bn3U,https://i.ebayimg.com/images/g/0gEAAeSw7sxqwGuw/s-l225.jpg
gundam,model_kit,eBay,marketplace,us,Bandai MG 1/100 Gundam Barbatos ASW-G-08 Master Grade Model Kit,50.0,,False,USD,New,https://www.ebay.com/itm/840007132293?_skw=gundam&hash=itemc39453a485:g:ksMAAeSw045qylrL&amdata=enc%3AAQALAAAA4Of5zIIojhOf%2BkQK%2Bxzjn7mkHlJUjPa9VYSfcStZEHtunr%2FZrCMoka8c8K774jxDrKk4nhaFvLs7IUWbUt3WxJs12hMq2G490IwBEWMWswGsLEX8nF%2FSOvH26Toxz2cvdI1T1BpQFkCGb0stgna2DBKPDZm98m0zNJ2zL44dOxVZPtM9%2FF3DVt5872Ki%2FCRPlEimTPyzWkMUjAqiJTd5O4ADt1xJcvBjT9izRjN1NeMfG%2BZMlUmgwj8iIzQYfs05TzDnJt8taXg8jO09lmgdPi0xAwYdB1zg7jRliYGiqnr6,https://i.ebayimg.com/images/g/ksMAAeSw045qylrL/s-l225.jpg
gundam,model_kit,eBay,marketplace,us,Gundam Wing Robot Assembly Model Kit 1/144 Action Figure Desktop Toy Gift,16.76,0.0,False,USD,New,https://www.ebay.com/itm/406936436267?_skw=gundam&hash=item5ebf4d3e2b:g:SwEAAeSwmT1qDCuP&amdata=enc%3AAQALAAAA8Of5zIIojhOf%2BkQK%2Bxzjn7ky2i183yygCd6B7gG9cIaix17UdXrWmPYWXid9yzfp%2BTNubN8yFIGRxVkShU7dQy7KXScQAQ0rAGINfPVqagMscXOhn9PEYliMbhsI%2BrPo99I4UOlwLPfgYu4%2BgxBDu61GWJkrKx6%2FQxiuL7v21QienhW6n217%2F%2BW3luHsM66Rf8h1dHCoKkZRya%2FgW8LKCkMr9kj%2BLCDXTmXMziOhEQbkLgfwDoptsctR%2FCOpWsVTVeJynKnV6sY86uD%2F3Cv%2B6hNeqHtkiPwVex9NZUfuPH0V4%2BxiTXYBkFx9DBa3pTBWyg%3D%3D,https://i.ebayimg.com/images/g/SwEAAeSwmT1qDCuP/s-l225.jpg
gundam,other,eBay,marketplace,us,50pcs Gundam Anime Stickers Decals for Laptop Water Bottle Us Seller,8.98,0.0,False,USD,New,https://www.ebay.com/itm/398187384960?_skw=gundam&hash=item5cb5d15080:g:nOkAAeSw6PpqWzEu&amdata=enc%3AAQALAAAA4Of5zIIojhOf%2BkQK%2Bxzjn7mZ6K4M52ryc4SiDkJsLu4lGzYNPMoyUc11oiCUfUhViKo0nkzJrkBQ%2BEKxFwj3Wt89Uv0OHNKjHLWXO2Oj1QbNto5EoEJ6FpbhI6mmAQ%2FldzUWp6H38umxkAqRdBS52zKnSqZjFPeaxwJVelVKRlp9pG%2B6TaVW%2B14pGLgx1MJPB76yrWnlOvkE3gJlpVpHavb9x7sYg5BaJhRF8bPFlNqcdXvB21tJAS%2BFvSlPO2%2BK01db4qaSqnpDe4hMKUsx1UCZKUitJ6l12pWyZsziTMNu,https://i.ebayimg.com/images/g/nOkAAeSw6PpqWzEu/s-l225.jpg
gundam,cards,eBay,marketplace,us,FORBIDDEN GUNDAM GD05-012 GUNDAM FREEDOM ASCENSION NEAR MINT,1.99,1.0,False,USD,Ungraded,https://www.ebay.com/itm/227561191513?_skw=gundam&hash=item34fbb43859:g:G-EAAeSwFWdqynWC,https://i.ebayimg.com/images/g/G-EAAeSwFWdqynWC/s-l225.jpg
gundam,model_kit,eBay,marketplace,us,"Lunamaria Hawke ""Mobile Suit Gundam SEED FREEDOM"", Bandai Figure-Rise Standard",40.0,0.0,False,USD,New,https://www.ebay.com/itm/176395835539?_skw=gundam&hash=item291202d893:g:dfYAAeSwt5tqO~Gn,https://i.ebayimg.com/images/g/dfYAAeSwt5tqO~Gn/s-l225.jpg
gundam,model_kit,eBay,marketplace,us,Bandai BNESH QMSV Mini Gundam SEED Freedom Series Blind Box - 1 Random,23.75,0.0,False,USD,New,https://www.ebay.com/itm/147309477476?_skw=gundam&hash=item224c543e64:g:niYAAeSw0Ilqxaaj,https://i.ebayimg.com/images/g/niYAAeSw0Ilqxaaj/s-l225.jpg
gundam,cards,eBay,marketplace,us,100 Gundam TCG Cards Bulk Lot - Phantom Aria [GD04] - C/U/R -10 GUARENTEED RARES,13.99,0.0,False,USD,Used,https://www.ebay.com/itm/147288852997?_skw=gundam&hash=item224b198a05:g:gT0AAeSwcCJp9UUJ,https://i.ebayimg.com/images/g/gT0AAeSwcCJp9UUJ/s-l225.jpg
gundam,model_kit,eBay,marketplace,us,Gundam Lot Mg 1:100,130.0,15.0,False,USD,Used,https://www.ebay.com/itm/206616807210?_skw=gundam&hash=item301b52472a:g:McUAAeSwBx5qylPL,https://i.ebayimg.com/images/g/McUAAeSwBx5qylPL/s-l225.jpg
gundam,model_kit,eBay,marketplace,us,Gundam Lot Mg 1:100,130.0,15.0,False,USD,Used,https://www.ebay.com/itm/206616820466?_skw=gundam&hash=item301b527af2:g:LOkAAeSwiFpqylVs,https://i.ebayimg.com/images/g/LOkAAeSwiFpqylVs/s-l225.jpg
gundam,model_kit,eBay,marketplace,us,Gundam Lot Mg 1:100,130.0,15.0,False,USD,Used,https://www.ebay.com/itm/206616822944?_skw=gundam&hash=item301b5284a0:g:MQ4AAeSwGq5qylX2,https://i.ebayimg.com/images/g/MQ4AAeSwGq5qylX2/s-l225.jpg
gundam,model_kit,eBay,marketplace,us,Gundam Lot Mg 1:100,130.0,15.0,False,USD,Used,https://www.ebay.com/itm/206616826300?_skw=gundam&hash=item301b5291bc:g:EKsAAeSwYu9qylZ6,https://i.ebayimg.com/images/g/EKsAAeSwYu9qylZ6/s-l225.jpg
gundam,model_kit,eBay,marketplace,us,Bandai Hobby Gundam Seed Destiny Strike Freedom MGEX 1/100 Model Kit USA Seller,169.95,0.0,False,USD,New,https://www.ebay.com/itm/147479521413?_skw=gundam&hash=item225676e885:g:ZyAAAeSwfwBqynaS,https://i.ebayimg.com/images/g/ZyAAAeSwfwBqynaS/s-l225.jpg
gundam,model_kit,eBay,marketplace,us,Gundam: Requiem for Vengeance Gundam EX High Grade 1:144 Scale Model Kit,28.51,5.0,False,USD,New,https://www.ebay.com/itm/226658223339?_skw=gundam&hash=item34c5e204eb:g:LCoAAeSw-1lqoIn-&amdata=enc%3AAQALAAAA8Of5zIIojhOf%2BkQK%2Bxzjn7n4qHn%2FZkWbNC9MMJV4KrUYs0N044MEcnA7CRsxMXrklmcLtOMKFs%2BQPi7TR2o6oVdfO2eQ2lCxdLQd3LgruO2X9zOcBZ5rEmeVZ6%2BOUnFFdQwFmdavreWqGZDBkV%2FS0lsCS9rNJTQvDJJjzG7NkzkjB2w82hwlCguX7UheUuZZOVT693UxPDyFawl0kdkcalXaYD2bfejWESMbfajW1HNrPTChKfweyXM07aqt43w%2BuqFQvR8zj0FXbMBPp2xdYNjGyiT2kWVzws7%2F%2BqsziyEShJISX3B6vOOWvOcwgzwq0w%3D%3D,https://i.ebayimg.com/images/g/LCoAAeSw-1lqoIn-/s-l225.jpg
gundam,other,eBay,marketplace,us,"Bandai QMSV Mini ""Gold Team"" Gundam Blind Box",19.99,6.5,False,USD,New,https://www.ebay.com/itm/137715242099?_skw=gundam&hash=item201077d473:g:nfIAAeSw-jZp19CY&amdata=enc%3AAQALAAAA8Of5zIIojhOf%2BkQK%2Bxzjn7kPqWOsfgHoh9LPRMBNtY2XOVxRu%2BWgpLmtxX9g%2BkLEKg%2FvkdzYd%2Bko38DH9sVVJqO0NqaaIAyJ%2B3SGP9zOtVO3P2qnDampm5kEwZgaswYzhoboFG%2FCA3%2Ft%2Bc2%2FTqsSUYWz7d2Le%2FEOeqIZTuKF8lh0QXLvOoazSsrVn6GfWJhE6y1mu%2F1FzLfR6xwjN8yM2aSOzLrebd4klvGYWg%2ByJyJnCwD4sXCsWMVH4xPiyxxI4hnUq6xpXyU2iFaosV1NrHZ%2Bwis%2BsIsCgwiG%2Bc5l5Bs5NtQt1RPonkYN8uscxN3slw%3D%3D,https://i.ebayimg.com/images/g/nfIAAeSw-jZp19CY/s-l225.jpg
gundam,other,eBay,marketplace,international,Bandai RX-78-2 Gundam EXCEED MODEL TRINITY LED Unit 3 Set Anime Limited Japan,168.0,20.0,False,USD,New,https://www.ebay.com/itm/366716959003?_skw=gundam&hash=item556208b91b:g:XKEAAeSwBk1qxYJw&amdata=enc%3AAQALAAAA4Of5zIIojhOf%2BkQK%2Bxzjn7kdJkTIOA70tcZPVHI%2BSonZDi39XbMKPCvE%2BcOytVMEy68NAT6scor3gbR8AmRQzt2U%2BQGkHg4S0GJGiJSsz%2B10E%2BK1cRsCTPh%2Fyjv9Eh79a9h99RuxfFIjp6cZyCyi3qjgl8VDQbmALWUAMYx4uRgV1VS%2BokaGAGZHzMLB5Tt6ZKuZAycKb2dfN16oEMBOP%2BvPHP%2F6fHsDerTzCxcWV25buNe8wGm%2B6V1EsmgPF4d8G8BOKbJIx411CRLi2QnvfebekfsQS%2FMEYZ0ii4fJyO6I,https://i.ebayimg.com/images/g/XKEAAeSwBk1qxYJw/s-l225.jpg
gundam,other,eBay,marketplace,us,Bandai Gundam Action Base 4 Black Gunpla 1/100 Scale Display Stand USA Seller,13.2,0.0,False,USD,New,https://www.ebay.com/itm/146973330545?_skw=gundam&hash=item22384b0c71:g:JnQAAeSwG7xqybpH,https://i.ebayimg.com/images/g/JnQAAeSwG7xqybpH/s-l225.jpg
gundam,model_kit,eBay,marketplace,us,"#269 Gouf Ignited (Heine Westenfluss Custom) Mobile Suit Gundam SEED DESTINY, B",34.0,0.0,False,USD,New,https://www.ebay.com/itm/178251688941?_skw=gundam&hash=item2980a0ebed:g:AqQAAeSwiRFqO~Gn,https://i.ebayimg.com/images/g/AqQAAeSwiRFqO~Gn/s-l225.jpg
gundam,model_kit,eBay,marketplace,us,Gundam 1/144 HGBF #015 Gouf R35 Model Kit,39.99,0.0,False,USD,New,https://www.ebay.com/itm/278360475458?_skw=gundam&hash=item40cf93c742:g:11kAAeSwWt1qqaNj,https://i.ebayimg.com/images/g/11kAAeSwWt1qqaNj/s-l225.jpg
gundam,cards,eBay,marketplace,us,EX Resource Pajama Haman - Gundam TCG,9.25,6.0,False,USD,Ungraded,https://www.ebay.com/itm/257738039331?_skw=gundam&hash=item3c02626023:g:GP0AAeSweXxqWe-8,https://i.ebayimg.com/images/g/GP0AAeSweXxqWe-8/s-l225.jpg
gundam,model_kit,eBay,marketplace,us,Bandai Hobby Gundam SEED Destiny MGSD Destiny Gundam Model Kit USA Seller,45.99,5.82,False,USD,New,https://www.ebay.com/itm/227499794839?_skw=gundam&hash=item34f80b6197:g:tQIAAeSwA-tqlfY6,https://i.ebayimg.com/images/g/tQIAAeSwA-tqlfY6/s-l225.jpg
gundam,model_kit,eBay,marketplace,international,P-Bandai HG 1/144 XM-XX GHOST GUNDAM CROSSBONE New,97.4,0.0,False,USD,New,https://www.ebay.com/itm/395882031030?_skw=gundam&hash=item5c2c6867b6:g:rPIAAOSwC1Zn5hbc,https://i.ebayimg.com/images/g/rPIAAOSwC1Zn5hbc/s-l225.jpg
gundam,cards,eBay,marketplace,international,Gundam Card Game Storage Box & Resource Card Set EVX07 Event Limited Official,67.0,0.0,False,USD,New/Factory Sealed,https://www.ebay.com/itm/407274528446?_skw=gundam&hash=item5ed3741ebe:g:2MsAAeSwFJ9qwkoZ,https://i.ebayimg.com/images/g/2MsAAeSwFJ9qwkoZ/s-l225.jpg
gundam,cards,eBay,marketplace,us,Gundam Card Game Japanese Steel Requiem (GD03) Booster Box,67.69,0.0,False,USD,New/Factory Sealed,https://www.ebay.com/itm/137169100532?_skw=gundam&hash=item1fefea5ef4:g:8KsAAeSwzMVpxCpP,https://i.ebayimg.com/images/g/8KsAAeSwzMVpxCpP/s-l225.jpg
gundam,other,eBay,marketplace,us,GSI Creos Gundam Marker Sets of Six. 13 Different Sets Buy Two Or More And Save ,21.99,0.0,False,USD,New,https://www.ebay.com/itm/154779592250?_skw=gundam&hash=item240995263a:g:1hUAAOSwPHJh04-x,https://i.ebayimg.com/images/g/1hUAAOSwPHJh04-x/s-l225.jpg
gundam,other,eBay,marketplace,us,RX-78-2 Gundam Beyond Global (Clear Color) Limited Edition HG 1/144,48.0,0.0,False,USD,New,https://www.ebay.com/itm/267758385222?_skw=gundam&hash=item3e57a4b846:g:vRcAAeSwiuJqgNks,https://i.ebayimg.com/images/g/vRcAAeSwiuJqgNks/s-l225.jpg
gundam,cards,eBay,marketplace,us,Freedom Gundam ST09-004 LR Gundam TCG,4.29,0.0,False,USD,Ungraded,https://www.ebay.com/itm/820215451802?_skw=gundam&hash=itembef8a6909a:g:NC4AAeSwEhdqxt9q,https://i.ebayimg.com/images/g/NC4AAeSwEhdqxt9q/s-l225.jpg
gundam,other,eBay,marketplace,us,Bandai Gundam Universe GU-12 MS-06S Char's Zaku II Boxed Action Figure,25.0,,False,USD,New,https://www.ebay.com/itm/198685503324?_skw=gundam&hash=item2e42942f5c:g:wPAAAeSw2X5qryjW&amdata=enc%3AAQALAAAA4Of5zIIojhOf%2BkQK%2Bxzjn7kLhR0QqmOtqmngn5ujc5hOH6YSlpp2FhGe%2Bw4Y2DxrbS2wY7rPuDwLJKx%2FjGP4%2BJjK5mfMctBqqWRrwQByBSSUmRVUFoJG8owWSTLrY%2BEi7XrvJL4GwpouV97QEz6CY6J84dDlqYcZkzHeaFbCxVtvnvxZzwF8WcW8Bj6RhQnC71MbyEFvil6IK8O6%2FK90X9WdcwWEledwO6ylDrinB%2BaOLFWzfDXFeOU2NKGlS8QvagSGlkjBK59k3ZAvEqXfBVOYk5ygDH95rTBoChBoNCXP,https://i.ebayimg.com/images/g/wPAAAeSw2X5qryjW/s-l225.jpg
gundam,other,eBay,marketplace,international,Bandai Gundam 1/144 HG Brave Standard Test Type Made in Japan Model Kits,24.17,20.9,False,USD,New,https://www.ebay.com/itm/236763139748?_skw=gundam&hash=item37202ecea4:g:~fQAAeSwimlqVqyh&amdata=enc%3AAQALAAAA4Of5zIIojhOf%2BkQK%2Bxzjn7l164iDkeQYuBzjN8yLOMNzI9WgZKxNtwlyFj%2FxbJcTr2lpfUB%2B4KCAiV%2FejS6HvRWUZlY4c62E6Ldno%2BXi0c1IYcodh%2FdKQMkU0sF672HVTZ51LynlRfBM5ZgkpEF9vvTYW0Jc7bA1vRoSu4wUPYiHFWl9CQQiesdW4Rfz8aAlEjRxvS7z5BxMqV1nIgk6Fm0yJOBZfqQ5GwaR2N3JuScmhfgN9wLRpfSlQ5UMKu2YBbi58%2FjwZuOOn4XZiscF11CVSMLC8%2FTeyK3Q9WE5fRmA,https://i.ebayimg.com/images/g/~fQAAeSwimlqVqyh/s-l225.jpg
gundam,model_kit,eBay,marketplace,international,RG 1/144 RX-78-2 Gundam Ver.2.0 [Hatsune Miku Ver.] Premium Bandai Japan  New,81.19,0.0,False,USD,New,https://www.ebay.com/itm/298331902273?_skw=gundam&hash=item4575f79141:g:3UcAAeSwlYhqX5RS&amdata=enc%3AAQALAAAA4Of5zIIojhOf%2BkQK%2Bxzjn7kTn2TOBvzCSU%2Fns%2BQlSwuST8qZGKusd%2FFaBJJnSaPTR%2BQjiNV3R7yC%2B2pgPEqaPpqgb15TM5l4wMYsXLYS8rgctdoAJlH1AUFgdAd1%2B%2BPbJ66uEC9PzL9spvqfTEA2r1DPfoFBCQ%2BxYIauyGQ4wud1tVv%2B%2BrSu1xtl7nx63VcuMhT6v7gNKV%2Fb61U8wLJ1QbPRw2L0Y8RnoCSj71g%2BUC1kIx4mAC4wzcvhEvcbaPIBl%2BEPsNP%2F0rJetsfYqS27eM%2FiQng1tXHf5Y7jW2RzDsyH,https://i.ebayimg.com/images/g/3UcAAeSwlYhqX5RS/s-l225.jpg
gundam,model_kit,eBay,marketplace,us,BAN2091785 Bandai Gundam: High Grade: Universal Century: 1/144: Loto Twin Set,30.81,0.0,False,USD,New,https://www.ebay.com/itm/168641564452?_skw=gundam&hash=item2743d20f24:g:4dQAAeSwbr9qj0UY&amdata=enc%3AAQALAAAA8Of5zIIojhOf%2BkQK%2Bxzjn7l3eqSwOfLP8a%2FIbPI9GbJUCfISerUFB4%2B5xyI88exVPeBxWbWCkTgCcahanvdGNARdKl1o5x4Ahm72QkHNszruNEoHLfFHMUOyX45fPRbZ4ALKxRYdJBZA8R7huP2KxLHALaDggfGaZ1wx7r5OvbHsyL99hihdIzAhZE4qsBj0mHaWtz8rTzYLwu1bR52r2zxO07OUJ7WWb29%2F38lCtTrETLNWHyINYWl10U63wGMgrlXWZC1%2B2lsdpIEOAZqL0Rt37DmcqIwkNqE8djIlyPGWv3axlSSWKNHzKTDQGwLOpw%3D%3D,https://i.ebayimg.com/images/g/4dQAAeSwbr9qj0UY/s-l225.jpg
gundam,model_kit,eBay,marketplace,us,Gundam Assemble ST01A Heroic Beginnings and SEED Strike ST04A NO DECK Model Only,65.0,0.0,False,USD,Used,https://www.ebay.com/itm/267796699214?_skw=gundam&hash=item3e59ed584e:g:sw4AAeSwXS1quGq1,https://i.ebayimg.com/images/g/sw4AAeSwXS1quGq1/s-l225.jpg
gundam,cards,eBay,marketplace,us,Gundam Card Game Gundam Heavyarms Custom (EW) [GD05 - GD05-079] Near Mint - EN,1.99,0.0,False,USD,Ungraded,https://www.ebay.com/itm/147557572901?_skw=gundam&hash=item225b1de125:g:TS4AAeSwtJFqxHN2,https://i.ebayimg.com/images/g/TS4AAeSwtJFqxHN2/s-l225.jpg
gundam,model_kit,eBay,marketplace,international,EXCEED MODEL TRINITY RX-78-2 Gundam Standard 3 Set No LED Bandai Gashapon Gasha,97.99,22.5,False,USD,New,https://www.ebay.com/itm/920015217029?_skw=gundam&hash=itemd6352e2185:g:q6QAAeSw5s1qxWXT,https://i.ebayimg.com/images/g/q6QAAeSw5s1qxWXT/s-l225.jpg
gundam,cards,eBay,marketplace,us,Gundam Epyon GD02-002 LR - Gundam Card Game NM Foil English,8.0,,False,USD,Ungraded,https://www.ebay.com/itm/278396670306?_skw=gundam&hash=item40d1bc1162:g:h98AAeSw2MBqsZ3X,https://i.ebayimg.com/images/g/h98AAeSw2MBqsZ3X/s-l225.jpg
gundam,cards,eBay,marketplace,international,Gundam Card Game Damage Counter Dice Haro EVX08 GCG EXPO 2026 Limited Fs,45.1,0.0,False,USD,New,https://www.ebay.com/itm/298711826918?_skw=gundam&hash=item458c9cc1e6:g:PqYAAeSwrwFquVLB,https://i.ebayimg.com/images/g/PqYAAeSwrwFquVLB/s-l225.jpg
gundam,model_kit,eBay,marketplace,us,"Mobile Suit Gundam Thunderbolt Manga Vol 1-21 In English, Viz Media ",270.0,0.0,False,USD,Brand New,https://www.ebay.com/itm/157880115489?_skw=gundam&hash=item24c2636121:g:RxEAAeSwp2JqHz0E&amdata=enc%3AAQALAAAA4Of5zIIojhOf%2BkQK%2Bxzjn7nvZSa5PVC5Sc83RhZ8%2B3HI%2BCqKZJ2jFoTVNd%2BQyvUvoV%2BNXsSNvuluQLLFA%2F66UX3MejXk9dqQFd6cuBJTjVjGPb%2BLPaSfftrcHnwlHZGUP0uUZ8qDcpp%2BYlcJN4h061%2FEHgELCqOGtZs7LUYAeIN44r0Wxog0FIwx3Q1Sd34k%2FECmQuoZkM%2FqYBJTve%2Fr78udBXrz4rfkTuY1URqwdMyXCZe%2FJZ9sP0XLiE%2F%2BWtW4S7Z6u%2FWOg%2BHouyNztXQ7ksRHumK5IJEyw6XcJdRU6NmM,https://i.ebayimg.com/images/g/RxEAAeSwp2JqHz0E/s-l225.jpg
gundam,cards,eBay,marketplace,international,GUNDAM CARD COLLECTION Mobile Suit Gundam GQuuuuuuX BOX Japanese Sealed 2025  70,28.32,0.0,False,USD,New/Factory Sealed,https://www.ebay.com/itm/136064678350?_skw=gundam&hash=item1fae1639ce:g:CS0AAeSwWGloXcoX&amdata=enc%3AAQALAAAA4Of5zIIojhOf%2BkQK%2Bxzjn7kdsvclY4ZprClC0VM1HTsoxX9w6m1HndVclgFa3mdvwgTTVYbSk4DhsyyU256dK8WkcJiBYNwkzFFlk%2BdaWHgunKT3q%2FqMxm8bRSS7zjZylmzrXAyPfqljS6JiEW4GbWozePolHCsLb8P%2BUUFqHpP23tVxbalG%2Fp4kAABC1uHsbHE6IzV095ty03Gb2hFTN0zAV4tVge75RqvzIo70fy4y%2FwbEjU4j0aWR77CCItgE%2BDMgAmO%2FLZuLZ5eU0qzSyMOUNLG8xxycj93IzzaQK6vV,https://i.ebayimg.com/images/g/CS0AAeSwWGloXcoX/s-l225.jpg
gundam,cards,eBay,marketplace,international,*New* GUNDAM CARD GAME Freedom Ascension GD05 Booster BOX Japanese Sealed TCG,74.0,0.0,False,USD,New/Factory Sealed,https://www.ebay.com/itm/407181822385?_skw=gundam&hash=item5ecded89b1:g:h~0AAeSw1qNqlRJ4,https://i.ebayimg.com/images/g/h~0AAeSw1qNqlRJ4/s-l225.jpg
gundam,model_kit,eBay,marketplace,international,Bandai 1/100 Mobile Suit Gundam F91 #08 RGM-109 Heavygun Model Kit (5184108),27.99,5.99,False,USD,New,https://www.ebay.com/itm/407241280667?_skw=gundam&hash=item5ed178cc9b:g:6QIAAeSwQfBqtOyX,https://i.ebayimg.com/images/g/6QIAAeSwQfBqtOyX/s-l225.jpg
gundam,model_kit,eBay,marketplace,us,"#36 The-O Z Gundam, Bandai Hobby HGUC",33.0,0.0,False,USD,New,https://www.ebay.com/itm/178251688938?_skw=gundam&hash=item2980a0ebea:g:kj8AAeSw0-1qO~G2,https://i.ebayimg.com/images/g/kj8AAeSw0-1qO~G2/s-l225.jpg
gundam,model_kit,eBay,marketplace,us,Bandai Hobby Crossbone Gundam  X-1 Ver. Ka MG 1/100 Model Kit USA Seller,57.95,0.0,False,USD,New,https://www.ebay.com/itm/137684814420?_skw=gundam&hash=item200ea78a54:g:epQAAeSwygRqyb-~,https://i.ebayimg.com/images/g/epQAAeSwygRqyb-~/s-l225.jpg
gundam,model_kit,eBay,marketplace,us,Gundam 1/144 Entry Grade RX-78-2 Gundam (Full Weapon Set) Model Kit In Stock EG,24.99,0.0,False,USD,New,https://www.ebay.com/itm/234321971690?_skw=gundam&hash=item368ead89ea:g:b-cAAOSweAxhrrWs,https://i.ebayimg.com/images/g/b-cAAOSweAxhrrWs/s-l225.jpg
gundam,cards,eBay,marketplace,us,Gundam Card Game Resource RP-055 Shuji Ito / Red Gundam (Japanese) US SELLER,5.99,0.0,False,USD,Ungraded,https://www.ebay.com/itm/198660571184?_skw=gundam&hash=item2e4117c030:g:QrIAAeSw185qsw1S,https://i.ebayimg.com/images/g/QrIAAeSw185qsw1S/s-l225.jpg
gundam,model_kit,eBay,marketplace,us,HG Gundam Thunderbolt - FA-78 Full Armor Gundam Gundam Thunderbolt Ver.,40.99,0.0,False,USD,New,https://www.ebay.com/itm/336786838555?_skw=gundam&hash=item4e6a0f541b:g:o4gAAeSwNnlpWeYl,https://i.ebayimg.com/images/g/o4gAAeSwNnlpWeYl/s-l225.jpg
gundam,cards,eBay,marketplace,international,Gundam Card Game Resource EVX07 King of Hearts G Gundam set of 10 Japanese,180.0,0.0,False,USD,Ungraded,https://www.ebay.com/itm/307052231193?_skw=gundam&hash=item477dbd3a19:g:~MEAAeSw2G9qmLlP,https://i.ebayimg.com/images/g/~MEAAeSw2G9qmLlP/s-l225.jpg
gundam,other,eBay,marketplace,us,Bandai Mobile Suit Gundam - Assault Kingdom 5 - #20 MS-06F ZAKU II,34.99,0.0,False,USD,New,https://www.ebay.com/itm/254871240360?_skw=gundam&hash=item3b57827ea8:g:W5EAAOSw76FhcL2o&amdata=enc%3AAQALAAAA4Of5zIIojhOf%2BkQK%2Bxzjn7k8Tud1pnC8%2FOEY%2F0HctlZ859BzPQAZdZujZOKU7VFquHNnUFGTol76OtlvOjGeOHzTa2r%2BH4TriamRyiUPMwYbuvF5sRsmKSJvvHB2eNtjhAVAPCMFwR%2BG4PDa5RuYUhykQg98IdvuSGerFg8nrdI3yfO%2BKmMEggOC7rCOy7Mxd5Op%2F0wsh05wlVW49W3CQano%2FzLHyf3rC4STy52kblZreTwbbfxEfBQumCxkOp%2BHIUXmg2t6k9TbHjeQz3PkMeqvNxAceYExzWtu6MM7UAS8,https://i.ebayimg.com/images/g/W5EAAOSw76FhcL2o/s-l225.jpg
gundam,cards,eBay,marketplace,us,Gundam Card Game Starter Deck ST11 - ST14 Set English Ver In Hand Now!,100.0,0.0,False,USD,New/Factory Sealed,https://www.ebay.com/itm/198662422996?_skw=gundam&hash=item2e413401d4:g:ovsAAeSwS1lqtCTa&amdata=enc%3AAQALAAAA4Of5zIIojhOf%2BkQK%2Bxzjn7lGhXN3%2BA5%2Fm%2BFuqA7%2BBWIbVb0GNUmguNUtYZ3m4ngo5oj26P3u91OsQQLPVV86WybiBkkme5CcO19vRQjXsqFRDjhsRpNEGh2Y9QFaFmCOydRjly%2BXau7JfdKBFNr3Ejwj%2Fsz8ACaPWNcAeOuHMYM6vV0aDvkZCmZppDStJRCfBPosPpqEZNiDdgsoWYBV2rdAKd3B5DozyTi0udsMtPsMnf6HQLVooiVU17sWgBpiXRbmuFqBsjDQjcq9Lyc8aZW%2BANtCFalL2pLlvHdfMapx,https://i.ebayimg.com/images/g/ovsAAeSwS1lqtCTa/s-l225.jpg
gundam,model_kit,Plaza Japan,retailer,,1 JPY SUPER SALE Gundam Poteko Black Pepper Flavor SINGLE (AUGUST 3rd EXPIRY DATE),0.01,,,USD,New,https://www.plazajapan.com/45496608857881,https://cdn11.bigcommerce.com/s-89ffd/products/216038/images/1006418/bandai-candy-1-jpy-super-sale-gundam-poteko-black-pepper-flavor-single-august-3rd-expiry-date__13015.1787034880.350.350.jpg?c=2
gundam,model_kit,Plaza Japan,retailer,,Bandai HG 1/144 Gundam Calibarn Plastic Model (Gundam: The Witch from Mercury),16.51,,,USD,New,https://www.plazajapan.com/4573102653222,https://cdn11.bigcommerce.com/s-89ffd/products/128634/images/476237/4573102653222_26fd14afde2861f0d16a152a769b9971__27957.1689662682.350.350.jpg?c=2
gundam,model_kit,Plaza Japan,retailer,,Bandai Perfect Grade 1/60 Unleashed RX-78-2 Gundam Plastic Model,271.04,,,USD,New,https://www.plazajapan.com/4573102607652,https://cdn11.bigcommerce.com/s-89ffd/products/84279/images/283926/607652-1__68657.1608194703.350.350.jpg?c=2
gundam,model_kit,Plaza Japan,retailer,,Gundam Artifact Pro High Mobility Zaku II (Black Tri-stars Specification),37.24,,,USD,New,https://www.plazajapan.com/4570117932403,https://cdn11.bigcommerce.com/s-89ffd/products/206898/images/948157/4570117932403_6e62cb7cbee83fb84ee281a7fa701f21__36725.1779340731.350.350.png?c=2
gundam,model_kit,Plaza Japan,retailer,,Bandai RG-32 v (Nu) Gundam 1/144 Scale Kit,49.12,,,USD,New,https://www.plazajapan.com/4573102578426,https://cdn11.bigcommerce.com/s-89ffd/products/55735/images/204101/4573102578426_62501de6484498488dd9ef48945339a7__05924.1565247756.350.350.jpg?c=2
gundam,model_kit,Plaza Japan,retailer,,Bandai Candy Gundam Gunpla Package Art Gummy Vol.3 BOX (20pcs),24.23,,,USD,New,https://www.plazajapan.com/4570117927089,https://cdn11.bigcommerce.com/s-89ffd/products/185217/images/821414/4570117927089_f49412a80f31db17289d21ae205eb94d__50044.1758782377.350.350.png?c=2
gundam,model_kit,Plaza Japan,retailer,,Bandai Iron-Blooded Orphans 035 Gundam KIMARIS VIDAR 1/144 Scale Kit,11.54,,,USD,New,https://www.plazajapan.com/4573102554529,https://cdn11.bigcommerce.com/s-89ffd/products/20282/images/77564/Orphans_035_a__50358.1488528542.350.350.jpg?c=2
gundam,model_kit,Plaza Japan,retailer,,Bandai HG 1/144 Gundam Schwarzette Plastic Model (Gundam: The Witch from Mercury),12.63,,,USD,New,https://www.plazajapan.com/4573102650245,https://cdn11.bigcommerce.com/s-89ffd/products/124463/images/438074/4573102650245_d94b340ec326c06c9bd2b429ba2d998e__74220.1672124063.350.350.jpg?c=2
gundam,model_kit,Plaza Japan,retailer,,Bandai Iron-Blooded Orphans 041 Gundam Hajiroboshi 1/144 scale kit,36.14,,,USD,New,https://www.plazajapan.com/4573102604248,https://cdn11.bigcommerce.com/s-89ffd/products/77350/images/267407/604248-1__55028.1598344764.350.350.jpg?c=2
gundam,model_kit,Plaza Japan,retailer,,Bandai RG-17 Gundam Wing Gundam Zero EW 1/144 Scale Kit,51.11,,,USD,New,https://www.plazajapan.com/4573102616029,https://cdn11.bigcommerce.com/s-89ffd/products/8268/images/31996/174_a__43915.1419475304.350.350.jpg?c=2
gundam,model_kit,Plaza Japan,retailer,,Bandai Gunpla Gundam Action Base 2 Gray,2.61,,,USD,New,https://www.plazajapan.com/4573102595782,https://cdn11.bigcommerce.com/s-89ffd/products/40659/images/141318/4543112505408-1__39153.1527223749.350.350.jpg?c=2
gundam,model_kit,Plaza Japan,retailer,,Bandai HG 1/144 GQuuuuuuX Plastic Model (Mobile Suit Gundam GQuuuuuuX),9.41,,,USD,New,https://www.plazajapan.com/4573102683175,https://cdn11.bigcommerce.com/s-89ffd/products/180794/images/791933/bandai-hg-1144-gquuuuuux-plastic-model-mobile-suit-gundam-gquuuuuux__67850.1752808687.350.350.jpg?c=2
gundam,model_kit,Plaza Japan,retailer,,Bandai Candy Mobility Joint Gundam VOL.2 10Pcs Box (Candy Toy),81.31,,,USD,New,https://www.plazajapan.com/4549660738060,https://cdn11.bigcommerce.com/s-89ffd/products/110053/images/375194/4549660738060_4320510294e995b06ad00465453c2cdd__64392.1650504579.350.350.png?c=2
gundam,model_kit,Plaza Japan,retailer,,Bandai HG 1/144 Mighty Strike Freedom Gundam Plastic Model (Gundam SEED Freedom),19.55,,,USD,New,https://www.plazajapan.com/4573102663849,https://cdn11.bigcommerce.com/s-89ffd/products/168030/images/680400/bandai-hg-1144-mighty-strike-freedom-gundam-plastic-model-gundam-seed-freedom__31420.1737739417.350.350.jpg?c=2
gundam,model_kit,Plaza Japan,retailer,,Bandai HGUC 007 Gundam RX-75 GUNTANK 1/144 Scale Kit,16.98,,,USD,New,https://www.plazajapan.com/4573102568304,https://cdn11.bigcommerce.com/s-89ffd/products/297/images/507/0434_1__15399.1297950224.350.350.jpg?c=2
gundam,model_kit,Plaza Japan,retailer,,Bandai Spirits Figure-Rise Standard Amate Yuzuriha (Mobile Suit Gundam GQuuuuuuX),17.17,,,USD,New,https://www.plazajapan.com/4573102685674,https://cdn11.bigcommerce.com/s-89ffd/products/173392/images/740004/bandai-spirits-figure-rise-standard-amate-yuzuriha-mobile-suit-gundam-gquuuuuux__23607.1776663477.350.350.jpg?c=2
gundam,model_kit,Plaza Japan,retailer,,Bandai MG Gundam Neo Zeon MSN-04 Sazabi Version Ka 1/100 Scale Kit,114.82,,,USD,New,https://www.plazajapan.com/4573102554574,https://cdn11.bigcommerce.com/s-89ffd/products/7137/images/184299/4543112851352-1__40472.1554369066.350.350.jpg?c=2
gundam,model_kit,Plaza Japan,retailer,,Bandai SD Gundam Ex-Standard Hello Kitty/ RX-78-2 Gundam Non Scale Kit,35.32,,,USD,New,https://www.plazajapan.com/4573102589248,https://cdn11.bigcommerce.com/s-89ffd/products/66142/images/257799/4573102589248_fdf8577520bc9c09dd2fc37cae2bf6ce__62425.1591773558.350.350.jpg?c=2
gundam,model_kit,Plaza Japan,retailer,,Bandai HG 1/144 Michaelis Plastic Model (Gundam: The Witch from Mercury),9.48,,,USD,New,https://www.plazajapan.com/4573102642523,https://cdn11.bigcommerce.com/s-89ffd/products/118735/images/440673/4573102642523_c9ee270c5dedca419c41e9e810a77ee3__21729.1673580929.350.350.jpg?c=2
gundam,cards,Plaza Japan,retailer,,Bandai Gundam Card Game -Newtype Rising- [GD01] Booster Pack BOX (24 Packs),56.26,,,USD,New,https://www.plazajapan.com/4582769825279,https://cdn11.bigcommerce.com/s-89ffd/products/181501/images/802676/bandai-gundam-card-game-newtype-rising-gd01-booster-pack-box-24-packs__93373.1755490429.350.350.jpg?c=2
gundam,model_kit,Plaza Japan,retailer,,Bandai MG Gundam EXIA 1/100 Scale Kit,48.62,,,USD,New,https://www.plazajapan.com/4573102615862,https://cdn11.bigcommerce.com/s-89ffd/products/5558/images/19689/MG_594525_a__79064.1364293826.350.350.jpg?c=2
gundam,model_kit,Plaza Japan,retailer,,Bandai MG Gundam 00 Kyrios 1/100 scale kit,74.74,,,USD,New,https://www.plazajapan.com/4573102595478,https://cdn11.bigcommerce.com/s-89ffd/products/69982/images/257499/4573102595478_378716ed78e27f33187475276a369b9d__61482.1591340169.350.350.jpg?c=2
gundam,model_kit,Plaza Japan,retailer,,Bandai HGUC 025 Gundam RX-78GP03S GP03S 1/144  Scale Kit,32.52,,,USD,New,https://www.plazajapan.com/4573102609670,https://cdn11.bigcommerce.com/s-89ffd/products/506/images/892/0460_1__78966.1298119000.350.350.jpg?c=2
gundam,model_kit,Plaza Japan,retailer,,Bandai HGUC 059 GUNDAM MS-09 DOM MS-09R RICK DOM 1/144 scale kit,30.39,,,USD,New,https://www.plazajapan.com/4573102558770,https://cdn11.bigcommerce.com/s-89ffd/products/539/images/184082/4543112410375-1__86272.1554286545.350.350.jpg?c=2
gundam,other,Plaza Japan,retailer,,Beverly Jigsaw Puzzle Gundam The Origin I (300 Pieces),20.31,,,USD,New,https://www.plazajapan.com/4977524830658,https://cdn11.bigcommerce.com/s-89ffd/products/186812/images/828437/4977524830658-1__27538.1759808726.350.350.png?c=2
gundam,model_kit,Plaza Japan,retailer,,Bandai RG 1/144 Hi-Nu Gundam Plastic Model,62.42,,,USD,New,https://www.plazajapan.com/4573102619150,https://cdn11.bigcommerce.com/s-89ffd/products/90312/images/460349/4573102619150_7d0c9f6dceb28ec0759e38324c08700e__10370.1681368950.350.350.jpg?c=2
gundam,model_kit,Plaza Japan,retailer,,Bandai Full Mechanics 1/100 Gundam Aerial Plastic Model,36.96,,,USD,New,https://www.plazajapan.com/4573102650900,https://cdn11.bigcommerce.com/s-89ffd/products/119102/images/464570/4573102650900_f38c142a6729d617cc33b5cbcee8b647__25759.1683787472.350.350.jpg?c=2
gundam,model_kit,Plaza Japan,retailer,,RG 1/144 RX-0 Unicorn Gundam Plastic Model,43.37,,,USD,New,https://www.plazajapan.com/4573102616203,https://cdn11.bigcommerce.com/s-89ffd/products/24443/images/105635/4549660167419_a__32491.1501836741.350.350.jpg?c=2
gundam,model_kit,Plaza Japan,retailer,,Bandai HGUC 020 Gundam RGM-79 GM MASS PRODUCTIVE  1/144 Scale Kit,12.57,,,USD,New,https://www.plazajapan.com/4573102592484,https://cdn11.bigcommerce.com/s-89ffd/products/501/images/857/0439_1__42572.1298108470.350.350.jpg?c=2
gundam,model_kit,Plaza Japan,retailer,,Bandai MG 434180 Gundam YMS-15 GYAN 1/100 Scale Kit,68.99,,,USD,New,https://www.plazajapan.com/4573102635105,https://cdn11.bigcommerce.com/s-89ffd/products/5523/images/387697/4543112434180-2__84059.1654663816.350.350.jpg?c=2
gundam,model_kit,Plaza Japan,retailer,,Gundam Hard Graph Zeon Mobile Scout Set Model Kit,46.24,,,USD,New,https://www.plazajapan.com/4543112459374,https://cdn11.bigcommerce.com/s-89ffd/products/55452/images/184129/4543112459374-1__66294.1554287286.350.350.jpg?c=2
gundam,model_kit,Plaza Japan,retailer,,Gundam Artifact PRO Full Armor Gundam Full Box,41.74,,,USD,New,https://www.plazajapan.com/4570117932397,https://cdn11.bigcommerce.com/s-89ffd/products/206943/images/948422/4570117932397_62a8934a620fec31cc94b1b1341d0fe7__83589.1779408952.350.350.png?c=2
gundam,model_kit,Plaza Japan,retailer,,Bandai Gundam RX-78-3 Gundam + MS-09RS RICK-DOM 1/144 Scale Kit,57.33,,,USD,New,https://www.plazajapan.com/4573102609601,https://cdn11.bigcommerce.com/s-89ffd/products/1415/images/2602/4543112537065_a__91272.1612425726.350.350.jpg?c=2
gundam,model_kit,Plaza Japan,retailer,,Bandai Gundam RX-93 Nu Gundam Metallic Coating Version 1/144  Scale Kit,53.22,,,USD,New,https://www.plazajapan.com/4573102556134,https://cdn11.bigcommerce.com/s-89ffd/products/2028/images/4109/4543112615671_a__73369.1300607993.350.350.jpg?c=2
gundam,model_kit,Plaza Japan,retailer,,Bandai Gundam HG AGE-01 Normal Model 1/144 Scale Kit,18.07,,,USD,New,https://www.plazajapan.com/4573102582706,https://cdn11.bigcommerce.com/s-89ffd/products/2498/images/5374/1__25799.1327659793.350.350.jpg?c=2
gundam,model_kit,Plaza Japan,retailer,,Bandai Gundam HG AGE-04 GENOACE CUSTOM(RGE-B790CW) 1/144 Scale Kit,28.91,,,USD,New,https://www.plazajapan.com/4543112716262,https://cdn11.bigcommerce.com/s-89ffd/products/2501/images/5408/1__75971.1327663056.350.350.jpg?c=2
gundam,model_kit,Plaza Japan,retailer,,Bandai Gundam HG AGE-05 Gundam AGE-1 TITUS 1/144 Scale Kit,23.0,,,USD,New,https://www.plazajapan.com/4543112716231,https://cdn11.bigcommerce.com/s-89ffd/products/2502/images/5412/1__24791.1327663151.350.350.jpg?c=2
gundam,model_kit,Plaza Japan,retailer,,Bandai Gundam HG AGE-06 ZEDAS (XVV-XC) 1/144 Scale Kit,38.44,,,USD,New,https://www.plazajapan.com/4543112716248,https://cdn11.bigcommerce.com/s-89ffd/products/2503/images/5416/1__37998.1327663249.350.350.jpg?c=2
gundam,model_kit,Plaza Japan,retailer,,Bandai Gundam HG AGE-07 SPALLOW (AGE-1S) 1/144 Scale Kit,19.71,,,USD,New,https://www.plazajapan.com/4543112728203,https://cdn11.bigcommerce.com/s-89ffd/products/2504/images/5422/1__82214.1327663337.350.350.jpg?c=2
gundam,model_kit,Plaza Japan,retailer,,Bandai Gundam HG AGE-08 BAQTO (OVV-a) 1/144 Scale Kit,35.15,,,USD,New,https://www.plazajapan.com/4543112728210,https://cdn11.bigcommerce.com/s-89ffd/products/2505/images/5428/1__96829.1327663431.350.350.jpg?c=2
gundam,model_kit,Plaza Japan,retailer,,Bandai Gundam HG AGE-09 G-EXES (WMS-GEX1) 1/144 Scale Kit,34.09,,,USD,New,https://www.plazajapan.com/4573102603661,https://cdn11.bigcommerce.com/s-89ffd/products/2506/images/15145/AGE09_a__35486.1348406979.350.350.jpg?c=2
gundam,model_kit,Plaza Japan,retailer,,Bandai Gundam HG AGE-11 Dorado (ovm-e) 1/144 Scale Kit,36.96,,,USD,New,https://www.plazajapan.com/4543112739353,https://cdn11.bigcommerce.com/s-89ffd/products/2508/images/5444/1__95892.1327663666.350.350.jpg?c=2
gundam,model_kit,Plaza Japan,retailer,,Bandai Gundam HG AGE-13 ADELE (RGE-G1100) 1/144 Scale Kit,32.44,,,USD,New,https://www.plazajapan.com/4573102628251,https://cdn11.bigcommerce.com/s-89ffd/products/3782/images/8556/1__84159.1626252374.350.350.jpg?c=2
gundam,model_kit,Plaza Japan,retailer,,Bandai Gundam HG AGE-18 AGE-2 SHALDOLL CUSTOM (RGE-C350) 1/144 Scale Kit,24.48,,,USD,New,https://www.plazajapan.com/4573102628275,https://cdn11.bigcommerce.com/s-89ffd/products/5167/images/12216/1__41267.1626252283.350.350.jpg?c=2
gundam,model_kit,Plaza Japan,retailer,,Bandai Gundam HG AGE-25 G-EXES Jackedge (BMS-004) 1/144 Scale Kit,32.39,,,USD,New,https://www.plazajapan.com/4573102628299,https://cdn11.bigcommerce.com/s-89ffd/products/5232/images/13444/1__55788.1626251534.350.350.jpg?c=2
gundam,model_kit,Plaza Japan,retailer,,Bandai Gundam HG AGE-21 Gundam Normal AGE-3 1/144 Scale Kit,28.58,,,USD,New,https://www.plazajapan.com/4573102573865,https://cdn11.bigcommerce.com/s-89ffd/products/5254/images/12602/1__01955.1336742119.350.350.jpg?c=2
gundam,model_kit,Plaza Japan,retailer,,Bandai Gundam HG AGE-23 GHIRARGA (xvt-zgc) 1/144 Scale Kit,17.37,,,USD,New,https://www.plazajapan.com/4573102629098,https://cdn11.bigcommerce.com/s-89ffd/products/5371/images/13251/1__25447.1341922032.350.350.jpg?c=2
gundam,model_kit,Plaza Japan,retailer,,Bandai Gundam HG AGE-20 FARSIA (xvb-xd) 1/144 Scale Kit,40.9,,,USD,New,https://www.plazajapan.com/4573102628282,https://cdn11.bigcommerce.com/s-89ffd/products/5393/images/13450/1__81131.1626251584.350.350.jpg?c=2
gundam,model_kit,Plaza Japan,retailer,,Bandai Gundam HG AGE-26 AGE-3 Orbital (AGE-3O) 1/144 Scale Kit,39.26,,,USD,New,https://www.plazajapan.com/4573102628305,https://cdn11.bigcommerce.com/s-89ffd/products/5396/images/13538/1__12011.1626251485.350.350.jpg?c=2
gundam,model_kit,Plaza Japan,retailer,,Bandai  Gundam MS-06 ZAKU GROUND WAR SET 1/144 Scale Kit,48.46,,,USD,New,https://www.plazajapan.com/4573102628350,https://cdn11.bigcommerce.com/s-89ffd/products/5454/images/19628/577320_a__96428.1626251276.350.350.jpg?c=2
gundam,model_kit,Plaza Japan,retailer,,Bandai Gundam MSN-04 Sazabi Metallic Coating Version 1/144  Scale Kit,81.36,,,USD,New,https://www.plazajapan.com/4573102556127,https://cdn11.bigcommerce.com/s-89ffd/products/5455/images/95333/615688_a__76244.1496789044.350.350.jpg?c=2
gundam,model_kit,Plaza Japan,retailer,,Bandai Gundam HG AGE-27 Gundam AGE-FX 1/144 Scale Kit,14.78,,,USD,New,https://www.plazajapan.com/4573102573889,https://cdn11.bigcommerce.com/s-89ffd/products/5589/images/14535/1__49600.1345793103.350.350.jpg?c=2
gundam,model_kit,Plaza Japan,retailer,,Bandai Gundam HG AGE-29 Gundam Legilis (xvm-fzc) 1/144 Scale Kit,15.61,,,USD,New,https://www.plazajapan.com/4573102603708,https://cdn11.bigcommerce.com/s-89ffd/products/5683/images/15377/1__41421.1349412615.350.350.jpg?c=2
gundam,model_kit,Plaza Japan,retailer,,Bandai Gundam OPERATION V RX-78-2 1/144 Scale Kit,48.95,,,USD,New,https://www.plazajapan.com/4573102604040,https://cdn11.bigcommerce.com/s-89ffd/products/6326/images/80339/1__49352.1365495636.1280.1280__05027.1490229634.350.350.jpg?c=2
gundam,model_kit,Plaza Japan,retailer,,Bandai Gundam HG AGE-33 Shaldoll Rogue (BMS-003) 1/144 Scale Kit,24.64,,,USD,New,https://www.plazajapan.com/4543112813541,https://cdn11.bigcommerce.com/s-89ffd/products/6376/images/20276/1__24145.1626251322.350.350.jpg?c=2
gundam,model_kit,Plaza Japan,retailer,,Bandai Gundam The Origin 002 RTX-65 GUNTANK Early Type 1/144 Scale Kit,40.9,,,USD,New,https://www.plazajapan.com/4573102577313,https://cdn11.bigcommerce.com/s-89ffd/products/8708/images/78830/bandai-965288-gundam-the-origin__61197.1489506120.350.350.jpg?c=2
gundam,model_kit,Plaza Japan,retailer,,Bandai Gundam HG AGE-35 AGE-1 Full Glansa (Age-1G)1/144 Scale Kit,32.85,,,USD,New,https://www.plazajapan.com/4573102573902,https://cdn11.bigcommerce.com/s-89ffd/products/8802/images/37608/4543112813381_a__41328.1441623011.350.350.jpg?c=2
gundam,model_kit,Plaza Japan,retailer,,Bandai Gundam The Origin 004 YMS-07B-0 PROTOTYPE GOUF (Tactical Demonstrator) 1/144 Scale Kit,44.35,,,USD,New,https://www.plazajapan.com/4573102577337,https://cdn11.bigcommerce.com/s-89ffd/products/9168/images/78794/bandai-006404-gundam-the-origin__43585.1489493339.350.350.jpg?c=2
gundam,model_kit,Plaza Japan,retailer,,Bandai Gundam The Origin 007 YMS-08B DOM Test Type 1/144 Scale Kit,38.6,,,USD,New,https://www.plazajapan.com/4573102590251,https://cdn11.bigcommerce.com/s-89ffd/products/9702/images/41781/Origin_007_a__87216.1456557007.350.350.jpg?c=2
gundam,model_kit,Plaza Japan,retailer,,Bandai Gundam OO GN-001 Gundam EXIA 1/100 Scale Kit,37.59,,,USD,New,https://www.plazajapan.com/4573102579362,https://cdn11.bigcommerce.com/s-89ffd/products/19789/images/120845/522276_a__46873.1514368503.350.350.jpg?c=2
gundam,model_kit,Plaza Japan,retailer,,Bandai Gundam OO 574671 GN-006 CHERUDIM Gundam 1/100 Scale Kit,61.44,,,USD,New,https://www.plazajapan.com/4543112574671,https://cdn11.bigcommerce.com/s-89ffd/products/19794/images/73820/1__60568.1487062105.350.350.jpg?c=2
gundam,model_kit,Plaza Japan,retailer,,Bandai Gundam OO 587534 OO RAISER DESIGNER'S COLOR Version 1/100 Scale Kit,65.54,,,USD,New,https://www.plazajapan.com/4543112587534,https://cdn11.bigcommerce.com/s-89ffd/products/19795/images/73831/1__94919.1487062631.350.350.jpg?c=2
gundam,model_kit,Plaza Japan,retailer,,Bandai Gundam MEGA Size Model ZAKU II 1/48 Scale Kit,92.81,,,USD,New,https://www.plazajapan.com/4573102575937,https://cdn11.bigcommerce.com/s-89ffd/products/20010/images/200666/4543112656636-1__47724.1563253463.350.350.jpg?c=2
gundam,model_kit,Plaza Japan,retailer,,Bandai Gundam OO 569066 GN-0000 OO Gundam 1/100 Scale Kit,33.67,,,USD,New,https://www.plazajapan.com/4543112569066,https://cdn11.bigcommerce.com/s-89ffd/products/20749/images/79627/2__03131.1489740523.350.350.jpg?c=2
gundam,model_kit,Plaza Japan,retailer,,Bandai Gundam MEGA Size Model RX-78-2 Gundam 1/48 Scale Kit,81.97,,,USD,New,https://www.plazajapan.com/4573102588906,https://cdn11.bigcommerce.com/s-89ffd/products/24279/images/238539/4543112620279-1__38886.1584930871.350.350.jpg?c=2
gundam,model_kit,Plaza Japan,retailer,,Bandai Gundam MEGA Size Model UNICORN Gundam (Destroy Mode) 1/48 Scale Kit 167426,188.74,,,USD,New,https://www.plazajapan.com/4573102579867,https://cdn11.bigcommerce.com/s-89ffd/products/24447/images/108203/167426_a__68806.1504157061.350.350.jpg?c=2
gundam,model_kit,Plaza Japan,retailer,,Bandai Gundam The Origin 017 Gundam LOCAL TYPE (North American Front) 1/144 Scale Kit,55.69,,,USD,New,https://www.plazajapan.com/4573102591531,https://cdn11.bigcommerce.com/s-89ffd/products/25590/images/111791/4549660184287_a__87640.1507273937.350.350.jpg?c=2
gundam,model_kit,Plaza Japan,retailer,,Bandai Gundam Decal No.115 for RG 1/144 Scale Shinanju,13.58,,,USD,New,https://www.plazajapan.com/4573102611734,https://cdn11.bigcommerce.com/s-89ffd/products/27736/images/162384/4549660249146_1__38373.1536910223.350.350.jpg?c=2
gundam,model_kit,Plaza Japan,retailer,,Bandai Gundam Decal No.117 for RG 1/144 Scale OO QANT (249160),22.31,,,USD,New,https://www.plazajapan.com/4549660249160,https://cdn11.bigcommerce.com/s-89ffd/products/27738/images/119052/3__10936.1512630684.350.350.jpg?c=2
gundam,model_kit,Plaza Japan,retailer,,Bandai Gundam Decal No.119 for 1/144 Scale The Gundam Origin Series 3,8.85,,,USD,New,https://www.plazajapan.com/4573102611765,https://cdn11.bigcommerce.com/s-89ffd/products/27740/images/158427/4549660249184_1__79637.1533282407.350.350.jpg?c=2
gundam,model_kit,Plaza Japan,retailer,,Bandai Gundam Decal No.104 for 1/144 & 1/100 Iron-Blooded Orphans Series 2 (196037),2.9,,,USD,New,https://www.plazajapan.com/4573102611680,https://cdn11.bigcommerce.com/s-89ffd/products/27750/images/119093/1__22811.1512633949.350.350.jpg?c=2
gundam,model_kit,Plaza Japan,retailer,,Bandai Gundam Decal No.105 for 1/100 & 1/144 Gundam Origin Series 1,8.47,,,USD,New,https://www.plazajapan.com/4573102579690,https://cdn11.bigcommerce.com/s-89ffd/products/27751/images/119096/1__45306.1512634092.350.350.jpg?c=2
gundam,model_kit,Plaza Japan,retailer,,Bandai Gundam Decal No.106 for RG 1/144 Scale Gundam Exia (196051),149.15,,,USD,New,https://www.plazajapan.com/4549660196051,https://cdn11.bigcommerce.com/s-89ffd/products/27752/images/119098/1__42931.1512634400.350.350.jpg?c=2
gundam,model_kit,Plaza Japan,retailer,,Bandai Gundam Decal No.107 for 1/100 & 1/144 Gundam UC Series 1,8.85,,,USD,New,https://www.plazajapan.com/4573102579706,https://cdn11.bigcommerce.com/s-89ffd/products/27753/images/119100/1__62429.1512634569.350.350.jpg?c=2
gundam,model_kit,Plaza Japan,retailer,,Bandai Gundam Decal No.108 for 1/100 & 1/144 Z & ZZ Gundam Series 1 (196075),8.85,,,USD,New,https://www.plazajapan.com/4573102611697,https://cdn11.bigcommerce.com/s-89ffd/products/27754/images/119102/1__97519.1512634683.350.350.jpg?c=2
gundam,model_kit,Plaza Japan,retailer,,Bandai Gundam Decal No.110 for 1/144 Gundam MSV General Purpose 1,6.63,,,USD,New,https://www.plazajapan.com/4573102611703,https://cdn11.bigcommerce.com/s-89ffd/products/40680/images/141367/4549660212904-1__41010.1527225367.350.350.jpg?c=2
gundam,model_kit,Plaza Japan,retailer,,Bandai Gundam Decal No.112 for RG 1/144 Scale Unicorn Gundam,13.96,,,USD,New,https://www.plazajapan.com/4573102579713,https://cdn11.bigcommerce.com/s-89ffd/products/40682/images/162383/4549660212928_1__69708.1536910217.350.350.jpg?c=2
gundam,model_kit,Plaza Japan,retailer,,Bandai Gundam Deathscythe Hell 1/100 Scale Kit,49.12,,,USD,New,https://www.plazajapan.com/4902425495132,https://cdn11.bigcommerce.com/s-89ffd/products/40684/images/141371/4902425495132-1__01730.1527225810.350.350.jpg?c=2
gundam,model_kit,Plaza Japan,retailer,,Bandai Gundam Decal No.113 for 1/144 Scale Gundam The Origin Multiuse 2,2.9,,,USD,New,https://www.plazajapan.com/4573102579720,https://cdn11.bigcommerce.com/s-89ffd/products/40690/images/141383/4549660212935-1__52569.1527226490.350.350.jpg?c=2
gundam,model_kit,Plaza Japan,retailer,,Bandai Gundam OO 05 Tieren Ground Type 1/144 Scale Kit,23.98,,,USD,New,https://www.plazajapan.com/4573102606396,https://cdn11.bigcommerce.com/s-89ffd/products/40729/images/578032/4573102606396_31d69776325f37caf83d5ab7d42ebf43__64978.1725858125.350.350.jpg?c=2
gundam,model_kit,Plaza Japan,retailer,,Bandai Gundam Build Divers 013 Gundam SD RX-Zeromaru Non-Scale Kit,25.79,,,USD,New,https://www.plazajapan.com/4549660303619,https://cdn11.bigcommerce.com/s-89ffd/products/42835/images/159936/4549660303619_1__06693.1535103279.350.350.jpg?c=2
gundam,model_kit,Plaza Japan,retailer,,Bandai Gundam Build Divers 018 Impulse Gundam Lancier 1/144 Scale Kit,32.69,,,USD,New,https://www.plazajapan.com/4573102553379,https://cdn11.bigcommerce.com/s-89ffd/products/45832/images/163473/4573102553379_1__68181.1538129552.350.350.jpg?c=2
gundam,model_kit,Plaza Japan,retailer,,Bandai GUNDAM RE/100 010 Gyunei Guss's Jagd Doga 1/100 scale kit,78.03,,,USD,New,https://www.plazajapan.com/4573102553317,https://cdn11.bigcommerce.com/s-89ffd/products/45841/images/162927/4573102553317_1__56650.1537515310.350.350.jpg?c=2
gundam,model_kit,Plaza Japan,retailer,,Bandai Gundam Build Divers 023 Mobile Doll Sarah 1/144 Scale Kit,27.19,,,USD,New,https://www.plazajapan.com/4573102555816,https://cdn11.bigcommerce.com/s-89ffd/products/50515/images/173768/4573102555816-1__13766.1547028220.350.350.jpg?c=2
gundam,model_kit,Plaza Japan,retailer,,SD Gundam BB senshi 290 ZGMF-X42S Destiny Gundam,22.83,,,USD,New,https://www.plazajapan.com/4573102604118,https://cdn11.bigcommerce.com/s-89ffd/products/52261/images/172794/4543112434203-1__84844.1545107910.350.350.jpg?c=2
gundam,model_kit,Plaza Japan,retailer,,Bandai Gundam Seed Ginn Type High-Maneuver  1/144 Scale Kit,24.48,,,USD,New,https://www.plazajapan.com/4573102568113,https://cdn11.bigcommerce.com/s-89ffd/products/52908/images/184323/4543112256553-1__48768.1554369433.350.350.jpg?c=2
gundam,model_kit,Plaza Japan,retailer,,Bandai Gundam EW-6 Gundam Sandrock Custom 1/100 Scale Kit,45.83,,,USD,New,https://www.plazajapan.com/4902425606262,https://cdn11.bigcommerce.com/s-89ffd/products/55397/images/183900/4902425606262-1__43777.1554273588.350.350.jpg?c=2
gundam,model_kit,Plaza Japan,retailer,,Bandai Gundam 08 RX-79 Gundam EZ-8 1/144 Scale Kit,24.48,,,USD,New,https://www.plazajapan.com/4902425597645,https://cdn11.bigcommerce.com/s-89ffd/products/55404/images/183909/4902425597645-1__27360.1554273848.350.350.jpg?c=2
gundam,model_kit,Plaza Japan,retailer,,Bandai Gundam SD-238 Gogg & Acguy & Zock Set,35.78,,,USD,New,https://www.plazajapan.com/4573102574138,https://cdn11.bigcommerce.com/s-89ffd/products/55416/images/183928/4543112128232-1__50452.1554274438.350.350.jpg?c=2
gundam,model_kit,Plaza Japan,retailer,,Bandai Gundam Decal No.18 for MG 1/100 Scale Gundam Seed,8.85,,,USD,New,https://www.plazajapan.com/4573102574909,https://cdn11.bigcommerce.com/s-89ffd/products/55479/images/184309/4543112341365-1__18517.1554369228.350.350.jpg?c=2
gundam,model_kit,Plaza Japan,retailer,,Bandai GUNDAM MSN-06S SINANJU Titanium Finish 1/144 Scale Kit,96.1,,,USD,New,https://www.plazajapan.com/4573102557353,https://cdn11.bigcommerce.com/s-89ffd/products/55493/images/184355/4543112694836-1__56285.1554371961.350.350.jpg?c=2
gundam,model_kit,Plaza Japan,retailer,,Bandai Gundam Universe ASW-G-08 GUNDAM BARBATOS Figure,24.72,,,USD,New,https://www.plazajapan.com/4573102554932,https://cdn11.bigcommerce.com/s-89ffd/products/58108/images/217421/4573102554932_f4e0e2ba9868ff7b2dd519bf5de5ea88__70079.1571382429.350.350.jpg?c=2
gundam,model_kit,Plaza Japan,retailer,,Bandai Gundam The Origin 026 RX-78-02 Gundam (Gundam The Origin Ver.) 1/144 Scale Kit,15.75,,,USD,New,https://www.plazajapan.com/4573102589293,https://cdn11.bigcommerce.com/s-89ffd/products/68838/images/237346/4573102589293_83f79a0f3f6da4a9f0259986531f55e7__40108.1584083388.350.350.jpg?c=2
gundam,model_kit,Plaza Japan,retailer,,Bandai Gundam SD-259 Strike Gundam Striker Weapon System,16.26,,,USD,New,https://www.plazajapan.com/4573102574169,https://cdn11.bigcommerce.com/s-89ffd/products/77025/images/249500/4543112237163-1__60517.1586495068.350.350.jpg?c=2
gundam,model_kit,Plaza Japan,retailer,,Bandai Gundam Universe Wing Gundam Figure,39.42,,,USD,New,https://www.plazajapan.com/4573102554918,https://cdn11.bigcommerce.com/s-89ffd/products/81054/images/270876/4573102554918_af40fcb8a3b97c493d803c05168060ef__12300.1600143970.350.350.jpg?c=2
gundam,model_kit,Plaza Japan,retailer,,Bandai Gundam Universe RX-0 Unicorn Gundam 02 Banshee Figure,36.8,,,USD,New,https://www.plazajapan.com/4573102574695,https://cdn11.bigcommerce.com/s-89ffd/products/81055/images/270882/4573102574695_ced72fa15e02416ac4c65280fe427895__45620.1600144030.350.350.jpg?c=2
gundam,model_kit,Plaza Japan,retailer,,Bandai Gundam Universe XXXG-01D Gundam Deathscythe Figure,35.07,,,USD,New,https://www.plazajapan.com/4573102554949,https://cdn11.bigcommerce.com/s-89ffd/products/81056/images/564752/4573102554949_24ca5ac1d10084cec2e0753a8590ea99__49842.1721611628.350.350.jpg?c=2
gundam,model_kit,Plaza Japan,retailer,,Bandai Gundam Universe GAT-X105 Strike Gundam Figure (Gundam SEED),39.42,,,USD,New,https://www.plazajapan.com/4573102589576,https://cdn11.bigcommerce.com/s-89ffd/products/81057/images/270898/4573102589576_8c549c8909477d5732b0036ab54e54b7__81601.1600144110.350.350.jpg?c=2
gundam,model_kit,Plaza Japan,retailer,,Bandai Gundam Universe MS-06 Char's Zaku II Figure,49.12,,,USD,New,https://www.plazajapan.com/4573102612717,https://cdn11.bigcommerce.com/s-89ffd/products/84766/images/285734/4573102612717_33743f7ffeb23e9bdb19378d9a8421c4__05083.1610509089.350.350.jpg?c=2
gundam,model_kit,Plaza Japan,retailer,,Bandai Gundam Decal No.17 for MG 1/100 MS Principality of Zeon (1),2.9,,,USD,New,https://www.plazajapan.com/4573102574893,https://cdn11.bigcommerce.com/s-89ffd/products/85560/images/287436/4573102574893_2c7f36ee3364e29be6de3e2e1326c9ae__92521.1611214216.350.350.jpg?c=2
gundam,model_kit,Plaza Japan,retailer,,Bandai Gundam Decal No.22 for MG 1/100 Zeta Gundam Series,8.26,,,USD,New,https://www.plazajapan.com/4573102611352,https://cdn11.bigcommerce.com/s-89ffd/products/85561/images/287438/4573102611352_8fdc9c0e94b698247d0f4a627a3a288a__51088.1611214244.350.350.jpg?c=2
gundam,model_kit,Plaza Japan,retailer,,Bandai Gundam Decal No.28 for HGUC 1/144 MS Principality of Zeon (1),2.9,,,USD,New,https://www.plazajapan.com/4573102574961,https://cdn11.bigcommerce.com/s-89ffd/products/85562/images/287439/4573102574961_a9ab8ca4a21306faff618c1661127c10__50692.1611214266.350.350.jpg?c=2
gundam,model_kit,Plaza Japan,retailer,,Bandai Gundam Decal No.30 for HGUC 1/144 MS Earth Federation Space Force (1) (Anaheim MS),2.9,,,USD,New,https://www.plazajapan.com/4573102574985,https://cdn11.bigcommerce.com/s-89ffd/products/85564/images/287441/4573102574985_3cdd95291b7e52199e57f6c2a21e90db__40174.1611214308.350.350.jpg?c=2
gundam,model_kit,Plaza Japan,retailer,,Bandai Gundam Decal No.37 for HGUC 1/144 MS Earth Federation Space Force (2),2.9,,,USD,New,https://www.plazajapan.com/4573102611390,https://cdn11.bigcommerce.com/s-89ffd/products/85565/images/287442/4573102611390_a730707c2caf0aeb9d65d90036f06a19__45759.1611214341.350.350.jpg?c=2
gundam,model_kit,Plaza Japan,retailer,,Bandai Gundam Decal No.38 for HGUC 1/144 MS Principality of Zeon (3),2.58,,,USD,New,https://www.plazajapan.com/4573102611406,https://cdn11.bigcommerce.com/s-89ffd/products/85566/images/287443/4573102611406_5856d9a3991e3a282ed20f9ee13bd1d8__73951.1611214379.350.350.jpg?c=2
gundam,model_kit,Plaza Japan,retailer,,Bandai Gundam Decal No.39 for HGUC 1/144 MS Principality of Zeon (4),2.9,,,USD,New,https://www.plazajapan.com/4573102611413,https://cdn11.bigcommerce.com/s-89ffd/products/85567/images/287444/4573102611413_8a3d8c124fea5030b445b53eee1d6b50__85665.1611214408.350.350.jpg?c=2
gundam,model_kit,Plaza Japan,retailer,,Bandai Gundam Decal No.53 for 1/100 1/144 MS Gundam 0080 Series (1),5.96,,,USD,New,https://www.plazajapan.com/4573102611482,https://cdn11.bigcommerce.com/s-89ffd/products/85570/images/287447/4573102611482_a0641cf3cb1bda1fba4aaa593847cb06__08186.1611214536.350.350.jpg?c=2
gundam,model_kit,Plaza Japan,retailer,,Bandai Gundam Decal No.54 for 1/100 1/144 MS Gundam 0080 Series (2),2.9,,,USD,New,https://www.plazajapan.com/4573102611499,https://cdn11.bigcommerce.com/s-89ffd/products/85571/images/287448/4573102611499_27ff2672ee055b38dcd3474e8e59c84c__65358.1611214571.350.350.jpg?c=2
gundam,model_kit,Plaza Japan,retailer,,Bandai Gundam Decal No.84 for RG 1/144 RX-78-2 Gundam,39.42,,,USD,New,https://www.plazajapan.com/4573102575159,https://cdn11.bigcommerce.com/s-89ffd/products/85572/images/287449/4573102575159_b0f4403188ec82e0f33257c5d76773b1__19055.1611214610.350.350.jpg?c=2
gundam,model_kit,Plaza Japan,retailer,,Bandai Gundam Decal No.16 for MG 1/100 MS EFSF Multiuse (1),2.9,,,USD,New,https://www.plazajapan.com/4573102574886,https://cdn11.bigcommerce.com/s-89ffd/products/85574/images/287451/4543112341341-1__29080.1611215421.350.350.jpg?c=2
gundam,model_kit,Plaza Japan,retailer,,Bandai Gundam Decal No.23 for MG 1/100 Char's Counterattack Multiuse,2.9,,,USD,New,https://www.plazajapan.com/4573102574930,https://cdn11.bigcommerce.com/s-89ffd/products/85575/images/287452/4543112341501-1__39285.1611215464.350.350.jpg?c=2
gundam,model_kit,Plaza Japan,retailer,,Bandai Gundam Decal No.47 for 1/144 Gundam 00 Multiuse (2),2.9,,,USD,New,https://www.plazajapan.com/4573102611451,https://cdn11.bigcommerce.com/s-89ffd/products/85576/images/287453/4543112537133-1__58184.1611215510.350.350.jpg?c=2
gundam,model_kit,Plaza Japan,retailer,,Bandai Gundam Decal No.71 for HGUC 1/144 Char's Counterattack,2.9,,,USD,New,https://www.plazajapan.com/4573102575111,https://cdn11.bigcommerce.com/s-89ffd/products/85577/images/287454/4543112602350-1__08851.1611215545.350.350.jpg?c=2
gundam,model_kit,Plaza Japan,retailer,,Bandai Gundam Decal No.72 for HGUC 1/144 Char's Counterattack,2.9,,,USD,New,https://www.plazajapan.com/4573102575128,https://cdn11.bigcommerce.com/s-89ffd/products/85578/images/287455/4543112602367-1__50042.1611215610.350.350.jpg?c=2
gundam,model_kit,Plaza Japan,retailer,,Bandai Gundam Universe GN-001 Gundam Exia Figure,41.88,,,USD,New,https://www.plazajapan.com/4573102615183,https://cdn11.bigcommerce.com/s-89ffd/products/90586/images/333542/615183-1__52491.1633916620.350.350.jpg?c=2
gundam,model_kit,Plaza Japan,retailer,,Bandai Gundam Breaker Battlogue HG 1/144 Gundam Helios Plastic Model,60.61,,,USD,New,https://www.plazajapan.com/4573102620163,https://cdn11.bigcommerce.com/s-89ffd/products/94327/images/338784/620163-1__91865.1636419549.350.350.jpg?c=2
gundam,model_kit,Plaza Japan,retailer,,Bandai Gundam Breaker Battlogue HG 1/144 Gundam Live Lance Haven Plastic Model,29.4,,,USD,New,https://www.plazajapan.com/4573102620248,https://cdn11.bigcommerce.com/s-89ffd/products/94331/images/338786/620248-1__90188.1636419667.350.350.jpg?c=2
gundam,model_kit,Plaza Japan,retailer,,Bandai Gundam Breaker Battlogue HG 1/144 Gundam Perfect Strike Freedom Plastic Model,61.79,,,USD,New,https://www.plazajapan.com/4573102620262,https://cdn11.bigcommerce.com/s-89ffd/products/94361/images/389746/4573102620262_7c4ecca0ddc2bbcff2f1afaec35703b9__67955.1655370138.350.350.jpg?c=2
gundam,model_kit,Plaza Japan,retailer,,Bandai Gundam Breaker Battlogue HG 1/144 Blazing Gundam Plastic Model,40.9,,,USD,New,https://www.plazajapan.com/4573102620279,https://cdn11.bigcommerce.com/s-89ffd/products/94363/images/345648/4573102620279_557750b85b0a41ec7d954990764d88e7__15167.1639384152.350.350.jpg?c=2
gundam,model_kit,Plaza Japan,retailer,,Bandai Gundam Decal RG For MSZ-006 Zeta Gundam,46.3,,,USD,New,https://www.plazajapan.com/4573102575265,https://cdn11.bigcommerce.com/s-89ffd/products/98516/images/325826/4573102575265_eb0b54b1044fca18a5d65dd21c7ac2d2__59343.1630295300.350.350.jpg?c=2
gundam,model_kit,Plaza Japan,retailer,,Bandai Gundam Breaker Battlogue HG 1/144 Gundam OO Command Qan[T] Plastic Model,40.9,,,USD,New,https://www.plazajapan.com/4573102620286,https://cdn11.bigcommerce.com/s-89ffd/products/99784/images/352214/4573102620286_2accd1214e3ae655f34d9f3c59d4292c__95619.1642042204.350.350.jpg?c=2
gundam,model_kit,Plaza Japan,retailer,,Bandai Gundam Breaker Battlogue HG 1/144 Gundam Barbataurus Plastic Model,57.33,,,USD,New,https://www.plazajapan.com/4573102620255,https://cdn11.bigcommerce.com/s-89ffd/products/99786/images/389736/4573102620255_de8198d6c5609f5af11ffd586823da94__17532.1655370005.350.350.jpg?c=2
gundam,model_kit,Plaza Japan,retailer,,Bandai Gundam Universe XXXG-01S Shenlong Gundam Figure,39.26,,,USD,New,https://www.plazajapan.com/4573102632760,https://cdn11.bigcommerce.com/s-89ffd/products/105273/images/391980/4573102632760_0691b4eb81b48edd8d17451033418184__43096.1656044095.350.350.jpg?c=2
gundam,model_kit,Plaza Japan,retailer,,Bandai Gundam Universe MSN-04 Sazabi Figure,60.99,,,USD,New,https://www.plazajapan.com/4573102632906,https://cdn11.bigcommerce.com/s-89ffd/products/105275/images/392035/4573102632906_6c39a52d68bbd26ef0bb8665977dbdd2__60612.1656044301.350.350.jpg?c=2
gundam,model_kit,Plaza Japan,retailer,,Bandai Gundam Universe GN-0000+GNR-010 00 RAISER 'Mobile Suit' (Gundam 00),45.01,,,USD,New,https://www.plazajapan.com/4573102637871,https://cdn11.bigcommerce.com/s-89ffd/products/109573/images/373655/4573102637871_f6c42c23b9a6df60157417bc066ea66c__66839.1649925919.350.350.jpg?c=2
gundam,model_kit,Plaza Japan,retailer,,Bandai Gundam Universe OZ-06MS LEO 'Mobile Suit Gundam Wing' Figure (Gundam W),34.72,,,USD,New,https://www.plazajapan.com/4573102637864,https://cdn11.bigcommerce.com/s-89ffd/products/109574/images/373666/4573102637864_ea7679bdb365441a66eb5e72c1947fdc__94391.1649926006.350.350.jpg?c=2
gundam,model_kit,Plaza Japan,retailer,,Bandai Gundam Universe RX-78GP01Fb Gundam Full Burnern (Mobile Suit Gundam 0083: STARDUST MEMORY),52.45,,,USD,New,https://www.plazajapan.com/4573102637857,https://cdn11.bigcommerce.com/s-89ffd/products/109575/images/413167/4573102637857_d6a4ca7579a23d73cceca6e11b685e79__94871.1663818200.350.350.jpg?c=2
gundam,model_kit,Plaza Japan,retailer,,Bandai Gundam Decal No.121 for 1/144 Gundam AGE Multiuse (1),8.09,,,USD,New,https://www.plazajapan.com/4573102619853,https://cdn11.bigcommerce.com/s-89ffd/products/109904/images/374602/4573102619853_554fa13734fc271cdce5f46ea42ba3bd__89902.1650258805.350.350.jpg?c=2
gundam,model_kit,Plaza Japan,retailer,,Bandai Gundam Decal No.129 for 1/144 Nightingale,2.9,,,USD,New,https://www.plazajapan.com/4573102621627,https://cdn11.bigcommerce.com/s-89ffd/products/109905/images/374603/4573102621627_55468cac8bcfda6de6feafe0b8cdbf5d__79309.1650259000.350.350.jpg?c=2
gundam,model_kit,Plaza Japan,retailer,,Bandai Gundam Decal No.122 for 1/144 Mobile Suit Gundam Hathaway Multiuse (1),20.37,,,USD,New,https://www.plazajapan.com/4573102619860,https://cdn11.bigcommerce.com/s-89ffd/products/112934/images/428602/4573102619860_838fa048bc90453a78ac27c3bd0fcefc__88216.1668556225.350.350.jpg?c=2
gundam,model_kit,Plaza Japan,retailer,,Bandai Gundam Decal No.131 for RG 1/144 Zeong,2.9,,,USD,New,https://www.plazajapan.com/4573102621641,https://cdn11.bigcommerce.com/s-89ffd/products/112977/images/409312/4573102621641_2f5374a74fc7fd8281caa63efcaaa368__34853.1662520730.350.350.jpg?c=2
gundam,model_kit,Plaza Japan,retailer,,Bandai Gundam Decal No.126 for RG 1/144 Sazabi,14.13,,,USD,New,https://www.plazajapan.com/4573102619907,https://cdn11.bigcommerce.com/s-89ffd/products/113735/images/409314/4573102619907_39710debdba8e3074bb2cee4d70681f2__75554.1662520815.350.350.jpg?c=2
gundam,model_kit,Plaza Japan,retailer,,Bandai Gundam Universe ASW-G-08 Gundam Barbatos Lupus Rex (Mobile Suit Gundam: Iron-Blooded Orphans),72.06,,,USD,New,https://www.plazajapan.com/4573102649973,https://cdn11.bigcommerce.com/s-89ffd/products/126846/images/448138/4573102649973_224f1d67b06c5be6f8c0bfcd8c1a1fe0__64679.1676009548.350.350.jpg?c=2
gundam,model_kit,Plaza Japan,retailer,,Bandai Gundam Universe XVX-016 Gundam Aerial (Mobile Suit Gundam: the Witch from Mercury),34.33,,,USD,New,https://www.plazajapan.com/4573102649966,https://cdn11.bigcommerce.com/s-89ffd/products/126847/images/448144/4573102649966_24abdaf40d4570e290ccba86165eae78__70704.1676009857.350.350.jpg?c=2
gundam,model_kit,Plaza Japan,retailer,,Bandai Gundam Universe GF13-017 NJ Shining Gundam (G Gundam),49.12,,,USD,New,https://www.plazajapan.com/4573102649942,https://cdn11.bigcommerce.com/s-89ffd/products/126849/images/448159/4573102649942_442180c8150749c497d4b2f3420aecbd__80761.1676011169.350.350.jpg?c=2
gundam,model_kit,Plaza Japan,retailer,,Bandai Gundam Universe OZ-00MS2 Tall Geese II (Gundam Wing),39.01,,,USD,New,https://www.plazajapan.com/4573102649959,https://cdn11.bigcommerce.com/s-89ffd/products/126850/images/448166/4573102649959_ab390a4629857f5c9706aea168168cd1__31646.1676011402.350.350.jpg?c=2
gundam,model_kit,Plaza Japan,retailer,,Bandai Gundam Universe GNT-0000 00 QAN-T (Mobile Suit Gundam 00),56.6,,,USD,New,https://www.plazajapan.com/4573102640253,https://cdn11.bigcommerce.com/s-89ffd/products/129225/images/459143/4573102640253_ef05333b5e05a6f225d2c6b834e7375e__38797.1680852161.350.350.jpg?c=2
gundam,model_kit,Plaza Japan,retailer,,Bandai Gundam Universe ZGMF-X20A STRIKE FREEDOM GUNDAM (Gundam SEED Destiny),43.35,,,USD,New,https://www.plazajapan.com/4573102640260,https://cdn11.bigcommerce.com/s-89ffd/products/129226/images/459150/4573102640260_5c8ac57da2e2e55690d63966104b2b56__12402.1680852947.350.350.jpg?c=2
gundam,model_kit,Plaza Japan,retailer,,Bandai Gundam Universe RX-0 UNICORN GUNDAM - AWAKENED - (Gundam Unicorn),65.54,,,USD,New,https://www.plazajapan.com/4573102640031,https://cdn11.bigcommerce.com/s-89ffd/products/129227/images/459157/4573102640031_b9d879d26887cb2c734993072629ea85__62822.1680853174.350.350.jpg?c=2
gundam,model_kit,Plaza Japan,retailer,,Bandai Gundam Decal No.134 for 1/144 Gundam: The Witch from Mercury Multiuse (2),5.56,,,USD,New,https://www.plazajapan.com/4573102650825,https://cdn11.bigcommerce.com/s-89ffd/products/129531/images/460194/4573102650825_deb766918ea26cfcb97198c8e469fbfd__38640.1681346517.350.350.jpg?c=2
gundam,model_kit,Plaza Japan,retailer,,Bandai GUNDAM UNIVERSE RX-0[N] UNICORN GUNDAM 02 BANSHEE NORN (Gundam Unicorn),65.9,,,USD,New,https://www.plazajapan.com/4573102661852,https://cdn11.bigcommerce.com/s-89ffd/products/138190/images/496481/4573102661852_7c0ab74764ca942e73a9fea69d75eff3__13312.1699421565.350.350.jpg?c=2
gundam,model_kit,Plaza Japan,retailer,,Bandai GUNDAM UNIVERSE X-EX01 GUNDAM CALIBARN (Gundam: The Witch from Mercury),33.26,,,USD,New,https://www.plazajapan.com/4573102661869,https://cdn11.bigcommerce.com/s-89ffd/products/138192/images/496492/4573102661869_dc714beb594ed741b2dca7f0477481c8__37190.1699421781.350.350.jpg?c=2
gundam,model_kit,Plaza Japan,retailer,,Bandai GUNDAM UNIVERSE Gundam EX (Gundam: Requiem for Vengeance),44.35,,,USD,New,https://www.plazajapan.com/4573102662170,https://cdn11.bigcommerce.com/s-89ffd/products/144937/images/687989/bandai-gundam-universe-gundam-ex-gundam-requiem-for-vengeance__10454.1737951943.350.350.jpg?c=2
gundam,model_kit,Plaza Japan,retailer,,Bandai GUNDAM UNIVERSE ZGMF/A-262B Strike Freedom Gundam Type II (Gundam SEED Freedom),35.15,,,USD,New,https://www.plazajapan.com/4573102664235,https://cdn11.bigcommerce.com/s-89ffd/products/146370/images/699687/bandai-gundam-universe-zgmfa-262b-strike-freedom-gundam-type-ii-gundam-seed-freedom__91011.1738574616.350.350.jpg?c=2
gundam,model_kit,Plaza Japan,retailer,,Bandai GUNDAM UNIVERSE MBF-P02 Gundam Astray Red Frame (Gundam SEED Astray),34.5,,,USD,New,https://www.plazajapan.com/4573102664242,https://cdn11.bigcommerce.com/s-89ffd/products/146371/images/687974/bandai-gundam-universe-mbf-p02-gundam-astray-red-frame-gundam-seed-astray__95457.1737951928.350.350.jpg?c=2
gundam,model_kit,Plaza Japan,retailer,,Bandai Gundam Option Parts Gunpla 08 (Bolden Arm Arms) (Gundam),7.7,,,USD,New,https://www.plazajapan.com/4573102671448,https://cdn11.bigcommerce.com/s-89ffd/products/154223/images/675346/bandai-gundam-option-parts-gunpla-08-bolden-arm-arms-gundam__26250.1737731308.350.350.jpg?c=2
gundam,model_kit,Plaza Japan,retailer,,Bandai Gundam Option Parts Gunpla 09 (Giant Gatling) (Gundam),9.91,,,USD,New,https://www.plazajapan.com/4573102671479,https://cdn11.bigcommerce.com/s-89ffd/products/154224/images/670814/bandai-gundam-option-parts-gunpla-09-giant-gatling-gundam__07141.1737724062.350.350.jpg?c=2
gundam,model_kit,Plaza Japan,retailer,,Bandai Gundam Option Parts Gunpla 10 (Galaxy Booster) (Gundam),8.21,,,USD,New,https://www.plazajapan.com/4573102671486,https://cdn11.bigcommerce.com/s-89ffd/products/154225/images/661144/bandai-gundam-option-parts-gunpla-10-galaxy-booster-gundam__72695.1737708699.350.350.jpg?c=2
gundam,model_kit,Plaza Japan,retailer,,Bandai Gundam Option Parts Gunpla 07 (Powered Arms Powereder) (Gundam),11.88,,,USD,New,https://www.plazajapan.com/4573102671462,https://cdn11.bigcommerce.com/s-89ffd/products/154226/images/674576/bandai-gundam-option-parts-gunpla-07-powered-arms-powereder-gundam__93606.1737730078.350.350.jpg?c=2
gundam,model_kit,Plaza Japan,retailer,,Bandai Gundam Option Parts Set 04 1/144 Build Hands Round Shape Plastic Model (Gundam SEED),9.98,,,USD,New,https://www.plazajapan.com/4573102667069,https://cdn11.bigcommerce.com/s-89ffd/products/154227/images/662025/bandai-gundam-option-parts-set-04-1144-build-hands-round-shape-plastic-model-gundam-seed__82252.1737710113.350.350.jpg?c=2
gundam,model_kit,Plaza Japan,retailer,,Bandai Gundam Option Parts Gunpla 05 (Universe Booster Plavsky Power Gate) (Gundam),11.63,,,USD,New,https://www.plazajapan.com/4573102671424,https://cdn11.bigcommerce.com/s-89ffd/products/154229/images/683323/bandai-gundam-option-parts-gunpla-05-universe-booster-plavsky-power-gate-gundam__41418.1737744135.350.350.jpg?c=2
gundam,model_kit,Plaza Japan,retailer,,Bandai Gundam Option Parts Gunpla 06 (Valuable Pod) (Gundam),8.66,,,USD,New,https://www.plazajapan.com/4573102671431,https://cdn11.bigcommerce.com/s-89ffd/products/154230/images/663108/bandai-gundam-option-parts-gunpla-06-valuable-pod-gundam__91868.1737711762.350.350.jpg?c=2
gundam,model_kit,Plaza Japan,retailer,,Bandai Gundam Option Parts Gunpla 11 (Barbatos Smoothbore Gun) (Gundam),12.5,,,USD,New,https://www.plazajapan.com/4573102671523,https://cdn11.bigcommerce.com/s-89ffd/products/155697/images/642259/bandai-gundam-option-parts-gunpla-11-barbatos-smoothbore-gun-gundam__87989.1737449063.350.350.jpg?c=2
gundam,model_kit,Plaza Japan,retailer,,Bandai GUNDAM UNIVERSE Zaku II (Unidentified Type) Solari (Gundam: Requiem for Vengeance),34.91,,,USD,New,https://www.plazajapan.com/4573102667571,https://cdn11.bigcommerce.com/s-89ffd/products/155811/images/675706/bandai-gundam-universe-zaku-ii-unidentified-type-solari-gundam-requiem-for-vengeance__50416.1737731931.350.350.jpg?c=2
gundam,model_kit,Plaza Japan,retailer,,Bandai Gundam Option Parts Gunpla 13 (Battle Arm Arms),10.94,,,USD,New,https://www.plazajapan.com/4573102674296,https://cdn11.bigcommerce.com/s-89ffd/products/164733/images/629292/bandai-gundam-option-parts-gunpla-13-battle-arm-arms__46743.1737080810.350.350.jpg?c=2
gundam,model_kit,Plaza Japan,retailer,,Bandai GUNDAM UNIVERSE XXXG-00W0 Wing Gundam Zero (Mobile Suit Gundam Wing),30.23,,,USD,New,https://www.plazajapan.com/4573102675279,https://cdn11.bigcommerce.com/s-89ffd/products/167481/images/618586/bandai-gundam-universe-xxxg-00w0-wing-gundam-zero-mobile-suit-gundam-wing__86328.1736919369.350.350.jpg?c=2
gundam,model_kit,Plaza Japan,retailer,,Bandai Gundam Decal No.139 (Mobile Suit Gundam GQuuuuuuX),5.15,,,USD,New,https://www.plazajapan.com/4573102686916,https://cdn11.bigcommerce.com/s-89ffd/products/175558/images/750335/4573102686916_4a09f7ea218c11f87aea5675526af223__23672.1746682793.350.350.jpg?c=2
gundam,model_kit,Plaza Japan,retailer,,Bandai Gundam Decal No. 140 (Mobile Suit Gundam GQuuuuuuX),5.18,,,USD,New,https://www.plazajapan.com/4573102686923,https://cdn11.bigcommerce.com/s-89ffd/products/175559/images/750337/4573102686923_3389bdc80195063d89e4a5e901be89de__30562.1746682843.350.350.jpg?c=2
gundam,model_kit,Plaza Japan,retailer,,Bandai Gundam Decal No. 141 (Gundam SEED Freedom),9.47,,,USD,New,https://www.plazajapan.com/4573102688767,https://cdn11.bigcommerce.com/s-89ffd/products/175560/images/750339/4573102688767_fa383029059a0e5a62880f14ce9adb94__00251.1746682934.350.350.jpg?c=2
gundam,model_kit,Plaza Japan,retailer,,Bandai Gundam Universe gMS GQuuuuuuX Figure (Mobile Suit Gundam GQuuuuuuX),21.2,,,USD,New,https://www.plazajapan.com/4573102687678,https://cdn11.bigcommerce.com/s-89ffd/products/178357/images/778342/bandai-gundam-universe-gms-w-gquuuuuux-figure-mobile-suit-gundam-gquuuuuux__80804.1776663486.350.350.jpg?c=2
gundam,model_kit,Plaza Japan,retailer,,Bandai Gundam Option Parts Set Gunpla 16 (Meteor Hopper) Plastic Model,4.13,,,USD,New,https://www.plazajapan.com/4573102685681,https://cdn11.bigcommerce.com/s-89ffd/products/179232/images/779802/bandai-gundam-option-parts-set-gunpla-16-meteor-hopper-plastic-model__59872.1750386398.350.350.jpg?c=2
gundam,cards,Plaza Japan,retailer,,Bandai Gundam Card Game Start Deck GUNDAM ASSEMBLE Set Heroic Beginnings [ST01A],16.26,,,USD,New,https://www.plazajapan.com/4582769843624,https://cdn11.bigcommerce.com/s-89ffd/products/180553/images/789055/bandai-gundam-card-game-start-deck-gundam-assemble-set-heroic-beginnings-st01a__26500.1752804317.350.350.jpg?c=2
gundam,cards,Plaza Japan,retailer,,Bandai Gundam Card Game Start Deck GUNDAM ASSEMBLE Set Wings of Advance [ST02A],18.07,,,USD,New,https://www.plazajapan.com/4582769843648,https://cdn11.bigcommerce.com/s-89ffd/products/180554/images/789835/bandai-gundam-card-game-start-deck-gundam-assemble-set-wings-of-advance-st02a__32890.1752805543.350.350.jpg?c=2
gundam,cards,Plaza Japan,retailer,,Bandai Gundam Card Game Start Deck GUNDAM ASSEMBLE Set Zeon's Rush [ST03A],29.24,,,USD,New,https://www.plazajapan.com/4582769843662,https://cdn11.bigcommerce.com/s-89ffd/products/180555/images/793875/bandai-gundam-card-game-start-deck-gundam-assemble-set-zeons-rush-st03a__33735.1752811706.350.350.jpg?c=2
gundam,cards,Plaza Japan,retailer,,Bandai Gundam Card Game Start Deck GUNDAM ASSEMBLE Set SEED Strike [ST04A],17.08,,,USD,New,https://www.plazajapan.com/4582769843686,https://cdn11.bigcommerce.com/s-89ffd/products/180556/images/791698/bandai-gundam-card-game-start-deck-gundam-assemble-set-seed-strike-st04a__21958.1752808373.350.350.jpg?c=2
gundam,cards,Plaza Japan,retailer,,Bandai Gundam Card Game Ultimate Deck - Destiny Ignition [ST09],81.97,,,USD,New,https://www.plazajapan.com/4582769982071,https://cdn11.bigcommerce.com/s-89ffd/products/202872/images/926880/bandai-gundam-card-game-ultimate-deck-destiny-ignition-st09__37624.1776485478.350.350.jpg?c=2
gundam,model_kit,Plaza Japan,retailer,,FW Gundam Converge #30 Full Box,59.14,,,USD,New,https://www.plazajapan.com/4570117928758,https://cdn11.bigcommerce.com/s-89ffd/products/206936/images/948316/4570117928758_121ce3f853ee75d754cfcc39bf4ddf80__23138.1779347344.350.350.png?c=2
gundam,model_kit,Plaza Japan,retailer,,Bandai GUNDAM UNIVERSE XXXG-00W0 Wing Gundam Zero (EW) Renewal (Gundam Wing: Endless Waltz),20.18,,,USD,New,https://www.plazajapan.com/4573102721457,https://cdn11.bigcommerce.com/s-89ffd/products/208121/images/961491/bandai-gundam-universe-xxxg-00w0-wing-gundam-zero-ew-renewal-gundam-wing-endless-waltz__73998.1781758989.350.350.jpg?c=2
gundam,model_kit,Plaza Japan,retailer,,Bandai GUNDAM UNIVERSE ZGMF-X10A Freedom Gundam Renewal (Mobile Suit Gundam SEED),20.18,,,USD,New,https://www.plazajapan.com/4573102721464,https://cdn11.bigcommerce.com/s-89ffd/products/208122/images/960373/bandai-gundam-universe-zgmf-x10a-freedom-gundam-renewal-mobile-suit-gundam-seed__67206.1781757336.350.350.jpg?c=2
gundam,model_kit,Plaza Japan,retailer,,Bandai Gundam Universe MS-06S Char's Zaku II Renewal Figure,20.18,,,USD,New,https://www.plazajapan.com/4573102721440,https://cdn11.bigcommerce.com/s-89ffd/products/208349/images/960255/bandai-gundam-universe-ms-06s-chars-zaku-ii-renewal-figure__76511.1781757229.350.350.jpg?c=2
gundam,cards,Plaza Japan,retailer,,Bandai Gundam Card Game Extra Booster - Eternal Nexus [EB01] BOX (24-pack),34.28,,,USD,New,https://www.plazajapan.com/4582770012316,https://cdn11.bigcommerce.com/s-89ffd/products/210852/images/972372/4582770012316_38386bc99561f11bdecc4c0e21b709da__93514.1782976092.350.350.jpg?c=2
gundam,model_kit,Plaza Japan,retailer,,Bandai GUNDAM ASSEMBLE STARTER SET 01 [ST01],24.32,,,USD,New,https://www.plazajapan.com/4573102743275,https://cdn11.bigcommerce.com/s-89ffd/products/219905/images/1029919/4573102743275_5a474d6ae1f518c6012fc96246fa8e13__17404.1791530331.350.350.png?c=2
gundam,model_kit,Plaza Japan,retailer,,Bandai MG Gundam Deathscythe Hell Endless Walz XXXG-01D2 1/100 Scale Kit,72.92,,,USD,New,https://www.plazajapan.com/4573102615886,https://cdn11.bigcommerce.com/s-89ffd/products/1411/images/2520/4543112670786_a__57268.1298635601.350.350.jpg?c=2
gundam,model_kit,Plaza Japan,retailer,,Bandai MG Gundam Age-1 Normal 1/100 Scale Kit,40.25,,,USD,New,https://www.plazajapan.com/4573102628428,https://cdn11.bigcommerce.com/s-89ffd/products/4245/images/10186/1__72462.1626248547.350.350.jpg?c=2
gundam,model_kit,Plaza Japan,retailer,,Bandai MG Gundam MS-07B-3 GOUF CUSTOM 1/100 Scale Kit,32.85,,,USD,New,https://www.plazajapan.com/4573102615756,https://cdn11.bigcommerce.com/s-89ffd/products/5479/images/15147/MG_005670_a__72531.1348407057.350.350.jpg?c=2
gundam,model_kit,Plaza Japan,retailer,,Bandai MG Gundam God G Gundam 1/100 Scale Kit,35.07,,,USD,New,https://www.plazajapan.com/4573102628367,https://cdn11.bigcommerce.com/s-89ffd/products/5487/images/22945/060426_a__82429.1626251213.350.350.jpg?c=2
gundam,model_kit,Plaza Japan,retailer,,Bandai MG Gundam RX-78-4 G04 1/100 Scale Kit,43.14,,,USD,New,https://www.plazajapan.com/4573102628374,https://cdn11.bigcommerce.com/s-89ffd/products/5504/images/14109/1__79415.1626251164.350.350.jpg?c=2
gundam,model_kit,Plaza Japan,retailer,,Bandai MG Gundam MSM-07S CHAR ZGOK 1/100 Scale Kit,45.01,,,USD,New,https://www.plazajapan.com/4573102615763,https://cdn11.bigcommerce.com/s-89ffd/products/5507/images/15150/MG_227188_a__34441.1348407139.350.350.jpg?c=2
gundam,model_kit,Plaza Japan,retailer,,Bandai MG Gundam WING Gundam VersionKa XXXG-01W 1/100 Scale Kit,42.3,,,USD,New,https://www.plazajapan.com/4573102628398,https://cdn11.bigcommerce.com/s-89ffd/products/5510/images/18774/MG_237149_a__99735.1359111033.350.350.jpg?c=2
gundam,model_kit,Plaza Japan,retailer,,Bandai MG Gundam STRIKE FREEDOM ZGMF-X20A 1/100 Scale Kit,48.79,,,USD,New,https://www.plazajapan.com/4573102616067,https://cdn11.bigcommerce.com/s-89ffd/products/5529/images/14240/1__47534.1345534067.350.350.jpg?c=2
gundam,model_kit,Gundam Planet,retailer,us,RG RX-93 Nu Gundam,56.95,,,USD,New,https://www.gundamplanet.com/products/rg-rx-93-nu-gundam?_pos=1&_sid=c051fffc8&_ss=r&_fid=2609db4a7,https://www.gundamplanet.com/cdn/shop/files/rg-rx-93-nu-gundam-gp.jpg?v=1737676666&width=533
gundam,model_kit,Gundam Planet,retailer,us,HGUC AMS-123X-X Moon Gundam,42.95,,,USD,New,https://www.gundamplanet.com/products/hguc-ams-123x-x-moon-gundam?_pos=2&_sid=c051fffc8&_ss=r&_fid=2609db4a7,https://www.gundamplanet.com/cdn/shop/files/hguc-moon-gundam-gp.jpg?v=1737673129&width=533
gundam,model_kit,Gundam Planet,retailer,us,Entry Grade RX-78-2 Gundam,9.95,,,USD,New,https://www.gundamplanet.com/products/entry-grade-rx-78-2-gundam?_pos=3&_sid=c051fffc8&_ss=r&_fid=2609db4a7,https://www.gundamplanet.com/cdn/shop/files/eg-rx-78-2-gundam-gpr.jpg?v=1737683082&width=533
gundam,model_kit,Gundam Planet,retailer,us,MGEX ZGMF-X20A Strike Freedom Gundam,184.95,,,USD,New,https://www.gundamplanet.com/products/mgex-zgmf-x20a-strike-freedom-gundam?_pos=4&_sid=c051fffc8&_ss=r&_fid=2609db4a7,https://www.gundamplanet.com/cdn/shop/files/mgex-zgmf-x20a-strike-freedom-gundam-gp.jpg?v=1737709982&width=533
gundam,model_kit,Gundam Planet,retailer,us,MG Gundam AGE-1 Titus,48.95,,,USD,New,https://www.gundamplanet.com/products/mg-gundam-age-1-titus?_pos=5&_sid=c051fffc8&_ss=r&_fid=2609db4a7,https://www.gundamplanet.com/cdn/shop/files/mg-gundam-age-1-titus-00.jpg?v=1737661464&width=533
gundam,model_kit,Gundam Planet,retailer,us,HGUC RX-105 Ξ Gundam (Xi Gundam) (The Sorcery of Nymph Circe),92.95,,,USD,New,https://www.gundamplanet.com/products/hguc-rx-105-xi-gundam-the-sorcery-of-nymph-circe?_pos=6&_sid=c051fffc8&_ss=r&_fid=2609db4a7,https://www.gundamplanet.com/cdn/shop/files/hguc-rx-105-xi-gundam-the-sorcery-of-nymph-circe-base.jpg?v=1776699876&width=533
gundam,model_kit,Gundam Planet,retailer,us,MG ASW-G-XX Gundam Vidar,74.95,,,USD,New,https://www.gundamplanet.com/products/mg-asw-g-xx-gundam-vidar?_pos=7&_sid=c051fffc8&_ss=r&_fid=2609db4a7,https://www.gundamplanet.com/cdn/shop/files/mg-asw-g-xx-gundam-vidar-gp.jpg?v=1742224541&width=533
gundam,model_kit,Gundam Planet,retailer,us,MG MBF-02VV Gundam Astray Turn Red,94.95,,,USD,New,https://www.gundamplanet.com/products/mg-mbf-02vv-gundam-astray-turn-red?_pos=8&_sid=c051fffc8&_ss=r&_fid=2609db4a7,https://www.gundamplanet.com/cdn/shop/files/mg-mbf-02vv-gundam-astray-turn-red-gp.jpg?v=1737671172&width=533
gundam,model_kit,Gundam Planet,retailer,us,PG GN-0000 00 Gundam + GNR-010 00 Raiser,298.95,,,USD,New,https://www.gundamplanet.com/products/pg-gn-0000-00-gundam-gnr-010-00-raiser?_pos=9&_sid=c051fffc8&_ss=r&_fid=2609db4a7,https://www.gundamplanet.com/cdn/shop/files/pg-gn-0000-00-gundam-gnr-010-0-raiser-00.jpg?v=1737659712&width=533
gundam,model_kit,Gundam Planet,retailer,us,HGBF Transient Gundam,24.95,,,USD,New,https://www.gundamplanet.com/products/hgbf-transient-gundam?_pos=10&_sid=c051fffc8&_ss=r&_fid=2609db4a7,https://www.gundamplanet.com/cdn/shop/files/hgbf-transient-gundam-00.jpg?v=1737663199&width=533
gundam,model_kit,Gundam Planet,retailer,us,PG RX-0 Unicorn Gundam,260.95,,,USD,New,https://www.gundamplanet.com/products/pg-rx-0-unicorn-gundam?_pos=11&_sid=c051fffc8&_ss=r&_fid=2609db4a7,https://www.gundamplanet.com/cdn/shop/files/pg-rx-0-unicorn-gundam-00.jpg?v=1737663317&width=533
gundam,model_kit,Gundam Planet,retailer,us,1/144 RX-78F00/E Gundam (EX-001 G.L.R.S.S. Feather Unit),46.95,,,USD,New,https://www.gundamplanet.com/products/1-144-rx-78f00-e-gundam-ex-001-g-l-r-s-s-feather-unit?_pos=12&_sid=c051fffc8&_ss=r&_fid=2609db4a7,https://www.gundamplanet.com/cdn/shop/files/1-144-rx-78f00-e-gundam-ex-001-g-l-r-s-s-feather-unit-base.jpg?v=1763661827&width=533
gundam,model_kit,Gundam Planet,retailer,us,1/100 Full Mechanics Gundam Aerial,54.95,,,USD,New,https://www.gundamplanet.com/products/full-mechanics-1-100-gundam-aerial?_pos=13&_sid=c051fffc8&_ss=r&_fid=2609db4a7,https://www.gundamplanet.com/cdn/shop/files/full-mechanics-1-100-gundam-aerial-gp.jpg?v=1737713337&width=533
gundam,model_kit,Gundam Planet,retailer,us,PG Unleashed RX-93 Nu Gundam,689.95,,,USD,New,https://www.gundamplanet.com/products/pg-unleashed-rx-93-nu-gundam?_pos=14&_sid=c051fffc8&_ss=r&_fid=2609db4a7,https://www.gundamplanet.com/cdn/shop/files/pg-unleashed-rx-93-nu-gundam-base2.jpg?v=1769728142&width=533
gundam,model_kit,Gundam Planet,retailer,us,HG RX-78-02 Gundam (Gundam The Origin Ver.),32.95,,,USD,New,https://www.gundamplanet.com/products/hg-rx-78-02-gundam-gundam-the-origin-ver?_pos=15&_sid=c051fffc8&_ss=r&_fid=2609db4a7,https://www.gundamplanet.com/cdn/shop/files/hg-gundam-the-origin-ver-gp.jpg?v=1737680628&width=533
gundam,model_kit,Gundam Planet,retailer,us,RG RX-93-2 Hi-Nu Gundam,62.95,,,USD,New,https://www.gundamplanet.com/products/rg-rx-93-2-hi-nu-gundam?_pos=16&_sid=c051fffc8&_ss=r&_fid=2609db4a7,https://www.gundamplanet.com/cdn/shop/files/rg-rx-93-2-hi-nu-gundam-gp.jpg?v=1737691601&width=533
gundam,model_kit,Gundam Planet,retailer,us,MG XXXG-01H Gundam Heavyarms EW Ver.,44.95,,,USD,New,https://www.gundamplanet.com/products/mg-xxxg-01h-gundam-heavyarms-ew-ver?_pos=17&_sid=c051fffc8&_ss=r&_fid=2609db4a7,https://www.gundamplanet.com/cdn/shop/files/mg-xxxg-01h-gundam-heavyarms-ew-ver-00.jpg?v=1737661433&width=533
gundam,model_kit,Gundam Planet,retailer,us,RG RX-0 Unicorn Gundam,52.95,,,USD,New,https://www.gundamplanet.com/products/rg-rx-0-unicorn-gundam?_pos=18&_sid=c051fffc8&_ss=r&_fid=2609db4a7,https://www.gundamplanet.com/cdn/shop/files/rg-rx-0-unicorn-gundam-00.jpg?v=1737669356&width=533
gundam,model_kit,Gundam Planet,retailer,us,MG RX-93-2 Hi-Nu Gundam Ver.Ka,90.95,,,USD,New,https://www.gundamplanet.com/products/mg-rx-93-2-hi-nu-gundam-ver-ka?_pos=19&_sid=c051fffc8&_ss=r&_fid=2609db4a7,https://www.gundamplanet.com/cdn/shop/files/mg-rx-93-2-hi-nu-gundam-ver-ka-00_1.jpg?v=1737663005&width=533
gundam,model_kit,Gundam Planet,retailer,us,MGSD Gundam Aerial,50.95,,,USD,New,https://www.gundamplanet.com/products/mgsd-gundam-aerial?_pos=20&_sid=c051fffc8&_ss=r&_fid=2609db4a7,https://www.gundamplanet.com/cdn/shop/files/mgsd-gundam-aerial-base2.jpg?v=1755541555&width=533
gundam,model_kit,Gundam Planet,retailer,us,MG ASW-G-08 Gundam Barbatos,60.95,,,USD,New,https://www.gundamplanet.com/products/mg-asw-g-08-gundam-barbatos?_pos=21&_sid=c051fffc8&_ss=r&_fid=2609db4a7,https://www.gundamplanet.com/cdn/shop/files/mg-asw-g-08-gundam-barbatos-gp.jpg?v=1737677587&width=533
gundam,model_kit,Gundam Planet,retailer,us,MG ZGMF-X10A Freedom Gundam Ver 2.0,60.95,,,USD,New,https://www.gundamplanet.com/products/mg-zgmf-x10a-freedom-gundam-ver-2-0?_pos=22&_sid=c051fffc8&_ss=r&_fid=2609db4a7,https://www.gundamplanet.com/cdn/shop/files/mg-zgmf-x10a-freedom-gundam-ver-2-0-00_1.jpg?v=1737664278&width=533
gundam,model_kit,Gundam Planet,retailer,us,PG ZGMF-X20A Strike Freedom Gundam,324.95,,,USD,New,https://www.gundamplanet.com/products/pg-zgmf-x20a-strike-freedom-gundam?_pos=23&_sid=c051fffc8&_ss=r&_fid=2609db4a7,https://www.gundamplanet.com/cdn/shop/files/pg-zgmf-x20a-strike-freedom-gundam-gp.jpg?v=1737660523&width=533
gundam,model_kit,Gundam Planet,retailer,us,MGSD Freedom Gundam,54.95,,,USD,New,https://www.gundamplanet.com/products/mgsd-freedom-gundam?_pos=24&_sid=c051fffc8&_ss=r&_fid=2609db4a7,https://www.gundamplanet.com/cdn/shop/files/mgsd-freedom-gundam-gp.jpg?v=1737713039&width=533
gundam,model_kit,Gundam Planet,retailer,us,MG F-91 Gundam F91 Ver 2.0,54.95,,,USD,New,https://www.gundamplanet.com/products/mg-f-91-gundam-f91-ver-2-0?_pos=25&_sid=c051fffc8&_ss=r&_fid=2609db4a7,https://www.gundamplanet.com/cdn/shop/files/mg-gundam-f91-ver-2-gp.jpg?v=1737671977&width=533
gundam,model_kit,Gundam Planet,retailer,us,RG GF13-017NJ Shining Gundam,42.95,,,USD,New,https://www.gundamplanet.com/products/rg-gf13-017nj-shining-gundam?_pos=26&_sid=c051fffc8&_ss=r&_fid=2609db4a7,https://www.gundamplanet.com/cdn/shop/files/rg-gf13-017nj-shining-gundam-base.jpg?v=1750793537&width=533
gundam,model_kit,Gundam Planet,retailer,us,HGAC XXXG-01D2 Gundam Deathscythe Hell,28.95,,,USD,New,https://www.gundamplanet.com/products/hgac-xxxg-01d2-gundam-deathscythe-hell?_pos=27&_sid=c051fffc8&_ss=r&_fid=2609db4a7,https://www.gundamplanet.com/cdn/shop/files/hgac-xxxg-01d2-gundam-deathscythe-hell-gp.jpg?v=1741724976&width=533
gundam,model_kit,Gundam Planet,retailer,us,RG XXXG-00W0 Wing Gundam Zero,54.95,,,USD,New,https://www.gundamplanet.com/products/rg-xxxg-00w0-wing-gundam-zero?_pos=28&_sid=c051fffc8&_ss=r&_fid=2609db4a7,https://www.gundamplanet.com/cdn/shop/files/rg-xxxg-00w0-wing-gundam-zero-base.jpg?v=1758835725&width=533
gundam,model_kit,Gundam Planet,retailer,us,HG Gundam Lfrith,22.95,,,USD,New,https://www.gundamplanet.com/products/hg-gundam-lfrith?_pos=29&_sid=c051fffc8&_ss=r&_fid=2609db4a7,https://www.gundamplanet.com/cdn/shop/files/hg-gundam-lfrith-gp3.jpg?v=1737711066&width=533
gundam,model_kit,Gundam Planet,retailer,us,RG RX-79[G] Gundam Ground Type,54.95,,,USD,New,https://www.gundamplanet.com/products/rg-rx-79g-gundam-ground-type?_pos=30&_sid=c051fffc8&_ss=r&_fid=2609db4a7,https://www.gundamplanet.com/cdn/shop/files/rg-rx-79g-gundam-ground-type-00.jpg?v=1787785290&width=533
gundam,model_kit,Gundam Planet,retailer,us,HGBD:R Earthree Gundam,18.95,,,USD,New,https://www.gundamplanet.com/products/hgbd-r-earthree-gundam?_pos=31&_sid=c051fffc8&_ss=r&_fid=2609db4a7,https://www.gundamplanet.com/cdn/shop/files/hgbd-r-earthree-gundam-gp.jpg?v=1737678100&width=533
gundam,model_kit,Gundam Planet,retailer,us,HGAC XXXG-01W Wing Gundam,20.95,,,USD,New,https://www.gundamplanet.com/products/hgac-xxxg-01w-wing-gundam?_pos=32&_sid=c051fffc8&_ss=r&_fid=2609db4a7,https://www.gundamplanet.com/cdn/shop/files/hgac-xxxg-01w-wing-gundam-00.jpg?v=1737662333&width=533
gundam,model_kit,Gundam Planet,retailer,us,RG GF13-017NJII God Gundam (Burning Gundam),50.95,,,USD,New,https://www.gundamplanet.com/products/rg-gf13-017njii-god-gundam?_pos=33&_sid=c051fffc8&_ss=r&_fid=2609db4a7,https://www.gundamplanet.com/cdn/shop/files/rg-gf13-017njii-god-gundam-gp.jpg?v=1737702404&width=533
gundam,model_kit,Gundam Planet,retailer,us,HG RX-78[G]E Gundam EX (Requiem for Vengeance),22.95,,,USD,New,https://www.gundamplanet.com/products/hg-gundam-ex-requiem-for-vengeance?_pos=34&_sid=c051fffc8&_ss=r&_fid=2609db4a7,https://www.gundamplanet.com/cdn/shop/files/hg-gundam-ex-requiem-for-vengeance-gp.jpg?v=1737742308&width=533
gundam,model_kit,Gundam Planet,retailer,us,HGUC RX-78AN-01 Gundam AN-01 Tristan,20.95,,,USD,New,https://www.gundamplanet.com/products/hguc-rx-78an-01-gundam-an-01-tristan?_pos=35&_sid=c051fffc8&_ss=r&_fid=2609db4a7,https://www.gundamplanet.com/cdn/shop/files/hguc-rx-78an-01-gundam-an-01-tristan-00_1.jpg?v=1737669274&width=533
gundam,model_kit,Gundam Planet,retailer,us,SD Gundam EX-Standard RX-78-2 Gundam / Hello Kitty Set,32.95,,,USD,New,https://www.gundamplanet.com/products/sd-gundam-ex-standard-rx-78-2-gundam-hello-kitty-set?_pos=36&_sid=c051fffc8&_ss=r&_fid=2609db4a7,https://www.gundamplanet.com/cdn/shop/files/sdex-gundam-gundam-hello-kitty-set-gp.jpg?v=1737679324&width=533
gundam,model_kit,Gundam Planet,retailer,us,MG MVF-X08 Eclipse Gundam,68.95,,,USD,New,https://www.gundamplanet.com/products/mg-mvf-x08-eclipse-gundam?_pos=37&_sid=c051fffc8&_ss=r&_fid=2609db4a7,https://www.gundamplanet.com/cdn/shop/files/mg-mvf-x08-eclipse-gundam-gp.jpg?v=1737692033&width=533
gundam,model_kit,Gundam Planet,retailer,us,RG ZGMF-X20A Strike Freedom Gundam,44.95,,,USD,New,https://www.gundamplanet.com/products/rg-zgmf-x20a-strike-freedom-gundam?_pos=38&_sid=c051fffc8&_ss=r&_fid=2609db4a7,https://www.gundamplanet.com/cdn/shop/files/rg-zgmf-x20a-strike-freedom-gundam-00.jpg?v=1737662394&width=533
gundam,model_kit,Gundam Planet,retailer,us,Metal Build Freedom Gundam Concept 2,350.95,,,USD,New,https://www.gundamplanet.com/products/metal-build-freedom-gundam-concept-2?_pos=39&_sid=c051fffc8&_ss=r&_fid=2609db4a7,https://www.gundamplanet.com/cdn/shop/files/metal-build-freedom-gundam-concept-2.jpg?v=1754076343&width=533
gundam,model_kit,Gundam Planet,retailer,us,HG Gundam Schwarzette,24.95,,,USD,New,https://www.gundamplanet.com/products/hg-gundam-schwarzette?_pos=40&_sid=c051fffc8&_ss=r&_fid=2609db4a7,https://www.gundamplanet.com/cdn/shop/files/hg-gundam-schwarzette-gp.jpg?v=1737716032&width=533
gundam,model_kit,Gundam Planet,retailer,us,MG RX-78-2 Gundam Ver 3.0,62.95,,,USD,New,https://www.gundamplanet.com/products/mg-rx-78-2-gundam-ver-3-0?_pos=41&_sid=c051fffc8&_ss=r&_fid=2609db4a7,https://www.gundamplanet.com/cdn/shop/files/mg-rx-78-2-gundam-ver-3-0-00_1.jpg?v=1737662037&width=533
gundam,model_kit,Gundam Planet,retailer,us,HG Gundam Calibarn,24.95,,,USD,New,https://www.gundamplanet.com/products/hg-gundam-calibarn?_pos=42&_sid=c051fffc8&_ss=r&_fid=2609db4a7,https://www.gundamplanet.com/cdn/shop/files/hg-gundam-calibarn-gp.jpg?v=1737719019&width=533
gundam,model_kit,Gundam Planet,retailer,us,Metal Robot Spirits Wing Gundam,210.95,,,USD,New,https://www.gundamplanet.com/products/metal-robot-spirits-wing-gundam?_pos=43&_sid=c051fffc8&_ss=r&_fid=2609db4a7,https://www.gundamplanet.com/cdn/shop/files/metal-robot-spirits-wing-gundam-fr.jpg?v=1753476389&width=533
gundam,model_kit,Gundam Planet,retailer,us,MG MSZ-010 ZZ Gundam Ver.Ka,78.95,,,USD,New,https://www.gundamplanet.com/products/mg-msz-010-zz-gundam-ver-ka?_pos=44&_sid=c051fffc8&_ss=r&_fid=2609db4a7,https://www.gundamplanet.com/cdn/shop/files/mg-msz-010-zz-gundam-ver-ka-00.jpg?v=1737669692&width=533
gundam,model_kit,Gundam Planet,retailer,us,Metal Robot Spirits Nu Gundam,184.95,,,USD,New,https://www.gundamplanet.com/products/metal-robot-spirits-nu-gundam?_pos=45&_sid=c051fffc8&_ss=r&_fid=2609db4a7,https://www.gundamplanet.com/cdn/shop/files/metal-robot-spirits-v-gundam-base.jpg?v=1754349778&width=533
gundam,model_kit,Gundam Planet,retailer,us,MG XXXG-01W Wing Gundam EW Ver.,42.95,,,USD,New,https://www.gundamplanet.com/products/mg-xxxg-01w-wing-gundam-ew-ver?_pos=46&_sid=c051fffc8&_ss=r&_fid=2609db4a7,https://www.gundamplanet.com/cdn/shop/files/mg-xxxg-01w-wing-gundam-ew-ver-gp.jpg?v=1737660805&width=533
gundam,model_kit,Gundam Planet,retailer,us,HGUC MRX-009 Psycho Gundam,68.95,,,USD,New,https://www.gundamplanet.com/products/hguc-mrx-009-psycho-gundam?_pos=47&_sid=c051fffc8&_ss=r&_fid=2609db4a7,https://www.gundamplanet.com/cdn/shop/files/hguc-mrx-009-psycho-gundam-gp.jpg?v=1737658783&width=533
gundam,model_kit,Gundam Planet,retailer,us,HGAC XXXG-00W0 Wing Gundam Zero,20.95,,,USD,New,https://www.gundamplanet.com/products/hgac-xxxg-00w0-wing-gundam-zero?_pos=48&_sid=c051fffc8&_ss=r&_fid=2609db4a7,https://www.gundamplanet.com/cdn/shop/files/hgac-xxxg-00w0-wing-gundam-zero-00.jpg?v=1737662366&width=533
gundam,model_kit,Gundam Planet,retailer,us,[ST01] Gundam Assemble Starter Set 01,34.95,,,USD,New,https://www.gundamplanet.com/products/st01-gundam-assemble-starter-set-01?_pos=49&_sid=c051fffc8&_ss=r&_fid=2609db4a7,https://www.gundamplanet.com/cdn/shop/files/st01-gundam-assemble-starter-set-011.jpg?v=1772584809&width=533
gundam,model_kit,Gundam Planet,retailer,us,HGAC XXXG-01D Gundam Deathscythe,20.95,,,USD,New,https://www.gundamplanet.com/products/hgac-xxxg-01d-gundam-deathscythe?_pos=50&_sid=c051fffc8&_ss=r&_fid=2609db4a7,https://www.gundamplanet.com/cdn/shop/files/hgac-xxxg-01d-gundam-deathscythe-gp.jpg?v=1737689398&width=533
gundam,model_kit,Gundam Planet,retailer,us,MG XXXG-01W Wing Gundam,54.95,,,USD,New,https://www.gundamplanet.com/products/mg-xxxg-01w-wing-gundam?_pos=51&_sid=c051fffc8&_ss=r&_fid=2609db4a7,https://www.gundamplanet.com/cdn/shop/files/mg-xxxg-01w-wing-gundam-00.jpg?v=1737659880&width=533
gundam,model_kit,Gundam Planet,retailer,us,HGCE ZGMF-X666S Legend Gundam,36.95,,,USD,New,https://www.gundamplanet.com/products/hgce-zgmf-x666s-legend-gundam?_pos=52&_sid=c051fffc8&_ss=r&_fid=2609db4a7,https://www.gundamplanet.com/cdn/shop/files/hgce-zgmf-x666s-legend-gundam-base.jpg?v=1769453714&width=533
gundam,model_kit,Gundam Planet,retailer,us,HGAW GT-9600 Gundam Leopard,30.95,,,USD,New,https://www.gundamplanet.com/products/hgaw-gt-9600-gundam-leopard?_pos=53&_sid=c051fffc8&_ss=r&_fid=2609db4a7,https://www.gundamplanet.com/cdn/shop/files/hgaw-gt-9600-gundam-leopard-base.jpg?v=1785789540&width=533
gundam,model_kit,Gundam Planet,retailer,us,MG GF13-017NJII God Gundam (Burning Gundam),34.95,,,USD,New,https://www.gundamplanet.com/products/mg-gf13-017njii-god-gundam?_pos=54&_sid=c051fffc8&_ss=r&_fid=2609db4a7,https://www.gundamplanet.com/cdn/shop/files/mg-gf13-017njii-god-gundam-00.jpg?v=1737659210&width=533
gundam,model_kit,Gundam Planet,retailer,us,HGBF Wing Gundam Fenice Rinascita,24.95,,,USD,New,https://www.gundamplanet.com/products/hgbf-wing-gundam-fenice-rinascita?_pos=55&_sid=c051fffc8&_ss=r&_fid=2609db4a7,https://www.gundamplanet.com/cdn/shop/files/hgbf-wing-gundam-fenice-rinascita-00.jpg?v=1737663007&width=533
gundam,model_kit,Gundam Planet,retailer,us,MG GAT-X105 Aile Strike Gundam Ver.RM,56.95,,,USD,New,https://www.gundamplanet.com/products/mg-gat-x105-aile-strike-gundam-ver-rm?_pos=56&_sid=c051fffc8&_ss=r&_fid=2609db4a7,https://www.gundamplanet.com/cdn/shop/files/mg-gat-x105-aile-strike-gundam-ver-rm-00.jpg?v=1737661954&width=533
gundam,model_kit,Gundam Planet,retailer,us,MG FA-010S Full Armor ZZ Gundam Ver.Ka,144.95,,,USD,New,https://www.gundamplanet.com/products/mg-fa-010s-full-armor-zz-gundam-ver-ka?_pos=57&_sid=c051fffc8&_ss=r&_fid=2609db4a7,https://www.gundamplanet.com/cdn/shop/files/mg-full-armor-zz-gundam-base.jpg?v=1771440060&width=533
gundam,model_kit,Gundam Planet,retailer,us,MG ASW-G-08 Gundam Barbatos Lupus,84.95,,,USD,New,https://www.gundamplanet.com/products/mg-asw-g-08-gundam-barbatos-lupus?_pos=58&_sid=c051fffc8&_ss=r&_fid=2609db4a7,https://www.gundamplanet.com/cdn/shop/files/mg-asw-g-08-gundam-barbatos-lupus-base.jpg?v=1763409928&width=533
gundam,model_kit,Gundam Planet,retailer,us,MG ZGMF-X20A Strike Freedom Gundam Full Burst Mode,80.95,,,USD,New,https://www.gundamplanet.com/products/mg-zgmf-x20a-strike-freedom-gundam-full-burst-mode?_pos=59&_sid=c051fffc8&_ss=r&_fid=2609db4a7,https://www.gundamplanet.com/cdn/shop/files/mg-zgmf-x20a-strike-freedom-gundam-full-burst-mode-00.jpg?v=1737660355&width=533
gundam,model_kit,Gundam Planet,retailer,us,MG ZGMF-X09A Justice Gundam,64.95,,,USD,New,https://www.gundamplanet.com/products/mg-zgmf-x09a-justice-gundam?_pos=60&_sid=c051fffc8&_ss=r&_fid=2609db4a7,https://www.gundamplanet.com/cdn/shop/files/mg-zgmf-x09a-justice-gundam-00.jpg?v=1737668792&width=533
gundam,model_kit,Gundam Planet,retailer,us,Metal Build Strike Freedom Gundam Revival Ver.,350.95,,,USD,New,https://www.gundamplanet.com/products/metal-build-strike-freedom-gundam-revival-ver?_pos=61&_sid=c051fffc8&_ss=r&_fid=2609db4a7,https://www.gundamplanet.com/cdn/shop/files/metal-build-strike-freedom-gundam-revival-ver1.jpg?v=1772591771&width=533
gundam,model_kit,Gundam Planet,retailer,us,MG FA-78-1 Full Armor Gundam,68.95,,,USD,New,https://www.gundamplanet.com/products/mg-fa-78-1-full-armor-gundam?_pos=62&_sid=c051fffc8&_ss=r&_fid=2609db4a7,https://www.gundamplanet.com/cdn/shop/files/mg-fa-78-1-full-armor-gundam-00.jpg?v=1737660003&width=533
gundam,model_kit,Gundam Planet,retailer,us,MG FXA-05D/RX-178 Super Gundam,54.95,,,USD,New,https://www.gundamplanet.com/products/mg-fxa-05d-rx-178-super-gundam?_pos=63&_sid=c051fffc8&_ss=r&_fid=2609db4a7,https://www.gundamplanet.com/cdn/shop/files/mg-fxa-05d-rx-178-super-gundam-00.jpg?v=1781310136&width=533
gundam,model_kit,Gundam Planet,retailer,us,HG gMS-α Red Gundam,30.95,,,USD,New,https://www.gundamplanet.com/products/hg-red-gundam?_pos=64&_sid=c051fffc8&_ss=r&_fid=2609db4a7,https://www.gundamplanet.com/cdn/shop/files/hg-red-gundam-base.jpg?v=1748295768&width=533
gundam,model_kit,Gundam Planet,retailer,us,HGAW GX-9900 Gundam X,24.95,,,USD,New,https://www.gundamplanet.com/products/hgaw-gx-9900-gundam-x?_pos=65&_sid=c051fffc8&_ss=r&_fid=2609db4a7,https://www.gundamplanet.com/cdn/shop/files/hgaw-gx-9900-gundam-x-base.jpg?v=1785789609&width=533
gundam,model_kit,Gundam Planet,retailer,us,HGUC G-Armor: RX-78-2 Gundam + G-Fighter,36.95,,,USD,New,https://www.gundamplanet.com/products/hguc-g-armor-rx-78-2-gundam-g-fighter?_pos=66&_sid=c051fffc8&_ss=r&_fid=2609db4a7,https://www.gundamplanet.com/cdn/shop/files/hguc-g-armor-rx-78-2-gundam-g-fighter-00.jpg?v=1737658786&width=533
gundam,model_kit,Gundam Planet,retailer,us,1/100 Full Mechanics GAT-X252 Forbidden Gundam,74.95,,,USD,New,https://www.gundamplanet.com/products/1-100-full-mechanics-gat-x252-forbidden-gundam?_pos=67&_sid=c051fffc8&_ss=r&_fid=2609db4a7,https://www.gundamplanet.com/cdn/shop/files/1-100-full-mechanics-gat-x252-forbidden-gundam-gp2.jpg?v=1737721102&width=533
gundam,model_kit,Gundam Planet,retailer,us,Entry Grade Wing Gundam,12.95,,,USD,New,https://www.gundamplanet.com/products/entry-grade-wing-gundam?_pos=68&_sid=c051fffc8&_ss=r&_fid=2609db4a7,https://www.gundamplanet.com/cdn/shop/files/entry-grade-wing-gundam-base.jpg?v=1760370118&width=533
gundam,model_kit,Gundam Planet,retailer,us,MG MBF-P03D Gundam Astray Blue Frame D,58.95,,,USD,New,https://www.gundamplanet.com/products/mg-mbf-p03d-gundam-astray-blue-frame-d?_pos=69&_sid=c051fffc8&_ss=r&_fid=2609db4a7,https://www.gundamplanet.com/cdn/shop/files/mg-gundam-astray-blue-frame-d-00.jpg?v=1737663198&width=533
gundam,model_kit,Gundam Planet,retailer,us,HGCC WD-M01 Turn A Gundam,20.95,,,USD,New,https://www.gundamplanet.com/products/hgcc-wd-m01-turn-a-gundam?_pos=70&_sid=c051fffc8&_ss=r&_fid=2609db4a7,https://www.gundamplanet.com/cdn/shop/files/hgcc-wd-m01-turn-a-gundam-00.jpg?v=1737662353&width=533
gundam,model_kit,Gundam Planet,retailer,us,[DX01] Gundam Assemble Deluxe Set 01,96.95,,,USD,New,https://www.gundamplanet.com/products/dx01-gundam-assemble-deluxe-set-01?_pos=71&_sid=c051fffc8&_ss=r&_fid=2609db4a7,https://www.gundamplanet.com/cdn/shop/files/dx01-gundam-assemble-deluxe-set-011.jpg?v=1772584815&width=533
gundam,model_kit,Gundam Planet,retailer,us,RG ZGMF-X09A Justice Gundam,34.95,,,USD,New,https://www.gundamplanet.com/products/rg-zgmf-x09a-justice-gundam?_pos=72&_sid=c051fffc8&_ss=r&_fid=2609db4a7,https://www.gundamplanet.com/cdn/shop/files/rg-justice-gundam-00.jpg?v=1737661719&width=533
gundam,model_kit,Gundam Planet,retailer,us,HGAC XXXG-01H Gundam Heavyarms,20.95,,,USD,New,https://www.gundamplanet.com/products/hgac-xxxg-01h-gundam-heavyarms?_pos=73&_sid=c051fffc8&_ss=r&_fid=2609db4a7,https://www.gundamplanet.com/cdn/shop/files/hgac-xxxg-01h-gundam-heavyarms-gp2.jpg?v=1737682909&width=533
gundam,model_kit,Gundam Planet,retailer,us,SDBF Star Winning Gundam,18.95,,,USD,New,https://www.gundamplanet.com/products/sdbf-star-winning-gundam?_pos=74&_sid=c051fffc8&_ss=r&_fid=2609db4a7,https://www.gundamplanet.com/cdn/shop/files/sdbf-star-winning-gundam-00.jpg?v=1737663702&width=533
gundam,model_kit,Gundam Planet,retailer,us,RG RX-78-2 Gundam,30.95,,,USD,New,https://www.gundamplanet.com/products/rg-rx-78-2-gundam?_pos=75&_sid=c051fffc8&_ss=r&_fid=2609db4a7,https://www.gundamplanet.com/cdn/shop/files/rg-rx-78-2-gundam-00.jpg?v=1737660333&width=533
gundam,model_kit,Gundam Planet,retailer,us,PG XXXG-00W0 Wing Gundam Zero Custom,194.95,,,USD,New,https://www.gundamplanet.com/products/pg-xxxg-00w0-wing-gundam-zero-custom?_pos=76&_sid=c051fffc8&_ss=r&_fid=2609db4a7,https://www.gundamplanet.com/cdn/shop/files/pg-xxxg-00w0-wing-gundam-zero-custom-00.jpg?v=1737659703&width=533
gundam,model_kit,Gundam Planet,retailer,us,1/144 RX-78F00/E Gundam (EX-001 G.L.R.S.S. Feather Unit) Chemical Recycle Ver.,46.95,,,USD,New,https://www.gundamplanet.com/products/1-144-rx-78f00-e-gundam-ex-001-g-l-r-s-s-feather-unit-chemical-recycle-ver?_pos=77&_sid=c051fffc8&_ss=r&_fid=2609db4a7,https://www.gundamplanet.com/cdn/shop/files/1-144-rx-78f00-e-gundam-ex-001-g-l-r-s-s-feather-unit-chemical-recycle-ver-base2.jpg?v=1763662521&width=533
gundam,model_kit,Gundam Planet,retailer,us,HG IBO Gundam Vidar,16.95,,,USD,New,https://www.gundamplanet.com/products/hg-ibo-gundam-vidar?_pos=78&_sid=c051fffc8&_ss=r&_fid=2609db4a7,https://www.gundamplanet.com/cdn/shop/files/hg-ibo-gundam-vidar-00.jpg?v=1737665032&width=533
gundam,model_kit,Gundam Planet,retailer,us,MG RX-0 Full Armor Unicorn Gundam Ver.Ka,104.95,,,USD,New,https://www.gundamplanet.com/products/mg-rx-0-full-armor-unicorn-gundam-ver-ka?_pos=79&_sid=c051fffc8&_ss=r&_fid=2609db4a7,https://www.gundamplanet.com/cdn/shop/files/mg-rx-0-full-armor-unicorn-gundam-ver-ka-00.jpg?v=1737661298&width=533
gundam,model_kit,Gundam Planet,retailer,us,HG Shin Burning Gundam,34.95,,,USD,New,https://www.gundamplanet.com/products/hg-shin-burning-gundam?_pos=80&_sid=c051fffc8&_ss=r&_fid=2609db4a7,https://www.gundamplanet.com/cdn/shop/files/hg-shin-burning-gundam-gp.jpg?v=1737724482&width=533
gundam,model_kit,Gundam Planet,retailer,us,HGAC XXXG-01SR2 Gundam Sandrock Custom (EW Ver.),46.95,,,USD,New,https://www.gundamplanet.com/products/hgac-xxxg-01sr2-gundam-sandrock-custom-ew-ver?_pos=81&_sid=c051fffc8&_ss=r&_fid=2609db4a7,https://www.gundamplanet.com/cdn/shop/files/hgac-xxxg-01sr2-gundam-sandrock-custom-ew-ver-base.jpg?v=1780335427&width=533
gundam,model_kit,Gundam Planet,retailer,us,MG MSZ-006 Zeta Gundam Ver.Ka,88.95,,,USD,New,https://www.gundamplanet.com/products/mg-msz-006-zeta-gundam-ver-ka?_pos=82&_sid=c051fffc8&_ss=r&_fid=2609db4a7,https://www.gundamplanet.com/cdn/shop/files/mg-msz-006-zeta-gundam-ver-ka-gpt.jpg?v=1737713212&width=533
gundam,model_kit,Gundam Planet,retailer,us,HG Gundam Ground Urban Combat Type,24.95,,,USD,New,https://www.gundamplanet.com/products/hg-gundam-ground-urban-combat-type?_pos=83&_sid=c051fffc8&_ss=r&_fid=2609db4a7,https://www.gundamplanet.com/cdn/shop/files/hg-gundam-ground-urban-combat-type-gp.jpg?v=1737695033&width=533
gundam,model_kit,Gundam Planet,retailer,us,HGAW GW-9800 Gundam Airmaster,24.95,,,USD,New,https://www.gundamplanet.com/products/hgaw-gw-9800-gundam-airmaster?_pos=84&_sid=c051fffc8&_ss=r&_fid=2609db4a7,https://www.gundamplanet.com/cdn/shop/files/hgaw-gw-9800-gundam-airmaster-base.jpg?v=1785790590&width=533
gundam,model_kit,Gundam Planet,retailer,us,MG XXXG-01SR Gundam Sandrock EW Ver.,48.95,,,USD,New,https://www.gundamplanet.com/products/mg-xxxg-01sr-gundam-sandrock-ew-ver?_pos=85&_sid=c051fffc8&_ss=r&_fid=2609db4a7,https://www.gundamplanet.com/cdn/shop/files/mg-xxxg-01sr-gundam-sandrock-ew-ver-00.jpg?v=1737661076&width=533
gundam,model_kit,Gundam Planet,retailer,us,Metal Robot Spirits Wing Gundam Zero,149.95,,,USD,New,https://www.gundamplanet.com/products/metal-robot-spirits-wing-gundam-zero?_pos=86&_sid=c051fffc8&_ss=r&_fid=2609db4a7,https://www.gundamplanet.com/cdn/shop/files/metal-robot-spirits-wing-gundam-zero-00.jpg?v=1737695765&width=533
gundam,model_kit,Gundam Planet,retailer,us,MG WD-M01 Turn A Gundam,52.95,,,USD,New,https://www.gundamplanet.com/products/mg-wd-m01-turn-a-gundam?_pos=87&_sid=c051fffc8&_ss=r&_fid=2609db4a7,https://www.gundamplanet.com/cdn/shop/files/mg-wd-m01-turn-a-gundam-00.jpg?v=1737659417&width=533
gundam,model_kit,Gundam Planet,retailer,us,FG RX-78-2 Gundam,10.0,,,USD,New,https://www.gundamplanet.com/products/fg-rx-78-2-gundam?_pos=88&_sid=c051fffc8&_ss=r&_fid=2609db4a7,https://www.gundamplanet.com/cdn/shop/files/fg-rx-78-2-gundam-01.jpg?v=1737661420&width=533
gundam,model_kit,Gundam Planet,retailer,us,HGUC MSZ-006 Zeta Gundam Revive,24.95,,,USD,New,https://www.gundamplanet.com/products/hguc-msz-006-zeta-gundam-revive?_pos=89&_sid=c051fffc8&_ss=r&_fid=2609db4a7,https://www.gundamplanet.com/cdn/shop/files/hguc-msz-006-zeta-gundam-revive-00_1.jpg?v=1737665427&width=533
gundam,model_kit,Gundam Planet,retailer,us,HG00 Gundam Kyrios,20.95,,,USD,New,https://www.gundamplanet.com/products/hg00-gundam-kyrios?_pos=90&_sid=c051fffc8&_ss=r&_fid=2609db4a7,https://www.gundamplanet.com/cdn/shop/files/hg00-gundam-kyrios-00.jpg?v=1737659993&width=533
gundam,model_kit,Gundam Planet,retailer,us,HG Gundam Lfrith Thorn,22.95,,,USD,New,https://www.gundamplanet.com/products/hg-gundam-lfrith-thorn?_pos=91&_sid=c051fffc8&_ss=r&_fid=2609db4a7,https://www.gundamplanet.com/cdn/shop/files/hg-gundam-lfrith-thorn-gp.jpg?v=1737714551&width=533
gundam,model_kit,Gundam Planet,retailer,us,HG IBO Gundam Barbatos Lupus,16.95,,,USD,New,https://www.gundamplanet.com/products/hg-ibo-gundam-barbatos-lupus?_pos=92&_sid=c051fffc8&_ss=r&_fid=2609db4a7,https://www.gundamplanet.com/cdn/shop/files/hg-ibo-gundam-barbatos-lupus-00.jpg?v=1737664944&width=533
gundam,model_kit,Gundam Planet,retailer,us,MG RX-178 Gundam Mk-II Titans Ver 2.0,48.95,,,USD,New,https://www.gundamplanet.com/products/mg-rx-178-gundam-mk-ii-titans-ver-2-0?_pos=93&_sid=c051fffc8&_ss=r&_fid=2609db4a7,https://www.gundamplanet.com/cdn/shop/files/mg-rx-178-gundam-mk-ii-titans-ver-2-0-00.jpg?v=1737659311&width=533
gundam,model_kit,Gundam Planet,retailer,us,HGAC XXXG-01SR Gundam Sandrock,20.95,,,USD,New,https://www.gundamplanet.com/products/hgac-xxxg-01sr-gundam-sandrock?_pos=94&_sid=c051fffc8&_ss=r&_fid=2609db4a7,https://www.gundamplanet.com/cdn/shop/files/hgac-gundam-sandrock-gp.jpg?v=1737677149&width=533
gundam,model_kit,Gundam Planet,retailer,us,HG00 Cherudim Gundam GNHW/R,26.95,,,USD,New,https://www.gundamplanet.com/products/hg00-cherudim-gundam-gnhw-r?_pos=95&_sid=c051fffc8&_ss=r&_fid=2609db4a7,https://www.gundamplanet.com/cdn/shop/files/hg00-cherudim-gundam-gnhw-r-00.jpg?v=1737660167&width=533
gundam,model_kit,Gundam Planet,retailer,us,HGUC RX-93-2 Hi-Nu Gundam,30.95,,,USD,New,https://www.gundamplanet.com/products/hguc-rx-93-2-hi-nu-gundam?_pos=96&_sid=c051fffc8&_ss=r&_fid=2609db4a7,https://www.gundamplanet.com/cdn/shop/files/hguc-rx-93-2-hi-nu-gundam-00.jpg?v=1737658976&width=533
gundam,model_kit,Gundam Planet,retailer,us,Best Mecha Collection 1/144 RX-78-2 Gundam (Revival Ver.),14.95,,,USD,New,https://www.gundamplanet.com/products/best-mecha-collection-1-144-rx-78-2-gundam-revival-ver?_pos=97&_sid=c051fffc8&_ss=r&_fid=2609db4a7,https://www.gundamplanet.com/cdn/shop/files/best-mecha-collection-1-144-rx-78-2-gundam-revival-ver-gp_1.jpg?v=1737742344&width=533
gundam,model_kit,Gundam Planet,retailer,us,MGEX ZGMF/A-262PD-P Mighty Strike Freedom Gundam,280.95,,,USD,New,https://www.gundamplanet.com/products/mgex-zgmf-a-262pd-p-mighty-strike-freedom-gundam?_pos=98&_sid=c051fffc8&_ss=r&_fid=2609db4a7,https://www.gundamplanet.com/cdn/shop/files/mgex-mighty-strike-freeom-test-base.jpg?v=1787787094&width=533
gundam,model_kit,Gundam Planet,retailer,us,SD Gundam EX-Standard Nu Gundam,12.95,,,USD,New,https://www.gundamplanet.com/products/sd-gundam-ex-standard-nu-gundam?_pos=99&_sid=c051fffc8&_ss=r&_fid=2609db4a7,https://www.gundamplanet.com/cdn/shop/files/sdex-nu-gundam-gp.jpg?v=1737683292&width=533
gundam,model_kit,Gundam Planet,retailer,us,HG IBO Gundam Astaroth,14.95,,,USD,New,https://www.gundamplanet.com/products/hg-ibo-gundam-astaroth?_pos=100&_sid=c051fffc8&_ss=r&_fid=2609db4a7,https://www.gundamplanet.com/cdn/shop/files/hg-ibo-gundam-astaroth-00.jpg?v=1737664518&width=533
gundam,model_kit,Gundam Planet,retailer,us,PG GAT-X105+AQM/E-YM1 Perfect Strike Gundam,298.95,,,USD,New,https://www.gundamplanet.com/products/pg-gat-x105-aqm-e-ym1-perfect-strike-gundam?_pos=101&_sid=c051fffc8&_ss=r&_fid=2609db4a7,https://www.gundamplanet.com/cdn/shop/files/pg-perfect-strike-gundam-gp.jpg?v=1737679378&width=533
gundam,model_kit,Gundam Planet,retailer,us,[DX02] Gundam Assemble Deluxe Set 02,162.95,,,USD,New,https://www.gundamplanet.com/products/dx02-gundam-assemble-deluxe-set-02?_pos=102&_sid=c051fffc8&_ss=r&_fid=2609db4a7,https://www.gundamplanet.com/cdn/shop/files/dx02-gundam-assemble-deluxe-set-021.jpg?v=1772584843&width=533
gundam,model_kit,Gundam Planet,retailer,us,HGBD:R Core Gundam II (G-3 Color),14.95,,,USD,New,https://www.gundamplanet.com/products/hgbd-r-core-gundam-ii-g-3-color?_pos=103&_sid=c051fffc8&_ss=r&_fid=2609db4a7,https://www.gundamplanet.com/cdn/shop/files/hgbd-r-core-gundam-ii-g-3-color-gp.jpg?v=1737685111&width=533
gundam,model_kit,Gundam Planet,retailer,us,Metal Robot Spirits Gundam Barbatos Lupus Rex,180.95,,,USD,New,https://www.gundamplanet.com/products/metal-robot-spirits-gundam-barbatos-lupus-rex?_pos=104&_sid=c051fffc8&_ss=r&_fid=2609db4a7,https://www.gundamplanet.com/cdn/shop/files/metal-robot-spirits-gundam-barbatos-lupus-rex.png?v=1779833159&width=533
gundam,model_kit,Gundam Planet,retailer,us,HGFC GF13-017NJII God Gundam (Burning Gundam),24.95,,,USD,New,https://www.gundamplanet.com/products/hgfc-gf13-017njii-god-gundam?_pos=105&_sid=c051fffc8&_ss=r&_fid=2609db4a7,https://www.gundamplanet.com/cdn/shop/files/hgfc-gf13-017njii-god-gundam-00.jpg?v=1737659953&width=533
gundam,model_kit,Gundam Planet,retailer,us,HG Gundam G-Self (Atmospheric Pack Equipped),22.95,,,USD,New,https://www.gundamplanet.com/products/hg-gundam-g-self-atmospheric-pack-equipped?_pos=106&_sid=c051fffc8&_ss=r&_fid=2609db4a7,https://www.gundamplanet.com/cdn/shop/files/hg-gundam-g-self-atmospheric-pack-equipped-00.jpg?v=1737663124&width=533
gundam,model_kit,Gundam Planet,retailer,us,MG RX-78-2 Gundam Ver.Ka,38.95,,,USD,New,https://www.gundamplanet.com/products/mg-rx-78-2-gundam-ver-ka?_pos=107&_sid=c051fffc8&_ss=r&_fid=2609db4a7,https://www.gundamplanet.com/cdn/shop/files/mg-rx-78-2-gundam-ver-ka-00_1.jpg?v=1737659242&width=533
gundam,model_kit,Gundam Planet,retailer,us,HG Plutine Gundam,30.95,,,USD,New,https://www.gundamplanet.com/products/hg-plutine-gundam?_pos=108&_sid=c051fffc8&_ss=r&_fid=2609db4a7,https://www.gundamplanet.com/cdn/shop/files/hg-plutine-gundam-gp.jpg?v=1737723186&width=533
gundam,model_kit,Gundam Planet,retailer,us,HGUC RX-121-1 Gundam TR-1 [Hazel Custom],18.95,,,USD,New,https://www.gundamplanet.com/products/hguc-rx-121-1-gundam-tr-1-hazel-custom?_pos=109&_sid=c051fffc8&_ss=r&_fid=2609db4a7,https://www.gundamplanet.com/cdn/shop/files/hguc-rx-121-1-gundam-tr-1-hazel-custom-gp.jpg?v=1737658824&width=533
gundam,model_kit,Gundam Planet,retailer,us,HG Blazing Gundam,24.95,,,USD,New,https://www.gundamplanet.com/products/hg-blazing-gundam?_pos=110&_sid=c051fffc8&_ss=r&_fid=2609db4a7,https://www.gundamplanet.com/cdn/shop/files/hg-blazing-gundam-gp_1.jpg?v=1737694544&width=533
gundam,model_kit,Gundam Planet,retailer,us,HGBD:R Uraven Gundam,22.95,,,USD,New,https://www.gundamplanet.com/products/hgbd-r-uraven-gundam?_pos=111&_sid=c051fffc8&_ss=r&_fid=2609db4a7,https://www.gundamplanet.com/cdn/shop/files/hgbdr-uraven-gundam-gp.jpg?v=1737680694&width=533
gundam,model_kit,Gundam Planet,retailer,us,Gundam Universe Unicorn Gundam Renewal (Mobile Suit Gundam Unicorn),38.95,,,USD,New,https://www.gundamplanet.com/products/gundam-universe-unicorn-gundam-renewal-mobile-suit-gundam-unicorn?_pos=112&_sid=c051fffc8&_ss=r&_fid=2609db4a7,https://www.gundamplanet.com/cdn/shop/files/gundam-universe-unicorn-gundam-renewal13.jpg?v=1737758679&width=533
gundam,model_kit,Gundam Planet,retailer,us,HG MBF-P02 Gundam Astray Red Frame Flight Unit,24.95,,,USD,New,https://www.gundamplanet.com/products/hg-mbf-p02-gundam-astray-red-frame-flight-unit?_pos=113&_sid=c051fffc8&_ss=r&_fid=2609db4a7,https://www.gundamplanet.com/cdn/shop/files/hg-mbf-p02-gundam-astray-red-frame-flight-unit-00.jpg?v=1737662289&width=533
gundam,model_kit,Gundam Planet,retailer,us,HG Gundam Helios,28.95,,,USD,New,https://www.gundamplanet.com/products/hg-gundam-helios?_pos=114&_sid=c051fffc8&_ss=r&_fid=2609db4a7,https://www.gundamplanet.com/cdn/shop/files/hg-gundam-helios-gp.jpg?v=1737694501&width=533
gundam,model_kit,Gundam Planet,retailer,us,HG00 Seraphim Gundam,12.95,,,USD,New,https://www.gundamplanet.com/products/hg00-seraphim-gundam?_pos=115&_sid=c051fffc8&_ss=r&_fid=2609db4a7,https://www.gundamplanet.com/cdn/shop/files/hg00-seraphim-gundam-01.jpg?v=1737660164&width=533
gundam,model_kit,Gundam Planet,retailer,us,MG GAT-X105B/FP Build Strike Gundam Full Package,56.95,,,USD,New,https://www.gundamplanet.com/products/mg-gat-x105b-fp-build-strike-gundam-full-package?_pos=116&_sid=c051fffc8&_ss=r&_fid=2609db4a7,https://www.gundamplanet.com/cdn/shop/files/mg-gat-x105b-fp-build-strike-gundam-full-package-00.jpg?v=1737662617&width=533
gundam,model_kit,Gundam Planet,retailer,us,NXEDGE Style Xi Gundam,59.95,,,USD,New,https://www.gundamplanet.com/products/nxedge-style-xi-gundam?_pos=117&_sid=c051fffc8&_ss=r&_fid=2609db4a7,https://www.gundamplanet.com/cdn/shop/files/nxedge-style-xi-gundam-fr.jpg?v=1737690459&width=533
gundam,model_kit,Gundam Planet,retailer,us,HG MS-05B Zaku I (Gundam Thunderbolt Anime Ver.),26.95,,,USD,New,https://www.gundamplanet.com/products/hg-ms-05b-zaku-i-gundam-thunderbolt-anime-ver?_pos=118&_sid=c051fffc8&_ss=r&_fid=2609db4a7,https://www.gundamplanet.com/cdn/shop/files/hg-ms-05b-zaku-i-gundam-thunderbolt-anime-ver-00.jpg?v=1781202371&width=533
gundam,model_kit,Gundam Planet,retailer,us,MG MBF-P02KAI Gundam Astray Red Frame Kai,68.95,,,USD,New,https://www.gundamplanet.com/products/mg-mbf-p02kai-gundam-astray-red-frame-kai?_pos=119&_sid=c051fffc8&_ss=r&_fid=2609db4a7,https://www.gundamplanet.com/cdn/shop/files/mg-mbf-p02kai-gundam-astray-red-frame-kai-00_1.jpg?v=1737659744&width=533
gundam,model_kit,Gundam Planet,retailer,us,HGUC RX-78NT-1 Gundam NT-1 Alex,22.95,,,USD,New,https://www.gundamplanet.com/products/hguc-rx-78nt-1-gundam-nt-1-alex?_pos=120&_sid=c051fffc8&_ss=r&_fid=2609db4a7,https://www.gundamplanet.com/cdn/shop/files/hguc-rx-78nt-1-gundam-nt-1-alex-gp.jpg?v=1745270454&width=533
gundam,model_kit,Gundam Planet,retailer,us,Gundam Universe RX-78GP01Fb Gundam Full Burnern,24.95,,,USD,New,https://www.gundamplanet.com/products/gundam-universe-rx-78gp01fb-gundam-full-burnern?_pos=121&_sid=c051fffc8&_ss=r&_fid=2609db4a7,https://www.gundamplanet.com/cdn/shop/files/gundam-universe-rx-78gp01fb-gundam-full-burnern-base.jpg?v=1750175628&width=533
gundam,model_kit,Gundam Planet,retailer,us,HGUC RX-178 Gundam Mk-II AEUG Revive,20.95,,,USD,New,https://www.gundamplanet.com/products/hguc-rx-178-gundam-mk-ii-aeug-revive?_pos=122&_sid=c051fffc8&_ss=r&_fid=2609db4a7,https://www.gundamplanet.com/cdn/shop/files/hguc-rx-178-gundam-mk-ii-aeug-revive-00.jpg?v=1737664069&width=533
gundam,model_kit,Gundam Planet,retailer,us,GFFMC RX-0(N) Unicorn Gundam 02 Banshee Norn Metal Composite,299.95,,,USD,New,https://www.gundamplanet.com/products/gffmc-rx-0-n-unicorn-gundam-02-banshee-norn-metal-composite?_pos=123&_sid=c051fffc8&_ss=r&_fid=2609db4a7,https://www.gundamplanet.com/cdn/shop/files/71lkk9hvral._sl1500_gp.jpg?v=1737668257&width=533
gundam,model_kit,Gundam Planet,retailer,us,HGUC RX-178 Gundam Mk-II Titans Revive,20.95,,,USD,New,https://www.gundamplanet.com/products/hguc-rx-178-gundam-mk-ii-titans-revive?_pos=124&_sid=c051fffc8&_ss=r&_fid=2609db4a7,https://www.gundamplanet.com/cdn/shop/files/hguc-rx-178-gundam-mk-ii-titans-revive-00.jpg?v=1737664086&width=533
gundam,model_kit,Gundam Planet,retailer,us,HGAC XXXG-01S Shenlong Gundam,20.95,,,USD,New,https://www.gundamplanet.com/products/hgac-xxxg-01s-shenlong-gundam?_pos=125&_sid=c051fffc8&_ss=r&_fid=2609db4a7,https://www.gundamplanet.com/cdn/shop/files/hgac-xxxg-01s-shenlong-gundam-gp.jpg?v=1737706441&width=533
gundam,model_kit,Gundam Planet,retailer,us,MG RX-78GP03S Gundam GP03S Stamen,48.95,,,USD,New,https://www.gundamplanet.com/products/mg-rx-78gp03s-gundam-gp03s-stamen?_pos=126&_sid=c051fffc8&_ss=r&_fid=2609db4a7,https://www.gundamplanet.com/cdn/shop/files/mg-rx-78gp03s-gundam-stamen-gp.jpg?v=1737659114&width=533
gundam,model_kit,Gundam Planet,retailer,us,Lucrea: Hatsune Miku X Wing Gundam Zero EW (Mobile Suit Gundam 45th Anniversary),337.95,,,USD,New,https://www.gundamplanet.com/products/lucrea-hatsune-miku-x-wing-gundam-zero-ew-mobile-suit-gundam-45th-anniversary?_pos=127&_sid=c051fffc8&_ss=r&_fid=2609db4a7,https://www.gundamplanet.com/cdn/shop/files/1-15-dragon-call-bladepoint-x-kunio-okawara-model-kit-fr.jpg?v=1755125848&width=533
gundam,model_kit,Gundam Planet,retailer,us,HGUC F-91 Gundam F91,16.95,,,USD,New,https://www.gundamplanet.com/products/hguc-f-91-gundam-f91?_pos=128&_sid=c051fffc8&_ss=r&_fid=2609db4a7,https://www.gundamplanet.com/cdn/shop/files/hguc-f-91-gundam-f91-00.jpg?v=1737662438&width=533
gundam,model_kit,Gundam Planet,retailer,us,HGCE ZGMF-X20A Strike Freedom Gundam,28.95,,,USD,New,https://www.gundamplanet.com/products/hgce-zgmf-x20a-strike-freedom-gundam?_pos=129&_sid=c051fffc8&_ss=r&_fid=2609db4a7,https://www.gundamplanet.com/cdn/shop/files/hgce-zgmf-x20a-strike-freedom-gundam-revive-00.jpg?v=1737665028&width=533
gundam,model_kit,Gundam Planet,retailer,us,HGCE ZGMF-X191M2 Infinite Justice Gundam Type II,32.95,,,USD,New,https://www.gundamplanet.com/products/hgce-zgmf-x191m2-infinite-justice-gundam-type-ii?_pos=130&_sid=c051fffc8&_ss=r&_fid=2609db4a7,https://www.gundamplanet.com/cdn/shop/files/hgce-zgmf-x191m2-infinite-justice-gundam-type-ii-gp.jpg?v=1737734542&width=533
gundam,model_kit,Gundam Planet,retailer,us,MG XXXG-01D Gundam Deathscythe EW Ver.,44.95,,,USD,New,https://www.gundamplanet.com/products/mg-xxxg-01d-gundam-deathscythe-ew-ver?_pos=131&_sid=c051fffc8&_ss=r&_fid=2609db4a7,https://www.gundamplanet.com/cdn/shop/files/mg-xxxg-01d-gundam-deathscythe-ew-ver-00.jpg?v=1737659951&width=533
gundam,model_kit,Gundam Planet,retailer,us,HGCE GAT-X105 Aile Strike Gundam,18.95,,,USD,New,https://www.gundamplanet.com/products/hgce-gat-x105-aile-strike-gundam?_pos=132&_sid=c051fffc8&_ss=r&_fid=2609db4a7,https://www.gundamplanet.com/cdn/shop/files/hgce-gat-x105-aile-strike-gundam-00.jpg?v=1737662295&width=533
gundam,model_kit,Gundam Planet,retailer,us,SD Gundam Cross Silhouette F-Kunoichi Kai (F9no1 Kai),24.95,,,USD,New,https://www.gundamplanet.com/products/sd-gundam-cross-silhouette-f-kunoichi-kai?_pos=133&_sid=c051fffc8&_ss=r&_fid=2609db4a7,https://www.gundamplanet.com/cdn/shop/files/sd-gundam-cross-silhouette-f-kunoichi-kai-gp.jpg?v=1737724503&width=533
gundam,model_kit,Gundam Planet,retailer,us,RG MBF-P02 Gundam Astray Red Frame,34.95,,,USD,New,https://www.gundamplanet.com/products/rg-mbf-p02-gundam-astray-red-frame?_pos=134&_sid=c051fffc8&_ss=r&_fid=2609db4a7,https://www.gundamplanet.com/cdn/shop/files/rg-mbf-p02-gundam-astray-red-frame-00.jpg?v=1737663597&width=533
gundam,model_kit,Gundam Planet,retailer,us,1/100 Full Mechanics GAT-X370 Raider Gundam,60.95,,,USD,New,https://www.gundamplanet.com/products/1-100-full-mechanics-gat-x370-raider-gundam?_pos=135&_sid=c051fffc8&_ss=r&_fid=2609db4a7,https://www.gundamplanet.com/cdn/shop/files/1-100-full-mechanics-gat-x370-raider-gundam-gp.jpg?v=1737702542&width=533
gundam,model_kit,Gundam Planet,retailer,us,HG Gundam 00 Diver Arc,32.95,,,USD,New,https://www.gundamplanet.com/products/hg-gundam-00-diver-arc?_pos=136&_sid=c051fffc8&_ss=r&_fid=2609db4a7,https://www.gundamplanet.com/cdn/shop/files/hg-gundam-00-diver-arc-gp.jpg?v=1737723208&width=533
gundam,model_kit,Gundam Planet,retailer,us,MG GAT-X303 Aegis Gundam,58.95,,,USD,New,https://www.gundamplanet.com/products/mg-gat-x303-aegis-gundam?_pos=137&_sid=c051fffc8&_ss=r&_fid=2609db4a7,https://www.gundamplanet.com/cdn/shop/files/mg-gat-x303-aegis-gundam-00_1.jpg?v=1737661851&width=533
gundam,model_kit,Gundam Planet,retailer,us,RG ZGMF-X42S Destiny Gundam,30.95,,,USD,New,https://www.gundamplanet.com/products/rg-zgmf-x42s-destiny-gundam?_pos=138&_sid=c051fffc8&_ss=r&_fid=2609db4a7,https://www.gundamplanet.com/cdn/shop/files/rg-zgmf-x42s-destiny-gundam-00.jpg?v=1737661900&width=533
gundam,model_kit,Gundam Planet,retailer,us,HGCE ZGMF-X42S Destiny Gundam,28.95,,,USD,New,https://www.gundamplanet.com/products/hgce-zgmf-x42s-destiny-gundam?_pos=139&_sid=c051fffc8&_ss=r&_fid=2609db4a7,https://www.gundamplanet.com/cdn/shop/files/hgce-destiny-gundam-revive-gp.jpg?v=1737675241&width=533
gundam,model_kit,Gundam Planet,retailer,us,HGCE ZGMF-103HD Lightning Buster Gundam,30.95,,,USD,New,https://www.gundamplanet.com/products/hgce-zgmf-103hd-lightning-buster-gundam?_pos=140&_sid=c051fffc8&_ss=r&_fid=2609db4a7,https://www.gundamplanet.com/cdn/shop/files/hgce-zgmf-103hd-lightning-buster-gundam-gp.jpg?v=1737737800&width=533
gundam,model_kit,Gundam Planet,retailer,us,HGBF Try Burning Gundam,24.95,,,USD,New,https://www.gundamplanet.com/products/hgbf-try-burning-gundam?_pos=141&_sid=c051fffc8&_ss=r&_fid=2609db4a7,https://www.gundamplanet.com/cdn/shop/files/hgbf-try-burning-gundam-00.jpg?v=1737663688&width=533
gundam,model_kit,Gundam Planet,retailer,us,MG ZGMF-X56S/α Force Impulse Gundam,60.95,,,USD,New,https://www.gundamplanet.com/products/mg-zgmf-x56s-a-force-impulse-gundam?_pos=142&_sid=c051fffc8&_ss=r&_fid=2609db4a7,https://www.gundamplanet.com/cdn/shop/files/mg-zgmf-x56s-a-force-impulse-gundam-gp.jpg?v=1737661603&width=533
gundam,model_kit,Gundam Planet,retailer,us,G.M.G. Mobile Suit Gundam Principality of Zeon (Team Ramba Ral Set w/gift),179.95,,,USD,New,https://www.gundamplanet.com/products/g-m-g-mobile-suit-gundam-principality-of-zeon-team-ramba-ral-set-w-gift?_pos=143&_sid=c051fffc8&_ss=r&_fid=2609db4a7,https://www.gundamplanet.com/cdn/shop/files/gmg-zeon-team-ramba-ral-set-gp2.jpg?v=1737703530&width=533
gundam,model_kit,Gundam Planet,retailer,us,HGBF Crossbone Gundam Maoh,24.95,,,USD,New,https://www.gundamplanet.com/products/hgbf-crossbone-gundam-maoh?_pos=144&_sid=c051fffc8&_ss=r&_fid=2609db4a7,https://www.gundamplanet.com/cdn/shop/files/hgbf-crossbone-gundam-maoh-00.jpg?v=1737662512&width=533
gundam,model_kit,Gundam Planet,retailer,us,HGUC MSZ-010 ZZ Gundam,32.95,,,USD,New,https://www.gundamplanet.com/products/hguc-msz-010-zz-gundam?_pos=145&_sid=c051fffc8&_ss=r&_fid=2609db4a7,https://www.gundamplanet.com/cdn/shop/files/hguc-msz-010-zz-gundam-00.jpg?v=1737660275&width=533
gundam,model_kit,Gundam Planet,retailer,us,MG XXXG-01S Shenlong Gundam EW Ver.,44.95,,,USD,New,https://www.gundamplanet.com/products/mg-xxxg-01s-shenlong-gundam-ew-ver?_pos=146&_sid=c051fffc8&_ss=r&_fid=2609db4a7,https://www.gundamplanet.com/cdn/shop/files/mg-xxxg-01s-shenlong-gundam-ew-ver-00_1.jpg?v=1737660797&width=533
gundam,model_kit,Gundam Planet,retailer,us,HGAC XXXG-01H2 Gundam Heavyarms Custom,24.95,,,USD,New,https://www.gundamplanet.com/products/hgac-xxxg-01h2-gundam-heavyarms-custom?_pos=147&_sid=c051fffc8&_ss=r&_fid=2609db4a7,https://www.gundamplanet.com/cdn/shop/files/hgac-xxxg-01h2-gundam-heavyarms-custom-gp.jpg?v=1741725257&width=533
gundam,model_kit,Gundam Planet,retailer,us,HGFC GF13-001NHII Master Gundam & Fuun Saiki,36.95,,,USD,New,https://www.gundamplanet.com/products/hgfc-gf13-001nhii-master-gundam-fuun-saiki?_pos=148&_sid=c051fffc8&_ss=r&_fid=2609db4a7,https://www.gundamplanet.com/cdn/shop/files/hgfc-gf13-001nhii-master-gundam-fuun-saiki-00.jpg?v=1737661155&width=533
gundam,model_kit,Gundam Planet,retailer,us,HG Gundam Pharact,26.95,,,USD,New,https://www.gundamplanet.com/products/hg-gundam-pharact?_pos=149&_sid=c051fffc8&_ss=r&_fid=2609db4a7,https://www.gundamplanet.com/cdn/shop/files/hg-gundam-pharact-01.jpg?v=1737711746&width=533
gundam,model_kit,Gundam Planet,retailer,us,HG IBO Gundam Barbatos Lupus Rex,20.95,,,USD,New,https://www.gundamplanet.com/products/hg-ibo-gundam-barbatos-lupus-rex?_pos=150&_sid=c051fffc8&_ss=r&_fid=2609db4a7,https://www.gundamplanet.com/cdn/shop/files/hg-ibo-gundam-barbatos-lupus-rex-00.jpg?v=1737665289&width=533
gundam,model_kit,Gundam Planet,retailer,us,HGBD:R Core Gundam II (Titans Color),14.95,,,USD,New,https://www.gundamplanet.com/products/hgbd-r-core-gundam-ii-titans-color?_pos=151&_sid=c051fffc8&_ss=r&_fid=2609db4a7,https://www.gundamplanet.com/cdn/shop/files/hgbd-r-core-gundam-ii-titans-color-gp.jpg?v=1737685125&width=533
gundam,model_kit,Gundam Planet,retailer,us,SD Gundam EX-Standard Gundam Deathscythe Hell Custom,12.95,,,USD,New,https://www.gundamplanet.com/products/sd-gundam-ex-standard-gundam-deathscythe-hell-custom?_pos=152&_sid=c051fffc8&_ss=r&_fid=2609db4a7,https://www.gundamplanet.com/cdn/shop/files/sd-gundam-ex-standard-gundam-deathscythe-hell-custom-00.jpg?v=1737665133&width=533
gundam,model_kit,Gundam Planet,retailer,us,HG00 Gundam Dynames,18.95,,,USD,New,https://www.gundamplanet.com/products/hg00-gundam-dynames?_pos=153&_sid=c051fffc8&_ss=r&_fid=2609db4a7,https://www.gundamplanet.com/cdn/shop/files/hg00-gundam-dynames-01.jpg?v=1737659987&width=533
gundam,model_kit,Gundam Planet,retailer,us,HGBF Lightning Gundam,22.95,,,USD,New,https://www.gundamplanet.com/products/hgbf-lightning-gundam?_pos=154&_sid=c051fffc8&_ss=r&_fid=2609db4a7,https://www.gundamplanet.com/cdn/shop/files/hgbf-lightning-gundam-00.jpg?v=1737662841&width=533
gundam,model_kit,Gundam Planet,retailer,us,HGBF Gundam Amazing Exia,24.95,,,USD,New,https://www.gundamplanet.com/products/hgbf-gundam-amazing-exia?_pos=155&_sid=c051fffc8&_ss=r&_fid=2609db4a7,https://www.gundamplanet.com/cdn/shop/files/hgbf-gundam-amazing-exia-00.jpg?v=1737663023&width=533
gundam,model_kit,Gundam Planet,retailer,us,HGUC MSN-001 Delta Gundam,52.95,,,USD,New,https://www.gundamplanet.com/products/hguc-msn-001-delta-gundam?_pos=156&_sid=c051fffc8&_ss=r&_fid=2609db4a7,https://www.gundamplanet.com/cdn/shop/files/hguc-msn-001-delta-gundam-base.jpg?v=1754699521&width=533
gundam,model_kit,Gundam Planet,retailer,us,HGAW NRX-0015 Gundam Ashtaron,43.95,,,USD,New,https://www.gundamplanet.com/products/hgaw-nrx-0015-gundam-ashtaron?_pos=157&_sid=c051fffc8&_ss=r&_fid=2609db4a7,https://www.gundamplanet.com/cdn/shop/files/hgaw-test-gundam-ashtaron-base.jpg?v=1780078170&width=533
gundam,model_kit,Gundam Planet,retailer,us,Gundam Universe Wing Gundam Zero (Mobile Suit Gundam Wing),38.95,,,USD,New,https://www.gundamplanet.com/products/gundam-universe-wing-gundam-zero-mobile-suit-gundam-wing?_pos=158&_sid=c051fffc8&_ss=r&_fid=2609db4a7,https://www.gundamplanet.com/cdn/shop/files/gundam-universe-wing-gundam-zero11.jpg?v=1737758659&width=533
gundam,model_kit,Gundam Planet,retailer,us,HGCE STTS-909 Rising Freedom Gundam,28.95,,,USD,New,https://www.gundamplanet.com/products/hgce-stts-909-rising-freedom-gundam?_pos=159&_sid=c051fffc8&_ss=r&_fid=2609db4a7,https://www.gundamplanet.com/cdn/shop/files/hg-rising-freedom-gundam-gp2_1.jpg?v=1737728182&width=533
gundam,model_kit,Gundam Planet,retailer,us,RG GAT-X105 Aile Strike Gundam,34.95,,,USD,New,https://www.gundamplanet.com/products/rg-gat-x105-aile-strike-gundam?_pos=160&_sid=c051fffc8&_ss=r&_fid=2609db4a7,https://www.gundamplanet.com/cdn/shop/files/rg-gat-x105-aile-strike-gundam-00_1.jpg?v=1737660855&width=533
gundam,model_kit,Gundam Planet,retailer,us,HG Gundam G-Lucifer,28.95,,,USD,New,https://www.gundamplanet.com/products/hg-gundam-g-lucifer?_pos=161&_sid=c051fffc8&_ss=r&_fid=2609db4a7,https://www.gundamplanet.com/cdn/shop/files/hg-gundam-g-lucifer-00.jpg?v=1737663182&width=533
gundam,model_kit,Gundam Planet,retailer,us,MG MS-06S Zaku II Char Custom Ver 2.0,48.95,,,USD,New,https://www.gundamplanet.com/products/mg-ms-06s-zaku-ii-char-custom-ver-2-0?_pos=162&_sid=c051fffc8&_ss=r&_fid=2609db4a7,https://www.gundamplanet.com/cdn/shop/files/mg-ms-06s-zaku-ii-char-custom-ver-2-0-00.jpg?v=1737659390&width=533
gundam,model_kit,Gundam Planet,retailer,us,Lucrea: 1/7 Hatsune Miku X 00 Gundam (Mobile Suit Gundam 45th Anniversary),294.95,,,USD,New,https://www.gundamplanet.com/products/lucrea-hatsune-miku-x-00-gundam-mobile-suit-gundam-45th-anniversary?_pos=163&_sid=c051fffc8&_ss=r&_fid=2609db4a7,https://www.gundamplanet.com/cdn/shop/files/lucrea-hatsune-miku-x-00-gundam-mobile-suit-gundam-45th-anniversary-fr.jpg?v=1759953492&width=533
gundam,model_kit,Gundam Planet,retailer,us,HGBF Kamiki Burning Gundam,24.95,,,USD,New,https://www.gundamplanet.com/products/hgbf-kamiki-burning-gundam?_pos=164&_sid=c051fffc8&_ss=r&_fid=2609db4a7,https://www.gundamplanet.com/cdn/shop/files/hgbf-kamiki-burning-gundam-base1.jpg?v=1748534857&width=533
gundam,model_kit,Gundam Planet,retailer,us,Gundam Universe Shenlong Gundam,24.95,,,USD,New,https://www.gundamplanet.com/products/gundam-universe-shenlong-gundam?_pos=165&_sid=c051fffc8&_ss=r&_fid=2609db4a7,https://www.gundamplanet.com/cdn/shop/files/gundam-universe-shenlong-gundam-base.jpg?v=1750175893&width=533
gundam,model_kit,Gundam Planet,retailer,us,HGBF Build Gundam Mk-II,24.95,,,USD,New,https://www.gundamplanet.com/products/hgbf-build-gundam-mk-ii?_pos=166&_sid=c051fffc8&_ss=r&_fid=2609db4a7,https://www.gundamplanet.com/cdn/shop/files/hgbf-build-gundam-mk-ii-00.jpg?v=1737662588&width=533
gundam,model_kit,Gundam Planet,retailer,us,Metal Robot Spirits Immortal Justice Gundam,180.95,,,USD,New,https://www.gundamplanet.com/products/metal-robot-spirits-immortal-justice-gundam?_pos=167&_sid=c051fffc8&_ss=r&_fid=2609db4a7,https://www.gundamplanet.com/cdn/shop/files/metal-robot-spirits-immortal-justice-gundam-fr.jpg?v=1737729384&width=533
gundam,model_kit,Gundam Planet,retailer,us,HGUC RX-78GP02 Gundam GP02 Type MLRS,30.95,,,USD,New,https://www.gundamplanet.com/products/hguc-rx-78gp02-gundam-gp02-type-mlrs?_pos=168&_sid=c051fffc8&_ss=r&_fid=2609db4a7,https://www.gundamplanet.com/cdn/shop/files/hguc-rx-78gp02-gundam-gp02-type-mlrs-00.jpg?v=1781201074&width=533
gundam,model_kit,Gundam Planet,retailer,us,HG00 Reborns Gundam,22.95,,,USD,New,https://www.gundamplanet.com/products/hg00-reborns-gundam?_pos=169&_sid=c051fffc8&_ss=r&_fid=2609db4a7,https://www.gundamplanet.com/cdn/shop/files/hg00-reborns-gundam-gp.jpg?v=1737660234&width=533
gundam,model_kit,Gundam Planet,retailer,us,MG RX-0 Unicorn Gundam 02 Banshee,62.95,,,USD,New,https://www.gundamplanet.com/products/mg-rx-0-unicorn-gundam-02-banshee?_pos=170&_sid=c051fffc8&_ss=r&_fid=2609db4a7,https://www.gundamplanet.com/cdn/shop/files/mg-rx-0-unicorn-gundam-02-banshee-00.jpg?v=1737661547&width=533
gundam,model_kit,Gundam Planet,retailer,us,HG gMS-κ GFreD (Gundam FreD),28.95,,,USD,New,https://www.gundamplanet.com/products/hg-gms-k-gfred-gundam-fred?_pos=171&_sid=c051fffc8&_ss=r&_fid=2609db4a7,https://www.gundamplanet.com/cdn/shop/files/hg-gfred-gundam-fred-base.jpg?v=1753721601&width=533
gundam,model_kit,Gundam Planet,retailer,us,HGBF Gundam Exia Dark Matter,24.95,,,USD,New,https://www.gundamplanet.com/products/hgbf-gundam-exia-dark-matter?_pos=172&_sid=c051fffc8&_ss=r&_fid=2609db4a7,https://www.gundamplanet.com/cdn/shop/files/hgbf-gundam-exia-dark-matter-00.jpg?v=1737662488&width=533
gundam,model_kit,Gundam Planet,retailer,us,GFFMC RX-0 Unicorn Gundam Awakening Ver. Metal Composite,299.95,,,USD,New,https://www.gundamplanet.com/products/gffmc-rx-0-unicorn-gundam-awakening-ver-metal-composite?_pos=173&_sid=c051fffc8&_ss=r&_fid=2609db4a7,https://www.gundamplanet.com/cdn/shop/files/817b60kid8l-gp.jpg?v=1737668239&width=533
gundam,model_kit,Gundam Planet,retailer,us,HGBF Crossbone Gundam X1 Full Cloth Type.GBFT,30.95,,,USD,New,https://www.gundamplanet.com/products/hgbf-crossbone-gundam-x1-full-cloth-type-gbft?_pos=174&_sid=c051fffc8&_ss=r&_fid=2609db4a7,https://www.gundamplanet.com/cdn/shop/files/hgbf-crossbone-gundam-x1-full-cloth-type-gbft-00.jpg?v=1737663229&width=533
gundam,model_kit,Gundam Planet,retailer,us,HGBF Star Burning Gundam,20.95,,,USD,New,https://www.gundamplanet.com/products/hgbf-star-burning-gundam?_pos=175&_sid=c051fffc8&_ss=r&_fid=2609db4a7,https://www.gundamplanet.com/cdn/shop/files/hgbf-star-burning-gundam-00.jpg?v=1737669413&width=533
gundam,model_kit,Gundam Planet,retailer,us,HGAC XXXG-01S2 Altron Gundam,28.95,,,USD,New,https://www.gundamplanet.com/products/hgac-xxxg-01s2-altron-gundam?_pos=176&_sid=c051fffc8&_ss=r&_fid=2609db4a7,https://www.gundamplanet.com/cdn/shop/files/hgac-xxxg-01s2-altron-gundam-gp2.jpg?v=1741724547&width=533
gundam,model_kit,Gundam Planet,retailer,us,MG RX-78GP02A Gundam GP02A Physalis,56.95,,,USD,New,https://www.gundamplanet.com/products/mg-rx-78gp02a-gundam-gp02a-physalis?_pos=177&_sid=c051fffc8&_ss=r&_fid=2609db4a7,https://www.gundamplanet.com/cdn/shop/files/mg-rx-78gp02a-gundam-physalis-00.jpg?v=1737659108&width=533
gundam,model_kit,Gundam Planet,retailer,us,CHOGOKIN Gundam Aerial,249.95,,,USD,New,https://www.gundamplanet.com/products/chogokin-gundam-aerial?_pos=178&_sid=c051fffc8&_ss=r&_fid=2609db4a7,https://www.gundamplanet.com/cdn/shop/files/chogokin-gundam-aerial-fr2.jpg?v=1737712481&width=533
gundam,model_kit,Gundam Planet,retailer,us,[DX03] Gundam Assemble Deluxe Set 03,162.95,,,USD,New,https://www.gundamplanet.com/products/dx03-gundam-assemble-deluxe-set-03?_pos=179&_sid=c051fffc8&_ss=r&_fid=2609db4a7,https://www.gundamplanet.com/cdn/shop/files/dx03-gundam-assemble-deluxe-set-03-gp.jpg?v=1784315437&width=533
gundam,model_kit,Gundam Planet,retailer,us,MG LM312V04 V Dash Gundam Ver.Ka,76.95,,,USD,New,https://www.gundamplanet.com/products/mg-lm312v04-v-dash-gundam-ver-ka?_pos=180&_sid=c051fffc8&_ss=r&_fid=2609db4a7,https://www.gundamplanet.com/cdn/shop/files/mg-lm312v04-v-dash-gundam-ver-ka-00.jpg?v=1737660010&width=533
gundam,model_kit,Gundam Planet,retailer,us,SD Gundam EX-Standard Wing Gundam Zero,12.95,,,USD,New,https://www.gundamplanet.com/products/sd-gundam-ex-standard-wing-gundam-zero?_pos=181&_sid=c051fffc8&_ss=r&_fid=2609db4a7,https://www.gundamplanet.com/cdn/shop/files/sd-gundam-ex-standard-wing-gundam-zero-gp.jpg?v=1737691851&width=533
gundam,model_kit,Gundam Planet,retailer,us,HGBD:R Alus Earthree Gundam,20.95,,,USD,New,https://www.gundamplanet.com/products/hgbd-r-alus-earthree-gundam?_pos=182&_sid=c051fffc8&_ss=r&_fid=2609db4a7,https://www.gundamplanet.com/cdn/shop/files/hgbd-r-alus-earthree-gundam-gp.jpg?v=1737680217&width=533
gundam,model_kit,Gundam Planet,retailer,us,HGUC LM312V04 Victory Gundam,16.95,,,USD,New,https://www.gundamplanet.com/products/hguc-lm312v04-victory-gundam?_pos=183&_sid=c051fffc8&_ss=r&_fid=2609db4a7,https://www.gundamplanet.com/cdn/shop/files/hguc-lm312v04-victory-gundam-00.jpg?v=1737662341&width=533
gundam,model_kit,Gundam Planet,retailer,us,HGBF Build Strike Gundam Full Package,18.95,,,USD,New,https://www.gundamplanet.com/products/hgbf-build-strike-gundam-full-package?_pos=184&_sid=c051fffc8&_ss=r&_fid=2609db4a7,https://www.gundamplanet.com/cdn/shop/files/hgbf-build-strike-gundam-full-package-00.jpg?v=1737662096&width=533
gundam,model_kit,Gundam Planet,retailer,us,HGCE ZGMF-X19A Infinite Justice Gundam,28.95,,,USD,New,https://www.gundamplanet.com/products/hgce-zgmf-x19a-infinite-justice-gundam?_pos=185&_sid=c051fffc8&_ss=r&_fid=2609db4a7,https://www.gundamplanet.com/cdn/shop/files/hgce-zgmf-x19a-infinite-justice-gundam-gp.jpg?v=1737680659&width=533
gundam,model_kit,Gundam Planet,retailer,us,HG00 O Gundam Operational Mode (Type A.C.D.),18.95,,,USD,New,https://www.gundamplanet.com/products/hg00-o-gundam-operational-mode-type-a-c-d?_pos=186&_sid=c051fffc8&_ss=r&_fid=2609db4a7,https://www.gundamplanet.com/cdn/shop/files/hg00-o-gundam-operational-mode-type-a-c-d-00.jpg?v=1737660123&width=533
gundam,model_kit,Gundam Planet,retailer,us,HG Saviour Gundam,20.95,,,USD,New,https://www.gundamplanet.com/products/hg-saviour-gundam?_pos=187&_sid=c051fffc8&_ss=r&_fid=2609db4a7,https://www.gundamplanet.com/cdn/shop/files/hg-saviour-gundam-00.jpg?v=1737664770&width=533
gundam,model_kit,Gundam Planet,retailer,us,Entry Grade RX-78F00/E Gundam,16.95,,,USD,New,https://www.gundamplanet.com/products/entry-grade-rx-78f00-e-gundam?_pos=188&_sid=c051fffc8&_ss=r&_fid=2609db4a7,https://www.gundamplanet.com/cdn/shop/files/entry-grade-rx-78f00-e-gundam-base.jpg?v=1763661592&width=533
gundam,model_kit,Gundam Planet,retailer,us,Gundam Universe Gundam Epyon (Mobile Suit Gundam Wing),38.95,,,USD,New,https://www.gundamplanet.com/products/gundam-universe-gundam-epyon-mobile-suit-gundam-wing?_pos=189&_sid=c051fffc8&_ss=r&_fid=2609db4a7,https://www.gundamplanet.com/cdn/shop/files/gundam-universe-gundam-epyon-mobile-suit-gundam-wing-base.jpg?v=1750175467&width=533
gundam,model_kit,Gundam Planet,retailer,us,[EX01] Gundam Assemble Expansion Pack 01,39.95,,,USD,New,https://www.gundamplanet.com/products/ex01-gundam-assemble-expansion-pack-01?_pos=190&_sid=c051fffc8&_ss=r&_fid=2609db4a7,https://www.gundamplanet.com/cdn/shop/files/ex01-gundam-assemble-expansion-pack-011.jpg?v=1772584821&width=533
gundam,model_kit,Gundam Planet,retailer,us,HG00 Arche Gundam,20.95,,,USD,New,https://www.gundamplanet.com/products/hg00-arche-gundam?_pos=191&_sid=c051fffc8&_ss=r&_fid=2609db4a7,https://www.gundamplanet.com/cdn/shop/files/hg00-arche-gundam-00.jpg?v=1737660211&width=533
gundam,model_kit,Gundam Planet,retailer,us,MG RX-78-4 Gundam Unit 4,40.95,,,USD,New,https://www.gundamplanet.com/products/mg-rx-78-4-gundam-unit-4?_pos=192&_sid=c051fffc8&_ss=r&_fid=2609db4a7,https://www.gundamplanet.com/cdn/shop/files/mg-rx-78-4-gundam-unit-4-00.jpg?v=1737659281&width=533
gundam,model_kit,Gundam Planet,retailer,us,G.M.G. Mobile Suit Gundam Principality of Zeon 08 (VSP General Soldier & Exclusive Motorcycle),84.95,,,USD,New,https://www.gundamplanet.com/products/g-m-g-mobile-suit-gundam-principality-of-zeon-08-vsp-general-soldier-exclusive-motorcycle?_pos=193&_sid=c051fffc8&_ss=r&_fid=2609db4a7,https://www.gundamplanet.com/cdn/shop/files/g-m-g-mobile-suit-gundam-principality-of-zeon-08-vsp_12.jpg?v=1737703494&width=533
gundam,model_kit,Gundam Planet,retailer,us,HGBD:R Core Gundam (Real Type Color) & Marsfour Unit,20.95,,,USD,New,https://www.gundamplanet.com/products/hgbd-r-core-gundam-real-type-color-marsfour-unit?_pos=194&_sid=c051fffc8&_ss=r&_fid=2609db4a7,https://www.gundamplanet.com/cdn/shop/files/hgbd-r-core-gundam-real-type-color-marsfour-unit-gp.jpg?v=1737678149&width=533
gundam,model_kit,Gundam Planet,retailer,us,HG Wing Gundam Sky Zero,24.95,,,USD,New,https://www.gundamplanet.com/products/hg-wing-gundam-sky-zero?_pos=195&_sid=c051fffc8&_ss=r&_fid=2609db4a7,https://www.gundamplanet.com/cdn/shop/files/hg-wing-gundam-sky-zero-gp.jpg?v=1737694997&width=533
gundam,model_kit,Gundam Planet,retailer,us,HGCE ZGMF/A-42S2 Destiny Gundam Spec II & Zeus Silhouette,88.95,,,USD,New,https://www.gundamplanet.com/products/hgce-zgmf-a-42s2-destiny-gundam-spec-ii-zeus-silhouette?_pos=196&_sid=c051fffc8&_ss=r&_fid=2609db4a7,https://www.gundamplanet.com/cdn/shop/files/hgce-zgmf-a-42s2-destiny-gundam-spec-ii-zeus-silhouette-gp.jpg?v=1737742518&width=533
gundam,model_kit,Gundam Planet,retailer,us,SD Gundam Cross Silhouette Gundam Calibarn,22.95,,,USD,New,https://www.gundamplanet.com/products/sd-gundam-cross-silhouette-gundam-calibarn?_pos=197&_sid=c051fffc8&_ss=r&_fid=2609db4a7,https://www.gundamplanet.com/cdn/shop/files/sd-gundam-cross-silhouette-gundam-calibarn-gp.jpg?v=1737732780&width=533
gundam,model_kit,Gundam Planet,retailer,us,MGSD Gundam Barbatos,54.95,,,USD,New,https://www.gundamplanet.com/products/mgsd-gundam-barbatos?_pos=198&_sid=c051fffc8&_ss=r&_fid=2609db4a7,https://www.gundamplanet.com/cdn/shop/files/mgsd-gundam-barbatos-gp.jpg?v=1737724361&width=533
gundam,model_kit,Gundam Planet,retailer,us,HG IBO Gundam Gusion,16.95,,,USD,New,https://www.gundamplanet.com/products/hg-ibo-gundam-gusion?_pos=199&_sid=c051fffc8&_ss=r&_fid=2609db4a7,https://www.gundamplanet.com/cdn/shop/files/hg-ibo-gundam-gusion-00.jpg?v=1737664191&width=533
gundam,model_kit,Gundam Planet,retailer,us,HG Gundam Lfrith Ur,26.95,,,USD,New,https://www.gundamplanet.com/products/hg-gundam-lfrith-ur?_pos=200&_sid=c051fffc8&_ss=r&_fid=2609db4a7,https://www.gundamplanet.com/cdn/shop/files/hg-gundam-lfrith-ur-gp.jpg?v=1737714532&width=533
gundam,model_kit,Gundam Planet,retailer,us,HGBD:R Jupitive Gundam,26.95,,,USD,New,https://www.gundamplanet.com/products/hgbd-r-jupitive-gundam?_pos=201&_sid=c051fffc8&_ss=r&_fid=2609db4a7,https://www.gundamplanet.com/cdn/shop/files/hgbd-r-jupitive-gundam-gpr.jpg?v=1737679145&width=533
gundam,model_kit,Gundam Planet,retailer,us,SD Gundam EX-Standard RX-78-2 Gundam,12.95,,,USD,New,https://www.gundamplanet.com/products/sd-gundam-ex-standard-rx-78-2-gundam?_pos=202&_sid=c051fffc8&_ss=r&_fid=2609db4a7,https://www.gundamplanet.com/cdn/shop/files/sd-gundam-ex-standard-rx-78-2-gundam-00.jpg?v=1737663884&width=533
gundam,model_kit,Gundam Planet,retailer,us,HGBF Gundam X Maoh,24.95,,,USD,New,https://www.gundamplanet.com/products/hgbf-gundam-x-maoh?_pos=203&_sid=c051fffc8&_ss=r&_fid=2609db4a7,https://www.gundamplanet.com/cdn/shop/files/hg-1-144-gundam-x-maoh-00.jpg?v=1737662366&width=533
gundam,model_kit,Gundam Planet,retailer,us,HGBD Gundam 00 Sky,22.95,,,USD,New,https://www.gundamplanet.com/products/hgbd-gundam-00-sky?_pos=204&_sid=c051fffc8&_ss=r&_fid=2609db4a7,https://www.gundamplanet.com/cdn/shop/files/hgbd-gundam-00-sky-gp.jpg?v=1737672895&width=533
gundam,model_kit,Gundam Planet,retailer,us,SD Gundam Cross Silhouette Tornado Gundam,22.95,,,USD,New,https://www.gundamplanet.com/products/sd-gundam-cross-silhouette-tornado-gundam?_pos=205&_sid=c051fffc8&_ss=r&_fid=2609db4a7,https://www.gundamplanet.com/cdn/shop/files/sd-gundam-cross-silhouette-tornado-gundam-gp.jpg?v=1737715803&width=533
gundam,model_kit,Gundam Planet,retailer,us,Gundam Universe Leo,24.95,,,USD,New,https://www.gundamplanet.com/products/gundam-universe-leo?_pos=206&_sid=c051fffc8&_ss=r&_fid=2609db4a7,https://www.gundamplanet.com/cdn/shop/files/gundam-universe-leo-fr_1.jpg?v=1737707827&width=533
gundam,model_kit,Gundam Planet,retailer,us,RG RX-0(N) Unicorn Gundam 02 Banshee Norn,54.95,,,USD,New,https://www.gundamplanet.com/products/rg-rx-0-n-unicorn-gundam-02-banshee-norn?_pos=208&_sid=c051fffc8&_ss=r&_fid=2609db4a7,https://www.gundamplanet.com/cdn/shop/files/rg-unicorn-gundam-02-banshee-norn-gp.jpg?v=1737670961&width=533
gundam,model_kit,Gundam Planet,retailer,us,MG Sengoku Astray Gundam,68.95,,,USD,New,https://www.gundamplanet.com/products/mg-sengoku-astray-gundam?_pos=209&_sid=c051fffc8&_ss=r&_fid=2609db4a7,https://www.gundamplanet.com/cdn/shop/files/mg-sengoku-astray-gundam-00_1.jpg?v=1737662702&width=533
gundam,model_kit,Gundam Planet,retailer,us,HGCE ZGMF-X10A Freedom Gundam,24.95,,,USD,New,https://www.gundamplanet.com/products/hgce-zgmf-x10a-freedom-gundam?_pos=210&_sid=c051fffc8&_ss=r&_fid=2609db4a7,https://www.gundamplanet.com/cdn/shop/files/hgce-zgmf-x10a-freedom-gundam-revive-00.jpg?v=1737663646&width=533
gundam,model_kit,Gundam Planet,retailer,us,Metal Build God Gundam & God Gundam II (Burning Gundam),434.95,,,USD,New,https://www.gundamplanet.com/products/metal-build-god-gundam-god-gundam-ii-burning-gundam?_pos=211&_sid=c051fffc8&_ss=r&_fid=2609db4a7,https://www.gundamplanet.com/cdn/shop/files/metal-build-burning-gundam-burning-gundam-second-god-gundam-base.jpg?v=1743375167&width=533
gundam,model_kit,Gundam Planet,retailer,us,HGCE STTS-808 Immortal Justice Gundam,26.95,,,USD,New,https://www.gundamplanet.com/products/hgce-stts-808-immortal-justice-gundam?_pos=212&_sid=c051fffc8&_ss=r&_fid=2609db4a7,https://www.gundamplanet.com/cdn/shop/files/hg-immortal-justice-gundam-gp.jpg?v=1737728203&width=533
gundam,model_kit,Gundam Planet,retailer,us,Gundam Universe - Mighty Strike Freedom Gundam,35.95,,,USD,New,https://www.gundamplanet.com/products/gundam-universe-mighty-strike-freedom-gundam?_pos=213&_sid=c051fffc8&_ss=r&_fid=2609db4a7,https://www.gundamplanet.com/cdn/shop/files/gundam-universe-mighty-strike-freedom-gundam_1.jpg?v=1765078177&width=533
gundam,model_kit,Gundam Planet,retailer,us,HG RX-78-02 White Gundam,26.95,,,USD,New,https://www.gundamplanet.com/products/hg-rx-78-02-white-gundam?_pos=214&_sid=c051fffc8&_ss=r&_fid=2609db4a7,https://www.gundamplanet.com/cdn/shop/files/hg-rx-78-02-white-gundam-base_859b37e0-e443-4052-bd81-fa2dbee0d190.jpg?v=1764626591&width=533
gundam,model_kit,Gundam Planet,retailer,us,HGAW GX-9901-DX Gundam Double X,24.95,,,USD,New,https://www.gundamplanet.com/products/hgaw-gx-9901-dx-gundam-double-x?_pos=215&_sid=c051fffc8&_ss=r&_fid=2609db4a7,https://www.gundamplanet.com/cdn/shop/files/hgaw-gx-9901-dx-gundam-double-x-base.jpg?v=1785789941&width=533
gundam,model_kit,Gundam Planet,retailer,us,SD Gundam Cross Silhouette Mighty Strike Freedom Gundam,22.95,,,USD,New,https://www.gundamplanet.com/products/sd-gundam-cross-silhouette-mighty-strike-freedom-gundam?_pos=216&_sid=c051fffc8&_ss=r&_fid=2609db4a7,https://www.gundamplanet.com/cdn/shop/files/sd-gundam-cross-silhouette-mighty-strike-freedom-gundam-gp.jpg?v=1737737843&width=533
gundam,model_kit,Gundam Planet,retailer,us,[SC01] Gundam Assemble Scenario Pack 01,53.95,,,USD,New,https://www.gundamplanet.com/products/sc01-gundam-assemble-scenario-pack-01?_pos=217&_sid=c051fffc8&_ss=r&_fid=2609db4a7,https://www.gundamplanet.com/cdn/shop/files/sc01-gundam-assemble-scenario-pack-01-gp.jpg?v=1784315349&width=533
gundam,model_kit,Gundam Planet,retailer,us,MG ZGMF-19A Infinite Justice Gundam,60.95,,,USD,New,https://www.gundamplanet.com/products/mg-zgmf-19a-infinite-justice-gundam?_pos=218&_sid=c051fffc8&_ss=r&_fid=2609db4a7,https://www.gundamplanet.com/cdn/shop/files/mg-zgmf-19a-infinite-justice-gundam-00.jpg?v=1737659493&width=533
gundam,model_kit,Gundam Planet,retailer,us,MG G-Armor (RX-78-2 Gundam + G-Fighter) Real Type Color Ver.,124.95,,,USD,New,https://www.gundamplanet.com/products/mg-g-armor-rx-78-2-gundam-g-fighter-real-type-color-ver?_pos=219&_sid=c051fffc8&_ss=r&_fid=2609db4a7,https://www.gundamplanet.com/cdn/shop/files/mg-g-armor-rx-78-2-gundam-g-fighter-real-type-color-ver-00.jpg?v=1737659968&width=533
gundam,model_kit,Gundam Planet,retailer,us,HGUC MSA-0011 S Gundam,24.95,,,USD,New,https://www.gundamplanet.com/products/hguc-msa-0011-s-gundam?_pos=220&_sid=c051fffc8&_ss=r&_fid=2609db4a7,https://www.gundamplanet.com/cdn/shop/files/hguc-msa-0011-s-gundam-00.jpg?v=1781305415&width=533
gundam,model_kit,Gundam Planet,retailer,us,Gundam Universe Gundam EX (Gundam: Requiem for Vengeance),40.95,,,USD,New,https://www.gundamplanet.com/products/gundam-universe-gundam-ex-gundam-requiem-for-vengeance?_pos=221&_sid=c051fffc8&_ss=r&_fid=2609db4a7,https://www.gundamplanet.com/cdn/shop/files/gundam-universe-gundam-ex-gundam-requiem-for-vengeance-fr.jpg?v=1737738810&width=533
gundam,model_kit,Gundam Planet,retailer,us,HGAW GX-9900-DV Gundam X Divider,24.95,,,USD,New,https://www.gundamplanet.com/products/hgaw-gx-9900-dv-gundam-x-divider?_pos=222&_sid=c051fffc8&_ss=r&_fid=2609db4a7,https://www.gundamplanet.com/cdn/shop/files/hgaw-gx-9900-dv-gundam-x-divider-base.jpg?v=1785789782&width=533
gundam,model_kit,Gundam Planet,retailer,us,Absolute Act Strike Freedom Gundam (Mobile Suit Gundam SEED),130.95,,,USD,New,https://www.gundamplanet.com/products/absolute-act-strike-freedom-gundam-mobile-suit-gundam-seed?_pos=223&_sid=c051fffc8&_ss=r&_fid=2609db4a7,https://www.gundamplanet.com/cdn/shop/files/absolute-act-strike-freedom-gundam-mobile-suit-gundam-seed-bs.png?v=1788553494&width=533
gundam,model_kit,Gundam Planet,retailer,us,HGUC RX-121-2 Gundam TR-1 [Hazel II],20.95,,,USD,New,https://www.gundamplanet.com/products/hguc-rx-121-2-gundam-tr-1-hazel-ii?_pos=224&_sid=c051fffc8&_ss=r&_fid=2609db4a7,https://www.gundamplanet.com/cdn/shop/files/hguc-rx-121-2-gundam-tr-1-hazel-ii-gp.jpg?v=1737658852&width=533
gundam,model_kit,Gundam Planet,retailer,us,Robot Spirits GAT-X103 Buster Gundam Ver. A.N.I.M.E.,105.95,,,USD,New,https://www.gundamplanet.com/products/robot-spirits-gat-x103-buster-gundam-ver-a-n-i-m-e?_pos=225&_sid=c051fffc8&_ss=r&_fid=2609db4a7,https://www.gundamplanet.com/cdn/shop/files/robot-spirits-gat-x103-buster-gundam-ver-a-n-i-m-e1.jpg?v=1737731910&width=533
gundam,model_kit,HLJ.com,retailer,,Gundam Decal No.150 MGSD Freedom Gundam,99.72,,,MXN,New,https://www.hlj.com/gundam-decal-no-150-mgsd-freedom-gundam-banh847211,https://www.hlj.com/productthumbs/ban/banh847211_0_1787710874.jpg?v=1787710874
gundam,model_kit,HLJ.com,retailer,,1/144 Gundam Decal No.153 RG Wing Gundam,99.72,,,MXN,New,https://www.hlj.com/1-144-scale-gundam-decal-no-153-rg-wing-gundam-banh847334,https://www.hlj.com/productthumbs/ban/banh847334_0_1787710824.jpg?v=1787710824
gundam,model_kit,HLJ.com,retailer,,1/100 Gundam Decal No.155 MG Gundam Barbatos,99.72,,,MXN,New,https://www.hlj.com/1-100-scale-gundam-decal-no-155-mg-gundam-barbatos-banh847358,https://www.hlj.com/productthumbs/ban/banh847358_0_1787711474.jpg?v=1787711474
gundam,model_kit,HLJ.com,retailer,,1/144 Gundam Decal No.144 Mobile Suit Z Gundam Multiuse 1,185.2,,,MXN,New,https://www.hlj.com/1-144-scale-gundam-decal-no-144-mobile-suit-z-gundam-multiuse-1-banh847136,https://www.hlj.com/productthumbs/ban/banh847136_0_1787710210.jpg?v=1787710210
gundam,model_kit,HLJ.com,retailer,,1/144 Gundam Decal No.152 After War Gundam X Multiuse 1,185.2,,,MXN,New,https://www.hlj.com/1-144-scale-gundam-decal-no-152-after-war-gundam-x-multiuse-1-banh847327,https://www.hlj.com/productthumbs/ban/banh847327_0_1787710868.jpg?v=1787710868
gundam,model_kit,HLJ.com,retailer,,1/144 Gundam Decal No.151 Mobile Suit Gundam MS IGLOO Multiuse 1,185.2,,,MXN,New,https://www.hlj.com/1-144-scale-gundam-decal-no-151-mobile-suit-gundam-ms-igloo-multiuse-1-banh847228,https://www.hlj.com/productthumbs/ban/banh847228_0_1787710864.jpg?v=1787710864
gundam,model_kit,HLJ.com,retailer,,1/144 Gundam Decal No.154 Mobile Suit Gundam MS IGLOO Multiuse 2,185.2,,,MXN,New,https://www.hlj.com/1-144-scale-gundam-decal-no-154-mobile-suit-gundam-ms-igloo-multiuse-2-banh847341,https://www.hlj.com/productthumbs/ban/banh847341_0_1787710844.jpg?v=1787710844
gundam,model_kit,HLJ.com,retailer,,1/144 Gundam Decal No.147 RG RX-78-2 Gundam Ver.2.0,99.72,,,MXN,New,https://www.hlj.com/1-144-scale-gundam-decal-no-147-rg-rx-78-2-gundam-ver-2-0-banh847167,https://www.hlj.com/productthumbs/ban/banh847167_0_1787710209.jpg?v=1787710209
gundam,model_kit,HLJ.com,retailer,,1/144 Gundam Decal No.149 Mobile Suit Gundam Seed Destiny Multiuse 1,185.2,,,MXN,New,https://www.hlj.com/1-144-scale-gundam-decal-no-149-mobile-suit-gundam-seed-destiny-multiuse-1-banh847204,https://www.hlj.com/productthumbs/ban/banh847204_0_1787710807.jpg?v=1787710807
gundam,other,HLJ.com,retailer,,Mobile Suit V Gundam: V2 Assault Buster Gundam T-Shirt / Indigo-L,427.38,,,MXN,New,https://www.hlj.com/mobile-suit-v-gundam-v2-assault-buster-gundam-t-shirt-indigo-l-cspr41460,https://www.hlj.com/productthumbs/csp/cspr41460_0_1737700887.jpg?v=1737700887
gundam,model_kit,HLJ.com,retailer,,bitlot Gundam 3 1Box 10pcs,1111.2,,,MXN,New,https://www.hlj.com/bitlot-gundam-3-1box-10pcs-banf934308,https://www.hlj.com/productthumbs/ban/banf934308_0_1787218807.jpg?v=1787218807
gundam,model_kit,HLJ.com,retailer,,1/144 Gundam Decal No.148 Mobile Suit Gundam: The 08th MS Team Multiuse 1,185.2,,,MXN,New,https://www.hlj.com/1-144-scale-gundam-decal-no-148-mobile-suit-gundam-the-08th-ms-team-multiuse-1-banh847198,https://www.hlj.com/productthumbs/ban/banh847198_0_1787710839.jpg?v=1787710839
gundam,model_kit,HLJ.com,retailer,,Mobile Suit Gundam New Translation MS Complete Collection U.C.0068-0080,598.34,,,MXN,New,https://www.hlj.com/mobile-suit-gundam-new-translation-ms-complete-collection-u-c-0068-0080-kdk14754,https://www.hlj.com/media/original_images/noImage.png
gundam,model_kit,HLJ.com,retailer,,Mobile Suit Gundam SEED FREEDOM: PAPER THEATER / Destiny Gundam Spec II & Zeus Silhouette PT-J10,569.84,,,MXN,New,https://www.hlj.com/mobile-suit-gundam-seed-freedom-paper-theater-destiny-gundam-spec-ii-zeus-silhouette-pt-j10-amd53079,https://www.hlj.com/productthumbs/amd/amd53079_0_1791179405.jpg?v=1791179405
gundam,model_kit,HLJ.com,retailer,,MODELGRAPHIX Gundam Archives Mobile Suit Gundam / Z Gundam / A.O.Z.,555.6,,,MXN,New,https://www.hlj.com/modelgraphix-gundam-archives-mobile-suit-gundam-z-gundam-a-o-z-mdg23366,https://www.hlj.com/productthumbs/mdg/mdg23366_0_1672906814.jpg?v=1672906814
gundam,model_kit,HLJ.com,retailer,,1/144 Gundam,42.74,,,MXN,New,https://www.hlj.com/1-144-scale-gundam-ban08659,https://www.hlj.com/productthumbs/ban/ban08659_0.jpg?v=
gundam,model_kit,Gundam Place Store,retailer,us,PG RX-0 UNICORN Gundam,259.69,,,USD,New,https://gundamplacestore.com/products/1-60-pg-unicorn-gundam?q=gundam,https://cdn.shopify.com/s/files/1/0579/0095/7832/files/IMG-7265.webp?v=1762156857
gundam,model_kit,Gundam Place Store,retailer,us,RG #30 Full Armor Unicorn Gundam,69.99,,,USD,New,https://gundamplacestore.com/products/rg-30-full-armor-unicorn-gundam?q=gundam,https://cdn.shopify.com/s/files/1/0579/0095/7832/products/8269156.jpg?v=1650976903
gundam,model_kit,Gundam Place Store,retailer,us,MG Gundam Virtue,91.99,,,USD,New,https://gundamplacestore.com/products/mg-gundam-virtue?q=gundam,https://cdn.shopify.com/s/files/1/0579/0095/7832/products/D5FE0C71-E24C-47B3-948C-06E5863A65CD.jpg?v=1650976627
gundam,model_kit,Gundam Place Store,retailer,us,MGEX Strike Freedom Gundam,182.99,,,USD,New,https://gundamplacestore.com/products/mgex-strike-freedom-gundam?q=gundam,https://cdn.shopify.com/s/files/1/0579/0095/7832/products/image_1fdeda77-425a-419f-b197-458678c523dd.png?v=1671806713
gundam,model_kit,Gundam Place Store,retailer,us,RG #36 HI-NU GUNDAM [Hi-v Gundam],60.99,,,USD,New,https://gundamplacestore.com/products/rg-hi-ce-bd-gundam?q=gundam,https://cdn.shopify.com/s/files/1/0579/0095/7832/products/img_4518.jpg?v=1650976834
gundam,model_kit,Gundam Place Store,retailer,us,RG #37 Burning (God) Gundam,49.99,,,USD,New,https://gundamplacestore.com/products/rg-37-god-gundam?q=gundam,https://cdn.shopify.com/s/files/1/0579/0095/7832/products/image_94b96e8b-0696-4f8e-86dd-44d579003ee1.webp?v=1661618869
gundam,model_kit,Gundam Place Store,retailer,us,PG Strike Freedom Gundam,325.99,,,USD,New,https://gundamplacestore.com/products/1-60-pg-strike-freedom-gundam?q=gundam,https://cdn.shopify.com/s/files/1/0579/0095/7832/products/img_0781.jpg?v=1650977807
gundam,model_kit,Gundam Place Store,retailer,us,MG Full Armor Unicorn Gundam Ver.KA,102.99,,,USD,New,https://gundamplacestore.com/products/1-100-mg-full-armor-unicorn-gundam-ver-ka?q=gundam,https://cdn.shopify.com/s/files/1/0579/0095/7832/products/mg-rx-0-full-armor-unicorn-gundam-ver-ka-00-1.jpg?v=1650977767
gundam,model_kit,Gundam Place Store,retailer,us,HGUC #265 Gundam Alyzeus,156.99,,,USD,New,https://gundamplacestore.com/products/hguc-265-gundam-alyzeus?q=gundam,https://cdn.shopify.com/s/files/1/0579/0095/7832/files/D6400AEE-8376-4512-8848-AA98B19A03AA.webp?v=1777078985
gundam,model_kit,Gundam Place Store,retailer,us,MG Gundam Deathscythe EW,43.99,,,USD,New,https://gundamplacestore.com/products/1-100-mg-gundam-deathscythe-ew?q=gundam,https://cdn.shopify.com/s/files/1/0579/0095/7832/products/36f81567af8ac22d1251073026b69630.jpg?v=1650977799
gundam,model_kit,Gundam Place Store,retailer,us,HGTWFM #26 Gundam Calibarn,23.99,,,USD,New,https://gundamplacestore.com/products/hgtwfm-gundam-calibarn?q=gundam,https://cdn.shopify.com/s/files/1/0579/0095/7832/files/image_13f194f6-3124-4f87-bd11-5959309f29a2.webp?v=1688434879
gundam,model_kit,Gundam Place Store,retailer,us,MG RX-78-2 Gundam Ver.3.0,60.99,,,USD,New,https://gundamplacestore.com/products/mg-rx-78-2-gundam-ver-3-0?q=gundam,https://cdn.shopify.com/s/files/1/0579/0095/7832/files/70061616-1FEE-41A4-A52B-D790F182DCCA.webp?v=1787493457
gundam,model_kit,Gundam Place Store,retailer,us,HGTWFM #01 GUNDAM LFRITH,21.99,,,USD,New,https://gundamplacestore.com/products/hg-01-gundam-lfrith?q=gundam,https://cdn.shopify.com/s/files/1/0579/0095/7832/products/image_9de687fc-ce67-42a6-878c-3cacecf4d545.webp?v=1664941415
gundam,model_kit,Gundam Place Store,retailer,us,Full Mechanics 1/100 Gundam Aerial,53.99,,,USD,New,https://gundamplacestore.com/products/the-witch-from-mercury-full-mechanics-1-100-gundam-aerial?q=gundam,https://cdn.shopify.com/s/files/1/0579/0095/7832/files/image_6cd03fce-e33f-4da3-9588-1f14621572ef.webp?v=1683850376
gundam,model_kit,Gundam Place Store,retailer,us,MG Freedom Gundam Ver 2.0,60.99,,,USD,New,https://gundamplacestore.com/products/mg-1-100-freedom-gundam-ver-2-0?q=gundam,https://cdn.shopify.com/s/files/1/0579/0095/7832/products/bann04883_5.jpg?v=1650977922
gundam,model_kit,Gundam Place Store,retailer,us,RG #19 Gundam Astray Red Frame,33.99,,,USD,New,https://gundamplacestore.com/products/1-144-rg-gundam-astray-red-frame?q=gundam,https://cdn.shopify.com/s/files/1/0579/0095/7832/products/rg-mbf-p02-gundam-astray-red-frame-05_clipped_rev_1_1024x1024_b534a870-fdba-47ea-93c2-23ccfb043ec8.png?v=1650977641
gundam,model_kit,Gundam Place Store,retailer,us,HGTWFM #25 Gundam Schwarzette,24.99,,,USD,New,https://gundamplacestore.com/products/hgtwfm-25-gundam-schwarzette?q=gundam,https://cdn.shopify.com/s/files/1/0579/0095/7832/files/image_824707a6-ab0c-42ff-8472-ac6193556436.webp?v=1690987188
gundam,model_kit,Gundam Place Store,retailer,us,"MG God Gundam ""G Gundam"" (BURNING GUNDAM)",33.99,,,USD,New,https://gundamplacestore.com/products/1-100-mg-god-gundam?q=gundam,https://cdn.shopify.com/s/files/1/0579/0095/7832/products/1ban906042_1.jpg?v=1650977933
gundam,model_kit,Gundam Place Store,retailer,us,Entry Grade #15 Wing Gundam Model Kit,11.99,,,USD,New,https://gundamplacestore.com/products/copy-entry-grade-14-strike-rouge-model-kit?q=gundam,https://cdn.shopify.com/s/files/1/0579/0095/7832/files/034BCC0A-009C-41AB-965E-1E7B118913A9.webp?v=1765262389
gundam,model_kit,Gundam Place Store,retailer,us,MG WING GUNDAM Ver. Ka,40.99,,,USD,New,https://gundamplacestore.com/products/mg-wing-gundam-ver-ka?q=gundam,https://cdn.shopify.com/s/files/1/0579/0095/7832/products/1BAN123714-1.jpg?v=1650977963
gundam,model_kit,Gundam Place Store,retailer,us,HG MS-06 ZAKU II + BIG GUN SET (GUNDAM THUNDERBOLT ANIME VER.),50.99,,,USD,New,https://gundamplacestore.com/products/hg-ms-06-zaku-ii-big-gun-set-gundam-thunderbolt-anime-ver?q=gundam,https://cdn.shopify.com/s/files/1/0579/0095/7832/products/img_5890.jpg?v=1650976661
gundam,model_kit,Gundam Place Store,retailer,us,PG 00 Gundam Seven Sword/G,271.99,,,USD,New,https://gundamplacestore.com/products/1-60-pg-00-gundam-seven-sword-g?q=gundam,https://cdn.shopify.com/s/files/1/0579/0095/7832/files/34E092E1-CD91-4294-AD92-4C484B95365E.png?v=1747190156
gundam,model_kit,Gundam Place Store,retailer,us,RG #42 Shining Gundam,42.99,,,USD,New,https://gundamplacestore.com/products/rg-42-shining-gundam?q=gundam,https://cdn.shopify.com/s/files/1/0579/0095/7832/files/rg-gf13-017nj-shining-gundam-07.webp?v=1753816707
gundam,model_kit,Gundam Place Store,retailer,us,MG XXXG-01W Wing Gundam (TV Ver),54.99,,,USD,New,https://gundamplacestore.com/products/1-100-mg-xxxg-01w-wing-gundam?q=gundam,https://cdn.shopify.com/s/files/1/0579/0095/7832/products/ban962352_1.jpg?v=1650977794
gundam,model_kit,Gundam Place Store,retailer,us,MG Gundam Avalanche Exia,79.99,,,USD,New,https://gundamplacestore.com/products/mg-gundam-avalanche-exia-mobile-suit-gundam-00v-battlefield-record?q=gundam,https://cdn.shopify.com/s/files/1/0579/0095/7832/products/img_2305-1.jpg?v=1650977013
gundam,model_kit,Gundam Place Store,retailer,us,MG Gundam Astray Red Frame Kai,66.99,,,USD,New,https://gundamplacestore.com/products/1-100-mg-mbf-po2kai-gundam-astray-red-frame?q=gundam,https://cdn.shopify.com/s/files/1/0579/0095/7832/products/img_6150.jpg?v=1762156640
gundam,model_kit,Gundam Place Store,retailer,us,RG #14 STRIKE FREEDOM GUNDAM  ZGMF-X20A,43.99,,,USD,New,https://gundamplacestore.com/products/rg-1-144-zgmf-x20a-strike-freedom-gundam?q=gundam,https://cdn.shopify.com/s/files/1/0579/0095/7832/products/ban985139_5-e1606351510713.jpg?v=1650977917
gundam,model_kit,Gundam Place Store,retailer,us,MGSD Freedom Gundam,54.99,,,USD,New,https://gundamplacestore.com/products/mgsd-freedom-gundam?q=gundam,https://cdn.shopify.com/s/files/1/0579/0095/7832/products/image_b9f68f2a-7d97-4fae-ad64-6e48eaab3a9d.webp?v=1677386205
gundam,model_kit,Gundam Place Store,retailer,us,HGAC #242 SHENLONG GUNDAM,19.99,,,USD,New,https://gundamplacestore.com/products/hgac-shenlong-gundam?q=gundam,https://cdn.shopify.com/s/files/1/0579/0095/7832/products/image_aeb060b4-be2f-4257-b83d-1ffaf1847278.webp?v=1662558046
gundam,model_kit,Gundam Place Store,retailer,us,RG #40 RX-78-2 GUNDAM (Ver.2.0),40.99,,,USD,New,https://gundamplacestore.com/products/rg-rx-78-2-gundam-ver-2-0?q=gundam,https://cdn.shopify.com/s/files/1/0579/0095/7832/files/650F4769-9898-4354-A806-23F9F5403650.jpg?v=1762023196
gundam,model_kit,Gundam Place Store,retailer,us,Mega Size 1/48 UNICORN GUNDAM (DESTROY MODE),119.99,,,USD,New,https://gundamplacestore.com/products/mega-size-model-1-48-unicorn-gundam-destroy-mode?q=gundam,https://cdn.shopify.com/s/files/1/0579/0095/7832/products/img_6262.jpg?v=1657272913
gundam,model_kit,Gundam Place Store,retailer,us,MG XXXG-01S Shenlong Gundam (EW ver.),43.99,,,USD,New,https://gundamplacestore.com/products/mg-xxxg-01s-shenlong-gundam-ew-ver?q=gundam,https://cdn.shopify.com/s/files/1/0579/0095/7832/products/img_4094.jpg?v=1650976882
gundam,model_kit,Gundam Place Store,retailer,us,HGTWFM #07 Gundam Pharact,24.99,,,USD,New,https://gundamplacestore.com/products/hgtwfm-07-gundam-pharact?q=gundam,https://cdn.shopify.com/s/files/1/0579/0095/7832/products/image_76e86a1d-738c-4522-aae4-da707cb86194.webp?v=1675318707
gundam,model_kit,Gundam Place Store,retailer,us,RG #25 RX-0 Unicorn Gundam,50.99,,,USD,New,https://gundamplacestore.com/products/1-144-rg-rx-0-unicorn-gundam?q=gundam,https://cdn.shopify.com/s/files/1/0579/0095/7832/products/bann16741_1.jpg?v=1650977219
gundam,model_kit,Gundam Place Store,retailer,us,HGUC #215 AMS-123X Moon Gundam,40.99,,,USD,New,https://gundamplacestore.com/products/1-144-hg-ams-123x-x-moon-gundam?q=gundam,https://cdn.shopify.com/s/files/1/0579/0095/7832/products/153_2813_o_1cmmot4911cn7lnlcu11v4ehan23_480x480_2f07bc8b-f8de-4c64-aef9-51bd54908a0e.jpg?v=1650977536
gundam,model_kit,Gundam Place Store,retailer,us,MG Gundam Barbatos,60.99,,,USD,New,https://gundamplacestore.com/products/1-100-mg-gundam-barbatos?q=gundam,https://cdn.shopify.com/s/files/1/0579/0095/7832/products/eedda8c4-a8d5-48b8-92e6-74cf1bf541f1_900x900-1.jpg?v=1650977242
gundam,model_kit,Gundam Place Store,retailer,us,MG Gundam Sandrock EW,44.99,,,USD,New,https://gundamplacestore.com/products/1-100-mg-gundam-sandrock-ew?q=gundam,https://cdn.shopify.com/s/files/1/0579/0095/7832/products/mg-xxxg-01sr-gundam-sandrock-ew-ver-04_1024x1024_921e48c9-25d3-4170-9dd3-312b756412b6.jpg?v=1650977814
gundam,model_kit,USA Gundam Store,retailer,us,MGEX 1/100 Mighty Strike Freedom Gundam,279.99,,,USD,New,https://www.usagundamstore.com/products/mgex-1-100-mighty-strike-freedom-gundam,https://cdn.shopify.com/s/files/1/0727/8355/files/2857431_MGEX1_100MIGHTYSTRIKEFREEDOMGUNDAM_2_0cca434c-7159-403b-ac27-ad79a3aa5de7_600x600.jpg?v=1788879515
gundam,model_kit,USA Gundam Store,retailer,us,Shenma Model 1/100 Blue Knight Rising Freedom Gundam,74.99,,,USD,New,https://www.usagundamstore.com/products/shenma-model-1-100-blue-knight-rising-freedom-gundam,https://cdn.shopify.com/s/files/1/0727/8355/files/download-2026-06-21T105325.102_600x600.png?v=1782053975
gundam,model_kit,USA Gundam Store,retailer,us,HGGQ 1/144 #12 White Gundam,19.59,,,USD,New,https://www.usagundamstore.com/products/hggq-1-144-white-gundam,https://cdn.shopify.com/s/files/1/0727/8355/files/lSFTOLe2QJTj2oPN_60ef9324-9c3d-486c-b94f-eec04790a238_600x600.jpg?v=1764614567
gundam,model_kit,USA Gundam Store,retailer,us,PG Unleashed 1/60 Nu Gundam,689.99,,,USD,New,https://www.usagundamstore.com/products/pg-unleashed-1-60-gundam,https://cdn.shopify.com/s/files/1/0727/8355/files/a459c8ea-02ed-4cec-9510-3a6b7ee53e9d_600x600.webp?v=1762288461
gundam,model_kit,USA Gundam Store,retailer,us,RG 1/144 #37 Burning Gundam,49.99,,,USD,New,https://www.usagundamstore.com/products/rg-1-144-37-god-gundam,https://cdn.shopify.com/s/files/1/0727/8355/products/153_5028_o_1g9u42c8e1fmriirah01nsnavb23_600x600.jpg?v=1762275873
gundam,model_kit,USA Gundam Store,retailer,us,RG 1/144 #25 Unicorn Gundam,50.99,,,USD,New,https://www.usagundamstore.com/products/rg-1-144-25-unicorn-gundam,https://cdn.shopify.com/s/files/1/0727/8355/products/cf69efea-a2c0-4aa6-9072-ae289fca2872_600x600.jpg?v=1762200507
gundam,model_kit,USA Gundam Store,retailer,us,MGSD Freedom Gundam,54.99,,,USD,New,https://www.usagundamstore.com/products/mgsd-freedom-gundam,https://cdn.shopify.com/s/files/1/0727/8355/products/153_5206_o_1gmsp1pajm3a1q3910q21o8j3h323_042b642f-3d0f-4380-84e2-53e14c148ab6_600x600.jpg?v=1762278822
gundam,model_kit,USA Gundam Store,retailer,us,HGAC 1/144 #242 Shenlong Gundam,19.99,,,USD,New,https://www.usagundamstore.com/products/hgac-1-144-242-shenlong-gundam,https://cdn.shopify.com/s/files/1/0727/8355/products/157_5100_o_1gc66sdt71hjojunjsk1c4dq0h2n_218f688b-e100-44c9-acbf-f9ee653e09ce_600x600.jpg?v=1762276888
gundam,model_kit,USA Gundam Store,retailer,us,Entry Grade 1/144 Wing Gundam,11.99,,,USD,New,https://www.usagundamstore.com/products/entry-grade-1-144-wing-gundam,https://cdn.shopify.com/s/files/1/0727/8355/files/Si0mf8QZMUIHzVNM_dce55302-b2e7-4558-990a-ae8fd06f7a12_600x600.jpg?v=1762288463
gundam,model_kit,USA Gundam Store,retailer,us,MG 1/100 Zeta Gundam (Ver.Ka),86.99,,,USD,New,https://www.usagundamstore.com/products/mg-1-100-zeta-gundam-ver-ka,https://cdn.shopify.com/s/files/1/0727/8355/products/153_5223_o_1gdplns5j1bml2am1js9bd1jqr23_72f71e81-deca-463c-a40f-ce9e74b5f23e_600x600.jpg?v=1762278822
gundam,model_kit,USA Gundam Store,retailer,us,MG 1/100 Full Armor Gundam,67.99,,,USD,New,https://www.usagundamstore.com/products/mg-1-100-full-armor-gundam,https://cdn.shopify.com/s/files/1/0727/8355/products/12_66127af8-5450-4af2-a53b-741a2956cb98_600x600.jpg?v=1762200940
gundam,model_kit,USA Gundam Store,retailer,us,RG 1/144 #30 Full Armor Unicorn Gundam,69.99,,,USD,New,https://www.usagundamstore.com/products/rg-1-144-30-full-armor-unicorn-gundam,https://cdn.shopify.com/s/files/1/0727/8355/products/8c7a02e6-472b-4efb-a677-4aa2f0a31b2c_600x600.jpg?v=1762201996
gundam,model_kit,USA Gundam Store,retailer,us,MG 1/100 RX-78-2 Gundam (Ver. Ka),36.99,,,USD,New,https://www.usagundamstore.com/products/mg-1-100-rx-78-2-gundam-ver-ka,https://cdn.shopify.com/s/files/1/0727/8355/files/153_316_s_84qmj44e77vfrla6eo4jtamghypq_fbde4072-f3b5-49a0-b58a-a821e0745ff5_600x600.jpg?v=1762199200
gundam,model_kit,USA Gundam Store,retailer,us,RG 1/144 #42 Shining Gundam,42.99,,,USD,New,https://www.usagundamstore.com/products/rg-1-144-41-rg-1-144-shining-gundam,https://cdn.shopify.com/s/files/1/0727/8355/files/conuS7erzRJNtRt0_600x600.jpg?v=1762285791
gundam,model_kit,USA Gundam Store,retailer,us,MG 1/100 Freedom Gundam (Ver 2.0),60.99,,,USD,New,https://www.usagundamstore.com/products/mg-1-100-freedom-gundam-ver-2-0,https://cdn.shopify.com/s/files/1/0727/8355/products/3322ad85-8d07-47b5-8a55-fc2df9a9fca8_600x600.jpg?v=1762198719
gundam,model_kit,USA Gundam Store,retailer,us,RG 1/144 #09 Justice Gundam,33.99,,,USD,New,https://www.usagundamstore.com/products/rg-1-144-09-justice-gundam,https://cdn.shopify.com/s/files/1/0727/8355/products/d1f56a41-e423-49c1-a082-4fd058d529fe_600x600.jpg?v=1762198473
gundam,model_kit,USA Gundam Store,retailer,us,Gundam Legend BB370 SD Knight Gundam,13.99,,,USD,New,https://www.usagundamstore.com/products/gundam-legend-bb370-sd-knight-gundam,https://cdn.shopify.com/s/files/1/0727/8355/products/71Z6k9tanKL._SL1500_600x600.jpg?v=1762198875
gundam,model_kit,USA Gundam Store,retailer,us,HGCC 1/144 #177 Turn A Gundam,18.99,,,USD,New,https://www.usagundamstore.com/products/hgcc-1-144-177-turn-a-gundam,https://cdn.shopify.com/s/files/1/0727/8355/products/17a333bd-5baa-4fd6-91da-1f71eca5b896_600x600.jpg?v=1762198867
gundam,model_kit,USA Gundam Store,retailer,us,HGBF 1/144 #07 Sengoku Astray Gundam,24.99,,,USD,New,https://www.usagundamstore.com/products/hgbf-1-144-07-sengoku-astray-gundam,https://cdn.shopify.com/s/files/1/0727/8355/products/29049891-5281-45f5-87e5-942c27941b23_600x600.jpg?v=1762198206
gundam,model_kit,USA Gundam Store,retailer,us,HG00 1/144 #45 0 Gundam (Type A.C.D. Ver.),17.99,,,USD,New,https://www.usagundamstore.com/products/hg00-1-144-45-0-gundam-type-a-c-d-ver,https://cdn.shopify.com/s/files/1/0727/8355/products/0a20ed22-10b1-459c-9c02-367c5526f936_600x600.jpg?v=1762198403
gundam,model_kit,USA Gundam Store,retailer,us,RG 1/144 #11 Destiny Gundam,34.99,,,USD,New,https://www.usagundamstore.com/products/rg-1-144-11-destiny-gundam,https://cdn.shopify.com/s/files/1/0727/8355/products/63627d48-cdf8-467f-9da6-a7850a41b8be-removebg_600x600.png?v=1762198353
gundam,model_kit,USA Gundam Store,retailer,us,HGUC 1/144 #29 Ex-S Gundam,33.99,,,USD,New,https://www.usagundamstore.com/products/hguc-1-144-29-ex-s-gundam,https://cdn.shopify.com/s/files/1/0727/8355/products/9f432bf3-d24b-4ef8-b778-071bbdb89b28_600x600.jpg?v=1762198459
gundam,model_kit,USA Gundam Store,retailer,us,HGUC 1/144 #49 Psycho Gundam,66.99,,,USD,New,https://www.usagundamstore.com/products/hguc-1-144-49-psycho-gundam,https://cdn.shopify.com/s/files/1/0727/8355/products/d04ef748-bb8a-43c5-819b-216d14386bbe_600x600.jpg?v=1762198687
gundam,model_kit,USA Gundam Store,retailer,us,MG 1/100 Justice Gundam,64.99,,,USD,New,https://www.usagundamstore.com/products/pre-order-mg-1-100-justice-gundam,https://cdn.shopify.com/s/files/1/0727/8355/products/38e05623-1982-4bec-a70a-af5cb946aab0-removebg_600x600.png?v=1762199220
gundam,model_kit,USA Gundam Store,retailer,us,Gundam Legend BB375 SD Command Gundam,13.99,,,USD,New,https://www.usagundamstore.com/products/gundam-legend-bb375-sd-command-gundam,https://cdn.shopify.com/s/files/1/0727/8355/products/f242ad04-0815-43ae-887a-54df7678a384_1_600x600.jpg?v=1762201746
gundam,model_kit,USA Gundam Store,retailer,us,RG 1/144 #14 Strike Freedom Gundam,43.99,,,USD,New,https://www.usagundamstore.com/products/rg-1-144-14-strike-freedom-gundam,https://cdn.shopify.com/s/files/1/0727/8355/products/6d6223b5-5757-4915-9e64-b25a1d8b1f0a_600x600.jpg?v=1762198362
gundam,model_kit,USA Gundam Store,retailer,us,RG 1/144 #05 Freedom Gundam,33.99,,,USD,New,https://www.usagundamstore.com/products/rg-1-144-05-freedom-gundam,https://cdn.shopify.com/s/files/1/0727/8355/products/c25337ec-2e5e-4074-8035-56ff544de8c5_600x600.jpg?v=1762198353
gundam,model_kit,USA Gundam Store,retailer,us,SD Gundam EX-Standard 005 RX-0 Unicorn Gundam (Destroy Mode),11.99,,,USD,New,https://www.usagundamstore.com/products/sd-ex-standard-005-rx-0-unicorn-gundam-destroy-mode,https://cdn.shopify.com/s/files/1/0727/8355/products/2daa1ee2-9cf9-4e4d-b7ad-b4a82c7b9d64_600x600.jpg?v=1762198631
gundam,model_kit,USA Gundam Store,retailer,us,MG 1/100 FXA-05D Super Gundam,53.99,,,USD,New,https://www.usagundamstore.com/products/mg-fxa-05d-super-gundam,https://cdn.shopify.com/s/files/1/0727/8355/files/153_2513_s_pq1n0uxo4e20jy05jh1nfsbrinnu_2a1c7f4c-9cf1-4131-95e2-7979694145bb_600x600.jpg?v=1781898860
gundam,model_kit,USA Gundam Store,retailer,us,HGGBM 1/144 #4 Shin Burning Gundam,33.99,,,USD,New,https://www.usagundamstore.com/products/hg-1-144-god-burning-gundam-hg-1-144-shin-burning-gundam,https://cdn.shopify.com/s/files/1/0727/8355/files/153_5882_o_1hehpl5ib11k0b151bng6d91mth23_b9aa685e-e923-4f70-b3fa-a334b2bff9d5_600x600.jpg?v=1762280601
gundam,model_kit,USA Gundam Store,retailer,us,MG 1/100 RX-0 Full Armor Unicorn Gundam (Ver.Ka),102.99,,,USD,New,https://www.usagundamstore.com/products/mg-1-100-rx-0-full-armor-unicorn-gundam-ver-ka,https://cdn.shopify.com/s/files/1/0727/8355/products/690db7cb-9d7e-4ef4-8c5c-e5f2892a1abd_600x600.jpg?v=1762198188
gundam,model_kit,USA Gundam Store,retailer,us,HGBF 1/144 #28 Try Burning Gundam,24.99,,,USD,New,https://www.usagundamstore.com/products/hgbf-1-144-try-burning-gundam,https://cdn.shopify.com/s/files/1/0727/8355/files/153_1254_s_mrzc0hvbbmokr52h08yd9yydbcf4_f8c08580-363d-4bc8-bdf3-94408d4bbe0e_600x600.jpg?v=1762198182
gundam,model_kit,USA Gundam Store,retailer,us,MG PF-78-1 Perfect Gundam,53.99,,,USD,New,https://www.usagundamstore.com/products/mg-pf-78-1-perfect-gundam,https://cdn.shopify.com/s/files/1/0727/8355/products/14231877423_600x600.jpg?v=1762200942
gundam,model_kit,USA Gundam Store,retailer,us,HGFC 1/144 #110 GF13-017NJII Burning Gundam,24.99,,,USD,New,https://www.usagundamstore.com/products/hgfc-1-144-110-gf13-017njii-god-gundam,https://cdn.shopify.com/s/files/1/0727/8355/products/f743d0c8-352f-4c98-a31c-3a8d7641bb0b_600x600.jpg?v=1762198761
gundam,model_kit,USA Gundam Store,retailer,us,HGCE 1/144 #243 Rising Freedom Gundam,27.99,,,USD,New,https://www.usagundamstore.com/products/bandai-hg-1-144-rising-freedom-gundam-tentative-name,https://cdn.shopify.com/s/files/1/0727/8355/files/153_5937_o_1hko23oi9ick14121p69cko18c523_66c8069c-b82a-4e7b-8166-0ad5e7ba91bb_600x600.jpg?v=1762281802
gundam,model_kit,USA Gundam Store,retailer,us,BB295 Blu Duel Gundam,9.99,,,USD,New,https://www.usagundamstore.com/products/bb295-blu-duel-gundam,https://cdn.shopify.com/s/files/1/0727/8355/products/153_2561_s_qvs8pl59548ooq7w02524vh7je3h_600x600.jpg?v=1762278327
gundam,model_kit,USA Gundam Store,retailer,us,MG 1/100 Sword Impulse Gundam,60.99,,,USD,New,https://www.usagundamstore.com/products/mg-1-100-sword-impulse-gundam,https://cdn.shopify.com/s/files/1/0727/8355/products/a4a242e1-e123-4174-8334-9761b6fb26ec_600x600.jpg?v=1762198152
gundam,model_kit,USA Gundam Store,retailer,us,MG 1/100 XXXG-01W Wing Gundam (EW),40.99,,,USD,New,https://www.usagundamstore.com/products/mg-1-100-xxxg-01w-wing-gundam-ew-ver,https://cdn.shopify.com/s/files/1/0727/8355/products/153_2717_s_hv9i5s250pk4lcifesezoei0okqb_8dafe70f-e506-4ac4-9061-39f5a7b2020c_600x600.jpg?v=1762198069
gundam,model_kit,USA Gundam Store,retailer,us,MG 1/100 Wing Gundam (Ver. Ka),40.99,,,USD,New,https://www.usagundamstore.com/products/mg-1-100-wing-gundam-ver-ka,https://cdn.shopify.com/s/files/1/0727/8355/products/34d85331-1fa5-4a8f-a635-c1c056608460_600x600.jpg?v=1762198467
gundam,model_kit,USA Gundam Store,retailer,us,MG 1/100 Wing Gundam (TV),48.99,,,USD,New,https://www.usagundamstore.com/products/mg-wing-gundam,https://cdn.shopify.com/s/files/1/0727/8355/products/0b4a444a-8152-413f-8b9b-f7e57d81134c_600x600.jpg?v=1762198757
gundam,model_kit,USA Gundam Store,retailer,us,MG 1/100 Sengoku Astray Gundam,66.99,,,USD,New,https://www.usagundamstore.com/products/mg-1-100-sengoku-astray-gundam,https://cdn.shopify.com/s/files/1/0727/8355/files/153_1052_s_w14lmnjvb8nyt282jwofqwi93tmz_95193ced-6135-4cd8-8883-9b46d20028aa_600x600.jpg?v=1762198217
gundam,model_kit,USA Gundam Store,retailer,us,MG 1/100 MSN-06S Sinanju Stein Gundam (Ver. Ka),78.99,,,USD,New,https://www.usagundamstore.com/products/mg-1-100-msn-06s-sinanju-stein-gundam-ver-ka,https://cdn.shopify.com/s/files/1/0727/8355/products/7e7b7f83-09ed-4c55-8ab8-ca75d3499cc9_600x600.jpg?v=1762198171
gundam,model_kit,USA Gundam Store,retailer,us,MG 1/100 Force Impulse Gundam,59.99,,,USD,New,https://www.usagundamstore.com/products/bandai-1-100-mg-master-grade-gundam-seed-force-impulse-gundam-model-kit,https://cdn.shopify.com/s/files/1/0727/8355/products/c15ddd30-c95c-41be-ba43-73164f3f7d86_600x600.png?v=1762197955
gundam,model_kit,USA Gundam Store,retailer,us,PG 1/60 Strike Freedom Gundam,325.99,,,USD,New,https://www.usagundamstore.com/products/pg-strike-freedom-gundam,https://cdn.shopify.com/s/files/1/0727/8355/files/153_3859_s_fxnmhl45793pioe82adur92h9t57_fd069600-df9c-43bd-bf9b-985a9c39c2d6_600x600.jpg?v=1762198567
gundam,model_kit,USA Gundam Store,retailer,us,HGBF 1/144 #43 Kamiki Burning Gundam,24.99,,,USD,New,https://www.usagundamstore.com/products/hgbf-1-144-43-kamiki-burning-gundam,https://cdn.shopify.com/s/files/1/0727/8355/products/a0bbd6d2-c38f-4e11-8b1d-15e60b5a1cce_600x600.jpg?v=1762198503
gundam,model_kit,USA Gundam Store,retailer,us,HGCE 1/144 #192 Freedom Gundam (Revive),24.99,,,USD,New,https://www.usagundamstore.com/products/hgce-1-144-192-freedom-gundam-revive,https://cdn.shopify.com/s/files/1/0727/8355/products/6fe87f5f-f578-4035-9f5c-624817f3e4cb_600x600.jpg?v=1762198498
gundam,model_kit,USA Gundam Store,retailer,us,HGUC 1/144 #218 Narrative Gundam (A-Packs),72.99,,,USD,New,https://www.usagundamstore.com/products/hguc-1-144-218-narrative-gundam-a-packs,https://cdn.shopify.com/s/files/1/0727/8355/products/5de6c8f9-aeb4-4b74-a67d-0e98ca5b2650_600x600.jpg?v=1762268519
gundam,model_kit,USA Gundam Store,retailer,us,RG 1/144 #41 ORB-01 Akatsuki Gundam (Oowashi Unit),97.99,,,USD,New,https://www.usagundamstore.com/products/rg-1-144-39-akatsuki-gundam-equipped-with-owashi,https://cdn.shopify.com/s/files/1/0727/8355/files/153_6242_o_1iel62jkqqrf12n11bhp1du911um23_600x600.jpg?v=1762283813
gundam,model_kit,USA Gundam Store,retailer,us,HGCE 1/144 #252 Duel Blitz Gundam,31.99,,,USD,New,https://www.usagundamstore.com/products/hgce-1-144-duel-blitz-gundam,https://cdn.shopify.com/s/files/1/0727/8355/files/153_6088_o_1i2t87iscr9o1hfc1g0b1clomgk23_5952c99d-ed67-4a8c-854e-167681fe2ab4_600x600.jpg?v=1762283274
gundam,model_kit,USA Gundam Store,retailer,us,HGBF 1/144 #40 Lightning Z Gundam,29.99,,,USD,New,https://www.usagundamstore.com/products/hgbf-1-144-040-lightning-z-gundam,https://cdn.shopify.com/s/files/1/0727/8355/products/49e65da3-c64d-4d8b-a9fb-efc11b707b61_600x600.jpg?v=1762198377
gundam,model_kit,USA Gundam Store,retailer,us,HGUC 1/144 #189 V2 Assault Buster Gundam,27.99,,,USD,New,https://www.usagundamstore.com/products/hguc-1-144-189-v2-assault-buster-gundam,https://cdn.shopify.com/s/files/1/0727/8355/products/6e19f32b-8d7a-4720-a27c-9c5f20c06873_600x600.jpg?v=1781892004
gundam,model_kit,USA Gundam Store,retailer,us,SD BB Senshi #227 Super Gundam,10.99,,,USD,New,https://www.usagundamstore.com/products/sd-bb-senshi-227-super-gundam,https://cdn.shopify.com/s/files/1/0727/8355/products/1000075246_1_600x600.jpg?v=1762278795
gundam,model_kit,USA Gundam Store,retailer,us,HGCE 1/144 #201 Strike Freedom Gundam,28.99,,,USD,New,https://www.usagundamstore.com/products/hgce-1-144-201-strike-freedom-gundam,https://cdn.shopify.com/s/files/1/0727/8355/products/1299fbe8-528a-4d69-9ef5-43730019336c_600x600.jpg?v=1762199004
gundam,model_kit,USA Gundam Store,retailer,us,HG00 1/144 #37 Seraphim Gundam,14.99,,,USD,New,https://www.usagundamstore.com/products/hg-1-144-37-seraphim-gundam,https://cdn.shopify.com/s/files/1/0727/8355/files/153_1861_o_1bblush84h2kj7t19v6rhh4f523_8c038bff-c749-40ad-80f3-652ef695ca18_600x600.jpg?v=1762198898
gundam,model_kit,USA Gundam Store,retailer,us,Gundam Legend SD Gundam BB373 Musha Gundam,13.99,,,USD,New,https://www.usagundamstore.com/products/gundam-legend-sd-gundam-bb373-musha-gundam,https://cdn.shopify.com/s/files/1/0727/8355/products/51FaR8FvoYL_600x600.jpg?v=1762201547
gundam,model_kit,USA Gundam Store,retailer,us,RG 1/144 #10 Zeta Gundam,40.99,,,USD,New,https://www.usagundamstore.com/products/rg-1-144-10-zeta-gundam,https://cdn.shopify.com/s/files/1/0727/8355/products/60f98391-69f0-4cf7-957b-9d5caaa98bc0_600x600.jpg?v=1762198231
gundam,model_kit,USA Gundam Store,retailer,us,SDBF #30 Star Winning Gundam,16.99,,,USD,New,https://www.usagundamstore.com/products/sdbf-030-star-winning-gundam,https://cdn.shopify.com/s/files/1/0727/8355/products/153_1261_s_gdvz7xtxb83wqccuwtdzs26kd5az_f52e007f-fa81-4ca8-ac94-ff449fcc7a80_600x600.jpg?v=1762198206
gundam,model_kit,USA Gundam Store,retailer,us,HGCE 1/144 #231 Infinite Justice Gundam,29.99,,,USD,New,https://www.usagundamstore.com/products/hgce-1-144-231-infinite-justice-gundam,https://cdn.shopify.com/s/files/1/0727/8355/products/f2755436-c3e2-4b82-a68c-d5d28f0b0d60_600x600.jpg?v=1762271465
gundam,model_kit,USA Gundam Store,retailer,us,HGUC 1/144 #165 Victory Gundam,16.99,,,USD,New,https://www.usagundamstore.com/products/hguc-1-144-165-v-gundam,https://cdn.shopify.com/s/files/1/0727/8355/products/71UwICJcaOL._SL1431_600x600.jpg?v=1762198158
gundam,model_kit,USA Gundam Store,retailer,us,HGGS 1/144 #41 Strike Noir Gundam,19.99,,,USD,New,https://www.usagundamstore.com/products/hg-1-144-41-strike-noir-gundam,https://cdn.shopify.com/s/files/1/0727/8355/products/s-l500_e3facbd4-b8d7-401f-af2c-ad1900e02b03_600x600.jpg?v=1764881450
gundam,model_kit,USA Gundam Store,retailer,us,HGUC 1/144 #111 ZZ Gundam,30.99,,,USD,New,https://www.usagundamstore.com/products/hguc-1-144-111-zz-gundam,https://cdn.shopify.com/s/files/1/0727/8355/products/7571d159-7d01-45b5-b2fd-b52cec59e60d_600x600.jpg?v=1762198516
gundam,model_kit,USA Gundam Store,retailer,us,MG 1/100 Master Gundam,36.99,,,USD,New,https://www.usagundamstore.com/products/mg-1-100-master-gundam,https://cdn.shopify.com/s/files/1/0727/8355/products/72696561-66aa-4c6c-8c83-70389d015634_600x600.jpg?v=1762199103
gundam,model_kit,USA Gundam Store,retailer,us,HGGQ 1/144 #4 gMS-α Red Gundam,29.99,,,USD,New,https://www.usagundamstore.com/products/hg-1-144-red-gundam,https://cdn.shopify.com/s/files/1/0727/8355/files/OJ4QYP0diK0xnfd5_600x600.jpg?v=1762287186
gundam,model_kit,USA Gundam Store,retailer,us,Gundam Seed Full Mechanics 1/100 Raider Gundam,59.99,,,USD,New,https://www.usagundamstore.com/products/gundam-seed-full-mechanics-1-100-raider-gundam,https://cdn.shopify.com/s/files/1/0727/8355/products/157_5020_s_782i8vqwneersef5ohs0yi0ixw88_627c8467-07fd-4ec3-aeb0-ba4e3da8419f_600x600.jpg?v=1762275871
gundam,model_kit,USA Gundam Store,retailer,us,RG 1/144 #03 Aile Strike Gundam,33.99,,,USD,New,https://www.usagundamstore.com/products/rg-1-144-03-aile-strike-gundam,https://cdn.shopify.com/s/files/1/0727/8355/products/ce206f39-1cc8-4948-bb3e-922dfa010d89-removebg_600x600.png?v=1762198351
gundam,model_kit,USA Gundam Store,retailer,us,HGGS 1/144 #47 Stargazer Gundam,20.99,,,USD,New,https://www.usagundamstore.com/products/hggs-1-144-47-stargazer-gundam,https://cdn.shopify.com/s/files/1/0727/8355/products/31fce9f1-6f6e-4cb7-a50c-de39423d852b_600x600.jpg?v=1759252846
gundam,model_kit,USA Gundam Store,retailer,us,Gundam SD EX-Standard 009 Destiny Gundam,10.99,,,USD,New,https://www.usagundamstore.com/products/pre-order-ex-standard-009-destiny-gundam,https://cdn.shopify.com/s/files/1/0727/8355/products/153_1815_s_i9j370wqbwajkap5s0t303m15h1b_d10ff823-d824-478f-b026-de4f6eb40623_600x600.jpg?v=1762198712
gundam,model_kit,USA Gundam Store,retailer,us,MG 1/100 GAT-X105 Aile Strike Gundam (Ver. RM),55.99,,,USD,New,https://www.usagundamstore.com/products/mg-1-100-gat-x105-aile-strike-gundam-ver-rm-remaster,https://cdn.shopify.com/s/files/1/0727/8355/products/8a890ae4-6f96-4798-9a84-b531440412c4_600x600.jpg?v=1762198064
gundam,model_kit,USA Gundam Store,retailer,us,MG 1/100 Infinite Justice Gundam,66.99,,,USD,New,https://www.usagundamstore.com/products/bandai-1-100-mg-master-grade-infinite-justice-gundam-model-kit-zgmf-x19a-156649,https://cdn.shopify.com/s/files/1/0727/8355/products/8b5af19e-a20f-427b-8a44-918f98ccaa7c_600x600.png?v=1762197958
gundam,model_kit,USA Gundam Store,retailer,us,SD Gundam EX-Standard 006 Strike Freedom Gundam,11.99,,,USD,New,https://www.usagundamstore.com/products/pre-order-ex-standard-006-strike-freedom-gundam,https://cdn.shopify.com/s/files/1/0727/8355/products/153_1560_s_jwq138edmob8cx9od4knlvs4r2n1_2c464441-c29e-441a-9668-de07ca1bcf6c_600x600.jpg?v=1762198627
gundam,model_kit,USA Gundam Store,retailer,us,SD Gundam EX-Standard 002 Aile Strike Gundam,11.99,,,USD,New,https://www.usagundamstore.com/products/sd-gundam-ex-standard-002-aile-strike-gundam,https://cdn.shopify.com/s/files/1/0727/8355/products/Untitled-42_92714faf-dc5a-499e-bebb-cc4ad9e992d8_600x600.jpg?v=1762198618
gundam,model_kit,USA Gundam Store,retailer,us,HGCE 1/144 #226 Destiny Gundam (Heine Westenfluss Custom),29.99,,,USD,New,https://www.usagundamstore.com/products/hgce-1-144-destiny-gundam-heine-westenfluss-custom,https://cdn.shopify.com/s/files/1/0727/8355/files/153_3241_s_z0jd4h0948ax1chwv15782mrgnt0_600x600.jpg?v=1781812371
gundam,model_kit,USA Gundam Store,retailer,us,HGBF 1/144 #058 Star Burning Gundam,20.99,,,USD,New,https://www.usagundamstore.com/products/pre-order-hgbf-1-144-star-burning-gundam,https://cdn.shopify.com/s/files/1/0727/8355/files/153_2012_s_7dctg3r543ov0h95g1dsos3erjk0_72ae6d8b-34a9-4f6a-b14c-744e030d639d_600x600.jpg?v=1762200879
gundam,model_kit,USA Gundam Store,retailer,us,PG 1/60 RX-0 Unicorn Gundam (Prototype Full Psycho-Frame),259.99,,,USD,New,https://www.usagundamstore.com/products/pg-1-60-rx-0-unicorn-gundam-prototype-full-psycho-frame,https://cdn.shopify.com/s/files/1/0727/8355/products/a2ccf26b-3429-4fbe-9d87-ba64163ab2cc_600x600.jpg?v=1762198450
gundam,model_kit,USA Gundam Store,retailer,us,HG00 1/144 #43 Arche Gundam,20.99,,,USD,New,https://www.usagundamstore.com/products/hg-1-144-43-arche-gundam,https://cdn.shopify.com/s/files/1/0727/8355/files/153_3660_s_natzoaeq8wyqsm6v37vj8rqgztuq_e0f2df47-d568-41a7-ba02-c9b28ad75905_600x600.jpg?v=1762198402
gundam,model_kit,USA Gundam Store,retailer,us,HGUC 1/144 #35 Super Gundam,27.99,,,USD,New,https://www.usagundamstore.com/products/hguc-1-144-35-super-gundam,https://cdn.shopify.com/s/files/1/0727/8355/products/3bc5dc3f-eba9-4b62-bd5c-07b04546aaa1_600x600.jpg?v=1762198380
gundam,model_kit,USA Gundam Store,retailer,us,SD Gundam Ex-Standard 20 Rising Freedom Gundam,11.99,,,USD,New,https://www.usagundamstore.com/products/sd-gundam-ex-standard-rising-freedom-gundam,https://cdn.shopify.com/s/files/1/0727/8355/files/153_5939_o_1hko1svohkshhd5u7sv111hpu23_8331e32c-77c8-4eb4-b1a1-9c00d6f94ea2_600x600.jpg?v=1762281811
gundam,model_kit,USA Gundam Store,retailer,us,SDW Heroes #36 78th Musha Gundam,21.99,,,USD,New,https://www.usagundamstore.com/products/sdw-heroes-36-musha-gundam-the-78th,https://cdn.shopify.com/s/files/1/0727/8355/files/153_5941_s_wjlu3wh38m25sl856ztvbhoee8ed_8d1f6b20-f231-41cb-ad96-ef981eed743d_600x600.jpg?v=1762281689
gundam,model_kit,USA Gundam Store,retailer,us,SDW Heroes Resurrection #33 Wukong Impulse (Childhood Ver.) &amp; Sanzo Strike Freedom Gundam Set,20.99,,,USD,New,https://www.usagundamstore.com/products/sdw-heroes-33-goku-impulse-gundam-sanzang-strike-freedom-gundam-set,https://cdn.shopify.com/s/files/1/0727/8355/files/153_5864_s_qy2cjfl5elpek0ok2hq770klkywc_7d6ece09-38f9-4602-a67e-70f0db404df0_600x600.jpg?v=1762280946
gundam,other,USA Gundam Store,retailer,us,F66 MG PB Eclipse Gundam with Raisin Striker Decal Sheet,7.99,,,USD,New,https://www.usagundamstore.com/products/f66-mg-pb-eclipse-gundam-with-raisin-striker-decal-sheet,https://cdn.shopify.com/s/files/1/0727/8355/products/06-10-F66MGPBEclipseGundam_RaisinStriker_2_600x600.jpg?v=1762280163
gundam,model_kit,USA Gundam Store,retailer,us,SDW Heroes #27 Zhao Yun 00 Gundam (Command Package Ver.),13.99,,,USD,New,https://www.usagundamstore.com/products/sdw-heroes-27-zhao-yun-00-gundam-command-package-ver,https://cdn.shopify.com/s/files/1/0727/8355/products/153_5101_o_1gd2jaihhdum1coiecf1ahd7ko23_12ec74a5-7dcd-4142-8876-20535f8addb3_600x600.jpg?v=1762276907
gundam,model_kit,USA Gundam Store,retailer,us,SDW Heroes #14 Qiongqi Strike Freedom Gundam,15.99,,,USD,New,https://www.usagundamstore.com/products/sdw-heroes-14-qiongqi-strike-freedom-gundam,https://cdn.shopify.com/s/files/1/0727/8355/products/153_4635_s_h282vyw9ix9nbucz9wbiqdjop5rp_600x600.jpg?v=1762276846
gundam,model_kit,USA Gundam Store,retailer,us,SDW Heroes #21 Knight Strike Gundam,10.99,,,USD,New,https://www.usagundamstore.com/products/sdw-heroes-21-knight-strike-gundam,https://cdn.shopify.com/s/files/1/0727/8355/products/153_4708_o_1g3nuj01ultj1pvr7ef17p1ti123_2f8f61fb-844b-4fca-a3e2-fd11f7e328c2_600x600.jpg?v=1762275427
gundam,model_kit,USA Gundam Store,retailer,us,HGBB 1/144 Blazing Gundam,23.99,,,USD,New,https://www.usagundamstore.com/products/hgbb-1-144-blazing-gundam,https://cdn.shopify.com/s/files/1/0727/8355/products/a20e6a8e-0e27-426e-a11a-983c86429ffc_600x600.jpg?v=1762274530
gundam,model_kit,USA Gundam Store,retailer,us,HGCE 1/144 #198 Force Impulse Gundam,22.99,,,USD,New,https://www.usagundamstore.com/products/hgce-1-144-198-force-impulse-gundam,https://cdn.shopify.com/s/files/1/0727/8355/products/f7676f54-a010-4cf6-b2cc-6e55111bc95e_600x600.jpg?v=1762198775
gundam,model_kit,USA Gundam Store,retailer,us,HGBF 1/144 #20 Lightning Gundam,20.99,,,USD,New,https://www.usagundamstore.com/products/hgbf-1-144-lightning-gundam,https://cdn.shopify.com/s/files/1/0727/8355/files/153_1195_s_9oj4o57w5bpnql730nt8krjctqt3_6e84cfbd-0b67-4c4d-95eb-59ca9ada7d46_600x600.jpg?v=1762198164
gundam,model_kit,USA Gundam Store,retailer,us,SD Gundam BB Senshi #288 Strike Freedom Gundam,9.99,,,USD,New,https://www.usagundamstore.com/products/bb-sd-strike-freedom,https://cdn.shopify.com/s/files/1/0727/8355/products/153_624_s_3dmezpt5auxypnsgi7dl7zoa6wzp_f5604804-c40b-40e9-a372-892c49abe610_600x600.jpg?v=1762198670
gundam,model_kit,USA Gundam Store,retailer,us,HGFC 1/144 #127 Shining Gundam,19.99,,,USD,New,https://www.usagundamstore.com/products/hgfc-127-shining-gundam-1-144,https://cdn.shopify.com/s/files/1/0727/8355/files/94d741a9-a785-45af-bf8e-c65ad918df61_600x600.webp?v=1762198668
gundam,model_kit,USA Gundam Store,retailer,us,MG 1/100 ZGMF-X20A Strike Freedom Gundam,64.99,,,USD,New,https://www.usagundamstore.com/products/mg-100-zgmf-x20a-gundam-strike-freedom,https://cdn.shopify.com/s/files/1/0727/8355/products/52a8d73b-861e-4365-b8eb-e23736dbadb0_600x600.jpg?v=1762198070
gundam,model_kit,USA Gundam Store,retailer,us,MG 1/100 ZGMF-X42S Destiny Gundam,64.99,,,USD,New,https://www.usagundamstore.com/products/bandai-mg-512437-gundam-zgmf-x42s-destiny-gundam-1-100-scale-kit,https://cdn.shopify.com/s/files/1/0727/8355/products/d973fa91-11a8-45b9-96bf-c8ae2272ba6d_600x600.jpg?v=1762197960
gundam,model_kit,USA Gundam Store,retailer,us,MG 1/100 Launcher and Sword Strike Gundam,60.99,,,USD,New,https://www.usagundamstore.com/products/mg-launcher-amp-sword-strike-gundam,https://cdn.shopify.com/s/files/1/0727/8355/files/153_2585_s_x03c6y6obsm8acivojdjjz7fv329_600x600.jpg?v=1762198524
gundam,model_kit,USA Gundam Store,retailer,us,MG 1/100 V-Dash Gundam (Ver.Ka),75.99,,,USD,New,https://www.usagundamstore.com/products/mg-lm312v04-v-dash-gundam-ver-ka,https://cdn.shopify.com/s/files/1/0727/8355/files/1000092377_1_9b3963a3-0c26-4472-8f37-38534426c621_600x600.jpg?v=1765471160
gundam,model_kit,USA Gundam Store,retailer,us,HGUC 1/144 #222 RX-9/C Narrative Gundam (C-Packs),30.99,,,USD,New,https://www.usagundamstore.com/products/hguc-1-144-222-rx-9-c-narrative-gundam-c-packs,https://cdn.shopify.com/s/files/1/0727/8355/products/c1d54d24-9c3d-494b-b2a1-37c062caaa54_600x600.jpg?v=1762268900
gundam,model_kit,USA Gundam Store,retailer,us,Entry Grade 1/144 Strike Gundam (ECOPLA),9.99,,,USD,New,https://www.usagundamstore.com/products/entry-grade-1-144-strike-gundam-ecopla,https://cdn.shopify.com/s/files/1/0727/8355/files/original_16_f8745754-0209-4cf1-8e80-c4eb69fd4916_600x600.webp?v=1788881751
gundam,model_kit,USA Gundam Store,retailer,us,Entry Grade 1/144 RX-78-2 Gundam (ECOPLA),9.99,,,USD,New,https://www.usagundamstore.com/products/entry-grade-1-144-rx-78-2-gundam-ecopla,https://cdn.shopify.com/s/files/1/0727/8355/files/original_15_710feecb-b988-441b-86ae-a684c9601612_600x600.webp?v=1788881617
gundam,model_kit,USA Gundam Store,retailer,us,Gundam Decal 153 RG 1/144 Wing Gundam,8.99,,,USD,New,https://www.usagundamstore.com/products/gundam-decal-153-rg-1-144-wing-gundam,https://cdn.shopify.com/s/files/1/0727/8355/files/banh847334_0_600x600.jpg?v=1788879917
gundam,model_kit,USA Gundam Store,retailer,us,Gundam Decal 150 MGSD Freedom Gundam,8.99,,,USD,New,https://www.usagundamstore.com/products/gundam-decal-150-mgsd-freedom-gundam,https://cdn.shopify.com/s/files/1/0727/8355/files/banh847211_0_600x600.jpg?v=1788877411
gundam,model_kit,USA Gundam Store,retailer,us,SD Gundam Cross Silhouette Tornado Gundam,21.99,,,USD,New,https://www.usagundamstore.com/products/sd-gundam-cross-silhouette-tornado-gundam,https://cdn.shopify.com/s/files/1/0727/8355/files/153_5283_s_t6ivht2zrd9d79xevghajaq6qaxj_b5a635ec-ca94-4f26-bb57-7a300c28b4ad_600x600.jpg?v=1762280555
gundam,model_kit,USA Gundam Store,retailer,us,E44 MG 1/100 V2 / V2AB Victory Gundam (2PC),7.99,,,USD,New,https://www.usagundamstore.com/products/e44-mg-1-100-v2-v2ab-victory-gundam-2pc,https://cdn.shopify.com/s/files/1/0727/8355/products/bf3ba9_0eeef3f3cc1845f7ac22face734752e9_mv2_600x600.jpg?v=1762276025
gundam,model_kit,USA Gundam Store,retailer,us,F39 MG Avalanche Exia Gundam,5.59,,,USD,New,https://www.usagundamstore.com/products/f39-mg-avalanche-exia-gundam,https://cdn.shopify.com/s/files/1/0727/8355/products/bf3ba9_1c416c9ec66742f5a8d1791d85cc9e04_mv2_600x600.jpg?v=1762276013
gundam,model_kit,USA Gundam Store,retailer,us,SDW Heroes #19 Caesar Legend Gundam,10.99,,,USD,New,https://www.usagundamstore.com/products/sdw-heroes-19-caesar-legend-gundam,https://cdn.shopify.com/s/files/1/0727/8355/products/153_4700_s_t1ysrw8j4or1wicdl4wktykyhawt_600x600.jpg?v=1762275428
gundam,model_kit,USA Gundam Store,retailer,us,HGGS 1/144 #44 Blu Duel Gundam,20.99,,,USD,New,https://www.usagundamstore.com/products/hg-1-144-44-blu-duel-gundam,https://cdn.shopify.com/s/files/1/0727/8355/files/e9d2f720-893c-43f7-aeb4-353d9f62c698_800x_b8f0613a-b55b-40f4-aef5-b3e8efe55c1d_600x600.webp?v=1791550720
gundam,model_kit,USA Gundam Store,retailer,us,HGGS 1/144 #26 Abyss Gundam,19.99,,,USD,New,https://www.usagundamstore.com/products/hg-1-144-26-abyss-gundam,https://cdn.shopify.com/s/files/1/0727/8355/files/153_538_s_59bd1n11y6nw9x999kc1sqjiyddk_91399b3c-18fd-495a-8e0f-81fec2235d29_600x600.jpg?v=1762198957
gundam,model_kit,USA Gundam Store,retailer,us,HGGS 1/144 #20 Gaia Gundam,19.99,,,USD,New,https://www.usagundamstore.com/products/hg-1-144-20-gaia-gundam,https://cdn.shopify.com/s/files/1/0727/8355/files/153_512_s_qexf87bhhv9isz4njoqp99524evr_9ea94dcf-24d0-4787-ae25-40a638721b80_600x600.jpg?v=1762198954
gundam,model_kit,USA Gundam Store,retailer,us,HGGS 1/144 #19 Chaos Gundam,19.99,,,USD,New,https://www.usagundamstore.com/products/hg-1-144-19-chaos-gundam,https://cdn.shopify.com/s/files/1/0727/8355/files/153_500_s_uk6okjziuu6f259niy7bf1vmag3q_73e0562f-6703-4505-ae2e-932f5454e78b_600x600.jpg?v=1762198954
gundam,model_kit,USA Gundam Store,retailer,us,"F33 MG 00 Gundam with Raiser, 00R (Redesigned!)",5.99,,,USD,New,https://www.usagundamstore.com/products/f33-mg-00-gundam-with-raiser-00r-redesigned,https://cdn.shopify.com/s/files/1/0727/8355/files/bf3ba9_d02ae53cf90347a09a0b2c4320ad115d_mv2_600x600.jpg?v=1762273479
gundam,model_kit,USA Gundam Store,retailer,us,F31 MG Magnum Gundam,5.99,,,USD,New,https://www.usagundamstore.com/products/f31-mg-magnum-gundam,https://cdn.shopify.com/s/files/1/0727/8355/products/F31MGMagnum_600x600.jpg?v=1762272969
gundam,model_kit,USA Gundam Store,retailer,us,C38 RG HG 1/144 Force Impulse Gundam,4.49,,,USD,New,https://www.usagundamstore.com/products/c38-rg-hg-1-144-force-impulse-gundam,https://cdn.shopify.com/s/files/1/0727/8355/products/06-14-C38RGHGFORCEIMPULSE_2_600x600.jpg?v=1762272306
gundam,model_kit,USA Gundam Store,retailer,us,F26 HiRM GOD GUNDAM,4.99,,,USD,New,https://www.usagundamstore.com/products/f26-hirm-god-gundam,https://cdn.shopify.com/s/files/1/0727/8355/products/god_600x600.jpg?v=1762271441
gundam,model_kit,USA Gundam Store,retailer,us,HGBF 1/144 #34 Transient Gundam,24.99,,,USD,New,https://www.usagundamstore.com/products/hgbf-1-144-034-transient-gundam,https://cdn.shopify.com/s/files/1/0727/8355/products/fc949cb4-2e00-4b71-b5a4-ff614f8e80a6_600x600.jpg?v=1762198111
gundam,model_kit,USA Gundam Store,retailer,us,SD Gundam BB Senshi #395 Nidaime Daishogun Gundam,19.99,,,USD,New,https://www.usagundamstore.com/products/second-generation-imperator-sd-musha-gundam-395-legend-bb,https://cdn.shopify.com/s/files/1/0727/8355/products/153_1187_s_6l6t6vu68s32mhnhhde40z390zbl_a5dd05c3-7112-4c38-88c7-583a33b44f91_600x600.jpg?v=1762198072
gundam,model_kit,USA Gundam Store,retailer,us,HGGS 1/144 #42 Verde Buster Gundam,20.99,,,USD,New,https://www.usagundamstore.com/products/hg-1-144-42-verde-buster-gundam,https://cdn.shopify.com/s/files/1/0727/8355/files/HGGS-Verde-Buster-Gundam-1_clipped_rev_1_800x_71c1aa06-5695-4618-a904-4daf0eca69e0_600x600.webp?v=1791550263
gundam,model_kit,USA Gundam Store,retailer,us,HGBF 1/144 #18 Build Burning Gundam,18.99,,,USD,New,https://www.usagundamstore.com/products/bandai-model-kit-hgbf-1-144-build-burning-gundam-build-fighters-try-from-usa,https://cdn.shopify.com/s/files/1/0727/8355/files/cb9e500b-66e2-4f77-a40d-d798c2c6b7f8_600x600.jpg?v=1762197925
gundam,model_kit,USA Gundam Store,retailer,us,HGGS 1/144 #24 Savior Gundam,19.99,,,USD,New,https://www.usagundamstore.com/products/hg-1-144-24-saviour-gundam,https://cdn.shopify.com/s/files/1/0727/8355/files/153_527_s_z7bwuntxr9a5xhdmavtcqwg5a1jg_cf53692d-4d0e-4a97-97f2-c95c27a6664c_600x600.jpg?v=1762198600
gundam,model_kit,USA Gundam Store,retailer,us,MG 1/100 Burning Gundam,33.99,,,USD,New,https://www.usagundamstore.com/products/mg-1-100-burning-gundam,https://cdn.shopify.com/s/files/1/0727/8355/files/1000075324_1_48895a7c-c457-4c83-8fbe-9bc3fc4c9c65_600x600.jpg?v=1781812739
gundam,model_kit,USA Gundam Store,retailer,us,HGUC 1/144 #93 Nu Gundam (Heavy Weapon System),36.99,,,USD,New,https://www.usagundamstore.com/products/hguc-1-144-93-nu-gundam-heavy-weapon-system,https://cdn.shopify.com/s/files/1/0727/8355/products/c4685acd-272a-422f-a6c7-8ce3ca4a39d6_600x600.jpg?v=1762200706
gundam,model_kit,USA Gundam Store,retailer,us,1/100 #23 Nebula Blitz Gundam,33.99,,,USD,New,https://www.usagundamstore.com/products/1-100-23-nebula-blitz-gundam,https://cdn.shopify.com/s/files/1/0727/8355/files/1-100-Nebula-Blitz-Gundam-3_800x_ee78845c-edf8-4f68-b067-7d580f71fbe7_600x600.webp?v=1791558724
gundam,model_kit,USA Gundam Store,retailer,us,1/100 #22 Vent Saviour Gundam,33.99,,,USD,New,https://www.usagundamstore.com/products/1-100-22-vent-saviour-gundam,https://cdn.shopify.com/s/files/1/0727/8355/files/1-100-Vent-Saviour-Gundam-2_800x_1eb31328-0345-471a-9ff8-7f4e2417463a_600x600.webp?v=1791558580
gundam,model_kit,USA Gundam Store,retailer,us,1/100 #20 Nix Providence Gundam,30.99,,,USD,New,https://www.usagundamstore.com/products/1-100-20-nix-providence-gundam,https://cdn.shopify.com/s/files/1/0727/8355/files/1-100-Nix-Providence-Gundam-2_800x_1109091d-977a-45a0-89ac-f17623ae3e94_600x600.webp?v=1791558454
gundam,model_kit,USA Gundam Store,retailer,us,1/100 #19 Regen Duel Gundam,30.99,,,USD,New,https://www.usagundamstore.com/products/1-100-19-regen-duel-gundam,https://cdn.shopify.com/s/files/1/0727/8355/files/1-100-Regen-Duel-Gundam-5_800x_e2791531-2c68-44af-8fab-ca7bc59c91a3_600x600.webp?v=1791558320
gundam,model_kit,USA Gundam Store,retailer,us,1/100 #18 Hail Buster Gundam,30.99,,,USD,New,https://www.usagundamstore.com/products/1-100-18-hail-buster-gundam,https://cdn.shopify.com/s/files/1/0727/8355/files/1-100-Hail-Buster-Gundam-3_800x_65a9c6a2-5d55-4d56-b6b6-6f20b0acfb76_600x600.webp?v=1791558152
gundam,model_kit,USA Gundam Store,retailer,us,1/100 #17 Gale Strike Gundam,30.99,,,USD,New,https://www.usagundamstore.com/products/1-100-17-gale-strike-gundam,https://cdn.shopify.com/s/files/1/0727/8355/files/1-100-Gale-Strike-Gundam-2_800x_03466d8b-0efe-4270-99f4-acf0c5b41078_600x600.webp?v=1791557986
gundam,model_kit,USA Gundam Store,retailer,us,RG 1/144 #44 RX-79[G] Gundam Ground Type,53.99,,,USD,New,https://www.usagundamstore.com/products/rg-1-144-rx-79g-gundam-ground-type,https://cdn.shopify.com/s/files/1/0727/8355/files/banh847181_0_600x600.jpg?v=1787751501
gundam,model_kit,USA Gundam Store,retailer,us,Explosive Model God Gundam (Metal Build-Style) 1/100 Scale Model Kit,94.99,,,USD,New,https://www.usagundamstore.com/products/god-gundam-explosive-model-metal-build-style-1-100-scale-with-metal-inner-frame,https://cdn.shopify.com/s/files/1/0727/8355/files/7824DA6B-291C-4079-9FB0-4080DBB3599E_600x600.jpg?v=1781643939
gundam,model_kit,USA Gundam Store,retailer,us,HGTWFM 1/144 #26 Gundam Calibarn,23.99,,,USD,New,https://www.usagundamstore.com/products/mobile-suit-gundam-the-witch-from-mercury-new-product-b-tentative,https://cdn.shopify.com/s/files/1/0727/8355/files/153_5527_s_dch0k096rqfilluzrmcul5zht4u7_1570cefb-b204-4870-802b-13e97d57dc5b_600x600.jpg?v=1762280262
gundam,other,USA Gundam Store,retailer,us,GM301 Gundam Marker Black (Pour Type),3.99,,,USD,New,https://www.usagundamstore.com/products/black-pour-type-gundam-marker-gm301p,https://cdn.shopify.com/s/files/1/0727/8355/products/51iaw6gc62L._AC_SL1150__1_29bd7b95-340b-4139-9769-c48fdaf5c86f_600x600.jpg?v=1762272593
gundam,model_kit,USA Gundam Store,retailer,us,HGAW 1/144 #270 Gundam Leopard,28.99,,,USD,New,https://www.usagundamstore.com/products/hg-1-144-gundam-leopard,https://cdn.shopify.com/s/files/1/0727/8355/files/OrK7mWD4YCj3Ysyb_600x600.jpg?v=1785769173
gundam,model_kit,USA Gundam Store,retailer,us,MG 1/100 ASW-G-XX Gundam Vidar,72.99,,,USD,New,https://www.usagundamstore.com/products/mg-1-100-asw-g-xx-gundam-vidar,https://cdn.shopify.com/s/files/1/0727/8355/files/153_6312_s_rvilif532m0xhisnf9sccodwstnt_8201eaf8-f10e-418d-ba86-ed5311b34909_600x600.jpg?v=1756306929
gundam,model_kit,USA Gundam Store,retailer,us,HGIBO 1/144 #008 Gundam Gusion,16.99,,,USD,New,https://www.usagundamstore.com/products/hg-ibo-1-144-08-gundam-gusion,https://cdn.shopify.com/s/files/1/0727/8355/products/5e35ff2c-d67b-4252-9bca-6e7b476642d2_600x600.jpg?v=1762198575
gundam,model_kit,USA Gundam Store,retailer,us,MG 1/100 Gundam Barbatos Lupus,83.99,,,USD,New,https://www.usagundamstore.com/products/mg-1-100-gundam-barbatos-lupus,https://cdn.shopify.com/s/files/1/0727/8355/files/ZnclMZfgWJyMn2Pg_f6331e6e-c64f-4b0b-a8ba-8fbee8699f47_600x600.jpg?v=1763476582
gundam,model_kit,USA Gundam Store,retailer,us,HGTWFM 1/144 #03 Gundam Aerial,17.99,,,USD,New,https://www.usagundamstore.com/products/hgtwfm-1-144-03-gundam-aerial,https://cdn.shopify.com/s/files/1/0727/8355/products/189_5174_s_p0k6t0dftb22biju3b0wfu8ra8sw_060a394f-fbff-4a9a-9570-5ba95c69e3ac_600x600.jpg?v=1762278269
gundam,model_kit,USA Gundam Store,retailer,us,MGSD Gundam Barbatos Model Kit,54.99,,,USD,New,https://www.usagundamstore.com/products/mgsd-gundam-barbatos,https://cdn.shopify.com/s/files/1/0727/8355/files/153_5863_o_1hckgk9vf3cb14v2mgh1m091utm23_37c6a1c9-2479-49b8-b744-641a900e72c4_600x600.jpg?v=1762280928
gundam,model_kit,USA Gundam Store,retailer,us,MG 1/100 ASW-G-08 Gundam Barbatos,60.99,,,USD,New,https://www.usagundamstore.com/products/mg-1-100-asw-g-08-gundam-barbatos,https://cdn.shopify.com/s/files/1/0727/8355/products/a2e9c4f9-0edd-4a06-987b-9b179fbe8e54_600x600.jpg?v=1762270682
gundam,other,USA Gundam Store,retailer,us,GM02 Gray Fine Point Gundam Marker,3.39,,,USD,New,https://www.usagundamstore.com/products/gsi-creos-gray-fine-point-gundam-marker,https://cdn.shopify.com/s/files/1/0727/8355/products/greyp_600x600.jpg?v=1762272578
gundam,model_kit,USA Gundam Store,retailer,us,MG 1/100 Gundam Epyon (EW Ver.),54.99,,,USD,New,https://www.usagundamstore.com/products/mg-1-100-gundam-epyon-ew-ver,https://cdn.shopify.com/s/files/1/0727/8355/products/30195c6d-3844-46e1-a9de-09355e081a25_600x600.jpg?v=1762198152
gundam,model_kit,USA Gundam Store,retailer,us,Black Trojan Horse 1/100 Scale Godzilla Gundam Model Kit,27.29,,,USD,New,https://www.usagundamstore.com/products/black-base-gunzoid-model-kit,https://cdn.shopify.com/s/files/1/0727/8355/files/476622323_642447024962762_4518638286759050142_n_600x600.png?v=1762287074
gundam,model_kit,USA Gundam Store,retailer,us,MG 1/100 Gundam Deathscythe EW,43.99,,,USD,New,https://www.usagundamstore.com/products/mg-1-100-gundam-deathscythe-ew,https://cdn.shopify.com/s/files/1/0727/8355/products/153_2706_s_e5vizy8379hu4yvwaehr6u4v26tp_5e2cf195-1ff0-4550-8727-04709a5aef14_600x600.jpg?v=1762198514
gundam,model_kit,USA Gundam Store,retailer,us,HGTWFM 1/144 #19 Gundam Aerial Rebuild,22.99,,,USD,New,https://www.usagundamstore.com/products/hg-1-144-gundam-aerial-rebuild,https://cdn.shopify.com/s/files/1/0727/8355/products/153_5238_o_1gob4hha23q91daa1rt2v72e3p23_d2d00039-eeb7-4f1b-b201-0c748a53efd9_600x600.jpg?v=1762279507
gundam,other,USA Gundam Store,retailer,us,Gundam Color (Semi-Gloss) Series,3.5,,,USD,New,https://www.usagundamstore.com/products/gundam-color-10ml-semi-gloss-series,https://cdn.shopify.com/s/files/1/0727/8355/products/gundam-color-collection_2_600x600.jpg?v=1762199099
gundam,model_kit,USA Gundam Store,retailer,us,HGTWFM 1/144 #17 Gundam Lfrith UR,24.99,,,USD,New,https://www.usagundamstore.com/products/hgtwfm-1-144-17-gundam-lfrith-ur,https://cdn.shopify.com/s/files/1/0727/8355/products/153_5236_s_h8s552obt3fuq1g5kcg3r663vagw_07acfcc1-2ede-4005-9638-1fbbcd5d7f55_600x600.jpg?v=1762278827
gundam,model_kit,USA Gundam Store,retailer,us,HGAC 1/144 #236 Gundam Heavyarms,19.99,,,USD,New,https://www.usagundamstore.com/products/hgac-1-144-236-gundam-heavyarms,https://cdn.shopify.com/s/files/1/0727/8355/products/6a34a7a2-0954-4c7b-ba1b-52fb0f8e6683_600x600.jpg?v=1762272329
gundam,model_kit,USA Gundam Store,retailer,us,Mobile Suit Gundam The Witch From Mercury MGSD Gundam Aerial Model Kit,50.99,,,USD,New,https://www.usagundamstore.com/products/mgsd-gundam-gundam-aerial,https://cdn.shopify.com/s/files/1/0727/8355/files/uVFEMDqxVHnyutI1_600x600.jpg?v=1762287184
gundam,model_kit,USA Gundam Store,retailer,us,Gundam Assemble Deluxe Set 01,99.99,,,USD,New,https://www.usagundamstore.com/products/gundam-assemble-deluxe-set-01-dx01,https://cdn.shopify.com/s/files/1/0727/8355/files/DX01_1_600x600.png?v=1772630197
gundam,model_kit,USA Gundam Store,retailer,us,RG 1/144 #27 Unicorn Gundam 02 Banshee Norn,53.99,,,USD,New,https://www.usagundamstore.com/products/rg-1-144-27-unicorn-gundam-02-banshee-norn,https://cdn.shopify.com/s/files/1/0727/8355/products/84f27c91-faf2-4d30-b95d-62ced9fb1515_600x600.jpg?v=1762201057
zoid,model_kit,eBay,marketplace,us,Kotobukiya - Zoids - RMZ-008 Command Wolf Irvine Special Model Kit [New Toy],35.59,0.0,False,USD,New,https://www.ebay.com/itm/307209346248?_skw=zoids&hash=item47871a9cc8:g:E2wAAeSw0-xqvsn7,https://i.ebayimg.com/images/g/E2wAAeSw0-xqvsn7/s-l225.jpg
zoid,model_kit,eBay,marketplace,us,Zoids HMM 030 RZ-041 Liger Zero Jager Marking Plus 1/72 model kit Kotobukiya,99.99,0.0,False,USD,New,https://www.ebay.com/itm/389472469442?_skw=zoids&hash=item5aae5e41c2:g:cXEAAeSwek1pYKfF,https://i.ebayimg.com/images/g/cXEAAeSwek1pYKfF/s-l225.jpg
zoid,model_kit,eBay,marketplace,us,Open Box Zoids HEL DIGUNNER Model Kit #EZ-011 - ASSTT. 6072/6213 - TOMY 2001,29.97,10.0,False,USD,New,https://www.ebay.com/itm/147626995005?_skw=zoids&hash=item225f412d3d:g:3cwAAeSwI3ppm8P7,https://i.ebayimg.com/images/g/3cwAAeSwI3ppm8P7/s-l225.jpg
zoid,model_kit,eBay,marketplace,us,ZOIDS NEW CENTURY ZERO: COMPLETE SERIES DVD,29.99,0.0,False,USD,Like New,https://www.ebay.com/itm/860029500254?_skw=zoids&hash=itemc83dc0bb5e:g:j4AAAeSwbsZqmgE7,https://i.ebayimg.com/images/g/j4AAAeSwbsZqmgE7/s-l225.jpg
zoid,model_kit,eBay,marketplace,us,Zoids Chaotic Century Anime Complete Series Episodes 1-67  English Audio,30.0,0.0,False,USD,,https://www.ebay.com/itm/285540768769?_skw=zoids&hash=item427b8e5c01:g:0JEAAeSwl-1qU~06,https://i.ebayimg.com/images/g/0JEAAeSwl-1qU~06/s-l225.jpg
zoid,other,eBay,marketplace,us,New ~ Zoids Battle Champions Lot of 6 Mini Figures  Hasbro Sealed 2001 Set,89.99,0.0,False,USD,New,https://www.ebay.com/itm/237114883696?_skw=zoids&hash=item373525fe70:g:2LgAAeSwGeBqx9R8,https://i.ebayimg.com/images/g/2LgAAeSwGeBqx9R8/s-l225.jpg
zoid,model_kit,eBay,marketplace,us,Zoids New Century Zero Anime Complete Series Episodes 1-26 English Audio,24.99,0.0,False,USD,,https://www.ebay.com/itm/353627421983?_skw=zoids&hash=item5255d63d1f:g:OvYAAOSwRqhkChL0,https://i.ebayimg.com/images/g/OvYAAOSwRqhkChL0/s-l225.jpg
zoid,other,eBay,marketplace,us,1980'S LOT OF 3 TOMY ZOIDS FIGURES (PARTS),26.99,,True,USD,Used,https://www.ebay.com/itm/336833749972?_skw=zoids&hash=item4e6cdb23d4:g:cikAAeSwI-dqxlG7,https://i.ebayimg.com/images/g/cikAAeSwI-dqxlG7/s-l225.jpg
zoid,model_kit,eBay,marketplace,us,Zoids RZ-041 Liger Zero Schneider Marking Plus Ver. Model Kit Kotobukiya,119.95,9.95,False,USD,New,https://www.ebay.com/itm/177802010074?_skw=zoids&hash=item2965d35dda:g:TEIAAeSwPY9qC1~c,https://i.ebayimg.com/images/g/TEIAAeSwPY9qC1~c/s-l225.jpg
zoid,other,eBay,marketplace,international,In Stock BT Black Knight ZOIDS White Liger Zero Assembly Model,71.74,0.0,False,USD,New,https://www.ebay.com/itm/406986155883?_skw=zoids&hash=item5ec243e76b:g:sj0AAOSwe~JmqfGZ,https://i.ebayimg.com/images/g/sj0AAOSwe~JmqfGZ/s-l225.jpg
zoid,other,eBay,marketplace,us,Takara Tomy ZOIDS AZ-03EX Murasame Liger Lion Type Original Color 1/72 Model Kit,113.95,0.0,False,USD,New,https://www.ebay.com/itm/147562145363?_skw=zoids&hash=item225b63a653:g:2gsAAeSwovlqyITR,https://i.ebayimg.com/images/g/2gsAAeSwovlqyITR/s-l225.jpg
zoid,model_kit,eBay,marketplace,us,Zoids HMM034 RZ-046 Shadow Fox Marking Plus ver. 1/72 model kit Kotobukiya,84.99,0.0,False,USD,New,https://www.ebay.com/itm/147421401092?_skw=zoids&hash=item2253001004:g:EcgAAeSwVplqTGoU,https://i.ebayimg.com/images/g/EcgAAeSwVplqTGoU/s-l225.jpg
zoid,other,eBay,marketplace,us,Takara Tomy Zoids vintage mixed lot as is parts as is,49.99,,False,USD,Used,https://www.ebay.com/itm/168761787927?_skw=zoids&hash=item274afc8617:g:krUAAeSwVIxqwupX,https://i.ebayimg.com/images/g/krUAAeSwVIxqwupX/s-l225.jpg
zoid,model_kit,eBay,marketplace,us,Zoids Chaotic Century Anime Complete Series Episodes 1-67  English Audio,30.0,0.0,False,USD,,https://www.ebay.com/itm/355155867377?_skw=zoids&hash=item52b0f076f1:g:ROUAAeSwc5lqU~3A&amdata=enc%3AAQALAAAA4Of5zIIojhOf%2BkQK%2Bxzjn7lyVlMxcX90ywomoIQsduQlFwqOEUOG3Vc%2FIJj5xZ9e05K3xeBX3Fw9DgdRpv8%2B1mkGLkQx0lTgAl4PUQSVfI9zsdrtrxSXDKx6zqDQHDGVwXrS%2F9s7HpJztg%2BkCTyfN0wD6UCJHyPjenpWtrn3Cn8wjL8ksrAKLmJrt6A8ioJOzx41N3BUynDvG0esSdDZ%2Fl9pBu5OXtlKSi6J%2B%2FYJSLYNxyisd%2BpbuTgZcM6D1LNa1l%2Bx9cJK2xLLC7xUSMBWiK%2F1sVmSIeTAInc1Hyrc7D4l,https://i.ebayimg.com/images/g/ROUAAeSwc5lqU~3A/s-l225.jpg
zoid,other,eBay,marketplace,us,Lot 8 ZOIDS Chaotic Century 1-3 New Century 1 -5  DVDs English Anime 3 Stickers,314.1,,False,USD,Good,https://www.ebay.com/itm/168725630714?_skw=zoids&hash=item2748d4cefa:g:37MAAeSwHn1quD7Y&amdata=enc%3AAQALAAAA4Of5zIIojhOf%2BkQK%2Bxzjn7llvR5tuaNF2Dwlq%2BkYrNK%2Fzklyhp4OmToCfrirV6cKiAelleI984pc3zstkLLba0oY0Lj7M9qgBl8fzsp%2B0pFeoIHDSTTN3cwNJeCBxo3Qu5DVeDUsywY%2FnDDVn5Ghhy7zI0fjOsJrYhWy25XUdrFapWjp2oxn9WV51%2FGd07drX41XAyoPX6TdvYouQJINYgZ6zh%2FSVGBVSDxgkhiUdL92dQLrrHambIstGSpy6uW%2BjjAfdS7Y1%2FMH%2BcOhk7IjokdZygDgSamLSsup7GjAydgA,https://i.ebayimg.com/images/g/37MAAeSwHn1quD7Y/s-l225.jpg
zoid,model_kit,eBay,marketplace,international,ZOIDS RZ-041 White Liger Zero 1:72 Scale Building Blocks Action Model Kit,67.99,0.0,False,USD,New,https://www.ebay.com/itm/158272920092?_skw=zoids&hash=item24d9cd1a1c:g:nZQAAeSwY5JqoK5~&amdata=enc%3AAQALAAAA4Of5zIIojhOf%2BkQK%2Bxzjn7kC6cuojaMGao2KDbO19P6H60xqQMtPPhnrGXv33nJymdP8d4DwjBtsJo0C0SHYDLMnpMP%2BBoERf1YCDSmc5%2FfyZiywWZZkVkKKWAcyLICbDYRYV3geXaMMhZ4vdPyCF%2FEbQKPw7CHUVPlLctWOAeFMmnWx1gbrvXc%2FCDBh4vCTKWA6fU7W82f0xQis6gLLfw9aAexswgCf35qeL8zlpvIGS7AdRdgTJnHnR8NqooIPLrhEQfy98KfyFghJlgd6djwjF77keQEXmVp4XqHaLPK1,https://i.ebayimg.com/images/g/nZQAAeSwY5JqoK5~/s-l225.jpg
zoid,other,eBay,marketplace,us,"Vintage Hasbro & Takara Tomy Zoids Model Kits, Parts, Boxes, & Pieces",349.99,40.0,False,USD,Used,https://www.ebay.com/itm/860017270752?_skw=zoids&hash=itemc83d061fe0:g:ysIAAeSwmcFqxYyc,https://i.ebayimg.com/images/g/ysIAAeSwmcFqxYyc/s-l225.jpg
zoid,model_kit,eBay,marketplace,us,Zoids RMZ-012 Hell Cat Tirol Realize 1:100 Scale Model Kit,39.9,8.0,False,USD,New,https://www.ebay.com/itm/278091443898?_skw=zoids&hash=item40bf8aaeba:g:t20AAeSwonJqMA-4,https://i.ebayimg.com/images/g/t20AAeSwonJqMA-4/s-l225.jpg
zoid,model_kit,eBay,marketplace,us,Zoids New Century Zero Anime Complete Series Episodes 1-26 English Audio,21.99,0.0,False,USD,,https://www.ebay.com/itm/285739804237?_skw=zoids&hash=item42876b664d:g:owMAAeSwzCJqU~6w,https://i.ebayimg.com/images/g/owMAAeSwzCJqU~6w/s-l225.jpg
zoid,other,eBay,marketplace,us,Vintage Tandy  Zoids Mammoth READ DESC,49.0,0.0,False,USD,Used,https://www.ebay.com/itm/278445303456?_skw=zoids&hash=item40d4a226a0:g:d5EAAeSw5OBqx8gz,https://i.ebayimg.com/images/g/d5EAAeSw5OBqx8gz/s-l225.jpg
zoid,model_kit,eBay,marketplace,us,"ZOIDS LIGER ZERO 1/72 Scale Full Action Plastic Kit 022 NEW, #709",115.0,6.6,False,USD,New,https://www.ebay.com/itm/298679713867?_skw=zoids&hash=item458ab2c04b:g:XTgAAeSw6wNqmbuF,https://i.ebayimg.com/images/g/XTgAAeSw6wNqmbuF/s-l225.jpg
zoid,other,eBay,marketplace,us,"2002 Hasbro Tomy Zoids 5"" Action Figure Lot of 4 - Liger Zero, Zaber Fang, Loose",39.69,,False,USD,Used,https://www.ebay.com/itm/940000567085?_skw=zoids&hash=itemdadc665f2d:g:sGwAAeSwWl9qyMeh,https://i.ebayimg.com/images/g/sGwAAeSwWl9qyMeh/s-l225.jpg
zoid,model_kit,eBay,marketplace,us,Kotobukiya Zoids RZ-041 Liger Zero Panzer Marking Plus Ver. 1/72 Scale Model Kit,129.95,0.0,False,USD,New,https://www.ebay.com/itm/147544807639?_skw=zoids&hash=item225a5b18d7:g:QsgAAeSwPQVqybBH,https://i.ebayimg.com/images/g/QsgAAeSwPQVqybBH/s-l225.jpg
zoid,model_kit,eBay,marketplace,us,Kotobukiya - Zoids - RMZ-006 Saber Tiger Schwarz Special [New Toy],44.49,0.0,False,USD,New,https://www.ebay.com/itm/307209272250?_skw=zoids&hash=item4787197bba:g:gK8AAeSw5XZqvrih,https://i.ebayimg.com/images/g/gK8AAeSw5XZqvrih/s-l225.jpg
zoid,other,eBay,marketplace,us,Vintage Zoids Mammoth Kit Radio Shack Robo Strux Parts Lot w/ Original Box,29.99,10.5,False,USD,Used,https://www.ebay.com/itm/318943188144?_skw=zoids&hash=item4a427ed4b0:g:jBUAAeSwG3Jqvoek,https://i.ebayimg.com/images/g/jBUAAeSwG3Jqvoek/s-l225.jpg
zoid,model_kit,eBay,marketplace,us,Zoids HMM 026 RZ-041 Liger Zero Schneider Marking Plus 1/72 model kit Kotobukiya,119.99,0.0,False,USD,New,https://www.ebay.com/itm/800765793479?_skw=zoids&hash=itemba715c54c7:g:n5MAAeSwYPtpYKih,https://i.ebayimg.com/images/g/n5MAAeSwYPtpYKih/s-l225.jpg
zoid,other,eBay,marketplace,us,Huge zoids collection new and vintage,1500.0,,True,USD,Used,https://www.ebay.com/itm/227559171667?_skw=zoids&hash=item34fb956653:g:iIsAAeSwPhtquyth,https://i.ebayimg.com/images/g/iIsAAeSwPhtquyth/s-l225.jpg
zoid,other,eBay,marketplace,us,2001 Zoids #031 Dibison Motorized Hasbro 1:72 - Original Box And Manual Only,29.99,,False,USD,Used,https://www.ebay.com/itm/307221453101?_skw=zoids&hash=item4787d3592d:g:6YIAAeSwmL1qvrTX,https://i.ebayimg.com/images/g/6YIAAeSwmL1qvrTX/s-l225.jpg
zoid,model_kit,eBay,marketplace,us,NEW ZOIDS HMM 1/72 SCALE GENO BREAKER PLASTIC MODEL KIT,150.0,0.0,False,USD,,https://www.ebay.com/itm/158243555600?_skw=zoids&hash=item24d80d0910:g:TakAAeSw-MtqlcY1&amdata=enc%3AAQALAAAA4Of5zIIojhOf%2BkQK%2Bxzjn7k4e4JqgcKf62KJWkI00ZxPMZayPhPj1rP9vzWEZ5XzPweUNTisPDowMSsXrlNEVS08sjkoycA4NYUk0Uaa8dmlAV6VlD0Xb9vJsg0LwNVGHopYnYE2If%2BaXKbgxqT8pZ0WOZ%2BzSL5qhNEIdO3IlzC36kEiKIK8Sdm0kTacDjA0DUJvaOQKJKExaefw2rP%2BZyhnV2qzwxnDnsh8xtEFRbStgdiPXSEN08SlV%2BnQFTZyPL2%2FvdYeKw5J092e4QQuAIaGOxWWfxjyea%2BUT%2FGHLZRW,https://i.ebayimg.com/images/g/TakAAeSw-MtqlcY1/s-l225.jpg
zoid,other,eBay,marketplace,us,Zoids HMM 006 EZ-016 Saber Tiger - US Seller,155.0,0.0,False,USD,Used,https://www.ebay.com/itm/326929750484?_skw=zoids&hash=item4c1e8819d4:g:PTQAAeSw4NBpTzN~&amdata=enc%3AAQALAAAA4Of5zIIojhOf%2BkQK%2Bxzjn7mJENX8lLJh4wFadLBGPlZivo6uq1Fmnec7Ud462VrGOaBx5R73NH3oSOhDHBc5dpI7RREIzbE50DlFFkrZv2D51g%2Bqwj17N8nkzy15v%2BAndpADMuQxwv8wrbBB1h36tNzemCzPv6V3Opf7NZZMPGuPD4mzkzX598Ul1CzcLX1TU5sGMzNzlU0vEDmb%2BvmrfbXYNPZTqtOEby%2FBAVAxFiO3Z4wowIdp0Chm3KVe%2FcVd%2FG04atG3e1%2BJdGetMEZuojdH2%2Bg47hnWSxKOaA517wEA,https://i.ebayimg.com/images/g/PTQAAeSw4NBpTzN~/s-l225.jpg
zoid,model_kit,eBay,marketplace,us,Zoids New Century Zero Anime Complete Series Episodes 1-26 English Audio,21.99,0.0,False,USD,,https://www.ebay.com/itm/355503696675?_skw=zoids&hash=item52c5abeb23:g:SwMAAeSwc5lqU~7m&amdata=enc%3AAQALAAAA4Of5zIIojhOf%2BkQK%2Bxzjn7kYr%2B2Fc%2F%2BKhaL4I3B5dnW88SEbA9tMzhVXP4a7RNB%2FcYusF3KU7RROzEnt%2Bq%2Bb2N4MB52bl8qx%2F8NkprOsNA6B0fg25yCzc3AkdNoQU2NEQiw88UP1I7HuGMBVtAsN9i37u9HBqdQ%2FAA4CMxzf9bpP7jkI7XgRWzsIh66WG14oJm5duG2N9aF726Y%2B9teR3z31OBNcdY9iq9GXB38FQM%2FmeLIo%2FU1B%2Fs6r38MkIVTE4ZZQ9Edgu64hBqTOWgnNOdaX%2FHKvdrDDbA%2Bfza8McoWv,https://i.ebayimg.com/images/g/SwMAAeSwc5lqU~7m/s-l225.jpg
zoid,other,eBay,marketplace,us,Lot of 11 Zoids Mini Figures 2000’s Battle Champions Tomy - See Description,74.99,9.99,False,USD,Used,https://www.ebay.com/itm/117449089588?_skw=zoids&hash=item1b5882e234:g:YbUAAeSwOApqw-Fj&amdata=enc%3AAQALAAAA4Of5zIIojhOf%2BkQK%2Bxzjn7kxuXhGOpCCejnZl3YmBr%2BFXxV1qrfSlQbjxfwO%2F7OyewNH6J9jRw1CWrFaULaCpQ9wig07ZaDafsdi9IA9jaKJf6TZ%2BgtV33XUiIFb8tFKthHYA43VO5zv%2F17xk%2FnRNAQrG2TVGdAjgo2gZtUNdXN9qLX1KVlnh0KUDRtkUD4OVOPljiqB0jOvAggqJQu%2Fqt1XKfN0rMqnBUMZRkf%2BGqEc%2BTsDJSTLnRTvb0HzIfVLkzBPo%2FF6p8eVZ3J8yA3gPyd5CsUJFJ9xHlk0QdY5gyzE,https://i.ebayimg.com/images/g/YbUAAeSwOApqw-Fj/s-l225.jpg
zoid,model_kit,eBay,marketplace,us,Zoids HMM024 Gun Sniper Leena Special 2001 Re/Color model kit Kotobukiya,99.99,0.0,False,USD,New,https://www.ebay.com/itm/800300872210?_skw=zoids&hash=itemba55a63212:g:jyoAAeSw909qTGyM,https://i.ebayimg.com/images/g/jyoAAeSw909qTGyM/s-l225.jpg
zoid,model_kit,eBay,marketplace,us,Zoids HMM 002 RZ-009 Command Wolf AC&LC Marking Plus 1/72 model kit Kotobukiya,99.99,0.0,False,USD,New,https://www.ebay.com/itm/389472455614?_skw=zoids&hash=item5aae5e0bbe:g:KN0AAeSwWBRpYKYG,https://i.ebayimg.com/images/g/KN0AAeSwWBRpYKYG/s-l225.jpg
zoid,model_kit,eBay,marketplace,international,Zoids Liger Blue Souga Liger Red Hiou Model Kit Set of 2 TOMY Limited Edition,377.0,60.0,False,USD,New,https://www.ebay.com/itm/237104422477?_skw=zoids&hash=item3734865e4d:g:hIoAAeSwXnZqwYIB,https://i.ebayimg.com/images/g/hIoAAeSwXnZqwYIB/s-l225.jpg
zoid,other,eBay,marketplace,international,7pcs Takara Tomy Zoids Mini Liger Collectible Action Figure,53.09,0.0,False,USD,Used,https://www.ebay.com/itm/800185200278?_skw=zoids&hash=itemba4ec12e96:g:BsUAAeSwvD9oh69~,https://i.ebayimg.com/images/g/BsUAAeSwvD9oh69~/s-l225.jpg
zoid,other,eBay,marketplace,us,ZOIDS REALIZE MODEL RMZ-008 COMMAND WOLF (IRVINE SPECIAL) TC93886,64.95,0.0,False,USD,New,https://www.ebay.com/itm/178401670489?_skw=zoids&hash=item2989917559:g:TDMAAeSwYTBqfT5S,https://i.ebayimg.com/images/g/TDMAAeSwYTBqfT5S/s-l225.jpg
zoid,model_kit,eBay,marketplace,us,Zoids HMM 026 Liger Zero Schneider Unit Marking Plus 1/72 model kit Kotobukiya,49.99,0.0,False,USD,New,https://www.ebay.com/itm/389472521592?_skw=zoids&hash=item5aae5f0d78:g:aEkAAeSwxxppYKtQ,https://i.ebayimg.com/images/g/aEkAAeSwxxppYKtQ/s-l225.jpg
zoid,model_kit,eBay,marketplace,us,BT Building Blocks ZOIDS EZ-016 Red Saber Tiger 1:72 Scale,72.99,0.0,False,USD,New,https://www.ebay.com/itm/198650132128?_skw=zoids&hash=item2e407876a0:g:GtQAAeSwfEhqrRuk&amdata=enc%3AAQALAAAA4Of5zIIojhOf%2BkQK%2Bxzjn7mgw7Spijk65g4rXtEohly2ZAeIYtfrEFcCIQbMvmZiD4pmfYiK1gCGf%2FLcdD%2F19peHLy7vMb4a9URYOIrWegAyDI9cjJCthnxBO4w6TD1TEffHQkzfX4XZI41qx%2BnPyJlIhfrDEqwP56IQrmVdZAFtOjtotXrtSl8R0CWnG7aO6EV%2FusO%2FCynVNxPvimO3ZdNphEUNI5EMgv5bc85S7V7VRyW6JqSFJyLS095cZ%2BVxy8PtKyJZ8IOfQm5D8Go0uXc3ln4R%2FxuHAArcsMlOHHPr,https://i.ebayimg.com/images/g/GtQAAeSwfEhqrRuk/s-l225.jpg
zoid,model_kit,eBay,marketplace,us,1/100 Zoids Realize Model RMZ-017 Command Wolf Urban Warfare Special T-Spark,69.99,0.0,False,USD,New,https://www.ebay.com/itm/940002267201?_skw=zoids&hash=itemdadc805041:g:y5UAAeSw045qyZUN&amdata=enc%3AAQALAAAA4Of5zIIojhOf%2BkQK%2Bxzjn7nSqaMfYYvQFYXPp%2FPQFPbakEcEVL%2F5BXLyg%2FrvDQtYrX9zVvcT5ZqnSEpawNSgEQqrBJ2Z2b%2BnjyzqTRX%2Fy%2BlJDb5GwjUpc2sfLDxAnSYBDGM%2BOelKWg86x0lnIV1t3r%2BYxmKBr8pNL3RcVDsfluky2MzZpfMPskZrPqlL34SzJhgrSHgX4Pd4cDkMgg9pK7xLMXRfwRJ35hE%2BqiPLZFbq6Y79VFxi7ol30MRChHoR4u7J4ZXElRYt9eUUx3WGM7eFrmtX7CvsN0eMX9n8aAhu,https://i.ebayimg.com/images/g/y5UAAeSw045qyZUN/s-l225.jpg
zoid,model_kit,eBay,marketplace,us,Kotobukiya 1/72 Zoids HMM RMZ-44 Storm Sworder (Ala Barone Special 2000 Recolor),114.99,0.0,False,USD,New,https://www.ebay.com/itm/820222490024?_skw=zoids&hash=itembef911f5a8:g:xxQAAeSwHutqyZS7,https://i.ebayimg.com/images/g/xxQAAeSwHutqyZS7/s-l225.jpg
zoid,model_kit,eBay,marketplace,international,ZOIDS ~Gun Sniper Wild Weasel HMM RZ-030 (1/72)~ KOTOBUKIYA Model Kit Japan *NEW,59.9,19.9,False,USD,New,https://www.ebay.com/itm/198696546680?_skw=zoids&hash=item2e433cb178:g:mUUAAeSwKLVqxo1e,https://i.ebayimg.com/images/g/mUUAAeSwKLVqxo1e/s-l225.jpg
zoid,model_kit,eBay,marketplace,international,Zoids Figure Kotobukiya ZA Blade Liger AB 1/100 From Japan,198.99,30.0,False,USD,Used,https://www.ebay.com/itm/800779643384?_skw=zoids&hash=itemba722fa9f8:g:NwwAAeSw9wRqylVh,https://i.ebayimg.com/images/g/NwwAAeSw9wRqylVh/s-l225.jpg
zoid,model_kit,eBay,marketplace,us,Zoids HMM 010 RZ-034 Geno Breaker Repackage ver.  1/72 model kit Kotobukiya,139.99,0.0,False,USD,New,https://www.ebay.com/itm/147083317533?_skw=zoids&hash=item223ed9511d:g:IGUAAeSwRI9pYTDx,https://i.ebayimg.com/images/g/IGUAAeSwRI9pYTDx/s-l225.jpg
zoid,other,eBay,marketplace,us,Vintage Tomy 1983 Zoids Giant ZRK Bigasaurus - RARE,64.99,10.0,False,USD,Used,https://www.ebay.com/itm/336798453296?_skw=zoids&hash=item4e6ac08e30:g:ilEAAeSwMqpqrBP9,https://i.ebayimg.com/images/g/ilEAAeSwMqpqrBP9/s-l225.jpg
zoid,other,eBay,marketplace,us,Zoids #031 Dibison Motorized Hasbro 1:72 Scale Model Kit Cannons SEALED Vintage ,139.99,14.99,False,USD,New,https://www.ebay.com/itm/206448441250?_skw=zoids&hash=item30114937a2:g:cQUAAeSwsJZqPb3R,https://i.ebayimg.com/images/g/cQUAAeSwsJZqPb3R/s-l225.jpg
zoid,other,eBay,marketplace,international,Zoids HMM 1/72 RZ-082 Blade Liger AB Leon Specification limited kit From Japan,213.47,28.76,False,USD,Used,https://www.ebay.com/itm/116519208078?_skw=zoids&hash=item1b2116048e:g:0ncAAOSwS65n0-JH,https://i.ebayimg.com/images/g/0ncAAOSwS65n0-JH/s-l225.jpg
zoid,model_kit,eBay,marketplace,us,Zoids HMM 022 Liger Zero Panzer Unit Marking Plus 1/72 model kit Kotobukiya,59.99,0.0,False,USD,New,https://www.ebay.com/itm/389472526638?_skw=zoids&hash=item5aae5f212e:g:yRIAAeSw1q5pYKv-,https://i.ebayimg.com/images/g/yRIAAeSw1q5pYKv-/s-l225.jpg
zoid,model_kit,eBay,marketplace,us,Zoids New Century Zero Anime Complete Series Episodes 1-26 English Audio,24.99,0.0,False,USD,,https://www.ebay.com/itm/394077460701?_skw=zoids&hash=item5bc0d8d8dd:g:f5QAAOSwMzthcX~y&amdata=enc%3AAQALAAAA4Of5zIIojhOf%2BkQK%2Bxzjn7kW9oNRQmm5hhOSVp6kvqAh9E%2FrF%2BdxO0uvtSpWrGkD%2F9cJwenw1yyGDoaXPv9iu4eGRXLvAJHmovriNXmxptTmBXqwTEFLWPdodwvAb3QDHOlimtOLZQNdTD9BQm96EA2oVY2YwS2yuDXAiO2%2FBDdDdG%2B6puxQSBYaUvtaCap8ZVH680vUD9RMhJsPtwb6S8Qe0CaplYaeSQSCzijfEhVPz%2BF4qQMTd1Hdr93HW0YfXBaD5rNe753CfzwH%2B4ACNf0DBbtXbvoOTdkqbq9ARZ8V,https://i.ebayimg.com/images/g/f5QAAOSwMzthcX~y/s-l225.jpg
zoid,model_kit,eBay,marketplace,us,Tomy ZOIDS Infinity Leo Blox Playstation 2 Preorder Bonus 2004 SEALED Lion Type,133.81,0.0,False,USD,New,https://www.ebay.com/itm/146348970392?_skw=zoids&hash=item2213141198:g:vV0AAOSw91NnkyVg&amdata=enc%3AAQALAAAA4Of5zIIojhOf%2BkQK%2Bxzjn7lHKwKSir1MQT20aE4BQ3V82%2FftbP6XK%2F1h6HDRi0DFai7ueIf3niblNHlL7pJT8S54EKzhwZCi9mtlovtBeAA%2FGjtlB%2B0gvw7d6OB4opqfBzsutGQwmcklfnW6J76FpZWbQtahxPvS7ne0OJbkcdJk5fo6C%2BHqG1Q11Xd%2FvZ9grGRrm6ioR1y8Pyy6%2FYxPgL7BVKz6YdzOW377ApnDioxzDY9jUu9RLbD2pFm7lfdMiaRb%2BnsTH22BDRJhwRxJF6%2FY5LK7qaw6j%2Fv%2BBD%2BWKqDx,https://i.ebayimg.com/images/g/vV0AAOSw91NnkyVg/s-l225.jpg
zoid,model_kit,eBay,marketplace,us,1/100 Zoids Realize Model RMZ-017 Command Wolf Urban Warfare Special T-Spark,69.99,0.0,False,USD,New,https://www.ebay.com/itm/940002267201?_skw=zoids&hash=itemdadc805041:g:y5UAAeSw045qyZUN&amdata=enc%3AAQALAAAA4Of5zIIojhOf%2BkQK%2Bxzjn7nSqaMfYYvQFYXPp%2FPQFPbakEcEVL%2F5BXLyg%2FrvDQtYrX9zVvcT5ZqnSEpawNSgEQqrBJ2Z2b%2BnjyzqTRX%2Fy%2BlJDb5GwjUpc2sfLDxAnSYBDGM%2BOelKWg86x0lnIV1t3r9UtwOQNI%2BtnrX3jBM%2F3kONnKdDg5qrWIGr350BfIBz4o2LC7fMwNBm0hxGpeVHnh6xKh4CyLvQPnE3KxNfPPE0L6Plixn4XGRTmWAoKPecfBBEm1px2%2Fj5yP8UXXc%2BJ3NACX5f5WW%2B%2BwJ655BhKslk,https://i.ebayimg.com/images/g/y5UAAeSw045qyZUN/s-l225.jpg
zoid,model_kit,eBay,marketplace,us,BT Building Blocks ZOIDS EZ-016 Red Saber Tiger 1:72 Scale,72.99,0.0,False,USD,New,https://www.ebay.com/itm/198650132128?_skw=zoids&hash=item2e407876a0:g:GtQAAeSwfEhqrRuk&amdata=enc%3AAQALAAAA4Of5zIIojhOf%2BkQK%2Bxzjn7mgw7Spijk65g4rXtEohly2ZAeIYtfrEFcCIQbMvmZiD4pmfYiK1gCGf%2FLcdD%2F19peHLy7vMb4a9URYOIrWegAyDI9cjJCthnxBO4w6TD1TEffHQkzfX4XZI41qx%2BnPyJl4MEmMZ78eEDWCNLS39HQmgbpUJNXVySfcHEgmT4dxeZUEWIltPJvfq1QzW%2FKFq1viwtwSKLehJyEleVZRR8g%2FqSzSiUIQbs7kRWrt1ito%2BeqGz6eDcqh%2B8nZRxrddBXzir8uVcp34MNkDGiCpjrCF,https://i.ebayimg.com/images/g/GtQAAeSwfEhqrRuk/s-l225.jpg
zoid,model_kit,eBay,marketplace,us,Tomy ZOIDS Infinity Leo Blox Playstation 2 Preorder Bonus 2004 SEALED Lion Type,133.81,0.0,False,USD,New,https://www.ebay.com/itm/146348970392?_skw=zoids&hash=item2213141198:g:vV0AAOSw91NnkyVg&amdata=enc%3AAQALAAAA4Of5zIIojhOf%2BkQK%2Bxzjn7lHKwKSir1MQT20aE4BQ3V82%2FftbP6XK%2F1h6HDRi0DFai7ueIf3niblNHlL7pJT8S54EKzhwZCi9mtlovtBeAA%2FGjtlB%2B0gvw7d6OB4opqfBzsutGQwmcklfnW6J76FpZXQtnYy9kRlgF4ieK65c5%2B%2Fd3htlwdjvIz5f9Th90SZhhLq72JgTYG2UenSLZiy9oqppNRTkTUTIadp7CVsmhSDMDTz4lKMTYCMTIJWhkRiBiywfQUMgq%2FylpwIWp4PLcsaeARYwAjGuD9RbROxLC7G,https://i.ebayimg.com/images/g/vV0AAOSw91NnkyVg/s-l225.jpg
zoid,other,eBay,marketplace,international,SEIKO ZOIDS Collaboration Geno Saurer Limited to 300 Pieces Worldwide NEW F/J,599.99,84.0,False,USD,New with box and papers,https://www.ebay.com/itm/377138144358?_skw=zoids&hash=item57cf2f6466:g:PaYAAeSw2DJqjv2y&amdata=enc%3AAQALAAAA4Of5zIIojhOf%2BkQK%2Bxzjn7l5OhlXktWt3YLpVkJeaAW8On0P5K8BLWE6ShRDESx6kukFBSK5xMfx1%2FyKyGkEy9jYYBnZLcnz9mXibrxunrrwD9WuXT%2FCVAPbgqdQDB%2B%2B6R4hG%2F1SkeeZqtlp95Hy4ymsS1brCm2cFM2JRa3Tt%2BJ8T4z1R%2FPC9CuRAMegajTLgjBWkCPRhOuIsyyAYdmLuebiD5oPa6yuN587b%2FTK2Llp4MjHi6R70BO93FpF0pQ%2B46j%2Biu07U7sy2Md0vHu%2FgF%2Bq0o6F06ivj2RyoPJeY4IW,https://i.ebayimg.com/images/g/PaYAAeSw2DJqjv2y/s-l225.jpg
zoid,other,eBay,marketplace,us,6 Zoids Dimetrodon mini figure Toy Lot,39.99,5.58,False,USD,Used,https://www.ebay.com/itm/820067186032?_skw=zoids&hash=itembeefd03570:g:-Z4AAeSwtWFqak4V,https://i.ebayimg.com/images/g/-Z4AAeSwtWFqak4V/s-l225.jpg
zoid,model_kit,eBay,marketplace,us,Kotobukiya Zoids HMM EZ-015 Iron Kong Yeti Highend 1/72 Plastic Model Kit Figure,220.0,0.0,False,USD,New,https://www.ebay.com/itm/407279639300?_skw=zoids&hash=item5ed3c21b04:g:7soAAeSwIXBqyZ72,https://i.ebayimg.com/images/g/7soAAeSwIXBqyZ72/s-l225.jpg
zoid,other,eBay,marketplace,us,Vintage 1981 Tomy Zoids Garius Tyrannazoid Sealed Box #2559 US Release Non-Mint,169.99,,False,USD,New,https://www.ebay.com/itm/407253546355?_skw=zoids&hash=item5ed233f573:g:27IAAeSwMcdqlLLH,https://i.ebayimg.com/images/g/27IAAeSwMcdqlLLH/s-l225.jpg
zoid,model_kit,eBay,marketplace,us,Takara Tomy 1/100 Zoids Realize Model RMZ-008 Command Wolf Irvine Special,59.99,0.0,False,USD,New,https://www.ebay.com/itm/237116907462?_skw=zoids&hash=item373544dfc6:g:WDYAAeSwUyJqyZUH,https://i.ebayimg.com/images/g/WDYAAeSwUyJqyZUH/s-l225.jpg
zoid,other,eBay,marketplace,us,Vintage Hasbro Zoids Geno Breaker #034 W/Box 1:72 Motorized Kit,69.99,12.0,False,USD,Used,https://www.ebay.com/itm/318940157420?_skw=zoids&hash=item4a425095ec:g:iQcAAeSwpEBqvZiR,https://i.ebayimg.com/images/g/iQcAAeSwpEBqvZiR/s-l225.jpg
zoid,other,eBay,marketplace,us,Tomy Starriors Cut-up Wastor Action Figure on Card Vintage Zoids 1984 1985 *NEW*,119.0,,True,USD,New,https://www.ebay.com/itm/189052650077?_skw=zoids&hash=item2c046a825d:g:VUsAAeSwf-1qxUIg,https://i.ebayimg.com/images/g/VUsAAeSwf-1qxUIg/s-l225.jpg
zoid,model_kit,eBay,marketplace,us,1/72 Zoids T-Sparks AZ-10EX Sea Panther (Guylos Specification) Hermit Crab GN240,69.99,0.0,False,USD,New,https://www.ebay.com/itm/237116907466?_skw=zoids&hash=item373544dfca:g:0NYAAeSwqeFqyZTV,https://i.ebayimg.com/images/g/0NYAAeSwqeFqyZTV/s-l225.jpg
zoid,model_kit,eBay,marketplace,international,Zoids OER: Powerzoid Serpent : 95% Complete + Working + Instructions,56.38,,False,USD,Used,https://www.ebay.com/itm/257790248913?_skw=zoids&hash=item3c057f07d1:g:bO0AAeSwjJ1qyMpN,https://i.ebayimg.com/images/g/bO0AAeSwjJ1qyMpN/s-l225.jpg
zoid,model_kit,eBay,marketplace,us,Zoids Realize Model RMZ-006 Saber Tiger (Schwarz Special Ver.) 1/100 Scale Model,59.99,,False,USD,New,https://www.ebay.com/itm/227534970670?_skw=zoids&hash=item34fa241f2e:g:TuAAAeSwkBBqsyNs,https://i.ebayimg.com/images/g/TuAAAeSwkBBqsyNs/s-l225.jpg
zoid,model_kit,eBay,marketplace,us,Zoids Chaotic Century Complete Anime Series Ep 1-67  Audio option in description,34.99,0.0,False,USD,,https://www.ebay.com/itm/395168208416?_skw=zoids&hash=item5c01dc5620:g:HQEAAOSw1BdhcWrD&amdata=enc%3AAQALAAAA4Of5zIIojhOf%2BkQK%2Bxzjn7lcA4fzVSbmIYS53lQgcxn2C49%2BzuFX0hD8sG3dQOmJNaMdROA8WTIRzuyeGHaVj6Zw3OkAtwWkTCntUsin6DnJ9fITUhyXcQZa%2BV6bPp8N6bbgDNcmVxqOkFUq4THUje%2Fuxq2ClSBuIwZ%2BcjXmQxrGE1s9XXRinZw3T3DUGySSV1JSlMSHimr5tTymxdnTEjxCKYgdl8ZfCsQg4frq5ylgyHeorihLpsZiAX2%2F2v7KNn9rKogrKHmM4zuT1RFsOYRWZthGAiy2Okh4cl8n0GCL,https://i.ebayimg.com/images/g/HQEAAOSw1BdhcWrD/s-l225.jpg
zoid,other,eBay,marketplace,us,Zoids Hasbro 1/72 #027 Rev Raptor - New SEALED BOX Vintage 83028,74.99,,False,USD,New,https://www.ebay.com/itm/206448441252?_skw=zoids&hash=item30114937a4:g:3eAAAeSwA8BqPbd1&amdata=enc%3AAQALAAAA4Of5zIIojhOf%2BkQK%2Bxzjn7mv1FNsJ2YXEJzt5bjXlu4SCnXUBTDOh3pYlByl5xE52ZJv7wmGyyxn34HRztSGAB6VBf%2F93BAXxI%2BynzxBe%2FwuUU9IzlRzXuXnaP0y%2F4sYNF8IF%2Fl2s3jvOfNUOfn%2Bvbi0%2FWycDJBhK%2B8apqBuzXjlDlQVpwapuGtdLyJJGXEcZbexTCTilvOlaPdQCsZ7vQMuhMAwiATSD9JC72LoPDgveQoIO1veNLCnS0S%2Fw3Lk6wkejVrNoT%2FrRFszIcft9MiIaHNIavJdDwUGz4JnkRO4,https://i.ebayimg.com/images/g/3eAAAeSwA8BqPbd1/s-l225.jpg
zoid,model_kit,eBay,marketplace,us,Kotobukiya - Zoids - RMZ-006 Saber Tiger Schwarz Special [New Toy],44.49,0.0,False,USD,New,https://www.ebay.com/itm/307209272250?_skw=zoids&hash=item4787197bba:g:gK8AAeSw5XZqvrih&amdata=enc%3AAQALAAAA4Of5zIIojhOf%2BkQK%2Bxzjn7nyNWRYMdwJqkz2uoDNlY4QPt43OkC1gN8KvVM%2Fw2QEH%2Bo%2FLzwO2%2FVRifpkOXzywIg1ibK%2B45Wvw7oRcPakrdXex0GIMgOP87VH71QktAHboMn6UMJLuYU4IBMGFNNoCXbi59Oh0RCbvM4Adjtxqf314QRbLGIioHSmwKnlCoYH1gwcRBfi03gVX9jrSRNcm2NLe24pRHeKVewwQPNjwpskHksllkfwPucXRQhWnzl7%2F9uiVcSBWJ6roDu3hFi6SfV5FtTqzth%2BxesFWzg78YXL,https://i.ebayimg.com/images/g/gK8AAeSw5XZqvrih/s-l225.jpg
zoid,model_kit,eBay,marketplace,us,TOMY ZOIDS Konig Wolf RZ-053 / Wolf / Model Kit / SEALED / MIB,69.99,,False,USD,New,https://www.ebay.com/itm/278427292378?_skw=zoids&hash=item40d38f52da:g:IFEAAeSwUjZqKisl,https://i.ebayimg.com/images/g/IFEAAeSwUjZqKisl/s-l225.jpg
zoid,other,eBay,marketplace,international,Zoids Wild ZW58 Xeno Rex Buster XA Tyrannosaurus Motorized  TAKARA TOMY Japan,140.0,17.26,False,USD,Used,https://www.ebay.com/itm/117458048772?_skw=zoids&hash=item1b590b9704:g:z3QAAeSwKnRqydYb,https://i.ebayimg.com/images/g/z3QAAeSwKnRqydYb/s-l225.jpg
zoid,model_kit,eBay,marketplace,us,Takara Tomy 1/100 Zoids Realize Model RMZ-016 Blade Liger Panzer ZBF T-Spark,92.99,0.0,False,USD,New,https://www.ebay.com/itm/147620434079?_skw=zoids&hash=item225edd109f:g:WnAAAeSw1uFqxC-C,https://i.ebayimg.com/images/g/WnAAAeSw1uFqxC-C/s-l225.jpg
zoid,model_kit,eBay,marketplace,us,Kotobukiya ZOIDS HMM 032 RZ-041 Liger Zero Panzer Original ver 1/72 Model Kit US,120.0,,False,USD,New,https://www.ebay.com/itm/117447224889?_skw=zoids&hash=item1b58666e39:g:xeYAAeSwOoxqwpn8,https://i.ebayimg.com/images/g/xeYAAeSwOoxqwpn8/s-l225.jpg
zoid,other,eBay,marketplace,us,Vintage Hasbro Zoids Z-Builders Leoblaze #001 & Ptera Striker #010 1/72 Scale,29.99,10.0,False,USD,Used,https://www.ebay.com/itm/318940267242?_skw=zoids&hash=item4a425242ea:g:BHcAAeSwgJJqvaEH,https://i.ebayimg.com/images/g/BHcAAeSwgJJqvaEH/s-l225.jpg
zoid,model_kit,eBay,marketplace,us,Zoids 1/72 EZ-054 Liger Zero X HMM Model Kit Kotobukiya NEW,110.0,,False,USD,New,https://www.ebay.com/itm/236725569143?_skw=zoids&hash=item371df18677:g:EPIAAeSwxNtpy1aV,https://i.ebayimg.com/images/g/EPIAAeSwxNtpy1aV/s-l225.jpg
zoid,other,eBay,marketplace,us,Hasbro Tomy 2002 Zoids Lot Of 3 Action Figures Not Complete Pre-owned,22.49,,False,USD,Used,https://www.ebay.com/itm/820060356971?_skw=zoids&hash=itembeef68016b:g:o7wAAeSwFHNqklAb,https://i.ebayimg.com/images/g/o7wAAeSwFHNqklAb/s-l225.jpg
zoid,model_kit,eBay,marketplace,us,Zoids HMM 019 EPZ-003 Great Sabre Marking Plus 1/72 scale model kit Kotobukiya,119.99,0.0,False,USD,New,https://www.ebay.com/itm/366526920247?_skw=zoids&hash=item5556b4f637:g:g3wAAeSwIrpqTGjo,https://i.ebayimg.com/images/g/g3wAAeSwIrpqTGjo/s-l225.jpg
zoid,other,eBay,marketplace,us,"Zoids Liger Zero Jager Blue/Black 6"" Action Figure TOMY Hasbro 2002",12.0,6.0,False,USD,Used,https://www.ebay.com/itm/407241928237?_skw=zoids&hash=item5ed182ae2d:g:pcEAAeSwmIRqtT92,https://i.ebayimg.com/images/g/pcEAAeSwmIRqtT92/s-l225.jpg
zoid,other,eBay,marketplace,us,Y2K Zoids Z-Builders Brachio Zilla #105 1/72 Motorized Model Kit Plug n Blox Toy,42.99,12.0,False,USD,New,https://www.ebay.com/itm/117432956209?_skw=zoids&hash=item1b578cb531:g:naMAAeSwIQhpowso,https://i.ebayimg.com/images/g/naMAAeSwIQhpowso/s-l225.jpg
zoid,model_kit,eBay,marketplace,us,Zoids Genesis Anime Series Japanese Audio with English Subs,29.99,0.0,False,USD,,https://www.ebay.com/itm/353677039532?_skw=zoids&hash=item5258cb57ac:g:QUkAAOSw9ghhQ7e-,https://i.ebayimg.com/images/g/QUkAAOSw9ghhQ7e-/s-l225.jpg
zoid,other,eBay,marketplace,us,"Huge 4+ lb VTG Hasbro Tomy ZOIDS Motorized Parts, Pieces, Broken, Complete?",99.99,12.95,False,USD,Used,https://www.ebay.com/itm/407278763064?_skw=zoids&hash=item5ed3b4bc38:g:u9cAAeSwan9qT-cS,https://i.ebayimg.com/images/g/u9cAAeSwan9qT-cS/s-l225.jpg
zoid,other,eBay,marketplace,international,ZA Model 1/72 BF-02 Berserk Fuhrer Zoids Wild Tyrannosaurus Model Kit Gift,135.54,9.99,False,USD,New,https://www.ebay.com/itm/389786987688?_skw=zoids&hash=item5ac11d6ca8:g:b1EAAeSwLf5pwPc5&amdata=enc%3AAQALAAAA4Of5zIIojhOf%2BkQK%2Bxzjn7m9%2FYBYNiEUrLlwx9HgVeLPER6fpQrGVnKE9M2PL4QcBNenSFRV7%2F80GP%2Fo0z4EoV6v%2FawjhMJeo2UQGhPtepTZhsEuGpDsdMDEHXanlJY112M7%2Fb%2BMVZxMZkXjuRTiKwQfkVpZwZUjttfaaKbrRaOw23WZEtynziQYgtj5gyU5HJUFsu6zNFiiXJkUISkhBSVU4sF03f3TPABg45lruHEamng%2FraGSc7mpiAvOLo24TkChGMeNlxEW4N0JKnfdbjG%2BMr%2FrMDnwT5XUrPX%2BQ6Em,https://i.ebayimg.com/images/g/b1EAAeSwLf5pwPc5/s-l225.jpg
zoid,other,eBay,marketplace,international,Zoids Wild ZW36 Rising Liger Action Figure Gold Red Model Kit Takara ,29.08,8.77,False,USD,New,https://www.ebay.com/itm/267807349503?_skw=zoids&hash=item3e5a8fdaff:g:H1IAAeSwFbNp78jM&amdata=enc%3AAQALAAAA8Of5zIIojhOf%2BkQK%2Bxzjn7kE8UlsJnY0UngP3V5kBgkw2caCNJgSFzUxtrKvY%2F1Tgtg5FLXnqma0GMZfMiQVfCl6k4VTO%2FhV6zga8wZB0Y%2FX4zrz7byyG4wKxXKj3MLTYNMBlK4fpinZ%2Fh5oSv0xOtzEUkL2z9CncrNNV6i5r8kYPnPwtkN3C7R5BwGis1E1aTmofVBybTTasxBxsxgLt7jr37bZbUH0lohsi3YJ7wGysTqh3st4HIn32Avdal0PAPfUI4Qv%2B%2FaPriqQiKn7bzyGOAQ%2Fm6Avky%2Fd7BvVaBWMooYkpRn1TOunRXuBJMGt8A%3D%3D,https://i.ebayimg.com/images/g/H1IAAeSwFbNp78jM/s-l225.jpg
zoid,model_kit,eBay,marketplace,us,Vintage 2006 Tomy Zoids Neo Blox LBZ-03 LB Gojulas MK-II Model Kit Open Box Seal,124.99,0.0,False,USD,New,https://www.ebay.com/itm/377467161068?_skw=zoids&hash=item57e2cbc9ec:g:l1wAAeSwi55qmREj&amdata=enc%3AAQALAAAA8Of5zIIojhOf%2BkQK%2Bxzjn7kJMva6ICdW%2Bl6B3LEvgX%2BASydL5Do121dWg2VNP%2FMKo1qt6IWaHpdxeB72D53Bh%2BiYnyg%2FcgxAylfek5enPWWklo6V%2B9KOVpsC1H517dvV9Zu0MquYxCwq7mAGkp1c8scBoy3Wef9uTGlpDgfgzxheiAXmlhxqQshMQm%2FmYFkbxtmFbAH27Zu8IZGQfF%2F%2BPe1LqeciKFagJa2EuJwRalAqqUhkAA77nJuG8tI00A%2Fw5IG1hYUwsboD1quDo2DsVkqgQq%2FDQnTxI5M18bUuz55ALnMyzzZLE0%2FBMAlX68aRzQ%3D%3D,https://i.ebayimg.com/images/g/l1wAAeSwi55qmREj/s-l225.jpg
zoid,model_kit,eBay,marketplace,us,NEW ZOIDS HMM 1/72 SCALE IRON KONG PK PLASTIC MODEL KIT,250.0,0.0,False,USD,,https://www.ebay.com/itm/158243544061?_skw=zoids&hash=item24d80cdbfd:g:RlwAAeSwja9qlcRn&amdata=enc%3AAQALAAAA4Of5zIIojhOf%2BkQK%2Bxzjn7kjydqeIaduJ06bM9g6bbgGZhKRwMi8ixBxGYtR%2BM10ypu7Amm3NXE4Y0jdetfIuhoWxkeQTpH23qEjd0EFYgQxHNJAesnBIjjvFABs8I8NPlWQoyk9smQWB6U33C%2FZkxhA7ymoyEzRcBdw3R2PiWrrLmr18E8zrTbzih3xQ6hNI4j1mbvoEurHsrsCt5hANCSLrELs2yRhGPws9vYg4MQvSOZcucvgEs816IOynvNPX3DxFydrWTaLVvc8BmK2xpbPawvcZdqEHocWF1mI4kZo,https://i.ebayimg.com/images/g/RlwAAeSwja9qlcRn/s-l225.jpg
zoid,other,eBay,marketplace,us,ZOIDS Command Wolf ZFC-007 Action Figure Tomy 1999 Still Sealed,27.95,,False,USD,New,https://www.ebay.com/itm/277903968166?_skw=zoids&hash=item40b45e07a6:g:evUAAeSw68Fp2U18,https://i.ebayimg.com/images/g/evUAAeSw68Fp2U18/s-l225.jpg
zoid,other,eBay,marketplace,international,Lot of 15 Zoids Mini Figures 2000’s Battle Champions Tomy,79.95,7.99,False,USD,Used,https://www.ebay.com/itm/327306899109?_skw=zoids&hash=item4c3502eea5:g:eiYAAeSwa4FqegZh,https://i.ebayimg.com/images/g/eiYAAeSwa4FqegZh/s-l225.jpg
zoid,model_kit,eBay,marketplace,us,Zoids #038 Elephander Motorized Model Figure w/ Some Parts 1:72 scale,35.0,,False,USD,Used,https://www.ebay.com/itm/198625001900?_skw=zoids&hash=item2e3ef901ac:g:9GgAAeSwywhqnr5-,https://i.ebayimg.com/images/g/9GgAAeSwywhqnr5-/s-l225.jpg
zoid,model_kit,eBay,marketplace,us,Kotobukiya Zoids HMM EZ-049 Sturm Tyrann Berserk Unit Set 1/72 Model Kit Limited,299.99,24.99,False,USD,New,https://www.ebay.com/itm/158365757025?_skw=zoids&hash=item24df55ae61:g:QUcAAeSwNr5qvDvP,https://i.ebayimg.com/images/g/QUcAAeSwNr5qvDvP/s-l225.jpg
zoid,other,eBay,marketplace,us,Vintage Hasbro Tomy Zoids Spino Sapper,14.95,6.55,False,USD,Used,https://www.ebay.com/itm/188188850791?_skw=zoids&hash=item2bd0edfa67:g:fc8AAeSw95tpvbok,https://i.ebayimg.com/images/g/fc8AAeSw95tpvbok/s-l225.jpg
zoid,model_kit,eBay,marketplace,us,Zoids HMM 050 EZ-036 Death Stinger ZS 1/72 model kit Kotobukiya,149.99,0.0,False,USD,New,https://www.ebay.com/itm/364634130757?_skw=zoids&hash=item54e5e34945:g:ubwAAOSwTFZhlJmt,https://i.ebayimg.com/images/g/ubwAAOSwTFZhlJmt/s-l225.jpg
zoid,other,eBay,marketplace,us,Vintage ZOIDS Geno Death Saurer TOMY Soft Vinyl Sofubi Figure Lot,79.99,0.0,False,USD,Used,https://www.ebay.com/itm/900001370483?_skw=zoids&hash=itemd18c431173:g:FrgAAeSwcdBpSTeh&amdata=enc%3AAQALAAAA4Of5zIIojhOf%2BkQK%2Bxzjn7murWWy3ZfdDH2fFbdLx3vRumBPSaUMs4SBYo00ULZqjjoBLfmUI0xJfSnDjGRrsSAZ7FUF7EDOiN1ejQBscJLbM4b495Qt%2FQrZLn8iyzE72%2ByIEAtatWDJwuhLsNrYamHrUy6ItWnH8wDaCsbXRdZkrQyBr4PLS6Pa9ljTkkNshRHdz8oa8dRbDsjpUlQrokyKb5jAY1PNRcKy7PXpbOUUIQQJl5zjo25HhQlXFGt4wNVLmV8ixq2pJWQdtZMHJ%2B9HKrpfzAPjC9Ol0Ky3wSK5,https://i.ebayimg.com/images/g/FrgAAeSwcdBpSTeh/s-l225.jpg
zoid,other,eBay,marketplace,us,"Vintage Hasbro & Takara Tomy Zoids Model Kits, Parts, Boxes, & Pieces",349.99,40.0,False,USD,Used,https://www.ebay.com/itm/860017270752?_skw=zoids&hash=itemc83d061fe0:g:ysIAAeSwmcFqxYyc&amdata=enc%3AAQALAAAA4Of5zIIojhOf%2BkQK%2Bxzjn7mTflDs%2FIcpQukQnsnpSqxYG8%2FnE2EERNWG%2FEFJzXJkbvJf5pFwq0ZdWF2hs6YkRrRqIZuMZY%2FwSPCp%2B38X%2BaZfX1DpywsEC5K5GjuV%2B1cnETisF7qJX2oV72%2FNE%2FgH55aJyTBZHtoA8lNdqNX1PM%2FBzGlV4wFzatuDTl8YyJ4ZSx1v5yAnNrdilTWCHLrRjlzcQsDzJySahusWUEPcb1Y7b0BKXw0k7l0t4N3oK0x0oq3ttiiIlex014gS2Tb41iYV%2BLmqpYYu6jpbXfWlFD7L,https://i.ebayimg.com/images/g/ysIAAeSwmcFqxYyc/s-l225.jpg
zoid,other,eBay,marketplace,international,ZOIDS RZ-046 Shadow Fox Marking Plus Ver.1/72 plastic model Figure KOTOBUKIYA,64.04,15.0,False,USD,Used,https://www.ebay.com/itm/394430881440?_skw=zoids&hash=item5bd5e99ea0:g:2BcAAeSwW61ogeT3,https://i.ebayimg.com/images/g/2BcAAeSwW61ogeT3/s-l225.jpg
zoid,other,eBay,marketplace,international,Chogokin ZOIDS New Century Zero RZ-041 Liger Zero 220mm Bandai Spirits NEW Japan,348.0,0.0,False,USD,New,https://www.ebay.com/itm/126176213237?_skw=zoids&hash=item1d60b038f5:g:S8QAAOSwa4BlS4XJ,https://i.ebayimg.com/images/g/S8QAAOSwa4BlS4XJ/s-l225.jpg
zoid,model_kit,eBay,marketplace,us,Hasbro ZOIDS Konig Wolf 1/72 Scale Action Figure Model Kit #053 NEW/SEALED 2003,69.99,0.0,False,USD,New,https://www.ebay.com/itm/178437767022?_skw=zoids&hash=item298bb83f6e:g:wi4AAeSwie9qjN9I,https://i.ebayimg.com/images/g/wi4AAeSwie9qjN9I/s-l225.jpg
zoid,model_kit,eBay,marketplace,us,Kotobukiya 1/72 Zoids ADVANCED Zi AZ-01 Blade Liger (40th Anniversary)  Kit,119.99,0.0,False,USD,New,https://www.ebay.com/itm/237116907471?_skw=zoids&hash=item373544dfcf:g:oC0AAeSwLVtqyZTU,https://i.ebayimg.com/images/g/oC0AAeSwLVtqyZTU/s-l225.jpg
zoid,model_kit,eBay,marketplace,us,"ZOIDS Blox - MATRIX DRAGON FZ-019 (Unassembled, Complete) Tomy 2004 US seller",250.0,,False,USD,Used,https://www.ebay.com/itm/287624832545?_skw=zoids&hash=item42f7c6a621:g:28wAAeSwD-lqXphI,https://i.ebayimg.com/images/g/28wAAeSwD-lqXphI/s-l225.jpg
zoid,model_kit,eBay,marketplace,us,Zoids Chaotic Century & New Century Complete Series DVD Lot 17 Anime Volumes,995.0,0.0,False,USD,Like New,https://www.ebay.com/itm/318846543990?_skw=zoids&hash=item4a3cbc2876:g:om0AAeSwZCFqoNsW,https://i.ebayimg.com/images/g/om0AAeSwZCFqoNsW/s-l225.jpg
zoid,other,eBay,marketplace,us,Zoids Battle Cougar # 111 Hasbro Model Kit Motorized Complete Zoid NIB,79.98,,False,USD,New,https://www.ebay.com/itm/257455828058?_skw=zoids&hash=item3bf1902c5a:g:ZR4AAeSw44Jp3Ro3,https://i.ebayimg.com/images/g/ZR4AAeSw44Jp3Ro3/s-l225.jpg
zoid,model_kit,eBay,marketplace,us,Takara Tomy Zoids Blade Liger RMZ-001 1:100 Action Plastic Model Kit,55.0,,False,USD,New,https://www.ebay.com/itm/307207948339?_skw=zoids&hash=item4787054833:g:B-IAAeSwwqpqvbPZ,https://i.ebayimg.com/images/g/B-IAAeSwwqpqvbPZ/s-l225.jpg
zoid,other,eBay,marketplace,us,Tomy Zoids RZ-014 Godos Dinosaur type 1/72 Plastic model,33.75,12.75,False,USD,New,https://www.ebay.com/itm/188795494569?_skw=zoids&hash=item2bf516a0a9:g:i8UAAeSwDzRqgA9J&amdata=enc%3AAQALAAAA4Of5zIIojhOf%2BkQK%2Bxzjn7lhdDt2WKflUzd2M0yX5UwOjNKH13lAZgRT70oQY2YkDJKT%2BCFoc0f0isl%2FjdZYpYEzZoIe0JKKQkuM5%2BHXZ43bt7Inn5NaRR2egVsT1%2FYl3NQvBQeoevfQyElKCZSAchUAMAoe81cAIut4b3HfK4AOENwqQgnoUhtWrLBF%2BdRQYUZIs0GS%2Bo4uzX%2B%2Boo6wjAo8cbQHn3JnkkrDL17iseTRIV%2BVwVY3AxKDRVULT8VNFbF2mCweGfRrw%2BE%2BpNBcpFKmDqaKDPjjRx8FEi6W04ll,https://i.ebayimg.com/images/g/i8UAAeSwDzRqgA9J/s-l225.jpg
zoid,model_kit,eBay,marketplace,international,TAKARA TOMY DAEWON ZOIDS WILD : ZW55 Xeno Rex Scissors XA Tyrannosaurus Type,89.8,0.0,False,USD,New,https://www.ebay.com/itm/126243225931?_skw=zoids&hash=item1d64aec14b:g:SQ8AAOSwFAllgXzA&amdata=enc%3AAQALAAAA4Of5zIIojhOf%2BkQK%2Bxzjn7lrxxmXSvIC%2B7Ss%2BoSwHFHUnFHjOHF7c4xtDwS7GtKtLWAh5mtltdV1W0X2tpOlN77PVEf%2Bs5ew1ILSCcmF5SBnp%2BeZ9fg%2Bi7Zud%2F9YHUPSdAGuZuxnsXTijJ1ddFIbgi1p3mE4OQvmNtQg%2B4U%2B0xQ2ImKYm3LMvVFrFQ2GIJdMaVvXoWmIss3gOkDyiE85BGDKgAqYB6twgeSdmUOi6nhkxAMTAOAQuID6yQwWYXXOL9Aav15SvzrlvEUrmVkV%2F74%2FxG9nz8ozy7F8dmgkI%2BsU,https://i.ebayimg.com/images/g/SQ8AAOSwFAllgXzA/s-l225.jpg
zoid,other,eBay,marketplace,us,Tomy Zoids RZ-014 Godos Dinosaur type 1/72 Plastic model,33.75,12.75,False,USD,New,https://www.ebay.com/itm/188795494569?_skw=zoids&hash=item2bf516a0a9:g:i8UAAeSwDzRqgA9J&amdata=enc%3AAQALAAAA4Of5zIIojhOf%2BkQK%2Bxzjn7lhdDt2WKflUzd2M0yX5UwOjNKH13lAZgRT70oQY2YkDJKT%2BCFoc0f0isl%2FjdZYpYEzZoIe0JKKQkuM5%2BHXZ43bt7Inn5NaRR2egVsT1%2FYl3NQvBQeoevfQyElKCZSAchUyJrCgx4X7ckoRW11GjLcIpXZgOxOBEXiV2myt1QlF%2F8PmAOlYfz7yR1rJVLRT%2BR6Pj6tvMAJIhwi6w80TntaAmvDRqrLi%2FVmnwSg3P%2Fj%2FrEq39FxFNRMOQoVvShezsI3h8ER5dhEwKh5QEscLrw%2Fv,https://i.ebayimg.com/images/g/i8UAAeSwDzRqgA9J/s-l225.jpg
zoid,other,eBay,marketplace,us,"Vintage Hasbro & Takara Tomy Zoids Model Kits, Parts, Boxes, & Pieces",349.99,40.0,False,USD,Used,https://www.ebay.com/itm/860017270752?_skw=zoids&hash=itemc83d061fe0:g:ysIAAeSwmcFqxYyc&amdata=enc%3AAQALAAAA4Of5zIIojhOf%2BkQK%2Bxzjn7mTflDs%2FIcpQukQnsnpSqxYG8%2FnE2EERNWG%2FEFJzXJkbvJf5pFwq0ZdWF2hs6YkRrRqIZuMZY%2FwSPCp%2B38X%2BaZfX1DpywsEC5K5GjuV%2B1cnETisF7qJX2oV72%2FNE%2FgH55bMG02FUO%2FS5eFFmGLwncwEa23XpM0nX3eTNHbRZRjDy4jniwlxzf9SaxHKjrQmkaUVg3IM6V1lXcYgmgSE3GtUY5oAOmzJJuqP8RwsoLyIvxNYqietz7S%2Bm0t6LbvaLdZ8F7XdE7PhNUTJr%2BLRCDux,https://i.ebayimg.com/images/g/ysIAAeSwmcFqxYyc/s-l225.jpg
zoid,model_kit,eBay,marketplace,international,TAKARA TOMY DAEWON ZOIDS WILD : ZW55 Xeno Rex Scissors XA Tyrannosaurus Type,89.8,0.0,False,USD,New,https://www.ebay.com/itm/126243225931?_skw=zoids&hash=item1d64aec14b:g:SQ8AAOSwFAllgXzA&amdata=enc%3AAQALAAAA4Of5zIIojhOf%2BkQK%2Bxzjn7lrxxmXSvIC%2B7Ss%2BoSwHFHUnFHjOHF7c4xtDwS7GtKtLWAh5mtltdV1W0X2tpOlN77PVEf%2Bs5ew1ILSCcmF5SBnp%2BeZ9fg%2Bi7Zud%2F9YHUPSdAGuZuxnsXTijJ1ddFIbgi3KHBStL9LR%2BXYnYUfBFWBiPeXiXpgPxFdPYS18jAqLDZJwTF8hTIaJMpigqIiFlU2CKY7NQKEq8Nb2XqXoNmnIhceFgcZy1008Pj7lsZZAcOzAkWny3jCANPsy9oZ5uTp2lflxtCommu%2BLxcbWeJNS,https://i.ebayimg.com/images/g/SQ8AAOSwFAllgXzA/s-l225.jpg
zoid,model_kit,eBay,marketplace,us,1/72 Zoids T-Sparks AZ-10EX Sea Panther (Guylos Specification) Hermit Crab GN240,69.99,0.0,False,USD,New,https://www.ebay.com/itm/237116907466?_skw=zoids&hash=item373544dfca:g:0NYAAeSwqeFqyZTV&amdata=enc%3AAQALAAAA4Of5zIIojhOf%2BkQK%2Bxzjn7kTJaF202ZHpinIUxQBR0wsa4DfdYAwWxNoXG%2BSMCIpzueLxVEeuvvQbEYELiKu8gXF8fL1HWxUP7YN%2BzSV4NUjr8cWhObCttuEAznRpxLWZL8wThD9V6a10CAYRaSuLqwao1BOcT5y77yBi7xlicdmlM6AkBBo71WjiNblyibXpp%2BTU9EtWcLP7MwnYLxiTjstcBt67AFWI3gh5ISg03l628egf8COURV%2BWqg%2BrGL4HNxDbHtPAHqfVJAnC9dduEKzr2TYt1yOj%2Bv6HpX6W8Hx,https://i.ebayimg.com/images/g/0NYAAeSwqeFqyZTV/s-l225.jpg
zoid,other,eBay,marketplace,us,Zoids Gravity Saix Action Figure Model Kit #106 1/72 Hasbro 2001 Sealed New,29.99,,False,USD,New,https://www.ebay.com/itm/178034274227?_skw=zoids&hash=item2973ab6fb3:g:OGEAAeSwgIRp1xvs,https://i.ebayimg.com/images/g/OGEAAeSwgIRp1xvs/s-l225.jpg
zoid,model_kit,eBay,marketplace,us,Kotobukiya Zoids RZ-041 Liger Zero Jager Marking Plus Ver. 1/72 Scale Model Kit,110.99,0.0,False,USD,New,https://www.ebay.com/itm/157655377006?_skw=zoids&hash=item24b4fe246e:g:ItUAAeSwoRFpgQUQ,https://i.ebayimg.com/images/g/ItUAAeSwoRFpgQUQ/s-l225.jpg
zoid,other,eBay,marketplace,us,Vintage Hasbro Zoids Lot Shadow Fox Hel Digunner Atak Kat 1/72 w/ Boxes ,115.0,4.99,False,USD,Used,https://www.ebay.com/itm/178523333125?_skw=zoids&hash=item2990d1e205:g:YyoAAeSwiKpqtIR~,https://i.ebayimg.com/images/g/YyoAAeSwiKpqtIR~/s-l225.jpg
zoid,other,eBay,marketplace,us,*Incomplete* Zoids Fusers FZ-014 Chimera Dragon Chimera 2003 Tomy Fusers Hasbro,12.99,,False,USD,Used,https://www.ebay.com/itm/206615722495?_skw=zoids&hash=item301b41b9ff:g:CVMAAeSw9D1qyclr,https://i.ebayimg.com/images/g/CVMAAeSw9D1qyclr/s-l225.jpg
zoid,model_kit,eBay,marketplace,international,ZOIDS Shield Liger Mk.II Model kit Fall 2007 Plastic Model&RC Car Show Li...,154.98,0.0,False,USD,New,https://www.ebay.com/itm/820183343364?_skw=zoids&hash=itembef6bca104:g:rp0AAeSwbNpqycT-,https://i.ebayimg.com/images/g/rp0AAeSwbNpqycT-/s-l225.jpg
zoid,other,eBay,marketplace,us,Zoids Battle Champions mini figures Hasbro Asst 83129/83121 sealed package,85.0,10.0,False,USD,New,https://www.ebay.com/itm/117327335262?_skw=zoids&hash=item1b51410f5e:g:EowAAeSwJM5qaPfg,https://i.ebayimg.com/images/g/EowAAeSwJM5qaPfg/s-l225.jpg
zoid,model_kit,eBay,marketplace,international,T-SPARK REALIZE MODEL ZOIDS RMZ-018 Trinity Liger Mandrill Color model kit,117.9,0.0,False,USD,New,https://www.ebay.com/itm/257771704890?_skw=zoids&hash=item3c0464123a:g:4kQAAeSw-X5qyl-i,https://i.ebayimg.com/images/g/4kQAAeSw-X5qyl-i/s-l225.jpg
zoid,other,eBay,marketplace,us,Zoids RZ-010 Pteras Bomber Marking Plus ver. 1/72 model kit Rocket Part,15.0,0.0,False,USD,Used,https://www.ebay.com/itm/336836887530?_skw=zoids&hash=item4e6d0b03ea:g:hocAAeSwlMpqyRWX,https://i.ebayimg.com/images/g/hocAAeSwlMpqyRWX/s-l225.jpg
zoid,model_kit,eBay,marketplace,us,Kotobukiya Zoids EZ-027 Raven Raptor HMM Model Kit ZD109 Open Box,50.0,0.0,False,USD,New,https://www.ebay.com/itm/206542180308?_skw=zoids&hash=item3016df8fd4:g:SloAAeSwo-5qnuVN,https://i.ebayimg.com/images/g/SloAAeSwo-5qnuVN/s-l225.jpg
zoid,model_kit,eBay,marketplace,international,Kotobukiya HMM ZOIDS RZ-030 Gun Sniper Wild Weasel Version 1/72 Scale NEW,61.73,0.0,False,USD,New,https://www.ebay.com/itm/366039827098?_skw=zoids&hash=item5539ac829a:g:Y5QAAeSw0y9pcsTu&amdata=enc%3AAQALAAAA4Of5zIIojhOf%2BkQK%2Bxzjn7nMBXUePk86YHpskNp01L4gKz8tk%2BGaBqxrUxzpY9DiEpzAfFZGBBruEtt7arfAFsb8UT3ljdPtw7gtND1W5mxI3Xm6rCxmNeAV8TgGYnXyaZOb6XhZiM6POzB%2By7FQ2RAe7YvsDVnQ7rr2bniFKlShZLcAqfVWj283M7OsFDTq4goys3qxvrrJT89Ng8wN6PbtSziju4ZbM9FM6gs3%2BIPNKMGScmLzf6VHmpdRDrK3bQoy8jqm5zeIpPsXyo0%2FkJXrrbbZf3YluCpp%2FBj5y8xB,https://i.ebayimg.com/images/g/Y5QAAeSw0y9pcsTu/s-l225.jpg
zoid,other,eBay,marketplace,international,TOMY ZOIDS 40th Anniversary Limited Edition Action Figure,89.35,4.89,False,USD,New,https://www.ebay.com/itm/147127306012?_skw=zoids&hash=item224178871c:g:JdsAAeSwYkRpfYYG&amdata=enc%3AAQALAAAA4Of5zIIojhOf%2BkQK%2Bxzjn7nf6OdBNFbf1szCeFL28kF8e8Uv%2FVG0dFFz%2BglsqhUsxBErGpmZ7Lac0DhZXfaijMkfrPGmco1o3riSvEwJFzYpWJUgOUxuTgBF6580Z9Pe7U5XGqgJXMS%2BD0VyG8G%2BCZLwttW2E0pQuK8izL%2BakTB2c7iTMvlCV0dudwRqsOCmeT0MefOiBrWnDdLq63Zhr4HX3Oj5a9ve33Gz2c1s0fKde0kC%2BSoYp9ncRTEkr7W3gKtuvFNy1f9oPsZW3fNJI1oZg0lNDV5B2znAwbPhvRGB,https://i.ebayimg.com/images/g/JdsAAeSwYkRpfYYG/s-l225.jpg
zoid,model_kit,eBay,marketplace,us,Zoids Wild Anime Series English Dubbed Episodes 1-50,29.99,0.0,False,USD,,https://www.ebay.com/itm/374077775175?_skw=zoids&hash=item5718c5dd47:g:VeIAAOSwTCNigTT3&amdata=enc%3AAQALAAAA4Of5zIIojhOf%2BkQK%2Bxzjn7kK2QHUBI6Ws1sGXIo3MJf8Oqs%2BcLqdG%2FMmR8%2FZjahqgsDUlI58Gw3xbjqFUSl8NYAc3eubX3ES6FXr1CkjRFL8Qwvj4bJSpsNY5Y3hOjMNDFQ7npAUhRq2I456ufWZsTruDtc%2FHZHlk0hruhk2H5tA%2BnL9dLpWwiCzK82su6I0KSvOOMk8b7Fdcm0%2Fuc66UTztAFA%2F4OLwpHVFXEIhddIn2fvTo2JqIVT5CB1Sh7CMuwSS2g39CoJd2YXen8N4TcwrpcY52sMhWD2WACSMQ7qP,https://i.ebayimg.com/images/g/VeIAAOSwTCNigTT3/s-l225.jpg
zoid,model_kit,eBay,marketplace,us,Zoids Vol. 5: The Shadow Battle DVD 2002 w/ Shadow Fox Plus Insert Tomy Animated,45.0,0.0,False,USD,Good,https://www.ebay.com/itm/267705736217?_skw=zoids&hash=item3e54815c19:g:6CUAAeSwcW9qODYa,https://i.ebayimg.com/images/g/6CUAAeSwcW9qODYa/s-l225.jpg
zoid,other,eBay,marketplace,us,2 Zoids Liger Figures TOMY Hasbro 2002 Bundle,40.0,,False,USD,Used,https://www.ebay.com/itm/800765926313?_skw=zoids&hash=itemba715e5ba9:g:2UcAAeSwmZdqxV3k,https://i.ebayimg.com/images/g/2UcAAeSwmZdqxV3k/s-l225.jpg
zoid,other,eBay,marketplace,us,"Lot of 18 Zoids Mini Figures 2000’s Battle Champions Tomy Hasbro 1""",150.0,5.5,False,USD,Used,https://www.ebay.com/itm/267680396242?_skw=zoids&hash=item3e52feb3d2:g:~3wAAeSwK4lqFIAH,https://i.ebayimg.com/images/g/~3wAAeSwK4lqFIAH/s-l225.jpg
zoid,other,eBay,marketplace,international,TOMY ZOIDS BLOX Styluarmor Blitz Soda Blitz Hornet Model Kit Lot Japan,244.08,28.76,False,USD,Used,https://www.ebay.com/itm/117169722074?_skw=zoids&hash=item1b47dc12da:g:2a0AAeSw0Plp8xxJ,https://i.ebayimg.com/images/g/2a0AAeSw0Plp8xxJ/s-l225.jpg
zoid,model_kit,eBay,marketplace,us,Zoids Kotobukiya HMM 034 RZ-046 Shadow Fox 1/72 Plastic Model Kit NIB,79.98,,True,USD,New,https://www.ebay.com/itm/128007517742?_skw=zoids&hash=item1dcdd7b62e:g:eMQAAeSwk8Zqb8w-,https://i.ebayimg.com/images/g/eMQAAeSwk8Zqb8w-/s-l225.jpg
zoid,model_kit,eBay,marketplace,us,* ZOIDS: CHAOTIC CENTURY Vol 1 Michiro Ueyama VIZ Manga 2002 First Printing,16.99,0.0,False,USD,Good,https://www.ebay.com/itm/137791276979?_skw=zoids&hash=item20150007b3:g:eRkAAeSwtyFquwvl,https://i.ebayimg.com/images/g/eRkAAeSwtyFquwvl/s-l225.jpg
zoid,other,eBay,marketplace,us,Tomy Zoids Tyrannazoid Garius w/ Additional Parts for Others 1981,49.99,6.0,False,USD,Used,https://www.ebay.com/itm/147612410308?_skw=zoids&hash=item225e62a1c4:g:sScAAeSwTMVqvmDF,https://i.ebayimg.com/images/g/sScAAeSwTMVqvmDF/s-l225.jpg
zoid,model_kit,eBay,marketplace,international,Zoids OER : Giant ZRK : 100% Complete + Working + Box,125.72,,False,USD,Used,https://www.ebay.com/itm/257788986234?_skw=zoids&hash=item3c056bc37a:g:ONQAAeSw3Odqx5Ut,https://i.ebayimg.com/images/g/ONQAAeSw3Odqx5Ut/s-l225.jpg
zoid,other,eBay,marketplace,international,Kotobukiya Zoids 1/72 HMM Liger Zero marking plus Ver. RZ-041 from Japan limited,149.0,0.0,False,USD,New,https://www.ebay.com/itm/278310709809?_skw=zoids&hash=item40cc9c6a31:g:NMEAAeSwJ9tqjcqk,https://i.ebayimg.com/images/g/NMEAAeSwJ9tqjcqk/s-l225.jpg
zoid,model_kit,eBay,marketplace,international,Kotobukiya D-Style ZOIDS Blade Liger special limited -Gold plated parts include,6.5,39.0,False,USD,New,https://www.ebay.com/itm/297687131853?_skw=zoids&hash=item454f8926cd:g:ky0AAOSwlZdkACMO,https://i.ebayimg.com/images/g/ky0AAOSwlZdkACMO/s-l225.jpg
zoid,other,eBay,marketplace,us,"ZOIDS Command Wolf Robot Action Figure 2002 Tomy Hasbro 5.5"" Incomplete",14.45,4.0,False,USD,Used,https://www.ebay.com/itm/407077718393?_skw=zoids&hash=item5ec7b90979:g:WfMAAeSwFcFqMgf9,https://i.ebayimg.com/images/g/WfMAAeSwFcFqMgf9/s-l225.jpg
zoid,other,eBay,marketplace,us,Zoids #031 Dibison Motorized Hasbro 1:72 Scale Model Kit Cannons SEALED Vintage ,139.99,14.99,False,USD,New,https://www.ebay.com/itm/206448441250?_skw=zoids&hash=item30114937a2:g:cQUAAeSwsJZqPb3R&amdata=enc%3AAQALAAAA4Of5zIIojhOf%2BkQK%2Bxzjn7nMUGce5Q%2FohCGLRofmvvIrpikIwmKUbJXXU0PqlTg4oT%2FT%2Fl1J3Bop7WvgrPnfs9FCtO1lN2Kt3gBBT14BbUCgUMFp3dmvoS%2FTNuCN9wJBLd5uj2iaRSfYVXJ9wNTq%2FZzn5uj6cLNITgel9WZJJ4wDHOOrV%2FaoPSSVPzrxcQ8NQAeBG8DnMoLK8%2BaVqvC9TjSACSxVrLhc%2BjNuMQGBa9368Nwj7PJLnVAvj1A0qEniBA69h7%2Fyf6gfMOWmroC0sRDWGZjkN80LSVdpCwyIELRs,https://i.ebayimg.com/images/g/cQUAAeSwsJZqPb3R/s-l225.jpg
zoid,other,eBay,marketplace,us,Tomy Zoids Liger Zero 041 Motorized Walking Action Model Kit American Version ,79.99,10.0,False,USD,Used,https://www.ebay.com/itm/860019209248?_skw=zoids&hash=itemc83d23b420:g:4ewAAeSwsgpqxjlN&amdata=enc%3AAQALAAAA4Of5zIIojhOf%2BkQK%2Bxzjn7nIaoTgzdqqH51VYD3IKlNIxq9AfX3yg%2FfSdZj72ideb4k%2B58Vd%2F34JrKh0hECO6pEuP7pCr1hxByDrmmQnXqCibJbb3SmCOHetWr%2B2lxC%2FWCvaF8EB%2BDn0oL6PBD2Sx%2FnuqlS7b7nrNdZKdOmN0nRmqjMGby8qx4GqsUN562YJqwuov5B4FLTinBjgHdAg%2F1ttVYXyF2Xekdti9yLJU5dhVgDzWyZM2iUov6rfCR0VcEE5yKhmXFQeOiH62C1Cb3aD0XripU0lk%2Bb9jUneU%2FHI,https://i.ebayimg.com/images/g/4ewAAeSwsgpqxjlN/s-l225.jpg
zoid,model_kit,eBay,marketplace,us,Zoids Genesis Anime Series Japanese Audio with English Subs,29.99,0.0,False,USD,,https://www.ebay.com/itm/165278129639?_skw=zoids&hash=item267b581de7:g:5qoAAOSwVdph3eTh&amdata=enc%3AAQALAAAA4Of5zIIojhOf%2BkQK%2Bxzjn7k8KbqhZUa8BNtbZJCvfzEDbLHg5Ei0%2Bus6rAWGift%2F0L0eOHYEb75txx3pYgnMyjQMhXKtMoFXiq%2FYHVNphYYFJNtSoBdooXaq8j9CJWs7Ccv0ELkUUtuP1OtwXQowIv574smCyjWHd5Vbk9eyo2eRtvAxrnNmaoFCrvh5cRMzGpK9E1jKdy7Ud8Bl7itutOCAbc%2FDBXknou0qcrCUJq8bQy%2FXy2YnmZSJ8IsWrYYaLzgJx6OvxWEgyGrEBBkfOaObi7A87z0EutoXc%2BJiO1K5,https://i.ebayimg.com/images/g/5qoAAOSwVdph3eTh/s-l225.jpg
zoid,model_kit,eBay,marketplace,us,Zoids RZ-041 Liger Zero Schneider Marking Plus Ver. Model Kit Kotobukiya,119.95,9.95,False,USD,New,https://www.ebay.com/itm/177802010074?_skw=zoids&hash=item2965d35dda:g:TEIAAeSwPY9qC1~c&amdata=enc%3AAQALAAAA4Of5zIIojhOf%2BkQK%2Bxzjn7n%2BrIrAj4Zzaz%2Fx4v8HV2Zpy2lsJAkBZxXl%2FRxOGtoiRtEfpwduUBhxjQfL0IC5jUFQK6LycvoH5vpDKHTIR7zc3HTA2D7sZo791ynzzo5IldLnuJK%2FBzkEX96Ex0pGd7CQvBUQkBw4L%2BiFIiNRA7QQkXOftt8NkCK%2FOAwOiwm3FfN8Ju8UIuZ0lFPK7FbUET35E7%2FfcIF7RmRgb2pJfXS362slZFAyZ8abP4ItV6z8rOx8B4Ao6e76bVTECC2tB9V1iqEquOVE66Id1DrY2hCw,https://i.ebayimg.com/images/g/TEIAAeSwPY9qC1~c/s-l225.jpg
zoid,model_kit,eBay,marketplace,us,ZOIDS PROTOZOID / ELEPANTUS 1983 Tomy #2559 RMZ-03 complete/motor not working,20.0,,False,USD,Used,https://www.ebay.com/itm/800766174156?_skw=zoids&hash=itemba716223cc:g:5R0AAeSw6fBqxW65,https://i.ebayimg.com/images/g/5R0AAeSw6fBqxW65/s-l225.jpg
zoid,model_kit,eBay,marketplace,international,Zoids Blox Matrix Dragon Rare Dragon Type Limited Model Kit Tomy From Japan,198.48,28.76,False,USD,Used,https://www.ebay.com/itm/117110408956?_skw=zoids&hash=item1b445306fc:g:UJYAAeSwArlpxcdb,https://i.ebayimg.com/images/g/UJYAAeSwArlpxcdb/s-l225.jpg
zoid,model_kit,eBay,marketplace,us,Rare VTG 2001 Zoids - Blue Command Wolf - RZ-042 - Hasbro - 1/72 Complete,59.99,,False,USD,Used,https://www.ebay.com/itm/278371679582?_skw=zoids&hash=item40d03ebd5e:g:5wEAAeSw7k9qpuAO,https://i.ebayimg.com/images/g/5wEAAeSw7k9qpuAO/s-l225.jpg
zoid,other,eBay,marketplace,us,Molga ZOIDS AZ-13 Canory Molga Model Kit,59.73,6.0,False,USD,New,https://www.ebay.com/itm/267726455843?_skw=zoids&hash=item3e55bd8423:g:9oIAAeSwsehqVNCF,https://i.ebayimg.com/images/g/9oIAAeSwsehqVNCF/s-l225.jpg
zoid,model_kit,eBay,marketplace,us,Zoids Wild: Blast Unleashed - Nintendo Switch (2020).  New. Sealed.,31.99,0.0,False,USD,Brand New,https://www.ebay.com/itm/157803766423?_skw=zoids&hash=item24bdd66297:g:NFAAAeSwKidpzf9q,https://i.ebayimg.com/images/g/NFAAAeSwKidpzf9q/s-l225.jpg
zoid,model_kit,eBay,marketplace,us,BT Model Building Blocks ZOIDS RPZ-03 Shield Liger 1:72 Scale,54.99,0.0,False,USD,New,https://www.ebay.com/itm/198650123371?_skw=zoids&hash=item2e4078546b:g:BU4AAeSwBa1qrRq7,https://i.ebayimg.com/images/g/BU4AAeSwBa1qrRq7/s-l225.jpg
zoid,model_kit,eBay,marketplace,us,Zoids New Century Zero Anime Complete Series Episodes 1-26 English Audio,21.99,0.0,False,USD,,https://www.ebay.com/itm/285739804237?_skw=zoids&hash=item42876b664d:g:owMAAeSwzCJqU~6w&amdata=enc%3AAQALAAAA4Of5zIIojhOf%2BkQK%2Bxzjn7lFgNiIriy3PeeklvuMBkqC7XTpcykxirf%2Fuy0OBmAt8Zw6g6GNtQiUp1luVFklv1AEFNXrxxVfJK%2BMuTzQwbCyQHG%2Bgtz9vZZQvvkJumZkje%2FgNo1dNiVbj%2Ft2OtG0IbMQwP1KisDqCDIclRCgDgSEHU20H7mJZiUtdPJnURXavnW3ZZpE%2FuOXxDGq4nR81KagwFaJLwZKuxgnc4TYhUjHMu18DRnYMgOAvMgGHc5yg%2FXyR2GqmWWaRjAsLEB4FqLawmvpXwZCUROUk37sc09j,https://i.ebayimg.com/images/g/owMAAeSwzCJqU~6w/s-l225.jpg
zoid,model_kit,eBay,marketplace,us,Zoids Wild Anime Series English Dubbed Episodes 1-50,24.99,0.0,False,USD,,https://www.ebay.com/itm/175282498887?_skw=zoids&hash=item28cfa6ad47:g:mGIAAOSwmNJigTJU&amdata=enc%3AAQALAAAA4Of5zIIojhOf%2BkQK%2Bxzjn7nPhP%2Fp%2B%2FQ%2BOQWkARKMSAiH6tPyWpQsQLi5G%2FEpGLIMNL9kpoeU1l19A5lTSSAd206yaHR7yQnY7QTRykDRIK6yKxyO5oqkat1FQjwDTBLwFnCzer5GMCJkDJX1Mi2eoXRANIyaJ3H16UonoD3oCpWX63r2DhI30g3kclQRhalCjK2cZn4%2FlCjYqXvwXtSYivJJeMrL6dcwgvFF3MhFTUkBSNx0Fwqt9rrPVcFXqRD%2Fwn56clV0ZdysnRy2WNO3g5zU6xfPp%2BtFV%2Fvl6VngyAXQ,https://i.ebayimg.com/images/g/mGIAAOSwmNJigTJU/s-l225.jpg
zoid,other,eBay,marketplace,us,Zoids 1/72 - EZ-015 IRON KONG - Motorized - Works - Built - Hasbro/Tomy - 2001,130.49,,True,USD,Used,https://www.ebay.com/itm/298686743430?_skw=zoids&hash=item458b1e0386:g:8QgAAeSwS2xqrale,https://i.ebayimg.com/images/g/8QgAAeSwS2xqrale/s-l225.jpg
zoid,model_kit,eBay,marketplace,us,ZOIDS 1/72 ENERGY LIGER #102 HASBRO NEW IN OPEN BOX SEALED CONTENTS 2003 TOMY,90.0,29.5,False,USD,New,https://www.ebay.com/itm/256862525812?_skw=zoids&hash=item3bce331974:g:GD0AAOSwUtln2car,https://i.ebayimg.com/images/g/GD0AAOSwUtln2car/s-l225.jpg
zoid,model_kit,eBay,marketplace,us,VTG Zoids Bear Fighter Hasbro 511 Building Toy Robot Model Kit Sealed Bags #B,29.99,,False,USD,New,https://www.ebay.com/itm/267635290787?_skw=zoids&hash=item3e504e72a3:g:8y4AAeSwK89p2VVW,https://i.ebayimg.com/images/g/8y4AAeSwK89p2VVW/s-l225.jpg
zoid,other,eBay,marketplace,us,ZOIDS Vintage Lot Mixed PARTS PLEASE READ,29.99,,False,USD,Used,https://www.ebay.com/itm/377511408802?_skw=zoids&hash=item57e56ef4a2:g:a2kAAeSwnLRqsHVM,https://i.ebayimg.com/images/g/a2kAAeSwnLRqsHVM/s-l225.jpg
zoid,model_kit,eBay,marketplace,international,Takara Tomy 1/100 T-SPARK Realize RMZ-025 Liger Zero Falcon Zoid Model kit,146.43,19.99,False,USD,New,https://www.ebay.com/itm/147625746184?_skw=zoids&hash=item225f2e1f08:g:m3AAAeSwsgpqx5oa,https://i.ebayimg.com/images/g/m3AAAeSwsgpqx5oa/s-l225.jpg
zoid,other,eBay,marketplace,us,TOMY ZOIDS CP21 PANZER UNIT For Liger Zero,39.95,9.95,False,USD,New,https://www.ebay.com/itm/267775310765?_skw=zoids&hash=item3e58a6fbad:g:p3sAAeSwNG1qmddN,https://i.ebayimg.com/images/g/p3sAAeSwNG1qmddN/s-l225.jpg
zoid,other,eBay,marketplace,international,ZOIDS EZ-034 Geno Breaker Repackage Ver. 1/72 L350mm Model Kit ZD140 Kotobukiya,173.77,5.4,False,USD,New,https://www.ebay.com/itm/287620147604?_skw=zoids&hash=item42f77f2994:g:o-cAAeSwDtpqymep,https://i.ebayimg.com/images/g/o-cAAeSwDtpqymep/s-l225.jpg
zoid,other,eBay,marketplace,us,Zoids Hasbro Action Figure Model Kit #010 Ptera Striker (Opened Assembled),30.0,,True,USD,Used,https://www.ebay.com/itm/407107253345?_skw=zoids&hash=item5ec97bb461:g:YycAAeSwraVqaqis,https://i.ebayimg.com/images/g/YycAAeSwraVqaqis/s-l225.jpg
zoid,model_kit,eBay,marketplace,us,Kotobukiya - ZOIDS - Storm Sworder Ala Barone Special 2000 Recolor Model Kit [Ne,76.53,0.0,False,USD,New,https://www.ebay.com/itm/920002915703?_skw=zoids&hash=itemd634726d77:g:mKEAAeSwSEpqwIw9&amdata=enc%3AAQALAAAA4Of5zIIojhOf%2BkQK%2Bxzjn7n1TSzBCETC214bQvT%2BruCyJ8bVVTclWpaCgw3oOUbkN2q9nf9FdJP0sfN6LpQopcF0y3iWWZVSyuPxP7H1fVL%2BGfg8Jym5fgt39S%2Bq8397Uz3kqfr1Le5AjVFEIHJZWZ%2B6%2FRgwoaF1daDwwikNi5erKI1FrNFxtME7aR9%2FVkCJz6fscQjB2x9wWM1F7KByTO9cMAuxhaValzDmf1a1fU0zvALdiFsV8Lipcwb0Mv85bvAAxVmmPnzZkqa3NZWrlsEe8xBkFAhz%2FQOLIYVFVXHg,https://i.ebayimg.com/images/g/mKEAAeSwSEpqwIw9/s-l225.jpg
zoid,other,eBay,marketplace,us,Hasbro Zoids Red Horn Triceratops Action Figure Transformable w/ Weapon 2002,70.0,0.0,False,USD,New,https://www.ebay.com/itm/318768918861?_skw=zoids&hash=item4a381bb14d:g:~SEAAeSwM8pqPhsq&amdata=enc%3AAQALAAAA4Of5zIIojhOf%2BkQK%2Bxzjn7kMgG2Tv%2BRKSIadXRM%2FZEqjl2jBCHGMBzVDSGSkn6DfnfNfnsZRt6n6XWcSPDRyrj%2FdTxId7BEV64wStxN1Jj32C7GpFp77nq1HSnZfqfWJNVgWDV9HL4kUtuh3kQks8E54te1sNQNhReiNcJ8vQd5PrAjHUqACkmInu8C4foMyjhD35oXrN8y5YCId0JwLGj8a4MtOvd69qX5DPvCpsdFUaDkMLs8Zz2N4ozPhlbMn8kPXA8Res493%2Fynd5vrc6pNfkAUW8rWhh%2Fj0yauh%2BJ7k,https://i.ebayimg.com/images/g/~SEAAeSwM8pqPhsq/s-l225.jpg
zoid,model_kit,Plaza Japan,retailer,,Takara Tomy 1/72 ZOIDS AZ-02 LIGER ZERO,139.46,,,USD,New,https://www.plazajapan.com/4904810227557,https://cdn11.bigcommerce.com/s-89ffd/products/126767/images/447750/4904810227557_39d1a1481a173689c89a3a0214e58966__96493.1675906267.350.350.jpg?c=2
zoid,model_kit,Plaza Japan,retailer,,Kotobukiya HMM ZOIDS 1/72 Dark Horn Harry Special 2001 Re/color Plastic Model,69.21,,,USD,New,https://www.plazajapan.com/4934054086955,https://cdn11.bigcommerce.com/s-89ffd/products/211590/images/974069/4934054086955_ccf7035a5e0cb0a52767178b45f4f611__20948.1783048740.350.350.jpg?c=2
zoid,model_kit,Plaza Japan,retailer,,Kotobukiya HMM ZOIDS 1/72 EZ-049 Sturm Tyrann Plastic Model,136.72,,,USD,New,https://www.plazajapan.com/4934054055586,https://cdn11.bigcommerce.com/s-89ffd/products/129054/images/458187/4934054055586_d65249acc2eaa9c631f7a81b4181438a__03580.1680591380.350.350.jpg?c=2
zoid,model_kit,Plaza Japan,retailer,,Kotobukiya HMM ZOIDS 1/72 RZ-029 Storm Sworder Plastic Model,81.97,,,USD,New,https://www.plazajapan.com/4934054108114,https://cdn11.bigcommerce.com/s-89ffd/products/185883/images/824700/4934054108114-1__96898.1759384716.350.350.jpg?c=2
zoid,model_kit,Plaza Japan,retailer,,Kotobukiya HMM ZOIDS 1/72 RZ-041 Liger Zero Schneider Marking Plus Ver. Plastic Model,43.65,,,USD,New,https://www.plazajapan.com/4934054073733,https://cdn11.bigcommerce.com/s-89ffd/products/170321/images/717532/4934054073733_13492b3cccf132265d2288afe39aa604__83845.1739937567.350.350.jpg?c=2
zoid,model_kit,Plaza Japan,retailer,,Takara Tomy Zoids AZ-15 Psycho Geno Saurer Plastic Model,113.59,,,USD,New,https://www.plazajapan.com/4904810070696,https://cdn11.bigcommerce.com/s-89ffd/products/196910/images/895214/takara-tomy-zoids-az-15-psycho-geno-saurer-plastic-model__26543.1771466604.350.350.jpg?c=2
zoid,model_kit,Plaza Japan,retailer,,Kotobukiya HMM Zoids 1/72 EZ-054 Liger Zero X Plastic Model,81.97,,,USD,New,https://www.plazajapan.com/4934054109180,https://cdn11.bigcommerce.com/s-89ffd/products/95125/images/348400/4934054109180_21bbcec4015c514783ce0a63152364d4__56698.1640067081.350.350.jpg?c=2
zoid,model_kit,Plaza Japan,retailer,,Kotobukiya HMM ZOIDS 1/72 EZ-036 Death Stinger ZS Plastic Model,161.0,,,USD,New,https://www.plazajapan.com/4934054033232,https://cdn11.bigcommerce.com/s-89ffd/products/86057/images/317652/033232-1__03915.1626769900.350.350.jpg?c=2
zoid,model_kit,Plaza Japan,retailer,,Takara Tomy Spider Zoids Spider-Man Special,31.95,,,USD,New,https://www.plazajapan.com/4904810948551,https://cdn11.bigcommerce.com/s-89ffd/products/161132/images/651822/takara-tomy-spider-zoids-spider-man-special__32905.1737464286.350.350.jpg?c=2
zoid,model_kit,Plaza Japan,retailer,,Takara Tomy SYNERGENEX MONSTER HUNTER X ZOIDS WILD LIGER STYGIAN ZINOGRE PLASTIC MODEL,48.65,,,USD,New,https://www.plazajapan.com/4904810070979,https://cdn11.bigcommerce.com/s-89ffd/products/213712/images/990199/takara-tomy-synergenex-monster-hunter-x-zoids-wild-liger-stygian-zinogre-plastic-model__86907.1784354264.350.350.jpg?c=2
zoid,model_kit,Plaza Japan,retailer,,Kotobukiya HMM Zoids 1/72 RZ-053 Konig Wolf Plastic Model,131.41,,,USD,New,https://www.plazajapan.com/4934054003846,https://cdn11.bigcommerce.com/s-89ffd/products/125947/images/529764/4934054003846_d5410c45e0a0a57e381db3c06399fc8c__44500.1712720401.350.350.jpg?c=2
zoid,model_kit,Plaza Japan,retailer,,Takara Tomy 1/100 Realize Model Zoids RMZ-015 Saber Tiger Raven Special Tiger Type,46.95,,,USD,New,https://www.plazajapan.com/4904810092537,https://cdn11.bigcommerce.com/s-89ffd/products/209282/images/965004/4904810092537_7086bd78aa8d1c8e314ed0f3e2b6c9c3__07460.1782106390.350.350.jpg?c=2
zoid,model_kit,Plaza Japan,retailer,,Kotobukiya HMM ZOIDS 1/72 RZ-014 Godos Marking Plus Ver. Plastic Model,31.3,,,USD,New,https://www.plazajapan.com/4934054062300,https://cdn11.bigcommerce.com/s-89ffd/products/163580/images/634590/kotobukiya-hmm-zoids-172-rz-014-godos-marking-plus-ver-plastic-model__84019.1737382596.350.350.jpg?c=2
zoid,model_kit,Plaza Japan,retailer,,Takara Tomy 1/100 RMZ Realize Model ZOIDS Blade Liger Plastic Model,42.55,,,USD,New,https://www.plazajapan.com/4904810918752,https://cdn11.bigcommerce.com/s-89ffd/products/152772/images/662334/takara-tomy-1100-rmz-realize-model-zoids-blade-liger-plastic-model__46738.1737710602.350.350.jpg?c=2
zoid,model_kit,Plaza Japan,retailer,,Kotobukiya Zoids D-Style Shield Liger [Clear Parts Append] Plastic Model,21.68,,,USD,New,https://www.plazajapan.com/4934054086894,https://cdn11.bigcommerce.com/s-89ffd/products/203337/images/923631/kotobukiya-zoids-d-style-shield-liger-clear-parts-append-plastic-model__33403.1776480327.350.350.jpg?c=2
zoid,model_kit,Plaza Japan,retailer,,Kotobukiya HMM ZOIDS 1/72 EZ-035 Lightning Saix Marking Plus Ver. Plastic Model,65.54,,,USD,New,https://www.plazajapan.com/4934054023134,https://cdn11.bigcommerce.com/s-89ffd/products/96303/images/320171/4934054023134_a9826daf3388df4db6f27f5b0a52d098__20349.1627962827.350.350.jpg?c=2
zoid,model_kit,Plaza Japan,retailer,,Kotobukiya HMM ZOIDS 1/72 RZ-009 Command Wolf AC & LC Marking Plus Ver. Plastic Model,81.7,,,USD,New,https://www.plazajapan.com/4934054063529,https://cdn11.bigcommerce.com/s-89ffd/products/164750/images/623842/kotobukiya-hmm-zoids-172-rz-009-command-wolf-ac-and-lc-marking-plus-ver-plastic-model__16304.1737072250.350.350.jpg?c=2
zoid,model_kit,Plaza Japan,retailer,,Kotobukiya HMM ZOIDS 1/72 LIGER ZERO JAGER UNIT MARKING PLUS Version Plastic Model,20.23,,,USD,New,https://www.plazajapan.com/4934054073719,https://cdn11.bigcommerce.com/s-89ffd/products/169283/images/718602/4934054073719_731b071386d2bc3cc64eabbf24594166__86689.1740462818.350.350.jpg?c=2
zoid,model_kit,Plaza Japan,retailer,,1/100 Realize Model Zoids RMZ-017 Command Wolf Urban Warfare Special Wolf Type,44.15,,,USD,New,https://www.plazajapan.com/4904810918776,https://cdn11.bigcommerce.com/s-89ffd/products/209552/images/966472/4904810918776_6748317ede83707a6f355814a2fd3290__01486.1782370254.350.350.jpg?c=2
zoid,model_kit,Plaza Japan,retailer,,Takara Tomy Murasame Liger Plastic Model(Zoids),90.35,,,USD,New,https://www.plazajapan.com/4904810227564,https://cdn11.bigcommerce.com/s-89ffd/products/132160/images/471086/4904810227564_98c5d56568152aaf6392a6764f2ce834__83839.1686801010.350.350.jpg?c=2
zoid,model_kit,Plaza Japan,retailer,,Bandai Chogokin RZ-041 Liger Zero Figure (ZOIDS),276.73,,,USD,New,https://www.plazajapan.com/4573102640734,https://cdn11.bigcommerce.com/s-89ffd/products/123141/images/430887/4573102640734_930b100fb236685bb724d102e83e84cc__28319.1669107622.350.350.jpg?c=2
zoid,model_kit,Plaza Japan,retailer,,Kotobukiya HMM ZOIDS 1/72 RZ-028 Blade Liger AB Plastic Model,42.59,,,USD,New,https://www.plazajapan.com/4934054073740,https://cdn11.bigcommerce.com/s-89ffd/products/170336/images/717555/4934054073740_2caed7cd7394f8f2f6cc70ce3d83273a__91386.1739940441.350.350.jpg?c=2
zoid,model_kit,Plaza Japan,retailer,,Zoids Hunter Wolf Tokyo Metropolitan Police Specification,40.49,,,USD,New,https://www.plazajapan.com/4904810919100,https://cdn11.bigcommerce.com/s-89ffd/products/213486/images/987955/takara-tomy-zoids-hunter-wolf-tokyo-metropolitan-police-specification__18689.1784350664.350.350.jpg?c=2
zoid,model_kit,Plaza Japan,retailer,,Kotobukiya Zoids D-Style Command Wolf Irvine [Clear Parts Append] Plastic Model,21.9,,,USD,New,https://www.plazajapan.com/4934054086900,https://cdn11.bigcommerce.com/s-89ffd/products/204090/images/928844/4934054086900_f6a3ea1997753ab4c6304a825216bd09__94146.1777268154.350.350.jpg?c=2
zoid,model_kit,Plaza Japan,retailer,,Kotobukiya ZA001 Zoids ZA Murasame Liger 1/100 Action Figure 4934054106370,73.76,,,USD,New,https://www.plazajapan.com/4934054106370,https://cdn11.bigcommerce.com/s-89ffd/products/11143/images/49248/4934054106370_b__39529.1636591775.350.350.jpg?c=2
zoid,model_kit,Plaza Japan,retailer,,Kotobukiya ZA003 Zoids ZA Hayate Liger 1/100 Action Figure 4934054107414,125.5,,,USD,New,https://www.plazajapan.com/4934054107414,https://cdn11.bigcommerce.com/s-89ffd/products/11144/images/338992/4934054107414_a__65248.1472779127__43476.1636591857.350.350.jpg?c=2
zoid,model_kit,Plaza Japan,retailer,,Kotobukiya ZD054 Zoids Schnider Unit for Liger Zero 1/72 Scale Kit,57.33,,,USD,New,https://www.plazajapan.com/4934054104222,https://cdn11.bigcommerce.com/s-89ffd/products/11150/images/115209/blob__20587.1473215630__32125.1510209792.350.350.png?c=2
zoid,model_kit,Plaza Japan,retailer,,Kotobukiya ZD043 Zoids DPZ-10 Dark Horn 1/72 Scale Kit,105.13,,,USD,New,https://www.plazajapan.com/4934054103607,https://cdn11.bigcommerce.com/s-89ffd/products/17521/images/63419/4934054103607_1__20846.1479706348.350.350.jpg?c=2
zoid,model_kit,Plaza Japan,retailer,,Kotobukiya ZD061 Zoids RZ-041 Liger Zero Jager 1/72 Scale Kit,106.61,,,USD,New,https://www.plazajapan.com/4934054104420,https://cdn11.bigcommerce.com/s-89ffd/products/19701/images/192494/4934054104420-1__88873.1559024258.350.350.jpg?c=2
zoid,model_kit,Plaza Japan,retailer,,Takara Tomy ZOIDS ZW01 Wild Liger 111955,69.65,,,USD,New,https://www.plazajapan.com/4904810111955,https://cdn11.bigcommerce.com/s-89ffd/products/39404/images/146105/49048101119551__25892.1528700000.350.350.jpg?c=2
zoid,model_kit,Plaza Japan,retailer,,Takara Tomy ZOIDS ZW02 Gilraptor 972013,64.8,,,USD,New,https://www.plazajapan.com/4904810972013,https://cdn11.bigcommerce.com/s-89ffd/products/39405/images/146119/49048109720132__80276.1528700271.350.350.jpg?c=2
zoid,model_kit,Plaza Japan,retailer,,Takara Tomy ZOIDS ZW03 Kabtor 972037,31.21,,,USD,New,https://www.plazajapan.com/4904810972037,https://cdn11.bigcommerce.com/s-89ffd/products/39408/images/146120/49048109720371__65988.1528700336.350.350.jpg?c=2
zoid,model_kit,Plaza Japan,retailer,,Takara Tomy ZOIDS ZW06 Gabrigator 972051,81.31,,,USD,New,https://www.plazajapan.com/4904810972051,https://cdn11.bigcommerce.com/s-89ffd/products/39412/images/146140/49048109720511__37657.1528700879.350.350.jpg?c=2
zoid,model_kit,Plaza Japan,retailer,,Takara Tomy ZOIDS ZW07 Kuwaga 972099,20.5,,,USD,New,https://www.plazajapan.com/4904810972099,https://cdn11.bigcommerce.com/s-89ffd/products/39413/images/570097/4904810972099_7c1faf30e5bfc2356aa1b9d15aa0a38b__40868.1723104677.350.350.jpg?c=2
zoid,model_kit,Plaza Japan,retailer,,Kotobukiya ZD135 Zoids EPZ-003 Great Saber Marking Plus Ver. 1/72 Scale Kit,81.97,,,USD,New,https://www.plazajapan.com/4934054019229,https://cdn11.bigcommerce.com/s-89ffd/products/67951/images/251193/4934054019229_e16d447977e0ff140c5d6300fa1119c1__10011.1588053181.350.350.jpg?c=2
zoid,model_kit,Plaza Japan,retailer,,Kotobukiya HMM ZOIDS 1/72 Liger Zero Schneider Unit Marking Plus Ver. Plastic Model (Released),45.01,,,USD,New,https://www.plazajapan.com/4934054026883,https://cdn11.bigcommerce.com/s-89ffd/products/81612/images/293930/026883-1__50073.1615452651.350.350.jpg?c=2
zoid,model_kit,Plaza Japan,retailer,,Kotobukiya HMM ZOIDS 1/72 RMZ-27 Canon Tortoise Plastic Model,51.23,,,USD,New,https://www.plazajapan.com/4934054025251,https://cdn11.bigcommerce.com/s-89ffd/products/86058/images/318211/025251-1__82857.1627287817.350.350.jpg?c=2
zoid,model_kit,Plaza Japan,retailer,,Kotobukiya HMM ZOIDS 1/35 Fangtiger Plastic Model,96.92,,,USD,New,https://www.plazajapan.com/4934054005109,https://cdn11.bigcommerce.com/s-89ffd/products/86201/images/326358/005109-1__90830.1630481411.350.350.jpg?c=2
zoid,model_kit,Plaza Japan,retailer,,Kotobukiya HMM ZOIDS 1/72 RZ-007 Shield Liger DCS-J Plastic Model,70.47,,,USD,New,https://www.plazajapan.com/4934054014026,https://cdn11.bigcommerce.com/s-89ffd/products/88559/images/297027/4934054014026_9a30c128ec6af374c0a6de466deecc31__56984.1617674972.350.350.jpg?c=2
zoid,model_kit,Plaza Japan,retailer,,Kotobukiya HMM Zoids 1/72 EZ-027 Rev Raptor Plastic Model,56.97,,,USD,New,https://www.plazajapan.com/4934054109357,https://cdn11.bigcommerce.com/s-89ffd/products/90511/images/333047/109357-1__79270.1633663208.350.350.jpg?c=2
zoid,model_kit,Plaza Japan,retailer,,Kotobukiya HMM ZOIDS 1/72 RZ-028 Blade Liger AB Plastic Model (Released),98.56,,,USD,New,https://www.plazajapan.com/4934054014057,https://cdn11.bigcommerce.com/s-89ffd/products/92582/images/307344/4934054014057_29082f7812aa37857edefed2e7aeff4b__94106.1622688575.350.350.jpg?c=2
zoid,model_kit,Plaza Japan,retailer,,Takara Tomy Zoids Wild Burning Liger,69.81,,,USD,New,https://www.plazajapan.com/4904810156062,https://cdn11.bigcommerce.com/s-89ffd/products/92683/images/341190/156062-1__42016.1637743278.350.350.jpg?c=2
zoid,model_kit,Plaza Japan,retailer,,Kotobukiya HMM Zoids 1/72 EZ-027 Raven Raptor Plastic Model,118.08,,,USD,New,https://www.plazajapan.com/4934054109333,https://cdn11.bigcommerce.com/s-89ffd/products/93752/images/342567/4934054109333_be096dcffce5a9dc377ebe1524de2de9__83263.1638346701.350.350.jpg?c=2
zoid,model_kit,Plaza Japan,retailer,,Kotobukiya HMM Zoids 1/72 RZ-014 Godos Marking Plus Ver. Plastic Model (old),69.65,,,USD,New,https://www.plazajapan.com/4934054035618,https://cdn11.bigcommerce.com/s-89ffd/products/98829/images/352962/4934054035618_ec81b3fcab301a0825413b5ca9af8cd3__58706.1642478192.350.350.jpg?c=2
zoid,model_kit,Plaza Japan,retailer,,Kotobukiya HMM Zoids 1/72 EZ-017 Iguan Marking Plus Ver. Plastic Model,52.4,,,USD,New,https://www.plazajapan.com/4934054039081,https://cdn11.bigcommerce.com/s-89ffd/products/100500/images/375908/4934054039081_a8d8d8a5dcb912aa62c620ffefbf67ad__91951.1650873287.350.350.jpg?c=2
zoid,model_kit,Plaza Japan,retailer,,Kotobukiya HMM Zoids 1/72 RZ-030 Gun Sniper W2 Plastic Model,25.88,,,USD,New,https://www.plazajapan.com/4934054026975,https://cdn11.bigcommerce.com/s-89ffd/products/102386/images/529819/4934054062287_b3a5df217172269fb1b9e29f88c31f60__14220.1712725051.350.350.jpg?c=2
zoid,model_kit,Plaza Japan,retailer,,Kotobukiya HMM Zoids 1/72 RZ-007 Shield Liger Marking Plus Ver. Plastic Model,80.33,,,USD,New,https://www.plazajapan.com/4934054039111,https://cdn11.bigcommerce.com/s-89ffd/products/105159/images/385149/4934054039111_065f43dd051661925c793b078f84e79a__15969.1653622413.350.350.jpg?c=2
zoid,model_kit,Plaza Japan,retailer,,Kotobukiya HMM Zoids 1/72 EZ-015 Iron Kong Marking Plus Ver. Plastic Model,135.52,,,USD,New,https://www.plazajapan.com/4934054045617,https://cdn11.bigcommerce.com/s-89ffd/products/113059/images/388995/4934054045617_3688d53ab50eeea1fb38a4a40faa4dd5__58129.1655193112.350.350.jpg?c=2
zoid,model_kit,Plaza Japan,retailer,,Kotobukiya HMM ZOIDS 1/72 RZ-029 Storm Sworder Plastic Model (Reproduction),48.98,,,USD,New,https://www.plazajapan.com/4934054049721,https://cdn11.bigcommerce.com/s-89ffd/products/116769/images/406956/49340549721_ffb504eedeee333bdd11e72ed90fdd1b__30501.1661847292.350.350.jpg?c=2
zoid,model_kit,Plaza Japan,retailer,,Kotobukiya HMM ZOIDS 1/72 EZ-005 Redler Guylos Empire Type Plastic Model,58.98,,,USD,New,https://www.plazajapan.com/4934054027514,https://cdn11.bigcommerce.com/s-89ffd/products/117807/images/411172/4934054027514_55d2ffdebb8883d11aa222a66393f68d__44799.1663051380.350.350.jpg?c=2
zoid,model_kit,Plaza Japan,retailer,,Kotobukiya HMM ZOIDS 1/72 EHI-7 Reddra Zenebas Empire Type Plastic Model,63.43,,,USD,New,https://www.plazajapan.com/4934054027507,https://cdn11.bigcommerce.com/s-89ffd/products/117809/images/453424/4934054027507_e0124cd9793be42bfa0319a34886ce87__17683.1678332585.350.350.jpg?c=2
zoid,model_kit,Plaza Japan,retailer,,Kotobukiya HMM Zoids 1/72 Iron Kong Prozen Knights Plastic Model,196.96,,,USD,New,https://www.plazajapan.com/4934054050062,https://cdn11.bigcommerce.com/s-89ffd/products/118956/images/416655/4934054050062_4504a67cfe275163e70399eaf4934a7c__70223.1665039006.350.350.jpg?c=2
zoid,model_kit,Plaza Japan,retailer,,Kotobukiya HMM Zoids 1/72 Customize Parts Dual Sniper Rifle & AZ Five Launch Missile System Set Plastic Model,64.89,,,USD,New,https://www.plazajapan.com/4934054003853,https://cdn11.bigcommerce.com/s-89ffd/products/125948/images/529807/4934054003853_c8349fa7dfbf1ceeeaa2b175daa30f78__48418.1712724635.350.350.jpg?c=2
zoid,model_kit,Plaza Japan,retailer,,Kotobukiya HMM ZOIDS 1/72 Green Horn AB Plastic Model,136.64,,,USD,New,https://www.plazajapan.com/4934054043446,https://cdn11.bigcommerce.com/s-89ffd/products/130008/images/461855/4934054043446_f325cf5e04d5b8f0869ee25f7cb64ddc__33807.1682043912.350.350.jpg?c=2
zoid,model_kit,Plaza Japan,retailer,,Kotobukiya HMM ZOIDS 1/72 RZ-013 Buster Tortoise Plastic Model,70.47,,,USD,New,https://www.plazajapan.com/4934054056262,https://cdn11.bigcommerce.com/s-89ffd/products/130567/images/464183/4934054056262_451185fb238e578aa61606d9bba151f3__51443.1683015264.350.350.jpg?c=2
zoid,model_kit,Plaza Japan,retailer,,Kotobukiya HMM Zoids 1/72 EZ-004 FIRE FOX Marking Plus Ver. Plastic Model,73.26,,,USD,New,https://www.plazajapan.com/4934054058389,https://cdn11.bigcommerce.com/s-89ffd/products/136807/images/492278/4934054058389_b80842cf3946ce1f0340fbbc28f1032b__63704.1697607606.350.350.jpg?c=2
zoid,model_kit,Plaza Japan,retailer,,Kotobukiya HMM ZOIDS 1/72 RZ-002 Guysack Plastic Model,52.4,,,USD,New,https://www.plazajapan.com/4934054045655,https://cdn11.bigcommerce.com/s-89ffd/products/142350/images/515332/4934054045655_fe6d1932c2f2d2915bfd64518f49464b__57370.1707442446.350.350.jpg?c=2
zoid,model_kit,Plaza Japan,retailer,,Takara Tomy Zoids 1/72 AZ Molga Plastic Model,47.64,,,USD,New,https://www.plazajapan.com/4904810945673,https://cdn11.bigcommerce.com/s-89ffd/products/155317/images/664073/takara-tomy-zoids-172-az-molga-plastic-model__79338.1737713273.350.350.jpg?c=2
zoid,model_kit,Plaza Japan,retailer,,Kotobukiya HMM ZOIDS 1/72 DPZ-10 Dark Horn Marking Plus Ver. Plastic Model,114.17,,,USD,New,https://www.plazajapan.com/4934054063550,https://cdn11.bigcommerce.com/s-89ffd/products/163566/images/634499/kotobukiya-hmm-zoids-172-dpz-10-dark-horn-marking-plus-ver-plastic-model__75538.1737382418.350.350.jpg?c=2
zoid,model_kit,Plaza Japan,retailer,,Kotobukiya HMM ZOIDS 1/72 EHI-7 Redler Zenebus Empire Ver. Plastic Model,34.77,,,USD,New,https://www.plazajapan.com/4934054067336,https://cdn11.bigcommerce.com/s-89ffd/products/163578/images/634587/kotobukiya-hmm-zoids-172-ehi-7-redler-zenebus-empire-ver-plastic-model__82587.1737382593.350.350.jpg?c=2
zoid,model_kit,Plaza Japan,retailer,,Kotobukiya HMM ZOIDS 1/72 EZ-005 Redler Guyros Empire Ver. Plastic Model,34.77,,,USD,New,https://www.plazajapan.com/4934054067343,https://cdn11.bigcommerce.com/s-89ffd/products/163579/images/634103/kotobukiya-hmm-zoids-172-ez-005-redler-guyros-empire-ver-plastic-model__00712.1737381757.350.350.jpg?c=2
zoid,model_kit,Plaza Japan,retailer,,Kotobukiya HMM ZOIDS 1/72: RZ-007 Shield Liger - DCS-J Plastic Model,39.36,,,USD,New,https://www.plazajapan.com/4934054073702,https://cdn11.bigcommerce.com/s-89ffd/products/169263/images/714098/kotobukiya-hmm-zoids-172-rz-007-shield-liger-dcs-j-plastic-model__99267.1739869683.350.350.jpg?c=2
zoid,model_kit,Plaza Japan,retailer,,Takara Tomy Zoids AZ-06 Liger Zero Phoenix,147.87,,,USD,New,https://www.plazajapan.com/4904810918844,https://cdn11.bigcommerce.com/s-89ffd/products/169454/images/715971/takara-tomy-zoids-az-06-liger-zero-phoenix__98875.1739872698.350.350.jpg?c=2
zoid,model_kit,Plaza Japan,retailer,,Kotobukiya HMM ZOIDS 1/72 Liger Zero Schneider Unit Marking Plus Ver. Plastic Model,20.23,,,USD,New,https://www.plazajapan.com/4934054073726,https://cdn11.bigcommerce.com/s-89ffd/products/170337/images/717573/4934054073726_1e8fcec2bef1d1292f3fb6892d3dc5df__72009.1739940989.350.350.jpg?c=2
zoid,model_kit,Plaza Japan,retailer,,Kotobukiya HMM Zoids 1/72 EPZ-003 Greatsaber Marking Plus Ver. Plastic Model,42.59,,,USD,New,https://www.plazajapan.com/4934054073917,https://cdn11.bigcommerce.com/s-89ffd/products/176668/images/761995/4934054073917_c31cc81754fbe18c7806440d559629c4__96666.1747977861.350.350.jpg?c=2
zoid,model_kit,Plaza Japan,retailer,,Kotobukiya HMM Zoids RZ-045 Salamander 1/72 Plastic Model,257.9,,,USD,New,https://www.plazajapan.com/4934054047789,https://cdn11.bigcommerce.com/s-89ffd/products/181199/images/803535/kotobukiya-hmm-zoids-rz-045-salamander-172-plastic-model__94341.1755491825.350.350.jpg?c=2
zoid,model_kit,Plaza Japan,retailer,,Takara Tomy Zoids Cannontoise,35.3,,,USD,New,https://www.plazajapan.com/4904810973126,https://cdn11.bigcommerce.com/s-89ffd/products/186274/images/826797/4904810973126-1__44712.1759737242.350.350.jpg?c=2
zoid,model_kit,Plaza Japan,retailer,,Kotobukiya 1/72 Zoids GUN SNIPER Leena Special 2001 Re/color Plastic Model,33.01,,,USD,New,https://www.plazajapan.com/4934054081394,https://cdn11.bigcommerce.com/s-89ffd/products/189469/images/852233/kotobukiya-172-zoids-gun-sniper-leena-special-2001-recolor-plastic-model__88967.1763451195.350.350.jpg?c=2
zoid,model_kit,Plaza Japan,retailer,,Kotobukiya HMM ZOIDS 1/72 Iron Kong (Schwarz Ver.) Plastic Model,116.45,,,USD,New,https://www.plazajapan.com/4934054081493,https://cdn11.bigcommerce.com/s-89ffd/products/196330/images/896016/kotobukiya-hmm-zoids-172-iron-kong-schwarz-ver-plastic-model__91843.1771467945.350.350.jpg?c=2
zoid,model_kit,Plaza Japan,retailer,,Takara Tomy Zoids AZ-14 Liger Zero Ixis Plastic Model,98.56,,,USD,New,https://www.plazajapan.com/4904810096832,https://cdn11.bigcommerce.com/s-89ffd/products/196907/images/892241/takara-tomy-zoids-az-14-liger-zero-ixis-plastic-model__04624.1771462015.350.350.jpg?c=2
zoid,model_kit,Plaza Japan,retailer,,Takara Tomy ZOIDS Wild Liger Zinogre Plastic Model,48.65,,,USD,New,https://www.plazajapan.com/4904810083719,https://cdn11.bigcommerce.com/s-89ffd/products/213798/images/989537/takara-tomy-zoids-wild-liger-zinogre-plastic-model__26061.1784353147.350.350.jpg?c=2
zoid,model_kit,Plaza Japan,retailer,,Takara Tomy Zoids Fangriffon Plastic Model,54.18,,,USD,New,https://www.plazajapan.com/4904810095651,https://cdn11.bigcommerce.com/s-89ffd/products/216842/images/1004072/takara-tomy-zoids-fangriffon-plastic-model__87905.1787031262.350.350.jpg?c=2
zoid,model_kit,Plaza Japan,retailer,,Takara Tomy ZW10 Zoids Wild Knuckle Kong,32.85,,,USD,New,https://www.plazajapan.com/4904810972075,https://cdn11.bigcommerce.com/s-89ffd/products/58859/images/193727/4904810972075_5c469f4a08717fd02c4d3dd4c44959cc__88338.1559299631.350.350.jpg?c=2
zoid,model_kit,Plaza Japan,retailer,,Takara Tomy ZW44 Zoids Wild Zero Grizis,162.63,,,USD,New,https://www.plazajapan.com/4904810140955,https://cdn11.bigcommerce.com/s-89ffd/products/92682/images/307889/4904810140955_98ea50e9a5c9b06c07a461eaa0ef091a__58272.1622778052.350.350.jpg?c=2
zoid,model_kit,Plaza Japan,retailer,,Takara Tomy ZW53 Zoids Wild Core Drive Weapon Ignition Booster,10.11,,,USD,New,https://www.plazajapan.com/4904810154037,https://cdn11.bigcommerce.com/s-89ffd/products/92685/images/307904/4904810154037_38d6458385a8a9ca5d0125158eb15a90__60876.1622778147.350.350.jpg?c=2
zoid,model_kit,Plaza Japan,retailer,,Takara Tomy ZW56 Zoids Wild Core Drive Weapon Twin Pile Bunker,10.74,,,USD,New,https://www.plazajapan.com/4904810154044,https://cdn11.bigcommerce.com/s-89ffd/products/92688/images/307915/4904810154044_8b053282bec068e24d92a71d8744ce68__64120.1622778201.350.350.jpg?c=2
zoid,model_kit,Plaza Japan,retailer,,Takara Tomy ZW57 Zoids Wild Xeno Evolution Arms Buster Unit,23.65,,,USD,New,https://www.plazajapan.com/4904810165613,https://cdn11.bigcommerce.com/s-89ffd/products/92689/images/307917/4904810165613_c5126215d39e04227ca6a5cdc22a1fab__44131.1622778232.350.350.jpg?c=2
zoid,model_kit,Plaza Japan,retailer,,Takara Tomy 1/72 ZOIDS AZ-01 Blade Liger,98.54,,,USD,New,https://www.plazajapan.com/4904810227540,https://cdn11.bigcommerce.com/s-89ffd/products/136333/images/490503/4904810227540_06de4b147759de916a8b10cb018c0542__80637.1696495785.350.350.jpg?c=2
zoid,model_kit,Plaza Japan,retailer,,Takara Tomy Spider Zoids Black Spider-Man Special,31.21,,,USD,New,https://www.plazajapan.com/4904810955962,https://cdn11.bigcommerce.com/s-89ffd/products/161133/images/638275/takara-tomy-spider-zoids-black-spider-man-special__00376.1737442964.350.350.jpg?c=2
zoid,model_kit,Plaza Japan,retailer,,Kotobukiya 1/72 HMM Zoids RZ-041 Liger Zero Panzer Marking Plus Ver. Plastic Model,88.54,,,USD,New,https://www.plazajapan.com/4934054073900,https://cdn11.bigcommerce.com/s-89ffd/products/173125/images/741166/kotobukiya-172-hmm-zoids-rz-041-liger-zero-panzer-marking-plus-ver-plastic-model__00218.1745019868.350.350.jpg?c=2
zoid,model_kit,Plaza Japan,retailer,,Kotobukiya 1/72 HMM Zoids EZ-054 Liger Zero X Plastic Model,89.34,,,USD,New,https://www.plazajapan.com/4934054073924,https://cdn11.bigcommerce.com/s-89ffd/products/175159/images/748700/4934054073924_240054ce4f23bf61223fa3c2247a74ef__51889.1746088571.350.350.jpg?c=2
zoid,model_kit,Plaza Japan,retailer,,Kotobukiya 1/72 HMM Zoids RZ-013 Cannon Tortoise Marking Plus Ver. Plastic Model,90.83,,,USD,New,https://www.plazajapan.com/4934054070589,https://cdn11.bigcommerce.com/s-89ffd/products/175160/images/748669/4934054070589_4cc9b209d7bb8ce1e0494c33b8ca7a35__25837.1746088501.350.350.jpg?c=2
zoid,model_kit,Plaza Japan,retailer,,Takara Tomy 1/72 Zoids AZ-13 Canory Molga Insect Type Plastic Model,38.22,,,USD,New,https://www.plazajapan.com/4904810096849,https://cdn11.bigcommerce.com/s-89ffd/products/209215/images/964859/4904810096849_0dd0fbe78f6eb79a6b3bf7a9f296ebde__78980.1781851641.350.350.jpg?c=2
zoid,model_kit,Plaza Japan,retailer,,Kotobukiya D-STYLE ZOIDS Death Saurer Clear Parts Append Plastic Model,18.1,,,USD,New,https://www.plazajapan.com/4934054097036,https://cdn11.bigcommerce.com/s-89ffd/products/219900/images/1029960/4934054097036_c9a225addcd623668f015995f47f777f__84859.1791541584.350.350.jpg?c=2
zoid,model_kit,Plaza Japan,retailer,,Takara Tomy Realize Model ZOIDS RMZ-004 Hell Cat Guylos Color,25.63,,,USD,New,https://www.plazajapan.com/4904810939702,https://cdn11.bigcommerce.com/s-89ffd/products/161134/images/653173/takara-tomy-realize-rmz-004-hell-cat-guylos-color__04771.1737466444.350.350.jpg?c=2
zoid,model_kit,Plaza Japan,retailer,,Takara Tomy Realize Model ZOIDS RMZ-005 Molga Guylos Color,21.93,,,USD,New,https://www.plazajapan.com/4904810939733,https://cdn11.bigcommerce.com/s-89ffd/products/161135/images/656451/takara-tomy-realize-rmz-005-molga-guylos-color__59683.1737471708.350.350.jpg?c=2
zoid,model_kit,Plaza Japan,retailer,,Takara Tomy T-Spark Zoids AZ-16 Liger Zero Jaeger Pre Colored Plastic Kit,105.05,,,USD,New,https://www.plazajapan.com/4904810073772,https://cdn11.bigcommerce.com/s-89ffd/products/204619/images/938925/takara-tomy-t-spark-zoids-az-16-liger-zero-jaeger-pre-colored-plastic-kit__39034.1779076354.350.350.jpg?c=2
zoid,model_kit,Plaza Japan,retailer,,Takara Tomy 1/72 Scale ZOIDS AZ-18 Godos Plastic Model,42.13,,,USD,New,https://www.plazajapan.com/4904810058625,https://cdn11.bigcommerce.com/s-89ffd/products/219463/images/1027641/4904810058625_c135e69b3a5ee192fd5b6ff3ea58ff4b__75920.1790997059.350.350.jpg?c=2
zoid,model_kit,Plaza Japan,retailer,,Takara Tomy Monster Hunter x Zoids Gatling Fox Mitsune,46.0,,,USD,New,https://www.plazajapan.com/4904810995203,https://cdn11.bigcommerce.com/s-89ffd/products/174542/images/745630/4904810995203_6a8653eb5a57269a44c257f6246bf920__40558.1745388023.350.350.jpg?c=2
zoid,model_kit,Plaza Japan,retailer,,Takara Tomy Monster Hunter x Zoids Knuckle Kong Rajang,26.86,,,USD,New,https://www.plazajapan.com/4904810995197,https://cdn11.bigcommerce.com/s-89ffd/products/174543/images/745639/4904810995197_893e31a471c772095c38d74050e48b46__76712.1745388112.350.350.jpg?c=2
zoid,model_kit,Plaza Japan,retailer,,Takara Tomy 1/100 Scale ZOIDS Realize RMZ-006 Saber Tiger Schubaltz Special Plastic Model,36.11,,,USD,New,https://www.plazajapan.com/4904810939719,https://cdn11.bigcommerce.com/s-89ffd/products/219438/images/1027453/4904810939719_14178bc350bfc9b49ed5f2e8a8c81032__69448.1790996807.350.350.jpg?c=2
zoid,model_kit,Plaza Japan,retailer,,Takara Tomy 1/100 Scale ZOIDS Realize RMZ-027 Dibison Thoma Ver. Plastic Model,36.11,,,USD,New,https://www.plazajapan.com/4904810092599,https://cdn11.bigcommerce.com/s-89ffd/products/219468/images/1027677/4904810092599_29daf2e1674862e650c4e6de5664e279__22360.1790997107.350.350.jpg?c=2
zoid,model_kit,Plaza Japan,retailer,,Takara Tomy 1/100 Realize Model ZOIDS RMZ-007 Trinity Liger Figure,36.11,,,USD,New,https://www.plazajapan.com/4904810939689,https://cdn11.bigcommerce.com/s-89ffd/products/167619/images/622063/takara-tomy-1100-scale-realize-rmz-007-trinity-liger-figure__35145.1737069379.350.350.jpg?c=2
zoid,model_kit,Plaza Japan,retailer,,Takara Tomy 1/100 Realize Model ZOIDS RMZ-008 Command Wolf Irvine Special Plastic Model,38.19,,,USD,New,https://www.plazajapan.com/4904810938866,https://cdn11.bigcommerce.com/s-89ffd/products/170426/images/718123/4904810938866_3692768eb566751e46b9a78c5e7018a0__99623.1740032176.350.350.jpg?c=2
zoid,model_kit,Plaza Japan,retailer,,Takara Tomy 1/100 Realize Model ZOIDS RMZ-019 Hellcat And Morga Zenevas Color Set Plastic Model,43.94,,,USD,New,https://www.plazajapan.com/4904810073987,https://cdn11.bigcommerce.com/s-89ffd/products/196915/images/894065/takara-tomy-1100-realize-model-zoids-rmz-019-hellcat-and-morga-zenevas-color-set-plastic-model__01045.1771464882.350.350.jpg?c=2
zoid,model_kit,Plaza Japan,retailer,,Takara Tomy 1/100 Realize Model ZOIDS RMZ-020 Zabat Plastic Model,34.99,,,USD,New,https://www.plazajapan.com/4904810086895,https://cdn11.bigcommerce.com/s-89ffd/products/196918/images/894827/takara-tomy-1100-realize-model-zoids-rmz-020-zabat-plastic-model__62410.1771466051.350.350.jpg?c=2
zoid,model_kit,Plaza Japan,retailer,,Takara Tomy T-Spark Realize Model Zoids RMZ-022 Murasame Liger Color-Separated Plastic Model Kit,51.17,,,USD,New,https://www.plazajapan.com/4904810092575,https://cdn11.bigcommerce.com/s-89ffd/products/204618/images/939149/takara-tomy-t-spark-realize-model-zoids-rmz-022-murasame-liger-color-separated-plastic-model-kit__96398.1779076639.350.350.jpg?c=2
zoid,model_kit,Plaza Japan,retailer,,Takara Tomy T-Spark Realize Model Zoids RMZ-021 Shield Liger Mark II 1/100 Scale Pre-Colored Plastic Model Kit,51.87,,,USD,New,https://www.plazajapan.com/4904810918790,https://cdn11.bigcommerce.com/s-89ffd/products/205550/images/936814/4904810918790_35bf0ac979bf4197ca635fd5fecabbda__96440.1779064809.350.350.jpg?c=2
zoid,model_kit,Plaza Japan,retailer,,Takara Tomy T-Spark Realize Model Zoids RMZ-012 Hellcat Tirol 1/100 Scale Color-Separated Plastic Model Kit,36.14,,,USD,New,https://www.plazajapan.com/4904810954385,https://cdn11.bigcommerce.com/s-89ffd/products/205608/images/937290/4904810954385_bd7c5da59bb285dcf06d4e595ae2976e__96741.1779068465.350.350.jpg?c=2
zoid,model_kit,Plaza Japan,retailer,,Takara Tomy 1/100 Realize Model Zoids RMZ-014 Red Horn Guylos Color Styracosaurus Type,43.75,,,USD,New,https://www.plazajapan.com/4904810939740,https://cdn11.bigcommerce.com/s-89ffd/products/209298/images/965110/4904810939740_1c571e6fec7192b5932aca398cdc8ca4__43248.1782187450.350.350.jpg?c=2
zoid,model_kit,Plaza Japan,retailer,,Takara Tomy 1/100 Realize Model Zoids RMZ-016 Blade Liger Panzer (ZBF) Lion Type,65.54,,,USD,New,https://www.plazajapan.com/4904810092544,https://cdn11.bigcommerce.com/s-89ffd/products/209355/images/965464/4904810092544_c2a8aed77598cb4f02a6dd8123802a3b__27261.1782276934.350.350.jpg?c=2
zoid,model_kit,Plaza Japan,retailer,,Takara Tomy T Spark Realize Model Zoids RMZ-013 Shield Liger Van Version Precolored,48.54,,,USD,New,https://www.plazajapan.com/4904810995524,https://cdn11.bigcommerce.com/s-89ffd/products/213581/images/987842/takara-tomy-t-spark-realize-model-zoids-rmz-013-shield-liger-van-version-precolored__18854.1784350461.350.350.jpg?c=2
zoid,model_kit,Plaza Japan,retailer,,Takara Tomy T-Spark Realize Model Zoids RMZ-025 Liger Zero Falcon (ZBF) Plastic Model,67.35,,,USD,New,https://www.plazajapan.com/4904810092551,https://cdn11.bigcommerce.com/s-89ffd/products/216717/images/1008320/takara-tomy-t-spark-realize-model-zoids-rmz-025-liger-zero-falcon-zbf-plastic-model__43045.1787037826.350.350.jpg?c=2
zoid,model_kit,Plaza Japan,retailer,,Takara Tomy 1/100 RMZ Realize Model ZOIDS Geno Saurer Plastic Model,54.21,,,USD,New,https://www.plazajapan.com/4904810939696,https://cdn11.bigcommerce.com/s-89ffd/products/152773/images/681738/takara-tomy-1100-rmz-realize-model-zoids-geno-saurer-plastic-model__53028.1737741564.350.350.jpg?c=2
zoid,model_kit,Plaza Japan,retailer,,Takara Tomy 1/100 RMZ-003 Realize Model ZOIDS Command Wolf Plastic Model,31.21,,,USD,New,https://www.plazajapan.com/4904810918769,https://cdn11.bigcommerce.com/s-89ffd/products/156052/images/650302/takara-tomy-1100-rmz-003-realize-model-zoids-command-wolf-plastic-model__11292.1737461864.350.350.jpg?c=2
zoid,model_kit,Plaza Japan,retailer,,Kotobukiya HMM Series 1/72 EZ-036 Death Stinger Plastic Model (ZOIDS),146.2,,,USD,New,https://www.plazajapan.com/4934054017843,https://cdn11.bigcommerce.com/s-89ffd/products/80243/images/267882/4934054017843_02ca997b23beca128c1ff3dbeabb5220__41670.1598576458.350.350.jpg?c=2
zoid,model_kit,Plaza Japan,retailer,,Kotobukiya HMM Series 1/72 EZ-004 RED HORN Marking Plus Ver. Plastic Model (ZOIDS),90.51,,,USD,New,https://www.plazajapan.com/4934054056910,https://cdn11.bigcommerce.com/s-89ffd/products/135013/images/484770/4934054056910_359a0a3dc030beb659c23e9e6c6a5cf4__96404.1693964223.350.350.jpg?c=2
zoid,other,Plaza Japan,retailer,,Kotobukiya ZA004 Zoids ZA Mugen Liger 1/100 Scale Action Figure,44.16,,,USD,New,https://www.plazajapan.com/4934054107728,https://cdn11.bigcommerce.com/s-89ffd/products/11145/images/338993/ZA004_a__61951.1473069451__77029.1636591913.350.350.jpg?c=2
zoid,model_kit,Plaza Japan,retailer,,Kotobukiya ZD037 Zoids EPZ-003 Great Saber 1/72 Scale Kit,37.02,,,USD,New,https://www.plazajapan.com/4934054103249,https://cdn11.bigcommerce.com/s-89ffd/products/11146/images/338994/blob__93661.1473215125__91265.1636591970.350.350.png?c=2
zoid,model_kit,Plaza Japan,retailer,,Kotobukiya ZD042 Zoids RZ-041 Liger Zero 1/72 Scale Kit,31.59,,,USD,New,https://www.plazajapan.com/4934054103515,https://cdn11.bigcommerce.com/s-89ffd/products/11147/images/338995/blob__57606.1473215259__32605.1636592039.350.350.png?c=2
zoid,model_kit,Plaza Japan,retailer,,Kotobukiya ZD048 Zoids RZ-010 Pteras Bomber Jamie Custom 1/72 Scale Kit,24.51,,,USD,New,https://www.plazajapan.com/4934054103966,https://cdn11.bigcommerce.com/s-89ffd/products/11148/images/338996/blob__09367.1473215384.1280.1280__77606.1510213587__75168.1636592115.350.350.png?c=2
zoid,model_kit,Plaza Japan,retailer,,Kotobukiya ZD052 Zoids RZ-014 Godos 1/72 Scale Kit,22.87,,,USD,New,https://www.plazajapan.com/4934054104130,https://cdn11.bigcommerce.com/s-89ffd/products/11149/images/338997/blob__46682.1473215527__92304.1510558521__00030.1636592241.350.350.png?c=2
zoid,model_kit,Plaza Japan,retailer,,Kotobukiya ZD062 Zoids EZ-049 Berserk Fuhrer 1/72 Scale Kit,150.06,,,USD,New,https://www.plazajapan.com/4934054104437,https://cdn11.bigcommerce.com/s-89ffd/products/11151/images/179076/blob__44558.1473215804__71495.1552301857.350.350.jpg?c=2
zoid,model_kit,Plaza Japan,retailer,,Kotobukiya ZD063 Zoids RZ-041 Ligar Zero Panzer 1/72 Scale Kit,39.8,,,USD,New,https://www.plazajapan.com/4934054104451,https://cdn11.bigcommerce.com/s-89ffd/products/11152/images/338998/4934054104451-1__95497.1559024482__86555.1636592308.350.350.png?c=2
zoid,model_kit,Plaza Japan,retailer,,Kotobukiya HMM ZOIDS 1/72 Liger Zero Jager Unit Plastic Model,16.36,,,USD,New,https://www.plazajapan.com/4934054104574,https://cdn11.bigcommerce.com/s-89ffd/products/11153/images/338999/ZD066_a__05010.1484734091__91445.1636592368.350.350.jpg?c=2
zoid,model_kit,Plaza Japan,retailer,,Kotobukiya ZD070 Zoids RZ-046 Shadow Fox 1/72 Scale Kit,29.19,,,USD,New,https://www.plazajapan.com/4934054104871,https://cdn11.bigcommerce.com/s-89ffd/products/11154/images/339000/zd070_a__22515.1472627340__68358.1636592436.350.350.jpg?c=2
zoid,model_kit,Plaza Japan,retailer,,Kotobukiya ZD076 ZOIDS EZ-034 GENO BREAKER RAVEN Version 1/72 Scale Kit,50.1,,,USD,New,https://www.plazajapan.com/4934054105281,https://cdn11.bigcommerce.com/s-89ffd/products/11155/images/339001/blob__92511.1473219707__92226.1636592492.350.350.png?c=2
zoid,model_kit,Plaza Japan,retailer,,Kotobukiya ZD097 Zoids RHI-3 Command Wolf Repackage Version HMM 1/72 Scale Kit,26.16,,,USD,New,https://www.plazajapan.com/4934054107551,https://cdn11.bigcommerce.com/s-89ffd/products/11156/images/339002/blob__02570.1473216401.1280.1280__86818.1510214789__34530.1636592554.350.350.png?c=2
zoid,model_kit,Plaza Japan,retailer,,Kotobukiya ZD067 Zoids Panzer Unit for Liger Zero 1/72 Scale Kit,17.44,,,USD,New,https://www.plazajapan.com/4934054104581,https://cdn11.bigcommerce.com/s-89ffd/products/11157/images/339003/blob__46851.1473216093.1280.1280__02872.1510215935__38930.1636592609.350.350.png?c=2
zoid,model_kit,Plaza Japan,retailer,,Kotobukiya ZD044 Zoids Gun Sniper Leena Special 1/72 Scale Kit,24.51,,,USD,New,https://www.plazajapan.com/4934054103768,https://cdn11.bigcommerce.com/s-89ffd/products/14805/images/54045/2__58346.1474438677.350.350.jpg?c=2
zoid,model_kit,Plaza Japan,retailer,,Kotobukiya ZD036 Zoids EZ-035 Lightning Saix 1/72 Scale Kit,85.8,,,USD,New,https://www.plazajapan.com/4934054103133,https://cdn11.bigcommerce.com/s-89ffd/products/15156/images/68873/ZD036_a__54390.1484305423.350.350.jpg?c=2
zoid,model_kit,Plaza Japan,retailer,,Kotobukiya ZD086 Zoids EZ-036 Death Stinger 1/72 Scale Kit,211.91,,,USD,New,https://www.plazajapan.com/4934054106462,https://cdn11.bigcommerce.com/s-89ffd/products/17668/images/115724/ZD086_a__12640.1483699708.1280.1280__01140.1744268786.350.350.jpg?c=2
zoid,model_kit,Plaza Japan,retailer,,Kotobukiya 102747 ZD026 ZOIDS EMZ-15 Molga AA & Molga Carrier 1/72 Scale Kit,334.42,,,USD,New,https://www.plazajapan.com/4934054102747,https://cdn11.bigcommerce.com/s-89ffd/products/18633/images/114881/ZD026_a__61126.1485434772.1280.1280__29949.1510140573.350.350.jpg?c=2
zoid,model_kit,Plaza Japan,retailer,,Kotobukiya ZD094 Zoids HMM Customize Parts Beam Gatling Set 1/72 Scale Model Kit,12.51,,,USD,New,https://www.plazajapan.com/4934054107384,https://cdn11.bigcommerce.com/s-89ffd/products/24697/images/99816/ZD094_a__74373.1498900791.350.350.jpg?c=2
zoid,model_kit,Plaza Japan,retailer,,Kotobukiya ZD025 Zoids RZ-013 Buster Tortoise 1/72 Scale Model Kit,257.12,,,USD,New,https://www.plazajapan.com/4934054102631,https://cdn11.bigcommerce.com/s-89ffd/products/28353/images/121383/4934054102631-1__06153.1516344998.350.350.jpg?c=2
zoid,model_kit,Plaza Japan,retailer,,Kotobukiya ZD030 Zoids EZ-004 Red Horn 1/72 Scale Model Kit,37.02,,,USD,New,https://www.plazajapan.com/4934054102785,https://cdn11.bigcommerce.com/s-89ffd/products/28354/images/121389/4934054102785-1__78897.1516345257.350.350.jpg?c=2
zoid,model_kit,Plaza Japan,retailer,,Kotobukiya ZD11 Zoids EMZ-15 Molga and Molga with Canory Unit 1/72 Scale Model Kit,78.03,,,USD,New,https://www.plazajapan.com/4934054101641,https://cdn11.bigcommerce.com/s-89ffd/products/28355/images/121396/4934054101641-1__99757.1516345655.350.350.jpg?c=2
zoid,model_kit,Plaza Japan,retailer,,Kotobukiya ZD105 Zoids HMM Sturm Unit for EZ-049 Berserk Fuhrer 1/72 Scale Kit,35.63,,,USD,New,https://www.plazajapan.com/4934054109159,https://cdn11.bigcommerce.com/s-89ffd/products/33522/images/128903/4934054109159-1__93850.1519808296.350.350.jpg?c=2
zoid,model_kit,Plaza Japan,retailer,,Takara Tomy ZOIDS ZW04 Scorpear 972044,36.88,,,USD,New,https://www.plazajapan.com/4904810972044,https://cdn11.bigcommerce.com/s-89ffd/products/39409/images/146126/49048109720441__52798.1528700418.350.350.jpg?c=2
zoid,other,Plaza Japan,retailer,,Ensky Jigsaw Puzzle 108-L719 Anime Zoids Wild (108 L-Pieces),9.29,,,USD,New,https://www.plazajapan.com/4970381199753,https://cdn11.bigcommerce.com/s-89ffd/products/47997/images/158936/4970381199753-1__80822.1533869586.350.350.jpg?c=2
zoid,model_kit,Plaza Japan,retailer,,Takara Tomy ZW14 Zoids Wild Stegosage,56.67,,,USD,New,https://www.plazajapan.com/4904810972068,https://cdn11.bigcommerce.com/s-89ffd/products/58866/images/272591/672068-1__75655.1601281750.350.350.jpg?c=2
zoid,model_kit,Plaza Japan,retailer,,Kotobukiya ZD130 Zoids RMZ-11 Godos Former Republic Ver. 1/72 Scale Kit,82.12,,,USD,New,https://www.plazajapan.com/4934054014040,https://cdn11.bigcommerce.com/s-89ffd/products/63731/images/232697/4934054014040_922920bafaec68e45ab5a397df278b1b__32052.1579849577.350.350.jpg?c=2
zoid,model_kit,Plaza Japan,retailer,,Kotobukiya ZD136 Zoids EZ-015 Iron Kong Yeti 1/72 Scale Kit,92.75,,,USD,New,https://www.plazajapan.com/4934054019489,https://cdn11.bigcommerce.com/s-89ffd/products/69860/images/259640/4934054019489_5ecb5573388e0361d1e57e83a9e4eb95__79191.1593415106.350.350.jpg?c=2
zoid,model_kit,Plaza Japan,retailer,,Kotobukiya ZD025R Zoids Buster Tortoise 1/72 Scale Model Kit,22.05,,,USD,New,https://www.plazajapan.com/4934054025244,https://cdn11.bigcommerce.com/s-89ffd/products/69971/images/233914/4934054025244_57aaba2d03ddb4022a7c3171fbd531ce__16440.1580960156.350.350.jpg?c=2
zoid,model_kit,Plaza Japan,retailer,,Kotobukiya HMM ZOIDS 1/72 RBOZ-006 Dibison Marking Plus Ver. Plastic Model,58.56,,,USD,New,https://www.plazajapan.com/4934054023073,https://cdn11.bigcommerce.com/s-89ffd/products/70413/images/282089/023073-1__11897.1606811485.350.350.jpg?c=2
zoid,model_kit,Plaza Japan,retailer,,Kotobukiya ZD079R Zoids EZ-017 Iguan 1/72 Scale Kit,24.32,,,USD,New,https://www.plazajapan.com/4934054026937,https://cdn11.bigcommerce.com/s-89ffd/products/70646/images/276641/026937-1__24844.1603437249.350.350.jpg?c=2
zoid,model_kit,Plaza Japan,retailer,,Kotobukiya ZD100R Zoids Customized Parts Gojulas Cannon Set 1/72 Scale Kit,27.8,,,USD,New,https://www.plazajapan.com/4934054026920,https://cdn11.bigcommerce.com/s-89ffd/products/70647/images/237646/4934054026920_f9052e9228c29aa4809f9d019d0ba580__02726.1584431092.350.350.jpg?c=2
zoid,model_kit,Plaza Japan,retailer,,Kotobukiya ZD115 Zoids Wild Liger 1/35 Scale Kit,50.99,,,USD,New,https://www.plazajapan.com/4934054004508,https://cdn11.bigcommerce.com/s-89ffd/products/71157/images/291515/004508-1__91510.1614153909.350.350.jpg?c=2
zoid,model_kit,Plaza Japan,retailer,,Kotobukiya HMM ZOIDS 1/72 RZ-010 Pteras Bomber Marking Plus Ver. Plastic Model,27.8,,,USD,New,https://www.plazajapan.com/4934054023141,https://cdn11.bigcommerce.com/s-89ffd/products/78806/images/498145/4934054023141_6b1e8964ffac3e93d7238fac005e95c9__24970.1700114644.350.350.jpg?c=2
zoid,model_kit,Plaza Japan,retailer,,Kotobukiya ZD030R Zoids EZ-004 Red Horn 1/72 Plastic Model,65.71,,,USD,New,https://www.plazajapan.com/4934054030743,https://cdn11.bigcommerce.com/s-89ffd/products/79536/images/281930/030743-1__10915.1606464785.350.350.jpg?c=2
zoid,model_kit,Plaza Japan,retailer,,Good Smile Company HAGANE WORKS Blade Liger 1/72 Figure (Zoids),152.64,,,USD,New,https://www.plazajapan.com/4580590121720,https://cdn11.bigcommerce.com/s-89ffd/products/79549/images/263252/4580590121720_dbf30e00655feadefe883d6ebe4800eb__28276.1595844313.350.350.jpg?c=2
zoid,model_kit,Plaza Japan,retailer,,Kotobukiya HMM ZOIDS 1/72 Customize Parts Beam Gatling Set Plastic Model,12.26,,,USD,New,https://www.plazajapan.com/4934054017836,https://cdn11.bigcommerce.com/s-89ffd/products/81606/images/273236/4934054017836_9c751c021e1373547c3fcd84219344b2__34586.1601604642.350.350.jpg?c=2
zoid,model_kit,Plaza Japan,retailer,,Kotobukiya HMM ZOIDS 1/72 RZ-041 Liger Zero Jager Marking Plus Ver. Plastic Model (Released),43.1,,,USD,New,https://www.plazajapan.com/4934054012947,https://cdn11.bigcommerce.com/s-89ffd/products/81607/images/273244/4934054012947_4b8aa5f6bf8d2840cdb92adbb1810b98__61091.1601604759.350.350.jpg?c=2
zoid,model_kit,Plaza Japan,retailer,,Kotobukiya HMM ZOIDS 1/72 EZ-016 Saber Tiger Marking Plus Ver. Plastic Model,102.67,,,USD,New,https://www.plazajapan.com/4934054014460,https://cdn11.bigcommerce.com/s-89ffd/products/81608/images/466907/4934054014460_2d97712e8f6aa66c9ea8867a02c4bbf1__73618.1684992657.350.350.jpg?c=2
zoid,model_kit,Plaza Japan,retailer,,Kotobukiya HMM Zoids 1/72 Panzer Unit Marking Plus Ver. for Liger Zero Plastic Model,21.29,,,USD,New,https://www.plazajapan.com/4934054026890,https://cdn11.bigcommerce.com/s-89ffd/products/82645/images/299876/029890-1__49373.1618994561.350.350.jpg?c=2
zoid,model_kit,Plaza Japan,retailer,,Kotobukiya HMM ZOIDS 1/72 RZ-041 Liger Zero Panzer Marking Plus Ver. Plastic Model,73.1,,,USD,New,https://www.plazajapan.com/4934054012985,https://cdn11.bigcommerce.com/s-89ffd/products/83643/images/281406/4934054012985_1e8bfa81934fec9a303ae3976824fcb8__06138.1605865102.350.350.jpg?c=2
zoid,model_kit,Plaza Japan,retailer,,Kotobukiya HMM ZOIDS RZ-046 SHADOW FOX MARKING PLUS Ver. 1/72 Plastic Model,64.89,,,USD,New,https://www.plazajapan.com/4934054026906,https://cdn11.bigcommerce.com/s-89ffd/products/84295/images/307151/026906-1__48406.1622621344.350.350.jpg?c=2
zoid,model_kit,Plaza Japan,retailer,,Kotobukiya HMM ZOIDS 1/72 Molga & Molga with Cannonry Unit Plastic Model,64.89,,,USD,New,https://www.plazajapan.com/4934054018284,https://cdn11.bigcommerce.com/s-89ffd/products/84716/images/312191/018284-1__92980.1624433203.350.350.jpg?c=2
zoid,model_kit,Plaza Japan,retailer,,Kotobukiya HMM ZOIDS 1/72 EMZ-15 Molga AA & Molga Carrier Plastic Model,73.76,,,USD,New,https://www.plazajapan.com/4934054018291,https://cdn11.bigcommerce.com/s-89ffd/products/84718/images/309468/018291-1__31215.1623314019.350.350.jpg?c=2
zoid,model_kit,Plaza Japan,retailer,,Kotobukiya HMM ZOIDS 1/72 RZ-041 Liger Zero Marking Plus Ver. Plastic Model (Released),59.14,,,USD,New,https://www.plazajapan.com/4934054012930,https://cdn11.bigcommerce.com/s-89ffd/products/84719/images/441925/4934054012930_9a3c77000b12ebb5e509354140232b4e__76824.1674031980.350.350.jpg?c=2
zoid,model_kit,Plaza Japan,retailer,,Kotobukiya HMM ZOIDS 1/72 RZ-041 Liger Zero Schneider Marking Plus Version Plastic Model,46.37,,,USD,New,https://www.plazajapan.com/4934054012978,https://cdn11.bigcommerce.com/s-89ffd/products/86451/images/290688/4934054012978_79e40e0fe86e56591def7b0448ddc8e3__56970.1613635424.350.350.jpg?c=2
zoid,model_kit,Plaza Japan,retailer,,Kotobukiya HMM ZOIDS 1/72 Liger Zero Jagar Unit Marking Plus Ver. Plastic Model,17.03,,,USD,New,https://www.plazajapan.com/4934054026982,https://cdn11.bigcommerce.com/s-89ffd/products/87471/images/296241/026982-1__68886.1617090373.350.350.jpg?c=2
zoid,model_kit,Plaza Japan,retailer,,Takara Tomy ZW43 Zoids Wild Zero Phantoth,65.54,,,USD,New,https://www.plazajapan.com/4904810122937,https://cdn11.bigcommerce.com/s-89ffd/products/92681/images/352980/4904810122937_7f3ccd4fec2712adee3b16aced96208a__74699.1642478276.350.350.jpg?c=2
zoid,model_kit,Plaza Japan,retailer,,Takara Tomy ZW52 Zoids Wild Xeno Rex,68.83,,,USD,New,https://www.plazajapan.com/4904810153887,https://cdn11.bigcommerce.com/s-89ffd/products/92684/images/307900/4904810153887_703039ee6e2ed140e9500cdead8a2869__06085.1622778131.350.350.jpg?c=2
zoid,model_kit,Plaza Japan,retailer,,Takara Tomy ZW54 Zoids Wild Xeno Evolution Arms Scissors Unit,20.37,,,USD,New,https://www.plazajapan.com/4904810162315,https://cdn11.bigcommerce.com/s-89ffd/products/92686/images/313426/162315-1__67968.1624952017.350.350.jpg?c=2
zoid,model_kit,Plaza Japan,retailer,,Takara Tomy ZW55 Zoids Wild Xeno Rex Scissors XA,78.85,,,USD,New,https://www.plazajapan.com/4904810153917,https://cdn11.bigcommerce.com/s-89ffd/products/92687/images/307908/4904810153917_597a2c3be831d77e157962521e6026d9__80650.1622778183.350.350.jpg?c=2
zoid,model_kit,Plaza Japan,retailer,,Takara Tomy ZW58 Zoids Wild Xeno Rex Buster XA,73.76,,,USD,New,https://www.plazajapan.com/4904810165620,https://cdn11.bigcommerce.com/s-89ffd/products/92690/images/307918/4904810165620_0db020e10a67d50feaf6d014a866f0a0__08670.1622778249.350.350.jpg?c=2
zoid,model_kit,Plaza Japan,retailer,,Kotobukiya HMM Zoids 1/72 Customize Parts Pile Bunker Unit Plastic Model,7.99,,,USD,New,https://www.plazajapan.com/4934054109340,https://cdn11.bigcommerce.com/s-89ffd/products/93753/images/342555/4934054109340_2ce6369db9f342f025acd62367dfacd5__98931.1638346675.350.350.jpg?c=2
zoid,model_kit,Plaza Japan,retailer,,Kotobukiya HMM ZOIDS 1/72 RHI-3 Command Wolf Repackage Ver. Plastic Model,27.82,,,USD,New,https://www.plazajapan.com/4934054018277,https://cdn11.bigcommerce.com/s-89ffd/products/100501/images/332858/4934054018277_54e4cf1b166c8b94f6d82355e8ca3315__13060.1633594710.350.350.jpg?c=2
zoid,model_kit,Plaza Japan,retailer,,Kotobukiya HMM ZOIDS 1/72 DPZ-10 Dark Horn Plastic Model,102.65,,,USD,New,https://www.plazajapan.com/4934054017515,https://cdn11.bigcommerce.com/s-89ffd/products/105162/images/351403/4934054017515_53e0a68778d876c9062a0ab4f5fbb356__78829.1641524825.350.350.jpg?c=2
zoid,model_kit,Plaza Japan,retailer,,Kotobukiya HMM ZOIDS 1/72 EZ-049 Berserk Fuhrer Repackage Ver. Plastic Model,50.58,,,USD,New,https://www.plazajapan.com/4934054013388,https://cdn11.bigcommerce.com/s-89ffd/products/105450/images/525539/4934054013388_e4cda512192f38f7896491f07d6bc877__02442.1711442534.350.350.jpg?c=2
zoid,model_kit,Plaza Japan,retailer,,Kotobukiya HMM Zoids 1/72 EZ-034 Geno Breaker Re-package Ver. Plastic Model,74.25,,,USD,New,https://www.plazajapan.com/4934054048434,https://cdn11.bigcommerce.com/s-89ffd/products/113058/images/388984/4934054023158_d7344ccfc91c1af1c4bb79df3ba2aa30__29694.1655192701.350.350.jpg?c=2
zoid,model_kit,Plaza Japan,retailer,,Kotobukiya HMM ZOIDS 1/72 Customize Parts Booster Cannon Set Plastic Model,11.71,,,USD,New,https://www.plazajapan.com/4934054027187,https://cdn11.bigcommerce.com/s-89ffd/products/117810/images/411204/4934054027187_295e06b3216fe360418dd7d8e317ac64__91243.1663052049.350.350.jpg?c=2
zoid,model_kit,Plaza Japan,retailer,,Kotobukiya HMM ZOIDS 1/72 SHADOW FOX MARKING PLUS Ver. Plastic Model,28.75,,,USD,New,https://www.plazajapan.com/4934054050222,https://cdn11.bigcommerce.com/s-89ffd/products/117812/images/411233/4934054050222_c2f192498245db2b1964bfaaa64c75cf__94020.1663052785.350.350.jpg?c=2
zoid,model_kit,Plaza Japan,retailer,,Kotobukiya HMM ZOIDS 1/72 Customize Parts Gojulas Cannon Set Plastic Model,28.75,,,USD,New,https://www.plazajapan.com/4934054051762,https://cdn11.bigcommerce.com/s-89ffd/products/123427/images/432829/4934054051762_4983c81dc0e06e20ab2daf4f8ccc51d6__05921.1669875753.350.350.jpg?c=2
zoid,model_kit,Plaza Japan,retailer,,Kotobukiya HMM ZOIDS 1/72 Customize Parts Attack Booster Set Plastic Model,12.77,,,USD,New,https://www.plazajapan.com/4934054043408,https://cdn11.bigcommerce.com/s-89ffd/products/130010/images/461875/4934054043408_a604fc56085ea8fe551af4b8ce146305__05880.1682044124.350.350.jpg?c=2
zoid,model_kit,Plaza Japan,retailer,,Kotobukiya HMM ZOIDS 1/72 EZ-026 Geno Saurer Repackage Ver. Plastic Model,113.34,,,USD,New,https://www.plazajapan.com/4934054057320,https://cdn11.bigcommerce.com/s-89ffd/products/133484/images/477154/4934054057320_b71fa3cc3f80cd837eb444a20d5897e4__56964.1689921579.350.350.jpg?c=2
zoid,model_kit,Plaza Japan,retailer,,Takara Tomy ADAMAS MACHINA Zoids AMZ-01 Berserk Fuhrer,240.74,,,USD,New,https://www.plazajapan.com/4904810918899,https://cdn11.bigcommerce.com/s-89ffd/products/156053/images/654238/takara-tomy-adamas-machina-zoids-amz-01-berserk-fuhrer__02216.1737468148.350.350.jpg?c=2
zoid,model_kit,Plaza Japan,retailer,,Kotobukiya HMM ZOIDS 1/72 EZ-006 Molga Full Option Set Plastic Model,34.6,,,USD,New,https://www.plazajapan.com/4934054063468,https://cdn11.bigcommerce.com/s-89ffd/products/166197/images/623524/kotobukiya-hmm-zoids-172-ez-006-molga-full-option-set-plastic-model__38139.1737071745.350.350.jpg?c=2
zoid,model_kit,Plaza Japan,retailer,,Kotobukiya HMM ZOIDS 1/72 RZ-041 Liger Zero Marking Plus Ver. Plastic Model,36.2,,,USD,New,https://www.plazajapan.com/4934054071647,https://cdn11.bigcommerce.com/s-89ffd/products/168051/images/663041/kotobukiya-hmm-zoids-172-rz-041-liger-zero-marking-plus-ver-plastic-model__42026.1737711613.350.350.jpg?c=2
zoid,model_kit,Plaza Japan,retailer,,Kotobukiya HMM ZOIDS 1/72 RZ-041 LIGER ZERO JAGER Marking Plus Version Plastic Model,43.65,,,USD,New,https://www.plazajapan.com/4934054073696,https://cdn11.bigcommerce.com/s-89ffd/products/169282/images/714889/kotobukiya-hmm-zoids-172-rz-041-liger-zero-jager-marking-plus-version-plastic-model__24234.1739870917.350.350.jpg?c=2
zoid,model_kit,Plaza Japan,retailer,,Kotobukiya 1/72  HMM Zoids Liger Zero Exclusive Panzer Unit Marking Plus Ver. Plastic Model,22.36,,,USD,New,https://www.plazajapan.com/4934054073757,https://cdn11.bigcommerce.com/s-89ffd/products/173126/images/741841/kotobukiya-172-hmm-zoids-liger-zero-exclusive-panzer-unit-marking-plus-ver-plastic-model__85350.1745020996.350.350.jpg?c=2
zoid,model_kit,Plaza Japan,retailer,,Takara Tomy T-SPARK Transformers Zoids Diaclone: Shield-D-Prime Figure,210.65,,,USD,New,https://www.plazajapan.com/4904810997269,https://cdn11.bigcommerce.com/s-89ffd/products/179671/images/801011/takara-tomy-transformers-zoids-diaclone-shield-d-prime-figure__04401.1755487799.350.350.jpg?c=2
zoid,model_kit,Plaza Japan,retailer,,Kotobukiya 1/72 Zoids LIGHTNING SAIX Irvine Special 2000 -Recolor- Plastic Model,45.78,,,USD,New,https://www.plazajapan.com/4934054079346,https://cdn11.bigcommerce.com/s-89ffd/products/191674/images/865425/kotobukiya-172-zoids-lightning-saix-irvine-special-2000-recolor-plastic-model__19132.1766106462.350.350.jpg?c=2
zoid,model_kit,Plaza Japan,retailer,,Kotobukiya Zoids D-STYLE Gustav Moonbay Special [Clear Parts Append] Plastic Model,19.16,,,USD,New,https://www.plazajapan.com/4934054087198,https://cdn11.bigcommerce.com/s-89ffd/products/207002/images/948566/4934054087198_fdf00e9fc458d9c772f34ebdc4de7b6a__63864.1779416876.350.350.jpg?c=2
zoid,model_kit,Plaza Japan,retailer,,Takara Tomy ZOIDS AZ-17 Ultrasaurus Plastic Model,210.65,,,USD,New,https://www.plazajapan.com/4904810065982,https://cdn11.bigcommerce.com/s-89ffd/products/213801/images/991757/takara-tomy-zoids-az-17-ultrasaurus-plastic-model__62861.1784356723.350.350.jpg?c=2
zoid,model_kit,Plaza Japan,retailer,,Takara Tomy ZOIDS AZ-17EX Ultrasaurus Gravity Cannon Plastic Model,76.45,,,USD,New,https://www.plazajapan.com/4904810058762,https://cdn11.bigcommerce.com/s-89ffd/products/213946/images/992176/takara-tomy-zoids-az-17ex-ultrasaurus-gravity-cannon-plastic-model__64917.1784357405.350.350.jpg?c=2
zoid,model_kit,Plaza Japan,retailer,,F-toys Zoids Wild Puzzle Eraser (FULL BOX),24.4,,,USD,New,https://www.plazajapan.com/4582138604009,https://cdn11.bigcommerce.com/s-89ffd/products/217126/images/1009945/4582138604009_965b9286edc2ac9ac95f6bee015adad5__13541.1787217237.350.350.png?c=2
zoid,model_kit,Gundam Planet,retailer,us,HMM Zoids EZ-035 Lightning Saix Irvine Special 2000 Recolor,79.95,,,USD,New,https://www.gundamplanet.com/products/hmm-zoids-ez-035-lightning-saix-irvine-special-2000-recolor?_pos=1&_sid=dca652c67&_ss=r&_fid=f656a3c74,https://www.gundamplanet.com/cdn/shop/files/ZD192_lightning-saix_irvine-sp_marking-plus_base.jpg?v=1765992042&width=533
zoid,model_kit,Gundam Planet,retailer,us,Zoids 1/72 AZ-17DX Ultra Saurus Gravity Cannon (Deluxe Ver.),440.95,,,USD,New,https://www.gundamplanet.com/products/zoids-1-72-az-17dx-ultra-saurus-gravity-cannon-deluxe-ver?_pos=2&_sid=dca652c67&_ss=r&_fid=f656a3c74,https://www.gundamplanet.com/cdn/shop/files/zoids-1-72-az-17dx-ultra-saurus-gravity-cannon-deluxe-ver-base.jpg?v=1783534897&width=533
zoid,model_kit,Gundam Planet,retailer,us,Zoids 1/72 AZ-15 Psycho Geno Saurer,139.95,,,USD,New,https://www.gundamplanet.com/products/zoids-1-72-az-15-psycho-geno-saurer?_pos=3&_sid=dca652c67&_ss=r&_fid=f656a3c74,https://www.gundamplanet.com/cdn/shop/files/zoids-1-72-az-15-psycho-geno-saurer-base.jpg?v=1771637347&width=533
zoid,model_kit,Gundam Planet,retailer,us,Zoids 1/72 AZ-02EX2 Liger Zero Empire Ver.,119.95,,,USD,New,https://www.gundamplanet.com/products/zoids-1-72-az-02ex2-liger-zero-empire-ver?_pos=4&_sid=dca652c67&_ss=r&_fid=f656a3c74,https://www.gundamplanet.com/cdn/shop/files/GN195_base.jpg?v=1757114843&width=533
zoid,model_kit,Gundam Planet,retailer,us,HMM Zoids EZ-036 Death Stinger Hiltz Special 2000 Recolor,169.95,,,USD,New,https://www.gundamplanet.com/products/hmm-zoids-ez-036-death-stinger-hiltz-special-2000-recolor?_pos=5&_sid=dca652c67&_ss=r&_fid=f656a3c74,https://www.gundamplanet.com/cdn/shop/files/hmm-zoids-ez-036-death-stinger-hiltz-special-2000-recolor-base.jpg?v=1771608086&width=533
zoid,model_kit,Gundam Planet,retailer,us,HMM Zoids Iron Kong Schwarz Special 1999 Recolor,179.95,,,USD,New,https://www.gundamplanet.com/products/hmm-zoids-iron-kong-schwarz-special-1999-recolor?_pos=6&_sid=dca652c67&_ss=r&_fid=f656a3c74,https://www.gundamplanet.com/cdn/shop/files/hmm-zoids-iron-kong-schwarz-special-1999-recolor.jpg?v=1770751523&width=533
zoid,model_kit,Gundam Planet,retailer,us,Realize Model Zoids 1/100 RMZ-011 Geno Saurer Raven Special,66.95,,,USD,New,https://www.gundamplanet.com/products/realize-model-zoids-1-100-rmz-011-geno-saurer-raven-special?_pos=7&_sid=dca652c67&_ss=r&_fid=f656a3c74,https://www.gundamplanet.com/cdn/shop/files/realize-model-zoids-1-100-rmz-011-geno-saurer-raven-special10.jpg?v=1751666028&width=533
zoid,model_kit,Gundam Planet,retailer,us,HMM Zoids EZ-027 Rev Raptor,49.95,,,USD,New,https://www.gundamplanet.com/products/hmm-zoids-ez-027-rev-raptor?_pos=8&_sid=dca652c67&_ss=r&_fid=f656a3c74,https://www.gundamplanet.com/cdn/shop/files/hmm-zoids-ez-027-rev-raptor-gp.jpg?v=1737693123&width=533
zoid,model_kit,Gundam Planet,retailer,us,D-Style Zoids Shield Liger [Clear Parts Append],27.95,,,USD,New,https://www.gundamplanet.com/products/d-style-zoids-shield-liger-clear-parts-append?_pos=9&_sid=dca652c67&_ss=r&_fid=f656a3c74,https://www.gundamplanet.com/cdn/shop/files/d-style-zoids-shield-liger-clear-parts-append-base2.jpg?v=1788993859&width=533
zoid,model_kit,Gundam Planet,retailer,us,Zoids 1/72 RPZ-14 Salamander F2,330.95,,,USD,New,https://www.gundamplanet.com/products/zoids-1-72-rpz-14-salamander-f2?_pos=10&_sid=dca652c67&_ss=r&_fid=f656a3c74,https://www.gundamplanet.com/cdn/shop/files/zoids-1-72-rpz-14-salamander-f2-base.jpg?v=1783551720&width=533
zoid,model_kit,Gundam Planet,retailer,us,Zoids 1/72 AZ-01 Blade Liger,100.95,,,USD,New,https://www.gundamplanet.com/products/zoids-1-72-az-01-blade-liger?_pos=11&_sid=dca652c67&_ss=r&_fid=f656a3c74,https://www.gundamplanet.com/cdn/shop/files/zoids-1-72-az-01-blade-liger.jpg?v=1768425759&width=533
zoid,model_kit,Gundam Planet,retailer,us,Realize Model Zoids 1/100 RMZ-001 Blade Liger,44.95,,,USD,New,https://www.gundamplanet.com/products/realize-model-zoids-1-100-rmz-001-blade-liger?_pos=12&_sid=dca652c67&_ss=r&_fid=f656a3c74,https://www.gundamplanet.com/cdn/shop/files/zoids-1-100-rmz-001-blade-liger-gp2.jpg?v=1737744823&width=533
zoid,model_kit,Gundam Planet,retailer,us,Zoids 1/72 Advanced Series AZ-18 Godos,56.95,,,USD,New,https://www.gundamplanet.com/products/zoids-advanced-series-az-18-godos?_pos=13&_sid=dca652c67&_ss=r&_fid=f656a3c74,https://www.gundamplanet.com/cdn/shop/files/zoids-advanced-series-az-18-godos-base.jpg?v=1791237481&width=533
zoid,model_kit,Gundam Planet,retailer,us,Realize Model Zoids 1/100 RMZ-023 Lightning Saix Irvine Special,65.95,,,USD,New,https://www.gundamplanet.com/products/realize-model-zoids-1-100-rmz-023-lightning-saix-irvine-special?_pos=14&_sid=dca652c67&_ss=r&_fid=f656a3c74,https://www.gundamplanet.com/cdn/shop/files/realize-model-zoids-1-100-rmz-023-lightning-saix-irvine-special10.jpg?v=1780691020&width=533
zoid,model_kit,Gundam Planet,retailer,us,HMM Zoids RZ-014 Godos (Marking Plus Ver.),49.95,,,USD,New,https://www.gundamplanet.com/products/hmm-zoids-rz-014-godos-marking-plus-ver?_pos=15&_sid=dca652c67&_ss=r&_fid=f656a3c74,https://www.gundamplanet.com/cdn/shop/files/hmm-zoids-rz-014-godos-marking-plus-ver-gp.jpg?v=1737698091&width=533
zoid,model_kit,Gundam Planet,retailer,us,Adamas Machina Zoids AM-Z02 Blade Liger,324.95,,,USD,New,https://www.gundamplanet.com/products/adamas-machina-zoids-am-z02-blade-liger?_pos=16&_sid=dca652c67&_ss=r&_fid=f656a3c74,https://www.gundamplanet.com/cdn/shop/files/adamas-machina-zoids-am-z02-blade-liger.png?v=1785963675&width=533
zoid,model_kit,Gundam Planet,retailer,us,Realize Model Zoids 1/100 RMZ-007 Trinity Liger,55.95,,,USD,New,https://www.gundamplanet.com/products/realize-model-zoids-1-100-rmz-007-trinity-liger?_pos=17&_sid=dca652c67&_ss=r&_fid=f656a3c74,https://www.gundamplanet.com/cdn/shop/files/realize-model-zoids-1-100-rmz-007-trinity-liger9.jpg?v=1737759123&width=533
zoid,model_kit,Gundam Planet,retailer,us,Realize Model Zoids 1/100 RMZ-026 Gustav Moonbey Special,71.95,,,USD,New,https://www.gundamplanet.com/products/realize-model-zoids-1-100-rmz-026-gustav-moonbey-special?_pos=18&_sid=dca652c67&_ss=r&_fid=f656a3c74,https://www.gundamplanet.com/cdn/shop/files/realize-model-zoids-1-100-rmz-026-gustav-moonbey-special9.jpg?v=1788973951&width=533
zoid,model_kit,Gundam Planet,retailer,us,Realize Model Zoids 1/100 RMZ-014 Red Horn Styracosaurus Type,52.95,,,USD,New,https://www.gundamplanet.com/products/realize-model-zoids-1-100-rmz-014-red-horn-styracosaurus-type?_pos=19&_sid=dca652c67&_ss=r&_fid=f656a3c74,https://www.gundamplanet.com/cdn/shop/files/realize-model-zoids-1-100-rmz-014-red-horn-styracosaurus-type_1.jpg?v=1760045637&width=533
zoid,model_kit,Gundam Planet,retailer,us,Realize Model Zoids 1/100 RMZ-018 Trinity Liger Captured Color,59.95,,,USD,New,https://www.gundamplanet.com/products/realize-model-zoids-1-100-rmz-018-trinity-liger-captured-color?_pos=20&_sid=dca652c67&_ss=r&_fid=f656a3c74,https://www.gundamplanet.com/cdn/shop/files/realize-model-zoids-1-100-rmz-018-trinity-liger-captured-color9.jpg?v=1771032332&width=533
zoid,model_kit,Gundam Planet,retailer,us,HMM Zoids DPZ-10 Dark Horn Harry Special 2001 Re-Color,143.95,,,USD,New,https://www.gundamplanet.com/products/hmm-zoids-dpz-10-dark-horn-harry-special-2001-re-color?_pos=21&_sid=dca652c67&_ss=r&_fid=f656a3c74,https://www.gundamplanet.com/cdn/shop/files/hmm-zoids-dpz-10-dark-horn-harry-special-2001-re-color-base.jpg?v=1783551872&width=533
zoid,model_kit,Gundam Planet,retailer,us,Zoids 1/72 AZ-14 Liger Zero X,139.95,,,USD,New,https://www.gundamplanet.com/products/zoids-1-72-az-14-liger-zero-x?_pos=22&_sid=dca652c67&_ss=r&_fid=f656a3c74,https://www.gundamplanet.com/cdn/shop/files/zoids-1-72-az-14-liger-zero-x-base.jpg?v=1771637660&width=533
zoid,model_kit,Gundam Planet,retailer,us,Realize Model Zoids 1/100 RMZ-025 Liger Zero Falcon (ZBF),88.95,,,USD,New,https://www.gundamplanet.com/products/realize-model-zoids-1-100-rmz-025-liger-zero-falcon-zbf?_pos=23&_sid=dca652c67&_ss=r&_fid=f656a3c74,https://www.gundamplanet.com/cdn/shop/files/realize-model-zoids-1-100-rmz-025-liger-zero-falcon-zbf.png?v=1785964071&width=533
zoid,model_kit,Gundam Planet,retailer,us,Realize Model Zoids 1/100 RMZ-016 Blade Liger Panzer (ZBF),78.95,,,USD,New,https://www.gundamplanet.com/products/realize-model-zoids-1-100-rmz-016-blade-liger-panzer-zbf?_pos=24&_sid=dca652c67&_ss=r&_fid=f656a3c74,https://www.gundamplanet.com/cdn/shop/files/realize-model-zoids-1-100-rmz-016-blade-liger-panther-zbf.jpg?v=1765316904&width=533
zoid,model_kit,Gundam Planet,retailer,us,HMM Zoids RZ-029 Storm Sworder Ala Barone Special 2000 Recolor,95.95,,,USD,New,https://www.gundamplanet.com/products/hmm-zoids-rz-029-storm-sworder-ala-barone-special-2000-recolor?_pos=25&_sid=dca652c67&_ss=r&_fid=f656a3c74,https://www.gundamplanet.com/cdn/shop/files/hmm-zoids-rz-029-storm-sworder-ala-barone-special-2000-recolor.jpg?v=1773339486&width=533
zoid,model_kit,Gundam Planet,retailer,us,HMM Zoids EZ-049 Sturm Tyrann Berserk Unit Set,174.95,,,USD,New,https://www.gundamplanet.com/products/hmm-zoids-ez-049-sturm-tyrann-berserk-unit-set?_pos=26&_sid=dca652c67&_ss=r&_fid=f656a3c74,https://www.gundamplanet.com/cdn/shop/files/hmm-zoids-ez-049-sturm-tyrann-berserk-unit-set-gp.jpg?v=1737753532&width=533
zoid,model_kit,Gundam Planet,retailer,us,Zoids 1/72 AZ-16 Liger Zero Jager,126.95,,,USD,New,https://www.gundamplanet.com/products/zoids-1-72-az-16-liger-zero-jager?_pos=27&_sid=dca652c67&_ss=r&_fid=f656a3c74,https://www.gundamplanet.com/cdn/shop/files/zoids-1-72-az-16-liger-zero-jager-bs.jpg?v=1778800834&width=533
zoid,model_kit,Gundam Planet,retailer,us,HMM Zoids EZ-036 Death Stinger,144.95,,,USD,New,https://www.gundamplanet.com/products/hmm-zoids-ez-036-death-stinger?_pos=28&_sid=dca652c67&_ss=r&_fid=f656a3c74,https://www.gundamplanet.com/cdn/shop/files/hmm-zoids-ez-036-death-stinger-00.jpg?v=1737667234&width=533
zoid,model_kit,Gundam Planet,retailer,us,HMM Zoids RZ-007 Shield Liger DCS-J,90.95,,,USD,New,https://www.gundamplanet.com/products/hmm-zoids-rz-007-shield-liger-dcs-j?_pos=29&_sid=dca652c67&_ss=r&_fid=f656a3c74,https://www.gundamplanet.com/cdn/shop/files/hmm-zoids-rz-007-shield-liger-dcs-j-gp2.jpg?v=1737677211&width=533
zoid,model_kit,Gundam Planet,retailer,us,Zoids 1/72 AZ-17 Ultra Saurus,330.95,,,USD,New,https://www.gundamplanet.com/products/zoids-1-72-az-17-ultra-saurus?_pos=30&_sid=dca652c67&_ss=r&_fid=f656a3c74,https://www.gundamplanet.com/cdn/shop/files/zoids-1-72-az-17-ultra-saurus-base.jpg?v=1783534187&width=533
zoid,model_kit,Gundam Planet,retailer,us,HMM Zoids EZ-017 Iguan (Marking Plus Ver.),44.95,,,USD,New,https://www.gundamplanet.com/products/hmm-zoids-ez-017-iguan-marking-plus-ver?_pos=31&_sid=dca652c67&_ss=r&_fid=f656a3c74,https://www.gundamplanet.com/cdn/shop/files/hmm-zoids-ez-017-iguan-marking-plus-ver-leave-gp2.jpg?v=1742939764&width=533
zoid,model_kit,Gundam Planet,retailer,us,HMM Zoids EZ-027 Raven Raptor,64.95,,,USD,New,https://www.gundamplanet.com/products/hmm-zoids-ez-027-raven-raptor?_pos=32&_sid=dca652c67&_ss=r&_fid=f656a3c74,https://www.gundamplanet.com/cdn/shop/files/hmm-zoids-ez-027-raven-raptor-gp.jpg?v=1737694555&width=533
zoid,model_kit,Gundam Planet,retailer,us,HMM Zoids W002 Fang Tiger,124.95,,,USD,New,https://www.gundamplanet.com/products/hmm-zoids-w002-fang-tiger?_pos=33&_sid=dca652c67&_ss=r&_fid=f656a3c74,https://www.gundamplanet.com/cdn/shop/files/hmm-zoids-w002-fang-tiger-gp.jpg?v=1737703881&width=533
zoid,model_kit,Gundam Planet,retailer,us,Zoids 1/72 AZ-03EX Murasame Liger Original Color,116.95,,,USD,New,https://www.gundamplanet.com/products/zoids-1-72-az-03ex-murasame-liger-original-color?_pos=34&_sid=dca652c67&_ss=r&_fid=f656a3c74,https://www.gundamplanet.com/cdn/shop/files/zoids-1-72-az-03ex-murasame-liger-original-color.jpg?v=1765317495&width=533
zoid,model_kit,Gundam Planet,retailer,us,HMM Zoids RBOZ-006 Dibison (Marking Plus Ver.),119.95,,,USD,New,https://www.gundamplanet.com/products/hmm-zoids-rboz-006-dibison-marking-plus-ver?_pos=35&_sid=dca652c67&_ss=r&_fid=f656a3c74,https://www.gundamplanet.com/cdn/shop/files/zd137_dibison_mplus_gpr.jpg?v=1737681463&width=533
zoid,model_kit,Gundam Planet,retailer,us,HMM Zoids Custom Gojulas Cannon Set,57.95,,,USD,New,https://www.gundamplanet.com/products/hmm-zoids-custom-gojulas-cannon-set?_pos=36&_sid=dca652c67&_ss=r&_fid=f656a3c74,https://www.gundamplanet.com/cdn/shop/files/hmm-zoids-custom-gojulas-cannon-set-base.jpg?v=1753203110&width=533
zoid,model_kit,Gundam Planet,retailer,us,Zoids 1/72 AZ-08 Molga,44.95,,,USD,New,https://www.gundamplanet.com/products/zoids-az-08-molga?_pos=37&_sid=dca652c67&_ss=r&_fid=f656a3c74,https://www.gundamplanet.com/cdn/shop/files/zoids-az-08-molga-gp.jpg?v=1739901196&width=533
zoid,model_kit,Gundam Planet,retailer,us,Realize Model Zoids 1/100 RMZ-006 Saber Tiger Schwarz Special,59.95,,,USD,New,https://www.gundamplanet.com/products/realize-model-zoids-1-100-rmz-006-saber-tiger-schwarz-special?_pos=38&_sid=dca652c67&_ss=r&_fid=f656a3c74,https://www.gundamplanet.com/cdn/shop/files/realize-model-zoids-1-100-rmz-006-saber-tiger-schwarz-special-gp.jpg?v=1737754493&width=533
zoid,model_kit,Gundam Planet,retailer,us,Zoids 1/72 AZ-10EX Sea Panther Guylos Specification,57.95,,,USD,New,https://www.gundamplanet.com/products/zoids-1-72-az-10ex-sea-panther-guylos-specification?_pos=39&_sid=dca652c67&_ss=r&_fid=f656a3c74,https://www.gundamplanet.com/cdn/shop/files/zoids-1-72-az-10ex-sea-panther-guylos-specification.jpg?v=1768425533&width=533
zoid,model_kit,Gundam Planet,retailer,us,Realize Model Zoids 1/100 RMZ-021 Shield Liger MK-2,60.95,,,USD,New,https://www.gundamplanet.com/products/realize-model-zoids-1-100-rmz-021-shield-liger-mk-2?_pos=40&_sid=dca652c67&_ss=r&_fid=f656a3c74,https://www.gundamplanet.com/cdn/shop/files/realize-model-zoids-1-100-rmz-021-shield-liger-mk-210.jpg?v=1775253048&width=533
zoid,model_kit,Gundam Planet,retailer,us,Zoids 1/72 AZ-13 Canory Molga,51.95,,,USD,New,https://www.gundamplanet.com/products/zoids-1-72-az-13-canory-molga?_pos=41&_sid=dca652c67&_ss=r&_fid=f656a3c74,https://www.gundamplanet.com/cdn/shop/files/zoids-1-72-az-13-canory-molga_1.jpg?v=1760045688&width=533
zoid,model_kit,Gundam Planet,retailer,us,HMM Zoids EZ-005 Redler Guylos Empire Ver.,69.95,,,USD,New,https://www.gundamplanet.com/products/hmm-zoids-ez-005-redler-guylos-empire-ver?_pos=42&_sid=dca652c67&_ss=r&_fid=f656a3c74,https://www.gundamplanet.com/cdn/shop/files/hmm-zoids-ez-005-redler-guylos-empire-ver-gp2.jpg?v=1737712581&width=533
zoid,model_kit,Gundam Planet,retailer,us,Realize Model Zoids 1/100 RMZ-020F Zabat Full Option Set,59.95,,,USD,New,https://www.gundamplanet.com/products/realize-model-zoids-1-100-rmz-020f-zabat-full-option-set?_pos=43&_sid=dca652c67&_ss=r&_fid=f656a3c74,https://www.gundamplanet.com/cdn/shop/files/realize-model-zoids-1-100-rmz-020f-zabat-full-option-set10.jpg?v=1771032189&width=533
zoid,model_kit,Gundam Planet,retailer,us,Zoids 1/72 AZ-17EX Ultra Saurus Gravity Cannon,110.95,,,USD,New,https://www.gundamplanet.com/products/zoids-1-72-az-17ex-ultra-saurus-gravity-cannon?_pos=44&_sid=dca652c67&_ss=r&_fid=f656a3c74,https://www.gundamplanet.com/cdn/shop/files/zoids-1-72-az-17ex-ultra-saurus-gravity-cannon-base.jpg?v=1783534611&width=533
zoid,model_kit,Gundam Planet,retailer,us,HMM Zoids EZ-006 Molga Full Option Set,74.95,,,USD,New,https://www.gundamplanet.com/products/hmm-zoids-ez-006-molga-full-option-set?_pos=45&_sid=dca652c67&_ss=r&_fid=f656a3c74,https://www.gundamplanet.com/cdn/shop/files/hmm-zoids-ez-006-molga-full-option-set-gp2.jpg?v=1737757519&width=533
zoid,model_kit,Gundam Planet,retailer,us,Realize Model Zoids 1/100 RMZ-027 Dibison Thoma Special,52.95,,,USD,New,https://www.gundamplanet.com/products/realize-model-zoids-1-100-rmz-027-dibison-thoma-special?_pos=46&_sid=dca652c67&_ss=r&_fid=f656a3c74,https://www.gundamplanet.com/cdn/shop/files/realize-model-zoids-1-100-rmz-027-dibison-thoma-special-base2.jpg?v=1791237870&width=533
zoid,model_kit,Gundam Planet,retailer,us,HMM Zoids W001 Wild Liger,105.95,,,USD,New,https://www.gundamplanet.com/products/hmm-zoids-w001-wild-liger?_pos=47&_sid=dca652c67&_ss=r&_fid=f656a3c74,https://www.gundamplanet.com/cdn/shop/files/hmm-zoids-wild-liger-gp.jpg?v=1737682717&width=533
zoid,model_kit,Gundam Planet,retailer,us,HMM Zoids RMZ-12 Guysack Former Republic Ver.,64.95,,,USD,New,https://www.gundamplanet.com/products/hmm-zoids-rmz-12-guysack-former-republic-ver?_pos=48&_sid=dca652c67&_ss=r&_fid=f656a3c74,https://www.gundamplanet.com/cdn/shop/files/hmm-zoids-rmz-12-guysack-former-republic-ver-gp2.jpg?v=1737754079&width=533
zoid,model_kit,Gundam Planet,retailer,us,Zoids Metamoverse 1/10 MV-02 Fine & Zeke,135.95,,,USD,New,https://www.gundamplanet.com/products/metamoverse-mv-02-fine-zeke?_pos=49&_sid=dca652c67&_ss=r&_fid=f656a3c74,https://www.gundamplanet.com/cdn/shop/files/metamoverse-mv-02-fine-zeke-base.jpg?v=1791238211&width=533
zoid,model_kit,Gundam Planet,retailer,us,HMM Zoids Liger Zero Empire Ver. X Unit,46.95,,,USD,New,https://www.gundamplanet.com/products/hmm-zoids-liger-zero-empire-ver-x-unit?_pos=50&_sid=dca652c67&_ss=r&_fid=f656a3c74,https://www.gundamplanet.com/cdn/shop/files/hmm-zoids-liger-zero-empire-ver-x-unit-gp2.jpg?v=1737695844&width=533
zoid,model_kit,Gundam Planet,retailer,us,HMM Zoids EHI-7 Redler Zenebas Empire Ver.,69.95,,,USD,New,https://www.gundamplanet.com/products/hmm-zoids-ehi-7-redler-zenebas-empire-ver?_pos=51&_sid=dca652c67&_ss=r&_fid=f656a3c74,https://www.gundamplanet.com/cdn/shop/files/hmm-zoids-ehi-7-redler-zenebas-empire-ver-gp2.jpg?v=1737712549&width=533
zoid,model_kit,Gundam Planet,retailer,us,Realize Model Zoids 1/100 RMZ-004 Hellcat Guylos Color,32.95,,,USD,New,https://www.gundamplanet.com/products/realize-model-zoids-1-100-rmz-004-hellcat-guylos-color?_pos=52&_sid=dca652c67&_ss=r&_fid=f656a3c74,https://www.gundamplanet.com/cdn/shop/files/realize-model-zoids-1-100-rmz-004-hellcat-guylos-color-gp.jpg?v=1737751589&width=533
zoid,model_kit,Gundam Planet,retailer,us,Synergenex Zoids x Patlabor: Hunter Wolf,49.95,,,USD,New,https://www.gundamplanet.com/products/synergenex-zoids-x-patlabor-hunter-wolf?_pos=53&_sid=dca652c67&_ss=r&_fid=f656a3c74,https://www.gundamplanet.com/cdn/shop/files/zoids-x-patlabor-hunter-wolf-base.jpg?v=1754525482&width=533
zoid,model_kit,Gundam Planet,retailer,us,Realize Model Zoids 1/100 RMZ-002 Geno Saurer,56.95,,,USD,New,https://www.gundamplanet.com/products/realize-model-zoids-1-100-rmz-002-geno-saurer?_pos=54&_sid=dca652c67&_ss=r&_fid=f656a3c74,https://www.gundamplanet.com/cdn/shop/files/realize-model-zoids-1-100-rmz-002-geno-saurer-gp2.jpg?v=1737744843&width=533
zoid,model_kit,Gundam Planet,retailer,us,Realize Model Zoids 1/100 RMZ-003 Command Wolf,32.95,,,USD,New,https://www.gundamplanet.com/products/realize-model-zoids-1-100-rmz-003-command-wolf?_pos=55&_sid=dca652c67&_ss=r&_fid=f656a3c74,https://www.gundamplanet.com/cdn/shop/files/realize-model-zoids-1-100-rmz-003-command-wolf-00001.jpg?v=1737747355&width=533
zoid,model_kit,Gundam Planet,retailer,us,Synergenex Zoids x Patlabor: Fangriffon,66.95,,,USD,New,https://www.gundamplanet.com/products/synergenex-zoids-x-patlabor-fangriffon?_pos=56&_sid=dca652c67&_ss=r&_fid=f656a3c74,https://www.gundamplanet.com/cdn/shop/files/synergenex-zoids-x-patlabor-fangriffon.png?v=1783536140&width=533
zoid,model_kit,Gundam Planet,retailer,us,Zoids 1/72 AZ-14EX Liger Zero X Unit,59.95,,,USD,New,https://www.gundamplanet.com/products/zoids-1-72-az-14ex-liger-zero-x-unit?_pos=57&_sid=dca652c67&_ss=r&_fid=f656a3c74,https://www.gundamplanet.com/cdn/shop/files/zoids-1-72-az-14ex-liger-zero-x-unit7.jpg?v=1771031547&width=533
zoid,model_kit,Gundam Planet,retailer,us,Synergenex Zoids x Evangelion: Xeno Rex Test Type-01,66.95,,,USD,New,https://www.gundamplanet.com/products/synergenex-zoids-x-evangelion-xeno-rex-test-type-01?_pos=58&_sid=dca652c67&_ss=r&_fid=f656a3c74,https://www.gundamplanet.com/cdn/shop/files/evangelion-x-zoids-xeno-rex-test-type-01.jpg?v=1778701164&width=533
zoid,model_kit,Gundam Planet,retailer,us,D-Style Zoids Death Saurer (Clear Cockpit Ver.),27.95,,,USD,New,https://www.gundamplanet.com/products/d-style-zoids-death-saurer-clear-cockpit-ver?_pos=59&_sid=dca652c67&_ss=r&_fid=f656a3c74,https://www.gundamplanet.com/cdn/shop/files/KP923_d-style_death-saurer_cpa_base2.jpg?v=1791477342&width=533
zoid,model_kit,Gundam Planet,retailer,us,Realize Model Zoids 1/100 RMZ-017 Command Wolf Urban Warfare Special,57.95,,,USD,New,https://www.gundamplanet.com/products/realize-model-zoids-1-100-rmz-017-command-wolf-urban-warfare-special?_pos=60&_sid=dca652c67&_ss=r&_fid=f656a3c74,https://www.gundamplanet.com/cdn/shop/files/realize-model-zoids-1-100-rmz-017-command-wolf-urban-warfare-special-gp.jpg?v=1768425249&width=533
zoid,model_kit,Gundam Planet,retailer,us,Realize Model Zoids 1/100 RMZ-024 Storm Sworder,63.95,,,USD,New,https://www.gundamplanet.com/products/realize-model-zoids-1-100-rmz-024-storm-sworder?_pos=61&_sid=dca652c67&_ss=r&_fid=f656a3c74,https://www.gundamplanet.com/cdn/shop/files/realize-model-zoids-1-100-rmz-024-storm-sworder.png?v=1783536292&width=533
zoid,model_kit,Gundam Planet,retailer,us,Zoids 1/72 AZ-16EX Liger Zero Jager Unit Original Color,46.95,,,USD,New,https://www.gundamplanet.com/products/zoids-1-72-az-16ex-liger-zero-jager-unit-original-color?_pos=62&_sid=dca652c67&_ss=r&_fid=f656a3c74,https://www.gundamplanet.com/cdn/shop/files/zoids-1-72-az-16ex-liger-zero-jager-unit-original-color-bs.jpg?v=1778800831&width=533
zoid,model_kit,Gundam Planet,retailer,us,Synergenex Zoids x Fist of the North Star: Wild Liger Kokuoh-go,52.95,,,USD,New,https://www.gundamplanet.com/products/synergenex-zoids-x-fist-of-the-north-star-wild-liger-kokuoh-go?_pos=63&_sid=dca652c67&_ss=r&_fid=f656a3c74,https://www.gundamplanet.com/cdn/shop/files/zoids-x-fist-of-the-north-star-wild-liger-kokuoh-go-gp2.jpg?v=1739901189&width=533
zoid,model_kit,Gundam Planet,retailer,us,Synergenex Zoids x Monster Hunter: Wild Liger Stygian Zinogre,65.95,,,USD,New,https://www.gundamplanet.com/products/synergenex-zoids-x-monster-hunter-wild-liger-stygian-zinogre?_pos=64&_sid=dca652c67&_ss=r&_fid=f656a3c74,https://www.gundamplanet.com/cdn/shop/files/synergenex-zoids-x-monster-hunter-wild-liger-stygian-zinogre9.jpg?v=1780691811&width=533
zoid,model_kit,Gundam Planet,retailer,us,Realize Model Zoids 1/100 RMZ-020 Zabat,42.95,,,USD,New,https://www.gundamplanet.com/products/realize-model-zoids-1-100-rmz-020-zabat?_pos=65&_sid=dca652c67&_ss=r&_fid=f656a3c74,https://www.gundamplanet.com/cdn/shop/files/realize-model-zoids-1-100-rmz-020-zabat10.jpg?v=1771032025&width=533
zoid,model_kit,Gundam Planet,retailer,us,Synergenex Zoids x Monster Hunter: Wild Liger Zinogre,65.95,,,USD,New,https://www.gundamplanet.com/products/synergenex-zoids-x-monster-hunter-wild-liger-zinogre?_pos=66&_sid=dca652c67&_ss=r&_fid=f656a3c74,https://www.gundamplanet.com/cdn/shop/files/synergenex-zoids-x-monster-hunter-wild-liger-zinogre9.jpg?v=1780691401&width=533
zoid,model_kit,Gundam Planet,retailer,us,Synergenex Zoids x Evangelion: Xeno Rex Production Model-02,66.95,,,USD,New,https://www.gundamplanet.com/products/synergenex-zoids-x-evangelion-xeno-rex-production-model-02?_pos=67&_sid=dca652c67&_ss=r&_fid=f656a3c74,https://www.gundamplanet.com/cdn/shop/files/evangelion-x-zoids-xeno-rex-production-model-02.jpg?v=1778700147&width=533
zoid,model_kit,Gundam Planet,retailer,us,Realize Model Zoids 1/100 RMZ-005 Molga Guylos Color,30.95,,,USD,New,https://www.gundamplanet.com/products/realize-model-zoids-1-100-rmz-005-molga-guylos-color?_pos=68&_sid=dca652c67&_ss=r&_fid=f656a3c74,https://www.gundamplanet.com/cdn/shop/files/realize-model-zoids-1-100-rmz-005-molga-guylos-color-gp.jpg?v=1737751608&width=533
zoid,model_kit,Gundam Planet,retailer,us,D-Style Zoids Command Wolf Irvine Custom [Clear Parts Append],27.95,,,USD,New,https://www.gundamplanet.com/products/d-style-zoids-command-wolf-irvine-custom-clear-parts-append?_pos=69&_sid=dca652c67&_ss=r&_fid=f656a3c74,https://www.gundamplanet.com/cdn/shop/files/d-style-zoids-command-wolf-irvine-custom-clear-parts-append1_ac60598a-b67f-4e61-a9c0-f9290ef0ef4b.jpg?v=1776973649&width=533
zoid,model_kit,Gundam Planet,retailer,us,HMM Zoids Custom Pile Bunker Unit,16.95,,,USD,New,https://www.gundamplanet.com/products/hmm-zoids-custom-pile-bunker-unit?_pos=70&_sid=dca652c67&_ss=r&_fid=f656a3c74,https://www.gundamplanet.com/cdn/shop/files/hmm-zoids-custom-pile-bunker-unit-gp.jpg?v=1737694589&width=533
zoid,model_kit,Gundam Planet,retailer,us,Zoids 1/72 AZ-02EX3 Liger Zero Type Zero Armor,23.95,,,USD,New,https://www.gundamplanet.com/products/zoids-1-72-az-02ex3-liger-zero-type-zero-armor?_pos=71&_sid=dca652c67&_ss=r&_fid=f656a3c74,https://www.gundamplanet.com/cdn/shop/files/zoids-1-72-az-02ex3-liger-zero-type-zero-armor-bs.jpg?v=1778800839&width=533
zoid,model_kit,Gundam Planet,retailer,us,Realize Model Zoids 1/100 RMZ-019 Hell Cat & Molga Zenebus Color Set,53.95,,,USD,New,https://www.gundamplanet.com/products/realize-model-zoids-1-100-rmz-019-hell-cat-molga-zenebus-color-set?_pos=72&_sid=dca652c67&_ss=r&_fid=f656a3c74,https://www.gundamplanet.com/cdn/shop/files/realize-model-zoids-1-100-rmz-019-hell-cat-molga-zenebus-color-set10.jpg?v=1771032507&width=533
zoid,model_kit,Gundam Planet,retailer,us,HMM Zoids Liger Zero Jager Unit (Marking Plus Ver.),45.95,,,USD,New,https://www.gundamplanet.com/products/hmm-zoids-liger-zero-jager-unit-marking-plus-ver?_pos=73&_sid=dca652c67&_ss=r&_fid=f656a3c74,https://www.gundamplanet.com/cdn/shop/files/hmm-zoids-liger-zero-jager-unit-marking-plus-ver-base.jpg?v=1742860338&width=533
zoid,model_kit,Gundam Planet,retailer,us,Realize Model Zoids 1/100 RMZ-022 Murasame Liger,63.95,,,USD,New,https://www.gundamplanet.com/products/realize-model-zoids-1-100-rmz-022-murasame-liger?_pos=74&_sid=dca652c67&_ss=r&_fid=f656a3c74,https://www.gundamplanet.com/cdn/shop/files/realize-model-zoids-1-100-rmz-022-murasame-liger-bs.jpg?v=1778800825&width=533
zoid,model_kit,Gundam Planet,retailer,us,1/7 SF-G01 Spark Fig Grande: Kotona Elegance (Zoids Genesis),187.95,,,USD,New,https://www.gundamplanet.com/products/1-7-sf-g01-spark-fig-grande-kotona-elegance-zoids-genesis?_pos=75&_sid=dca652c67&_ss=r&_fid=f656a3c74,https://www.gundamplanet.com/cdn/shop/files/1-7-sf-g01-spark-fig-grande-kotona-elegance-zoids-genesis-bs.png?v=1778801523&width=533
zoid,model_kit,Gundam Planet,retailer,us,HMM Zoids EPZ-003 Great Saber (Marking Plus Ver.),88.95,,,USD,New,https://www.gundamplanet.com/products/hmm-zoids-epz-003-great-saber-marking-plus-ver?_pos=130&_sid=dca652c67&_ss=r&_fid=f656a3c74,https://www.gundamplanet.com/cdn/shop/files/hmm-zoids-epz-003-great-saber-00_1.jpg?v=1737666712&width=533
zoid,model_kit,Gundam Planet,retailer,us,HMM Zoids RZ-053 König Wolf,119.95,,,USD,New,https://www.gundamplanet.com/products/hmm-zoids-rz-053-konig-wolf?_pos=131&_sid=dca652c67&_ss=r&_fid=f656a3c74,https://www.gundamplanet.com/cdn/shop/files/hmm-zoids-konig-wolf-gp.jpg?v=1737718356&width=533
zoid,model_kit,Gundam Planet,retailer,us,HMM Zoids RZ-053 Heavy Arms König Wolf,159.95,,,USD,New,https://www.gundamplanet.com/products/hmm-zoids-rz-053-heavy-arms-konig-wolf?_pos=132&_sid=dca652c67&_ss=r&_fid=f656a3c74,https://www.gundamplanet.com/cdn/shop/files/hmm-zoids-heavy-arms-konig-wolf-gp.jpg?v=1737718399&width=533
zoid,model_kit,Gundam Planet,retailer,us,HMM Zoids RZ-046 Shadow Fox (Marking Plus Ver.),64.95,,,USD,New,https://www.gundamplanet.com/products/hmm-zoids-rz-046-shadow-fox-marking-plus-ver?_pos=133&_sid=dca652c67&_ss=r&_fid=f656a3c74,https://www.gundamplanet.com/cdn/shop/files/hmm-zoids-shadow-fox-marking-p-gp.jpg?v=1737687081&width=533
zoid,model_kit,Gundam Planet,retailer,us,HMM Zoids RZ-028 Blade Liger AB,89.95,,,USD,New,https://www.gundamplanet.com/products/hmm-zoids-rz-028-blade-liger-ab?_pos=134&_sid=dca652c67&_ss=r&_fid=f656a3c74,https://www.gundamplanet.com/cdn/shop/files/zd131_bladeliger_ab_gp.jpg?v=1737679230&width=533
zoid,model_kit,Gundam Planet,retailer,us,Zoids 1/72 AZ-12 Geno Breaker,179.95,,,USD,New,https://www.gundamplanet.com/products/zoids-1-72-az-12-geno-breaker?_pos=135&_sid=dca652c67&_ss=r&_fid=f656a3c74,https://www.gundamplanet.com/cdn/shop/files/zoids-1-72-az-12-geno-breaker-base.jpg?v=1754526537&width=533
zoid,model_kit,Gundam Planet,retailer,us,HMM Zoids RZ-045 Salamander,249.95,,,USD,New,https://www.gundamplanet.com/products/hmm-zoids-rz-045-salamander?_pos=136&_sid=dca652c67&_ss=r&_fid=f656a3c74,https://www.gundamplanet.com/cdn/shop/files/hmm-zoids-rz-045-salamander-base.jpg?v=1753204569&width=533
zoid,model_kit,Gundam Planet,retailer,us,Zoids 1/72 AZ-06EX Phoenix Republic Ver.,49.95,,,USD,New,https://www.gundamplanet.com/products/zoids-1-72-az-06ex-phoenix-republic-ver?_pos=137&_sid=dca652c67&_ss=r&_fid=f656a3c74,https://www.gundamplanet.com/cdn/shop/files/zoids-1-72-az-06ex-phoenix-republic-ver-gp2.jpg?v=1739901212&width=533
zoid,model_kit,Gundam Planet,retailer,us,HMM Zoids RZ-041 Liger Zero (Marking Plus Ver.),74.95,,,USD,New,https://www.gundamplanet.com/products/hmm-zoids-rz-041-liger-zero-marking-plus-ver?_pos=138&_sid=dca652c67&_ss=r&_fid=f656a3c74,https://www.gundamplanet.com/cdn/shop/files/hmm-zoids-rz-041-liger-zero-marking-plus-ver-gp.jpg?v=1737706543&width=533
zoid,model_kit,Gundam Planet,retailer,us,Realize Model Zoids 1/100 RMZ-012 Hell Cat Tirol,43.95,,,USD,New,https://www.gundamplanet.com/products/realize-model-zoids-1-100-rmz-012-hell-cat-tirol?_pos=139&_sid=dca652c67&_ss=r&_fid=f656a3c74,https://www.gundamplanet.com/cdn/shop/files/realize-model-zoids-1-100-rmz-012-hell-cat-tirol10.jpg?v=1751666286&width=533
zoid,model_kit,Gundam Planet,retailer,us,HMM Zoids EZ-054 Liger Zero X,89.95,,,USD,New,https://www.gundamplanet.com/products/hmm-zoids-ez-054-liger-zero-x?_pos=140&_sid=dca652c67&_ss=r&_fid=f656a3c74,https://www.gundamplanet.com/cdn/shop/files/hmm-zoids-ez-054-liger-zero-x-gp2.jpg?v=1737695801&width=533
zoid,model_kit,Gundam Planet,retailer,us,HMM Zoids RZ-041 Liger Zero Jager (Marking Plus Ver.),89.95,,,USD,New,https://www.gundamplanet.com/products/hmm-zoids-rz-041-liger-zero-jager-marking-plus-ver?_pos=141&_sid=dca652c67&_ss=r&_fid=f656a3c74,https://www.gundamplanet.com/cdn/shop/files/hmm-zoids-rz-041-liger-zero-jager-00_1.jpg?v=1737675121&width=533
zoid,model_kit,Gundam Planet,retailer,us,Realize Model Zoids 1/100 RMZ-008 Command Wolf Irvine Special,48.95,,,USD,New,https://www.gundamplanet.com/products/realize-model-zoids-1-100-rmz-008-command-wolf-irvine-special?_pos=142&_sid=dca652c67&_ss=r&_fid=f656a3c74,https://www.gundamplanet.com/cdn/shop/files/realize-model-zoids-1-100-rmz-008-command-wolf-irvine-special9_1.jpg?v=1741262700&width=533
zoid,model_kit,Gundam Planet,retailer,us,Zoids ZW27 Raptoria,19.95,,,USD,New,https://www.gundamplanet.com/products/zoids-zw27-raptoria?_pos=143&_sid=dca652c67&_ss=r&_fid=f656a3c74,https://www.gundamplanet.com/cdn/shop/files/zoids-zw27-raptoria-gp.jpg?v=1739901162&width=533
zoid,model_kit,Gundam Planet,retailer,us,Zoids 1/72 AZ-07 Death Saurer (Motorized Ver),220.95,,,USD,New,https://www.gundamplanet.com/products/zoids-1-72-az-07-death-saurer-motorized-ver?_pos=144&_sid=dca652c67&_ss=r&_fid=f656a3c74,https://www.gundamplanet.com/cdn/shop/files/hmm-zoids-az-07-death-saurer-desc-gp2.jpg?v=1739901185&width=533
zoid,model_kit,Gundam Planet,retailer,us,Zoids ZW25 Beast Liger,35.95,,,USD,New,https://www.gundamplanet.com/products/zoids-zw25-beast-liger?_pos=145&_sid=dca652c67&_ss=r&_fid=f656a3c74,https://www.gundamplanet.com/cdn/shop/files/zoids-zw25-beast-liger-box-gp.jpg?v=1739901167&width=533
zoid,model_kit,Gundam Planet,retailer,us,Zoids ZW26 Cannon Bull,35.95,,,USD,New,https://www.gundamplanet.com/products/zoids-zw26-cannon-bull?_pos=146&_sid=dca652c67&_ss=r&_fid=f656a3c74,https://www.gundamplanet.com/cdn/shop/files/zoids-cannon-bull-gp.jpg?v=1739901163&width=533
zoid,model_kit,Gundam Planet,retailer,us,HMM Zoids RZ-009 Command Wolf AC&LC (Marking Plus Ver.),79.95,,,USD,New,https://www.gundamplanet.com/products/hmm-zoids-rz-009-command-wolf-ac-lc-marking-plus-ver?_pos=147&_sid=dca652c67&_ss=r&_fid=f656a3c74,https://www.gundamplanet.com/cdn/shop/files/hmm-zoids-rz-009-command-wolf-ac-lc-marking-plus-ver-gp2.jpg?v=1737755770&width=533
zoid,model_kit,Gundam Planet,retailer,us,HMM Zoids RBOZ-003 Gojulas The Ogre,299.95,,,USD,New,https://www.gundamplanet.com/products/hmm-zoids-rboz-003-gojulas-the-ogre?_pos=148&_sid=dca652c67&_ss=r&_fid=f656a3c74,https://www.gundamplanet.com/cdn/shop/files/hmm-zoids-rboz-003-gojulas-the-ogre-00.jpg?v=1737667049&width=533
zoid,model_kit,Gundam Planet,retailer,us,HMM Zoids EZ-015 Iron Kong (Marking Plus Ver.),154.95,,,USD,New,https://www.gundamplanet.com/products/hmm-zoids-ez-015-iron-kong-marking-plus-ver?_pos=149&_sid=dca652c67&_ss=r&_fid=f656a3c74,https://www.gundamplanet.com/cdn/shop/files/hmm-zoids-ez-015-iron-kong-marking-plus-ver-gp.jpg?v=1737709300&width=533
zoid,model_kit,Gundam Planet,retailer,us,HMM Zoids DPZ-10 Dark Horn (Marking Plus Ver.),119.95,,,USD,New,https://www.gundamplanet.com/products/hmm-zoids-dpz-10-dark-horn-marking-plus-ver?_pos=150&_sid=dca652c67&_ss=r&_fid=f656a3c74,https://www.gundamplanet.com/cdn/shop/files/hmm-zoids-dpz-10-dark-horn-marking-plus-ver-gp.jpg?v=1737754065&width=533
zoid,model_kit,Gundam Planet,retailer,us,HMM Zoids RZ-030 Gun Sniper W2 (Wild Weasel),49.95,,,USD,New,https://www.gundamplanet.com/products/hmm-zoids-rz-030-gun-sniper-w2-wild-weasel?_pos=151&_sid=dca652c67&_ss=r&_fid=f656a3c74,https://www.gundamplanet.com/cdn/shop/files/hmm-zoids-rz-030-gun-sniper-w2-wild-weasel-gp.jpg?v=1737691024&width=533
zoid,model_kit,Gundam Planet,retailer,us,HMM Zoids EZ-049 Berserk Fuhrer (Repackage Ver.),99.95,,,USD,New,https://www.gundamplanet.com/products/hmm-zoids-ez-049-berserk-fuhrer-repackage-ver?_pos=152&_sid=dca652c67&_ss=r&_fid=f656a3c74,https://www.gundamplanet.com/cdn/shop/files/hmm-zoids-ez-049-berserk-fuhrer-00_1.jpg?v=1737675307&width=533
zoid,model_kit,Gundam Planet,retailer,us,Realize Model Zoids 1/100 RMZ-015 Saber Tiger Raven Special,57.95,,,USD,New,https://www.gundamplanet.com/products/realize-model-zoids-1-100-rmz-015-saber-tiger-raven-special?_pos=153&_sid=dca652c67&_ss=r&_fid=f656a3c74,https://www.gundamplanet.com/cdn/shop/files/realize-model-zoids-1-100-rmz-015-saber-tiger-raven-special_1.jpg?v=1762570190&width=533
zoid,model_kit,Gundam Planet,retailer,us,Zoids 1/72 AZ-05 Saber Tiger (Motorized Ver),96.95,,,USD,New,https://www.gundamplanet.com/products/zoids-1-72-az-05-saber-tiger-motorized-ver?_pos=154&_sid=dca652c67&_ss=r&_fid=f656a3c74,https://www.gundamplanet.com/cdn/shop/files/zoids-1-72-az-05-saber-tiger-motorized-ver-gp_1.jpg?v=1739901159&width=533
zoid,model_kit,Gundam Planet,retailer,us,Zoids 1/72 AZ-09 Geno Saurer (Motorized Ver.),119.95,,,USD,New,https://www.gundamplanet.com/products/zoids-1-72-az-09-geno-saurer-motorized-ver?_pos=155&_sid=dca652c67&_ss=r&_fid=f656a3c74,https://www.gundamplanet.com/cdn/shop/files/figma-sp-170-special-forces-member9_1.jpg?v=1739901211&width=533
zoid,model_kit,Gundam Planet,retailer,us,Zoids 1/72 AZ-11 Command Wolf,91.95,,,USD,New,https://www.gundamplanet.com/products/zoids-1-72-az-11-command-wolf?_pos=156&_sid=dca652c67&_ss=r&_fid=f656a3c74,https://www.gundamplanet.com/cdn/shop/files/zoids-1-72-az-11-command-wolf-base2.jpg?v=1768861297&width=533
zoid,model_kit,Gundam Planet,retailer,us,HMM Zoids RZ-046 Fire Fox (Marking Plus Ver.),64.95,,,USD,New,https://www.gundamplanet.com/products/hmm-zoids-rz-046-fire-fox-marking-plus-ver?_pos=157&_sid=dca652c67&_ss=r&_fid=f656a3c74,https://www.gundamplanet.com/cdn/shop/files/hmm-zoids-rz-046-fire-fox-marking-plus-ver-gp2.jpg?v=1737729715&width=533
zoid,model_kit,Gundam Planet,retailer,us,Zoids 1/72 AZ-10 Sea Panther,49.95,,,USD,New,https://www.gundamplanet.com/products/zoids-1-72-az-10-sea-panther?_pos=158&_sid=dca652c67&_ss=r&_fid=f656a3c74,https://www.gundamplanet.com/cdn/shop/files/zoids-1-72-az-10-sea-panther-base.jpg?v=1760396833&width=533
zoid,model_kit,Gundam Planet,retailer,us,Zoids ZW32 Stylaser,48.95,,,USD,New,https://www.gundamplanet.com/products/zoids-zw32-stylaser?_pos=159&_sid=dca652c67&_ss=r&_fid=f656a3c74,https://www.gundamplanet.com/cdn/shop/files/zoids-zw32-stylaser-gp.jpg?v=1739901166&width=533
zoid,model_kit,Gundam Planet,retailer,us,HMM Zoids RHI-3 Command Wolf Repackage Ver.,49.95,,,USD,New,https://www.gundamplanet.com/products/hmm-zoids-rhi-3-command-wolf-repackage-ver?_pos=160&_sid=dca652c67&_ss=r&_fid=f656a3c74,https://www.gundamplanet.com/cdn/shop/files/hmm-zoids-rhi-3-command-wolf-repackage-ver-00.jpg?v=1737666954&width=533
zoid,model_kit,Gundam Planet,retailer,us,Realize Model Zoids 1/100 RMZ-009 Iron Kong Guylos Color,98.95,,,USD,New,https://www.gundamplanet.com/products/realize-model-zoids-1-100-rmz-009-iron-kong-guylos-color?_pos=161&_sid=dca652c67&_ss=r&_fid=f656a3c74,https://www.gundamplanet.com/cdn/shop/files/realize-model-zoids-1-100-rmz-009-iron-kong-guylos-color10.jpg?v=1744149293&width=533
zoid,model_kit,Gundam Planet,retailer,us,HMM Zoids RZ-001 Gojulas Gunner,699.95,,,USD,New,https://www.gundamplanet.com/products/hmm-zoids-rz-001-gojulas-gunner?_pos=162&_sid=dca652c67&_ss=r&_fid=f656a3c74,https://www.gundamplanet.com/cdn/shop/files/hmm-zoids-gojulas-gunner-gp.jpg?v=1737678082&width=533
zoid,model_kit,Gundam Planet,retailer,us,HMM Zoids RZ-002 Guysack,54.95,,,USD,New,https://www.gundamplanet.com/products/hmm-zoids-rz-002-guysack?_pos=163&_sid=dca652c67&_ss=r&_fid=f656a3c74,https://www.gundamplanet.com/cdn/shop/files/hmm-zoids-rz-002-guysack-gp2.jpg?v=1737735382&width=533
zoid,model_kit,Gundam Planet,retailer,us,HMM Zoids RBOZ-003 Gojulas (Marking Plus Ver.),239.95,,,USD,New,https://www.gundamplanet.com/products/hmm-zoids-rboz-003-gojulas-marking-plus-ver?_pos=164&_sid=dca652c67&_ss=r&_fid=f656a3c74,https://www.gundamplanet.com/cdn/shop/files/hmm-zoids-rboz-003-gojulas-marking-plus-ver-gp.jpg?v=1737728518&width=533
zoid,model_kit,Gundam Planet,retailer,us,HMM Zoids RZ-013 Buster Tortoise,53.95,,,USD,New,https://www.gundamplanet.com/products/hmm-zoids-rz-013-buster-tortoise?_pos=165&_sid=dca652c67&_ss=r&_fid=f656a3c74,https://www.gundamplanet.com/cdn/shop/files/hmm-zoids-rz-013-buster-tortoise-00.jpg?v=1737666992&width=533
zoid,model_kit,Gundam Planet,retailer,us,HMM Zoids EZ-054 Liger Zero Empire Ver. (Marking Plus Ver.),59.95,,,USD,New,https://www.gundamplanet.com/products/hmm-zoids-ez-054-liger-zero-empire-ver-marking-plus-ver?_pos=166&_sid=dca652c67&_ss=r&_fid=f656a3c74,https://www.gundamplanet.com/cdn/shop/files/hmm-zoids-ez-054-liger-zero-empire-ver-marking-plus-ver_gp.jpg?v=1737695847&width=533
zoid,model_kit,Gundam Planet,retailer,us,HMM Zoids Berserk Fuhrer Sturm Unit,63.95,,,USD,New,https://www.gundamplanet.com/products/hmm-zoids-berserk-fuhrer-sturm-unit?_pos=167&_sid=dca652c67&_ss=r&_fid=f656a3c74,https://www.gundamplanet.com/cdn/shop/files/hmm-zoids-berserk-fuhrer-sturm-unit-00.jpg?v=1737671234&width=533
zoid,model_kit,Gundam Planet,retailer,us,HMM Zoids RZ-041 Liger Zero Schneider (Marking Plus Ver.),89.95,,,USD,New,https://www.gundamplanet.com/products/hmm-zoids-rz-041-liger-zero-schneider-marking-plus-ver?_pos=168&_sid=dca652c67&_ss=r&_fid=f656a3c74,https://www.gundamplanet.com/cdn/shop/files/hmm-zoids-rz-041-liger-zero-schneider-00_1.jpg?v=1737675148&width=533
zoid,model_kit,Gundam Planet,retailer,us,HMM Zoids EZ-005 Redler BC,75.95,,,USD,New,https://www.gundamplanet.com/products/hmm-zoids-ez-005-redler-bc?_pos=169&_sid=dca652c67&_ss=r&_fid=f656a3c74,https://www.gundamplanet.com/cdn/shop/files/hmm-zoids-ez-005-redler-bc-gp2.jpg?v=1737726311&width=533
zoid,model_kit,Gundam Planet,retailer,us,HMM Zoids RZ-029 Storm Sworder,99.95,,,USD,New,https://www.gundamplanet.com/products/hmm-zoids-rz-029-storm-sworder?_pos=170&_sid=dca652c67&_ss=r&_fid=f656a3c74,https://www.gundamplanet.com/cdn/shop/files/hmm-zoids-rz-029-storm-sworder-00.jpg?v=1737669356&width=533
zoid,model_kit,Gundam Planet,retailer,us,HMM Zoids RZ-041 Liger Zero Panzer (Marking Plus Ver.),99.95,,,USD,New,https://www.gundamplanet.com/products/hmm-zoids-rz-041-liger-zero-panzer-marking-plus-ver?_pos=171&_sid=dca652c67&_ss=r&_fid=f656a3c74,https://www.gundamplanet.com/cdn/shop/files/hmm-zoids-rz-041-liger-zero-panzer-00_1.jpg?v=1737675170&width=533
zoid,model_kit,Gundam Planet,retailer,us,Zoids 1/72 Gun Sniper Leena Special 2001 Re/color,69.95,,,USD,New,https://www.gundamplanet.com/products/zoids-1-72-gun-sniper-leena-special-2001-re-color?_pos=172&_sid=dca652c67&_ss=r&_fid=f656a3c74,https://www.gundamplanet.com/cdn/shop/files/zoids-1-72-gun-sniper-leena-special-2001-re-base.jpg?v=1763767258&width=533
zoid,model_kit,Gundam Planet,retailer,us,HMM Zoids EZ-027 Rev Raptor Night Patrol,79.95,,,USD,New,https://www.gundamplanet.com/products/hmm-zoids-ez-027-rev-raptor-night-patrol?_pos=173&_sid=dca652c67&_ss=r&_fid=f656a3c74,https://www.gundamplanet.com/cdn/shop/files/hmm-zoids-ez-027-rev-raptor-night-patrol-gp.jpg?v=1737717894&width=533
zoid,model_kit,Gundam Planet,retailer,us,HMM Zoids RMZ-11 Godos Former Republic Ver.,57.95,,,USD,New,https://www.gundamplanet.com/products/hmm-zoids-rmz-11-godos-former-republic-ver?_pos=174&_sid=dca652c67&_ss=r&_fid=f656a3c74,https://www.gundamplanet.com/cdn/shop/files/zd130_godos_frver_gp.jpg?v=1737678842&width=533
zoid,model_kit,Gundam Planet,retailer,us,Zoids ZW29 Sniptera,35.95,,,USD,New,https://www.gundamplanet.com/products/zoids-zw29-sniptera?_pos=175&_sid=dca652c67&_ss=r&_fid=f656a3c74,https://www.gundamplanet.com/cdn/shop/files/zoids-snipe-ptera-gp.jpg?v=1739901161&width=533
zoid,model_kit,Gundam Planet,retailer,us,HMM Zoids EZ-017 Iguan,42.95,,,USD,New,https://www.gundamplanet.com/products/hmm-zoids-ez-017-iguan?_pos=176&_sid=dca652c67&_ss=r&_fid=f656a3c74,https://www.gundamplanet.com/cdn/shop/files/zd079r_iguan_gp.jpg?v=1737681496&width=533
zoid,model_kit,Gundam Planet,retailer,us,HMM Zoids EZ-004 Red Horn (Marking Plus Ver.),84.95,,,USD,New,https://www.gundamplanet.com/products/hmm-zoids-ez-004-red-horn-marking-plus-ver?_pos=177&_sid=dca652c67&_ss=r&_fid=f656a3c74,https://www.gundamplanet.com/cdn/shop/files/hmm-zoids-ez-004-red-horn-marking-plus-ver-gp.jpg?v=1737726341&width=533
zoid,model_kit,Gundam Planet,retailer,us,HMM Zoids RZ-013 Cannon Tortoise (Marking Plus Ver.),56.95,,,USD,New,https://www.gundamplanet.com/products/hmm-zoids-rz-013-cannon-tortoise-marking-plus-ver?_pos=178&_sid=dca652c67&_ss=r&_fid=f656a3c74,https://www.gundamplanet.com/cdn/shop/files/hmm-zoids-rz-013-cannon-tortoise-marking-plus-ver-base2.jpg?v=1748560419&width=533
zoid,model_kit,Gundam Planet,retailer,us,HMM Zoids EZ-035 Lightning Saix (Marking Plus Ver.),59.95,,,USD,New,https://www.gundamplanet.com/products/hmm-zoids-ez-035-lightning-saix-marking-plus-ver?_pos=179&_sid=dca652c67&_ss=r&_fid=f656a3c74,https://www.gundamplanet.com/cdn/shop/files/hmm-zoids-ez-035-lightning-saix-00.jpg?v=1737666846&width=533
zoid,model_kit,Gundam Planet,retailer,us,HMM Zoids DPZ-10 Dark Horn,69.95,,,USD,New,https://www.gundamplanet.com/products/hmm-zoids-dpz-10-dark-horn?_pos=180&_sid=dca652c67&_ss=r&_fid=f656a3c74,https://www.gundamplanet.com/cdn/shop/files/zd043_darkhorn_gp.jpg?v=1737666865&width=533
zoid,model_kit,Gundam Planet,retailer,us,HMM Zoids RZ-053 König Wolf (Damaged Box Item),104.95,,,USD,New,https://www.gundamplanet.com/products/hmm-zoids-rz-053-konig-wolf-damaged-box?_pos=181&_sid=dca652c67&_ss=r&_fid=f656a3c74,https://www.gundamplanet.com/cdn/shop/files/hmm-zoids-konig-wolf-gp.jpg?v=1737718356&width=533
zoid,model_kit,Gundam Planet,retailer,us,HMM Zoids EZ-016 Saber Tiger (Marking Plus Ver.),79.95,,,USD,New,https://www.gundamplanet.com/products/hmm-zoids-ez-016-saber-tiger-marking-plus-ver?_pos=182&_sid=dca652c67&_ss=r&_fid=f656a3c74,https://www.gundamplanet.com/cdn/shop/files/hmm-zoids-ez-016-saber-tiger-marking-plus-ver-gp.jpg?v=1737666608&width=533
zoid,model_kit,Gundam Planet,retailer,us,HMM Zoids EZ-036 Death Stinger ZS,149.95,,,USD,New,https://www.gundamplanet.com/products/hmm-zoids-ez-036-death-stinger-zs?_pos=183&_sid=dca652c67&_ss=r&_fid=f656a3c74,https://www.gundamplanet.com/cdn/shop/files/hmm-zoids-ez-036-death-stinger-zs-gp.jpg?v=1737689551&width=533
zoid,model_kit,Gundam Planet,retailer,us,HMM Zoids Green Horn AB,109.95,,,USD,New,https://www.gundamplanet.com/products/hmm-zoids-green-horn-ab?_pos=184&_sid=dca652c67&_ss=r&_fid=f656a3c74,https://www.gundamplanet.com/cdn/shop/files/hmm-zoids-green-horn-ab-gp2.jpg?v=1737720775&width=533
zoid,model_kit,Gundam Planet,retailer,us,HMM Zoids EZ-015 Iron Kong Yeti,199.95,,,USD,New,https://www.gundamplanet.com/products/hmm-zoids-ez-015-iron-kong-yeti?_pos=185&_sid=dca652c67&_ss=r&_fid=f656a3c74,https://www.gundamplanet.com/cdn/shop/files/hmm-zoids-ez-015-iron-kong-yeti-gp.jpg?v=1737680546&width=533
zoid,model_kit,Gundam Planet,retailer,us,HMM Zoids RZ-007 Shield Liger (Marking Plus Ver.),59.95,,,USD,New,https://www.gundamplanet.com/products/hmm-zoids-rz-007-shield-liger-marking-plus-ver?_pos=186&_sid=dca652c67&_ss=r&_fid=f656a3c74,https://www.gundamplanet.com/cdn/shop/files/hmm-zoids-rz-007-shield-liger-marking-plus-ver-box-rgp.jpg?v=1737703445&width=533
zoid,model_kit,Gundam Planet,retailer,us,Zoids 1/72 AZ-01EX Blade Liger Leon Toros Ver.,85.95,,,USD,New,https://www.gundamplanet.com/products/zoids-1-72-az-01ex-blade-liger-leon-toros-ver?_pos=187&_sid=dca652c67&_ss=r&_fid=f656a3c74,https://www.gundamplanet.com/cdn/shop/files/zoids-1-72-az-01ex-blade-liger-leon-toros-ver-fr_1.jpg?v=1739901200&width=533
zoid,model_kit,Gundam Planet,retailer,us,HMM Zoids AZ-03 Murasame Liger,139.95,,,USD,New,https://www.gundamplanet.com/products/hmm-zoids-az-03-murasame-liger?_pos=188&_sid=dca652c67&_ss=r&_fid=f656a3c74,https://www.gundamplanet.com/cdn/shop/files/zoids-az-03-murasame-liger-gp.jpg?v=1737725375&width=533
zoid,model_kit,Gundam Planet,retailer,us,HMM Zoids EZ-034 Geno Breaker (Repackage Ver.),120.95,,,USD,New,https://www.gundamplanet.com/products/hmm-zoids-ez-034-geno-breaker-repackage-ver?_pos=189&_sid=dca652c67&_ss=r&_fid=f656a3c74,https://www.gundamplanet.com/cdn/shop/files/hmm-zoids-ez-034-geno-breaker-repackage-ver-gp.jpg?v=1737691048&width=533
zoid,model_kit,Gundam Planet,retailer,us,HMM Zoids RZ-010 Pteras Bomber (Marking Plus Ver.),55.95,,,USD,New,https://www.gundamplanet.com/products/hmm-zoids-rz-010-pteras-bomber-marking-plus-ver?_pos=190&_sid=dca652c67&_ss=r&_fid=f656a3c74,https://www.gundamplanet.com/cdn/shop/files/hmm-zoids-rz-010-pteras-bomber-marking-plus-ver-gp.jpg?v=1738029471&width=533
zoid,model_kit,Gundam Planet,retailer,us,Zoids ZW28 Bazootle,35.95,,,USD,New,https://www.gundamplanet.com/products/zoids-zw28-bazootle?_pos=191&_sid=dca652c67&_ss=r&_fid=f656a3c74,https://www.gundamplanet.com/cdn/shop/files/zoids-bazootle-gp.jpg?v=1739901165&width=533
zoid,model_kit,Gundam Planet,retailer,us,HMM Zoids EZ-049 Sturm Tyrann,149.95,,,USD,New,https://www.gundamplanet.com/products/hmm-zoids-ez-049-sturm-tyrann?_pos=192&_sid=dca652c67&_ss=r&_fid=f656a3c74,https://www.gundamplanet.com/cdn/shop/files/hmm-zoids-ez-049-sturm-tyrann-00.jpg?v=1738029352&width=533
zoid,model_kit,Gundam Planet,retailer,us,Synergenex Zoids x Patlabor: Hunter Wolf Unit 2,49.95,,,USD,New,https://www.gundamplanet.com/products/synergenex-zoids-x-patlabor-hunter-wolf-unit-2?_pos=193&_sid=dca652c67&_ss=r&_fid=f656a3c74,https://www.gundamplanet.com/cdn/shop/files/zoids-x-patlabor-hunter-wolf-unit-2-base_eaf56954-d7b8-4908-888d-e8972f0584f2.jpg?v=1754526096&width=533
zoid,model_kit,Gundam Planet,retailer,us,Adamas Machina Zoids 1/72 AMZ-01 Berserk Führer,329.95,,,USD,New,https://www.gundamplanet.com/products/adamas-machina-zoids-1-72-amz-01-berserk-fuhrer?_pos=194&_sid=dca652c67&_ss=r&_fid=f656a3c74,https://www.gundamplanet.com/cdn/shop/files/adamas-machina-zoids-1-72-amz-01-berserk-fuhrer-fr.jpg?v=1737747328&width=533
zoid,model_kit,Gundam Planet,retailer,us,HMM Zoids EZ-026 Geno Saurer (Repackage Ver.),89.95,,,USD,New,https://www.gundamplanet.com/products/hmm-zoids-ez-026-geno-saurer-repackage-ver?_pos=195&_sid=dca652c67&_ss=r&_fid=f656a3c74,https://www.gundamplanet.com/cdn/shop/files/zd118_genosaurer_repackagever_gp.jpg?v=1737679568&width=533
zoid,model_kit,Gundam Planet,retailer,us,Synergenex Zoids x Monster Hunter: Gatling Fox Mizutsune,69.95,,,USD,New,https://www.gundamplanet.com/products/synergenex-zoids-x-monster-hunter-gatling-fox-mizutsune?_pos=196&_sid=dca652c67&_ss=r&_fid=f656a3c74,https://www.gundamplanet.com/cdn/shop/files/monster-hunter-x-zoids-gatling-fox-mizutsune_1.jpg?v=1742519345&width=533
zoid,model_kit,Gundam Planet,retailer,us,Synergenex Zoids x Monster Hunter: Sonic Bird Rathalos Armor,59.95,,,USD,New,https://www.gundamplanet.com/products/synergenex-zoids-x-monster-hunter-sonic-bird-rathalos-armor?_pos=197&_sid=dca652c67&_ss=r&_fid=f656a3c74,https://www.gundamplanet.com/cdn/shop/files/zoids-x-monster-hunter-sonic-bird-rathalos-armor-fr.jpg?v=1739901177&width=533
zoid,model_kit,Gundam Planet,retailer,us,Realize Model Zoids 1/100 RMZ-013 Shield Liger Bang Special,64.95,,,USD,New,https://www.gundamplanet.com/products/realize-model-zoids-1-100-rmz-013-shield-liger-bang-special?_pos=198&_sid=dca652c67&_ss=r&_fid=f656a3c74,https://www.gundamplanet.com/cdn/shop/files/realize-model-zoids-1-100-rmz-013-shield-liger-bang-special-base.jpg?v=1754596046&width=533
zoid,model_kit,Gundam Planet,retailer,us,HMM Zoids Liger Zero Schneider Unit Marking Plus Ver.,45.95,,,USD,New,https://www.gundamplanet.com/products/hmm-zoids-liger-zero-schneider-unit?_pos=199&_sid=dca652c67&_ss=r&_fid=f656a3c74,https://www.gundamplanet.com/cdn/shop/files/hmm-zoids-liger-zero-schneider-unit-00.jpg?v=1737666951&width=533
zoid,model_kit,Gundam Planet,retailer,us,Synergenex Zoids x Monster Hunter: Beast Liger Sinister Armor,59.95,,,USD,New,https://www.gundamplanet.com/products/synergenex-zoids-x-monster-hunter-beast-liger-sinister-armor?_pos=200&_sid=dca652c67&_ss=r&_fid=f656a3c74,https://www.gundamplanet.com/cdn/shop/files/zoids-x-monster-hunter-beast-liger-sinister-armor-fr.jpg?v=1739901178&width=533
zoid,model_kit,Gundam Planet,retailer,us,HMM Zoids RZ-041 Liger Zero Panzer Unit (Marking Plus Ver.),47.95,,,USD,New,https://www.gundamplanet.com/products/hmm-zoids-rz-041-liger-zero-panzer-unit-marking-plus-ver?_pos=201&_sid=dca652c67&_ss=r&_fid=f656a3c74,https://www.gundamplanet.com/cdn/shop/files/hmm-zoids-rz-041-liger-zero-panzer-unit-marking-plus-ver-fr.jpg?v=1743631671&width=533
zoid,model_kit,Gundam Planet,retailer,us,HMM Zoids EMZ-15 Molga AA And Molga Carrier,52.95,,,USD,New,https://www.gundamplanet.com/products/hmm-zoids-emz-15-molga-aa-and-molga-carrier?_pos=202&_sid=dca652c67&_ss=r&_fid=f656a3c74,https://www.gundamplanet.com/cdn/shop/files/hmm-zoids-emz-15-molga-aa-and-molga-carrier-gp.jpg?v=1737680165&width=533
zoid,model_kit,Gundam Planet,retailer,us,HMM Zoids RMZ-04 Gurantula,45.95,,,USD,New,https://www.gundamplanet.com/products/hmm-zoids-rmz-04-gurantula?_pos=203&_sid=dca652c67&_ss=r&_fid=f656a3c74,https://www.gundamplanet.com/cdn/shop/files/hmm-zoids-rmz-04-gurantula-gp2.jpg?v=1737746528&width=533
zoid,model_kit,Gundam Planet,retailer,us,Synergenex Zoids x Monster Hunter: Knuckle Kong Rajang,69.95,,,USD,New,https://www.gundamplanet.com/products/synergenex-zoids-x-monster-hunter-knuckle-kong-rajang?_pos=204&_sid=dca652c67&_ss=r&_fid=f656a3c74,https://www.gundamplanet.com/cdn/shop/files/monster-hunter-x-zoids-1-35-knuckle-kong-rajang_1.jpg?v=1742519291&width=533
zoid,model_kit,Gundam Planet,retailer,us,HMM Zoids EZ-015 Iron Kong PK (Prozen Knights Ver.),195.95,,,USD,New,https://www.gundamplanet.com/products/hmm-zoids-ez-015-iron-kong-pk-prozen-knights-ver?_pos=205&_sid=dca652c67&_ss=r&_fid=f656a3c74,https://www.gundamplanet.com/cdn/shop/files/hmm-zoids-ez-015-iron-kong-pk-prozen-knights-ver-00.jpg?v=1737667007&width=533
zoid,model_kit,Gundam Planet,retailer,us,Realize Model Zoids 1/100 RMZ-010 Cannoly Molga & Hell Cat Base Guards,66.95,,,USD,New,https://www.gundamplanet.com/products/realize-model-zoids-1-100-rmz-010-cannoly-molga-hell-cat-base-guards?_pos=206&_sid=dca652c67&_ss=r&_fid=f656a3c74,https://www.gundamplanet.com/cdn/shop/files/realize-model-zoids-1-100-rmz-010-canory-molga-hell-cat-base-guards-gp.jpg?v=1748365550&width=533
zoid,model_kit,Gundam Planet,retailer,us,HMM Zoids Customize Parts Dual Sniper Rifle & AZ Five Launch Missile System Set,36.95,,,USD,New,https://www.gundamplanet.com/products/hmm-zoids-customize-parts-dual-sniper-rifle-az-five-launch-missile-system-set?_pos=207&_sid=dca652c67&_ss=r&_fid=f656a3c74,https://www.gundamplanet.com/cdn/shop/files/hmm-zoids-dual-sniper-rifle-az-five-launch-missile-system-set-gp.jpg?v=1737718378&width=533
zoid,model_kit,Gundam Planet,retailer,us,HMM Zoids Customize Parts Attack Booster Set,23.95,,,USD,New,https://www.gundamplanet.com/products/hmm-zoids-customize-parts-attack-booster-set?_pos=208&_sid=dca652c67&_ss=r&_fid=f656a3c74,https://www.gundamplanet.com/cdn/shop/files/hmm-zoids-customize-parts-attack-booster-set-gp.jpg?v=1737720749&width=533
zoid,model_kit,Gundam Planet,retailer,us,HMM Zoids Customize Parts Booster Cannon Set,24.95,,,USD,New,https://www.gundamplanet.com/products/hmm-zoids-customize-parts-booster-cannon-set?_pos=209&_sid=dca652c67&_ss=r&_fid=f656a3c74,https://www.gundamplanet.com/cdn/shop/files/hmm-zoids-customize-parts-booster-cannon-set-gp2.jpg?v=1737712530&width=533
zoid,model_kit,HLJ.com,retailer,,D-STYLE Death Saurer (ZOIDS),411.71,,,MXN,New,https://www.hlj.com/d-style-death-saurer-zoids-kbykp-923,https://www.hlj.com/productthumbs/kby/kbykp-923_0_1791426608.jpg?v=1791426608
zoid,model_kit,HLJ.com,retailer,,1/72 Zoids AZ-18 Godos Dinosaur Type,947.37,,,MXN,New,https://www.hlj.com/1-72-scale-zoids-az-18-godos-dinosaur-type-tkt05862,https://www.hlj.com/productthumbs/tkt/tkt05862_0_1790839227.jpg?v=1790839227
zoid,model_kit,HLJ.com,retailer,,1/100 Realize Model Zoids RMZ-002 Geno Saurer (Reissue),812.03,,,MXN,New,https://www.hlj.com/1-100-scale-realize-model-zoids-rmz-002-geno-saurer-reissue-tkt93969-2,https://www.hlj.com/productthumbs/tkt/tkt93969-2_0_1745804406.jpg?v=1745804406
zoid,model_kit,HLJ.com,retailer,,1/100 Realize Model Zoids RMZ-005 Molga Guylos Color,338.35,,,MXN,New,https://www.hlj.com/1-100-scale-realize-model-zoids-rmz-005-molga-guylos-color-tkt93973,https://www.hlj.com/productthumbs/tkt/tkt93973_0_1725246607.jpg?v=1725246607
zoid,model_kit,HLJ.com,retailer,,1/100 Realize Model Zoids RMZ-003 Command Wolf (Reissue),473.68,,,MXN,New,https://www.hlj.com/1-100-scale-realize-model-zoids-rmz-003-command-wolf-reissue-tkt91876-2,https://www.hlj.com/productthumbs/tkt/tkt91876-2_0_1745804409.jpg?v=1745804409
zoid,model_kit,HLJ.com,retailer,,1/100 Realize Model Zoids RMZ-006 Saber Tiger Schwalz Special,812.03,,,MXN,New,https://www.hlj.com/1-100-scale-realize-model-zoids-rmz-006-saber-tiger-schwalz-special-tkt93971,https://www.hlj.com/productthumbs/tkt/tkt93971_0_1730456429.jpg?v=1730456429
zoid,model_kit,HLJ.com,retailer,,1/100 Realize Model Zoids RMZ-004 Hell Cat Guylos Color,365.41,,,MXN,New,https://www.hlj.com/1-100-scale-realize-model-zoids-rmz-004-hell-cat-guylos-color-tkt93970,https://www.hlj.com/productthumbs/tkt/tkt93970_0_1725246674.jpg?v=1725246674
zoid,model_kit,HLJ.com,retailer,,1/100 Realize Model Zoids RMZ-027 Dibison Thoma Special Buffalo Type,812.03,,,MXN,New,https://www.hlj.com/1-100-scale-realize-model-zoids-rmz-027-dibison-thoma-special-buffalo-type-tkt09259,https://www.hlj.com/productthumbs/tkt/tkt09259_0_1790839221.jpg?v=1790839221
zoid,model_kit,HLJ.com,retailer,,1/100 Realize Model Zoids RMZ-016 Blade Liger Panzer (ZBF) Lion Type,1218.04,,,MXN,New,https://www.hlj.com/1-100-scale-realize-model-zoids-rmz-016-blade-liger-panzer-zbf-lion-type-tkt09254,https://www.hlj.com/productthumbs/tkt/tkt09254_0_1764670844.jpg?v=1764670844
zoid,model_kit,HLJ.com,retailer,,1/100 Realize Model Zoids RMZ-014 Red Horn Guylos Color Styracosaurus Type,812.03,,,MXN,New,https://www.hlj.com/1-100-scale-realize-model-zoids-rmz-014-red-horn-guylos-color-styracosaurus-type-tkt93974,https://www.hlj.com/productthumbs/tkt/tkt93974_0_1759715458.jpg?v=1759715458
zoid,model_kit,HLJ.com,retailer,,1/72 Zoids: RZ-030 Gun Sniper W2 (Reissue),740.8,,,MXN,New,https://www.hlj.com/1-72-scale-zoids-rz-030-gun-sniper-w2-reissue-kbyzd146x,https://www.hlj.com/productthumbs/kby/kbyzd146x_0_1712629231.jpg?v=1712629231
zoid,model_kit,HLJ.com,retailer,,1/72 Zoids: EZ-006 Molga Full Option Set,879.7,,,MXN,New,https://www.hlj.com/1-72-scale-zoids-ez-006-molga-full-option-set-kbyzd186,https://www.hlj.com/productthumbs/kby/kbyzd186_0_1733970608.jpg?v=1733970608
zoid,model_kit,HLJ.com,retailer,,1/72 Zoids AZ-13 Canory Molga Insect Type,744.36,,,MXN,New,https://www.hlj.com/1-72-scale-zoids-az-13-canory-molga-insect-type-tkt09684,https://www.hlj.com/productthumbs/tkt/tkt09684_0_1759716015.jpg?v=1759716015
zoid,model_kit,HLJ.com,retailer,,1/35 SPIDER ZOIDS BLACK SPIDER-MAN Special,569.84,,,MXN,New,https://www.hlj.com/1-35-scale-spider-zoids-black-spider-man-special-tkt95596,https://www.hlj.com/productthumbs/tkt/tkt95596_0_1725246682.jpg?v=1725246682
zoid,model_kit,HLJ.com,retailer,,1/72 Zoids Iron Kong Schwarz Special 1999 -Recolor-,2639.09,,,MXN,New,https://www.hlj.com/1-72-scale-zoids-iron-kong-schwarz-special-1999-recolor-kbyzd195,https://www.hlj.com/productthumbs/kby/kbyzd195_0_1770690630.jpg?v=1770690630
zoid,model_kit,HLJ.com,retailer,,1/72 Zoids: RZ-014 Godos Marking Plus Ver. (Reissue),753.9,,,MXN,New,https://www.hlj.com/1-72-scale-zoids-rz-014-godos-marking-plus-ver-reissue-kbyzd157x,https://www.hlj.com/productthumbs/kby/kbyzd157x_0_1729737012.jpg?v=1729737012
zoid,model_kit,HLJ.com,retailer,,1/72 Zoids: EHI-7 Reddra Zenebus Empire Ver. (Reissue),854.77,,,MXN,New,https://www.hlj.com/1-72-scale-zoids-ehi-7-reddra-zenebus-empire-ver-reissue-kbyzd152x,https://www.hlj.com/productthumbs/kby/kbyzd152x_0_1729737005.jpg?v=1729737005
zoid,model_kit,HLJ.com,retailer,,1/72 Zoids AZ-15 Psycho Geno Saurer Tyrannosaurus Type,2030.07,,,MXN,New,https://www.hlj.com/1-72-scale-zoids-az-15-psycho-geno-saurer-tyrannosaurus-type-tkt07069,https://www.hlj.com/productthumbs/tkt/tkt07069_0_1770882033.jpg?v=1770882033
zoid,model_kit,HLJ.com,retailer,,ZOIDS: RZ-007 Shield Liger DCS-J (Reissue),1025.72,,,MXN,New,https://www.hlj.com/zoids-rz-007-shield-liger-dcs-j-reissue-kbyzd129r,https://www.hlj.com/productthumbs/kby/kbyzd129r_0_1738821606.jpg?v=1738821606
zoid,model_kit,HLJ.com,retailer,,1/72 Zoids Gun Sniper Leena Special 2001 Re/color,839.1,,,MXN,New,https://www.hlj.com/1-72-scale-zoids-gun-sniper-leena-special-2001-re-color-kbyzd193,https://www.hlj.com/productthumbs/kby/kbyzd193_0_1762396219.jpg?v=1762396219
zoid,model_kit,HLJ.com,retailer,,1/72 Zoids AZ-14 Liger Zero X Lion Type,2030.07,,,MXN,New,https://www.hlj.com/1-72-scale-zoids-az-14-liger-zero-x-lion-type-tkt09683,https://www.hlj.com/productthumbs/tkt/tkt09683_0_1770888014.jpg?v=1770888014
zoid,model_kit,HLJ.com,retailer,,1/100 Realize Model Zoids RMZ-020 Zabat Bat Type,568.42,,,MXN,New,https://www.hlj.com/1-100-scale-realize-model-zoids-rmz-020-zabat-bat-type-tkt08689,https://www.hlj.com/productthumbs/tkt/tkt08689_0_1770882006.jpg?v=1770882006
zoid,model_kit,HLJ.com,retailer,,1/35 Monster Hunter x Zoids Gatling Fox Mizutsune,777.84,,,MXN,New,https://www.hlj.com/1-35-scale-monster-hunter-x-zoids-gatling-fox-mizutsune-tkt99520,https://www.hlj.com/productthumbs/tkt/tkt99520_0_1741078211.jpg?v=1741078211
zoid,model_kit,HLJ.com,retailer,,1/72 Zoids: Liger Zero Schneider Unit Marking Plus Ver. (Reissue),487.22,,,MXN,New,https://www.hlj.com/1-72-scale-zoids-liger-zero-schneider-unit-marking-plus-ver-reissue-kbyzd143r,https://www.hlj.com/productthumbs/kby/kbyzd143r_0_1739848810.jpg?v=1739848810
zoid,model_kit,HLJ.com,retailer,,1/72 Zoids: LIGER ZERO PANZER UNIT MARKING PLUS Ver. (Reissue),538.5,,,MXN,New,https://www.hlj.com/1-72-scale-zoids-liger-zero-panzer-unit-marking-plus-ver-reissue-kbyzd144r,https://www.hlj.com/productthumbs/kby/kbyzd144r_0_1743475812.jpg?v=1743475812
zoid,model_kit,HLJ.com,retailer,,ZOIDS: Jager Unit Marking Plus Ver. For Liger Zero (Reissue),487.22,,,MXN,New,https://www.hlj.com/zoids-jager-unit-marking-plus-ver-for-liger-zero-reissue-kbyzd147r,https://www.hlj.com/productthumbs/kby/kbyzd147r_0_1738822204.jpg?v=1738822204
zoid,model_kit,HLJ.com,retailer,,1/100 Realize Model Zoids RMZ-017 Command Wolf Urban Warfare Special Wolf Type,730.83,,,MXN,New,https://www.hlj.com/1-100-scale-realize-model-zoids-rmz-017-command-wolf-urban-warfare-special-wolf-type-tkt91877,https://www.hlj.com/productthumbs/tkt/tkt91877_0_1768281622.jpg?v=1768281622
zoid,model_kit,HLJ.com,retailer,,Zoids Wild EX-Zero,427.38,,,MXN,New,https://www.hlj.com/zoids-wild-ex-zero-hbj62542,https://www.hlj.com/productthumbs/hbj/hbj62542_0_1627644631.jpg?v=1627644631
zoid,model_kit,HLJ.com,retailer,,Zoids Concept Art III,407.01,,,MXN,New,https://www.hlj.com/zoids-concept-art-iii-hbj60435,https://www.hlj.com/productthumbs/hbj/hbj60435_0.jpg?v=
zoid,model_kit,HLJ.com,retailer,,ZOIDS Dark Forces Invasion,407.01,,,MXN,New,https://www.hlj.com/zoids-dark-forces-invasion-hbj60648,https://www.hlj.com/productthumbs/hbj/hbj60648_0.jpg?v=
zoid,other,HLJ.com,retailer,,Zoids Republic Decal Set 1,76.93,,,MXN,New,https://www.hlj.com/zoids-republic-decal-set-1-wavpt-06,https://www.hlj.com/productthumbs/wav/wavpt-06.jpg?v=
zoid,other,HLJ.com,retailer,,Zoids Empire Decal Set 1,76.93,,,MXN,New,https://www.hlj.com/zoids-empire-decal-set-1-wavpt-07,https://www.hlj.com/productthumbs/wav/wavpt-07.jpg?v=
zoid,model_kit,HLJ.com,retailer,,1/72 Zoids: RZ-028 Blade Liger AB (Reissue),1025.72,,,MXN,New,https://www.hlj.com/1-72-scale-zoids-rz-028-blade-liger-ab-reissue-kbyzd131r,https://www.hlj.com/productthumbs/kby/kbyzd131r_0_1739848827.jpg?v=1739848827
zoid,model_kit,HLJ.com,retailer,,1/72 Zoids LIGHTNING SAIX Irvine Special 2000 -Recolor-,1163.91,,,MXN,New,https://www.hlj.com/1-72-scale-zoids-lightning-saix-irvine-special-2000-recolor-kbyzd192,https://www.hlj.com/productthumbs/kby/kbyzd192_0_1765852832.jpg?v=1765852832
zoid,model_kit,HLJ.com,retailer,,ZOIDS: Liger Zero Jager Marking Plus Ver. (Reissue),1051.36,,,MXN,New,https://www.hlj.com/zoids-liger-zero-jager-marking-plus-ver-reissue-kbyzd122r,https://www.hlj.com/productthumbs/kby/kbyzd122r_0_1738821628.jpg?v=1738821628
zoid,model_kit,HLJ.com,retailer,,1/72 Zoids: EPZ-003 Great Sabre Marking Plus Ver. (Reissue),1025.72,,,MXN,New,https://www.hlj.com/1-72-scale-zoids-epz-003-great-sabre-marking-plus-ver-reissue-kbyzd135r,https://www.hlj.com/productthumbs/kby/kbyzd135r_0_1747883415.jpg?v=1747883415
zoid,model_kit,HLJ.com,retailer,,1/72 Zoids: RZ-041 Liger Zero Schneider Marking Plus Ver. (Reissue),1051.36,,,MXN,New,https://www.hlj.com/1-72-scale-zoids-rz-041-liger-zero-schneider-marking-plus-ver-reissue-kbyzd123r,https://www.hlj.com/productthumbs/kby/kbyzd123r_0_1739848207.jpg?v=1739848207
zoid,model_kit,HLJ.com,retailer,,1/72 Zoid: RZ-029 Storm Sworder (Reissue),1310.64,,,MXN,New,https://www.hlj.com/1-72-scale-zoid-rz-029-storm-sworder-reissue-kbyzd101y,https://www.hlj.com/productthumbs/kby/kbyzd101y_0_1720671621.jpg?v=1720671621
zoid,model_kit,HLJ.com,retailer,,Zoid Anthology High-end Master File,341.91,,,MXN,New,https://www.hlj.com/zoid-anthology-high-end-master-file-hbj60881,https://www.hlj.com/productthumbs/hbj/hbj60881_0_1484513865.jpg?v=1484513865
zoid,model_kit,HLJ.com,retailer,,EZ-034 Geno Breaker Repackage Ver. (Reissue),1307.79,,,MXN,New,https://www.hlj.com/ez-034-geno-breaker-repackage-ver-reissue-kbyzd140x-2,https://www.hlj.com/productthumbs/kby/kbyzd140x-2_0_1738821623.jpg?v=1738821623
zoid,model_kit,Gundam Place Store,retailer,us,Zoids Realize Model RMZ-012 Hell Cat Tirol 1/100 Scale Model Kit,44.99,,,USD,New,https://gundamplacestore.com/products/zoids-realize-model-rmz-012-hell-cat-tirol-1-100-scale-model-kit?q=zoids,https://cdn.shopify.com/s/files/1/0579/0095/7832/files/C2608C36-8B0F-460E-847B-E80EEA14F887.webp?v=1777493333
zoid,model_kit,Gundam Place Store,retailer,us,Zoids Lightning Saix (Irvine Special) 2000 -Recolor-,69.99,,,USD,New,https://gundamplacestore.com/products/zoids-highend-master-model-ez-035-lightning-saix-marking-plus-ver-20-copy?q=zoids,https://cdn.shopify.com/s/files/1/0579/0095/7832/files/F05C3112-788B-4FB2-87EE-E34AB3461AB5.webp?v=1783455718
zoid,model_kit,Gundam Place Store,retailer,us,Zoids x Metamor Verse MV-01 Ao Kiriyama & Blade Liger 1/10 Scale Model Kit,119.99,,,USD,New,https://gundamplacestore.com/products/neon-genesis-evangelion-x-zoids-t-spark-xeno-rex-production-model-02-model-kit-copy?q=zoids,https://cdn.shopify.com/s/files/1/0579/0095/7832/files/CB964387-3230-4DBD-BD8F-97C3CE5C929E.webp?v=1777491377
zoid,model_kit,Gundam Place Store,retailer,us,Zoids Realize Model RMZ-014 Red Horn Styracosaurus Type 1/100 Scale Model Kit,54.99,,,USD,New,https://gundamplacestore.com/products/zoids-highend-master-model-017-ez-004-red-horn-marking-plus-ver-1-72-scale-model-kit-copy?q=zoids,https://cdn.shopify.com/s/files/1/0579/0095/7832/files/0914AE38-7C87-4C5E-8B56-9769A5AC7614.webp?v=1783832754
zoid,model_kit,Gundam Place Store,retailer,us,Zoids Highend Master Model RZ-002 Guysak 1/72 Scale Model Kit #061,54.99,,,USD,New,https://gundamplacestore.com/products/zoids-highend-master-model-rz-002-guysak-1-72-scale-model-kit?q=zoids,https://cdn.shopify.com/s/files/1/0579/0095/7832/files/1AC94B96-BCE0-49C4-AD13-0F6FC10666C5.webp?v=1726884135
zoid,model_kit,Gundam Place Store,retailer,us,Zoids Realize Model RMZ-016 Blade Liger Panzer (ZBF) Lion Type 1/100 Scale Model Kit,71.99,,,USD,New,https://gundamplacestore.com/products/zoids-realize-model-rmz-016-blade-liger-panzer-zbf-lion-type-1-100-scale-model-kit?q=zoids,https://cdn.shopify.com/s/files/1/0579/0095/7832/files/54F2E078-FBAE-4F99-85AD-553C96C99F02.webp?v=1787595210
zoid,model_kit,Gundam Place Store,retailer,us,Neon Genesis Evangelion x Zoids T-Spark Xeno Rex Test Type-01 Model Kit,65.99,,,USD,New,https://gundamplacestore.com/products/zoids-x-neon-genesis-evangelion-t-spark-xeno-rex-test-type-01-model-kit?q=zoids,https://cdn.shopify.com/s/files/1/0579/0095/7832/files/C481172B-51E4-410E-B7F9-099BB346EF1C.webp?v=1777488944
zoid,model_kit,Gundam Place Store,retailer,us,Zoids AZ-08 EZ-006 Molga Insect Type (Motorized Model) 1/72,50.99,,,USD,New,https://gundamplacestore.com/products/zoids-az-08-ez-006-molga-insect-type-motorized-model-1-72?q=zoids,https://cdn.shopify.com/s/files/1/0579/0095/7832/files/a7e39463-0aa1-4bc7-a038-89b6e6d4d484.webp?v=1748639545
zoid,model_kit,Gundam Place Store,retailer,us,Zoids Adamas Machina AM-Z01EX Berserk Fury (Elementary Body) Model Kit,229.99,,,USD,New,https://gundamplacestore.com/products/zoids-advanced-zi-az-12-geno-breaker-1-72-scale-model-kit-copy?q=zoids,https://cdn.shopify.com/s/files/1/0579/0095/7832/files/66FE9756-B01F-4B28-9E00-6AE689004C3D.webp?v=1780430713
zoid,model_kit,Gundam Place Store,retailer,us,Zoids Realize Model RMZ-015 Saber Tiger Raven Special Tiger Type 1/100 Scale Model Kit,48.99,,,USD,New,https://gundamplacestore.com/products/zoids-realize-model-rmz-015-saber-tiger-raven-special-tiger-type-1-100-scale-model-kit?q=zoids,https://cdn.shopify.com/s/files/1/0579/0095/7832/files/rn-image_picker_lib_temp_798ba2d0-1d98-46ea-a3a8-05844b85ad98.jpg?v=1787067055
zoid,model_kit,Gundam Place Store,retailer,us,Zoids Highend Master Model #54 EHI-7 Reddra Zenebus (Empire Ver.) 1/72 Scale Model Kit,59.99,,,USD,New,https://gundamplacestore.com/products/zoids-highend-master-model-ehi-7-reddra-zenebus-empire-ver-1-72-scale-model-kit?q=zoids,https://cdn.shopify.com/s/files/1/0579/0095/7832/files/IMG-7164.jpg?v=1705512918
zoid,model_kit,Gundam Place Store,retailer,us,Zoids Highend Master Model #55 EZ-005 Redler (Guyros Empire Ver.)1/72 Scale Model Kit (Reissue),59.99,,,USD,New,https://gundamplacestore.com/products/copy-zoids-highend-master-model-rz-010-pteras-bomber-marking-plus-ver-1-72-scale-model-kit?q=zoids,https://cdn.shopify.com/s/files/1/0579/0095/7832/files/6D978AC1-4AE4-4F92-9BAA-C482BF4CB290.webp?v=1705512308
zoid,model_kit,Gundam Place Store,retailer,us,Zoids Highend Master Model RZ-014 Godos (Marking Plus Ver.),53.99,,,USD,New,https://gundamplacestore.com/products/zoids-highend-master-model-rz-014-godos-marking-plus-ver?q=zoids,https://cdn.shopify.com/s/files/1/0579/0095/7832/products/03717ef5-1648-41dd-818b-7dd224c6060e.jpg?v=1661188959
zoid,other,USA Gundam Store,retailer,us,CS532 Mr Color HMM Zoids Color Set,12.99,,,USD,New,https://www.usagundamstore.com/products/cs532-mr-color-hmm-zoids-color-set,https://cdn.shopify.com/s/files/1/0727/8355/products/gsi-creos-mr-hobby-cs532-mr-frame-hmm-zoids-republic-empire-color-set__57116_600x600.jpg?v=1759295716
zoid,model_kit,USA Gundam Store,retailer,us,Zoids Realize Model RMZ-025 Liger Zero Falcon (ZBF) 1/100 Scale Model Kit,79.99,,,USD,New,https://www.usagundamstore.com/products/zoids-realize-model-rmz-025-liger-zero-falcon-zbf-1-100-scale-model-kit,https://cdn.shopify.com/s/files/1/0727/8355/files/092551_outline_11_600x600.jpg?v=1785931359
zoid,model_kit,USA Gundam Store,retailer,us,Zoids Chaotic Century D-Style Command Wolf Irvine Special (Clear Parts Append) Model Kit,24.99,,,USD,New,https://www.usagundamstore.com/products/zoids-chaotic-century-d-style-command-wolf-irvine-special-clear-parts-append-model-kit,https://cdn.shopify.com/s/files/1/0727/8355/files/original_4_6c500efc-12a1-49b5-93e7-31620e427459_600x600.webp?v=1776958352
zoid,model_kit,USA Gundam Store,retailer,us,Zoids Advanced Zi AZ-17DX Ultra Saurus Gravity Cannon (Deluxe Ver.) 1/72 Scale Weapon Set,399.99,,,USD,New,https://www.usagundamstore.com/products/zoids-realize-model-zoids-advanced-series-az-17dx-ultra-saurus-gravity-cannon-deluxe-version-1-72-scale-model-kit-copy,https://cdn.shopify.com/s/files/1/0727/8355/files/GN343_11_600x600.jpg?v=1783517229
zoid,model_kit,USA Gundam Store,retailer,us,Zoids Realize Model RMZ-015 Saber Tiger Raven Special Tiger Type 1/100 Scale Model Kit,47.99,,,USD,New,https://www.usagundamstore.com/products/zoids-realize-model-rmz-015-saber-tiger-raven-special-tiger-type-1-100-scale-model-kit,https://cdn.shopify.com/s/files/1/0727/8355/files/9927ca58-4f63-4dd1-9a95-2c0b4a679a32_600x600.webp?v=1762523610
zoid,model_kit,USA Gundam Store,retailer,us,Zoids x Monster Hunter Synergenex Wild Liger Zinogre Model Kit,58.99,,,USD,New,https://www.usagundamstore.com/products/zoids-x-monster-hunter-synergenex-series-wild-liger-zinogre-model-kit,https://cdn.shopify.com/s/files/1/0727/8355/files/GN322_9_600x600.jpg?v=1780664552
zoid,model_kit,USA Gundam Store,retailer,us,Zoids Realize Model RMZ-016 Blade Liger Panzer (ZBF) Lion Type 1/100 Scale Model Kit,71.99,,,USD,New,https://www.usagundamstore.com/products/zoids-realize-model-rmz-016-blade-liger-panther-zbf-1-100-scale-model-kit,https://cdn.shopify.com/s/files/1/0727/8355/files/dc00ee8c-0ecb-43db-919c-1c2cc3dc45a6_600x600.webp?v=1764952465
zoid,model_kit,USA Gundam Store,retailer,us,Zoids New Century Zero Highend Master Model RZ-030 Gun Sniper (Leena Special 2001 Re/color Ver.) 1/72 Scale Model Kit,59.99,,,USD,New,https://www.usagundamstore.com/products/zoids-highend-master-model-gun-sniper-leena-special-2001-re-color-1-72-scale-model-kit,https://cdn.shopify.com/s/files/1/0727/8355/files/90fd4abb-7b99-46b1-9839-9c0b97dd000e_600x600.jpg?v=1762451971
zoid,model_kit,USA Gundam Store,retailer,us,Zoids Chaotic Century D-Style Shield Liger (Clear Parts Append) Model Kit,24.99,,,USD,New,https://www.usagundamstore.com/products/zoids-chaotic-century-d-style-shield-liger-clear-parts-append-model-kit,https://cdn.shopify.com/s/files/1/0727/8355/files/768w-2026-04-07T093613.465_600x600.webp?v=1775568984
zoid,model_kit,USA Gundam Store,retailer,us,Zoids Chaotic Century D-Style Gustav Moonbay Special (Clear Parts Append) Model Kit,26.99,,,USD,New,https://www.usagundamstore.com/products/zoids-chaotic-century-d-style-gustav-moonbay-special-clear-parts-append-model-kit,https://cdn.shopify.com/s/files/1/0727/8355/files/768w_14_9bebf358-ec38-4096-80f1-74dea43e1520_600x600.webp?v=1779370805
zoid,model_kit,USA Gundam Store,retailer,us,Zoids Adamas Machina AM-Z02 Blade Liger Action Figure,294.99,,,USD,New,https://www.usagundamstore.com/products/zoids-adamas-machina-am-z02-blade-liger-action-figure,https://cdn.shopify.com/s/files/1/0727/8355/files/946632_outline_11_600x600.jpg?v=1785931742
zoid,model_kit,USA Gundam Store,retailer,us,Zoids AZ-01 Blade Liger 1/72 Scale Model Kit,87.99,,,USD,New,https://www.usagundamstore.com/products/zoids-az-01-blade-liger-1-72-scale-model-kit,https://cdn.shopify.com/s/files/1/0727/8355/files/de4ef9b8-f6d1-4ffa-b573-d7cb47f438df_600x600.jpg?v=1762281953
zoid,model_kit,USA Gundam Store,retailer,us,Zoids New Century Highend Master Model Dark Horn Harry Special (2001 Re/Color) 1/72 Scale Model Kit,129.99,,,USD,New,https://www.usagundamstore.com/products/zoids-new-century-highend-master-model-dark-horn-harry-special-2001-re-color-1-72-scale-model-kit,https://cdn.shopify.com/s/files/1/0727/8355/files/768w_12_c9efab77-0405-449d-bacc-511386f32517_600x600.webp?v=1783021978
zoid,model_kit,USA Gundam Store,retailer,us,Zoids Advanced Zi AZ-16 Liger Zero Jager 1/72 Scale Model Kit,114.99,,,USD,New,https://www.usagundamstore.com/products/zoids-advanced-zi-az-16-liger-zero-jager-1-72-scale-model-kit,https://cdn.shopify.com/s/files/1/0727/8355/files/768w_2_0fefd03f-9f53-4752-85b2-ebe31cde4665_600x600.webp?v=1778691823
zoid,model_kit,USA Gundam Store,retailer,us,Zoids Chaotic Century Highend Master Model Storm Sworder (Ala Barone Special 2000 - Recolor-) 1/72 Scale Model Kit,85.99,,,USD,New,https://www.usagundamstore.com/products/zoids-chaotic-century-highend-master-model-storm-sworder-ala-barone-special-2000-recolor-1-72-scale-model-kit,https://cdn.shopify.com/s/files/1/0727/8355/files/b2cee152-bc21-4b17-acdd-8cd2fd919146_600x600.webp?v=1773927389
zoid,model_kit,USA Gundam Store,retailer,us,Zoids Chaotic Century Highend Master Model Death Stinger Hiltz (Special 2000 - Recolor-) Model Kit,159.99,,,USD,New,https://www.usagundamstore.com/products/zoids-chaotic-century-highend-master-model-death-stinger-hiltz-special-2000-recolor-model-kit,https://cdn.shopify.com/s/files/1/0727/8355/files/ac225908-9b54-4261-9485-c8de3d12f3f2_600x600.webp?v=1771614137
zoid,model_kit,USA Gundam Store,retailer,us,Zoids x Monster Hunter Synergenex Series Knuckle Kong Rajang Model Kit,55.99,,,USD,New,https://www.usagundamstore.com/products/monster-hunter-x-zoids-knuckle-kong-rajang-1-35-scale-model-kit,https://cdn.shopify.com/s/files/1/0727/8355/files/8e95bc9c-4ab2-4997-b8ad-fbb02b0ada06_600x600.webp?v=1762287562
zoid,model_kit,USA Gundam Store,retailer,us,Zoids x Monster Hunter Synergenex Wild Liger Stygian Zinogre Model Kit,58.99,,,USD,New,https://www.usagundamstore.com/products/zoids-x-monster-hunter-synergenex-series-wild-liger-stygian-zinogre-model-kit,https://cdn.shopify.com/s/files/1/0727/8355/files/GN323_9_600x600.jpg?v=1780664808
zoid,model_kit,USA Gundam Store,retailer,us,Zoids Realize Model RMZ-023 Lightning Saix Irvine Special 1/100 Scale Model Kit,58.99,,,USD,New,https://www.usagundamstore.com/products/zoids-realize-model-rmz-023-lightning-saix-irvine-special-1-100-scale-model-kit,https://cdn.shopify.com/s/files/1/0727/8355/files/GN321_10_600x600.jpg?v=1780664078
zoid,model_kit,USA Gundam Store,retailer,us,Zoids Realize Model RMZ-011 Geno Saurer Raven Special 1/100 Scale Model Kit,59.99,,,USD,New,https://www.usagundamstore.com/products/zoids-realize-model-zoids-advanced-series-rmz-011-geno-saurer-raven-special-1-100-scale-model-kit,https://cdn.shopify.com/s/files/1/0727/8355/files/GN342_10_600x600.jpg?v=1783517486
zoid,model_kit,USA Gundam Store,retailer,us,Zoids Advanced Zi AZ-17 Ultra Saurus 1/72 Scale Model Kit,299.99,,,USD,New,https://www.usagundamstore.com/products/zoids-realize-model-az-17-ultra-saurus-1-72-scale-model-kit,https://cdn.shopify.com/s/files/1/0727/8355/files/GN328_11_600x600.jpg?v=1783516813
zoid,model_kit,USA Gundam Store,retailer,us,Zoids Realize Model RMZ-022 Murasame Liger 1/100 Scale Model Kit,56.99,,,USD,New,https://www.usagundamstore.com/products/zoids-realize-model-rmz-022-murasame-liger-1-100-scale-model-kit,https://cdn.shopify.com/s/files/1/0727/8355/files/768w_1_1a170a51-7df4-466b-8c1e-115cb4598fc2_600x600.jpg?v=1778691764
zoid,model_kit,USA Gundam Store,retailer,us,Zoids 2 Helic Republic vs. Guylos Empire Realize Model RMZ-018 Trinity Liger (Captured Color) 1/100 Scale Model Kit,47.99,,,USD,New,https://www.usagundamstore.com/products/zoids-2-helic-republic-vs-guylos-empire-realize-model-rmz-018-trinity-liger-captured-color-1-100-scale-model-kit,https://cdn.shopify.com/s/files/1/0727/8355/files/ff43fcd2-e65d-464f-b125-2674ca5049bf_600x600.webp?v=1771302966
zoid,model_kit,USA Gundam Store,retailer,us,1/72 ZOIDS EZ-027 RAVEN RAPTOR,55.99,,,USD,New,https://www.usagundamstore.com/products/1-72-zoids-ez-027-raven-raptor,https://cdn.shopify.com/s/files/1/0727/8355/products/kbyzd109_2_1_600x600.jpg?v=1762274538
zoid,model_kit,USA Gundam Store,retailer,us,Zoids Realize Model RMZ-026 Gustav Moonbey Special 1/100 Scale Model Kit,64.99,,,USD,New,https://www.usagundamstore.com/products/zoids-realize-model-rmz-026-gustav-moonbey-special-1-100-scale-model-kit,https://cdn.shopify.com/s/files/1/0727/8355/files/768w-2026-09-11T080112.877_600x600.webp?v=1789128110
zoid,model_kit,USA Gundam Store,retailer,us,Zoids Fine Graph RZ-028 Blade Liger (AB Bang Ver.) Frame,199.99,,,USD,New,https://www.usagundamstore.com/products/zoids-fine-graph-rz-028-blade-liger-ab-bang-ver-frame,https://cdn.shopify.com/s/files/1/0727/8355/files/GV220_CFG_BLADE_LIGER_AB_01_600x600.webp?v=1786105275
zoid,model_kit,USA Gundam Store,retailer,us,Zoids x Patlabor Synergenex Fangriffon Model Kit,59.99,,,USD,New,https://www.usagundamstore.com/products/zoids-x-patlabor-synergenex-fangriffon-model-kit,https://cdn.shopify.com/s/files/1/0727/8355/files/GN331_10_600x600.jpg?v=1783525682
zoid,model_kit,USA Gundam Store,retailer,us,Zoids Realize Model RMZ-024 Storm Sworder 1/100 Scale Model Kit,56.99,,,USD,New,https://www.usagundamstore.com/products/zoids-realize-model-zoids-advanced-series-rmz-024-storm-sworder-1-100-scale-model-kit,https://cdn.shopify.com/s/files/1/0727/8355/files/GN330_10_600x600.jpg?v=1783517593
zoid,model_kit,USA Gundam Store,retailer,us,Zoids Realize Model RMZ-020F Zabat Full Option Set 1/100 Scale Model Kit,47.99,,,USD,New,https://www.usagundamstore.com/products/zoids-realize-model-rmz-020f-zabat-full-option-set-1-100-scale-model-kit,https://cdn.shopify.com/s/files/1/0727/8355/files/2274f852-b77a-4564-9b9c-63308592ebc9_600x600.webp?v=1771303919
zoid,model_kit,USA Gundam Store,retailer,us,Zoids Realize Model RMZ-017 Command Wolf (Urban Warfare Special Ver.) 1/100 Scale Model Kit,47.99,,,USD,New,https://www.usagundamstore.com/products/zoids-realize-model-rmz-017-command-wolf-urban-warfare-special-ver-1-100-scale-model-kit,https://cdn.shopify.com/s/files/1/0727/8355/files/e3920dd7-f6b8-442d-8232-822188c50259_600x600.webp?v=1768420394
zoid,model_kit,USA Gundam Store,retailer,us,Zoids Advanced Zi AZ-03EX Murasame Liger (Original Color Ver.) 1/72 Scale Model Kit,103.99,,,USD,New,https://www.usagundamstore.com/products/zoids-advanced-zi-az-03ex-murasame-liger-original-color-1-72-scale-model-kit,https://cdn.shopify.com/s/files/1/0727/8355/files/734a6362-8ef7-4375-80c5-e30c278f6a12_600x600.webp?v=1764952513
zoid,model_kit,USA Gundam Store,retailer,us,Zoids RMZ-007 Trinity Liger 1/100 Scale Model Kit,45.99,,,USD,New,https://www.usagundamstore.com/products/zoids-rmz-007-trinity-liger-1-100-scale-model-kit,https://cdn.shopify.com/s/files/1/0727/8355/files/8ec23d77-1cdb-45f9-a532-d607b9e62193_600x600.webp?v=1762286785
zoid,model_kit,USA Gundam Store,retailer,us,Zoids Realize Model RMZ-004 Hellcat (Guylos Color Ver.) 1/100 Scale Model Kit,24.99,,,USD,New,https://www.usagundamstore.com/products/zoids-realize-model-rmz-004-hellcat-guylos-color-ver-1-100-scale-model-kit,https://cdn.shopify.com/s/files/1/0727/8355/files/083f7bce-ccd7-464e-af27-f23f2db44053_600x600.webp?v=1762285183
zoid,model_kit,USA Gundam Store,retailer,us,Zoids Realize Model RMZ-001 Blade Liger 1/100 Scale Model Kit,39.99,,,USD,New,https://www.usagundamstore.com/products/zoids-rmz-001-blade-liger-1-100-scale-model-kit,https://cdn.shopify.com/s/files/1/0727/8355/files/918752_11_000eb2ab-fdcf-4856-b5a2-9317ff219724_600x600.jpg?v=1762284328
zoid,model_kit,USA Gundam Store,retailer,us,Zoids Advanced Zi AZ-17EX Ultra Saurus Gravity Cannon 1/72 Scale Weapon Set,99.99,,,USD,New,https://www.usagundamstore.com/products/zoids-realize-model-az-17ex-ultra-saurus-gravity-cannon-1-72-scale-model-kit,https://cdn.shopify.com/s/files/1/0727/8355/files/GN329_6_600x600.jpg?v=1783517081
zoid,model_kit,USA Gundam Store,retailer,us,Zoids Highend Master Model RPZ-14 Salamander F2 1/72 Scale Model Kit,299.99,,,USD,New,https://www.usagundamstore.com/products/zoids-highend-master-model-rpz-14-salamander-f2-1-72-scale-model-kit,https://cdn.shopify.com/s/files/1/0727/8355/files/original_78_3741bc41-5492-40a4-af3a-673ed1196019_600x600.webp?v=1782400854
zoid,model_kit,USA Gundam Store,retailer,us,Zoids Advanced Zi AZ-02EX3 Liger Zero Type Zero Armor 1/72 Scale Armor Parts Set,20.99,,,USD,New,https://www.usagundamstore.com/products/zoids-advanced-zi-az-02ex3-liger-zero-type-zero-armor-1-72-scale-model-kit,https://cdn.shopify.com/s/files/1/0727/8355/files/768w_d7745d16-bff1-47df-af1c-76b1760a0497_600x600.webp?v=1778691903
zoid,model_kit,USA Gundam Store,retailer,us,Zoids x Metamor Verse MV-01A Ao Kiriyama &amp; Blade Liger (Dress Code #Scarlet) 1/10 Scale Model Kit,107.99,,,USD,New,https://www.usagundamstore.com/products/mv-01a-ao-kiriyama-blade-liger-dress-code-scarlet,https://cdn.shopify.com/s/files/1/0727/8355/files/1a9c1883-2108-48ff-88c2-3db218ec4554_600x600.webp?v=1773143999
zoid,model_kit,USA Gundam Store,retailer,us,Zoids Realize Model RMZ-020 Zabat 1/100 Scale Model Kit,32.99,,,USD,New,https://www.usagundamstore.com/products/zoids-realize-model-rmz-020-zabat-1-100-scale-model-kit,https://cdn.shopify.com/s/files/1/0727/8355/files/46e2fa82-c42d-4353-989c-4933f07e5570_600x600.webp?v=1771302790
zoid,model_kit,USA Gundam Store,retailer,us,Zoids Advanced Zi AZ-15 Psycho Geno Saurer 1/72 Scale Model Kit,119.99,,,USD,New,https://www.usagundamstore.com/products/zoids-advanced-zi-az-15-psycho-geno-saurer-1-72-scale-model-kit,https://cdn.shopify.com/s/files/1/0727/8355/files/256625a2-04af-46c3-abeb-a5ef491208ac_600x600.webp?v=1771302654
zoid,model_kit,USA Gundam Store,retailer,us,Zoids Advanced Zi AZ-10EX Sea Panther (Guylos Specification Ver.) 1/72 Scale Model Kit,47.99,,,USD,New,https://www.usagundamstore.com/products/zoids-advanced-zi-az-10ex-sea-panther-guylos-specification-ver-1-72-scale-model-kit,https://cdn.shopify.com/s/files/1/0727/8355/files/121f321a-8184-4fb3-9479-6fc1e4476425_600x600.webp?v=1768420642
zoid,model_kit,USA Gundam Store,retailer,us,Zoids Adamas Machina AM-Z01EX Berserk Fury (Elementary Body) Model Kit,226.99,,,USD,New,https://www.usagundamstore.com/products/zoids-adamas-machina-am-z01ex-berserk-fury-elementary-body-model-kit,https://cdn.shopify.com/s/files/1/0727/8355/files/e54f2598-aa17-4cf6-9544-6d9f86f803de_600x600.webp?v=1759944451
zoid,model_kit,USA Gundam Store,retailer,us,Zoids Highend Master Model EZ-005 Redler (Guyros Empire Ver.) 1/72 Scale Model Kit,59.99,,,USD,New,https://www.usagundamstore.com/products/zoids-highend-master-model-ez-005-redler-guyros-empire-ver-1-72-scale-model-kit,https://cdn.shopify.com/s/files/1/0727/8355/products/a728c2a0-7709-407a-9bd9-dae35edfc46b_600x600.jpg?v=1762278707
zoid,model_kit,USA Gundam Store,retailer,us,Zoids Highend Master Model EHI-7 Reddra Zenebus (Empire Ver.) 1/72 Scale Model Kit (Reissue),59.99,,,USD,New,https://www.usagundamstore.com/products/zoids-highend-master-model-ehi-7-reddra-zenebus-empire-ver-1-72-scale-model-kit,https://cdn.shopify.com/s/files/1/0727/8355/products/ff8f38f8-848c-4922-92df-cb059f1f0f83_600x600.jpg?v=1762278707
zoid,model_kit,USA Gundam Store,retailer,us,Zoids Genesis Spark Fig Grande SF-G01 Kotona Elegance 1/7 Scale Figure,169.99,,,USD,New,https://www.usagundamstore.com/products/zoids-genesis-spark-fig-grande-sf-g01-kotona-elegance-1-7-scale-figure,https://cdn.shopify.com/s/files/1/0727/8355/files/768w_15_5486871c-076f-465b-ab63-1f79cad2e487_600x600.webp?v=1778699105
zoid,model_kit,USA Gundam Store,retailer,us,Zoids Advanced Zi AZ-16EX Liger Zero Jager (Unit Original Color) 1/72 Scale Armor Parts Set,41.99,,,USD,New,https://www.usagundamstore.com/products/zoids-advanced-zi-az-16ex-liger-zero-jager-unit-original-color-ver-1-72-scale-model-kit,https://cdn.shopify.com/s/files/1/0727/8355/files/768w_3_412877e1-d2d2-438f-8158-3799b3b5badc_600x600.webp?v=1778691867
zoid,model_kit,USA Gundam Store,retailer,us,Zoids Realize Model RMZ-021 Shield Liger MK-2 1/100 Scale Model Kit,54.99,,,USD,New,https://www.usagundamstore.com/products/zoids-realize-model-rmz-021-shield-liger-mk-2-1-100-scale-model-kit,https://cdn.shopify.com/s/files/1/0727/8355/files/original-2026-04-03T133049.577_600x600.webp?v=1775237466
zoid,model_kit,USA Gundam Store,retailer,us,Zoids Realize Model RMZ-019 Hell Cat &amp; Molga (Zenebus Color) 1/100 Scale Model Kit Set,42.99,,,USD,New,https://www.usagundamstore.com/products/zoids-realize-model-rmz-019-hell-cat-molga-zenebus-color-1-100-scale-model-kit-set,https://cdn.shopify.com/s/files/1/0727/8355/files/3945d973-f7cb-4bae-9f14-22d45ba9e832_600x600.webp?v=1771303743
zoid,model_kit,USA Gundam Store,retailer,us,Zoids Realize Model RMZ-014 Red Horn Guylos Color 1/100 Scale Model Kit,54.99,,,USD,New,https://www.usagundamstore.com/products/zoids-realize-model-rmz-014-red-horn-styracosaurus-type-1-100-scale-model-kit,https://cdn.shopify.com/s/files/1/0727/8355/files/72120b1e-54e2-4f42-853e-7518c1e8d27b_600x600.webp?v=1759946564
zoid,model_kit,USA Gundam Store,retailer,us,Transformers x Zoids X Diaclone Synergenex Series Shield-D-Prime Action Figure,399.99,,,USD,New,https://www.usagundamstore.com/products/transformers-x-zoids-x-diaclone-synergenex-series-shield-d-prime-action-figure,https://cdn.shopify.com/s/files/1/0727/8355/files/68fdc646-bd79-4033-b94b-f7123e841c35_600x600.webp?v=1762288945
zoid,model_kit,USA Gundam Store,retailer,us,Zoids Realize Model RMZ-006 Saber Tiger (Schwarz Special Ver.) 1/100 Scale Model Kit,49.99,,,USD,New,https://www.usagundamstore.com/products/zoids-realize-model-rmz-006-saber-tiger-schwarz-special-ver-1-100-scale-model-kit,https://cdn.shopify.com/s/files/1/0727/8355/files/9bddc768-2545-4605-82b1-0c477a7e6680_600x600.webp?v=1762285721
zoid,model_kit,USA Gundam Store,retailer,us,Zoids Realize Model RMZ-005 Molga (Guylos Color Ver.) 1/100 Scale Model Kit,22.99,,,USD,New,https://www.usagundamstore.com/products/zoids-realize-model-rmz-005-molga-guylos-color-ver-1-100-scale-model-kit,https://cdn.shopify.com/s/files/1/0727/8355/files/8a7445f1-b218-420c-a6d7-e5d791722f74_600x600.webp?v=1762285183
zoid,model_kit,USA Gundam Store,retailer,us,Zoids Realize Model RMZ-003 Command Wolf 1/100 Scale Model Kit,31.99,,,USD,New,https://www.usagundamstore.com/products/zoids-realize-model-rmz-003-command-wolf-1-100-scale-model-kit,https://cdn.shopify.com/s/files/1/0727/8355/files/30152478-61ef-4e15-9ee8-65f5ca986733_600x600.jpg?v=1753731290
zoid,model_kit,USA Gundam Store,retailer,us,Zoids Realize Model RMZ-002 Geno Saurer 1/100 Scale Model Kit,58.99,,,USD,New,https://www.usagundamstore.com/products/realize-model-zoids-rmz-002-geno-saurer-1-100-scale-model-kit,https://cdn.shopify.com/s/files/1/0727/8355/files/939696_11_ed005c34-f843-44e9-97d1-1b13bdfb245f_600x600.jpg?v=1762284329
zoid,model_kit,USA Gundam Store,retailer,us,Zoids Highend Master Model EZ027 Rev Raptor (Night Patrol Ver.) 1/72 Scale Model Kit,79.99,,,USD,New,https://www.usagundamstore.com/products/zoids-highend-master-model-ez-027-rev-raptor-night-patrol,https://cdn.shopify.com/s/files/1/0727/8355/products/3f4f3d19-625b-441d-a873-28c7c31357cc_600x600.jpg?v=1762280041
zoid,model_kit,USA Gundam Store,retailer,us,Zoids Highend Master Model Changing Armor System Liger Zero X Unit (Empire Ver.) Model Kit,39.99,,,USD,New,https://www.usagundamstore.com/products/zoids-highend-master-model-changing-armor-system-liger-zero-x-unit-empire-ver-model-kit,https://cdn.shopify.com/s/files/1/0727/8355/products/94d1de33-8e0a-4d0b-8852-2a9e81470be1_600x600.jpg?v=1762274760
zoid,model_kit,USA Gundam Store,retailer,us,Zoids Highend Master Model Customize Parts Pile Bunker Unit,10.99,,,USD,New,https://www.usagundamstore.com/products/zoids-highend-master-model-customize-parts-pile-bunker-unit,https://cdn.shopify.com/s/files/1/0727/8355/products/8c8f5943-5a08-4506-9a41-7199aa19a35f_600x600.jpg?v=1762274549
zoid,model_kit,USA Gundam Store,retailer,us,Zoids D-Style Death Saurer Model Kit,24.99,,,USD,New,https://www.usagundamstore.com/products/zoids-d-style-death-saurer-model-kit,https://cdn.shopify.com/s/files/1/0727/8355/files/original-2026-10-08T144103.582_600x600.webp?v=1791484875
zoid,model_kit,USA Gundam Store,retailer,us,Zoids Realize Model RMZ-027 Dibison Thoma Special 1/100 Scale Model Kit,54.99,,,USD,New,https://www.usagundamstore.com/products/zoids-realize-model-rmz-027-dibison-thoma-special-1-100-scale-model-kit,https://cdn.shopify.com/s/files/1/0727/8355/files/GN362_9_600x600.jpg?v=1791375298
zoid,model_kit,USA Gundam Store,retailer,us,Zoids Advanced Zi AZ-18 Godos 1/72 Scale Model Kit,62.99,,,USD,New,https://www.usagundamstore.com/products/zoids-advanced-zi-az-18-godos-1-72-scale-model-kit,https://cdn.shopify.com/s/files/1/0727/8355/files/GN361_9_600x600.jpg?v=1791374920
zoid,model_kit,USA Gundam Store,retailer,us,Zoids Metamor Verse MV-02 Fine &amp; Zeke 1/10 Scale Model Kit,149.99,,,USD,New,https://www.usagundamstore.com/products/zoids-metamor-verse-mv-02-fine-zeke-1-10-scale-model-kit,https://cdn.shopify.com/s/files/1/0727/8355/files/GN358_1_08d7fb10-8b9a-43e0-b627-a8e4d0f0d6ac_600x600.jpg?v=1791374593
zoid,model_kit,Kotobukiya USA,retailer,us,EZ-005 REDLER GUYROS EMPIRE Ver.,59.99,,,USD,New,https://kotobukiya-us.com/products/190526063679,https://kotobukiya-us.com/cdn/shop/files/ZD153X_Redler_GuyrosEmpire_eye.jpg?v=1735173499&width=460
zoid,model_kit,Kotobukiya USA,retailer,us,ZOIDS CUSTOMIZE PARTS GOJULAS CANNON SET,53.99,,,USD,New,https://kotobukiya-us.com/products/190526052635,https://kotobukiya-us.com/cdn/shop/files/ZD100X_gojulascannonset_eye.jpg?v=1752726960&width=460
zoid,model_kit,Kotobukiya USA,retailer,us,ZOIDS CUSTOMIZE PARTS PILE BUNKER UNIT,14.99,,,USD,New,https://kotobukiya-us.com/products/190526008540,https://kotobukiya-us.com/cdn/shop/files/ZD110_CP_PilebunkerUnit_eye.jpg?v=1735173318&width=460
zoid,model_kit,Kotobukiya USA,retailer,us,ZOIDS BEAST LIGER Magnamalo ver.,54.99,,,USD,New,https://kotobukiya-us.com/products/190526059856,https://kotobukiya-us.com/cdn/shop/files/939757__eye.jpg?v=1735177296&width=460
zoid,model_kit,Kotobukiya USA,retailer,us,ZOIDS ADVANCED SERIES AZ-17DX ULTRA S...,399.99,,,USD,New,https://kotobukiya-us.com/products/190526083936,https://kotobukiya-us.com/cdn/shop/files/GN343_eye.jpg?v=1783400110&width=460
zoid,model_kit,Kotobukiya USA,retailer,us,ZOIDS SONIC BIRD Rathalos ver.,54.99,,,USD,New,https://kotobukiya-us.com/products/190526059863,https://kotobukiya-us.com/cdn/shop/files/939764_eye.jpg?v=1735177648&width=460
zoid,model_kit,Kotobukiya USA,retailer,us,EZ-027 RAVEN RAPTOR,64.99,,,USD,New,https://kotobukiya-us.com/products/190526008533,https://kotobukiya-us.com/cdn/shop/files/ZD109_RavenRaptor_eye.jpg?v=1735173258&width=460
zoid,model_kit,Kotobukiya USA,retailer,us,EZ-049 STURM TYRANN BERSERK UNIT SET,159.99,,,USD,New,https://kotobukiya-us.com/products/190526062597,https://kotobukiya-us.com/cdn/shop/files/ZD106X_sturmtyannBUset_eye.jpg?v=1735172624&width=460
zoid,model_kit,Kotobukiya USA,retailer,us,SF-G01 SPARK Fig GRANDE Zoids Genesis...,169.99,,,USD,New,https://kotobukiya-us.com/products/190526081949,https://kotobukiya-us.com/cdn/shop/files/065487-eye.jpg?v=1778472971&width=460
zoid,model_kit,Kotobukiya USA,retailer,us,Monster Hunter X Zoids Knuckle Kong R...,56.99,,,USD,New,https://kotobukiya-us.com/products/190526070998,https://kotobukiya-us.com/cdn/shop/files/995197_eye.jpg?v=1742886442&width=460
zoid,model_kit,Kotobukiya USA,retailer,us,RZ-045 SALAMANDER,229.99,,,USD,New,https://kotobukiya-us.com/products/190526049758,https://kotobukiya-us.com/cdn/shop/files/ZD171_salamander_eye.jpg?v=1752726090&width=460
zoid,model_kit,Kotobukiya USA,retailer,us,RZ-028 BLADE LIGER AB,79.99,,,USD,New,https://kotobukiya-us.com/products/190526068537,https://kotobukiya-us.com/cdn/shop/files/ZD131R_bladeliger_AB_eye.jpg?v=1740470426&width=460
zoid,model_kit,Kotobukiya USA,retailer,us,RZ-013 BUSTER TORTOISE,49.99,,,USD,New,https://kotobukiya-us.com/products/190526056183,https://kotobukiya-us.com/cdn/shop/files/ZD025X_bustertortoise_eye.jpg?v=1735172496&width=460
zoid,model_kit,Kotobukiya USA,retailer,us,EZ-027 REV RAPTOR,49.99,,,USD,New,https://kotobukiya-us.com/products/190526008557,https://kotobukiya-us.com/cdn/shop/files/ZD111_revraptor_eye.jpg?v=1735173380&width=460
zoid,model_kit,Kotobukiya USA,retailer,us,RZ-014 GODOS MARKING PLUS Ver.,49.99,,,USD,New,https://kotobukiya-us.com/products/190526039230,https://kotobukiya-us.com/cdn/shop/files/ZD157_godosMK_eye.jpg?v=1739150303&width=460
zoid,model_kit,Kotobukiya USA,retailer,us,RZ-013 CANNON TORTOISE Marking Plus Ver.,47.99,,,USD,New,https://kotobukiya-us.com/products/190526066441,https://kotobukiya-us.com/cdn/shop/files/ZD189_cannontortoise_mp_eye.jpg?v=1745456859&width=460
zoid,model_kit,Kotobukiya USA,retailer,us,RZ-007 SHIELD LIGER MARKING PLUS Ver.,59.99,,,USD,New,https://kotobukiya-us.com/products/190526042476,https://kotobukiya-us.com/cdn/shop/files/ZD159_ShieldLiger_eye.jpg?v=1735173685&width=460
zoid,model_kit,Kotobukiya USA,retailer,us,RZ-053 KÖNIG WOLF,119.99,,,USD,New,https://kotobukiya-us.com/products/190526013209,https://kotobukiya-us.com/cdn/shop/files/ZD112_KonigWolf_eye.jpg?v=1735173447&width=460
zoid,model_kit,Kotobukiya USA,retailer,us,EZ-036 DEATH STINGER,134.99,,,USD,New,https://kotobukiya-us.com/products/190526024144,https://kotobukiya-us.com/cdn/shop/files/ZD086R_deathstinger_eye.jpg?v=1735172545&width=460
zoid,model_kit,Kotobukiya USA,retailer,us,RZ-007 SHIELD LIGER DCS-J,77.99,,,USD,New,https://kotobukiya-us.com/products/190526068490,https://kotobukiya-us.com/cdn/shop/files/ZD129R_ShieldLiger_DCSJ_eye.jpg?v=1738808283&width=460
zoid,model_kit,Kotobukiya USA,retailer,us,EZ-054 LIGER ZERO X,88.99,,,USD,New,https://kotobukiya-us.com/products/190526068704,https://kotobukiya-us.com/cdn/shop/files/ZD107R_ligerzeroX_eye.jpg?v=1745456407&width=460
zoid,model_kit,Kotobukiya USA,retailer,us,EZ-006 MOLGA FULL OPTION SET,64.99,,,USD,New,https://kotobukiya-us.com/products/190526060357,https://kotobukiya-us.com/cdn/shop/files/ZD186_molga_fulloptionset_eye.jpg?v=1737619971&width=460
zoid,model_kit,Kotobukiya USA,retailer,us,RZ-041 LIGER ZERO Marking Plus Ver.,65.99,,,USD,New,https://kotobukiya-us.com/products/190526067264,https://kotobukiya-us.com/cdn/shop/files/ZD121R_ligerzeroMP_eye.jpg?v=1737703163&width=460
zoid,model_kit,Kotobukiya USA,retailer,us,EZ-017 IGUAN MARKING PLUS Ver.,44.99,,,USD,New,https://kotobukiya-us.com/products/190526042445,https://kotobukiya-us.com/cdn/shop/files/ZD158_iguanMK_eye.jpg?v=1735173630&width=460
zoid,model_kit,Kotobukiya USA,retailer,us,Monster Hunter X Zoids Gatling Fox Mi...,56.99,,,USD,New,https://kotobukiya-us.com/products/190526070981,https://kotobukiya-us.com/cdn/shop/files/995203_eye.jpg?v=1742886442&width=460
zoid,model_kit,Kotobukiya USA,retailer,us,RZ-009 COMMAND WOLF AC & LC MARKING P...,69.99,,,USD,New,https://kotobukiya-us.com/products/190526060401,https://kotobukiya-us.com/cdn/shop/files/ZD187_commandwolf_ac_and_lc_mpver_eye.jpg?v=1738213936&width=460
zoid,model_kit,Kotobukiya USA,retailer,us,RZ-046 SHADOW FOX  MARKING PLUS Ver.,54.99,,,USD,New,https://kotobukiya-us.com/products/190526051638,https://kotobukiya-us.com/cdn/shop/files/ZD145X_ShadowFOX_Mplus_eye.jpg?v=1747638152&width=460
zoid,model_kit,Kotobukiya USA,retailer,us,EHI-7 REDDRA ZENEBUS EMPIRE Ver.,59.99,,,USD,New,https://kotobukiya-us.com/products/190526063662,https://kotobukiya-us.com/cdn/shop/files/ZD152X_Redler_ZenebusEmpire_eye.jpg?v=1738214006&width=460
zoid,model_kit,Kotobukiya USA,retailer,us,RZ-041 LIGER ZERO JAGER Marking Plus ...,80.99,,,USD,New,https://kotobukiya-us.com/products/190526068483,https://kotobukiya-us.com/cdn/shop/files/ZD122R_ligerzero_jagerMP_eye.jpg?v=1738808215&width=460
zoid,model_kit,Kotobukiya USA,retailer,us,RZ-041 LIGER ZERO SCHNEIDER Marking P...,80.99,,,USD,New,https://kotobukiya-us.com/products/190526068520,https://kotobukiya-us.com/cdn/shop/files/ZD123R_ligerzero_schneider_Mplus_eye.jpg?v=1740470321&width=460
zoid,model_kit,Kotobukiya USA,retailer,us,RZ-041 LIGER ZERO PANZER Marking Plus...,84.99,,,USD,New,https://kotobukiya-us.com/products/190526068681,https://kotobukiya-us.com/cdn/shop/files/ZD124R_ligerzero_panzerMP_eye.jpg?v=1743066611&width=460
