category,product_type,site,site_type,ships_from,title,price,shipping,pickup,currency,condition,url,image_url
gundam,model_kit,eBay,marketplace,international,EXCEED MODEL TRINITY RX-78-2 Gundam Complete Set PREMIUAM Gashapon New Bandai,90.0,0.0,False,USD,New,https://www.ebay.com/itm/137806964843?_skw=gundam&hash=item2015ef686b:g:OPgAAeSw9D9qwIDB,https://i.ebayimg.com/images/g/OPgAAeSw9D9qwIDB/s-l225.jpg
gundam,model_kit,eBay,marketplace,international,Bandai EXCEED MODEL TRINITY RX-78-2 Gundam Complete Set Capsule Toys Gacha Japan,94.95,0.0,False,USD,New,https://www.ebay.com/itm/178557016581?_skw=gundam&hash=item2992d3da05:g:SssAAeSw7tFqw4jh,https://i.ebayimg.com/images/g/SssAAeSw7tFqw4jh/s-l225.jpg
gundam,model_kit,eBay,marketplace,international,EXCEED MODEL TRINITY RX-78-2 Gundam Standard Complete Set No LED Gashapon New,76.99,19.0,False,USD,New,https://www.ebay.com/itm/800737479255?_skw=gundam&hash=itemba6fac4a57:g:Hb0AAeSwGiBqvL8-,https://i.ebayimg.com/images/g/Hb0AAeSwGiBqvL8-/s-l225.jpg
gundam,model_kit,eBay,marketplace,us,"#34 MS-06F Zaku II FS Mobile Suit Gundam, Bandai Hobby HGUC",15.0,0.0,False,USD,New,https://www.ebay.com/itm/178251688887?_skw=gundam&hash=item2980a0ebb7:g:7EsAAeSwYkxqO~In,https://i.ebayimg.com/images/g/7EsAAeSwYkxqO~In/s-l225.jpg
gundam,model_kit,eBay,marketplace,us,Bandai Hobby Nu Gundam RG 1/144 Model Kit USA Seller,55.95,0.0,False,USD,New,https://www.ebay.com/itm/147611011176?_skw=gundam&hash=item225e4d4868:g:gv0AAeSwNG5qxlgJ,https://i.ebayimg.com/images/g/gv0AAeSwNG5qxlgJ/s-l225.jpg
gundam,cards,eBay,marketplace,us,Gundam Card Game Kshatriya LR GD01-044 Newtype Rising Near Mint English,30.0,,False,USD,Ungraded,https://www.ebay.com/itm/377551989097?_skw=gundam&hash=item57e7da2969:g:N1AAAeSw7bpqxbxY,https://i.ebayimg.com/images/g/N1AAAeSw7bpqxbxY/s-l225.jpg
gundam,other,eBay,marketplace,international,Gundam Exceed Model Trinity RX-78-2 Premium Gashapon Capsule Vers Japan NEW,35.59,14.58,False,USD,New,https://www.ebay.com/itm/206548552840?_skw=gundam&hash=item301740cc88:g:DQsAAeSwn91qosOw,https://i.ebayimg.com/images/g/DQsAAeSwn91qosOw/s-l225.jpg
gundam,model_kit,eBay,marketplace,international,EXCEED MODEL TRINITY RX-78-2 Gundam Standard 3 Set No LED Bandai Japan,89.98,20.0,False,USD,New,https://www.ebay.com/itm/377475166823?_skw=gundam&hash=item57e345f267:g:NxgAAeSwXm5qnQUp,https://i.ebayimg.com/images/g/NxgAAeSwXm5qnQUp/s-l225.jpg
gundam,model_kit,eBay,marketplace,us,"#12 HI-Zack Z Gundam, Bandai Hobby HGUC",15.0,0.0,False,USD,New,https://www.ebay.com/itm/188555189057?_skw=gundam&hash=item2be6c3db41:g:6iMAAeSw9JNqO~If,https://i.ebayimg.com/images/g/6iMAAeSw9JNqO~If/s-l225.jpg
gundam,cards,eBay,marketplace,us,Gundam Card Game Store Tournament Kit 2026 Vol. 4 Sealed,60.0,0.0,False,USD,New/Factory Sealed,https://www.ebay.com/itm/398400989668?_skw=gundam&hash=item5cc28ca9e4:g:LKYAAeSw9TBqqqww,https://i.ebayimg.com/images/g/LKYAAeSw9TBqqqww/s-l225.jpg
gundam,model_kit,eBay,marketplace,us,"#87 MS-06F Zaku II FZ Gundam 0080, Bandai Hobby HGUC",18.0,0.0,False,USD,New,https://www.ebay.com/itm/188555189063?_skw=gundam&hash=item2be6c3db47:g:ESUAAeSw6MZqO~IN,https://i.ebayimg.com/images/g/ESUAAeSw6MZqO~IN/s-l225.jpg
gundam,model_kit,eBay,marketplace,us,Bandai Hobby Twilight Axis Gundam AN-01 Tristan HG 1/144 Model Kit USA Seller,26.95,0.0,False,USD,New,https://www.ebay.com/itm/147608126965?_skw=gundam&hash=item225e2145f5:g:kI0AAeSweVZqxamt,https://i.ebayimg.com/images/g/kI0AAeSweVZqxamt/s-l225.jpg
gundam,model_kit,eBay,marketplace,international,Bandai EXCEED MODEL TRINITY RX-78-2 Gundam Complete Set PREMIUAM Gashapon New,90.0,0.0,False,USD,New,https://www.ebay.com/itm/920003080028?_skw=gundam&hash=itemd63474ef5c:g:kJcAAeSwamhqwKE5,https://i.ebayimg.com/images/g/kJcAAeSwamhqwKE5/s-l225.jpg
gundam,other,eBay,marketplace,us,Bandai Gundam Char Aznable Action Figure 10in Japan US Seller-NIB-in Stock ,65.0,0.0,False,USD,New,https://www.ebay.com/itm/298740903532?_skw=gundam&hash=item458e586e6c:g:gwoAAeSwrdxqxoKX&amdata=enc%3AAQALAAAA4ACCtXRWQnOEpyOqnQQ8KGZ0J5scj8MHBesRhr6%2B1v9xJkSEtU%2FXh9C92%2FwkQjeYAAeL0FAtD7vZUnruthe%2Bp59qs6UOwWk2AQcD0pHEwOHNJU4g6bU1xx7vcVyY%2Fh4%2BkWqXxugv0zpJqmpfSHZufkaYTHlj4Pd%2FZDhDB9GIQXVyP5LXiTk%2FxQ%2FsRsqhkFQ4qOXpJoSndU0cH0HVpm8r2dZ8yqP6edlWdqOLGGsDJykPsYDop51a96LrCTQfPYTlJQMN98yX2IETv1n9KwLfbnx3XMcP5%2FOdOfcw1cYT%2Bxv%2F,https://i.ebayimg.com/images/g/gwoAAeSwrdxqxoKX/s-l225.jpg
gundam,model_kit,eBay,marketplace,international,EXCEED MODEL TRINITY RX-78-2 GUNDAM Complete Set of 3 | Bandai Premium Gashapon,79.0,20.0,False,USD,New,https://www.ebay.com/itm/860000452467?_skw=gundam&hash=itemc83c057f73:g:zm8AAeSwWSVqv20E&amdata=enc%3AAQALAAAA4ACCtXRWQnOEpyOqnQQ8KGYmZIY7r2h%2BukwQ1GmYLPLBuCQGnwa2TYVCrwcl1amZem1kAbXcfBIQk7q14gHDumoMLOfV4QYsEWe8bQuCXwpOAUl0F2o6rWD%2BW%2FkF7xOl3le29n4xIwBV6RI5S3BknnvrXfGTucar%2FRU9fycc7AUwz9aEYru4FKesIw9TOj7FpR67hYkwwF2DMyIGaYN0s%2BkONIKD0VyyeG3h%2Bb6v332SPYG%2BbVcwiLcSeRZ1CFiBp%2B%2BWKuXWLeVIzubEupvMQaveHKf7tp6s94Mg1XtnVNbR,https://i.ebayimg.com/images/g/zm8AAeSwWSVqv20E/s-l225.jpg
gundam,model_kit,eBay,marketplace,us,Standard Hello Kitty x RX-78-2 Gundam Figure Model Kit USA Seller,29.99,0.0,False,USD,New,https://www.ebay.com/itm/336790532052?_skw=gundam&hash=item4e6a47afd4:g:UiAAAeSwFXJqpPP7&amdata=enc%3AAQALAAAA4ACCtXRWQnOEpyOqnQQ8KGZiqQBo4IePJbD3ABSqiPxIQekAlqPNVQWWz0ufgkUx0zVLJJ8tH7WmzPOQHoMv8rQuJ2uNTpfwTuIhUGGpbeJRLtRiVmvt%2FElMms9blhjKrJuWqddfT03DHZJYcuEp%2BCr6HQjp69BIKXmtg2%2B0rTbNedtIZUeyS6%2BbiFmnZcZVFmF2CG4UpjzwLmAHjORIMAq%2By6giQf098h7GWUTwtSx7482I3oymLGQDkuSN0q%2Faur3pyHPNZdwF25Bh1OPnvevOJa5MW%2B8QMsawEj42cdtM,https://i.ebayimg.com/images/g/UiAAAeSwFXJqpPP7/s-l225.jpg
gundam,model_kit,eBay,marketplace,us,"#6 Z'Gok Mobile Suit Gundam, Bandai Hobby HGUC 1/144",12.0,0.0,False,USD,New,https://www.ebay.com/itm/178251688855?_skw=gundam&hash=item2980a0eb97:g:eFEAAeSwBsFqO~It,https://i.ebayimg.com/images/g/eFEAAeSwBsFqO~It/s-l225.jpg
gundam,model_kit,eBay,marketplace,us,"#113 RGM-79C GM Type C Gundam 0083, Bandai Hobby HGUC",18.0,0.0,False,USD,New,https://www.ebay.com/itm/188555189121?_skw=gundam&hash=item2be6c3db81:g:hsgAAeSwEiJqO~Hd,https://i.ebayimg.com/images/g/hsgAAeSwEiJqO~Hd/s-l225.jpg
gundam,model_kit,eBay,marketplace,us,Bandai Hobby MS-06S Char's Zaku 2 II MG 1/100 Model Kit USA Seller,43.95,0.0,False,USD,New,https://www.ebay.com/itm/137639839238?_skw=gundam&hash=item200bf94606:g:rGEAAeSwGhFqxW0B,https://i.ebayimg.com/images/g/rGEAAeSwGhFqxW0B/s-l225.jpg
gundam,model_kit,eBay,marketplace,us,"#107 MS-06F-2 Zaku II F2 (EFSF Ver.) Gundam 0083, Bandai Hobby HGUC",20.0,0.0,False,USD,New,https://www.ebay.com/itm/188555189091?_skw=gundam&hash=item2be6c3db63:g:ZScAAeSweM5qO~Gu,https://i.ebayimg.com/images/g/ZScAAeSweM5qO~Gu/s-l225.jpg
gundam,model_kit,eBay,marketplace,international,Bandai EXCEED MODEL TRINITY RX-78-2 Gundam Complete Set Capsule Toys Gashapo,89.99,0.0,False,USD,New,https://www.ebay.com/itm/206589138824?_skw=gundam&hash=item3019ac1788:g:vyoAAeSw8pNquxox,https://i.ebayimg.com/images/g/vyoAAeSw8pNquxox/s-l225.jpg
gundam,model_kit,eBay,marketplace,us,Bandai HGAW Gundam After War Airmaster HG 1/144 Model Kit,26.95,0.0,False,USD,New,https://www.ebay.com/itm/147608127028?_skw=gundam&hash=item225e214634:g:YusAAeSw3GJqxe5K,https://i.ebayimg.com/images/g/YusAAeSw3GJqxe5K/s-l225.jpg
gundam,model_kit,eBay,marketplace,us,Bandai Hobby HGAC XXXG-01D2 Gundam Deathscythe Hell HG 1/144 Scale Model Kit,22.95,0.0,False,USD,New,https://www.ebay.com/itm/137549270934?_skw=gundam&hash=item2006934f96:g:H8sAAeSwrX9qxlrL,https://i.ebayimg.com/images/g/H8sAAeSwrX9qxlrL/s-l225.jpg
gundam,cards,eBay,marketplace,international,Chinese Gundam Card Game - 2026 Promo Pack Vol.2 EX Base 3pcs EXBP031-033,24.95,0.0,False,USD,Used,https://www.ebay.com/itm/227549430100?_skw=gundam&hash=item34fb00c154:g:mKYAAeSw3P1qv-~0,https://i.ebayimg.com/images/g/mKYAAeSw3P1qv-~0/s-l225.jpg
gundam,model_kit,eBay,marketplace,us,Bandai Gundam AGE-1 Titus MG 1/100 Scale Model Kit USA Seller,46.95,0.0,False,USD,New,https://www.ebay.com/itm/137050616399?_skw=gundam&hash=item1fe8da724f:g:r8AAAeSwu9pqxoTw,https://i.ebayimg.com/images/g/r8AAAeSwu9pqxoTw/s-l225.jpg
gundam,model_kit,eBay,marketplace,us,HGUC 056 Gundam TR-1 (Hazel Custom) 1/144 Model Kit - Bandai - US,25.95,0.0,False,USD,New,https://www.ebay.com/itm/188910181054?_skw=gundam&hash=item2bfbec9abe:g:hjQAAeSwKshqoeI-,https://i.ebayimg.com/images/g/hjQAAeSwKshqoeI-/s-l225.jpg
gundam,model_kit,eBay,marketplace,us,"#270 Gundam Leopard Mobile Suit Gundam X, Bandai Hobby HG 1/144",29.0,0.0,False,USD,New,https://www.ebay.com/itm/188555189166?_skw=gundam&hash=item2be6c3dbae:g:eGgAAeSwQKZqO~GC,https://i.ebayimg.com/images/g/eGgAAeSwQKZqO~GC/s-l225.jpg
gundam,cards,eBay,marketplace,us,Kindhearted (Store Tournament 05) GD04-101 FOIL Gundam Promotional Card NM,4.98,0.0,False,USD,Ungraded,https://www.ebay.com/itm/178537631563?_skw=gundam&hash=item2991ac0f4b:g:2lQAAeSw1FNquxlz,https://i.ebayimg.com/images/g/2lQAAeSw1FNquxlz/s-l225.jpg
gundam,model_kit,eBay,marketplace,us,Bandai RG 1/144 God Gundam Mobile Fighter G Gundam Model Kit #37 Sealed New,44.99,,False,USD,New,https://www.ebay.com/itm/278442750469?_skw=gundam&hash=item40d47b3205:g:iOkAAeSweHNqxnl2&amdata=enc%3AAQALAAAA4ACCtXRWQnOEpyOqnQQ8KGZuw15TAoYnO1eMfd%2FBrt%2BiP%2B%2FNYgAfKB9gM3zhODCAgvtbL6rt4hK1XqFFDiW8CDaars%2FLBRchFL%2BYPjqP%2FWFG93DbXIYxxsrdVtMJt8Z05LcK14%2BYnC7sIgTFiFlxcDMZ0I2xLRP6SAm1vWaJRazQzEoOrcIPitr6gx%2Fp3n0DjuiJ7pAL90ABwx522m2hzOfT5WmsbQ9ELT%2BuyMo0wwOSO%2FuaxbxdBVJlaHmpiCgrkKNmqvvkDT3OLsTOYKTE4gaOF4vPvPSuSByhD6MNmtck,https://i.ebayimg.com/images/g/iOkAAeSweHNqxnl2/s-l225.jpg
gundam,model_kit,eBay,marketplace,us,Standard Hello Kitty x RX-78-2 Gundam Figure Model Kit USA Seller,27.99,0.0,False,USD,New,https://www.ebay.com/itm/820195654855?_skw=gundam&hash=itembef7787cc7:g:ubEAAeSwpvhqv320&amdata=enc%3AAQALAAAA4ACCtXRWQnOEpyOqnQQ8KGYxvfDI4cR4T9VMHM9vXNdWKHYL9JpZzlOGvmF4eAsEi28ry%2F3aVEZ2NjECBEs2%2FaUYyXLvUp7pq9FuKvhQq9Eflt2YVPTkdA8IbVigdymtI5dau%2B1DhssP2fl%2FUWbVvhOawyPR5tpMBwGIGwva%2FjJp5FN22%2F8ilMNayDWzknLSHn2mVDr6ZGT1FOasrVQ0A5qRDIdT65%2BR2KdbDioRBdMcnx9GSbfJkaT0PByD4FSSfvWcqZ1JPzxoA6wlD07BhmfIrGheTUWYtTpz%2FbewpkAg,https://i.ebayimg.com/images/g/ubEAAeSwpvhqv320/s-l225.jpg
gundam,other,eBay,marketplace,us,50pcs Gundam Anime Stickers Decals for Laptop Water Bottle Us Seller,8.98,0.0,False,USD,New,https://www.ebay.com/itm/398187384960?_skw=gundam&hash=item5cb5d15080:g:nOkAAeSw6PpqWzEu&amdata=enc%3AAQALAAAA4ACCtXRWQnOEpyOqnQQ8KGbBLsvkbRNCQ8BONh6xC2pAFSdTtLdlL%2B2jXFRgQJHmHjTL64koBN1C77Lhu2c2eO9XAsT6kMrSwlav1ebZ14c%2F0eHFvLGgye2Q1cygtVQSTeSfEdUssuVvSGARhLMlHRqD1dCU4HmIDt%2Bedh38ZOr8pdOaaD%2BF9Vx2U35pxiawzXWwv2d9BbM0VkeFOL58rlBwbLA2CWjT1%2FQzaNLS9MH2kaI0QKYdQFCsk9jFzQUZQNiXV0MQcv7%2BbLFhD0jBcFexUwjCUjx1PhPL4UJFYhxe,https://i.ebayimg.com/images/g/nOkAAeSw6PpqWzEu/s-l225.jpg
gundam,cards,eBay,marketplace,us,Gundam Card Game 1000 Cards Bulk Lot Common Uncommon Mixed Sets NM/M,53.95,0.0,False,USD,New,https://www.ebay.com/itm/128067397732?_skw=gundam&hash=item1dd1696864:g:bHAAAeSw~iRqnuo6&amdata=enc%3AAQALAAAA4ACCtXRWQnOEpyOqnQQ8KGZ6kHYHIecgxV7P131sfP6mctciLli5xDPPalzrmm%2BsMQg5q%2FrhrWhbQC1W5IsYQyLqxGwJAaSghe5NSDmDcbI1JY1kPw3Yh175AReI8rHBPXfX57plE%2Bg%2FVvGw62oFmUcqJNOGJCj1%2BzeSVg%2FyzcW2JBPmanBBW2EPXeAOI40xOcCnV3j3h%2BtFMiRmCUAUvekzER7VOY81x54N19HQqQkjeMOt0SVNGKtI2pT2%2FMVS%2FZi%2FAgztnGGyxOtExJs2e4baZQxNh6%2BlpsbueOGRBZH6,https://i.ebayimg.com/images/g/bHAAAeSw~iRqnuo6/s-l225.jpg
gundam,model_kit,eBay,marketplace,us,Bandai Hobby SEED Gundam Astray Gold Frame Amatsu Mina RG 1/144 Model Kit USA,38.95,0.0,False,USD,New,https://www.ebay.com/itm/147360893081?_skw=gundam&hash=item224f64c899:g:wMYAAeSwWNJqximk,https://i.ebayimg.com/images/g/wMYAAeSwWNJqximk/s-l225.jpg
gundam,model_kit,eBay,marketplace,us,Bandai Hobby Gundam UC Unicorn Gundam Real Grade RG 1/144 Model Kit USA Seller,59.95,0.0,False,USD,New,https://www.ebay.com/itm/147531183789?_skw=gundam&hash=item22598b36ad:g:12sAAeSwOTVqxXK6,https://i.ebayimg.com/images/g/12sAAeSwOTVqxXK6/s-l225.jpg
gundam,model_kit,eBay,marketplace,us,BANDAI HG Mobile Suit 1/144 RX-78-2 Gundam REVIVE Ver. HGUC 196716 US Seller USA,19.95,0.0,False,USD,New,https://www.ebay.com/itm/137589264838?_skw=gundam&hash=item2008f591c6:g:jMMAAeSwbRNqxJMD,https://i.ebayimg.com/images/g/jMMAAeSwbRNqxJMD/s-l225.jpg
gundam,model_kit,eBay,marketplace,international,Bandai EXCEED MODEL TRINITY RX-78-2 Gundam Complete Set PREMIUAM Gashapon New,105.98,14.98,False,USD,New,https://www.ebay.com/itm/366663372600?_skw=gundam&hash=item555ed70f38:g:8pcAAeSwt-dqvQYP,https://i.ebayimg.com/images/g/8pcAAeSwt-dqvQYP/s-l225.jpg
gundam,model_kit,eBay,marketplace,us,"#07 Gundam Pharact The Witch from Mercury, Bandai Hobby HG 1/144",25.0,0.0,False,USD,New,https://www.ebay.com/itm/188555189071?_skw=gundam&hash=item2be6c3db4f:g:OqwAAeSwWtdqO~Hx,https://i.ebayimg.com/images/g/OqwAAeSwWtdqO~Hx/s-l225.jpg
gundam,cards,eBay,marketplace,international,Chinese Gundam Card Game - 2026 Promo Pack Vol.2 EX Base EXBP-033,15.95,0.0,False,USD,Ungraded,https://www.ebay.com/itm/227549425994?_skw=gundam&hash=item34fb00b14a:g:SqsAAeSwpb1qv-6a,https://i.ebayimg.com/images/g/SqsAAeSwpb1qv-6a/s-l225.jpg
gundam,model_kit,eBay,marketplace,international,Bandai Mobile Suit Gundam Wing Hero Collection 7-Figures Pilots Set Toy W 2002,39.9,25.6,False,USD,New,https://www.ebay.com/itm/115920289497?_skw=gundam&hash=item1afd633ed9:g:eWsAAOSwnNBXYP-M&amdata=enc%3AAQALAAAA4ACCtXRWQnOEpyOqnQQ8KGbrMuQjozEQ%2Fbg%2F5XtTmAPsPwu%2Ff7Hk8qL8Urx9JlYqoQQjdOBWjH0%2BTbzMPDP22jf9OUm%2B7kvtYrzlWZzR3pOSQIHmzW4uN40gyCppf2Zpf755kTiohNvXWo6E0HZoRslUILKKnHpcXjhiNX%2Fs6XSrWHvowT4vpjgICb6LRtnnNroRk8n3mKG%2BQHtbqIK35062EcATz5i45d31lMGZaPNWRY8YB89Hm6QAOIrAep7ugsZGom65KrB5RaYo4kYy9nVP6K9cSWys4A38Vl9xsLzZ,https://i.ebayimg.com/images/g/eWsAAOSwnNBXYP-M/s-l225.jpg
gundam,model_kit,eBay,marketplace,international,Bandai EXCEED MODEL TRINITY RX-78-2 Gundam Complete Set Capsule Toys Gashapon FS,99.98,0.0,False,USD,New,https://www.ebay.com/itm/137803161611?_skw=gundam&hash=item2015b5600b:g:xhwAAeSwGPlqwhzU&amdata=enc%3AAQALAAAA4ACCtXRWQnOEpyOqnQQ8KGYnpUqJwghVqpi1EqfYfi%2BWe51LGUazYLM80ZBSY8Qp4Q5xJYKR79WORLMVNx%2BYdfls16gVxBcs7fOrXwMUoxb64W1KLxM5R72lCd3jHe81f6rny%2BBh%2BAr2SOCaxRzKxIgazVV6BkmbZACxC--MiOh9RilabM6%2B4Yh1RnHhX1kvPmxVwTIAEPvQCtzk3E3VqMbkTiyv9CKPD1Wuhh4yuhsfQbeTnTs7Cjcth6EGYcfgdD5kTb07DIh1ipviuwTaL7idmPW7Db7qLaQ%2BqkKaGlbD,https://i.ebayimg.com/images/g/xhwAAeSwGPlqwhzU/s-l225.jpg
gundam,other,eBay,marketplace,us,"#150 Nemo (Z Gundam Color) Z Gundam, Bandai Hobby HGUC",20.0,0.0,False,USD,New,https://www.ebay.com/itm/188555189098?_skw=gundam&hash=item2be6c3db6a:g:H3wAAeSwsvBqO~Fu,https://i.ebayimg.com/images/g/H3wAAeSwsvBqO~Fu/s-l225.jpg
gundam,model_kit,eBay,marketplace,us,Bandai Gundam 00 Seravee Gundam GNHW/B HG 1/144 Model Kit USA Seller,26.95,0.0,False,USD,New,https://www.ebay.com/itm/137784383633?_skw=gundam&hash=item201496d891:g:PqYAAeSwynBqxcA7,https://i.ebayimg.com/images/g/PqYAAeSwynBqxcA7/s-l225.jpg
gundam,model_kit,eBay,marketplace,international,Bandai EXCEED MODEL TRINITY RX-78-2 Gundam Complete Set Capsule Toys Gacha Japan,92.0,10.0,False,USD,New,https://www.ebay.com/itm/920002672987?_skw=gundam&hash=itemd6346eb95b:g:0gEAAeSw7sxqwGuw,https://i.ebayimg.com/images/g/0gEAAeSw7sxqwGuw/s-l225.jpg
gundam,cards,eBay,marketplace,us,Gundam Card Game Gundam Heavyarms Custom (EW) [GD05 - GD05-079] Near Mint - EN,1.99,0.0,False,USD,Ungraded,https://www.ebay.com/itm/147557572901?_skw=gundam&hash=item225b1de125:g:TS4AAeSwtJFqxHN2,https://i.ebayimg.com/images/g/TS4AAeSwtJFqxHN2/s-l225.jpg
gundam,cards,eBay,marketplace,us,Bandai Gundam Card Game Freedom Ascension GD05 English Booster Box Sealed,188.99,0.0,False,USD,New/Factory Sealed,https://www.ebay.com/itm/168709687534?_skw=gundam&hash=item2747e188ee:g:578AAeSwJc9qsr6M,https://i.ebayimg.com/images/g/578AAeSwJc9qsr6M/s-l225.jpg
gundam,model_kit,eBay,marketplace,us,GUNDAM ASSEMBLE STARTER SET 01 ST01,100.0,,True,USD,New,https://www.ebay.com/itm/920015742421?_skw=gundam&hash=itemd6353625d5:g:FEgAAeSwp0JqxEAm,https://i.ebayimg.com/images/g/FEgAAeSwp0JqxEAm/s-l225.jpg
gundam,model_kit,eBay,marketplace,us,Bandai Hobby Gundam Stardust Memory HGUC RX-78 GP02A Physalis HG 1/144 Model Kit,32.95,0.0,False,USD,New,https://www.ebay.com/itm/147469838599?_skw=gundam&hash=item2255e32907:g:lbEAAeSw5s1qximt,https://i.ebayimg.com/images/g/lbEAAeSw5s1qximt/s-l225.jpg
gundam,cards,eBay,marketplace,us,Gundam TCG GD01 Newtype Rising Justice Gundam GD01-066 LR - NM,21.95,0.0,False,USD,Ungraded,https://www.ebay.com/itm/128114556022?_skw=gundam&hash=item1dd438fc76:g:-W8AAeSwVHBqwnww,https://i.ebayimg.com/images/g/-W8AAeSwVHBqwnww/s-l225.jpg
gundam,model_kit,eBay,marketplace,international,PSL EXCEED MODEL TRINITY RX-78-2 Gundam  3 Set Limited Japan,128.0,20.0,False,USD,New,https://www.ebay.com/itm/336829603648?_skw=gundam&hash=item4e6c9bdf40:g:uhMAAeSwAJ5qxA1s&amdata=enc%3AAQALAAAA4ACCtXRWQnOEpyOqnQQ8KGbwgMgnvoWKVg9slkK7r4fuvYbAOzflrmoNHyNhOWL3gGirBvKOYIDppSqsddutQAop1kZ7K%2FtZzuCfWX2TL47E8wZWWRjO42kwMdfsFovMC%2FElYb85h4g0KvT9cxKZ%2Fb%2F2ulLLYpvcqlvez1DcphX5ngFiNFy4s8Apr9UFApVztsD6JkjUeFJpZuwKYHhWRhYFWcCiIzUSYSx%2B1KEZRkt2jyYJ%2FoQ%2F35esUgNYg99PvP0pi7BlMyA%2BFi%2FnH15a%2BOxZ83IDUzsjl86E7B%2Bika%2F8,https://i.ebayimg.com/images/g/uhMAAeSwAJ5qxA1s/s-l225.jpg
gundam,model_kit,eBay,marketplace,us,#1012 RX-0 Unicorn Gundam Awakening Ver Metal Composite,200.0,0.0,False,USD,New,https://www.ebay.com/itm/267802455050?_skw=gundam&hash=item3e5a452c0a:g:1LcAAeSwTctqqI55&amdata=enc%3AAQALAAAA4ACCtXRWQnOEpyOqnQQ8KGaULNZVE%2FXeEXFMBUS388X2LABAwQXf9fxu40Z4Q0DBpnBG5akwZ7KX%2B--kLgwQKNXkZP99y58DG9myECGRsw%2Bs%2FRiKW%2BUuk6noxacMTwnQyZX7mb8i9eDoKoqX9JBxYTZFx1B7Ipwrb2e%2BMK17Hnez%2FDpjNRvJicXONpaNdV75WQ2cnVOjdbkvhx9KMYHS63CLaudKzFJU%2BbZtf2XMSfC84iCfLKoGAWr%2FfqD%2FbPB1gWdWkS0Ja7F1In%2Fv%2FOjkXuMorjQNyfqPKe7pYrufPlqz,https://i.ebayimg.com/images/g/1LcAAeSwTctqqI55/s-l225.jpg
gundam,cards,eBay,marketplace,us,Gundam Card Game 1000 Cards Bulk Lot Common Uncommon Mixed Sets NM/M,53.95,0.0,False,USD,New,https://www.ebay.com/itm/128067397732?_skw=gundam&hash=item1dd1696864:g:bHAAAeSw~iRqnuo6&amdata=enc%3AAQALAAAA4ACCtXRWQnOEpyOqnQQ8KGZ6kHYHIecgxV7P131sfP6mctciLli5xDPPalzrmm%2BsMQg5q%2FrhrWhbQC1W5IsYQyLqxGwJAaSghe5NSDmDcbI1JY1kPw3Yh175AReI8rHBPXfX57plE%2Bg%2FVvGw62oFmUcblP1KoIQtsuJGbDRROKxqKeBzLUSvVbxjs3ScoHW968daBJLSo%2B66K4APcvCtHC6NAzZZgqCKH1vTpQVIYYa2oLoEQQIVY4SzadFB%2FS8pPJqRdLQ3IDsWjZHa0eMYZRNR9SxJtOZqttu5qy1iG12Z,https://i.ebayimg.com/images/g/bHAAAeSw~iRqnuo6/s-l225.jpg
gundam,model_kit,eBay,marketplace,international,Bandai Mobile Suit Gundam Wing Hero Collection 7-Figures Pilots Set Toy W 2002,39.9,25.6,False,USD,New,https://www.ebay.com/itm/115920289497?_skw=gundam&hash=item1afd633ed9:g:eWsAAOSwnNBXYP-M&amdata=enc%3AAQALAAAA4ACCtXRWQnOEpyOqnQQ8KGbrMuQjozEQ%2Fbg%2F5XtTmAPsPwu%2Ff7Hk8qL8Urx9JlYqoQQjdOBWjH0%2BTbzMPDP22jf9OUm%2B7kvtYrzlWZzR3pOSQIHmzW4uN40gyCppf2Zpf755kTiohNvXWo6E0HZoRsnbx%2FRC64B0OYJIq26YoNqtYt66cnR7%2Bq2EbuT8OfFqqu8WhoSsxG5s31GWhyWNcvx2s0LTVHH4pStYhuJ%2B59bhx64CKye5h67BLDZxoma7T5ywdyXBGICe1zRQ0774lX7tji68zBS6hc1dYnK8fCtu,https://i.ebayimg.com/images/g/eWsAAOSwnNBXYP-M/s-l225.jpg
gundam,other,eBay,marketplace,international,Bandai Gundam 1/144 HG Brave Standard Test Type Made in Japan Model Kits,24.17,20.9,False,USD,New,https://www.ebay.com/itm/236763139748?_skw=gundam&hash=item37202ecea4:g:~fQAAeSwimlqVqyh&amdata=enc%3AAQALAAAA4ACCtXRWQnOEpyOqnQQ8KGYLhsDQ--ilODyf75e0GBDTIfSSFylAAVDB0y21YX0fDtC66JuzbYXuZXsx060J%2BWGEBn3FuEkdXwdu5piKJgNjY4mtNIunfrDO%2F04SVuZClasw6ox13RH1uDaIAOMuSpe2OsDBLa%2BaYJGzC8U4j5ixV47tpbliXLDsbtd4lNo4aJwbad7MHs9Z%2B2THYS7ptFf3yyokFMwBZINttebhF1rdE34WZL2aSzu3e71xzwSfMCvPfaFgyXxo0n7zZ3XbQUA9513Z1Dq%2FCV97E%2Bv6fqAq,https://i.ebayimg.com/images/g/~fQAAeSwimlqVqyh/s-l225.jpg
gundam,model_kit,eBay,marketplace,international,Bandai EXCEED MODEL TRINITY RX-78-2 Gundam Complete Set PREMIUAM Gashapon New,105.98,14.98,False,USD,New,https://www.ebay.com/itm/366663372600?_skw=gundam&hash=item555ed70f38:g:8pcAAeSwt-dqvQYP&amdata=enc%3AAQALAAAA4ACCtXRWQnOEpyOqnQQ8KGYaFjxBoeqrEggEJj5eZWP6HZ7snUV3dg%2BAUwxLqY7r6XLUx%2Bg%2F0g2yKH%2FxFaQWNSD7XfLrF7BPNLd0edg3kvUVXhs%2FHwx3m1CdwlOb%2BpsSQAgp6LEAZGoJH7Pir9EfIaXLWfF4TZa9DGDvvDKAgCYDRFrjub%2FtjkjK8mm8w4mi9vkRRqP%2FMcm%2FL4aWUyc1wu9jJNT%2FTcedAvaaC0QmNjuu%2FjISyKvOb8EJp0RiypIlRiSakaOyc%2F5dEelOd3bRiKV2%2F0mOzvrpEnCU9wJxMi7Y,https://i.ebayimg.com/images/g/8pcAAeSwt-dqvQYP/s-l225.jpg
gundam,model_kit,eBay,marketplace,international,PSL EXCEED MODEL TRINITY RX-78-2 Gundam  3 Set Limited Japan,128.0,20.0,False,USD,New,https://www.ebay.com/itm/336829603648?_skw=gundam&hash=item4e6c9bdf40:g:uhMAAeSwAJ5qxA1s,https://i.ebayimg.com/images/g/uhMAAeSwAJ5qxA1s/s-l225.jpg
gundam,model_kit,eBay,marketplace,us,Bandai Hobby Mobile Suit Gundam MSM-04 Acguy HG 1/144 Model Kit USA Seller,22.95,0.0,False,USD,New,https://www.ebay.com/itm/147250920275?_skw=gundam&hash=item2248d6bb53:g:m2UAAeSws4FqximN,https://i.ebayimg.com/images/g/m2UAAeSws4FqximN/s-l225.jpg
gundam,model_kit,eBay,marketplace,us,"#20 Lightning Gundam Gundam Build Fighters Try, Bandai Hobby HGBF 1/144",21.0,0.0,False,USD,New,https://www.ebay.com/itm/178251688891?_skw=gundam&hash=item2980a0ebbb:g:1S4AAeSw4BZqO~FI,https://i.ebayimg.com/images/g/1S4AAeSw4BZqO~FI/s-l225.jpg
gundam,model_kit,eBay,marketplace,international,RG 1/144 RX-78-2 Gundam RG 1/144 MS-06S Zaku II Hatsune Miku Ver. Set of 2,170.0,0.0,False,USD,New,https://www.ebay.com/itm/227364928600?_skw=gundam&hash=item34f0017c58:g:V70AAeSwrWBqGwuX,https://i.ebayimg.com/images/g/V70AAeSwrWBqGwuX/s-l225.jpg
gundam,model_kit,eBay,marketplace,us,Bandai Mobile Suit Gundam RX-78-2 Ver. Ka Ver Ka MG 1/100 Model Kit USA Seller,48.17,0.0,False,USD,New,https://www.ebay.com/itm/137621506767?_skw=gundam&hash=item200ae18acf:g:9RcAAeSw~6pqxjYg,https://i.ebayimg.com/images/g/9RcAAeSw~6pqxjYg/s-l225.jpg
gundam,cards,eBay,marketplace,international,Gundam Card Game Damage Counter Dice Haro EVX08 GCG EXPO 2026 Limited,44.95,0.0,False,USD,New,https://www.ebay.com/itm/168759809751?_skw=gundam&hash=item274ade56d7:g:vK0AAeSwU6JqwmWi,https://i.ebayimg.com/images/g/vK0AAeSwU6JqwmWi/s-l225.jpg
gundam,model_kit,eBay,marketplace,us,Bandai HGFC 1/144 Master Gundam & Fuunsaiki,34.99,6.99,False,USD,New,https://www.ebay.com/itm/198607195741?_skw=gundam&hash=item2e3de94e5d:g:mbgAAeSwJK9qla26,https://i.ebayimg.com/images/g/mbgAAeSwJK9qla26/s-l225.jpg
gundam,model_kit,eBay,marketplace,us,Bandai Hobby HGBF Build Strike Gundam Full Package HG 1/144 Model Kit USA Seller,24.11,0.0,False,USD,New,https://www.ebay.com/itm/136923308104?_skw=gundam&hash=item1fe143e048:g:0t8AAeSwgA5qxknt,https://i.ebayimg.com/images/g/0t8AAeSwgA5qxknt/s-l225.jpg
gundam,model_kit,eBay,marketplace,us,Bandai G-Gundam GOD GUNDAM RG 1/144 Model Kit USA Seller,44.95,0.0,False,USD,New,https://www.ebay.com/itm/137549333057?_skw=gundam&hash=item2006944241:g:0HYAAeSwtJFqxXhx,https://i.ebayimg.com/images/g/0HYAAeSwtJFqxXhx/s-l225.jpg
gundam,model_kit,eBay,marketplace,us,#1012 RX-0 Unicorn Gundam Awakening Ver Metal Composite,200.0,0.0,False,USD,New,https://www.ebay.com/itm/267802455050?_skw=gundam&hash=item3e5a452c0a:g:1LcAAeSwTctqqI55&amdata=enc%3AAQALAAAA4ACCtXRWQnOEpyOqnQQ8KGaULNZVE%2FXeEXFMBUS388X2LABAwQXf9fxu40Z4Q0DBpnBG5akwZ7KX%2B--kLgwQKNXkZP99y58DG9myECGRsw%2Bs%2FRiKW%2BUuk6noxacMTwnQyZX7mb8i9eDoKoqX9JBxYTYq7UrcH5W%2BJHG5VMq6QuGoOYWYENTIm7ZZrUowLjcUlxOSbuSDbGN8CPoSqtmBwj7VJ4AkQuH9890ZLWHEIoqAgSlqF%2FWhrwBEc%2FR0DOcaf3eoCOnQiXYhRWY3FaTeUwr74eY1GAKGI0Pgrn4kay6B,https://i.ebayimg.com/images/g/1LcAAeSwTctqqI55/s-l225.jpg
gundam,other,eBay,marketplace,us,Mobile Suit GUNDAM Introduction BOOKLET 2026 Comic-Con with 45 Yr Anvrsy Poster,10.0,,False,USD,Brand New,https://www.ebay.com/itm/206476946522?_skw=gundam&hash=item3012fc2c5a:g:PFUAAeSwC-FqeCvJ&amdata=enc%3AAQALAAAA4ACCtXRWQnOEpyOqnQQ8KGb31po4FGv45%2FNxseTfS5KoSSwRaZ9WLIVbaojyygxAm%2F%2Bt%2FlnZxUQcHf2VeJ6ZyQZHWiCwp8ZYaCSazOINNkXTkE7BBmpO38TVNxcDlsfwjfAIpsHytF%2FtMER7RCJUS85hpwU81bc%2FuOp2TtaosvyjLuOuLnf89O61VQkIrq4eGJdTOCTCbUzHDehJJmK%2BN7G8eyQzo%2ByggnmpdjUPtkAaLvAIN3foZifekFHylsQA9ZZK%2FLNMnSwIkg%2BJ8GKgrhmgWbt9c2eskbnh06x3OS2K,https://i.ebayimg.com/images/g/PFUAAeSwC-FqeCvJ/s-l225.jpg
gundam,other,eBay,marketplace,us,Bandai Gundam Universe GU-12 MS-06S Char's Zaku II Boxed Action Figure,25.0,,False,USD,New,https://www.ebay.com/itm/198685503324?_skw=gundam&hash=item2e42942f5c:g:wPAAAeSw2X5qryjW&amdata=enc%3AAQALAAAA4ACCtXRWQnOEpyOqnQQ8KGZrg9aDbtLj1VF4HMddSygYS2J1P0GiqKD4TiuFDo6izmKK%2FH68BGPlH2rY%2BqLMufoYKtzY7uASBCXNv%2BoaAP80G16zY9IufZLZ15O%2FtdQF8I4AL3sH3N3rQlKeX%2BezdWTDIp01FXpoaLMenN1SmUTFZjXMUaRT0YQYywszAsbDIc0Nrcvhq5qcgRAG8BThILQ%2B9hXt1sb5%2FoYNMkJLao9QWAH3lADoPsfoCaDdoQ8R7zka%2BAuKoPcauZeGuEWttSlB7wQc%2Bajx%2FqBh96B9IoXW,https://i.ebayimg.com/images/g/wPAAAeSw2X5qryjW/s-l225.jpg
gundam,other,eBay,marketplace,us,Gundam Card Game Ultimate Deck Destiny Ignition ST-09 Dice Only English Deck,16.99,0.0,False,USD,New,https://www.ebay.com/itm/117408019730?_skw=gundam&hash=item1b56103512:g:a3kAAeSwXz1qpIsi,https://i.ebayimg.com/images/g/a3kAAeSwXz1qpIsi/s-l225.jpg
gundam,cards,eBay,marketplace,us,Resource RP-010 Machu & G Gundam Card Game Japanese Promo US FAST SHIP,3.36,0.0,False,USD,Ungraded,https://www.ebay.com/itm/167787739051?_skw=gundam&hash=item2710edb7ab:g:MQ4AAeSwUBVo9Cnp,https://i.ebayimg.com/images/g/MQ4AAeSwUBVo9Cnp/s-l225.jpg
gundam,model_kit,eBay,marketplace,us,"Wing Gundam Mobile Suit Gundam Wing, Bandai Hobby Entry Grade 1/144",13.0,0.0,False,USD,New,https://www.ebay.com/itm/188555189092?_skw=gundam&hash=item2be6c3db64:g:Q8EAAeSwSX9qO~Ho,https://i.ebayimg.com/images/g/Q8EAAeSwSX9qO~Ho/s-l225.jpg
gundam,other,eBay,marketplace,international,Bandai RX-78-2 Gundam EXCEED MODEL TRINITY LED Unit 3 Set Anime Limited Japan,148.0,20.0,False,USD,New,https://www.ebay.com/itm/366716959003?_skw=gundam&hash=item556208b91b:g:XKEAAeSwBk1qxYJw,https://i.ebayimg.com/images/g/XKEAAeSwBk1qxYJw/s-l225.jpg
gundam,model_kit,eBay,marketplace,us,Bandai BNESH QMSV Mini Gundam SEED Freedom Series Blind Box - 1 Random,23.75,0.0,False,USD,New,https://www.ebay.com/itm/147309477476?_skw=gundam&hash=item224c543e64:g:niYAAeSw0Ilqxaaj,https://i.ebayimg.com/images/g/niYAAeSw0Ilqxaaj/s-l225.jpg
gundam,model_kit,eBay,marketplace,us,Gundam: Requiem for Vengeance Gundam EX High Grade 1:144 Scale Model Kit,28.51,5.0,False,USD,New,https://www.ebay.com/itm/226658223339?_skw=gundam&hash=item34c5e204eb:g:LCoAAeSw-1lqoIn-,https://i.ebayimg.com/images/g/LCoAAeSw-1lqoIn-/s-l225.jpg
gundam,model_kit,eBay,marketplace,us,Bandai Hobby Gundam Stardust Memory HGUC F2 Zaku II EFSF HG 1/144 Model Kit USA,26.95,0.0,False,USD,New,https://www.ebay.com/itm/137734088200?_skw=gundam&hash=item2011976608:g:VlYAAeSwwSlqxmL0,https://i.ebayimg.com/images/g/VlYAAeSwwSlqxmL0/s-l225.jpg
gundam,model_kit,eBay,marketplace,us,"#59 Dom/Rick-Dom Mobile Suit Gundam, Bandai Hobby HGUC 1/144",24.0,0.0,False,USD,New,https://www.ebay.com/itm/187571438531?_skw=gundam&hash=item2bac2103c3:g:lIsAAeSwMPVqO~Gv,https://i.ebayimg.com/images/g/lIsAAeSwMPVqO~Gv/s-l225.jpg
gundam,model_kit,eBay,marketplace,us,"Unicorn Gundam 03 Phenex Gundam UC, Bandai Hobby MG",126.38,0.0,False,USD,New,https://www.ebay.com/itm/176597734610?_skw=gundam&hash=item291e0b94d2:g:S1kAAeSwmWhqO~GZ,https://i.ebayimg.com/images/g/S1kAAeSwmWhqO~GZ/s-l225.jpg
gundam,model_kit,eBay,marketplace,us,"#01 Gundam LFRITH The Witch from Mercury, Bandai Hobby HG 1/144",22.0,0.0,False,USD,New,https://www.ebay.com/itm/188555189094?_skw=gundam&hash=item2be6c3db66:g:5ewAAeSwYkxqO~Fu,https://i.ebayimg.com/images/g/5ewAAeSwYkxqO~Fu/s-l225.jpg
gundam,other,eBay,marketplace,us,MG 1/100 : SEED Gundam : Aile Strike (ver. RM) - Deactivated Repaint / Prebuilt,70.0,0.0,False,USD,Used,https://www.ebay.com/itm/860019997714?_skw=gundam&hash=itemc83d2fbc12:g:VyIAAeSwp0Jqxny4,https://i.ebayimg.com/images/g/VyIAAeSwp0Jqxny4/s-l225.jpg
gundam,model_kit,eBay,marketplace,international,Gundam Base Fukuoka Limited RG 1/144 RX-93ff ν Gundam plastic model Kit Japan,81.31,0.0,False,USD,New,https://www.ebay.com/itm/394085206840?_skw=gundam&hash=item5bc14f0b38:g:2iQAAOSw8GRnLO16,https://i.ebayimg.com/images/g/2iQAAOSw8GRnLO16/s-l225.jpg
gundam,model_kit,eBay,marketplace,international,Gundam Astray Red Frame 1/144 SEED Astray Model Kit Gunpla Action Figure Toy,29.99,0.0,False,USD,New,https://www.ebay.com/itm/336644185824?_skw=gundam&hash=item4e618e9ee0:g:3~MAAeSwY41qICkr&amdata=enc%3AAQALAAAA4ACCtXRWQnOEpyOqnQQ8KGYPTcYfqxz%2BfCFsS9Yua%2FwMIym%2F1k5qkl69g0Em8bxvtuFtsvpJJxhALBKgJ6rgR16yiojVXIdnSnROt8n3%2Fcrrmml9jCCUlGSmCfg6akpFn7cvx%2FonNvTxnXVmij9VI1gw9RLvnVDd5uMpdXJ%2BNSN%2BPp9phLZbNxQeu%2BQ0%2FyYIbqEnFndfnPeJ3Ob3MYb3GmENle3VJ8zSNWMEkuJqcAqTZDspfu9H%2F6BhvXntDhSOipqG7%2BnXX%2Bs8kt8%2FSUt9SUM5mlZi0dSyK1nPlOfLMZBj,https://i.ebayimg.com/images/g/3~MAAeSwY41qICkr/s-l225.jpg
gundam,model_kit,eBay,marketplace,international,New Bandai Gundam Universe XXXG-00W0 Wing Gundam Zero Pizza Hut Limited Edition,109.0,16.99,False,USD,New,https://www.ebay.com/itm/407029269128?_skw=gundam&hash=item5ec4d5c288:g:JQ0AAeSwMwFqgV-2&amdata=enc%3AAQALAAAA4ACCtXRWQnOEpyOqnQQ8KGYqB8KS16MnIuSDrL8%2F5tBIbUx6igwnET7w1Y0Dxic6Q8%2F2NjQRVxQBuGB0gJjmZBEfWBgObGGczz9kQM4T37iLdWKSeJEwGWpzz7LiJ18LV6BiRslyNzi8yOqpZ0SGAzbK3Z8o3JtYbl%2Bw6Sh8ggHFpGUx%2Fw2N5t20fnqswdUxCaxOlEGuH5PkwltcCYi8yib%2Btg8K1kuRZ1wGsujCeu%2Bvhz2m0bHlUXATEwiOXU23%2FS5ukHD10jeVb%2Bgjgw1%2FtzWFjMuHl4H%2B8brRv5Ycloy9,https://i.ebayimg.com/images/g/JQ0AAeSwMwFqgV-2/s-l225.jpg
gundam,model_kit,eBay,marketplace,us,Justice Gundam ZGMF-X09A MG 1/100 Model Kit - US,65.99,0.0,False,USD,New,https://www.ebay.com/itm/407179201339?_skw=gundam&hash=item5ecdc58b3b:g:o0IAAeSwvW9qkzeB&amdata=enc%3AAQALAAAA4ACCtXRWQnOEpyOqnQQ8KGY2k4A97zY8wXE7EGr6%2Bh6DDrXGoez5WTJwQzvmcbx9dVdp8n%2FXFgs92%2BaKZlzrA4t9wR2amQLE5F6tgoSI%2FhmYh5OvdkHkvEO8eDAJXq7BbDcWtceSEL4d4aSUEb9HJ58PYuov%2Bb%2F3tfhWh6JR5EDx%2BjqTXNeNkCdOsJ3lcoUHWkU1jX5HrmJAQM2RXvg6ev6gWv1em9wPqURsaVmS6d6IJ8PwkKBg8QGMH36HhUKPVxqIfOnAEERP7IIAa1Fi4KBrZk5ZDUdfsqn6A9VyWdiM,https://i.ebayimg.com/images/g/o0IAAeSwvW9qkzeB/s-l225.jpg
gundam,cards,eBay,marketplace,us,Bandai Gundam Card Game 4 Uncommons 6 Commons Random,2.54,1.11,False,USD,New,https://www.ebay.com/itm/366667573692?_skw=gundam&hash=item555f1729bc:g:WpYAAeSwnnJqp2er&amdata=enc%3AAQALAAAA4ACCtXRWQnOEpyOqnQQ8KGbisrwzf9X25bH2e7RzdOhgaS47TwnCFev%2BcPSOIQDTBC6G7kPYa387vXpGu9YJF7Ndx35S3ADgzYKa4nfvqydWUdgO2Uv979NXeZQBGzdJIj0hRnP4c8YIXk%2BZdD%2B9OBff2jjOJeGhZc63jdf3DoZjQfgXxUG7guta1DwWPeJUcL2zFUF6%2FUF72ybahH0xjmkaIBdWc9%2B5w0rKUcZhQbl4mHcHsYDu6JpEEX0SfhgwMRgsX1jqapmjS8Ez0jiogoQlcA4HY2%2FM9BnE4HeYY0ho,https://i.ebayimg.com/images/g/WpYAAeSwnnJqp2er/s-l225.jpg
gundam,model_kit,eBay,marketplace,us,Bandai Hobby Gundam #36 PMX-003 The-O HGUC HG 1/144 Model Kit USA Seller,39.95,0.0,False,USD,New,https://www.ebay.com/itm/147489126879?_skw=gundam&hash=item22570979df:g:8BMAAeSwOflqxmZB,https://i.ebayimg.com/images/g/8BMAAeSwOflqxmZB/s-l225.jpg
gundam,cards,eBay,marketplace,us,Bandai Gundam Card Game Shining Gundam (Super Mode) Unit GD5-008 R+ Foil EN,60.0,,False,USD,Ungraded,https://www.ebay.com/itm/920018290435?_skw=gundam&hash=itemd6355d0703:g:w~0AAeSw-wtqxpaz,https://i.ebayimg.com/images/g/w~0AAeSw-wtqxpaz/s-l225.jpg
gundam,cards,eBay,marketplace,us,Gundam Card Game Store Tournament Kit 2026 Vol 3 x4 English SEALED,100.0,0.0,False,USD,Ungraded,https://www.ebay.com/itm/398431177138?_skw=gundam&hash=item5cc45949b2:g:gwcAAeSwr5dqtpQN,https://i.ebayimg.com/images/g/gwcAAeSwr5dqtpQN/s-l225.jpg
gundam,model_kit,eBay,marketplace,us,"#31 Bawoo Z Gundam, Bandai Hobby HGUC 1/144",18.0,0.0,False,USD,New,https://www.ebay.com/itm/188555189089?_skw=gundam&hash=item2be6c3db61:g:6IYAAeSwQhRqO~E7,https://i.ebayimg.com/images/g/6IYAAeSwQhRqO~E7/s-l225.jpg
gundam,model_kit,eBay,marketplace,us,Bandai HGGBM 10 Gundam 00 Command Qan[T] (Desert Type) 1/144 Model Kit - US,28.95,0.0,False,USD,New,https://www.ebay.com/itm/187761652122?_skw=gundam&hash=item2bb777719a:g:ZH4AAeSwh5ZpH-F1,https://i.ebayimg.com/images/g/ZH4AAeSwh5ZpH-F1/s-l225.jpg
gundam,model_kit,eBay,marketplace,us,Bandai Hobby HGUC #64 MS-05B Zaku I 1 HG 1/144 Model Kit USA Seller,22.95,0.0,False,USD,New,https://www.ebay.com/itm/147596062632?_skw=gundam&hash=item225d692fa8:g:lfwAAeSwk7BqxmY9,https://i.ebayimg.com/images/g/lfwAAeSwk7BqxmY9/s-l225.jpg
gundam,model_kit,eBay,marketplace,us,Bandai RG 1/144 Hyper Mega Bazooka Launcher for Hi-Nu Gundam P-Bandai Sealed,50.0,,False,USD,New,https://www.ebay.com/itm/278442745726?_skw=gundam&hash=item40d47b1f7e:g:cEMAAeSw7bpqxnhp&amdata=enc%3AAQALAAAA4ACCtXRWQnOEpyOqnQQ8KGYUXzvjt7cXoC7hWaZH%2BYGnf9ULbsJbJrDcrNWZRElhUOg9QEXdHWgTPxO257HNwl9ld%2B5lCOuS7ya8paV8BkkdV5%2FPqGuEmWRCVNcINOdUK3zcQUAc2Mu83n9LW1NuH00Gg2GU8Tp5DqKhdk8XscnYV6dTfTzkYAFwueXWuE6%2FegRr7PEf4W3Wthrkp%2BwXkIzB6xSr0%2B9ioLA3mOEStIPwq9JWl6SUApHPXedZWmN39j28BEbTm1ASjjQs5yAC84FNkPJKp0AVBzyP5xqvJtvl,https://i.ebayimg.com/images/g/cEMAAeSw7bpqxnhp/s-l225.jpg
gundam,model_kit,eBay,marketplace,us,Bandai RG 1/144 Gundam Base Limited RX-0 Unicorn Gundam Ver. TWC Kit,60.0,,False,USD,New,https://www.ebay.com/itm/820214179464?_skw=gundam&hash=itembef8932688:g:7mAAAeSwwqpqxmd2&amdata=enc%3AAQALAAAA4ACCtXRWQnOEpyOqnQQ8KGaCZnHdKVB3GEBgZ1Ofhn0Zgb0P5mw6IE2LAOZG%2BgNgyjuBJJItgWUtgNl0rSRCFszWo9eC8DURwugA28U5ybvNHZGK8uy32Ts4OwlfenWb99NrnvCAY4MCpImK4n1V7CHE8riQoGBF2H8Ko9rdDlHJ7%2FwJY42UIM7devrdm9nfBhdC4sV0m720jBmSS8cF3bv1fiqxZ4LOUqqBdnzRKvXSUU1MqCP1ZJiDOSpzzHk9t5TrAWj%2BgQhctb8ekkKoZohWMG%2BU3YVrLI7KlkY%2Bo1AY,https://i.ebayimg.com/images/g/7mAAAeSwwqpqxmd2/s-l225.jpg
gundam,model_kit,eBay,marketplace,us,Mobile Suit Gundam Wing: DVD Vol.1-49 End+Endless Waltz Movie Anime Set Eng Dub,34.99,0.0,False,USD,Like New,https://www.ebay.com/itm/128121005523?_skw=gundam&hash=item1dd49b65d3:g:JAgAAeSwCy1qDi2W,https://i.ebayimg.com/images/g/JAgAAeSwCy1qDi2W/s-l225.jpg
gundam,model_kit,eBay,marketplace,us,Bandai Hobby HGCE Aile Strike Gundam HG 1/144 Model Kit USA Seller,20.98,0.0,False,USD,New,https://www.ebay.com/itm/137727150234?_skw=gundam&hash=item20112d889a:g:X~0AAeSwZe5qxXWJ,https://i.ebayimg.com/images/g/X~0AAeSwZe5qxXWJ/s-l225.jpg
gundam,model_kit,eBay,marketplace,us,BAN2554745 Bandai HG #239 Gundam Deathscythe HGUC,18.0,,False,USD,New,https://www.ebay.com/itm/198660267502?_skw=gundam&hash=item2e41131dee:g:Zo0AAeSwz5dqxoVI,https://i.ebayimg.com/images/g/Zo0AAeSwz5dqxoVI/s-l225.jpg
gundam,model_kit,eBay,marketplace,us,Bandai  HGAC Gundam Wing #223 WMS-03 Maganac HG 1/144 Scale Model Kit,24.95,0.0,False,USD,New,https://www.ebay.com/itm/137764022741?_skw=gundam&hash=item20136029d5:g:vq8AAeSwIFpqxaEY,https://i.ebayimg.com/images/g/vq8AAeSwIFpqxaEY/s-l225.jpg
gundam,cards,eBay,marketplace,international,Strike Freedom Gundam Card Game EX Base Serial Challenge Pack EXBP-028 Sealed JP,3265.0,0.0,False,USD,Ungraded,https://www.ebay.com/itm/178478253568?_skw=gundam&hash=item298e220600:g:fpIAAeSw8h9qn6rz,https://i.ebayimg.com/images/g/fpIAAeSw8h9qn6rz/s-l225.jpg
gundam,cards,eBay,marketplace,international,Resource C+ Char's Zaku R-005 Newtype Rising Gundam Card Game Japanese,3.38,0.0,False,USD,Ungraded,https://www.ebay.com/itm/396913001418?_skw=gundam&hash=item5c69dbc3ca:g:eJYAAeSwl01qiqca,https://i.ebayimg.com/images/g/eJYAAeSwl01qiqca/s-l225.jpg
gundam,model_kit,eBay,marketplace,us,#270 Gundam Leopard Mobile Suit Gundam X Bandai Hobby HG 1/144 Scale Model Kit,28.98,0.0,False,USD,New,https://www.ebay.com/itm/128096085432?_skw=gundam&hash=item1dd31f25b8:g:L~QAAeSwr5dqtOKp,https://i.ebayimg.com/images/g/L~QAAeSwr5dqtOKp/s-l225.jpg
gundam,model_kit,eBay,marketplace,us,Bandai MGSD Iron-Blooded Orphans Gundam Barbatos SD Model Kit USA Seller,51.95,0.0,False,USD,New,https://www.ebay.com/itm/137536019238?_skw=gundam&hash=item2005c91b26:g:OBUAAeSwH1FqxNf0,https://i.ebayimg.com/images/g/OBUAAeSwH1FqxNf0/s-l225.jpg
gundam,model_kit,eBay,marketplace,international,Mobile Report Gundam Wing & Endless Waltz 30th Anniversary Official Book New FS,156.87,33.0,False,USD,New,https://www.ebay.com/itm/389638832269?_skw=gundam&hash=item5ab848c08d:g:VfoAAeSwdnNpby1E&amdata=enc%3AAQALAAAA4ACCtXRWQnOEpyOqnQQ8KGaG9vLsLjWkWBQ8HobCXvb1GbZJeR1iV93mPV8L9EogJ7ZRgyApMqchFCeldZ%2FgSNjJhLp8Ddecew3a6pba8WoPsQuY7uGrFtuf1%2FlV72In1WcgjRrYj2N9j%2FqHbshxPZxr4qHLPUQvc6bLaWcJ7mdTlFNpgSPrZm9n%2Fqgz7LBfFrKpdEqz8FwQ8ht9qDKZsqE4HlJQ2Cu5386AWUWL3QgSviMDAsFBFQf9eRJlLTbxi2n25hB9ERJ4%2BVVEkPx89RJEfz8qP8GH59c8ARI6i7FT,https://i.ebayimg.com/images/g/VfoAAeSwdnNpby1E/s-l225.jpg
gundam,model_kit,eBay,marketplace,international,Mobile Report Gundam Wing & Endless Waltz 30th Anniversary Official Book New FS,156.87,33.0,False,USD,New,https://www.ebay.com/itm/389638832269?_skw=gundam&hash=item5ab848c08d:g:VfoAAeSwdnNpby1E&amdata=enc%3AAQALAAAA4ACCtXRWQnOEpyOqnQQ8KGaG9vLsLjWkWBQ8HobCXvb1GbZJeR1iV93mPV8L9EogJ7ZRgyApMqchFCeldZ%2FgSNjJhLp8Ddecew3a6pba8WoPsQuY7uGrFtuf1%2FlV72In1WcgjRrYj2N9j%2FqHbshxPZw%2BbJG6%2BWs5DiaiMcEfrB1lD87CiKqfMrHkOHA32wVtNbxuZNvXY4IjptnIhizRkP8lH1%2F3AoNSeMxsEbpYKJ0WFqn3lZQgMU%2BFw%2FGYPLQ7g5%2FdGvZpr5kMQ7I6VlmvCZlMPzCA0Zu5Ym3lTaHSY8Jq,https://i.ebayimg.com/images/g/VfoAAeSwdnNpby1E/s-l225.jpg
gundam,model_kit,eBay,marketplace,us,Bandai RG 1/144 Hyper Mega Bazooka Launcher for Hi-Nu Gundam P-Bandai Sealed,50.0,,False,USD,New,https://www.ebay.com/itm/278442745726?_skw=gundam&hash=item40d47b1f7e:g:cEMAAeSw7bpqxnhp&amdata=enc%3AAQALAAAA4ACCtXRWQnOEpyOqnQQ8KGYUXzvjt7cXoC7hWaZH%2BYGnf9ULbsJbJrDcrNWZRElhUOg9QEXdHWgTPxO257HNwl9ld%2B5lCOuS7ya8paV8BkkdV5%2FPqGuEmWRCVNcINOdUK3zcQUAc2Mu83n9LW1NuH00XJ8WSJ7onKcsPMxl5g6FrCZwXdwbBqE2hFhypyLNobyPjFh8yc2QMI6gFJvb24qwlAE%2FjtKRXwoCjUMZ3n76P88N3cVinhtfRs%2BrMUF95ZFTfJ98PtyLQP7N5likqAwHiI9FBMR%2FH86Ah4UnIdHfb,https://i.ebayimg.com/images/g/cEMAAeSw7bpqxnhp/s-l225.jpg
gundam,other,eBay,marketplace,us,"RX-78-2 Gundam,RX-0 Unicorn Gundam,Zaku II (MS-06), Gundam SEED,Astray Red Frame",12.99,0.0,False,USD,New with tags,https://www.ebay.com/itm/137498691992?_skw=gundam&hash=item20038f8998:g:bg4AAeSwrBNqT6cs&amdata=enc%3AAQALAAAA4ACCtXRWQnOEpyOqnQQ8KGaUvaHCMsvaanA65FS925YJ7NmJZ2fuyZpmCKNbUd1RA8NhL7qcSxW%2Bc4vgLBAIHpPL%2B%2F3W8j%2BnZGsrRvGVYHiacY5lCBoBDu%2BQUAN9TbndwFopMyjOAsPCOy2USvE%2B0w1V1YlPtPrkb1qNo42nNjrEuIq7%2BWNP1EdHiStrOwsyAEHQeDQjljuA9opiTJw6sTznU1EthIfGK9%2BlNlTWs6cPZe0shiJyZyS8H%2BaH0YSARSPmK%2B%2B%2BnnpNNX8MWspRCeHgzMszXRSashK3aCXMY7Qg,https://i.ebayimg.com/images/g/bg4AAeSwrBNqT6cs/s-l225.jpg
gundam,other,eBay,marketplace,international,Bandai MG 1/100 Gundam Barbatos & Astray Red Frame Kai Polarized Injection Set,291.6,29.99,False,USD,New,https://www.ebay.com/itm/377356075166?_skw=gundam&hash=item57dc2cc09e:g:db0AAeSwgZNp0MYt&amdata=enc%3AAQALAAAA4ACCtXRWQnOEpyOqnQQ8KGaqYIy1a0Og%2B0gzQn%2BVMwIRPhr0Kfh0T3%2FIW8a288Uop%2Bd3RYUGs6S8R7dLiHCERpLhhbJJAY80i79ogy7oyPRm%2Fg1kZrFftt6s6ERX2azki28dZyRchQXdVohvzuU8T1eyMm7LJmU59FIF76EPKABBkGgIc3e1Plr6lJwUutVJYBkyJadMCUuJEL1rssadHHVF1JGtGydv7Q73y5rZ%2BOuxs097TSOsIDWguZyotau%2BwpyLfpet3AY%2FIbkVNKiYrMTaEgN30FJgMN%2FmC7sno7Ox,https://i.ebayimg.com/images/g/db0AAeSwgZNp0MYt/s-l225.jpg
gundam,cards,eBay,marketplace,us,Unicorn Gundam (Awakened) GD04-066 LR - Gundam TCG: Phantom Aria - NM,3.9,,False,USD,Ungraded,https://www.ebay.com/itm/277990430024?_skw=gundam&hash=item40b9855548:g:VmAAAeSw6oxp~MuB,https://i.ebayimg.com/images/g/VmAAAeSw6oxp~MuB/s-l225.jpg
gundam,model_kit,eBay,marketplace,us,"#02 Graze Standard/Commander Type Gundam IBO, Bandai Hobby HG IBO",15.0,0.0,False,USD,New,https://www.ebay.com/itm/177706640948?_skw=gundam&hash=item2960242634:g:VSwAAeSwFONqO~Fr,https://i.ebayimg.com/images/g/VSwAAeSwFONqO~Fr/s-l225.jpg
gundam,cards,eBay,marketplace,us,Gundam Card Game Japanese Steel Requiem (GD03) Booster Box,67.69,0.0,False,USD,New/Factory Sealed,https://www.ebay.com/itm/137169100532?_skw=gundam&hash=item1fefea5ef4:g:8KsAAeSwzMVpxCpP,https://i.ebayimg.com/images/g/8KsAAeSwzMVpxCpP/s-l225.jpg
gundam,model_kit,eBay,marketplace,us,Gundam 1/144 Entry Grade RX-78-2 Gundam (Full Weapon Set) Model Kit In Stock EG,24.99,0.0,False,USD,New,https://www.ebay.com/itm/234321971690?_skw=gundam&hash=item368ead89ea:g:b-cAAOSweAxhrrWs,https://i.ebayimg.com/images/g/b-cAAOSweAxhrrWs/s-l225.jpg
gundam,model_kit,eBay,marketplace,us,Bandai Hobby Crossbone Gundam  X-1 Ver. Ka MG 1/100 Model Kit USA Seller,57.95,0.0,False,USD,New,https://www.ebay.com/itm/137684814420?_skw=gundam&hash=item200ea78a54:g:WlMAAeSwRdtqxQ6P,https://i.ebayimg.com/images/g/WlMAAeSwRdtqxQ6P/s-l225.jpg
gundam,model_kit,eBay,marketplace,us,HG Gundam Thunderbolt - FA-78 Full Armor Gundam Gundam Thunderbolt Ver.,40.99,0.0,False,USD,New,https://www.ebay.com/itm/336786838555?_skw=gundam&hash=item4e6a0f541b:g:o4gAAeSwNnlpWeYl,https://i.ebayimg.com/images/g/o4gAAeSwNnlpWeYl/s-l225.jpg
gundam,model_kit,eBay,marketplace,us,"#163 Gundam Double X, Bandai Hobby HGUC",24.0,0.0,False,USD,New,https://www.ebay.com/itm/187571438534?_skw=gundam&hash=item2bac2103c6:g:EscAAeSwwNtqO~Gf,https://i.ebayimg.com/images/g/EscAAeSwwNtqO~Gf/s-l225.jpg
gundam,model_kit,eBay,marketplace,us,Bandai HGUC Gundam Rozen Zulu Ep. 7 Ver. HG 1/144 Scale Model Kit,37.95,0.0,False,USD,New,https://www.ebay.com/itm/137687571709?_skw=gundam&hash=item200ed19cfd:g:34oAAeSwEK9qxkn3,https://i.ebayimg.com/images/g/34oAAeSwEK9qxkn3/s-l225.jpg
gundam,other,eBay,marketplace,us,"Bandai QMSV Mini ""Gold Team"" Gundam Blind Box",19.99,6.5,False,USD,New,https://www.ebay.com/itm/137715242099?_skw=gundam&hash=item201077d473:g:nfIAAeSw-jZp19CY&amdata=enc%3AAQALAAAA4ACCtXRWQnOEpyOqnQQ8KGZ72lUxKq1DEFpONexco2gtUuopA9PI9iVryUS%2B5Dp0T5HYmb9ZvLTx7e4I8Uw%2FApdJuHTjwEkQJ%2Fn5keJWzS9%2Fle5%2BgaGljYrV0Gf%2FB1Q9axNOIEQh5hnLcjujSf0W02NwATyRlJ0SXNeZzkOdF2EbQbkM2Sampzj2%2BXhUKx5pFrxSjGhrJMqY%2FV5J8KVxNEXQsT0vSSAwFKBvkD%2BnGpRkxR9r7WSqN8c3o4WPyOgJYPzjEBtteN779ENGr9FZW8hZC%2FjMZ09ux4LP85%2BvwgGO,https://i.ebayimg.com/images/g/nfIAAeSw-jZp19CY/s-l225.jpg
gundam,model_kit,eBay,marketplace,us,Bandai Gundam Barbatos Gundam Iron-Blooded Orphans MG 1:100 Scale Model Kit,58.19,0.0,False,USD,New,https://www.ebay.com/itm/820162748376?_skw=gundam&hash=itembef5825fd8:g:c0cAAeSwth5qs-65&amdata=enc%3AAQALAAAA4ACCtXRWQnOEpyOqnQQ8KGZ94WYNt37i2N5nuGQ6ivYqHdOuUSubfKurrdXHODDBpbru%2BmszY4rpXR6Cm7CVd7nXTODtNybhjU6wK200mVPWaB6W7S%2BdiV%2FNB48vqbm5Dtd1aS%2BYVVF7dm4hyEimRF2IBNvAbvXn4Cnc7kTPDm%2FAJOXr9VrpL5e6wTIxQYhybphzYz1YLGfwOnIycx4TdstR59tZ3385bPop8vrMyIacBrg%2FtKDj%2FZJCyFR7p2GsE2j%2BE%2FM%2B43tx3hz9k9cV3R5QGqI1VdSabFKJRfoUKuZo,https://i.ebayimg.com/images/g/c0cAAeSwth5qs-65/s-l225.jpg
gundam,cards,eBay,marketplace,us,Gundam Card Game Starter Deck ST11 - ST14 Set English Ver In Hand Now!,100.0,0.0,False,USD,New/Factory Sealed,https://www.ebay.com/itm/198662422996?_skw=gundam&hash=item2e413401d4:g:ovsAAeSwS1lqtCTa,https://i.ebayimg.com/images/g/ovsAAeSwS1lqtCTa/s-l225.jpg
gundam,other,eBay,marketplace,us,HG 1/144 Hyaku Shiki Gundam Champagne Gold Painted Mobile Suit Model Figure,20.9,0.0,False,USD,New,https://www.ebay.com/itm/206512889529?_skw=gundam&hash=item3015209eb9:g:vuQAAeSw~gJqjGMb,https://i.ebayimg.com/images/g/vuQAAeSw~gJqjGMb/s-l225.jpg
gundam,model_kit,eBay,marketplace,us,"#36 The-O Z Gundam, Bandai Hobby HGUC",33.0,0.0,False,USD,New,https://www.ebay.com/itm/178251688938?_skw=gundam&hash=item2980a0ebea:g:kj8AAeSw0-1qO~G2,https://i.ebayimg.com/images/g/kj8AAeSw0-1qO~G2/s-l225.jpg
gundam,model_kit,eBay,marketplace,international,Bandai MGSD Kshatriya Mobile Suit Gundam UC Unicorn Plastic Model Japan New,190.0,40.0,False,USD,New,https://www.ebay.com/itm/820166688199?_skw=gundam&hash=itembef5be7dc7:g:HeoAAeSwLQtqtTZQ,https://i.ebayimg.com/images/g/HeoAAeSwLQtqtTZQ/s-l225.jpg
gundam,cards,eBay,marketplace,us,2026 GUNDAM CARD GAME PHANTOM ARIA GD04-050 DESTINY GUNDAM LR+ PSA 10 GEM,349.99,6.49,False,USD,Graded,https://www.ebay.com/itm/287633535586?_skw=gundam&hash=item42f84b7262:g:0ewAAeSwOTVqxnVu,https://i.ebayimg.com/images/g/0ewAAeSwOTVqxnVu/s-l225.jpg
gundam,model_kit,eBay,marketplace,us,Bandai Gundam Stardust Memory MS-06F-2 Zaku II F2 Zeon HG 1/144 Model Kit USA,22.0,,False,USD,New,https://www.ebay.com/itm/307212886903?_skw=gundam&hash=item478750a377:g:b2wAAeSwWLdqwdSA,https://i.ebayimg.com/images/g/b2wAAeSwWLdqwdSA/s-l225.jpg
gundam,model_kit,eBay,marketplace,us,Bandai SD Gundam Model Kit EX-Standard XVX-016 Gundam Aerial # 5063031 NIB,14.0,,False,USD,New,https://www.ebay.com/itm/227557190187?_skw=gundam&hash=item34fb772a2b:g:MaAAAeSw8tlqxpdN,https://i.ebayimg.com/images/g/MaAAAeSw8tlqxpdN/s-l225.jpg
gundam,cards,eBay,marketplace,us,Gundam [SC01 - ST01-001] LR LP,3.99,0.0,False,USD,Ungraded,https://www.ebay.com/itm/267807174164?_skw=gundam&hash=item3e5a8d2e14:g:usUAAeSwbd5qxpNq,https://i.ebayimg.com/images/g/usUAAeSwbd5qxpNq/s-l225.jpg
gundam,model_kit,eBay,marketplace,us,NEW Bandai MG 1/100 Gundam Aegis Model Kit,35.99,,False,USD,New,https://www.ebay.com/itm/257437685625?_skw=gundam&hash=item3bf07b5779:g:X3wAAeSwtLtpzV8q,https://i.ebayimg.com/images/g/X3wAAeSwtLtpzV8q/s-l225.jpg
gundam,model_kit,eBay,marketplace,international,Bandai HGFC(119) 1/144 HG Nobell Gundam Mobile Suit Fighter Gunpla Model Kit,19.5,13.0,False,USD,New,https://www.ebay.com/itm/820170034901?_skw=gundam&hash=itembef5f18ed5:g:V5cAAeSwWhxqtjNm,https://i.ebayimg.com/images/g/V5cAAeSwWhxqtjNm/s-l225.jpg
gundam,model_kit,eBay,marketplace,us,Bandai Gundam HGUC #234 MS-06S Char Zaku II 40th Anniversary Model Kit Open Box,27.99,,True,USD,New,https://www.ebay.com/itm/820214209753?_skw=gundam&hash=itembef8939cd9:g:J3gAAeSwwS5qgxkl,https://i.ebayimg.com/images/g/J3gAAeSwwS5qgxkl/s-l225.jpg
gundam,model_kit,eBay,marketplace,international,Bandai EXCEED MODEL TRINITY RX-78-2 Gundam Complete Set Capsule Toys Gacha New,99.0,0.0,False,USD,New,https://www.ebay.com/itm/820200665935?_skw=gundam&hash=itembef7c4f34f:g:0gEAAeSw7sxqwGuw&amdata=enc%3AAQALAAAA4ACCtXRWQnOEpyOqnQQ8KGYncXLtIRVirkGcwbbkvQX%2FzhVYi1q%2Fk%2F98wx%2FU5I0gesVMYNwtvL91TmLIXlr6%2BmmspO13JnVNtyfrAd3iuOVF6ofoILONvaeR4Jh1%2BEG5uYDU6fklfDHIz8%2BB%2BoZQnNRLDgSpoRtHLdGpVnh5xfR%2F5%2Fyp9XJmjthSrHBePT8QRgkU0x7lTx1UlaAZBL5307wBr3RQKNkfuViyF%2FwYzN7rh%2BljZGl%2Flm5Ru7NSYS7T72cfx0ZSVa1fSp7m6S46GuylQ%2FXuQlstjMsJOiURUV7n,https://i.ebayimg.com/images/g/0gEAAeSw7sxqwGuw/s-l225.jpg
gundam,model_kit,eBay,marketplace,international, 1/144 HG Freedom Gundam Pink Color Ver Plastic Model Kit Anime Desk Gift,19.99,0.0,False,USD,New,https://www.ebay.com/itm/206321482308?_skw=gundam&hash=item3009b7fa44:g:zAgAAeSwzyhqIUpA&amdata=enc%3AAQALAAAA4ACCtXRWQnOEpyOqnQQ8KGZa9JqfTegscA%2BPk4WgHIXZj%2FbijCdsZ8JgtVkaNJiW11XLLaHH0btv4YJqvpOVCFYQEr1hDA7h2AJCqJjj4GDZkEOkjp%2Bb%2F26wwen%2FQOdt6%2BMcBjQifL2MFB%2B00%2FWykKQDurTSJBW2LThJVtcotCSXnHYvHfAeweTyn44o1brDskaGQb8CAtTQkeNylgD6np8kpKiMSPrq2FyisnALSxmtPVCPU3cYtL3XgYRC1zQQyjPSgacvFfVxTlvo6Q03XMDoD9kg0P8bvFXTr%2BHI7FNz,https://i.ebayimg.com/images/g/zAgAAeSwzyhqIUpA/s-l225.jpg
gundam,model_kit,eBay,marketplace,international,Bandai EXCEED MODEL TRINITY RX-78-2 Gundam Complete Set Capsule Toys Gacha Japan,92.0,10.0,False,USD,New,https://www.ebay.com/itm/920002672987?_skw=gundam&hash=itemd6346eb95b:g:0gEAAeSw7sxqwGuw&amdata=enc%3AAQALAAAA4ACCtXRWQnOEpyOqnQQ8KGa5%2By8%2BE1XPtk9pRQxG4Eyr4NjYkJnNES%2B%2BYE5t%2BUmgmvTc9377eJGGwE3tjOJscsw%2BZFK0VItUJD1%2BSw1ewHLEhYFJeHAaR13EZSnWu7TLKv0%2BQQPtnu3xIXH%2FoD4IR2X3QHAZf70n4BtZNtV0RchbwKl6zqhGmnzU4u6thuQECP4N8FzmE6RpM8Aisx9qqFfd9ak6GVVu8M5udnf1I%2BcWqqTlZQQYrEkCgaQDciwuQUHz%2F2nB1j5QTi1JGgHlljO8qItdDXgUU4jNtp1i65vb,https://i.ebayimg.com/images/g/0gEAAeSw7sxqwGuw/s-l225.jpg
gundam,model_kit,eBay,marketplace,us,Nu Gundam - Mini Kit #29 from Gundam Artifact Set 6 Gunpla,18.99,0.0,False,USD,Used,https://www.ebay.com/itm/117442168335?_skw=gundam&hash=item1b5819460f:g:i0AAAeSwButqvtaa,https://i.ebayimg.com/images/g/i0AAAeSwButqvtaa/s-l225.jpg
gundam,model_kit,eBay,marketplace,us,"#35 Crossbone Gundam X-1 Full Cloth (Ver. GBF) Gundam Build Fighters Try, Banda",30.0,0.0,False,USD,New,https://www.ebay.com/itm/178251688926?_skw=gundam&hash=item2980a0ebde:g:J20AAeSwX5NqO~Gl,https://i.ebayimg.com/images/g/J20AAeSwX5NqO~Gl/s-l225.jpg
gundam,model_kit,eBay,marketplace,us,HG TWFM 25 Gundam Schwarzette 1/144 Model Kit - Bandai - US,32.95,0.0,False,USD,New,https://www.ebay.com/itm/178520733489?_skw=gundam&hash=item2990aa3731:g:JWcAAeSwevpqs1Wc,https://i.ebayimg.com/images/g/JWcAAeSwevpqs1Wc/s-l225.jpg
gundam,cards,eBay,marketplace,us,Gundam Card Game Singles - Freedom Ascension GD05 - Up to 50% Off C/UNC/R,1.75,0.0,False,USD,Ungraded,https://www.ebay.com/itm/127992468209?_skw=gundam&hash=item1dccf212f1:g:q8gAAeSwKVFqTqlf,https://i.ebayimg.com/images/g/q8gAAeSwKVFqTqlf/s-l225.jpg
gundam,model_kit,eBay,marketplace,us,Bandai Hobby SEED Destiny Force Impulse Gundam RG 1/144 Real Grade Model Kit USA,41.95,0.0,False,USD,New,https://www.ebay.com/itm/137298431564?_skw=gundam&hash=item1ff79fce4c:g:FRYAAeSwCbFqwE5k,https://i.ebayimg.com/images/g/FRYAAeSwCbFqwE5k/s-l225.jpg
gundam,model_kit,eBay,marketplace,us,Gundam Wing Robot Assembly Model Kit 1/144 Action Figure Desktop Toy Gift,16.76,0.0,False,USD,New,https://www.ebay.com/itm/406936436267?_skw=gundam&hash=item5ebf4d3e2b:g:SwEAAeSwmT1qDCuP&amdata=enc%3AAQALAAAA4ACCtXRWQnOEpyOqnQQ8KGYt5TjG8fZea4l4liPnbiylA402s8YpZdb%2F6wlWdLleX3P68e8y04CLjY0pxYkrkFlkaVKmDB3VBUcNlqOGsOSxl%2F%2BQK2tCeSAWU2GYR0Q4D16lJRt0x3828kySb2nDrFFQH2WBmCVK713Y0L7YkrnGlNIO2qh7diDOdLquCbY9fuvChCAtrEVvG6Bki4nf0V39gn%2BMwbB3fw3aOJr15WrF5S2vwzOi51MbIlAHQvJceDmkfcV52vIFFKUHcl8VYuK4r5Hq8SXvN9hP9kzKJElT,https://i.ebayimg.com/images/g/SwEAAeSwmT1qDCuP/s-l225.jpg
gundam,cards,eBay,marketplace,us,Acrylic Display Case for Gundam Beta Box,19.99,0.0,False,USD,New,https://www.ebay.com/itm/357642102477?_skw=gundam&hash=item53452166cd:g:Ly8AAeSwG2pozbVT&amdata=enc%3AAQALAAAA4ACCtXRWQnOEpyOqnQQ8KGb6oCeBkCMakIBPONb2YaVmAJpiA4rI9LZRQLjwGKgcMSMS5n4VBEskQXp0Y0BJSxR6SLB0YPVmkDiwbLl%2BbLUQB3WYzoNN9TYP76O7hi23AVbyE9FqdM7tRaK3gBcTLuB%2FwDXil51ruQE34LDI8sa2QgXdjcXJI9eDKaHo%2FwZ9ZuRpDct7%2B8K50hQ3RIfdOJ03eMbVazYyMw4M2vm9849DMY6SPqAGdLBqvy0hTfeTIizgpDRtNJW2Q185EYbrfSCk%2FgRpZkYO5slnv4xKb%2B4i,https://i.ebayimg.com/images/g/Ly8AAeSwG2pozbVT/s-l225.jpg
gundam,model_kit,eBay,marketplace,international,Share Bandai EXCEED MODEL TRINITY RX-78-2 Gundam Complete Set PREMIUAM Gashapon,97.98,0.0,False,USD,New,https://www.ebay.com/itm/227546000674?_skw=gundam&hash=item34facc6d22:g:-14AAeSwgDVqvQmi,https://i.ebayimg.com/images/g/-14AAeSwgDVqvQmi/s-l225.jpg
gundam,model_kit,eBay,marketplace,us,Bandai Spirits Gundam Universe GN-0000+GNR-010 00 RAISER,40.0,0.0,False,USD,New,https://www.ebay.com/itm/327092068907?_skw=gundam&hash=item4c2834e22b:g:FgYAAeSweJZp1mf-,https://i.ebayimg.com/images/g/FgYAAeSweJZp1mf-/s-l225.jpg
gundam,model_kit,eBay,marketplace,international,Mobile Suit Gundam: EXCEED MODEL ZAKU HEAD REBOOT 1 | Bandai Gashapon,11.99,7.99,False,USD,New,https://www.ebay.com/itm/178145364790?_skw=gundam&hash=item297a4a8b36:g:tDIAAeSwwatqCxZq,https://i.ebayimg.com/images/g/tDIAAeSwwatqCxZq/s-l225.jpg
gundam,model_kit,eBay,marketplace,us,Gundam 1/144 HGBF #049 GNT-0000SHIA Gundam 00 Shia Qan[T] (Quanta) Model Kit,30.99,0.0,False,USD,New,https://www.ebay.com/itm/235808764118?_skw=gundam&hash=item36e74c30d6:g:rAEAAOSwIZ1nIYRF,https://i.ebayimg.com/images/g/rAEAAOSwIZ1nIYRF/s-l225.jpg
gundam,model_kit,eBay,marketplace,us,Bandai Hobby G Gundam God Gundam MG 1/100 Model Kit USA Seller,39.12,0.0,False,USD,New,https://www.ebay.com/itm/147525430645?_skw=gundam&hash=item2259336d75:g:cCIAAeSwSihqxinN,https://i.ebayimg.com/images/g/cCIAAeSwSihqxinN/s-l225.jpg
gundam,model_kit,eBay,marketplace,us,Bandai Hobby Gundam SEED Destiny MGSD Destiny Gundam Model Kit USA Seller,45.99,5.82,False,USD,New,https://www.ebay.com/itm/227499794839?_skw=gundam&hash=item34f80b6197:g:tQIAAeSwA-tqlfY6,https://i.ebayimg.com/images/g/tQIAAeSwA-tqlfY6/s-l225.jpg
gundam,model_kit,eBay,marketplace,us,PREMIUM BANDAI RG 1/144 Wing Gundam Zero EW -APEX LEGENDS Valkyrie Ver US Seller,85.0,,True,USD,New,https://www.ebay.com/itm/278397685733?_skw=gundam&hash=item40d1cb8fe5:g:Om8AAeSw~RFqshlD,https://i.ebayimg.com/images/g/Om8AAeSw~RFqshlD/s-l225.jpg
gundam,model_kit,eBay,marketplace,international,Bandai EXCEED MODEL TRINITY RX-78-2 Gundam Complete Set Capsule Toys Gashapo,90.0,0.0,False,USD,New,https://www.ebay.com/itm/336817955175?_skw=gundam&hash=item4e6bea2167:g:6SAAAeSw6XBquxm1,https://i.ebayimg.com/images/g/6SAAAeSw6XBquxm1/s-l225.jpg
gundam,model_kit,eBay,marketplace,international,HG 1/144 ASW-G-08 Barbatos Sirius Gundam Assembly Model Kit Action Figure,18.49,0.0,False,USD,New,https://www.ebay.com/itm/206172981831?_skw=gundam&hash=item3000de0a47:g:EAQAAeSwfc9px5Oh&amdata=enc%3AAQALAAAA4ACCtXRWQnOEpyOqnQQ8KGakZXt7JWJcDnwNCWkBayZxThWek%2BGHCQkgfhKPEXeeFYcACSPMpJj4M7zlz8vjoGVr5MZzWjFeKeOdiofDyluJHHwGVruOhiO47sWDxef%2FKS9C6fsh2B6BbY9RR99Vgj4x6ztQkNekZfjaLRH4zV2g6tW%2Ffvnx5OodmxPgghcIHVeGR46yk4ysFrBAMibA9DAK8BjbwMW2irimSn0WO6CpcQfYmiSlaUkpGoT0%2FPp%2Bux0iGPlUBfvTPGOWUbJbMD2mw9HPuhjn24eB%2BRsWWHyz,https://i.ebayimg.com/images/g/EAQAAeSwfc9px5Oh/s-l225.jpg
gundam,model_kit,Plaza Japan,retailer,,1 JPY SUPER SALE Gundam Poteko Black Pepper Flavor SINGLE (AUGUST 3rd EXPIRY DATE),0.01,,,USD,New,https://www.plazajapan.com/45496608857881,https://cdn11.bigcommerce.com/s-89ffd/products/216038/images/1006418/bandai-candy-1-jpy-super-sale-gundam-poteko-black-pepper-flavor-single-august-3rd-expiry-date__13015.1787034880.350.350.jpg?c=2
gundam,model_kit,Plaza Japan,retailer,,Bandai HG 1/144 Gundam Calibarn Plastic Model (Gundam: The Witch from Mercury),14.8,,,USD,New,https://www.plazajapan.com/4573102653222,https://cdn11.bigcommerce.com/s-89ffd/products/128634/images/476237/4573102653222_26fd14afde2861f0d16a152a769b9971__27957.1689662682.350.350.jpg?c=2
gundam,model_kit,Plaza Japan,retailer,,Bandai Perfect Grade 1/60 Unleashed RX-78-2 Gundam Plastic Model,283.9,,,USD,New,https://www.plazajapan.com/4573102607652,https://cdn11.bigcommerce.com/s-89ffd/products/84279/images/283926/607652-1__68657.1608194703.350.350.jpg?c=2
gundam,model_kit,Plaza Japan,retailer,,Gundam Artifact Pro High Mobility Zaku II (Black Tri-stars Specification),37.27,,,USD,New,https://www.plazajapan.com/4570117932403,https://cdn11.bigcommerce.com/s-89ffd/products/206898/images/948157/4570117932403_6e62cb7cbee83fb84ee281a7fa701f21__36725.1779340731.350.350.png?c=2
gundam,model_kit,Plaza Japan,retailer,,Bandai RG-32 v (Nu) Gundam 1/144 Scale Kit,49.16,,,USD,New,https://www.plazajapan.com/4573102578426,https://cdn11.bigcommerce.com/s-89ffd/products/55735/images/204101/4573102578426_62501de6484498488dd9ef48945339a7__05924.1565247756.350.350.jpg?c=2
gundam,model_kit,Plaza Japan,retailer,,Bandai Candy Gundam Gunpla Package Art Gummy Vol.3 BOX (20pcs),24.25,,,USD,New,https://www.plazajapan.com/4570117927089,https://cdn11.bigcommerce.com/s-89ffd/products/185217/images/821414/4570117927089_f49412a80f31db17289d21ae205eb94d__50044.1758782377.350.350.png?c=2
gundam,model_kit,Plaza Japan,retailer,,Bandai Iron-Blooded Orphans 035 Gundam KIMARIS VIDAR 1/144 Scale Kit,12.11,,,USD,New,https://www.plazajapan.com/4573102554529,https://cdn11.bigcommerce.com/s-89ffd/products/20282/images/77564/Orphans_035_a__50358.1488528542.350.350.jpg?c=2
gundam,model_kit,Plaza Japan,retailer,,Bandai HG 1/144 Gundam Schwarzette Plastic Model (Gundam: The Witch from Mercury),12.64,,,USD,New,https://www.plazajapan.com/4573102650245,https://cdn11.bigcommerce.com/s-89ffd/products/124463/images/438074/4573102650245_d94b340ec326c06c9bd2b429ba2d998e__74220.1672124063.350.350.jpg?c=2
gundam,model_kit,Plaza Japan,retailer,,Bandai Iron-Blooded Orphans 041 Gundam Hajiroboshi 1/144 scale kit,32.72,,,USD,New,https://www.plazajapan.com/4573102604248,https://cdn11.bigcommerce.com/s-89ffd/products/77350/images/267407/604248-1__55028.1598344764.350.350.jpg?c=2
gundam,model_kit,Plaza Japan,retailer,,Bandai RG-17 Gundam Wing Gundam Zero EW 1/144 Scale Kit,56.46,,,USD,New,https://www.plazajapan.com/4573102616029,https://cdn11.bigcommerce.com/s-89ffd/products/8268/images/31996/174_a__43915.1419475304.350.350.jpg?c=2
gundam,model_kit,Plaza Japan,retailer,,Bandai Gunpla Gundam Action Base 2 Gray,2.61,,,USD,New,https://www.plazajapan.com/4573102595782,https://cdn11.bigcommerce.com/s-89ffd/products/40659/images/141318/4543112505408-1__39153.1527223749.350.350.jpg?c=2
gundam,model_kit,Plaza Japan,retailer,,Bandai Candy Mobility Joint Gundam VOL.2 10Pcs Box (Candy Toy),81.38,,,USD,New,https://www.plazajapan.com/4549660738060,https://cdn11.bigcommerce.com/s-89ffd/products/110053/images/375194/4549660738060_4320510294e995b06ad00465453c2cdd__64392.1650504579.350.350.png?c=2
gundam,model_kit,Plaza Japan,retailer,,Bandai HG 1/144 Mighty Strike Freedom Gundam Plastic Model (Gundam SEED Freedom),19.56,,,USD,New,https://www.plazajapan.com/4573102663849,https://cdn11.bigcommerce.com/s-89ffd/products/168030/images/680400/bandai-hg-1144-mighty-strike-freedom-gundam-plastic-model-gundam-seed-freedom__31420.1737739417.350.350.jpg?c=2
gundam,model_kit,Plaza Japan,retailer,,Bandai HGUC 007 Gundam RX-75 GUNTANK 1/144 Scale Kit,18.49,,,USD,New,https://www.plazajapan.com/4573102568304,https://cdn11.bigcommerce.com/s-89ffd/products/297/images/507/0434_1__15399.1297950224.350.350.jpg?c=2
gundam,model_kit,Plaza Japan,retailer,,Bandai MG 582225 Gundam Barbatos 1/100 Scale Kit,59.18,,,USD,New,https://www.plazajapan.com/4573102582225,https://cdn11.bigcommerce.com/s-89ffd/products/60925/images/484810/4573102582225_0dd82deb6a65f5437e782d4c0ef26bdc__74931__09209.1693967828.350.350.jpg?c=2
gundam,model_kit,Plaza Japan,retailer,,Bandai Spirits Figure-Rise Standard Amate Yuzuriha (Mobile Suit Gundam GQuuuuuuX),17.18,,,USD,New,https://www.plazajapan.com/4573102685674,https://cdn11.bigcommerce.com/s-89ffd/products/173392/images/740004/bandai-spirits-figure-rise-standard-amate-yuzuriha-mobile-suit-gundam-gquuuuuux__23607.1776663477.350.350.jpg?c=2
gundam,model_kit,Plaza Japan,retailer,,Bandai MG Gundam Unicorn Gundam 1/100 Scale Kit,51.45,,,USD,New,https://www.plazajapan.com/4573102616081,https://cdn11.bigcommerce.com/s-89ffd/products/5566/images/17262/620538_a__79742.1355733190.350.350.jpg?c=2
gundam,model_kit,Plaza Japan,retailer,,Bandai MG Gundam Neo Zeon MSN-04 Sazabi Version Ka 1/100 Scale Kit,106.61,,,USD,New,https://www.plazajapan.com/4573102554574,https://cdn11.bigcommerce.com/s-89ffd/products/7137/images/184299/4543112851352-1__40472.1554369066.350.350.jpg?c=2
gundam,model_kit,Plaza Japan,retailer,,Bandai SD Gundam Ex-Standard Hello Kitty/ RX-78-2 Gundam Non Scale Kit,35.35,,,USD,New,https://www.plazajapan.com/4573102589248,https://cdn11.bigcommerce.com/s-89ffd/products/66142/images/257799/4573102589248_fdf8577520bc9c09dd2fc37cae2bf6ce__62425.1591773558.350.350.jpg?c=2
gundam,model_kit,Plaza Japan,retailer,,Bandai HG 1/144 Michaelis Plastic Model (Gundam: The Witch from Mercury),10.18,,,USD,New,https://www.plazajapan.com/4573102642523,https://cdn11.bigcommerce.com/s-89ffd/products/118735/images/440673/4573102642523_c9ee270c5dedca419c41e9e810a77ee3__21729.1673580929.350.350.jpg?c=2
gundam,model_kit,Plaza Japan,retailer,,Bandai HG 1/144 GQuuuuuuX Plastic Model (Mobile Suit Gundam GQuuuuuuX),9.42,,,USD,New,https://www.plazajapan.com/4573102683175,https://cdn11.bigcommerce.com/s-89ffd/products/180794/images/791933/bandai-hg-1144-gquuuuuux-plastic-model-mobile-suit-gundam-gquuuuuux__67850.1752808687.350.350.jpg?c=2
gundam,cards,Plaza Japan,retailer,,Bandai Gundam Card Game -Newtype Rising- [GD01] Booster Pack BOX (24 Packs),56.31,,,USD,New,https://www.plazajapan.com/4582769825279,https://cdn11.bigcommerce.com/s-89ffd/products/181501/images/802676/bandai-gundam-card-game-newtype-rising-gd01-booster-pack-box-24-packs__93373.1755490429.350.350.jpg?c=2
gundam,model_kit,Plaza Japan,retailer,,Bandai MG Gundam EXIA 1/100 Scale Kit,48.0,,,USD,New,https://www.plazajapan.com/4573102615862,https://cdn11.bigcommerce.com/s-89ffd/products/5558/images/19689/MG_594525_a__79064.1364293826.350.350.jpg?c=2
gundam,model_kit,Plaza Japan,retailer,,Bandai MG Gundam 00 Kyrios 1/100 scale kit,74.8,,,USD,New,https://www.plazajapan.com/4573102595478,https://cdn11.bigcommerce.com/s-89ffd/products/69982/images/257499/4573102595478_378716ed78e27f33187475276a369b9d__61482.1591340169.350.350.jpg?c=2
gundam,model_kit,Plaza Japan,retailer,,Bandai HGUC 025 Gundam RX-78GP03S GP03S 1/144  Scale Kit,36.0,,,USD,New,https://www.plazajapan.com/4573102609670,https://cdn11.bigcommerce.com/s-89ffd/products/506/images/892/0460_1__78966.1298119000.350.350.jpg?c=2
gundam,model_kit,Plaza Japan,retailer,,Bandai HGUC 059 GUNDAM MS-09 DOM MS-09R RICK DOM 1/144 scale kit,30.41,,,USD,New,https://www.plazajapan.com/4573102558770,https://cdn11.bigcommerce.com/s-89ffd/products/539/images/184082/4543112410375-1__86272.1554286545.350.350.jpg?c=2
gundam,other,Plaza Japan,retailer,,Beverly Jigsaw Puzzle Gundam The Origin I (300 Pieces),20.33,,,USD,New,https://www.plazajapan.com/4977524830658,https://cdn11.bigcommerce.com/s-89ffd/products/186812/images/828437/4977524830658-1__27538.1759808726.350.350.png?c=2
gundam,model_kit,Plaza Japan,retailer,,Bandai Premium Card Collection GUNDAM ASSEMBLE Set -Mobile Suit Gundam IRON-BLOODED ORPHANS- [PC01A],32.06,,,USD,New,https://www.plazajapan.com/4582769922893,https://cdn11.bigcommerce.com/s-89ffd/products/198258/images/899154/4582769922893_959f6b023c27d040c35354d3d147cc7d__80724.1772096275.350.350.jpg?c=2
gundam,model_kit,Plaza Japan,retailer,,Bandai RG 1/144 Hi-Nu Gundam Plastic Model,59.18,,,USD,New,https://www.plazajapan.com/4573102619150,https://cdn11.bigcommerce.com/s-89ffd/products/90312/images/460349/4573102619150_7d0c9f6dceb28ec0759e38324c08700e__10370.1681368950.350.350.jpg?c=2
gundam,model_kit,Plaza Japan,retailer,,Bandai Full Mechanics 1/100 Gundam Aerial Plastic Model,36.99,,,USD,New,https://www.plazajapan.com/4573102650900,https://cdn11.bigcommerce.com/s-89ffd/products/119102/images/464570/4573102650900_f38c142a6729d617cc33b5cbcee8b647__25759.1683787472.350.350.jpg?c=2
gundam,model_kit,Plaza Japan,retailer,,Bandai RG 03 AILE STRIKE Gundam GAT-X105 1/144 Scale Kit,28.93,,,USD,New,https://www.plazajapan.com/4573102616135,https://cdn11.bigcommerce.com/s-89ffd/products/2255/images/4595/rg_real_grade_003_a__47431.1305014297.350.350.jpg?c=2
gundam,model_kit,Plaza Japan,retailer,,RG 1/144 RX-0 Unicorn Gundam Plastic Model,43.4,,,USD,New,https://www.plazajapan.com/4573102616203,https://cdn11.bigcommerce.com/s-89ffd/products/24443/images/105635/4549660167419_a__32491.1501836741.350.350.jpg?c=2
gundam,model_kit,Plaza Japan,retailer,,Bandai HGUC 020 Gundam RGM-79 GM MASS PRODUCTIVE  1/144 Scale Kit,17.84,,,USD,New,https://www.plazajapan.com/4573102592484,https://cdn11.bigcommerce.com/s-89ffd/products/501/images/857/0439_1__42572.1298108470.350.350.jpg?c=2
gundam,model_kit,Plaza Japan,retailer,,Gundam Hard Graph Zeon Mobile Scout Set Model Kit,46.28,,,USD,New,https://www.plazajapan.com/4543112459374,https://cdn11.bigcommerce.com/s-89ffd/products/55452/images/184129/4543112459374-1__66294.1554287286.350.350.jpg?c=2
gundam,model_kit,Plaza Japan,retailer,,Gundam Artifact PRO Full Armor Gundam Full Box,41.78,,,USD,New,https://www.plazajapan.com/4570117932397,https://cdn11.bigcommerce.com/s-89ffd/products/206943/images/948422/4570117932397_62a8934a620fec31cc94b1b1341d0fe7__83589.1779408952.350.350.png?c=2
gundam,model_kit,Plaza Japan,retailer,,Bandai Gundam RX-78-3 Gundam + MS-09RS RICK-DOM 1/144 Scale Kit,53.43,,,USD,New,https://www.plazajapan.com/4573102609601,https://cdn11.bigcommerce.com/s-89ffd/products/1415/images/2602/4543112537065_a__91272.1612425726.350.350.jpg?c=2
gundam,model_kit,Plaza Japan,retailer,,Bandai Gundam RX-93 Nu Gundam Metallic Coating Version 1/144  Scale Kit,53.26,,,USD,New,https://www.plazajapan.com/4573102556134,https://cdn11.bigcommerce.com/s-89ffd/products/2028/images/4109/4543112615671_a__73369.1300607993.350.350.jpg?c=2
gundam,model_kit,Plaza Japan,retailer,,Bandai Gundam HG AGE-01 Normal Model 1/144 Scale Kit,18.08,,,USD,New,https://www.plazajapan.com/4573102582706,https://cdn11.bigcommerce.com/s-89ffd/products/2498/images/5374/1__25799.1327659793.350.350.jpg?c=2
gundam,model_kit,Plaza Japan,retailer,,Bandai Gundam HG AGE-04 GENOACE CUSTOM(RGE-B790CW) 1/144 Scale Kit,28.93,,,USD,New,https://www.plazajapan.com/4543112716262,https://cdn11.bigcommerce.com/s-89ffd/products/2501/images/5408/1__75971.1327663056.350.350.jpg?c=2
gundam,model_kit,Plaza Japan,retailer,,Bandai Gundam HG AGE-05 Gundam AGE-1 TITUS 1/144 Scale Kit,18.91,,,USD,New,https://www.plazajapan.com/4543112716231,https://cdn11.bigcommerce.com/s-89ffd/products/2502/images/5412/1__24791.1327663151.350.350.jpg?c=2
gundam,model_kit,Plaza Japan,retailer,,Bandai Gundam HG AGE-06 ZEDAS (XVV-XC) 1/144 Scale Kit,38.47,,,USD,New,https://www.plazajapan.com/4543112716248,https://cdn11.bigcommerce.com/s-89ffd/products/2503/images/5416/1__37998.1327663249.350.350.jpg?c=2
gundam,model_kit,Plaza Japan,retailer,,Bandai Gundam HG AGE-07 SPALLOW (AGE-1S) 1/144 Scale Kit,19.73,,,USD,New,https://www.plazajapan.com/4543112728203,https://cdn11.bigcommerce.com/s-89ffd/products/2504/images/5422/1__82214.1327663337.350.350.jpg?c=2
gundam,model_kit,Plaza Japan,retailer,,Bandai Gundam HG AGE-08 BAQTO (OVV-a) 1/144 Scale Kit,35.18,,,USD,New,https://www.plazajapan.com/4543112728210,https://cdn11.bigcommerce.com/s-89ffd/products/2505/images/5428/1__96829.1327663431.350.350.jpg?c=2
gundam,model_kit,Plaza Japan,retailer,,Bandai Gundam HG AGE-09 G-EXES (WMS-GEX1) 1/144 Scale Kit,32.72,,,USD,New,https://www.plazajapan.com/4573102603661,https://cdn11.bigcommerce.com/s-89ffd/products/2506/images/15145/AGE09_a__35486.1348406979.350.350.jpg?c=2
gundam,model_kit,Plaza Japan,retailer,,Bandai Gundam HG AGE-11 Dorado (ovm-e) 1/144 Scale Kit,36.99,,,USD,New,https://www.plazajapan.com/4543112739353,https://cdn11.bigcommerce.com/s-89ffd/products/2508/images/5444/1__95892.1327663666.350.350.jpg?c=2
gundam,model_kit,Plaza Japan,retailer,,Bandai Gundam HG AGE-13 ADELE (RGE-G1100) 1/144 Scale Kit,32.47,,,USD,New,https://www.plazajapan.com/4573102628251,https://cdn11.bigcommerce.com/s-89ffd/products/3782/images/8556/1__84159.1626252374.350.350.jpg?c=2
gundam,model_kit,Plaza Japan,retailer,,Bandai Gundam HG AGE-18 AGE-2 SHALDOLL CUSTOM (RGE-C350) 1/144 Scale Kit,24.5,,,USD,New,https://www.plazajapan.com/4573102628275,https://cdn11.bigcommerce.com/s-89ffd/products/5167/images/12216/1__41267.1626252283.350.350.jpg?c=2
gundam,model_kit,Plaza Japan,retailer,,Bandai Gundam HG AGE-25 G-EXES Jackedge (BMS-004) 1/144 Scale Kit,32.42,,,USD,New,https://www.plazajapan.com/4573102628299,https://cdn11.bigcommerce.com/s-89ffd/products/5232/images/13444/1__55788.1626251534.350.350.jpg?c=2
gundam,model_kit,Plaza Japan,retailer,,Bandai Gundam HG AGE-21 Gundam Normal AGE-3 1/144 Scale Kit,28.61,,,USD,New,https://www.plazajapan.com/4573102573865,https://cdn11.bigcommerce.com/s-89ffd/products/5254/images/12602/1__01955.1336742119.350.350.jpg?c=2
gundam,model_kit,Plaza Japan,retailer,,Bandai Gundam HG AGE-23 GHIRARGA (xvt-zgc) 1/144 Scale Kit,17.39,,,USD,New,https://www.plazajapan.com/4573102629098,https://cdn11.bigcommerce.com/s-89ffd/products/5371/images/13251/1__25447.1341922032.350.350.jpg?c=2
gundam,model_kit,Plaza Japan,retailer,,Bandai Gundam HG AGE-20 FARSIA (xvb-xd) 1/144 Scale Kit,49.16,,,USD,New,https://www.plazajapan.com/4573102628282,https://cdn11.bigcommerce.com/s-89ffd/products/5393/images/13450/1__81131.1626251584.350.350.jpg?c=2
gundam,model_kit,Plaza Japan,retailer,,Bandai  Gundam MS-06 ZAKU GROUND WAR SET 1/144 Scale Kit,49.16,,,USD,New,https://www.plazajapan.com/4573102628350,https://cdn11.bigcommerce.com/s-89ffd/products/5454/images/19628/577320_a__96428.1626251276.350.350.jpg?c=2
gundam,model_kit,Plaza Japan,retailer,,Bandai Gundam MSN-04 Sazabi Metallic Coating Version 1/144  Scale Kit,55.57,,,USD,New,https://www.plazajapan.com/4573102556127,https://cdn11.bigcommerce.com/s-89ffd/products/5455/images/95333/615688_a__76244.1496789044.350.350.jpg?c=2
gundam,model_kit,Plaza Japan,retailer,,Bandai Gundam HG AGE-27 Gundam AGE-FX 1/144 Scale Kit,16.44,,,USD,New,https://www.plazajapan.com/4573102573889,https://cdn11.bigcommerce.com/s-89ffd/products/5589/images/14535/1__49600.1345793103.350.350.jpg?c=2
gundam,model_kit,Plaza Japan,retailer,,Bandai Gundam HG AGE-29 Gundam Legilis (xvm-fzc) 1/144 Scale Kit,15.62,,,USD,New,https://www.plazajapan.com/4573102603708,https://cdn11.bigcommerce.com/s-89ffd/products/5683/images/15377/1__41421.1349412615.350.350.jpg?c=2
gundam,model_kit,Plaza Japan,retailer,,Bandai Gundam HG AGE-30 Gundam AGE-3 Fortress (AGF-3F) 1/144 Scale Kit,49.16,,,USD,New,https://www.plazajapan.com/4573102628329,https://cdn11.bigcommerce.com/s-89ffd/products/5934/images/16815/1__55797.1626251410.350.350.jpg?c=2
gundam,model_kit,Plaza Japan,retailer,,Bandai Gundam OPERATION V RX-78-2 1/144 Scale Kit,52.59,,,USD,New,https://www.plazajapan.com/4573102604040,https://cdn11.bigcommerce.com/s-89ffd/products/6326/images/80339/1__49352.1365495636.1280.1280__05027.1490229634.350.350.jpg?c=2
gundam,model_kit,Plaza Japan,retailer,,Bandai Gundam HG AGE-33 Shaldoll Rogue (BMS-003) 1/144 Scale Kit,24.66,,,USD,New,https://www.plazajapan.com/4543112813541,https://cdn11.bigcommerce.com/s-89ffd/products/6376/images/20276/1__24145.1626251322.350.350.jpg?c=2
gundam,model_kit,Plaza Japan,retailer,,Bandai Gundam The Origin 002 RTX-65 GUNTANK Early Type 1/144 Scale Kit,40.94,,,USD,New,https://www.plazajapan.com/4573102577313,https://cdn11.bigcommerce.com/s-89ffd/products/8708/images/78830/bandai-965288-gundam-the-origin__61197.1489506120.350.350.jpg?c=2
gundam,model_kit,Plaza Japan,retailer,,Bandai Gundam HG AGE-35 AGE-1 Full Glansa (Age-1G)1/144 Scale Kit,32.88,,,USD,New,https://www.plazajapan.com/4573102573902,https://cdn11.bigcommerce.com/s-89ffd/products/8802/images/37608/4543112813381_a__41328.1441623011.350.350.jpg?c=2
gundam,model_kit,Plaza Japan,retailer,,Bandai Gundam The Origin 004 YMS-07B-0 PROTOTYPE GOUF (Tactical Demonstrator) 1/144 Scale Kit,44.39,,,USD,New,https://www.plazajapan.com/4573102577337,https://cdn11.bigcommerce.com/s-89ffd/products/9168/images/78794/bandai-006404-gundam-the-origin__43585.1489493339.350.350.jpg?c=2
gundam,model_kit,Plaza Japan,retailer,,Bandai Gundam The Origin 007 YMS-08B DOM Test Type 1/144 Scale Kit,38.22,,,USD,New,https://www.plazajapan.com/4573102590251,https://cdn11.bigcommerce.com/s-89ffd/products/9702/images/41781/Origin_007_a__87216.1456557007.350.350.jpg?c=2
gundam,model_kit,Plaza Japan,retailer,,Bandai Gundam OO GN-001 Gundam EXIA 1/100 Scale Kit,37.62,,,USD,New,https://www.plazajapan.com/4573102579362,https://cdn11.bigcommerce.com/s-89ffd/products/19789/images/120845/522276_a__46873.1514368503.350.350.jpg?c=2
gundam,model_kit,Plaza Japan,retailer,,Bandai Gundam OO 574671 GN-006 CHERUDIM Gundam 1/100 Scale Kit,61.48,,,USD,New,https://www.plazajapan.com/4543112574671,https://cdn11.bigcommerce.com/s-89ffd/products/19794/images/73820/1__60568.1487062105.350.350.jpg?c=2
gundam,model_kit,Plaza Japan,retailer,,Bandai Gundam OO 587534 OO RAISER DESIGNER'S COLOR Version 1/100 Scale Kit,65.59,,,USD,New,https://www.plazajapan.com/4543112587534,https://cdn11.bigcommerce.com/s-89ffd/products/19795/images/73831/1__94919.1487062631.350.350.jpg?c=2
gundam,model_kit,Plaza Japan,retailer,,Bandai Gundam MEGA Size Model ZAKU II 1/48 Scale Kit,94.36,,,USD,New,https://www.plazajapan.com/4573102575937,https://cdn11.bigcommerce.com/s-89ffd/products/20010/images/200666/4543112656636-1__47724.1563253463.350.350.jpg?c=2
gundam,model_kit,Plaza Japan,retailer,,Bandai Gundam OO 569066 GN-0000 OO Gundam 1/100 Scale Kit,33.7,,,USD,New,https://www.plazajapan.com/4543112569066,https://cdn11.bigcommerce.com/s-89ffd/products/20749/images/79627/2__03131.1489740523.350.350.jpg?c=2
gundam,model_kit,Plaza Japan,retailer,,Bandai Gundam MEGA Size Model RX-78-2 Gundam 1/48 Scale Kit,82.03,,,USD,New,https://www.plazajapan.com/4573102588906,https://cdn11.bigcommerce.com/s-89ffd/products/24279/images/238539/4543112620279-1__38886.1584930871.350.350.jpg?c=2
gundam,model_kit,Plaza Japan,retailer,,Bandai Gundam MEGA Size Model UNICORN Gundam (Destroy Mode) 1/48 Scale Kit 167426,188.89,,,USD,New,https://www.plazajapan.com/4573102579867,https://cdn11.bigcommerce.com/s-89ffd/products/24447/images/108203/167426_a__68806.1504157061.350.350.jpg?c=2
gundam,model_kit,Plaza Japan,retailer,,Bandai Gundam The Origin 017 Gundam LOCAL TYPE (North American Front) 1/144 Scale Kit,49.32,,,USD,New,https://www.plazajapan.com/4573102591531,https://cdn11.bigcommerce.com/s-89ffd/products/25590/images/111791/4549660184287_a__87640.1507273937.350.350.jpg?c=2
gundam,model_kit,Plaza Japan,retailer,,Bandai Gundam Decal No.115 for RG 1/144 Scale Shinanju,13.59,,,USD,New,https://www.plazajapan.com/4573102611734,https://cdn11.bigcommerce.com/s-89ffd/products/27736/images/162384/4549660249146_1__38373.1536910223.350.350.jpg?c=2
gundam,model_kit,Plaza Japan,retailer,,Bandai Gundam Decal No.117 for RG 1/144 Scale OO QANT (249160),22.33,,,USD,New,https://www.plazajapan.com/4549660249160,https://cdn11.bigcommerce.com/s-89ffd/products/27738/images/119052/3__10936.1512630684.350.350.jpg?c=2
gundam,model_kit,Plaza Japan,retailer,,Bandai Gundam Decal No.119 for 1/144 Scale The Gundam Origin Series 3,8.85,,,USD,New,https://www.plazajapan.com/4573102611765,https://cdn11.bigcommerce.com/s-89ffd/products/27740/images/158427/4549660249184_1__79637.1533282407.350.350.jpg?c=2
gundam,model_kit,Plaza Japan,retailer,,Bandai Gundam Decal No.104 for 1/144 & 1/100 Iron-Blooded Orphans Series 2 (196037),2.9,,,USD,New,https://www.plazajapan.com/4573102611680,https://cdn11.bigcommerce.com/s-89ffd/products/27750/images/119093/1__22811.1512633949.350.350.jpg?c=2
gundam,model_kit,Plaza Japan,retailer,,Bandai Gundam Decal No.105 for 1/100 & 1/144 Gundam Origin Series 1,8.47,,,USD,New,https://www.plazajapan.com/4573102579690,https://cdn11.bigcommerce.com/s-89ffd/products/27751/images/119096/1__45306.1512634092.350.350.jpg?c=2
gundam,model_kit,Plaza Japan,retailer,,Bandai Gundam Decal No.106 for RG 1/144 Scale Gundam Exia (196051),149.27,,,USD,New,https://www.plazajapan.com/4549660196051,https://cdn11.bigcommerce.com/s-89ffd/products/27752/images/119098/1__42931.1512634400.350.350.jpg?c=2
gundam,model_kit,Plaza Japan,retailer,,Bandai Gundam Decal No.107 for 1/100 & 1/144 Gundam UC Series 1,8.85,,,USD,New,https://www.plazajapan.com/4573102579706,https://cdn11.bigcommerce.com/s-89ffd/products/27753/images/119100/1__62429.1512634569.350.350.jpg?c=2
gundam,model_kit,Plaza Japan,retailer,,Bandai Gundam Decal No.108 for 1/100 & 1/144 Z & ZZ Gundam Series 1 (196075),8.85,,,USD,New,https://www.plazajapan.com/4573102611697,https://cdn11.bigcommerce.com/s-89ffd/products/27754/images/119102/1__97519.1512634683.350.350.jpg?c=2
gundam,model_kit,Plaza Japan,retailer,,Bandai Gundam Decal No.110 for 1/144 Gundam MSV General Purpose 1,6.64,,,USD,New,https://www.plazajapan.com/4573102611703,https://cdn11.bigcommerce.com/s-89ffd/products/40680/images/141367/4549660212904-1__41010.1527225367.350.350.jpg?c=2
gundam,model_kit,Plaza Japan,retailer,,Bandai Gundam Decal No.112 for RG 1/144 Scale Unicorn Gundam,13.97,,,USD,New,https://www.plazajapan.com/4573102579713,https://cdn11.bigcommerce.com/s-89ffd/products/40682/images/162383/4549660212928_1__69708.1536910217.350.350.jpg?c=2
gundam,model_kit,Plaza Japan,retailer,,Bandai Gundam Deathscythe Hell 1/100 Scale Kit,49.16,,,USD,New,https://www.plazajapan.com/4902425495132,https://cdn11.bigcommerce.com/s-89ffd/products/40684/images/141371/4902425495132-1__01730.1527225810.350.350.jpg?c=2
gundam,model_kit,Plaza Japan,retailer,,Bandai Gundam Decal No.113 for 1/144 Scale Gundam The Origin Multiuse 2,2.9,,,USD,New,https://www.plazajapan.com/4573102579720,https://cdn11.bigcommerce.com/s-89ffd/products/40690/images/141383/4549660212935-1__52569.1527226490.350.350.jpg?c=2
gundam,model_kit,Plaza Japan,retailer,,Bandai Gundam OO 05 Tieren Ground Type 1/144 Scale Kit,24.0,,,USD,New,https://www.plazajapan.com/4573102606396,https://cdn11.bigcommerce.com/s-89ffd/products/40729/images/578032/4573102606396_31d69776325f37caf83d5ab7d42ebf43__64978.1725858125.350.350.jpg?c=2
gundam,model_kit,Plaza Japan,retailer,,Bandai Gundam Build Divers 013 Gundam SD RX-Zeromaru Non-Scale Kit,25.81,,,USD,New,https://www.plazajapan.com/4549660303619,https://cdn11.bigcommerce.com/s-89ffd/products/42835/images/159936/4549660303619_1__06693.1535103279.350.350.jpg?c=2
gundam,model_kit,Plaza Japan,retailer,,Bandai Gundam Build Divers 018 Impulse Gundam Lancier 1/144 Scale Kit,32.72,,,USD,New,https://www.plazajapan.com/4573102553379,https://cdn11.bigcommerce.com/s-89ffd/products/45832/images/163473/4573102553379_1__68181.1538129552.350.350.jpg?c=2
gundam,model_kit,Plaza Japan,retailer,,Bandai GUNDAM RE/100 010 Gyunei Guss's Jagd Doga 1/100 scale kit,78.09,,,USD,New,https://www.plazajapan.com/4573102553317,https://cdn11.bigcommerce.com/s-89ffd/products/45841/images/162927/4573102553317_1__56650.1537515310.350.350.jpg?c=2
gundam,model_kit,Plaza Japan,retailer,,Bandai Gundam Build Divers 023 Mobile Doll Sarah 1/144 Scale Kit,27.21,,,USD,New,https://www.plazajapan.com/4573102555816,https://cdn11.bigcommerce.com/s-89ffd/products/50515/images/173768/4573102555816-1__13766.1547028220.350.350.jpg?c=2
gundam,model_kit,Plaza Japan,retailer,,SD Gundam BB senshi 290 ZGMF-X42S Destiny Gundam,22.84,,,USD,New,https://www.plazajapan.com/4573102604118,https://cdn11.bigcommerce.com/s-89ffd/products/52261/images/172794/4543112434203-1__84844.1545107910.350.350.jpg?c=2
gundam,model_kit,Plaza Japan,retailer,,Bandai Gundam Seed Ginn Type High-Maneuver  1/144 Scale Kit,24.5,,,USD,New,https://www.plazajapan.com/4573102568113,https://cdn11.bigcommerce.com/s-89ffd/products/52908/images/184323/4543112256553-1__48768.1554369433.350.350.jpg?c=2
gundam,model_kit,Plaza Japan,retailer,,Bandai Gundam EW-6 Gundam Sandrock Custom 1/100 Scale Kit,45.87,,,USD,New,https://www.plazajapan.com/4902425606262,https://cdn11.bigcommerce.com/s-89ffd/products/55397/images/183900/4902425606262-1__43777.1554273588.350.350.jpg?c=2
gundam,model_kit,Plaza Japan,retailer,,Bandai Gundam 08 RX-79 Gundam EZ-8 1/144 Scale Kit,24.5,,,USD,New,https://www.plazajapan.com/4902425597645,https://cdn11.bigcommerce.com/s-89ffd/products/55404/images/183909/4902425597645-1__27360.1554273848.350.350.jpg?c=2
gundam,model_kit,Plaza Japan,retailer,,Bandai Gundam SD-238 Gogg & Acguy & Zock Set,35.81,,,USD,New,https://www.plazajapan.com/4573102574138,https://cdn11.bigcommerce.com/s-89ffd/products/55416/images/183928/4543112128232-1__50452.1554274438.350.350.jpg?c=2
gundam,model_kit,Plaza Japan,retailer,,Bandai Gundam Decal No.18 for MG 1/100 Scale Gundam Seed,8.85,,,USD,New,https://www.plazajapan.com/4573102574909,https://cdn11.bigcommerce.com/s-89ffd/products/55479/images/184309/4543112341365-1__18517.1554369228.350.350.jpg?c=2
gundam,model_kit,Plaza Japan,retailer,,Bandai GUNDAM MSN-06S SINANJU Titanium Finish 1/144 Scale Kit,96.17,,,USD,New,https://www.plazajapan.com/4573102557353,https://cdn11.bigcommerce.com/s-89ffd/products/55493/images/184355/4543112694836-1__56285.1554371961.350.350.jpg?c=2
gundam,model_kit,Plaza Japan,retailer,,Bandai Gundam Universe ASW-G-08 GUNDAM BARBATOS Figure,24.74,,,USD,New,https://www.plazajapan.com/4573102554932,https://cdn11.bigcommerce.com/s-89ffd/products/58108/images/217421/4573102554932_f4e0e2ba9868ff7b2dd519bf5de5ea88__70079.1571382429.350.350.jpg?c=2
gundam,model_kit,Plaza Japan,retailer,,Bandai Gundam The Origin 026 RX-78-02 Gundam (Gundam The Origin Ver.) 1/144 Scale Kit,15.76,,,USD,New,https://www.plazajapan.com/4573102589293,https://cdn11.bigcommerce.com/s-89ffd/products/68838/images/237346/4573102589293_83f79a0f3f6da4a9f0259986531f55e7__40108.1584083388.350.350.jpg?c=2
gundam,model_kit,Plaza Japan,retailer,,Bandai Gundam SD-259 Strike Gundam Striker Weapon System,12.52,,,USD,New,https://www.plazajapan.com/4573102574169,https://cdn11.bigcommerce.com/s-89ffd/products/77025/images/249500/4543112237163-1__60517.1586495068.350.350.jpg?c=2
gundam,model_kit,Plaza Japan,retailer,,Bandai Gundam Universe Wing Gundam Figure,39.46,,,USD,New,https://www.plazajapan.com/4573102554918,https://cdn11.bigcommerce.com/s-89ffd/products/81054/images/270876/4573102554918_af40fcb8a3b97c493d803c05168060ef__12300.1600143970.350.350.jpg?c=2
gundam,model_kit,Plaza Japan,retailer,,Bandai Gundam Universe RX-0 Unicorn Gundam 02 Banshee Figure,36.83,,,USD,New,https://www.plazajapan.com/4573102574695,https://cdn11.bigcommerce.com/s-89ffd/products/81055/images/270882/4573102574695_ced72fa15e02416ac4c65280fe427895__45620.1600144030.350.350.jpg?c=2
gundam,model_kit,Plaza Japan,retailer,,Bandai Gundam Universe XXXG-01D Gundam Deathscythe Figure,40.69,,,USD,New,https://www.plazajapan.com/4573102554949,https://cdn11.bigcommerce.com/s-89ffd/products/81056/images/564752/4573102554949_24ca5ac1d10084cec2e0753a8590ea99__49842.1721611628.350.350.jpg?c=2
gundam,model_kit,Plaza Japan,retailer,,Bandai Gundam Universe MS-06 Char's Zaku II Figure,49.16,,,USD,New,https://www.plazajapan.com/4573102612717,https://cdn11.bigcommerce.com/s-89ffd/products/84766/images/285734/4573102612717_33743f7ffeb23e9bdb19378d9a8421c4__05083.1610509089.350.350.jpg?c=2
gundam,model_kit,Plaza Japan,retailer,,Bandai Gundam Universe XXXG-01SR Gundam Sandrock Figure,57.54,,,USD,New,https://www.plazajapan.com/4573102612724,https://cdn11.bigcommerce.com/s-89ffd/products/84767/images/285742/4573102612724_bbf38650d2c68e467f137ba54e964c11__27496.1610509298.350.350.jpg?c=2
gundam,model_kit,Plaza Japan,retailer,,Bandai Gundam Universe RX-93 Nu Gundam Figure,87.73,,,USD,New,https://www.plazajapan.com/4573102612731,https://cdn11.bigcommerce.com/s-89ffd/products/84768/images/356714/4573102612731_eb57b567b8456f4a301d1b94048efd6a__30587.1643602242.350.350.jpg?c=2
gundam,model_kit,Plaza Japan,retailer,,Bandai Gundam Decal No.17 for MG 1/100 MS Principality of Zeon (1),2.9,,,USD,New,https://www.plazajapan.com/4573102574893,https://cdn11.bigcommerce.com/s-89ffd/products/85560/images/287436/4573102574893_2c7f36ee3364e29be6de3e2e1326c9ae__92521.1611214216.350.350.jpg?c=2
gundam,model_kit,Plaza Japan,retailer,,Bandai Gundam Decal No.22 for MG 1/100 Zeta Gundam Series,8.4,,,USD,New,https://www.plazajapan.com/4573102611352,https://cdn11.bigcommerce.com/s-89ffd/products/85561/images/287438/4573102611352_8fdc9c0e94b698247d0f4a627a3a288a__51088.1611214244.350.350.jpg?c=2
gundam,model_kit,Plaza Japan,retailer,,Bandai Gundam Decal No.28 for HGUC 1/144 MS Principality of Zeon (1),2.9,,,USD,New,https://www.plazajapan.com/4573102574961,https://cdn11.bigcommerce.com/s-89ffd/products/85562/images/287439/4573102574961_a9ab8ca4a21306faff618c1661127c10__50692.1611214266.350.350.jpg?c=2
gundam,model_kit,Plaza Japan,retailer,,Bandai Gundam Decal No.30 for HGUC 1/144 MS Earth Federation Space Force (1) (Anaheim MS),2.9,,,USD,New,https://www.plazajapan.com/4573102574985,https://cdn11.bigcommerce.com/s-89ffd/products/85564/images/287441/4573102574985_3cdd95291b7e52199e57f6c2a21e90db__40174.1611214308.350.350.jpg?c=2
gundam,model_kit,Plaza Japan,retailer,,Bandai Gundam Decal No.37 for HGUC 1/144 MS Earth Federation Space Force (2),2.9,,,USD,New,https://www.plazajapan.com/4573102611390,https://cdn11.bigcommerce.com/s-89ffd/products/85565/images/287442/4573102611390_a730707c2caf0aeb9d65d90036f06a19__45759.1611214341.350.350.jpg?c=2
gundam,model_kit,Plaza Japan,retailer,,Bandai Gundam Decal No.38 for HGUC 1/144 MS Principality of Zeon (3),2.58,,,USD,New,https://www.plazajapan.com/4573102611406,https://cdn11.bigcommerce.com/s-89ffd/products/85566/images/287443/4573102611406_5856d9a3991e3a282ed20f9ee13bd1d8__73951.1611214379.350.350.jpg?c=2
gundam,model_kit,Plaza Japan,retailer,,Bandai Gundam Decal No.39 for HGUC 1/144 MS Principality of Zeon (4),2.9,,,USD,New,https://www.plazajapan.com/4573102611413,https://cdn11.bigcommerce.com/s-89ffd/products/85567/images/287444/4573102611413_8a3d8c124fea5030b445b53eee1d6b50__85665.1611214408.350.350.jpg?c=2
gundam,model_kit,Plaza Japan,retailer,,Bandai Gundam Decal No.53 for 1/100 1/144 MS Gundam 0080 Series (1),5.46,,,USD,New,https://www.plazajapan.com/4573102611482,https://cdn11.bigcommerce.com/s-89ffd/products/85570/images/287447/4573102611482_a0641cf3cb1bda1fba4aaa593847cb06__08186.1611214536.350.350.jpg?c=2
gundam,model_kit,Plaza Japan,retailer,,Bandai Gundam Decal No.54 for 1/100 1/144 MS Gundam 0080 Series (2),2.9,,,USD,New,https://www.plazajapan.com/4573102611499,https://cdn11.bigcommerce.com/s-89ffd/products/85571/images/287448/4573102611499_27ff2672ee055b38dcd3474e8e59c84c__65358.1611214571.350.350.jpg?c=2
gundam,model_kit,Plaza Japan,retailer,,Bandai Gundam Decal No.16 for MG 1/100 MS EFSF Multiuse (1),2.9,,,USD,New,https://www.plazajapan.com/4573102574886,https://cdn11.bigcommerce.com/s-89ffd/products/85574/images/287451/4543112341341-1__29080.1611215421.350.350.jpg?c=2
gundam,model_kit,Plaza Japan,retailer,,Bandai Gundam Decal No.23 for MG 1/100 Char's Counterattack Multiuse,2.9,,,USD,New,https://www.plazajapan.com/4573102574930,https://cdn11.bigcommerce.com/s-89ffd/products/85575/images/287452/4543112341501-1__39285.1611215464.350.350.jpg?c=2
gundam,model_kit,Plaza Japan,retailer,,Bandai Gundam Decal No.47 for 1/144 Gundam 00 Multiuse (2),2.9,,,USD,New,https://www.plazajapan.com/4573102611451,https://cdn11.bigcommerce.com/s-89ffd/products/85576/images/287453/4543112537133-1__58184.1611215510.350.350.jpg?c=2
gundam,model_kit,Plaza Japan,retailer,,Bandai Gundam Decal No.71 for HGUC 1/144 Char's Counterattack,2.9,,,USD,New,https://www.plazajapan.com/4573102575111,https://cdn11.bigcommerce.com/s-89ffd/products/85577/images/287454/4543112602350-1__08851.1611215545.350.350.jpg?c=2
gundam,model_kit,Plaza Japan,retailer,,Bandai Gundam Decal No.72 for HGUC 1/144 Char's Counterattack,2.9,,,USD,New,https://www.plazajapan.com/4573102575128,https://cdn11.bigcommerce.com/s-89ffd/products/85578/images/287455/4543112602367-1__50042.1611215610.350.350.jpg?c=2
gundam,model_kit,Plaza Japan,retailer,,Bandai Gundam Universe XXXG-01H Gundam Heavyarms Figure,61.65,,,USD,New,https://www.plazajapan.com/4573102615176,https://cdn11.bigcommerce.com/s-89ffd/products/90585/images/333541/615176-1__08002.1633916440.350.350.jpg?c=2
gundam,model_kit,Plaza Japan,retailer,,Bandai Gundam Universe GN-001 Gundam Exia Figure,41.92,,,USD,New,https://www.plazajapan.com/4573102615183,https://cdn11.bigcommerce.com/s-89ffd/products/90586/images/333542/615183-1__52491.1633916620.350.350.jpg?c=2
gundam,model_kit,Plaza Japan,retailer,,Bandai Gundam Breaker Battlogue HG 1/144 Gundam Helios Plastic Model,60.66,,,USD,New,https://www.plazajapan.com/4573102620163,https://cdn11.bigcommerce.com/s-89ffd/products/94327/images/338784/620163-1__91865.1636419549.350.350.jpg?c=2
gundam,model_kit,Plaza Japan,retailer,,Bandai Gundam Breaker Battlogue HG 1/144 Gundam Live Lance Haven Plastic Model,29.43,,,USD,New,https://www.plazajapan.com/4573102620248,https://cdn11.bigcommerce.com/s-89ffd/products/94331/images/338786/620248-1__90188.1636419667.350.350.jpg?c=2
gundam,model_kit,Plaza Japan,retailer,,Bandai Gundam Breaker Battlogue HG 1/144 Gundam Perfect Strike Freedom Plastic Model,61.84,,,USD,New,https://www.plazajapan.com/4573102620262,https://cdn11.bigcommerce.com/s-89ffd/products/94361/images/389746/4573102620262_7c4ecca0ddc2bbcff2f1afaec35703b9__67955.1655370138.350.350.jpg?c=2
gundam,model_kit,Plaza Japan,retailer,,Bandai Gundam Breaker Battlogue HG 1/144 Blazing Gundam Plastic Model,40.94,,,USD,New,https://www.plazajapan.com/4573102620279,https://cdn11.bigcommerce.com/s-89ffd/products/94363/images/345648/4573102620279_557750b85b0a41ec7d954990764d88e7__15167.1639384152.350.350.jpg?c=2
gundam,model_kit,Plaza Japan,retailer,,Bandai Gundam Decal RG For MSZ-006 Zeta Gundam,46.34,,,USD,New,https://www.plazajapan.com/4573102575265,https://cdn11.bigcommerce.com/s-89ffd/products/98516/images/325826/4573102575265_eb0b54b1044fca18a5d65dd21c7ac2d2__59343.1630295300.350.350.jpg?c=2
gundam,model_kit,Plaza Japan,retailer,,Bandai Gundam Breaker Battlogue HG 1/144 Gundam OO Command Qan[T] Plastic Model,40.94,,,USD,New,https://www.plazajapan.com/4573102620286,https://cdn11.bigcommerce.com/s-89ffd/products/99784/images/352214/4573102620286_2accd1214e3ae655f34d9f3c59d4292c__95619.1642042204.350.350.jpg?c=2
gundam,model_kit,Plaza Japan,retailer,,Bandai Gundam Breaker Battlogue HG 1/144 Gundam Barbataurus Plastic Model,57.37,,,USD,New,https://www.plazajapan.com/4573102620255,https://cdn11.bigcommerce.com/s-89ffd/products/99786/images/389736/4573102620255_de8198d6c5609f5af11ffd586823da94__17532.1655370005.350.350.jpg?c=2
gundam,model_kit,Plaza Japan,retailer,,Bandai Gundam Universe XXXG-01S Shenlong Gundam Figure,39.29,,,USD,New,https://www.plazajapan.com/4573102632760,https://cdn11.bigcommerce.com/s-89ffd/products/105273/images/391980/4573102632760_0691b4eb81b48edd8d17451033418184__43096.1656044095.350.350.jpg?c=2
gundam,model_kit,Plaza Japan,retailer,,Bandai Gundam Universe MSN-04 Sazabi Figure,61.04,,,USD,New,https://www.plazajapan.com/4573102632906,https://cdn11.bigcommerce.com/s-89ffd/products/105275/images/392035/4573102632906_6c39a52d68bbd26ef0bb8665977dbdd2__60612.1656044301.350.350.jpg?c=2
gundam,model_kit,Plaza Japan,retailer,,Bandai Gundam Universe GN-0000+GNR-010 00 RAISER 'Mobile Suit' (Gundam 00),45.05,,,USD,New,https://www.plazajapan.com/4573102637871,https://cdn11.bigcommerce.com/s-89ffd/products/109573/images/373655/4573102637871_f6c42c23b9a6df60157417bc066ea66c__66839.1649925919.350.350.jpg?c=2
gundam,model_kit,Plaza Japan,retailer,,Bandai Gundam Universe OZ-06MS LEO 'Mobile Suit Gundam Wing' Figure (Gundam W),34.74,,,USD,New,https://www.plazajapan.com/4573102637864,https://cdn11.bigcommerce.com/s-89ffd/products/109574/images/373666/4573102637864_ea7679bdb365441a66eb5e72c1947fdc__94391.1649926006.350.350.jpg?c=2
gundam,model_kit,Plaza Japan,retailer,,Bandai Gundam Universe RX-78GP01Fb Gundam Full Burnern (Mobile Suit Gundam 0083: STARDUST MEMORY),52.49,,,USD,New,https://www.plazajapan.com/4573102637857,https://cdn11.bigcommerce.com/s-89ffd/products/109575/images/413167/4573102637857_d6a4ca7579a23d73cceca6e11b685e79__94871.1663818200.350.350.jpg?c=2
gundam,model_kit,Plaza Japan,retailer,,Bandai Gundam Decal No.121 for 1/144 Gundam AGE Multiuse (1),8.09,,,USD,New,https://www.plazajapan.com/4573102619853,https://cdn11.bigcommerce.com/s-89ffd/products/109904/images/374602/4573102619853_554fa13734fc271cdce5f46ea42ba3bd__89902.1650258805.350.350.jpg?c=2
gundam,model_kit,Plaza Japan,retailer,,Bandai Gundam Decal No.129 for 1/144 Nightingale,2.9,,,USD,New,https://www.plazajapan.com/4573102621627,https://cdn11.bigcommerce.com/s-89ffd/products/109905/images/374603/4573102621627_55468cac8bcfda6de6feafe0b8cdbf5d__79309.1650259000.350.350.jpg?c=2
gundam,model_kit,Plaza Japan,retailer,,Bandai Gundam Decal No.122 for 1/144 Mobile Suit Gundam Hathaway Multiuse (1),20.39,,,USD,New,https://www.plazajapan.com/4573102619860,https://cdn11.bigcommerce.com/s-89ffd/products/112934/images/428602/4573102619860_838fa048bc90453a78ac27c3bd0fcefc__88216.1668556225.350.350.jpg?c=2
gundam,model_kit,Plaza Japan,retailer,,Bandai Gundam Decal No.131 for RG 1/144 Zeong,2.9,,,USD,New,https://www.plazajapan.com/4573102621641,https://cdn11.bigcommerce.com/s-89ffd/products/112977/images/409312/4573102621641_2f5374a74fc7fd8281caa63efcaaa368__34853.1662520730.350.350.jpg?c=2
gundam,model_kit,Plaza Japan,retailer,,Bandai Gundam Decal No.126 for RG 1/144 Sazabi,14.14,,,USD,New,https://www.plazajapan.com/4573102619907,https://cdn11.bigcommerce.com/s-89ffd/products/113735/images/409314/4573102619907_39710debdba8e3074bb2cee4d70681f2__75554.1662520815.350.350.jpg?c=2
gundam,model_kit,Plaza Japan,retailer,,Bandai Gundam Universe ASW-G-08 Gundam Barbatos Lupus Rex (Mobile Suit Gundam: Iron-Blooded Orphans),72.12,,,USD,New,https://www.plazajapan.com/4573102649973,https://cdn11.bigcommerce.com/s-89ffd/products/126846/images/448138/4573102649973_224f1d67b06c5be6f8c0bfcd8c1a1fe0__64679.1676009548.350.350.jpg?c=2
gundam,model_kit,Plaza Japan,retailer,,Bandai Gundam Universe XVX-016 Gundam Aerial (Mobile Suit Gundam: the Witch from Mercury),34.36,,,USD,New,https://www.plazajapan.com/4573102649966,https://cdn11.bigcommerce.com/s-89ffd/products/126847/images/448144/4573102649966_24abdaf40d4570e290ccba86165eae78__70704.1676009857.350.350.jpg?c=2
gundam,model_kit,Plaza Japan,retailer,,Bandai Gundam Universe GF13-017 NJ Shining Gundam (G Gundam),49.16,,,USD,New,https://www.plazajapan.com/4573102649942,https://cdn11.bigcommerce.com/s-89ffd/products/126849/images/448159/4573102649942_442180c8150749c497d4b2f3420aecbd__80761.1676011169.350.350.jpg?c=2
gundam,model_kit,Plaza Japan,retailer,,Bandai Gundam Universe OZ-00MS2 Tall Geese II (Gundam Wing),39.04,,,USD,New,https://www.plazajapan.com/4573102649959,https://cdn11.bigcommerce.com/s-89ffd/products/126850/images/448166/4573102649959_ab390a4629857f5c9706aea168168cd1__31646.1676011402.350.350.jpg?c=2
gundam,model_kit,Plaza Japan,retailer,,Bandai Gundam Universe GNT-0000 00 QAN-T (Mobile Suit Gundam 00),56.64,,,USD,New,https://www.plazajapan.com/4573102640253,https://cdn11.bigcommerce.com/s-89ffd/products/129225/images/459143/4573102640253_ef05333b5e05a6f225d2c6b834e7375e__38797.1680852161.350.350.jpg?c=2
gundam,model_kit,Plaza Japan,retailer,,Bandai Gundam Universe ZGMF-X20A STRIKE FREEDOM GUNDAM (Gundam SEED Destiny),43.38,,,USD,New,https://www.plazajapan.com/4573102640260,https://cdn11.bigcommerce.com/s-89ffd/products/129226/images/459150/4573102640260_5c8ac57da2e2e55690d63966104b2b56__12402.1680852947.350.350.jpg?c=2
gundam,model_kit,Plaza Japan,retailer,,Bandai Gundam Universe RX-0 UNICORN GUNDAM - AWAKENED - (Gundam Unicorn),65.59,,,USD,New,https://www.plazajapan.com/4573102640031,https://cdn11.bigcommerce.com/s-89ffd/products/129227/images/459157/4573102640031_b9d879d26887cb2c734993072629ea85__62822.1680853174.350.350.jpg?c=2
gundam,model_kit,Plaza Japan,retailer,,Bandai Gundam Decal No.134 for 1/144 Gundam: The Witch from Mercury Multiuse (2),5.58,,,USD,New,https://www.plazajapan.com/4573102650825,https://cdn11.bigcommerce.com/s-89ffd/products/129531/images/460194/4573102650825_deb766918ea26cfcb97198c8e469fbfd__38640.1681346517.350.350.jpg?c=2
gundam,model_kit,Plaza Japan,retailer,,Bandai GUNDAM UNIVERSE RX-0[N] UNICORN GUNDAM 02 BANSHEE NORN (Gundam Unicorn),65.74,,,USD,New,https://www.plazajapan.com/4573102661852,https://cdn11.bigcommerce.com/s-89ffd/products/138190/images/496481/4573102661852_7c0ab74764ca942e73a9fea69d75eff3__13312.1699421565.350.350.jpg?c=2
gundam,model_kit,Plaza Japan,retailer,,Bandai GUNDAM UNIVERSE X-EX01 GUNDAM CALIBARN (Gundam: The Witch from Mercury),34.11,,,USD,New,https://www.plazajapan.com/4573102661869,https://cdn11.bigcommerce.com/s-89ffd/products/138192/images/496492/4573102661869_dc714beb594ed741b2dca7f0477481c8__37190.1699421781.350.350.jpg?c=2
gundam,model_kit,Plaza Japan,retailer,,Bandai GUNDAM UNIVERSE Gundam EX (Gundam: Requiem for Vengeance),44.39,,,USD,New,https://www.plazajapan.com/4573102662170,https://cdn11.bigcommerce.com/s-89ffd/products/144937/images/687989/bandai-gundam-universe-gundam-ex-gundam-requiem-for-vengeance__10454.1737951943.350.350.jpg?c=2
gundam,model_kit,Plaza Japan,retailer,,Bandai GUNDAM UNIVERSE ZGMF/A-262B Strike Freedom Gundam Type II (Gundam SEED Freedom),35.18,,,USD,New,https://www.plazajapan.com/4573102664235,https://cdn11.bigcommerce.com/s-89ffd/products/146370/images/699687/bandai-gundam-universe-zgmfa-262b-strike-freedom-gundam-type-ii-gundam-seed-freedom__91011.1738574616.350.350.jpg?c=2
gundam,model_kit,Plaza Japan,retailer,,Bandai GUNDAM UNIVERSE MBF-P02 Gundam Astray Red Frame (Gundam SEED Astray),34.52,,,USD,New,https://www.plazajapan.com/4573102664242,https://cdn11.bigcommerce.com/s-89ffd/products/146371/images/687974/bandai-gundam-universe-mbf-p02-gundam-astray-red-frame-gundam-seed-astray__95457.1737951928.350.350.jpg?c=2
gundam,model_kit,Plaza Japan,retailer,,Bandai Gundam Option Parts Gunpla 08 (Bolden Arm Arms) (Gundam),7.71,,,USD,New,https://www.plazajapan.com/4573102671448,https://cdn11.bigcommerce.com/s-89ffd/products/154223/images/675346/bandai-gundam-option-parts-gunpla-08-bolden-arm-arms-gundam__26250.1737731308.350.350.jpg?c=2
gundam,model_kit,Plaza Japan,retailer,,Bandai Gundam Option Parts Gunpla 09 (Giant Gatling) (Gundam),9.91,,,USD,New,https://www.plazajapan.com/4573102671479,https://cdn11.bigcommerce.com/s-89ffd/products/154224/images/670814/bandai-gundam-option-parts-gunpla-09-giant-gatling-gundam__07141.1737724062.350.350.jpg?c=2
gundam,model_kit,Plaza Japan,retailer,,Bandai Gundam Option Parts Gunpla 10 (Galaxy Booster) (Gundam),8.22,,,USD,New,https://www.plazajapan.com/4573102671486,https://cdn11.bigcommerce.com/s-89ffd/products/154225/images/661144/bandai-gundam-option-parts-gunpla-10-galaxy-booster-gundam__72695.1737708699.350.350.jpg?c=2
gundam,model_kit,Plaza Japan,retailer,,Bandai Gundam Option Parts Gunpla 07 (Powered Arms Powereder) (Gundam),11.89,,,USD,New,https://www.plazajapan.com/4573102671462,https://cdn11.bigcommerce.com/s-89ffd/products/154226/images/674576/bandai-gundam-option-parts-gunpla-07-powered-arms-powereder-gundam__93606.1737730078.350.350.jpg?c=2
gundam,model_kit,Plaza Japan,retailer,,Bandai Gundam Option Parts Set 04 1/144 Build Hands Round Shape Plastic Model (Gundam SEED),9.99,,,USD,New,https://www.plazajapan.com/4573102667069,https://cdn11.bigcommerce.com/s-89ffd/products/154227/images/662025/bandai-gundam-option-parts-set-04-1144-build-hands-round-shape-plastic-model-gundam-seed__82252.1737710113.350.350.jpg?c=2
gundam,model_kit,Plaza Japan,retailer,,Bandai Gundam Option Parts Gunpla 05 (Universe Booster Plavsky Power Gate) (Gundam),11.63,,,USD,New,https://www.plazajapan.com/4573102671424,https://cdn11.bigcommerce.com/s-89ffd/products/154229/images/683323/bandai-gundam-option-parts-gunpla-05-universe-booster-plavsky-power-gate-gundam__41418.1737744135.350.350.jpg?c=2
gundam,model_kit,Plaza Japan,retailer,,Bandai Gundam Option Parts Gunpla 06 (Valuable Pod) (Gundam),8.66,,,USD,New,https://www.plazajapan.com/4573102671431,https://cdn11.bigcommerce.com/s-89ffd/products/154230/images/663108/bandai-gundam-option-parts-gunpla-06-valuable-pod-gundam__91868.1737711762.350.350.jpg?c=2
gundam,model_kit,Plaza Japan,retailer,,Bandai Gundam Option Parts Gunpla 11 (Barbatos Smoothbore Gun) (Gundam),12.51,,,USD,New,https://www.plazajapan.com/4573102671523,https://cdn11.bigcommerce.com/s-89ffd/products/155697/images/642259/bandai-gundam-option-parts-gunpla-11-barbatos-smoothbore-gun-gundam__87989.1737449063.350.350.jpg?c=2
gundam,model_kit,Plaza Japan,retailer,,Bandai GUNDAM UNIVERSE Zaku II (Unidentified Type) Solari (Gundam: Requiem for Vengeance),34.93,,,USD,New,https://www.plazajapan.com/4573102667571,https://cdn11.bigcommerce.com/s-89ffd/products/155811/images/675706/bandai-gundam-universe-zaku-ii-unidentified-type-solari-gundam-requiem-for-vengeance__50416.1737731931.350.350.jpg?c=2
gundam,model_kit,Plaza Japan,retailer,,Bandai Gundam Option Parts Gunpla 13 (Battle Arm Arms),10.95,,,USD,New,https://www.plazajapan.com/4573102674296,https://cdn11.bigcommerce.com/s-89ffd/products/164733/images/629292/bandai-gundam-option-parts-gunpla-13-battle-arm-arms__46743.1737080810.350.350.jpg?c=2
gundam,model_kit,Plaza Japan,retailer,,Bandai GUNDAM UNIVERSE XXXG-00W0 Wing Gundam Zero (Mobile Suit Gundam Wing),30.25,,,USD,New,https://www.plazajapan.com/4573102675279,https://cdn11.bigcommerce.com/s-89ffd/products/167481/images/618586/bandai-gundam-universe-xxxg-00w0-wing-gundam-zero-mobile-suit-gundam-wing__86328.1736919369.350.350.jpg?c=2
gundam,model_kit,Plaza Japan,retailer,,Bandai Gundam Decal No.139 (Mobile Suit Gundam GQuuuuuuX),5.15,,,USD,New,https://www.plazajapan.com/4573102686916,https://cdn11.bigcommerce.com/s-89ffd/products/175558/images/750335/4573102686916_4a09f7ea218c11f87aea5675526af223__23672.1746682793.350.350.jpg?c=2
gundam,model_kit,Plaza Japan,retailer,,Bandai Gundam Decal No. 140 (Mobile Suit Gundam GQuuuuuuX),5.18,,,USD,New,https://www.plazajapan.com/4573102686923,https://cdn11.bigcommerce.com/s-89ffd/products/175559/images/750337/4573102686923_3389bdc80195063d89e4a5e901be89de__30562.1746682843.350.350.jpg?c=2
gundam,model_kit,Plaza Japan,retailer,,Bandai Gundam Decal No. 141 (Gundam SEED Freedom),9.48,,,USD,New,https://www.plazajapan.com/4573102688767,https://cdn11.bigcommerce.com/s-89ffd/products/175560/images/750339/4573102688767_fa383029059a0e5a62880f14ce9adb94__00251.1746682934.350.350.jpg?c=2
gundam,model_kit,Plaza Japan,retailer,,Bandai Gundam Universe gMS GQuuuuuuX Figure (Mobile Suit Gundam GQuuuuuuX),21.21,,,USD,New,https://www.plazajapan.com/4573102687678,https://cdn11.bigcommerce.com/s-89ffd/products/178357/images/778342/bandai-gundam-universe-gms-w-gquuuuuux-figure-mobile-suit-gundam-gquuuuuux__80804.1776663486.350.350.jpg?c=2
gundam,model_kit,Plaza Japan,retailer,,Bandai Gundam Option Parts Set Gunpla 16 (Meteor Hopper) Plastic Model,4.13,,,USD,New,https://www.plazajapan.com/4573102685681,https://cdn11.bigcommerce.com/s-89ffd/products/179232/images/779802/bandai-gundam-option-parts-set-gunpla-16-meteor-hopper-plastic-model__59872.1750386398.350.350.jpg?c=2
gundam,cards,Plaza Japan,retailer,,Bandai Gundam Card Game Start Deck GUNDAM ASSEMBLE Set Heroic Beginnings [ST01A],16.28,,,USD,New,https://www.plazajapan.com/4582769843624,https://cdn11.bigcommerce.com/s-89ffd/products/180553/images/789055/bandai-gundam-card-game-start-deck-gundam-assemble-set-heroic-beginnings-st01a__26500.1752804317.350.350.jpg?c=2
gundam,cards,Plaza Japan,retailer,,Bandai Gundam Card Game Start Deck GUNDAM ASSEMBLE Set Wings of Advance [ST02A],18.08,,,USD,New,https://www.plazajapan.com/4582769843648,https://cdn11.bigcommerce.com/s-89ffd/products/180554/images/789835/bandai-gundam-card-game-start-deck-gundam-assemble-set-wings-of-advance-st02a__32890.1752805543.350.350.jpg?c=2
gundam,cards,Plaza Japan,retailer,,Bandai Gundam Card Game Start Deck GUNDAM ASSEMBLE Set Zeon's Rush [ST03A],29.26,,,USD,New,https://www.plazajapan.com/4582769843662,https://cdn11.bigcommerce.com/s-89ffd/products/180555/images/793875/bandai-gundam-card-game-start-deck-gundam-assemble-set-zeons-rush-st03a__33735.1752811706.350.350.jpg?c=2
gundam,cards,Plaza Japan,retailer,,Bandai Gundam Card Game Start Deck GUNDAM ASSEMBLE Set SEED Strike [ST04A],17.1,,,USD,New,https://www.plazajapan.com/4582769843686,https://cdn11.bigcommerce.com/s-89ffd/products/180556/images/791698/bandai-gundam-card-game-start-deck-gundam-assemble-set-seed-strike-st04a__21958.1752808373.350.350.jpg?c=2
gundam,cards,Plaza Japan,retailer,,Bandai Gundam Card Game Ultimate Deck - Destiny Ignition [ST09],82.03,,,USD,New,https://www.plazajapan.com/4582769982071,https://cdn11.bigcommerce.com/s-89ffd/products/202872/images/926880/bandai-gundam-card-game-ultimate-deck-destiny-ignition-st09__37624.1776485478.350.350.jpg?c=2
gundam,model_kit,Plaza Japan,retailer,,FW Gundam Converge #30 Full Box,59.18,,,USD,New,https://www.plazajapan.com/4570117928758,https://cdn11.bigcommerce.com/s-89ffd/products/206936/images/948316/4570117928758_121ce3f853ee75d754cfcc39bf4ddf80__23138.1779347344.350.350.png?c=2
gundam,cards,Plaza Japan,retailer,,Bandai Gundam Card Game Extra Booster - Eternal Nexus [EB01] BOX (24-pack),34.3,,,USD,New,https://www.plazajapan.com/4582770012316,https://cdn11.bigcommerce.com/s-89ffd/products/210852/images/972372/4582770012316_38386bc99561f11bdecc4c0e21b709da__93514.1782976092.350.350.jpg?c=2
gundam,model_kit,Plaza Japan,retailer,,Bandai MG Gundam Deathscythe Hell Endless Walz XXXG-01D2 1/100 Scale Kit,74.64,,,USD,New,https://www.plazajapan.com/4573102615886,https://cdn11.bigcommerce.com/s-89ffd/products/1411/images/2520/4543112670786_a__57268.1298635601.350.350.jpg?c=2
gundam,model_kit,Plaza Japan,retailer,,Bandai MG Gundam Age-1 Normal 1/100 Scale Kit,40.28,,,USD,New,https://www.plazajapan.com/4573102628428,https://cdn11.bigcommerce.com/s-89ffd/products/4245/images/10186/1__72462.1626248547.350.350.jpg?c=2
gundam,model_kit,Plaza Japan,retailer,,Bandai MG Gundam MS-07B-3 GOUF CUSTOM 1/100 Scale Kit,33.29,,,USD,New,https://www.plazajapan.com/4573102615756,https://cdn11.bigcommerce.com/s-89ffd/products/5479/images/15147/MG_005670_a__72531.1348407057.350.350.jpg?c=2
gundam,model_kit,Plaza Japan,retailer,,Bandai MG Gundam God G Gundam 1/100 Scale Kit,35.1,,,USD,New,https://www.plazajapan.com/4573102628367,https://cdn11.bigcommerce.com/s-89ffd/products/5487/images/22945/060426_a__82429.1626251213.350.350.jpg?c=2
gundam,model_kit,Plaza Japan,retailer,,Bandai MG Gundam RX-78-4 G04 1/100 Scale Kit,44.91,,,USD,New,https://www.plazajapan.com/4573102628374,https://cdn11.bigcommerce.com/s-89ffd/products/5504/images/14109/1__79415.1626251164.350.350.jpg?c=2
gundam,model_kit,Plaza Japan,retailer,,Bandai MG Gundam MSM-07S CHAR ZGOK 1/100 Scale Kit,46.85,,,USD,New,https://www.plazajapan.com/4573102615763,https://cdn11.bigcommerce.com/s-89ffd/products/5507/images/15150/MG_227188_a__34441.1348407139.350.350.jpg?c=2
gundam,model_kit,Plaza Japan,retailer,,Bandai MG Gundam WING Gundam VersionKa XXXG-01W 1/100 Scale Kit,42.33,,,USD,New,https://www.plazajapan.com/4573102628398,https://cdn11.bigcommerce.com/s-89ffd/products/5510/images/18774/MG_237149_a__99735.1359111033.350.350.jpg?c=2
gundam,model_kit,Plaza Japan,retailer,,Bandai MG Gundam STRIKE FREEDOM ZGMF-X20A 1/100 Scale Kit,51.79,,,USD,New,https://www.plazajapan.com/4573102616067,https://cdn11.bigcommerce.com/s-89ffd/products/5529/images/14240/1__47534.1345534067.350.350.jpg?c=2
gundam,model_kit,Gundam Planet,retailer,us,RG RX-93 Nu Gundam,56.95,,,USD,New,https://www.gundamplanet.com/products/rg-rx-93-nu-gundam?_pos=1&_sid=157dbdef6&_ss=r&_fid=fe7456616,https://www.gundamplanet.com/cdn/shop/files/rg-rx-93-nu-gundam-gp.jpg?v=1737676666&width=533
gundam,model_kit,Gundam Planet,retailer,us,MG Gundam AGE-1 Titus,48.95,,,USD,New,https://www.gundamplanet.com/products/mg-gundam-age-1-titus?_pos=2&_sid=157dbdef6&_ss=r&_fid=fe7456616,https://www.gundamplanet.com/cdn/shop/files/mg-gundam-age-1-titus-00.jpg?v=1737661464&width=533
gundam,model_kit,Gundam Planet,retailer,us,HGUC AMS-123X-X Moon Gundam,42.95,,,USD,New,https://www.gundamplanet.com/products/hguc-ams-123x-x-moon-gundam?_pos=3&_sid=157dbdef6&_ss=r&_fid=fe7456616,https://www.gundamplanet.com/cdn/shop/files/hguc-moon-gundam-gp.jpg?v=1737673129&width=533
gundam,model_kit,Gundam Planet,retailer,us,Entry Grade RX-78-2 Gundam,9.95,,,USD,New,https://www.gundamplanet.com/products/entry-grade-rx-78-2-gundam?_pos=4&_sid=157dbdef6&_ss=r&_fid=fe7456616,https://www.gundamplanet.com/cdn/shop/files/eg-rx-78-2-gundam-gpr.jpg?v=1737683082&width=533
gundam,model_kit,Gundam Planet,retailer,us,MGEX ZGMF-X20A Strike Freedom Gundam,184.95,,,USD,New,https://www.gundamplanet.com/products/mgex-zgmf-x20a-strike-freedom-gundam?_pos=5&_sid=157dbdef6&_ss=r&_fid=fe7456616,https://www.gundamplanet.com/cdn/shop/files/mgex-zgmf-x20a-strike-freedom-gundam-gp.jpg?v=1737709982&width=533
gundam,model_kit,Gundam Planet,retailer,us,MG MBF-02VV Gundam Astray Turn Red,94.95,,,USD,New,https://www.gundamplanet.com/products/mg-mbf-02vv-gundam-astray-turn-red?_pos=6&_sid=157dbdef6&_ss=r&_fid=fe7456616,https://www.gundamplanet.com/cdn/shop/files/mg-mbf-02vv-gundam-astray-turn-red-gp.jpg?v=1737671172&width=533
gundam,model_kit,Gundam Planet,retailer,us,PG GN-0000 00 Gundam + GNR-010 00 Raiser,298.95,,,USD,New,https://www.gundamplanet.com/products/pg-gn-0000-00-gundam-gnr-010-00-raiser?_pos=7&_sid=157dbdef6&_ss=r&_fid=fe7456616,https://www.gundamplanet.com/cdn/shop/files/pg-gn-0000-00-gundam-gnr-010-0-raiser-00.jpg?v=1737659712&width=533
gundam,model_kit,Gundam Planet,retailer,us,MG ASW-G-XX Gundam Vidar,74.95,,,USD,New,https://www.gundamplanet.com/products/mg-asw-g-xx-gundam-vidar?_pos=8&_sid=157dbdef6&_ss=r&_fid=fe7456616,https://www.gundamplanet.com/cdn/shop/files/mg-asw-g-xx-gundam-vidar-gp.jpg?v=1742224541&width=533
gundam,model_kit,Gundam Planet,retailer,us,PG RX-0 Unicorn Gundam,260.95,,,USD,New,https://www.gundamplanet.com/products/pg-rx-0-unicorn-gundam?_pos=9&_sid=157dbdef6&_ss=r&_fid=fe7456616,https://www.gundamplanet.com/cdn/shop/files/pg-rx-0-unicorn-gundam-00.jpg?v=1737663317&width=533
gundam,model_kit,Gundam Planet,retailer,us,RG RX-93-2 Hi-Nu Gundam,62.95,,,USD,New,https://www.gundamplanet.com/products/rg-rx-93-2-hi-nu-gundam?_pos=10&_sid=157dbdef6&_ss=r&_fid=fe7456616,https://www.gundamplanet.com/cdn/shop/files/rg-rx-93-2-hi-nu-gundam-gp.jpg?v=1737691601&width=533
gundam,model_kit,Gundam Planet,retailer,us,1/144 RX-78F00/E Gundam (EX-001 G.L.R.S.S. Feather Unit),46.95,,,USD,New,https://www.gundamplanet.com/products/1-144-rx-78f00-e-gundam-ex-001-g-l-r-s-s-feather-unit?_pos=11&_sid=157dbdef6&_ss=r&_fid=fe7456616,https://www.gundamplanet.com/cdn/shop/files/1-144-rx-78f00-e-gundam-ex-001-g-l-r-s-s-feather-unit-base.jpg?v=1763661827&width=533
gundam,model_kit,Gundam Planet,retailer,us,HG RX-78-02 Gundam (Gundam The Origin Ver.),32.95,,,USD,New,https://www.gundamplanet.com/products/hg-rx-78-02-gundam-gundam-the-origin-ver?_pos=12&_sid=157dbdef6&_ss=r&_fid=fe7456616,https://www.gundamplanet.com/cdn/shop/files/hg-gundam-the-origin-ver-gp.jpg?v=1737680628&width=533
gundam,model_kit,Gundam Planet,retailer,us,1/100 Full Mechanics Gundam Aerial,54.95,,,USD,New,https://www.gundamplanet.com/products/full-mechanics-1-100-gundam-aerial?_pos=13&_sid=157dbdef6&_ss=r&_fid=fe7456616,https://www.gundamplanet.com/cdn/shop/files/full-mechanics-1-100-gundam-aerial-gp.jpg?v=1737713337&width=533
gundam,model_kit,Gundam Planet,retailer,us,PG Unleashed RX-93 Nu Gundam,689.95,,,USD,New,https://www.gundamplanet.com/products/pg-unleashed-rx-93-nu-gundam?_pos=14&_sid=157dbdef6&_ss=r&_fid=fe7456616,https://www.gundamplanet.com/cdn/shop/files/pg-unleashed-rx-93-nu-gundam-base2.jpg?v=1769728142&width=533
gundam,model_kit,Gundam Planet,retailer,us,MG XXXG-01H Gundam Heavyarms EW Ver.,44.95,,,USD,New,https://www.gundamplanet.com/products/mg-xxxg-01h-gundam-heavyarms-ew-ver?_pos=15&_sid=157dbdef6&_ss=r&_fid=fe7456616,https://www.gundamplanet.com/cdn/shop/files/mg-xxxg-01h-gundam-heavyarms-ew-ver-00.jpg?v=1737661433&width=533
gundam,model_kit,Gundam Planet,retailer,us,MGSD Gundam Aerial,50.95,,,USD,New,https://www.gundamplanet.com/products/mgsd-gundam-aerial?_pos=16&_sid=157dbdef6&_ss=r&_fid=fe7456616,https://www.gundamplanet.com/cdn/shop/files/mgsd-gundam-aerial-base2.jpg?v=1755541555&width=533
gundam,model_kit,Gundam Planet,retailer,us,MG RX-93-2 Hi-Nu Gundam Ver.Ka,90.95,,,USD,New,https://www.gundamplanet.com/products/mg-rx-93-2-hi-nu-gundam-ver-ka?_pos=17&_sid=157dbdef6&_ss=r&_fid=fe7456616,https://www.gundamplanet.com/cdn/shop/files/mg-rx-93-2-hi-nu-gundam-ver-ka-00_1.jpg?v=1737663005&width=533
gundam,model_kit,Gundam Planet,retailer,us,MG ZGMF-X10A Freedom Gundam Ver 2.0,60.95,,,USD,New,https://www.gundamplanet.com/products/mg-zgmf-x10a-freedom-gundam-ver-2-0?_pos=18&_sid=157dbdef6&_ss=r&_fid=fe7456616,https://www.gundamplanet.com/cdn/shop/files/mg-zgmf-x10a-freedom-gundam-ver-2-0-00_1.jpg?v=1737664278&width=533
gundam,model_kit,Gundam Planet,retailer,us,RG GF13-017NJII God Gundam (Burning Gundam),50.95,,,USD,New,https://www.gundamplanet.com/products/rg-gf13-017njii-god-gundam?_pos=19&_sid=157dbdef6&_ss=r&_fid=fe7456616,https://www.gundamplanet.com/cdn/shop/files/rg-gf13-017njii-god-gundam-gp.jpg?v=1737702404&width=533
gundam,model_kit,Gundam Planet,retailer,us,PG ZGMF-X20A Strike Freedom Gundam,324.95,,,USD,New,https://www.gundamplanet.com/products/pg-zgmf-x20a-strike-freedom-gundam?_pos=20&_sid=157dbdef6&_ss=r&_fid=fe7456616,https://www.gundamplanet.com/cdn/shop/files/pg-zgmf-x20a-strike-freedom-gundam-gp.jpg?v=1737660523&width=533
gundam,model_kit,Gundam Planet,retailer,us,MG RX-78-2 Gundam Ver 3.0,62.95,,,USD,New,https://www.gundamplanet.com/products/mg-rx-78-2-gundam-ver-3-0?_pos=21&_sid=157dbdef6&_ss=r&_fid=fe7456616,https://www.gundamplanet.com/cdn/shop/files/mg-rx-78-2-gundam-ver-3-0-00_1.jpg?v=1737662037&width=533
gundam,model_kit,Gundam Planet,retailer,us,MGSD Freedom Gundam,54.95,,,USD,New,https://www.gundamplanet.com/products/mgsd-freedom-gundam?_pos=22&_sid=157dbdef6&_ss=r&_fid=fe7456616,https://www.gundamplanet.com/cdn/shop/files/mgsd-freedom-gundam-gp.jpg?v=1737713039&width=533
gundam,model_kit,Gundam Planet,retailer,us,HGAC XXXG-01D2 Gundam Deathscythe Hell,28.95,,,USD,New,https://www.gundamplanet.com/products/hgac-xxxg-01d2-gundam-deathscythe-hell?_pos=23&_sid=157dbdef6&_ss=r&_fid=fe7456616,https://www.gundamplanet.com/cdn/shop/files/hgac-xxxg-01d2-gundam-deathscythe-hell-gp.jpg?v=1741724976&width=533
gundam,model_kit,Gundam Planet,retailer,us,MG F-91 Gundam F91 Ver 2.0,54.95,,,USD,New,https://www.gundamplanet.com/products/mg-f-91-gundam-f91-ver-2-0?_pos=24&_sid=157dbdef6&_ss=r&_fid=fe7456616,https://www.gundamplanet.com/cdn/shop/files/mg-gundam-f91-ver-2-gp.jpg?v=1737671977&width=533
gundam,model_kit,Gundam Planet,retailer,us,RG GF13-017NJ Shining Gundam,42.95,,,USD,New,https://www.gundamplanet.com/products/rg-gf13-017nj-shining-gundam?_pos=25&_sid=157dbdef6&_ss=r&_fid=fe7456616,https://www.gundamplanet.com/cdn/shop/files/rg-gf13-017nj-shining-gundam-base.jpg?v=1750793537&width=533
gundam,model_kit,Gundam Planet,retailer,us,RG XXXG-00W0 Wing Gundam Zero,54.95,,,USD,New,https://www.gundamplanet.com/products/rg-xxxg-00w0-wing-gundam-zero?_pos=26&_sid=157dbdef6&_ss=r&_fid=fe7456616,https://www.gundamplanet.com/cdn/shop/files/rg-xxxg-00w0-wing-gundam-zero-base.jpg?v=1758835725&width=533
gundam,model_kit,Gundam Planet,retailer,us,HG Gundam Lfrith,22.95,,,USD,New,https://www.gundamplanet.com/products/hg-gundam-lfrith?_pos=27&_sid=157dbdef6&_ss=r&_fid=fe7456616,https://www.gundamplanet.com/cdn/shop/files/hg-gundam-lfrith-gp3.jpg?v=1737711066&width=533
gundam,model_kit,Gundam Planet,retailer,us,RG RX-79[G] Gundam Ground Type,54.95,,,USD,New,https://www.gundamplanet.com/products/rg-rx-79g-gundam-ground-type?_pos=28&_sid=157dbdef6&_ss=r&_fid=fe7456616,https://www.gundamplanet.com/cdn/shop/files/rg-rx-79g-gundam-ground-type-00.jpg?v=1787785290&width=533
gundam,model_kit,Gundam Planet,retailer,us,HGUC MRX-009 Psycho Gundam,68.95,,,USD,New,https://www.gundamplanet.com/products/hguc-mrx-009-psycho-gundam?_pos=29&_sid=157dbdef6&_ss=r&_fid=fe7456616,https://www.gundamplanet.com/cdn/shop/files/hguc-mrx-009-psycho-gundam-gp.jpg?v=1737658783&width=533
gundam,model_kit,Gundam Planet,retailer,us,MG XXXG-01W Wing Gundam,54.95,,,USD,New,https://www.gundamplanet.com/products/mg-xxxg-01w-wing-gundam?_pos=30&_sid=157dbdef6&_ss=r&_fid=fe7456616,https://www.gundamplanet.com/cdn/shop/files/mg-xxxg-01w-wing-gundam-00.jpg?v=1737659880&width=533
gundam,model_kit,Gundam Planet,retailer,us,HGAC XXXG-01W Wing Gundam,20.95,,,USD,New,https://www.gundamplanet.com/products/hgac-xxxg-01w-wing-gundam?_pos=31&_sid=157dbdef6&_ss=r&_fid=fe7456616,https://www.gundamplanet.com/cdn/shop/files/hgac-xxxg-01w-wing-gundam-00.jpg?v=1737662333&width=533
gundam,model_kit,Gundam Planet,retailer,us,MG ASW-G-08 Gundam Barbatos,60.95,,,USD,New,https://www.gundamplanet.com/products/mg-asw-g-08-gundam-barbatos?_pos=32&_sid=157dbdef6&_ss=r&_fid=fe7456616,https://www.gundamplanet.com/cdn/shop/files/mg-asw-g-08-gundam-barbatos-gp.jpg?v=1737677587&width=533
gundam,model_kit,Gundam Planet,retailer,us,HGBD:R Earthree Gundam,18.95,,,USD,New,https://www.gundamplanet.com/products/hgbd-r-earthree-gundam?_pos=33&_sid=157dbdef6&_ss=r&_fid=fe7456616,https://www.gundamplanet.com/cdn/shop/files/hgbd-r-earthree-gundam-gp.jpg?v=1737678100&width=533
gundam,model_kit,Gundam Planet,retailer,us,HGUC RX-78AN-01 Gundam AN-01 Tristan,20.95,,,USD,New,https://www.gundamplanet.com/products/hguc-rx-78an-01-gundam-an-01-tristan?_pos=34&_sid=157dbdef6&_ss=r&_fid=fe7456616,https://www.gundamplanet.com/cdn/shop/files/hguc-rx-78an-01-gundam-an-01-tristan-00_1.jpg?v=1737669274&width=533
gundam,model_kit,Gundam Planet,retailer,us,SD Gundam EX-Standard RX-78-2 Gundam / Hello Kitty Set,32.95,,,USD,New,https://www.gundamplanet.com/products/sd-gundam-ex-standard-rx-78-2-gundam-hello-kitty-set?_pos=35&_sid=157dbdef6&_ss=r&_fid=fe7456616,https://www.gundamplanet.com/cdn/shop/files/sdex-gundam-gundam-hello-kitty-set-gp.jpg?v=1737679324&width=533
gundam,model_kit,Gundam Planet,retailer,us,Metal Robot Spirits Wing Gundam,210.95,,,USD,New,https://www.gundamplanet.com/products/metal-robot-spirits-wing-gundam?_pos=36&_sid=157dbdef6&_ss=r&_fid=fe7456616,https://www.gundamplanet.com/cdn/shop/files/metal-robot-spirits-wing-gundam-fr.jpg?v=1753476389&width=533
gundam,model_kit,Gundam Planet,retailer,us,RG ZGMF-X20A Strike Freedom Gundam,44.95,,,USD,New,https://www.gundamplanet.com/products/rg-zgmf-x20a-strike-freedom-gundam?_pos=37&_sid=157dbdef6&_ss=r&_fid=fe7456616,https://www.gundamplanet.com/cdn/shop/files/rg-zgmf-x20a-strike-freedom-gundam-00.jpg?v=1737662394&width=533
gundam,model_kit,Gundam Planet,retailer,us,Metal Build Freedom Gundam Concept 2,350.95,,,USD,New,https://www.gundamplanet.com/products/metal-build-freedom-gundam-concept-2?_pos=38&_sid=157dbdef6&_ss=r&_fid=fe7456616,https://www.gundamplanet.com/cdn/shop/files/metal-build-freedom-gundam-concept-2.jpg?v=1754076343&width=533
gundam,model_kit,Gundam Planet,retailer,us,HG Gundam Schwarzette,24.95,,,USD,New,https://www.gundamplanet.com/products/hg-gundam-schwarzette?_pos=39&_sid=157dbdef6&_ss=r&_fid=fe7456616,https://www.gundamplanet.com/cdn/shop/files/hg-gundam-schwarzette-gp.jpg?v=1737716032&width=533
gundam,model_kit,Gundam Planet,retailer,us,HGCE ZGMF-X666S Legend Gundam,36.95,,,USD,New,https://www.gundamplanet.com/products/hgce-zgmf-x666s-legend-gundam?_pos=40&_sid=157dbdef6&_ss=r&_fid=fe7456616,https://www.gundamplanet.com/cdn/shop/files/hgce-zgmf-x666s-legend-gundam-base.jpg?v=1769453714&width=533
gundam,model_kit,Gundam Planet,retailer,us,HG Gundam Calibarn,24.95,,,USD,New,https://www.gundamplanet.com/products/hg-gundam-calibarn?_pos=41&_sid=157dbdef6&_ss=r&_fid=fe7456616,https://www.gundamplanet.com/cdn/shop/files/hg-gundam-calibarn-gp.jpg?v=1737719019&width=533
gundam,model_kit,Gundam Planet,retailer,us,Metal Robot Spirits Gundam Barbatos Lupus Rex,180.95,,,USD,New,https://www.gundamplanet.com/products/metal-robot-spirits-gundam-barbatos-lupus-rex?_pos=42&_sid=157dbdef6&_ss=r&_fid=fe7456616,https://www.gundamplanet.com/cdn/shop/files/metal-robot-spirits-gundam-barbatos-lupus-rex.png?v=1779833159&width=533
gundam,model_kit,Gundam Planet,retailer,us,MG MSZ-010 ZZ Gundam Ver.Ka,78.95,,,USD,New,https://www.gundamplanet.com/products/mg-msz-010-zz-gundam-ver-ka?_pos=43&_sid=157dbdef6&_ss=r&_fid=fe7456616,https://www.gundamplanet.com/cdn/shop/files/mg-msz-010-zz-gundam-ver-ka-00.jpg?v=1737669692&width=533
gundam,model_kit,Gundam Planet,retailer,us,Metal Robot Spirits Nu Gundam,184.95,,,USD,New,https://www.gundamplanet.com/products/metal-robot-spirits-nu-gundam?_pos=44&_sid=157dbdef6&_ss=r&_fid=fe7456616,https://www.gundamplanet.com/cdn/shop/files/metal-robot-spirits-v-gundam-base.jpg?v=1754349778&width=533
gundam,model_kit,Gundam Planet,retailer,us,RG RX-0 Unicorn Gundam,52.95,,,USD,New,https://www.gundamplanet.com/products/rg-rx-0-unicorn-gundam?_pos=45&_sid=157dbdef6&_ss=r&_fid=fe7456616,https://www.gundamplanet.com/cdn/shop/files/rg-rx-0-unicorn-gundam-00.jpg?v=1737669356&width=533
gundam,model_kit,Gundam Planet,retailer,us,Metal Build Strike Freedom Gundam Revival Ver.,350.95,,,USD,New,https://www.gundamplanet.com/products/metal-build-strike-freedom-gundam-revival-ver?_pos=46&_sid=157dbdef6&_ss=r&_fid=fe7456616,https://www.gundamplanet.com/cdn/shop/files/metal-build-strike-freedom-gundam-revival-ver1.jpg?v=1772591771&width=533
gundam,model_kit,Gundam Planet,retailer,us,MG ZGMF-X09A Justice Gundam,64.95,,,USD,New,https://www.gundamplanet.com/products/mg-zgmf-x09a-justice-gundam?_pos=47&_sid=157dbdef6&_ss=r&_fid=fe7456616,https://www.gundamplanet.com/cdn/shop/files/mg-zgmf-x09a-justice-gundam-00.jpg?v=1737668792&width=533
gundam,model_kit,Gundam Planet,retailer,us,MG XXXG-01W Wing Gundam EW Ver.,42.95,,,USD,New,https://www.gundamplanet.com/products/mg-xxxg-01w-wing-gundam-ew-ver?_pos=48&_sid=157dbdef6&_ss=r&_fid=fe7456616,https://www.gundamplanet.com/cdn/shop/files/mg-xxxg-01w-wing-gundam-ew-ver-gp.jpg?v=1737660805&width=533
gundam,model_kit,Gundam Planet,retailer,us,HGAC XXXG-00W0 Wing Gundam Zero,20.95,,,USD,New,https://www.gundamplanet.com/products/hgac-xxxg-00w0-wing-gundam-zero?_pos=49&_sid=157dbdef6&_ss=r&_fid=fe7456616,https://www.gundamplanet.com/cdn/shop/files/hgac-xxxg-00w0-wing-gundam-zero-00.jpg?v=1737662366&width=533
gundam,model_kit,Gundam Planet,retailer,us,HG IBO Gundam Vidar,16.95,,,USD,New,https://www.gundamplanet.com/products/hg-ibo-gundam-vidar?_pos=50&_sid=157dbdef6&_ss=r&_fid=fe7456616,https://www.gundamplanet.com/cdn/shop/files/hg-ibo-gundam-vidar-00.jpg?v=1737665032&width=533
gundam,model_kit,Gundam Planet,retailer,us,MG FA-78-1 Full Armor Gundam,68.95,,,USD,New,https://www.gundamplanet.com/products/mg-fa-78-1-full-armor-gundam?_pos=51&_sid=157dbdef6&_ss=r&_fid=fe7456616,https://www.gundamplanet.com/cdn/shop/files/mg-fa-78-1-full-armor-gundam-00.jpg?v=1737660003&width=533
gundam,model_kit,Gundam Planet,retailer,us,[ST01] Gundam Assemble Starter Set 01,34.95,,,USD,New,https://www.gundamplanet.com/products/st01-gundam-assemble-starter-set-01?_pos=52&_sid=157dbdef6&_ss=r&_fid=fe7456616,https://www.gundamplanet.com/cdn/shop/files/st01-gundam-assemble-starter-set-011.jpg?v=1772584809&width=533
gundam,model_kit,Gundam Planet,retailer,us,HGAC XXXG-01D Gundam Deathscythe,20.95,,,USD,New,https://www.gundamplanet.com/products/hgac-xxxg-01d-gundam-deathscythe?_pos=53&_sid=157dbdef6&_ss=r&_fid=fe7456616,https://www.gundamplanet.com/cdn/shop/files/hgac-xxxg-01d-gundam-deathscythe-gp.jpg?v=1737689398&width=533
gundam,model_kit,Gundam Planet,retailer,us,SDBF Star Winning Gundam,18.95,,,USD,New,https://www.gundamplanet.com/products/sdbf-star-winning-gundam?_pos=54&_sid=157dbdef6&_ss=r&_fid=fe7456616,https://www.gundamplanet.com/cdn/shop/files/sdbf-star-winning-gundam-00.jpg?v=1737663702&width=533
gundam,model_kit,Gundam Planet,retailer,us,MG MBF-P03D Gundam Astray Blue Frame D,58.95,,,USD,New,https://www.gundamplanet.com/products/mg-mbf-p03d-gundam-astray-blue-frame-d?_pos=55&_sid=157dbdef6&_ss=r&_fid=fe7456616,https://www.gundamplanet.com/cdn/shop/files/mg-gundam-astray-blue-frame-d-00.jpg?v=1737663198&width=533
gundam,model_kit,Gundam Planet,retailer,us,MG FXA-05D/RX-178 Super Gundam,54.95,,,USD,New,https://www.gundamplanet.com/products/mg-fxa-05d-rx-178-super-gundam?_pos=56&_sid=157dbdef6&_ss=r&_fid=fe7456616,https://www.gundamplanet.com/cdn/shop/files/mg-fxa-05d-rx-178-super-gundam-00.jpg?v=1781310136&width=533
gundam,model_kit,Gundam Planet,retailer,us,MG MVF-X08 Eclipse Gundam,68.95,,,USD,New,https://www.gundamplanet.com/products/mg-mvf-x08-eclipse-gundam?_pos=57&_sid=157dbdef6&_ss=r&_fid=fe7456616,https://www.gundamplanet.com/cdn/shop/files/mg-mvf-x08-eclipse-gundam-gp.jpg?v=1737692033&width=533
gundam,model_kit,Gundam Planet,retailer,us,HGAW GT-9600 Gundam Leopard,30.95,,,USD,New,https://www.gundamplanet.com/products/hgaw-gt-9600-gundam-leopard?_pos=58&_sid=157dbdef6&_ss=r&_fid=fe7456616,https://www.gundamplanet.com/cdn/shop/files/hgaw-gt-9600-gundam-leopard-base.jpg?v=1785789540&width=533
gundam,model_kit,Gundam Planet,retailer,us,Entry Grade Wing Gundam,12.95,,,USD,New,https://www.gundamplanet.com/products/entry-grade-wing-gundam?_pos=59&_sid=157dbdef6&_ss=r&_fid=fe7456616,https://www.gundamplanet.com/cdn/shop/files/entry-grade-wing-gundam-base.jpg?v=1760370118&width=533
gundam,model_kit,Gundam Planet,retailer,us,MG GAT-X105 Aile Strike Gundam Ver.RM,56.95,,,USD,New,https://www.gundamplanet.com/products/mg-gat-x105-aile-strike-gundam-ver-rm?_pos=60&_sid=157dbdef6&_ss=r&_fid=fe7456616,https://www.gundamplanet.com/cdn/shop/files/mg-gat-x105-aile-strike-gundam-ver-rm-00.jpg?v=1737661954&width=533
gundam,model_kit,Gundam Planet,retailer,us,MG ASW-G-08 Gundam Barbatos Lupus,84.95,,,USD,New,https://www.gundamplanet.com/products/mg-asw-g-08-gundam-barbatos-lupus?_pos=61&_sid=157dbdef6&_ss=r&_fid=fe7456616,https://www.gundamplanet.com/cdn/shop/files/mg-asw-g-08-gundam-barbatos-lupus-base.jpg?v=1763409928&width=533
gundam,model_kit,Gundam Planet,retailer,us,MG FA-010S Full Armor ZZ Gundam Ver.Ka,144.95,,,USD,New,https://www.gundamplanet.com/products/mg-fa-010s-full-armor-zz-gundam-ver-ka?_pos=62&_sid=157dbdef6&_ss=r&_fid=fe7456616,https://www.gundamplanet.com/cdn/shop/files/mg-full-armor-zz-gundam-base.jpg?v=1771440060&width=533
gundam,model_kit,Gundam Planet,retailer,us,HG gMS-α Red Gundam,30.95,,,USD,New,https://www.gundamplanet.com/products/hg-red-gundam?_pos=63&_sid=157dbdef6&_ss=r&_fid=fe7456616,https://www.gundamplanet.com/cdn/shop/files/hg-red-gundam-base.jpg?v=1748295768&width=533
gundam,model_kit,Gundam Planet,retailer,us,HG Gundam Lfrith Thorn,22.95,,,USD,New,https://www.gundamplanet.com/products/hg-gundam-lfrith-thorn?_pos=64&_sid=157dbdef6&_ss=r&_fid=fe7456616,https://www.gundamplanet.com/cdn/shop/files/hg-gundam-lfrith-thorn-gp.jpg?v=1737714551&width=533
gundam,model_kit,Gundam Planet,retailer,us,MG WD-M01 Turn A Gundam,52.95,,,USD,New,https://www.gundamplanet.com/products/mg-wd-m01-turn-a-gundam?_pos=65&_sid=157dbdef6&_ss=r&_fid=fe7456616,https://www.gundamplanet.com/cdn/shop/files/mg-wd-m01-turn-a-gundam-00.jpg?v=1737659417&width=533
gundam,model_kit,Gundam Planet,retailer,us,HG Shin Burning Gundam,34.95,,,USD,New,https://www.gundamplanet.com/products/hg-shin-burning-gundam?_pos=66&_sid=157dbdef6&_ss=r&_fid=fe7456616,https://www.gundamplanet.com/cdn/shop/files/hg-shin-burning-gundam-gp.jpg?v=1737724482&width=533
gundam,model_kit,Gundam Planet,retailer,us,HGAW GX-9900 Gundam X,24.95,,,USD,New,https://www.gundamplanet.com/products/hgaw-gx-9900-gundam-x?_pos=67&_sid=157dbdef6&_ss=r&_fid=fe7456616,https://www.gundamplanet.com/cdn/shop/files/hgaw-gx-9900-gundam-x-base.jpg?v=1785789609&width=533
gundam,model_kit,Gundam Planet,retailer,us,RG RX-78-2 Gundam,30.95,,,USD,New,https://www.gundamplanet.com/products/rg-rx-78-2-gundam?_pos=68&_sid=157dbdef6&_ss=r&_fid=fe7456616,https://www.gundamplanet.com/cdn/shop/files/rg-rx-78-2-gundam-00.jpg?v=1737660333&width=533
gundam,model_kit,Gundam Planet,retailer,us,1/100 Full Mechanics GAT-X252 Forbidden Gundam,74.95,,,USD,New,https://www.gundamplanet.com/products/1-100-full-mechanics-gat-x252-forbidden-gundam?_pos=69&_sid=157dbdef6&_ss=r&_fid=fe7456616,https://www.gundamplanet.com/cdn/shop/files/1-100-full-mechanics-gat-x252-forbidden-gundam-gp2.jpg?v=1737721102&width=533
gundam,model_kit,Gundam Planet,retailer,us,MG GF13-017NJII God Gundam (Burning Gundam),34.95,,,USD,New,https://www.gundamplanet.com/products/mg-gf13-017njii-god-gundam?_pos=70&_sid=157dbdef6&_ss=r&_fid=fe7456616,https://www.gundamplanet.com/cdn/shop/files/mg-gf13-017njii-god-gundam-00.jpg?v=1737659210&width=533
gundam,model_kit,Gundam Planet,retailer,us,[DX01] Gundam Assemble Deluxe Set 01,96.95,,,USD,New,https://www.gundamplanet.com/products/dx01-gundam-assemble-deluxe-set-01?_pos=71&_sid=157dbdef6&_ss=r&_fid=fe7456616,https://www.gundamplanet.com/cdn/shop/files/dx01-gundam-assemble-deluxe-set-011.jpg?v=1772584815&width=533
gundam,model_kit,Gundam Planet,retailer,us,FG RX-78-2 Gundam,10.0,,,USD,New,https://www.gundamplanet.com/products/fg-rx-78-2-gundam?_pos=72&_sid=157dbdef6&_ss=r&_fid=fe7456616,https://www.gundamplanet.com/cdn/shop/files/fg-rx-78-2-gundam-01.jpg?v=1737661420&width=533
gundam,model_kit,Gundam Planet,retailer,us,RG ZGMF-X09A Justice Gundam,34.95,,,USD,New,https://www.gundamplanet.com/products/rg-zgmf-x09a-justice-gundam?_pos=73&_sid=157dbdef6&_ss=r&_fid=fe7456616,https://www.gundamplanet.com/cdn/shop/files/rg-justice-gundam-00.jpg?v=1737661719&width=533
gundam,model_kit,Gundam Planet,retailer,us,HGCC WD-M01 Turn A Gundam,20.95,,,USD,New,https://www.gundamplanet.com/products/hgcc-wd-m01-turn-a-gundam?_pos=74&_sid=157dbdef6&_ss=r&_fid=fe7456616,https://www.gundamplanet.com/cdn/shop/files/hgcc-wd-m01-turn-a-gundam-00.jpg?v=1737662353&width=533
gundam,model_kit,Gundam Planet,retailer,us,MGEX ZGMF/A-262PD-P Mighty Strike Freedom Gundam,280.95,,,USD,New,https://www.gundamplanet.com/products/mgex-zgmf-a-262pd-p-mighty-strike-freedom-gundam?_pos=75&_sid=157dbdef6&_ss=r&_fid=fe7456616,https://www.gundamplanet.com/cdn/shop/files/mgex-mighty-strike-freeom-test-base.jpg?v=1787787094&width=533
gundam,model_kit,Gundam Planet,retailer,us,HG IBO Gundam Barbatos Lupus,16.95,,,USD,New,https://www.gundamplanet.com/products/hg-ibo-gundam-barbatos-lupus?_pos=76&_sid=157dbdef6&_ss=r&_fid=fe7456616,https://www.gundamplanet.com/cdn/shop/files/hg-ibo-gundam-barbatos-lupus-00.jpg?v=1737664944&width=533
gundam,model_kit,Gundam Planet,retailer,us,PG XXXG-00W0 Wing Gundam Zero Custom,194.95,,,USD,New,https://www.gundamplanet.com/products/pg-xxxg-00w0-wing-gundam-zero-custom?_pos=77&_sid=157dbdef6&_ss=r&_fid=fe7456616,https://www.gundamplanet.com/cdn/shop/files/pg-xxxg-00w0-wing-gundam-zero-custom-00.jpg?v=1737659703&width=533
gundam,model_kit,Gundam Planet,retailer,us,HGFC GF13-017NJII God Gundam (Burning Gundam),24.95,,,USD,New,https://www.gundamplanet.com/products/hgfc-gf13-017njii-god-gundam?_pos=78&_sid=157dbdef6&_ss=r&_fid=fe7456616,https://www.gundamplanet.com/cdn/shop/files/hgfc-gf13-017njii-god-gundam-00.jpg?v=1737659953&width=533
gundam,model_kit,Gundam Planet,retailer,us,1/144 RX-78F00/E Gundam (EX-001 G.L.R.S.S. Feather Unit) Chemical Recycle Ver.,46.95,,,USD,New,https://www.gundamplanet.com/products/1-144-rx-78f00-e-gundam-ex-001-g-l-r-s-s-feather-unit-chemical-recycle-ver?_pos=79&_sid=157dbdef6&_ss=r&_fid=fe7456616,https://www.gundamplanet.com/cdn/shop/files/1-144-rx-78f00-e-gundam-ex-001-g-l-r-s-s-feather-unit-chemical-recycle-ver-base2.jpg?v=1763662521&width=533
gundam,model_kit,Gundam Planet,retailer,us,HGAC XXXG-01SR2 Gundam Sandrock Custom (EW Ver.),46.95,,,USD,New,https://www.gundamplanet.com/products/hgac-xxxg-01sr2-gundam-sandrock-custom-ew-ver?_pos=80&_sid=157dbdef6&_ss=r&_fid=fe7456616,https://www.gundamplanet.com/cdn/shop/files/hgac-xxxg-01sr2-gundam-sandrock-custom-ew-ver-base.jpg?v=1780335427&width=533
gundam,model_kit,Gundam Planet,retailer,us,MG XXXG-01SR Gundam Sandrock EW Ver.,48.95,,,USD,New,https://www.gundamplanet.com/products/mg-xxxg-01sr-gundam-sandrock-ew-ver?_pos=81&_sid=157dbdef6&_ss=r&_fid=fe7456616,https://www.gundamplanet.com/cdn/shop/files/mg-xxxg-01sr-gundam-sandrock-ew-ver-00.jpg?v=1737661076&width=533
gundam,model_kit,Gundam Planet,retailer,us,HGUC RX-178 Gundam Mk-II AEUG Revive,20.95,,,USD,New,https://www.gundamplanet.com/products/hguc-rx-178-gundam-mk-ii-aeug-revive?_pos=82&_sid=157dbdef6&_ss=r&_fid=fe7456616,https://www.gundamplanet.com/cdn/shop/files/hguc-rx-178-gundam-mk-ii-aeug-revive-00.jpg?v=1737664069&width=533
gundam,model_kit,Gundam Planet,retailer,us,MG RX-0 Full Armor Unicorn Gundam Ver.Ka,104.95,,,USD,New,https://www.gundamplanet.com/products/mg-rx-0-full-armor-unicorn-gundam-ver-ka?_pos=83&_sid=157dbdef6&_ss=r&_fid=fe7456616,https://www.gundamplanet.com/cdn/shop/files/mg-rx-0-full-armor-unicorn-gundam-ver-ka-00.jpg?v=1737661298&width=533
gundam,model_kit,Gundam Planet,retailer,us,RG ZGMF-X42S Destiny Gundam,30.95,,,USD,New,https://www.gundamplanet.com/products/rg-zgmf-x42s-destiny-gundam?_pos=84&_sid=157dbdef6&_ss=r&_fid=fe7456616,https://www.gundamplanet.com/cdn/shop/files/rg-zgmf-x42s-destiny-gundam-00.jpg?v=1737661900&width=533
gundam,model_kit,Gundam Planet,retailer,us,MG MSZ-006 Zeta Gundam Ver.Ka,88.95,,,USD,New,https://www.gundamplanet.com/products/mg-msz-006-zeta-gundam-ver-ka?_pos=85&_sid=157dbdef6&_ss=r&_fid=fe7456616,https://www.gundamplanet.com/cdn/shop/files/mg-msz-006-zeta-gundam-ver-ka-gpt.jpg?v=1737713212&width=533
gundam,model_kit,Gundam Planet,retailer,us,HGAC XXXG-01H Gundam Heavyarms,20.95,,,USD,New,https://www.gundamplanet.com/products/hgac-xxxg-01h-gundam-heavyarms?_pos=86&_sid=157dbdef6&_ss=r&_fid=fe7456616,https://www.gundamplanet.com/cdn/shop/files/hgac-xxxg-01h-gundam-heavyarms-gp2.jpg?v=1737682909&width=533
gundam,model_kit,Gundam Planet,retailer,us,SD Gundam EX-Standard Nu Gundam,12.95,,,USD,New,https://www.gundamplanet.com/products/sd-gundam-ex-standard-nu-gundam?_pos=87&_sid=157dbdef6&_ss=r&_fid=fe7456616,https://www.gundamplanet.com/cdn/shop/files/sdex-nu-gundam-gp.jpg?v=1737683292&width=533
gundam,model_kit,Gundam Planet,retailer,us,HGCE ZGMF-X42S Destiny Gundam,28.95,,,USD,New,https://www.gundamplanet.com/products/hgce-zgmf-x42s-destiny-gundam?_pos=88&_sid=157dbdef6&_ss=r&_fid=fe7456616,https://www.gundamplanet.com/cdn/shop/files/hgce-destiny-gundam-revive-gp.jpg?v=1737675241&width=533
gundam,model_kit,Gundam Planet,retailer,us,MG RX-78GP03S Gundam GP03S Stamen,48.95,,,USD,New,https://www.gundamplanet.com/products/mg-rx-78gp03s-gundam-gp03s-stamen?_pos=89&_sid=157dbdef6&_ss=r&_fid=fe7456616,https://www.gundamplanet.com/cdn/shop/files/mg-rx-78gp03s-gundam-stamen-gp.jpg?v=1737659114&width=533
gundam,model_kit,Gundam Planet,retailer,us,HG Gundam Ground Urban Combat Type,24.95,,,USD,New,https://www.gundamplanet.com/products/hg-gundam-ground-urban-combat-type?_pos=90&_sid=157dbdef6&_ss=r&_fid=fe7456616,https://www.gundamplanet.com/cdn/shop/files/hg-gundam-ground-urban-combat-type-gp.jpg?v=1737695033&width=533
gundam,model_kit,Gundam Planet,retailer,us,Gundam Universe Gundam Epyon (Mobile Suit Gundam Wing),38.95,,,USD,New,https://www.gundamplanet.com/products/gundam-universe-gundam-epyon-mobile-suit-gundam-wing?_pos=91&_sid=157dbdef6&_ss=r&_fid=fe7456616,https://www.gundamplanet.com/cdn/shop/files/gundam-universe-gundam-epyon-mobile-suit-gundam-wing-base.jpg?v=1750175467&width=533
gundam,model_kit,Gundam Planet,retailer,us,HGBF Crossbone Gundam X1 Full Cloth Type.GBFT,30.95,,,USD,New,https://www.gundamplanet.com/products/hgbf-crossbone-gundam-x1-full-cloth-type-gbft?_pos=92&_sid=157dbdef6&_ss=r&_fid=fe7456616,https://www.gundamplanet.com/cdn/shop/files/hgbf-crossbone-gundam-x1-full-cloth-type-gbft-00.jpg?v=1737663229&width=533
gundam,model_kit,Gundam Planet,retailer,us,HG MS-05B Zaku I (Gundam Thunderbolt Anime Ver.),26.95,,,USD,New,https://www.gundamplanet.com/products/hg-ms-05b-zaku-i-gundam-thunderbolt-anime-ver?_pos=93&_sid=157dbdef6&_ss=r&_fid=fe7456616,https://www.gundamplanet.com/cdn/shop/files/hg-ms-05b-zaku-i-gundam-thunderbolt-anime-ver-00.jpg?v=1781202371&width=533
gundam,model_kit,Gundam Planet,retailer,us,MG RX-178 Gundam Mk-II Titans Ver 2.0,48.95,,,USD,New,https://www.gundamplanet.com/products/mg-rx-178-gundam-mk-ii-titans-ver-2-0?_pos=94&_sid=157dbdef6&_ss=r&_fid=fe7456616,https://www.gundamplanet.com/cdn/shop/files/mg-rx-178-gundam-mk-ii-titans-ver-2-0-00.jpg?v=1737659311&width=533
gundam,model_kit,Gundam Planet,retailer,us,HG00 Gundam Kyrios,20.95,,,USD,New,https://www.gundamplanet.com/products/hg00-gundam-kyrios?_pos=95&_sid=157dbdef6&_ss=r&_fid=fe7456616,https://www.gundamplanet.com/cdn/shop/files/hg00-gundam-kyrios-00.jpg?v=1737659993&width=533
gundam,model_kit,Gundam Planet,retailer,us,HG Blazing Gundam,24.95,,,USD,New,https://www.gundamplanet.com/products/hg-blazing-gundam?_pos=96&_sid=157dbdef6&_ss=r&_fid=fe7456616,https://www.gundamplanet.com/cdn/shop/files/hg-blazing-gundam-gp_1.jpg?v=1737694544&width=533
gundam,model_kit,Gundam Planet,retailer,us,HGAW GW-9800 Gundam Airmaster,24.95,,,USD,New,https://www.gundamplanet.com/products/hgaw-gw-9800-gundam-airmaster?_pos=97&_sid=157dbdef6&_ss=r&_fid=fe7456616,https://www.gundamplanet.com/cdn/shop/files/hgaw-gw-9800-gundam-airmaster-base.jpg?v=1785790590&width=533
gundam,model_kit,Gundam Planet,retailer,us,HG Wing Gundam Sky Zero,24.95,,,USD,New,https://www.gundamplanet.com/products/hg-wing-gundam-sky-zero?_pos=98&_sid=157dbdef6&_ss=r&_fid=fe7456616,https://www.gundamplanet.com/cdn/shop/files/hg-wing-gundam-sky-zero-gp.jpg?v=1737694997&width=533
gundam,model_kit,Gundam Planet,retailer,us,HG00 Cherudim Gundam GNHW/R,26.95,,,USD,New,https://www.gundamplanet.com/products/hg00-cherudim-gundam-gnhw-r?_pos=99&_sid=157dbdef6&_ss=r&_fid=fe7456616,https://www.gundamplanet.com/cdn/shop/files/hg00-cherudim-gundam-gnhw-r-00.jpg?v=1737660167&width=533
gundam,model_kit,Gundam Planet,retailer,us,HG IBO Gundam Astaroth,14.95,,,USD,New,https://www.gundamplanet.com/products/hg-ibo-gundam-astaroth?_pos=100&_sid=157dbdef6&_ss=r&_fid=fe7456616,https://www.gundamplanet.com/cdn/shop/files/hg-ibo-gundam-astaroth-00.jpg?v=1737664518&width=533
gundam,model_kit,Gundam Planet,retailer,us,HGUC RX-178 Gundam Mk-II Titans Revive,20.95,,,USD,New,https://www.gundamplanet.com/products/hguc-rx-178-gundam-mk-ii-titans-revive?_pos=101&_sid=157dbdef6&_ss=r&_fid=fe7456616,https://www.gundamplanet.com/cdn/shop/files/hguc-rx-178-gundam-mk-ii-titans-revive-00.jpg?v=1737664086&width=533
gundam,model_kit,Gundam Planet,retailer,us,HG Gundam 00 Diver Arc,32.95,,,USD,New,https://www.gundamplanet.com/products/hg-gundam-00-diver-arc?_pos=102&_sid=157dbdef6&_ss=r&_fid=fe7456616,https://www.gundamplanet.com/cdn/shop/files/hg-gundam-00-diver-arc-gp.jpg?v=1737723208&width=533
gundam,model_kit,Gundam Planet,retailer,us,Best Mecha Collection 1/144 RX-78-2 Gundam (Revival Ver.),14.95,,,USD,New,https://www.gundamplanet.com/products/best-mecha-collection-1-144-rx-78-2-gundam-revival-ver?_pos=103&_sid=157dbdef6&_ss=r&_fid=fe7456616,https://www.gundamplanet.com/cdn/shop/files/best-mecha-collection-1-144-rx-78-2-gundam-revival-ver-gp_1.jpg?v=1737742344&width=533
gundam,model_kit,Gundam Planet,retailer,us,HG Gundam G-Self (Atmospheric Pack Equipped),22.95,,,USD,New,https://www.gundamplanet.com/products/hg-gundam-g-self-atmospheric-pack-equipped?_pos=104&_sid=157dbdef6&_ss=r&_fid=fe7456616,https://www.gundamplanet.com/cdn/shop/files/hg-gundam-g-self-atmospheric-pack-equipped-00.jpg?v=1737663124&width=533
gundam,model_kit,Gundam Planet,retailer,us,HGBF Star Burning Gundam,20.95,,,USD,New,https://www.gundamplanet.com/products/hgbf-star-burning-gundam?_pos=105&_sid=157dbdef6&_ss=r&_fid=fe7456616,https://www.gundamplanet.com/cdn/shop/files/hgbf-star-burning-gundam-00.jpg?v=1737669413&width=533
gundam,model_kit,Gundam Planet,retailer,us,HGAC XXXG-01SR Gundam Sandrock,20.95,,,USD,New,https://www.gundamplanet.com/products/hgac-xxxg-01sr-gundam-sandrock?_pos=106&_sid=157dbdef6&_ss=r&_fid=fe7456616,https://www.gundamplanet.com/cdn/shop/files/hgac-gundam-sandrock-gp.jpg?v=1737677149&width=533
gundam,model_kit,Gundam Planet,retailer,us,HGUC RX-105 Ξ Gundam (Xi Gundam) (The Sorcery of Nymph Circe),92.95,,,USD,New,https://www.gundamplanet.com/products/hguc-rx-105-xi-gundam-the-sorcery-of-nymph-circe?_pos=107&_sid=157dbdef6&_ss=r&_fid=fe7456616,https://www.gundamplanet.com/cdn/shop/files/hguc-rx-105-xi-gundam-the-sorcery-of-nymph-circe-base.jpg?v=1776699876&width=533
gundam,model_kit,Gundam Planet,retailer,us,HGUC MSZ-006 Zeta Gundam Revive,24.95,,,USD,New,https://www.gundamplanet.com/products/hguc-msz-006-zeta-gundam-revive?_pos=108&_sid=157dbdef6&_ss=r&_fid=fe7456616,https://www.gundamplanet.com/cdn/shop/files/hguc-msz-006-zeta-gundam-revive-00_1.jpg?v=1737665427&width=533
gundam,model_kit,Gundam Planet,retailer,us,HGAC XXXG-01S2 Altron Gundam,28.95,,,USD,New,https://www.gundamplanet.com/products/hgac-xxxg-01s2-altron-gundam?_pos=109&_sid=157dbdef6&_ss=r&_fid=fe7456616,https://www.gundamplanet.com/cdn/shop/files/hgac-xxxg-01s2-altron-gundam-gp2.jpg?v=1741724547&width=533
gundam,model_kit,Gundam Planet,retailer,us,RG GAT-X105B Build Strike Gundam Full Package,34.95,,,USD,New,https://www.gundamplanet.com/products/rg-gat-x105b-build-strike-gundam-full-package?_pos=110&_sid=157dbdef6&_ss=r&_fid=fe7456616,https://www.gundamplanet.com/cdn/shop/files/rg-gat-x105b-build-strike-gundam-full-package-00.jpg?v=1737665044&width=533
gundam,model_kit,Gundam Planet,retailer,us,MG ZGMF-19A Infinite Justice Gundam,60.95,,,USD,New,https://www.gundamplanet.com/products/mg-zgmf-19a-infinite-justice-gundam?_pos=111&_sid=157dbdef6&_ss=r&_fid=fe7456616,https://www.gundamplanet.com/cdn/shop/files/mg-zgmf-19a-infinite-justice-gundam-00.jpg?v=1737659493&width=533
gundam,model_kit,Gundam Planet,retailer,us,Gundam Universe Unicorn Gundam Renewal (Mobile Suit Gundam Unicorn),38.95,,,USD,New,https://www.gundamplanet.com/products/gundam-universe-unicorn-gundam-renewal-mobile-suit-gundam-unicorn?_pos=112&_sid=157dbdef6&_ss=r&_fid=fe7456616,https://www.gundamplanet.com/cdn/shop/files/gundam-universe-unicorn-gundam-renewal13.jpg?v=1737758679&width=533
gundam,model_kit,Gundam Planet,retailer,us,HGUC RX-121-1 Gundam TR-1 [Hazel Custom],18.95,,,USD,New,https://www.gundamplanet.com/products/hguc-rx-121-1-gundam-tr-1-hazel-custom?_pos=113&_sid=157dbdef6&_ss=r&_fid=fe7456616,https://www.gundamplanet.com/cdn/shop/files/hguc-rx-121-1-gundam-tr-1-hazel-custom-gp.jpg?v=1737658824&width=533
gundam,model_kit,Gundam Planet,retailer,us,HG MBF-P02 Gundam Astray Red Frame Flight Unit,24.95,,,USD,New,https://www.gundamplanet.com/products/hg-mbf-p02-gundam-astray-red-frame-flight-unit?_pos=114&_sid=157dbdef6&_ss=r&_fid=fe7456616,https://www.gundamplanet.com/cdn/shop/files/hg-mbf-p02-gundam-astray-red-frame-flight-unit-00.jpg?v=1737662289&width=533
gundam,model_kit,Gundam Planet,retailer,us,HGUC RX-93-2 Hi-Nu Gundam,30.95,,,USD,New,https://www.gundamplanet.com/products/hguc-rx-93-2-hi-nu-gundam?_pos=115&_sid=157dbdef6&_ss=r&_fid=fe7456616,https://www.gundamplanet.com/cdn/shop/files/hguc-rx-93-2-hi-nu-gundam-00.jpg?v=1737658976&width=533
gundam,model_kit,Gundam Planet,retailer,us,HG00 O Gundam Operational Mode (Type A.C.D.),18.95,,,USD,New,https://www.gundamplanet.com/products/hg00-o-gundam-operational-mode-type-a-c-d?_pos=116&_sid=157dbdef6&_ss=r&_fid=fe7456616,https://www.gundamplanet.com/cdn/shop/files/hg00-o-gundam-operational-mode-type-a-c-d-00.jpg?v=1737660123&width=533
gundam,model_kit,Gundam Planet,retailer,us,HG RX-78[G]E Gundam EX (Requiem for Vengeance),22.95,,,USD,New,https://www.gundamplanet.com/products/hg-gundam-ex-requiem-for-vengeance?_pos=117&_sid=157dbdef6&_ss=r&_fid=fe7456616,https://www.gundamplanet.com/cdn/shop/files/hg-gundam-ex-requiem-for-vengeance-gp.jpg?v=1737742308&width=533
gundam,model_kit,Gundam Planet,retailer,us,PG GAT-X105+AQM/E-YM1 Perfect Strike Gundam,298.95,,,USD,New,https://www.gundamplanet.com/products/pg-gat-x105-aqm-e-ym1-perfect-strike-gundam?_pos=118&_sid=157dbdef6&_ss=r&_fid=fe7456616,https://www.gundamplanet.com/cdn/shop/files/pg-perfect-strike-gundam-gp.jpg?v=1737679378&width=533
gundam,model_kit,Gundam Planet,retailer,us,MG MBF-P02KAI Gundam Astray Red Frame Kai,68.95,,,USD,New,https://www.gundamplanet.com/products/mg-mbf-p02kai-gundam-astray-red-frame-kai?_pos=119&_sid=157dbdef6&_ss=r&_fid=fe7456616,https://www.gundamplanet.com/cdn/shop/files/mg-mbf-p02kai-gundam-astray-red-frame-kai-00_1.jpg?v=1737659744&width=533
gundam,model_kit,Gundam Planet,retailer,us,SD Gundam Cross Silhouette F-Kunoichi Kai (F9no1 Kai),24.95,,,USD,New,https://www.gundamplanet.com/products/sd-gundam-cross-silhouette-f-kunoichi-kai?_pos=120&_sid=157dbdef6&_ss=r&_fid=fe7456616,https://www.gundamplanet.com/cdn/shop/files/sd-gundam-cross-silhouette-f-kunoichi-kai-gp.jpg?v=1737724503&width=533
gundam,model_kit,Gundam Planet,retailer,us,MG GX-9900 Gundam X,52.95,,,USD,New,https://www.gundamplanet.com/products/mg-gx-9900-gundam-x?_pos=121&_sid=157dbdef6&_ss=r&_fid=fe7456616,https://www.gundamplanet.com/cdn/shop/files/mg-gx-9900-gundam-x-base.jpg?v=1785790150&width=533
gundam,model_kit,Gundam Planet,retailer,us,Gundam Universe RX-78GP01Fb Gundam Full Burnern,24.95,,,USD,New,https://www.gundamplanet.com/products/gundam-universe-rx-78gp01fb-gundam-full-burnern?_pos=122&_sid=157dbdef6&_ss=r&_fid=fe7456616,https://www.gundamplanet.com/cdn/shop/files/gundam-universe-rx-78gp01fb-gundam-full-burnern-base.jpg?v=1750175628&width=533
gundam,model_kit,Gundam Planet,retailer,us,MG GAT-X303 Aegis Gundam,58.95,,,USD,New,https://www.gundamplanet.com/products/mg-gat-x303-aegis-gundam?_pos=123&_sid=157dbdef6&_ss=r&_fid=fe7456616,https://www.gundamplanet.com/cdn/shop/files/mg-gat-x303-aegis-gundam-00_1.jpg?v=1737661851&width=533
gundam,model_kit,Gundam Planet,retailer,us,HG00 Reborns Gundam,22.95,,,USD,New,https://www.gundamplanet.com/products/hg00-reborns-gundam?_pos=124&_sid=157dbdef6&_ss=r&_fid=fe7456616,https://www.gundamplanet.com/cdn/shop/files/hg00-reborns-gundam-gp.jpg?v=1737660234&width=533
gundam,model_kit,Gundam Planet,retailer,us,HGUC RX-78NT-1 Gundam NT-1 Alex,22.95,,,USD,New,https://www.gundamplanet.com/products/hguc-rx-78nt-1-gundam-nt-1-alex?_pos=125&_sid=157dbdef6&_ss=r&_fid=fe7456616,https://www.gundamplanet.com/cdn/shop/files/hguc-rx-78nt-1-gundam-nt-1-alex-gp.jpg?v=1745270454&width=533
gundam,model_kit,Gundam Planet,retailer,us,HG IBO Gundam Barbatos Lupus Rex,20.95,,,USD,New,https://www.gundamplanet.com/products/hg-ibo-gundam-barbatos-lupus-rex?_pos=126&_sid=157dbdef6&_ss=r&_fid=fe7456616,https://www.gundamplanet.com/cdn/shop/files/hg-ibo-gundam-barbatos-lupus-rex-00.jpg?v=1737665289&width=533
gundam,model_kit,Gundam Planet,retailer,us,HGAC XXXG-01S Shenlong Gundam,20.95,,,USD,New,https://www.gundamplanet.com/products/hgac-xxxg-01s-shenlong-gundam?_pos=127&_sid=157dbdef6&_ss=r&_fid=fe7456616,https://www.gundamplanet.com/cdn/shop/files/hgac-xxxg-01s-shenlong-gundam-gp.jpg?v=1737706441&width=533
gundam,model_kit,Gundam Planet,retailer,us,HGBF Transient Gundam,24.95,,,USD,New,https://www.gundamplanet.com/products/hgbf-transient-gundam?_pos=128&_sid=157dbdef6&_ss=r&_fid=fe7456616,https://www.gundamplanet.com/cdn/shop/files/hgbf-transient-gundam-00.jpg?v=1737663199&width=533
gundam,model_kit,Gundam Planet,retailer,us,RG MBF-P02 Gundam Astray Red Frame,34.95,,,USD,New,https://www.gundamplanet.com/products/rg-mbf-p02-gundam-astray-red-frame?_pos=129&_sid=157dbdef6&_ss=r&_fid=fe7456616,https://www.gundamplanet.com/cdn/shop/files/rg-mbf-p02-gundam-astray-red-frame-00.jpg?v=1737663597&width=533
gundam,model_kit,Gundam Planet,retailer,us,NXEDGE Style Xi Gundam,59.95,,,USD,New,https://www.gundamplanet.com/products/nxedge-style-xi-gundam?_pos=130&_sid=157dbdef6&_ss=r&_fid=fe7456616,https://www.gundamplanet.com/cdn/shop/files/nxedge-style-xi-gundam-fr.jpg?v=1737690459&width=533
gundam,model_kit,Gundam Planet,retailer,us,HGBD:R Uraven Gundam,22.95,,,USD,New,https://www.gundamplanet.com/products/hgbd-r-uraven-gundam?_pos=131&_sid=157dbdef6&_ss=r&_fid=fe7456616,https://www.gundamplanet.com/cdn/shop/files/hgbdr-uraven-gundam-gp.jpg?v=1737680694&width=533
gundam,model_kit,Gundam Planet,retailer,us,HGUC RX-78GP02 Gundam GP02 Type MLRS,30.95,,,USD,New,https://www.gundamplanet.com/products/hguc-rx-78gp02-gundam-gp02-type-mlrs?_pos=132&_sid=157dbdef6&_ss=r&_fid=fe7456616,https://www.gundamplanet.com/cdn/shop/files/hguc-rx-78gp02-gundam-gp02-type-mlrs-00.jpg?v=1781201074&width=533
gundam,model_kit,Gundam Planet,retailer,us,GFFMC RX-0(N) Unicorn Gundam 02 Banshee Norn Metal Composite,299.95,,,USD,New,https://www.gundamplanet.com/products/gffmc-rx-0-n-unicorn-gundam-02-banshee-norn-metal-composite?_pos=133&_sid=157dbdef6&_ss=r&_fid=fe7456616,https://www.gundamplanet.com/cdn/shop/files/71lkk9hvral._sl1500_gp.jpg?v=1737668257&width=533
gundam,model_kit,Gundam Planet,retailer,us,HGUC F-91 Gundam F91,16.95,,,USD,New,https://www.gundamplanet.com/products/hguc-f-91-gundam-f91?_pos=134&_sid=157dbdef6&_ss=r&_fid=fe7456616,https://www.gundamplanet.com/cdn/shop/files/hguc-f-91-gundam-f91-00.jpg?v=1737662438&width=533
gundam,model_kit,Gundam Planet,retailer,us,Lucrea: Hatsune Miku X Wing Gundam Zero EW (Mobile Suit Gundam 45th Anniversary),337.95,,,USD,New,https://www.gundamplanet.com/products/lucrea-hatsune-miku-x-wing-gundam-zero-ew-mobile-suit-gundam-45th-anniversary?_pos=135&_sid=157dbdef6&_ss=r&_fid=fe7456616,https://www.gundamplanet.com/cdn/shop/files/1-15-dragon-call-bladepoint-x-kunio-okawara-model-kit-fr.jpg?v=1755125848&width=533
gundam,model_kit,Gundam Planet,retailer,us,HGCE ZGMF-X20A Strike Freedom Gundam,28.95,,,USD,New,https://www.gundamplanet.com/products/hgce-zgmf-x20a-strike-freedom-gundam?_pos=136&_sid=157dbdef6&_ss=r&_fid=fe7456616,https://www.gundamplanet.com/cdn/shop/files/hgce-zgmf-x20a-strike-freedom-gundam-revive-00.jpg?v=1737665028&width=533
gundam,model_kit,Gundam Planet,retailer,us,RG XXXG-01W Wing Gundam EW Ver.,34.95,,,USD,New,https://www.gundamplanet.com/products/rg-xxxg-01w-wing-gundam-ew-ver?_pos=137&_sid=157dbdef6&_ss=r&_fid=fe7456616,https://www.gundamplanet.com/cdn/shop/files/rg-xxxg-01w-wing-gundam-ew-ver-00.jpg?v=1737664048&width=533
gundam,model_kit,Gundam Planet,retailer,us,MG XXXG-01S Shenlong Gundam EW Ver.,44.95,,,USD,New,https://www.gundamplanet.com/products/mg-xxxg-01s-shenlong-gundam-ew-ver?_pos=138&_sid=157dbdef6&_ss=r&_fid=fe7456616,https://www.gundamplanet.com/cdn/shop/files/mg-xxxg-01s-shenlong-gundam-ew-ver-00_1.jpg?v=1737660797&width=533
gundam,model_kit,Gundam Planet,retailer,us,MG ZGMF-X20A Strike Freedom Gundam Full Burst Mode,80.95,,,USD,New,https://www.gundamplanet.com/products/mg-zgmf-x20a-strike-freedom-gundam-full-burst-mode?_pos=139&_sid=157dbdef6&_ss=r&_fid=fe7456616,https://www.gundamplanet.com/cdn/shop/files/mg-zgmf-x20a-strike-freedom-gundam-full-burst-mode-00.jpg?v=1737660355&width=533
gundam,model_kit,Gundam Planet,retailer,us,HG00 Arche Gundam,20.95,,,USD,New,https://www.gundamplanet.com/products/hg00-arche-gundam?_pos=140&_sid=157dbdef6&_ss=r&_fid=fe7456616,https://www.gundamplanet.com/cdn/shop/files/hg00-arche-gundam-00.jpg?v=1737660211&width=533
gundam,model_kit,Gundam Planet,retailer,us,HGBF Wing Gundam Fenice Rinascita,24.95,,,USD,New,https://www.gundamplanet.com/products/hgbf-wing-gundam-fenice-rinascita?_pos=141&_sid=157dbdef6&_ss=r&_fid=fe7456616,https://www.gundamplanet.com/cdn/shop/files/hgbf-wing-gundam-fenice-rinascita-00.jpg?v=1737663007&width=533
gundam,model_kit,Gundam Planet,retailer,us,MG XXXG-01D Gundam Deathscythe EW Ver.,44.95,,,USD,New,https://www.gundamplanet.com/products/mg-xxxg-01d-gundam-deathscythe-ew-ver?_pos=142&_sid=157dbdef6&_ss=r&_fid=fe7456616,https://www.gundamplanet.com/cdn/shop/files/mg-xxxg-01d-gundam-deathscythe-ew-ver-00.jpg?v=1737659951&width=533
gundam,model_kit,Gundam Planet,retailer,us,HG Gundam G-Lucifer,28.95,,,USD,New,https://www.gundamplanet.com/products/hg-gundam-g-lucifer?_pos=143&_sid=157dbdef6&_ss=r&_fid=fe7456616,https://www.gundamplanet.com/cdn/shop/files/hg-gundam-g-lucifer-00.jpg?v=1737663182&width=533
gundam,model_kit,Gundam Planet,retailer,us,HGBF Try Burning Gundam,24.95,,,USD,New,https://www.gundamplanet.com/products/hgbf-try-burning-gundam?_pos=144&_sid=157dbdef6&_ss=r&_fid=fe7456616,https://www.gundamplanet.com/cdn/shop/files/hgbf-try-burning-gundam-00.jpg?v=1737663688&width=533
gundam,model_kit,Gundam Planet,retailer,us,HGCE GAT-X105 Aile Strike Gundam,18.95,,,USD,New,https://www.gundamplanet.com/products/hgce-gat-x105-aile-strike-gundam?_pos=145&_sid=157dbdef6&_ss=r&_fid=fe7456616,https://www.gundamplanet.com/cdn/shop/files/hgce-gat-x105-aile-strike-gundam-00.jpg?v=1737662295&width=533
gundam,model_kit,Gundam Planet,retailer,us,1/100 Full Mechanics GAT-X370 Raider Gundam,60.95,,,USD,New,https://www.gundamplanet.com/products/1-100-full-mechanics-gat-x370-raider-gundam?_pos=146&_sid=157dbdef6&_ss=r&_fid=fe7456616,https://www.gundamplanet.com/cdn/shop/files/1-100-full-mechanics-gat-x370-raider-gundam-gp.jpg?v=1737702542&width=533
gundam,model_kit,Gundam Planet,retailer,us,HGBF Crossbone Gundam Maoh,24.95,,,USD,New,https://www.gundamplanet.com/products/hgbf-crossbone-gundam-maoh?_pos=147&_sid=157dbdef6&_ss=r&_fid=fe7456616,https://www.gundamplanet.com/cdn/shop/files/hgbf-crossbone-gundam-maoh-00.jpg?v=1737662512&width=533
gundam,model_kit,Gundam Planet,retailer,us,MG ZGMF-X42S Destiny Gundam Extreme Blast Mode,78.95,,,USD,New,https://www.gundamplanet.com/products/mg-zgmf-x42s-destiny-gundam-extreme-blast-mode?_pos=148&_sid=157dbdef6&_ss=r&_fid=fe7456616,https://www.gundamplanet.com/cdn/shop/files/mg-zgmf-x42s-destiny-gundam-extreme-blast-mode-00.jpg?v=1737659432&width=533
gundam,model_kit,Gundam Planet,retailer,us,HGCE ZGMF-103HD Lightning Buster Gundam,30.95,,,USD,New,https://www.gundamplanet.com/products/hgce-zgmf-103hd-lightning-buster-gundam?_pos=149&_sid=157dbdef6&_ss=r&_fid=fe7456616,https://www.gundamplanet.com/cdn/shop/files/hgce-zgmf-103hd-lightning-buster-gundam-gp.jpg?v=1737737800&width=533
gundam,model_kit,Gundam Planet,retailer,us,HG Abyss Gundam,20.95,,,USD,New,https://www.gundamplanet.com/products/hg-abyss-gundam?_pos=150&_sid=157dbdef6&_ss=r&_fid=fe7456616,https://www.gundamplanet.com/cdn/shop/files/hg-abyss-gundam-00.jpg?v=1737664750&width=533
gundam,model_kit,Gundam Planet,retailer,us,HGFC GF13-001NHII Master Gundam & Fuun Saiki,36.95,,,USD,New,https://www.gundamplanet.com/products/hgfc-gf13-001nhii-master-gundam-fuun-saiki?_pos=151&_sid=157dbdef6&_ss=r&_fid=fe7456616,https://www.gundamplanet.com/cdn/shop/files/hgfc-gf13-001nhii-master-gundam-fuun-saiki-00.jpg?v=1737661155&width=533
gundam,model_kit,Gundam Planet,retailer,us,MGSD Gundam Barbatos,54.95,,,USD,New,https://www.gundamplanet.com/products/mgsd-gundam-barbatos?_pos=152&_sid=157dbdef6&_ss=r&_fid=fe7456616,https://www.gundamplanet.com/cdn/shop/files/mgsd-gundam-barbatos-gp.jpg?v=1737724361&width=533
gundam,model_kit,Gundam Planet,retailer,us,HGBF Kamiki Burning Gundam,24.95,,,USD,New,https://www.gundamplanet.com/products/hgbf-kamiki-burning-gundam?_pos=153&_sid=157dbdef6&_ss=r&_fid=fe7456616,https://www.gundamplanet.com/cdn/shop/files/hgbf-kamiki-burning-gundam-base1.jpg?v=1748534857&width=533
gundam,model_kit,Gundam Planet,retailer,us,Metal Robot Spirits Wing Gundam Zero,149.95,,,USD,New,https://www.gundamplanet.com/products/metal-robot-spirits-wing-gundam-zero?_pos=154&_sid=157dbdef6&_ss=r&_fid=fe7456616,https://www.gundamplanet.com/cdn/shop/files/metal-robot-spirits-wing-gundam-zero-00.jpg?v=1737695765&width=533
gundam,model_kit,Gundam Planet,retailer,us,HGAW GX-9901-DX Gundam Double X,24.95,,,USD,New,https://www.gundamplanet.com/products/hgaw-gx-9901-dx-gundam-double-x?_pos=155&_sid=157dbdef6&_ss=r&_fid=fe7456616,https://www.gundamplanet.com/cdn/shop/files/hgaw-gx-9901-dx-gundam-double-x-base.jpg?v=1785789941&width=533
gundam,model_kit,Gundam Planet,retailer,us,HGAC XXXG-01H2 Gundam Heavyarms Custom,24.95,,,USD,New,https://www.gundamplanet.com/products/hgac-xxxg-01h2-gundam-heavyarms-custom?_pos=156&_sid=157dbdef6&_ss=r&_fid=fe7456616,https://www.gundamplanet.com/cdn/shop/files/hgac-xxxg-01h2-gundam-heavyarms-custom-gp.jpg?v=1741725257&width=533
gundam,model_kit,Gundam Planet,retailer,us,MG MS-06S Zaku II Char Custom Ver 2.0,48.95,,,USD,New,https://www.gundamplanet.com/products/mg-ms-06s-zaku-ii-char-custom-ver-2-0?_pos=157&_sid=157dbdef6&_ss=r&_fid=fe7456616,https://www.gundamplanet.com/cdn/shop/files/mg-ms-06s-zaku-ii-char-custom-ver-2-0-00.jpg?v=1737659390&width=533
gundam,model_kit,Gundam Planet,retailer,us,Entry Grade RX-78F00/E Gundam,16.95,,,USD,New,https://www.gundamplanet.com/products/entry-grade-rx-78f00-e-gundam?_pos=158&_sid=157dbdef6&_ss=r&_fid=fe7456616,https://www.gundamplanet.com/cdn/shop/files/entry-grade-rx-78f00-e-gundam-base.jpg?v=1763661592&width=533
gundam,model_kit,Gundam Planet,retailer,us,MG RX-78GP02A Gundam GP02A Physalis,56.95,,,USD,New,https://www.gundamplanet.com/products/mg-rx-78gp02a-gundam-gp02a-physalis?_pos=159&_sid=157dbdef6&_ss=r&_fid=fe7456616,https://www.gundamplanet.com/cdn/shop/files/mg-rx-78gp02a-gundam-physalis-00.jpg?v=1737659108&width=533
gundam,model_kit,Gundam Planet,retailer,us,MG ZGMF-X56S/α Force Impulse Gundam,60.95,,,USD,New,https://www.gundamplanet.com/products/mg-zgmf-x56s-a-force-impulse-gundam?_pos=160&_sid=157dbdef6&_ss=r&_fid=fe7456616,https://www.gundamplanet.com/cdn/shop/files/mg-zgmf-x56s-a-force-impulse-gundam-gp.jpg?v=1737661603&width=533
gundam,model_kit,Gundam Planet,retailer,us,MG GAT-X105B/FP Build Strike Gundam Full Package,56.95,,,USD,New,https://www.gundamplanet.com/products/mg-gat-x105b-fp-build-strike-gundam-full-package?_pos=161&_sid=157dbdef6&_ss=r&_fid=fe7456616,https://www.gundamplanet.com/cdn/shop/files/mg-gat-x105b-fp-build-strike-gundam-full-package-00.jpg?v=1737662617&width=533
gundam,model_kit,Gundam Planet,retailer,us,HGUC MSN-001 Delta Gundam,52.95,,,USD,New,https://www.gundamplanet.com/products/hguc-msn-001-delta-gundam?_pos=162&_sid=157dbdef6&_ss=r&_fid=fe7456616,https://www.gundamplanet.com/cdn/shop/files/hguc-msn-001-delta-gundam-base.jpg?v=1754699521&width=533
gundam,model_kit,Gundam Planet,retailer,us,SD Gundam EX-Standard Wing Gundam Zero,12.95,,,USD,New,https://www.gundamplanet.com/products/sd-gundam-ex-standard-wing-gundam-zero?_pos=163&_sid=157dbdef6&_ss=r&_fid=fe7456616,https://www.gundamplanet.com/cdn/shop/files/sd-gundam-ex-standard-wing-gundam-zero-gp.jpg?v=1737691851&width=533
gundam,model_kit,Gundam Planet,retailer,us,MG RX-78-2 Gundam Ver.Ka,38.95,,,USD,New,https://www.gundamplanet.com/products/mg-rx-78-2-gundam-ver-ka?_pos=164&_sid=157dbdef6&_ss=r&_fid=fe7456616,https://www.gundamplanet.com/cdn/shop/files/mg-rx-78-2-gundam-ver-ka-00_1.jpg?v=1737659242&width=533
gundam,model_kit,Gundam Planet,retailer,us,HGUC MSZ-010 ZZ Gundam,32.95,,,USD,New,https://www.gundamplanet.com/products/hguc-msz-010-zz-gundam?_pos=165&_sid=157dbdef6&_ss=r&_fid=fe7456616,https://www.gundamplanet.com/cdn/shop/files/hguc-msz-010-zz-gundam-00.jpg?v=1737660275&width=533
gundam,model_kit,Gundam Planet,retailer,us,SD Gundam EX-Standard Gundam Deathscythe Hell Custom,12.95,,,USD,New,https://www.gundamplanet.com/products/sd-gundam-ex-standard-gundam-deathscythe-hell-custom?_pos=166&_sid=157dbdef6&_ss=r&_fid=fe7456616,https://www.gundamplanet.com/cdn/shop/files/sd-gundam-ex-standard-gundam-deathscythe-hell-custom-00.jpg?v=1737665133&width=533
gundam,model_kit,Gundam Planet,retailer,us,HGBD:R Core Gundam II (G-3 Color),14.95,,,USD,New,https://www.gundamplanet.com/products/hgbd-r-core-gundam-ii-g-3-color?_pos=167&_sid=157dbdef6&_ss=r&_fid=fe7456616,https://www.gundamplanet.com/cdn/shop/files/hgbd-r-core-gundam-ii-g-3-color-gp.jpg?v=1737685111&width=533
gundam,model_kit,Gundam Planet,retailer,us,HG Gundam Pharact,26.95,,,USD,New,https://www.gundamplanet.com/products/hg-gundam-pharact?_pos=168&_sid=157dbdef6&_ss=r&_fid=fe7456616,https://www.gundamplanet.com/cdn/shop/files/hg-gundam-pharact-01.jpg?v=1737711746&width=533
gundam,model_kit,Gundam Planet,retailer,us,HGAW NRX-0015 Gundam Ashtaron,43.95,,,USD,New,https://www.gundamplanet.com/products/hgaw-nrx-0015-gundam-ashtaron?_pos=169&_sid=157dbdef6&_ss=r&_fid=fe7456616,https://www.gundamplanet.com/cdn/shop/files/hgaw-test-gundam-ashtaron-base.jpg?v=1780078170&width=533
gundam,model_kit,Gundam Planet,retailer,us,HGBD:R Core Gundam II (Titans Color),14.95,,,USD,New,https://www.gundamplanet.com/products/hgbd-r-core-gundam-ii-titans-color?_pos=170&_sid=157dbdef6&_ss=r&_fid=fe7456616,https://www.gundamplanet.com/cdn/shop/files/hgbd-r-core-gundam-ii-titans-color-gp.jpg?v=1737685125&width=533
gundam,model_kit,Gundam Planet,retailer,us,HGBD Gundam 00 Sky,22.95,,,USD,New,https://www.gundamplanet.com/products/hgbd-gundam-00-sky?_pos=171&_sid=157dbdef6&_ss=r&_fid=fe7456616,https://www.gundamplanet.com/cdn/shop/files/hgbd-gundam-00-sky-gp.jpg?v=1737672895&width=533
gundam,model_kit,Gundam Planet,retailer,us,HG IBO Gundam Gusion,16.95,,,USD,New,https://www.gundamplanet.com/products/hg-ibo-gundam-gusion?_pos=172&_sid=157dbdef6&_ss=r&_fid=fe7456616,https://www.gundamplanet.com/cdn/shop/files/hg-ibo-gundam-gusion-00.jpg?v=1737664191&width=533
gundam,model_kit,Gundam Planet,retailer,us,MG LM312V04 V Dash Gundam Ver.Ka,76.95,,,USD,New,https://www.gundamplanet.com/products/mg-lm312v04-v-dash-gundam-ver-ka?_pos=173&_sid=157dbdef6&_ss=r&_fid=fe7456616,https://www.gundamplanet.com/cdn/shop/files/mg-lm312v04-v-dash-gundam-ver-ka-00.jpg?v=1737660010&width=533
gundam,model_kit,Gundam Planet,retailer,us,MG GN-001 Gundam Exia,52.95,,,USD,New,https://www.gundamplanet.com/products/mg-gn-001-gundam-exia?_pos=174&_sid=157dbdef6&_ss=r&_fid=fe7456616,https://www.gundamplanet.com/cdn/shop/files/mg-gn-001-gundam-exia-00.jpg?v=1737659674&width=533
gundam,model_kit,Gundam Planet,retailer,us,RG GAT-X105 Aile Strike Gundam,34.95,,,USD,New,https://www.gundamplanet.com/products/rg-gat-x105-aile-strike-gundam?_pos=175&_sid=157dbdef6&_ss=r&_fid=fe7456616,https://www.gundamplanet.com/cdn/shop/files/rg-gat-x105-aile-strike-gundam-00_1.jpg?v=1737660855&width=533
gundam,model_kit,Gundam Planet,retailer,us,HGCE ZGMF-X191M2 Infinite Justice Gundam Type II,32.95,,,USD,New,https://www.gundamplanet.com/products/hgce-zgmf-x191m2-infinite-justice-gundam-type-ii?_pos=176&_sid=157dbdef6&_ss=r&_fid=fe7456616,https://www.gundamplanet.com/cdn/shop/files/hgce-zgmf-x191m2-infinite-justice-gundam-type-ii-gp.jpg?v=1737734542&width=533
gundam,model_kit,Gundam Planet,retailer,us,HGBF Lightning Gundam,22.95,,,USD,New,https://www.gundamplanet.com/products/hgbf-lightning-gundam?_pos=177&_sid=157dbdef6&_ss=r&_fid=fe7456616,https://www.gundamplanet.com/cdn/shop/files/hgbf-lightning-gundam-00.jpg?v=1737662841&width=533
gundam,model_kit,Gundam Planet,retailer,us,[SC01] Gundam Assemble Scenario Pack 01,53.95,,,USD,New,https://www.gundamplanet.com/products/sc01-gundam-assemble-scenario-pack-01?_pos=178&_sid=157dbdef6&_ss=r&_fid=fe7456616,https://www.gundamplanet.com/cdn/shop/files/sc01-gundam-assemble-scenario-pack-01-gp.jpg?v=1784315349&width=533
gundam,model_kit,Gundam Planet,retailer,us,HGBD:R Alus Earthree Gundam,20.95,,,USD,New,https://www.gundamplanet.com/products/hgbd-r-alus-earthree-gundam?_pos=179&_sid=157dbdef6&_ss=r&_fid=fe7456616,https://www.gundamplanet.com/cdn/shop/files/hgbd-r-alus-earthree-gundam-gp.jpg?v=1737680217&width=533
gundam,model_kit,Gundam Planet,retailer,us,Lucrea: 1/7 Hatsune Miku X 00 Gundam (Mobile Suit Gundam 45th Anniversary),294.95,,,USD,New,https://www.gundamplanet.com/products/lucrea-hatsune-miku-x-00-gundam-mobile-suit-gundam-45th-anniversary?_pos=180&_sid=157dbdef6&_ss=r&_fid=fe7456616,https://www.gundamplanet.com/cdn/shop/files/lucrea-hatsune-miku-x-00-gundam-mobile-suit-gundam-45th-anniversary-fr.jpg?v=1759953492&width=533
gundam,model_kit,Gundam Planet,retailer,us,Metal Robot Spirits Immortal Justice Gundam,180.95,,,USD,New,https://www.gundamplanet.com/products/metal-robot-spirits-immortal-justice-gundam?_pos=181&_sid=157dbdef6&_ss=r&_fid=fe7456616,https://www.gundamplanet.com/cdn/shop/files/metal-robot-spirits-immortal-justice-gundam-fr.jpg?v=1737729384&width=533
gundam,model_kit,Gundam Planet,retailer,us,HGBF Build Gundam Mk-II,24.95,,,USD,New,https://www.gundamplanet.com/products/hgbf-build-gundam-mk-ii?_pos=182&_sid=157dbdef6&_ss=r&_fid=fe7456616,https://www.gundamplanet.com/cdn/shop/files/hgbf-build-gundam-mk-ii-00.jpg?v=1737662588&width=533
gundam,model_kit,Gundam Planet,retailer,us,MG RX-0 Unicorn Gundam 02 Banshee,62.95,,,USD,New,https://www.gundamplanet.com/products/mg-rx-0-unicorn-gundam-02-banshee?_pos=183&_sid=157dbdef6&_ss=r&_fid=fe7456616,https://www.gundamplanet.com/cdn/shop/files/mg-rx-0-unicorn-gundam-02-banshee-00.jpg?v=1737661547&width=533
gundam,model_kit,Gundam Planet,retailer,us,HG RX-78-02 White Gundam,26.95,,,USD,New,https://www.gundamplanet.com/products/hg-rx-78-02-white-gundam?_pos=184&_sid=157dbdef6&_ss=r&_fid=fe7456616,https://www.gundamplanet.com/cdn/shop/files/hg-rx-78-02-white-gundam-base_859b37e0-e443-4052-bd81-fa2dbee0d190.jpg?v=1764626591&width=533
gundam,model_kit,Gundam Planet,retailer,us,Gundam Universe Leo,24.95,,,USD,New,https://www.gundamplanet.com/products/gundam-universe-leo?_pos=185&_sid=157dbdef6&_ss=r&_fid=fe7456616,https://www.gundamplanet.com/cdn/shop/files/gundam-universe-leo-fr_1.jpg?v=1737707827&width=533
gundam,model_kit,Gundam Planet,retailer,us,MG GX-9901 Gundam Double X,62.95,,,USD,New,https://www.gundamplanet.com/products/mg-gx-9901-gundam-double-x?_pos=186&_sid=157dbdef6&_ss=r&_fid=fe7456616,https://www.gundamplanet.com/cdn/shop/files/mg-gx-9901-gundam-double-x-base.jpg?v=1785790384&width=533
gundam,model_kit,Gundam Planet,retailer,us,GFFMC RX-0 Unicorn Gundam Awakening Ver. Metal Composite,299.95,,,USD,New,https://www.gundamplanet.com/products/gffmc-rx-0-unicorn-gundam-awakening-ver-metal-composite?_pos=187&_sid=157dbdef6&_ss=r&_fid=fe7456616,https://www.gundamplanet.com/cdn/shop/files/817b60kid8l-gp.jpg?v=1737668239&width=533
gundam,model_kit,Gundam Planet,retailer,us,HG Plutine Gundam,30.95,,,USD,New,https://www.gundamplanet.com/products/hg-plutine-gundam?_pos=188&_sid=157dbdef6&_ss=r&_fid=fe7456616,https://www.gundamplanet.com/cdn/shop/files/hg-plutine-gundam-gp.jpg?v=1737723186&width=533
gundam,model_kit,Gundam Planet,retailer,us,MG RX-78-4 Gundam Unit 4,40.95,,,USD,New,https://www.gundamplanet.com/products/mg-rx-78-4-gundam-unit-4?_pos=189&_sid=157dbdef6&_ss=r&_fid=fe7456616,https://www.gundamplanet.com/cdn/shop/files/mg-rx-78-4-gundam-unit-4-00.jpg?v=1737659281&width=533
gundam,model_kit,Gundam Planet,retailer,us,Gundam Universe Wing Gundam Zero (Mobile Suit Gundam Wing),38.95,,,USD,New,https://www.gundamplanet.com/products/gundam-universe-wing-gundam-zero-mobile-suit-gundam-wing?_pos=190&_sid=157dbdef6&_ss=r&_fid=fe7456616,https://www.gundamplanet.com/cdn/shop/files/gundam-universe-wing-gundam-zero11.jpg?v=1737758659&width=533
gundam,model_kit,Gundam Planet,retailer,us,CHOGOKIN Gundam Aerial,249.95,,,USD,New,https://www.gundamplanet.com/products/chogokin-gundam-aerial?_pos=191&_sid=157dbdef6&_ss=r&_fid=fe7456616,https://www.gundamplanet.com/cdn/shop/files/chogokin-gundam-aerial-fr2.jpg?v=1737712481&width=533
gundam,model_kit,Gundam Planet,retailer,us,HGUC RX-78GP01Fb Gundam GP01Fb Full Burnern,20.95,,,USD,New,https://www.gundamplanet.com/products/hguc-rx-78gp01fb-gundam-gp01fb-full-burnern?_pos=192&_sid=157dbdef6&_ss=r&_fid=fe7456616,https://www.gundamplanet.com/cdn/shop/files/hguc-rx-78gp01fb-gundam-gp01fb-full-burnern-00.jpg?v=1737658688&width=533
gundam,model_kit,Gundam Planet,retailer,us,HGCE STTS-909 Rising Freedom Gundam,28.95,,,USD,New,https://www.gundamplanet.com/products/hgce-stts-909-rising-freedom-gundam?_pos=193&_sid=157dbdef6&_ss=r&_fid=fe7456616,https://www.gundamplanet.com/cdn/shop/files/hg-rising-freedom-gundam-gp2_1.jpg?v=1737728182&width=533
gundam,model_kit,Gundam Planet,retailer,us,Gundam Universe Shenlong Gundam,24.95,,,USD,New,https://www.gundamplanet.com/products/gundam-universe-shenlong-gundam?_pos=194&_sid=157dbdef6&_ss=r&_fid=fe7456616,https://www.gundamplanet.com/cdn/shop/files/gundam-universe-shenlong-gundam-base.jpg?v=1750175893&width=533
gundam,model_kit,Gundam Planet,retailer,us,HGAW GX-9900-DV Gundam X Divider,24.95,,,USD,New,https://www.gundamplanet.com/products/hgaw-gx-9900-dv-gundam-x-divider?_pos=195&_sid=157dbdef6&_ss=r&_fid=fe7456616,https://www.gundamplanet.com/cdn/shop/files/hgaw-gx-9900-dv-gundam-x-divider-base.jpg?v=1785789782&width=533
gundam,model_kit,Gundam Planet,retailer,us,HG gMS-κ GFreD (Gundam FreD),28.95,,,USD,New,https://www.gundamplanet.com/products/hg-gms-k-gfred-gundam-fred?_pos=196&_sid=157dbdef6&_ss=r&_fid=fe7456616,https://www.gundamplanet.com/cdn/shop/files/hg-gfred-gundam-fred-base.jpg?v=1753721601&width=533
gundam,model_kit,Gundam Planet,retailer,us,MG RX-78GP01 Gundam GP01 Zephyranthes,36.95,,,USD,New,https://www.gundamplanet.com/products/mg-rx-78gp01-gundam-gp01-zephyranthes?_pos=197&_sid=157dbdef6&_ss=r&_fid=fe7456616,https://www.gundamplanet.com/cdn/shop/files/mg-rx-78gp01-gundam-gp01-zephyrathes-gp.jpg?v=1737659029&width=533
gundam,model_kit,Gundam Planet,retailer,us,HGBF Gundam X Maoh,24.95,,,USD,New,https://www.gundamplanet.com/products/hgbf-gundam-x-maoh?_pos=198&_sid=157dbdef6&_ss=r&_fid=fe7456616,https://www.gundamplanet.com/cdn/shop/files/hg-1-144-gundam-x-maoh-00.jpg?v=1737662366&width=533
gundam,model_kit,Gundam Planet,retailer,us,HGCE ZGMF-X19A Infinite Justice Gundam,28.95,,,USD,New,https://www.gundamplanet.com/products/hgce-zgmf-x19a-infinite-justice-gundam?_pos=199&_sid=157dbdef6&_ss=r&_fid=fe7456616,https://www.gundamplanet.com/cdn/shop/files/hgce-zgmf-x19a-infinite-justice-gundam-gp.jpg?v=1737680659&width=533
gundam,model_kit,Gundam Planet,retailer,us,HG Saviour Gundam,20.95,,,USD,New,https://www.gundamplanet.com/products/hg-saviour-gundam?_pos=200&_sid=157dbdef6&_ss=r&_fid=fe7456616,https://www.gundamplanet.com/cdn/shop/files/hg-saviour-gundam-00.jpg?v=1737664770&width=533
gundam,model_kit,Gundam Planet,retailer,us,HGAC XXXG-01SR2 Gundam Sandrock Custom,24.95,,,USD,New,https://www.gundamplanet.com/products/hgac-xxxg-01sr2-gundam-sandrock-custom?_pos=201&_sid=157dbdef6&_ss=r&_fid=fe7456616,https://www.gundamplanet.com/cdn/shop/files/hgac-xxxg-01sr2-gundam-sandrock-custom-gp.jpg?v=1741725469&width=533
gundam,model_kit,Gundam Planet,retailer,us,HGCE ZGMF-X10A Freedom Gundam,24.95,,,USD,New,https://www.gundamplanet.com/products/hgce-zgmf-x10a-freedom-gundam?_pos=202&_sid=157dbdef6&_ss=r&_fid=fe7456616,https://www.gundamplanet.com/cdn/shop/files/hgce-zgmf-x10a-freedom-gundam-revive-00.jpg?v=1737663646&width=533
gundam,model_kit,Gundam Planet,retailer,us,HG Gundam Helios,28.95,,,USD,New,https://www.gundamplanet.com/products/hg-gundam-helios?_pos=203&_sid=157dbdef6&_ss=r&_fid=fe7456616,https://www.gundamplanet.com/cdn/shop/files/hg-gundam-helios-gp.jpg?v=1737694501&width=533
gundam,model_kit,Gundam Planet,retailer,us,G.M.G. Mobile Suit Gundam Principality of Zeon 08 (VSP General Soldier & Exclusive Motorcycle),84.95,,,USD,New,https://www.gundamplanet.com/products/g-m-g-mobile-suit-gundam-principality-of-zeon-08-vsp-general-soldier-exclusive-motorcycle?_pos=204&_sid=157dbdef6&_ss=r&_fid=fe7456616,https://www.gundamplanet.com/cdn/shop/files/g-m-g-mobile-suit-gundam-principality-of-zeon-08-vsp_12.jpg?v=1737703494&width=533
gundam,model_kit,Gundam Planet,retailer,us,HGCE ZGMF-X42S Destiny Gundam (Heine Westenfluss Custom),30.95,,,USD,New,https://www.gundamplanet.com/products/hgce-zgmf-x42s-destiny-gundam-heine-westenfluss-custom?_pos=205&_sid=157dbdef6&_ss=r&_fid=fe7456616,https://www.gundamplanet.com/cdn/shop/files/hgce-destiny-gundam-revive-heine-westenfluss-custom-gp.jpg?v=1737676239&width=533
gundam,model_kit,Gundam Planet,retailer,us,HGBF Build Strike Gundam Full Package,18.95,,,USD,New,https://www.gundamplanet.com/products/hgbf-build-strike-gundam-full-package?_pos=206&_sid=157dbdef6&_ss=r&_fid=fe7456616,https://www.gundamplanet.com/cdn/shop/files/hgbf-build-strike-gundam-full-package-00.jpg?v=1737662096&width=533
gundam,model_kit,Gundam Planet,retailer,us,HGBD:R Jupitive Gundam,26.95,,,USD,New,https://www.gundamplanet.com/products/hgbd-r-jupitive-gundam?_pos=207&_sid=157dbdef6&_ss=r&_fid=fe7456616,https://www.gundamplanet.com/cdn/shop/files/hgbd-r-jupitive-gundam-gpr.jpg?v=1737679145&width=533
gundam,model_kit,Gundam Planet,retailer,us,HGCE ZGMF/A-42S2 Destiny Gundam Spec II & Zeus Silhouette,88.95,,,USD,New,https://www.gundamplanet.com/products/hgce-zgmf-a-42s2-destiny-gundam-spec-ii-zeus-silhouette?_pos=208&_sid=157dbdef6&_ss=r&_fid=fe7456616,https://www.gundamplanet.com/cdn/shop/files/hgce-zgmf-a-42s2-destiny-gundam-spec-ii-zeus-silhouette-gp.jpg?v=1737742518&width=533
gundam,model_kit,Gundam Planet,retailer,us,HG00 Gundam Dynames,18.95,,,USD,New,https://www.gundamplanet.com/products/hg00-gundam-dynames?_pos=209&_sid=157dbdef6&_ss=r&_fid=fe7456616,https://www.gundamplanet.com/cdn/shop/files/hg00-gundam-dynames-01.jpg?v=1737659987&width=533
gundam,model_kit,Gundam Planet,retailer,us,HG Gundam Lfrith Ur,26.95,,,USD,New,https://www.gundamplanet.com/products/hg-gundam-lfrith-ur?_pos=210&_sid=157dbdef6&_ss=r&_fid=fe7456616,https://www.gundamplanet.com/cdn/shop/files/hg-gundam-lfrith-ur-gp.jpg?v=1737714532&width=533
gundam,model_kit,Gundam Planet,retailer,us,HG IBO Gundam Zagan,36.95,,,USD,New,https://www.gundamplanet.com/products/hg-ibo-gundam-zagan?_pos=211&_sid=157dbdef6&_ss=r&_fid=fe7456616,https://www.gundamplanet.com/cdn/shop/files/hg-ibo-gundam-zagan-base2.jpg?v=1764627317&width=533
gundam,model_kit,Gundam Planet,retailer,us,HGBD:R Core Gundam (Real Type Color) & Marsfour Unit,20.95,,,USD,New,https://www.gundamplanet.com/products/hgbd-r-core-gundam-real-type-color-marsfour-unit?_pos=213&_sid=157dbdef6&_ss=r&_fid=fe7456616,https://www.gundamplanet.com/cdn/shop/files/hgbd-r-core-gundam-real-type-color-marsfour-unit-gp.jpg?v=1737678149&width=533
gundam,model_kit,Gundam Planet,retailer,us,Gundam Universe - Mighty Strike Freedom Gundam,35.95,,,USD,New,https://www.gundamplanet.com/products/gundam-universe-mighty-strike-freedom-gundam?_pos=214&_sid=157dbdef6&_ss=r&_fid=fe7456616,https://www.gundamplanet.com/cdn/shop/files/gundam-universe-mighty-strike-freedom-gundam_1.jpg?v=1765078177&width=533
gundam,model_kit,Gundam Planet,retailer,us,RG RX-0(N) Unicorn Gundam 02 Banshee Norn,54.95,,,USD,New,https://www.gundamplanet.com/products/rg-rx-0-n-unicorn-gundam-02-banshee-norn?_pos=215&_sid=157dbdef6&_ss=r&_fid=fe7456616,https://www.gundamplanet.com/cdn/shop/files/rg-unicorn-gundam-02-banshee-norn-gp.jpg?v=1737670961&width=533
gundam,model_kit,Gundam Planet,retailer,us,SD Gundam EX-Standard RX-78-2 Gundam,12.95,,,USD,New,https://www.gundamplanet.com/products/sd-gundam-ex-standard-rx-78-2-gundam?_pos=216&_sid=157dbdef6&_ss=r&_fid=fe7456616,https://www.gundamplanet.com/cdn/shop/files/sd-gundam-ex-standard-rx-78-2-gundam-00.jpg?v=1737663884&width=533
gundam,model_kit,Gundam Planet,retailer,us,HGBF Gundam Exia Dark Matter,24.95,,,USD,New,https://www.gundamplanet.com/products/hgbf-gundam-exia-dark-matter?_pos=217&_sid=157dbdef6&_ss=r&_fid=fe7456616,https://www.gundamplanet.com/cdn/shop/files/hgbf-gundam-exia-dark-matter-00.jpg?v=1737662488&width=533
gundam,model_kit,Gundam Planet,retailer,us,HGBF Gundam Amazing Exia,24.95,,,USD,New,https://www.gundamplanet.com/products/hgbf-gundam-amazing-exia?_pos=218&_sid=157dbdef6&_ss=r&_fid=fe7456616,https://www.gundamplanet.com/cdn/shop/files/hgbf-gundam-amazing-exia-00.jpg?v=1737663023&width=533
gundam,model_kit,Gundam Planet,retailer,us,HGCE ZGMF/A-262PD-P Mighty Strike Freedom Gundam,32.95,,,USD,New,https://www.gundamplanet.com/products/hgce-zgmf-a-262pd-p-mighty-strike-freedom-gundam?_pos=219&_sid=157dbdef6&_ss=r&_fid=fe7456616,https://www.gundamplanet.com/cdn/shop/files/hgce-zgmf-a-262pd-p-mighty-strike-freedom-gundam-gp.jpg?v=1737734522&width=533
gundam,model_kit,Gundam Planet,retailer,us,HG00 Seravee Gundam GNHW/B,26.95,,,USD,New,https://www.gundamplanet.com/products/hg00-seravee-gundam-gnhw-b?_pos=220&_sid=157dbdef6&_ss=r&_fid=fe7456616,https://www.gundamplanet.com/cdn/shop/files/hg00-seravee-gundam-gnhw-b-00.jpg?v=1737660211&width=533
gundam,model_kit,Gundam Planet,retailer,us,Metal Build God Gundam & God Gundam II (Burning Gundam),434.95,,,USD,New,https://www.gundamplanet.com/products/metal-build-god-gundam-god-gundam-ii-burning-gundam?_pos=221&_sid=157dbdef6&_ss=r&_fid=fe7456616,https://www.gundamplanet.com/cdn/shop/files/metal-build-burning-gundam-burning-gundam-second-god-gundam-base.jpg?v=1743375167&width=533
gundam,model_kit,Gundam Planet,retailer,us,HGUC G-Armor: RX-78-2 Gundam + G-Fighter,36.95,,,USD,New,https://www.gundamplanet.com/products/hguc-g-armor-rx-78-2-gundam-g-fighter?_pos=222&_sid=157dbdef6&_ss=r&_fid=fe7456616,https://www.gundamplanet.com/cdn/shop/files/hguc-g-armor-rx-78-2-gundam-g-fighter-00.jpg?v=1737658786&width=533
gundam,model_kit,Gundam Planet,retailer,us,HGUC RX-121-2 Gundam TR-1 [Hazel II],20.95,,,USD,New,https://www.gundamplanet.com/products/hguc-rx-121-2-gundam-tr-1-hazel-ii?_pos=223&_sid=157dbdef6&_ss=r&_fid=fe7456616,https://www.gundamplanet.com/cdn/shop/files/hguc-rx-121-2-gundam-tr-1-hazel-ii-gp.jpg?v=1737658852&width=533
gundam,model_kit,Gundam Planet,retailer,us,MG ZGMF-X42S Destiny Gundam,58.95,,,USD,New,https://www.gundamplanet.com/products/mg-zgmf-x42s-destiny-gundam?_pos=224&_sid=157dbdef6&_ss=r&_fid=fe7456616,https://www.gundamplanet.com/cdn/shop/files/mg-zgmf-x42s-destiny-gundam-00.jpg?v=1737659477&width=533
gundam,model_kit,Gundam Planet,retailer,us,BB Senshi GG Z Gundam MS Collection,24.95,,,USD,New,https://www.gundamplanet.com/products/bb-senshi-gg-z-gundam-ms-collection?_pos=225&_sid=157dbdef6&_ss=r&_fid=fe7456616,https://www.gundamplanet.com/cdn/shop/files/bb-senshi-gg-z-gundam-ms-collection-base.jpg?v=1789609257&width=533
gundam,model_kit,HLJ.com,retailer,,Gundam Forward Vol.23,12.11,,,USD,New,https://www.hlj.com/gundam-forward-vol-23-hbj64312,https://www.hlj.com/media/original_images/noImage.png
gundam,model_kit,HLJ.com,retailer,,1/144 Gundam Decal No.153 RG Wing Gundam,5.3,,,USD,New,https://www.hlj.com/1-144-scale-gundam-decal-no-153-rg-wing-gundam-banh847334,https://www.hlj.com/productthumbs/ban/banh847334_0_1787710824.jpg?v=1787710824
gundam,model_kit,HLJ.com,retailer,,1/100 Gundam Decal No.155 MG Gundam Barbatos,5.3,,,USD,New,https://www.hlj.com/1-100-scale-gundam-decal-no-155-mg-gundam-barbatos-banh847358,https://www.hlj.com/productthumbs/ban/banh847358_0_1787711474.jpg?v=1787711474
gundam,model_kit,HLJ.com,retailer,,Gundam Decal No.150 MGSD Freedom Gundam,5.3,,,USD,New,https://www.hlj.com/gundam-decal-no-150-mgsd-freedom-gundam-banh847211,https://www.hlj.com/productthumbs/ban/banh847211_0_1787710874.jpg?v=1787710874
gundam,model_kit,HLJ.com,retailer,,1/144 Gundam Decal No.146 RG Akatsuki Gundam Oowashi Unit,5.3,,,USD,New,https://www.hlj.com/1-144-scale-gundam-decal-no-146-rg-akatsuki-gundam-oowashi-unit-banh847150,https://www.hlj.com/productthumbs/ban/banh847150_0_1787710206.jpg?v=1787710206
gundam,model_kit,HLJ.com,retailer,,1/144 Gundam Decal No.152 After War Gundam X Multiuse 1,9.84,,,USD,New,https://www.hlj.com/1-144-scale-gundam-decal-no-152-after-war-gundam-x-multiuse-1-banh847327,https://www.hlj.com/productthumbs/ban/banh847327_0_1787710868.jpg?v=1787710868
gundam,model_kit,HLJ.com,retailer,,1/144 Gundam Decal No.144 Mobile Suit Z Gundam Multiuse 1,9.84,,,USD,New,https://www.hlj.com/1-144-scale-gundam-decal-no-144-mobile-suit-z-gundam-multiuse-1-banh847136,https://www.hlj.com/productthumbs/ban/banh847136_0_1787710210.jpg?v=1787710210
gundam,model_kit,HLJ.com,retailer,,1/144 Gundam Decal No.151 Mobile Suit Gundam MS IGLOO Multiuse 1,9.84,,,USD,New,https://www.hlj.com/1-144-scale-gundam-decal-no-151-mobile-suit-gundam-ms-igloo-multiuse-1-banh847228,https://www.hlj.com/productthumbs/ban/banh847228_0_1787710864.jpg?v=1787710864
gundam,model_kit,HLJ.com,retailer,,1/144 Gundam Decal No.154 Mobile Suit Gundam MS IGLOO Multiuse 2,9.84,,,USD,New,https://www.hlj.com/1-144-scale-gundam-decal-no-154-mobile-suit-gundam-ms-igloo-multiuse-2-banh847341,https://www.hlj.com/productthumbs/ban/banh847341_0_1787710844.jpg?v=1787710844
gundam,model_kit,HLJ.com,retailer,,1/144 Gundam Decal No.147 RG RX-78-2 Gundam Ver.2.0,5.3,,,USD,New,https://www.hlj.com/1-144-scale-gundam-decal-no-147-rg-rx-78-2-gundam-ver-2-0-banh847167,https://www.hlj.com/productthumbs/ban/banh847167_0_1787710209.jpg?v=1787710209
gundam,model_kit,HLJ.com,retailer,,1/144 Gundam Decal No.149 Mobile Suit Gundam Seed Destiny Multiuse 1,9.84,,,USD,New,https://www.hlj.com/1-144-scale-gundam-decal-no-149-mobile-suit-gundam-seed-destiny-multiuse-1-banh847204,https://www.hlj.com/productthumbs/ban/banh847204_0_1787710807.jpg?v=1787710807
gundam,other,HLJ.com,retailer,,Mobile Suit V Gundam: V2 Assault Buster Gundam T-Shirt / Indigo-L,22.71,,,USD,New,https://www.hlj.com/mobile-suit-v-gundam-v2-assault-buster-gundam-t-shirt-indigo-l-cspr41460,https://www.hlj.com/productthumbs/csp/cspr41460_0_1737700887.jpg?v=1737700887
gundam,model_kit,HLJ.com,retailer,,bitlot Gundam 3 1Box 10pcs,59.05,,,USD,New,https://www.hlj.com/bitlot-gundam-3-1box-10pcs-banf934308,https://www.hlj.com/productthumbs/ban/banf934308_0_1787218807.jpg?v=1787218807
gundam,model_kit,HLJ.com,retailer,,1/144 Gundam Decal No.148 Mobile Suit Gundam: The 08th MS Team Multiuse 1,9.84,,,USD,New,https://www.hlj.com/1-144-scale-gundam-decal-no-148-mobile-suit-gundam-the-08th-ms-team-multiuse-1-banh847198,https://www.hlj.com/productthumbs/ban/banh847198_0_1787710839.jpg?v=1787710839
gundam,model_kit,HLJ.com,retailer,,Mobile Suit Gundam New Translation MS Complete Collection U.C.0068-0080,31.8,,,USD,New,https://www.hlj.com/mobile-suit-gundam-new-translation-ms-complete-collection-u-c-0068-0080-kdk14754,https://www.hlj.com/media/original_images/noImage.png
gundam,model_kit,HLJ.com,retailer,,Gundam Artifact Best Selection 1Box 10pcs,37.85,,,USD,New,https://www.hlj.com/gundam-artifact-best-selection-1box-10pcs-banf933677,https://www.hlj.com/productthumbs/ban/banf933677_0_1781862006.jpg?v=1781862006
gundam,model_kit,HLJ.com,retailer,,Mobile Suit Gundam SEED FREEDOM: PAPER THEATER / Destiny Gundam Spec II & Zeus Silhouette PT-J10,30.28,,,USD,New,https://www.hlj.com/mobile-suit-gundam-seed-freedom-paper-theater-destiny-gundam-spec-ii-zeus-silhouette-pt-j10-amd53079,https://www.hlj.com/productthumbs/amd/amd53079_0_1791179405.jpg?v=1791179405
gundam,model_kit,HLJ.com,retailer,,MODELGRAPHIX Gundam Archives Mobile Suit Gundam / Z Gundam / A.O.Z.,29.52,,,USD,New,https://www.hlj.com/modelgraphix-gundam-archives-mobile-suit-gundam-z-gundam-a-o-z-mdg23366,https://www.hlj.com/productthumbs/mdg/mdg23366_0_1672906814.jpg?v=1672906814
gundam,model_kit,Gundam Place Store,retailer,us,MG RX-78-2 Gundam Ver.3.0,60.99,,,USD,New,https://gundamplacestore.com/products/mg-rx-78-2-gundam-ver-3-0?q=gundam,https://cdn.shopify.com/s/files/1/0579/0095/7832/files/70061616-1FEE-41A4-A52B-D790F182DCCA.webp?v=1787493457
gundam,model_kit,Gundam Place Store,retailer,us,PG RX-0 UNICORN Gundam,259.69,,,USD,New,https://gundamplacestore.com/products/1-60-pg-unicorn-gundam?q=gundam,https://cdn.shopify.com/s/files/1/0579/0095/7832/files/IMG-7265.webp?v=1762156857
gundam,model_kit,Gundam Place Store,retailer,us,RG #30 Full Armor Unicorn Gundam,69.99,,,USD,New,https://gundamplacestore.com/products/rg-30-full-armor-unicorn-gundam?q=gundam,https://cdn.shopify.com/s/files/1/0579/0095/7832/products/8269156.jpg?v=1650976903
gundam,model_kit,Gundam Place Store,retailer,us,MG Gundam Virtue,91.99,,,USD,New,https://gundamplacestore.com/products/mg-gundam-virtue?q=gundam,https://cdn.shopify.com/s/files/1/0579/0095/7832/products/D5FE0C71-E24C-47B3-948C-06E5863A65CD.jpg?v=1650976627
gundam,model_kit,Gundam Place Store,retailer,us,MGEX Strike Freedom Gundam,182.99,,,USD,New,https://gundamplacestore.com/products/mgex-strike-freedom-gundam?q=gundam,https://cdn.shopify.com/s/files/1/0579/0095/7832/products/image_1fdeda77-425a-419f-b197-458678c523dd.png?v=1671806713
gundam,model_kit,Gundam Place Store,retailer,us,RG #36 HI-NU GUNDAM [Hi-v Gundam],60.99,,,USD,New,https://gundamplacestore.com/products/rg-hi-ce-bd-gundam?q=gundam,https://cdn.shopify.com/s/files/1/0579/0095/7832/products/img_4518.jpg?v=1650976834
gundam,model_kit,Gundam Place Store,retailer,us,RG #37 Burning (God) Gundam,49.99,,,USD,New,https://gundamplacestore.com/products/rg-37-god-gundam?q=gundam,https://cdn.shopify.com/s/files/1/0579/0095/7832/products/image_94b96e8b-0696-4f8e-86dd-44d579003ee1.webp?v=1661618869
gundam,model_kit,Gundam Place Store,retailer,us,MG Gundam Deathscythe EW,43.99,,,USD,New,https://gundamplacestore.com/products/1-100-mg-gundam-deathscythe-ew?q=gundam,https://cdn.shopify.com/s/files/1/0579/0095/7832/products/36f81567af8ac22d1251073026b69630.jpg?v=1650977799
gundam,model_kit,Gundam Place Store,retailer,us,MG Full Armor Unicorn Gundam Ver.KA,102.99,,,USD,New,https://gundamplacestore.com/products/1-100-mg-full-armor-unicorn-gundam-ver-ka?q=gundam,https://cdn.shopify.com/s/files/1/0579/0095/7832/products/mg-rx-0-full-armor-unicorn-gundam-ver-ka-00-1.jpg?v=1650977767
gundam,model_kit,Gundam Place Store,retailer,us,HGUC #265 Gundam Alyzeus,156.99,,,USD,New,https://gundamplacestore.com/products/hguc-265-gundam-alyzeus?q=gundam,https://cdn.shopify.com/s/files/1/0579/0095/7832/files/D6400AEE-8376-4512-8848-AA98B19A03AA.webp?v=1777078985
gundam,model_kit,Gundam Place Store,retailer,us,MG Gundam Avalanche Exia,79.99,,,USD,New,https://gundamplacestore.com/products/mg-gundam-avalanche-exia-mobile-suit-gundam-00v-battlefield-record?q=gundam,https://cdn.shopify.com/s/files/1/0579/0095/7832/products/img_2305-1.jpg?v=1650977013
gundam,model_kit,Gundam Place Store,retailer,us,HGTWFM #26 Gundam Calibarn,23.99,,,USD,New,https://gundamplacestore.com/products/hgtwfm-gundam-calibarn?q=gundam,https://cdn.shopify.com/s/files/1/0579/0095/7832/files/image_13f194f6-3124-4f87-bd11-5959309f29a2.webp?v=1688434879
gundam,model_kit,Gundam Place Store,retailer,us,HGTWFM #01 GUNDAM LFRITH,21.99,,,USD,New,https://gundamplacestore.com/products/hg-01-gundam-lfrith?q=gundam,https://cdn.shopify.com/s/files/1/0579/0095/7832/products/image_9de687fc-ce67-42a6-878c-3cacecf4d545.webp?v=1664941415
gundam,model_kit,Gundam Place Store,retailer,us,RG #19 Gundam Astray Red Frame,33.99,,,USD,New,https://gundamplacestore.com/products/1-144-rg-gundam-astray-red-frame?q=gundam,https://cdn.shopify.com/s/files/1/0579/0095/7832/products/rg-mbf-p02-gundam-astray-red-frame-05_clipped_rev_1_1024x1024_b534a870-fdba-47ea-93c2-23ccfb043ec8.png?v=1650977641
gundam,model_kit,Gundam Place Store,retailer,us,Full Mechanics 1/100 Gundam Aerial,53.99,,,USD,New,https://gundamplacestore.com/products/the-witch-from-mercury-full-mechanics-1-100-gundam-aerial?q=gundam,https://cdn.shopify.com/s/files/1/0579/0095/7832/files/image_6cd03fce-e33f-4da3-9588-1f14621572ef.webp?v=1683850376
gundam,model_kit,Gundam Place Store,retailer,us,MG Freedom Gundam Ver 2.0,60.99,,,USD,New,https://gundamplacestore.com/products/mg-1-100-freedom-gundam-ver-2-0?q=gundam,https://cdn.shopify.com/s/files/1/0579/0095/7832/products/bann04883_5.jpg?v=1650977922
gundam,model_kit,Gundam Place Store,retailer,us,Entry Grade #15 Wing Gundam Model Kit,11.99,,,USD,New,https://gundamplacestore.com/products/copy-entry-grade-14-strike-rouge-model-kit?q=gundam,https://cdn.shopify.com/s/files/1/0579/0095/7832/files/034BCC0A-009C-41AB-965E-1E7B118913A9.webp?v=1765262389
gundam,model_kit,Gundam Place Store,retailer,us,MG WING GUNDAM Ver. Ka,40.99,,,USD,New,https://gundamplacestore.com/products/mg-wing-gundam-ver-ka?q=gundam,https://cdn.shopify.com/s/files/1/0579/0095/7832/products/1BAN123714-1.jpg?v=1650977963
gundam,model_kit,Gundam Place Store,retailer,us,RG #42 Shining Gundam,42.99,,,USD,New,https://gundamplacestore.com/products/rg-42-shining-gundam?q=gundam,https://cdn.shopify.com/s/files/1/0579/0095/7832/files/rg-gf13-017nj-shining-gundam-07.webp?v=1753816707
gundam,model_kit,Gundam Place Store,retailer,us,RG #14 STRIKE FREEDOM GUNDAM  ZGMF-X20A,43.99,,,USD,New,https://gundamplacestore.com/products/rg-1-144-zgmf-x20a-strike-freedom-gundam?q=gundam,https://cdn.shopify.com/s/files/1/0579/0095/7832/products/ban985139_5-e1606351510713.jpg?v=1650977917
gundam,model_kit,Gundam Place Store,retailer,us,MG XXXG-01W Wing Gundam (TV Ver),54.99,,,USD,New,https://gundamplacestore.com/products/1-100-mg-xxxg-01w-wing-gundam?q=gundam,https://cdn.shopify.com/s/files/1/0579/0095/7832/products/ban962352_1.jpg?v=1650977794
gundam,model_kit,Gundam Place Store,retailer,us,HG MS-06 ZAKU II + BIG GUN SET (GUNDAM THUNDERBOLT ANIME VER.),50.99,,,USD,New,https://gundamplacestore.com/products/hg-ms-06-zaku-ii-big-gun-set-gundam-thunderbolt-anime-ver?q=gundam,https://cdn.shopify.com/s/files/1/0579/0095/7832/products/img_5890.jpg?v=1650976661
gundam,model_kit,Gundam Place Store,retailer,us,MG Gundam Astray Red Frame Kai,66.99,,,USD,New,https://gundamplacestore.com/products/1-100-mg-mbf-po2kai-gundam-astray-red-frame?q=gundam,https://cdn.shopify.com/s/files/1/0579/0095/7832/products/img_6150.jpg?v=1762156640
gundam,model_kit,Gundam Place Store,retailer,us,PG Strike Freedom Gundam,325.99,,,USD,New,https://gundamplacestore.com/products/1-60-pg-strike-freedom-gundam?q=gundam,https://cdn.shopify.com/s/files/1/0579/0095/7832/products/img_0781.jpg?v=1650977807
gundam,model_kit,Gundam Place Store,retailer,us,Mega Size 1/48 UNICORN GUNDAM (DESTROY MODE),119.99,,,USD,New,https://gundamplacestore.com/products/mega-size-model-1-48-unicorn-gundam-destroy-mode?q=gundam,https://cdn.shopify.com/s/files/1/0579/0095/7832/products/img_6262.jpg?v=1657272913
gundam,model_kit,Gundam Place Store,retailer,us,MGSD Freedom Gundam,54.99,,,USD,New,https://gundamplacestore.com/products/mgsd-freedom-gundam?q=gundam,https://cdn.shopify.com/s/files/1/0579/0095/7832/products/image_b9f68f2a-7d97-4fae-ad64-6e48eaab3a9d.webp?v=1677386205
gundam,model_kit,Gundam Place Store,retailer,us,RG #40 RX-78-2 GUNDAM (Ver.2.0),40.99,,,USD,New,https://gundamplacestore.com/products/rg-rx-78-2-gundam-ver-2-0?q=gundam,https://cdn.shopify.com/s/files/1/0579/0095/7832/files/650F4769-9898-4354-A806-23F9F5403650.jpg?v=1762023196
gundam,model_kit,Gundam Place Store,retailer,us,HGTWFM #07 Gundam Pharact,24.99,,,USD,New,https://gundamplacestore.com/products/hgtwfm-07-gundam-pharact?q=gundam,https://cdn.shopify.com/s/files/1/0579/0095/7832/products/image_76e86a1d-738c-4522-aae4-da707cb86194.webp?v=1675318707
gundam,model_kit,Gundam Place Store,retailer,us,HGAC #242 SHENLONG GUNDAM,19.99,,,USD,New,https://gundamplacestore.com/products/hgac-shenlong-gundam?q=gundam,https://cdn.shopify.com/s/files/1/0579/0095/7832/products/image_aeb060b4-be2f-4257-b83d-1ffaf1847278.webp?v=1662558046
gundam,model_kit,Gundam Place Store,retailer,us,MG XXXG-01S Shenlong Gundam (EW ver.),43.99,,,USD,New,https://gundamplacestore.com/products/mg-xxxg-01s-shenlong-gundam-ew-ver?q=gundam,https://cdn.shopify.com/s/files/1/0579/0095/7832/products/img_4094.jpg?v=1650976882
gundam,model_kit,Gundam Place Store,retailer,us,RG #25 RX-0 Unicorn Gundam,50.99,,,USD,New,https://gundamplacestore.com/products/1-144-rg-rx-0-unicorn-gundam?q=gundam,https://cdn.shopify.com/s/files/1/0579/0095/7832/products/bann16741_1.jpg?v=1650977219
gundam,model_kit,Gundam Place Store,retailer,us,HGUC #215 AMS-123X Moon Gundam,40.99,,,USD,New,https://gundamplacestore.com/products/1-144-hg-ams-123x-x-moon-gundam?q=gundam,https://cdn.shopify.com/s/files/1/0579/0095/7832/products/153_2813_o_1cmmot4911cn7lnlcu11v4ehan23_480x480_2f07bc8b-f8de-4c64-aef9-51bd54908a0e.jpg?v=1650977536
gundam,model_kit,Gundam Place Store,retailer,us,HGTWFM #25 Gundam Schwarzette,24.99,,,USD,New,https://gundamplacestore.com/products/hgtwfm-25-gundam-schwarzette?q=gundam,https://cdn.shopify.com/s/files/1/0579/0095/7832/files/image_824707a6-ab0c-42ff-8472-ac6193556436.webp?v=1690987188
gundam,model_kit,USA Gundam Store,retailer,us,MGEX 1/100 Mighty Strike Freedom Gundam,279.99,,,USD,New,https://www.usagundamstore.com/products/mgex-1-100-mighty-strike-freedom-gundam,https://cdn.shopify.com/s/files/1/0727/8355/files/2857431_MGEX1_100MIGHTYSTRIKEFREEDOMGUNDAM_2_0cca434c-7159-403b-ac27-ad79a3aa5de7_600x600.jpg?v=1788879515
gundam,model_kit,USA Gundam Store,retailer,us,Shenma Model 1/100 Blue Knight Rising Freedom Gundam,74.99,,,USD,New,https://www.usagundamstore.com/products/shenma-model-1-100-blue-knight-rising-freedom-gundam,https://cdn.shopify.com/s/files/1/0727/8355/files/download-2026-06-21T105325.102_600x600.png?v=1782053975
gundam,model_kit,USA Gundam Store,retailer,us,HGGQ 1/144 #12 White Gundam,19.59,,,USD,New,https://www.usagundamstore.com/products/hggq-1-144-white-gundam,https://cdn.shopify.com/s/files/1/0727/8355/files/lSFTOLe2QJTj2oPN_60ef9324-9c3d-486c-b94f-eec04790a238_600x600.jpg?v=1764614567
gundam,model_kit,USA Gundam Store,retailer,us,PG Unleashed 1/60 Nu Gundam,689.99,,,USD,New,https://www.usagundamstore.com/products/pg-unleashed-1-60-gundam,https://cdn.shopify.com/s/files/1/0727/8355/files/a459c8ea-02ed-4cec-9510-3a6b7ee53e9d_600x600.webp?v=1762288461
gundam,model_kit,USA Gundam Store,retailer,us,RG 1/144 #37 Burning Gundam,49.99,,,USD,New,https://www.usagundamstore.com/products/rg-1-144-37-god-gundam,https://cdn.shopify.com/s/files/1/0727/8355/products/153_5028_o_1g9u42c8e1fmriirah01nsnavb23_600x600.jpg?v=1762275873
gundam,model_kit,USA Gundam Store,retailer,us,RG 1/144 #25 Unicorn Gundam,50.99,,,USD,New,https://www.usagundamstore.com/products/rg-1-144-25-unicorn-gundam,https://cdn.shopify.com/s/files/1/0727/8355/products/cf69efea-a2c0-4aa6-9072-ae289fca2872_600x600.jpg?v=1762200507
gundam,model_kit,USA Gundam Store,retailer,us,MGSD Freedom Gundam,54.99,,,USD,New,https://www.usagundamstore.com/products/mgsd-freedom-gundam,https://cdn.shopify.com/s/files/1/0727/8355/products/153_5206_o_1gmsp1pajm3a1q3910q21o8j3h323_042b642f-3d0f-4380-84e2-53e14c148ab6_600x600.jpg?v=1762278822
gundam,model_kit,USA Gundam Store,retailer,us,HGAC 1/144 #242 Shenlong Gundam,19.99,,,USD,New,https://www.usagundamstore.com/products/hgac-1-144-242-shenlong-gundam,https://cdn.shopify.com/s/files/1/0727/8355/products/157_5100_o_1gc66sdt71hjojunjsk1c4dq0h2n_218f688b-e100-44c9-acbf-f9ee653e09ce_600x600.jpg?v=1762276888
gundam,model_kit,USA Gundam Store,retailer,us,Entry Grade 1/144 Wing Gundam,11.99,,,USD,New,https://www.usagundamstore.com/products/entry-grade-1-144-wing-gundam,https://cdn.shopify.com/s/files/1/0727/8355/files/Si0mf8QZMUIHzVNM_dce55302-b2e7-4558-990a-ae8fd06f7a12_600x600.jpg?v=1762288463
gundam,model_kit,USA Gundam Store,retailer,us,MG 1/100 Zeta Gundam (Ver.Ka),86.99,,,USD,New,https://www.usagundamstore.com/products/mg-1-100-zeta-gundam-ver-ka,https://cdn.shopify.com/s/files/1/0727/8355/products/153_5223_o_1gdplns5j1bml2am1js9bd1jqr23_72f71e81-deca-463c-a40f-ce9e74b5f23e_600x600.jpg?v=1762278822
gundam,model_kit,USA Gundam Store,retailer,us,MG 1/100 Full Armor Gundam,67.99,,,USD,New,https://www.usagundamstore.com/products/mg-1-100-full-armor-gundam,https://cdn.shopify.com/s/files/1/0727/8355/products/12_66127af8-5450-4af2-a53b-741a2956cb98_600x600.jpg?v=1762200940
gundam,model_kit,USA Gundam Store,retailer,us,RG 1/144 #30 Full Armor Unicorn Gundam,69.99,,,USD,New,https://www.usagundamstore.com/products/rg-1-144-30-full-armor-unicorn-gundam,https://cdn.shopify.com/s/files/1/0727/8355/products/8c7a02e6-472b-4efb-a677-4aa2f0a31b2c_600x600.jpg?v=1762201996
gundam,model_kit,USA Gundam Store,retailer,us,MG 1/100 RX-78-2 Gundam (Ver. Ka),36.99,,,USD,New,https://www.usagundamstore.com/products/mg-1-100-rx-78-2-gundam-ver-ka,https://cdn.shopify.com/s/files/1/0727/8355/files/153_316_s_84qmj44e77vfrla6eo4jtamghypq_fbde4072-f3b5-49a0-b58a-a821e0745ff5_600x600.jpg?v=1762199200
gundam,model_kit,USA Gundam Store,retailer,us,RG 1/144 #42 Shining Gundam,42.99,,,USD,New,https://www.usagundamstore.com/products/rg-1-144-41-rg-1-144-shining-gundam,https://cdn.shopify.com/s/files/1/0727/8355/files/conuS7erzRJNtRt0_600x600.jpg?v=1762285791
gundam,model_kit,USA Gundam Store,retailer,us,MG 1/100 Freedom Gundam (Ver 2.0),60.99,,,USD,New,https://www.usagundamstore.com/products/mg-1-100-freedom-gundam-ver-2-0,https://cdn.shopify.com/s/files/1/0727/8355/products/3322ad85-8d07-47b5-8a55-fc2df9a9fca8_600x600.jpg?v=1762198719
gundam,model_kit,USA Gundam Store,retailer,us,RG 1/144 #09 Justice Gundam,33.99,,,USD,New,https://www.usagundamstore.com/products/rg-1-144-09-justice-gundam,https://cdn.shopify.com/s/files/1/0727/8355/products/d1f56a41-e423-49c1-a082-4fd058d529fe_600x600.jpg?v=1762198473
gundam,model_kit,USA Gundam Store,retailer,us,Gundam Legend BB370 SD Knight Gundam,13.99,,,USD,New,https://www.usagundamstore.com/products/gundam-legend-bb370-sd-knight-gundam,https://cdn.shopify.com/s/files/1/0727/8355/products/71Z6k9tanKL._SL1500_600x600.jpg?v=1762198875
gundam,model_kit,USA Gundam Store,retailer,us,HGCC 1/144 #177 Turn A Gundam,18.99,,,USD,New,https://www.usagundamstore.com/products/hgcc-1-144-177-turn-a-gundam,https://cdn.shopify.com/s/files/1/0727/8355/products/17a333bd-5baa-4fd6-91da-1f71eca5b896_600x600.jpg?v=1762198867
gundam,model_kit,USA Gundam Store,retailer,us,HGBF 1/144 #07 Sengoku Astray Gundam,24.99,,,USD,New,https://www.usagundamstore.com/products/hgbf-1-144-07-sengoku-astray-gundam,https://cdn.shopify.com/s/files/1/0727/8355/products/29049891-5281-45f5-87e5-942c27941b23_600x600.jpg?v=1762198206
gundam,model_kit,USA Gundam Store,retailer,us,HG00 1/144 #45 0 Gundam (Type A.C.D. Ver.),17.99,,,USD,New,https://www.usagundamstore.com/products/hg00-1-144-45-0-gundam-type-a-c-d-ver,https://cdn.shopify.com/s/files/1/0727/8355/products/0a20ed22-10b1-459c-9c02-367c5526f936_600x600.jpg?v=1762198403
gundam,model_kit,USA Gundam Store,retailer,us,RG 1/144 #11 Destiny Gundam,34.99,,,USD,New,https://www.usagundamstore.com/products/rg-1-144-11-destiny-gundam,https://cdn.shopify.com/s/files/1/0727/8355/products/63627d48-cdf8-467f-9da6-a7850a41b8be-removebg_600x600.png?v=1762198353
gundam,model_kit,USA Gundam Store,retailer,us,HGUC 1/144 #29 Ex-S Gundam,33.99,,,USD,New,https://www.usagundamstore.com/products/hguc-1-144-29-ex-s-gundam,https://cdn.shopify.com/s/files/1/0727/8355/products/9f432bf3-d24b-4ef8-b778-071bbdb89b28_600x600.jpg?v=1762198459
gundam,model_kit,USA Gundam Store,retailer,us,HGUC 1/144 #49 Psycho Gundam,66.99,,,USD,New,https://www.usagundamstore.com/products/hguc-1-144-49-psycho-gundam,https://cdn.shopify.com/s/files/1/0727/8355/products/d04ef748-bb8a-43c5-819b-216d14386bbe_600x600.jpg?v=1762198687
gundam,model_kit,USA Gundam Store,retailer,us,MG 1/100 Justice Gundam,64.99,,,USD,New,https://www.usagundamstore.com/products/pre-order-mg-1-100-justice-gundam,https://cdn.shopify.com/s/files/1/0727/8355/products/38e05623-1982-4bec-a70a-af5cb946aab0-removebg_600x600.png?v=1762199220
gundam,model_kit,USA Gundam Store,retailer,us,Gundam Legend BB375 SD Command Gundam,13.99,,,USD,New,https://www.usagundamstore.com/products/gundam-legend-bb375-sd-command-gundam,https://cdn.shopify.com/s/files/1/0727/8355/products/f242ad04-0815-43ae-887a-54df7678a384_1_600x600.jpg?v=1762201746
gundam,model_kit,USA Gundam Store,retailer,us,RG 1/144 #14 Strike Freedom Gundam,43.99,,,USD,New,https://www.usagundamstore.com/products/rg-1-144-14-strike-freedom-gundam,https://cdn.shopify.com/s/files/1/0727/8355/products/6d6223b5-5757-4915-9e64-b25a1d8b1f0a_600x600.jpg?v=1762198362
gundam,model_kit,USA Gundam Store,retailer,us,RG 1/144 #05 Freedom Gundam,33.99,,,USD,New,https://www.usagundamstore.com/products/rg-1-144-05-freedom-gundam,https://cdn.shopify.com/s/files/1/0727/8355/products/c25337ec-2e5e-4074-8035-56ff544de8c5_600x600.jpg?v=1762198353
gundam,model_kit,USA Gundam Store,retailer,us,SD Gundam EX-Standard 005 RX-0 Unicorn Gundam (Destroy Mode),11.99,,,USD,New,https://www.usagundamstore.com/products/sd-ex-standard-005-rx-0-unicorn-gundam-destroy-mode,https://cdn.shopify.com/s/files/1/0727/8355/products/2daa1ee2-9cf9-4e4d-b7ad-b4a82c7b9d64_600x600.jpg?v=1762198631
gundam,model_kit,USA Gundam Store,retailer,us,MG 1/100 FXA-05D Super Gundam,53.99,,,USD,New,https://www.usagundamstore.com/products/mg-fxa-05d-super-gundam,https://cdn.shopify.com/s/files/1/0727/8355/files/153_2513_s_pq1n0uxo4e20jy05jh1nfsbrinnu_2a1c7f4c-9cf1-4131-95e2-7979694145bb_600x600.jpg?v=1781898860
gundam,model_kit,USA Gundam Store,retailer,us,HGGBM 1/144 #4 Shin Burning Gundam,33.99,,,USD,New,https://www.usagundamstore.com/products/hg-1-144-god-burning-gundam-hg-1-144-shin-burning-gundam,https://cdn.shopify.com/s/files/1/0727/8355/files/153_5882_o_1hehpl5ib11k0b151bng6d91mth23_b9aa685e-e923-4f70-b3fa-a334b2bff9d5_600x600.jpg?v=1762280601
gundam,model_kit,USA Gundam Store,retailer,us,MG 1/100 RX-0 Full Armor Unicorn Gundam (Ver.Ka),102.99,,,USD,New,https://www.usagundamstore.com/products/mg-1-100-rx-0-full-armor-unicorn-gundam-ver-ka,https://cdn.shopify.com/s/files/1/0727/8355/products/690db7cb-9d7e-4ef4-8c5c-e5f2892a1abd_600x600.jpg?v=1762198188
gundam,model_kit,USA Gundam Store,retailer,us,HGBF 1/144 #28 Try Burning Gundam,24.99,,,USD,New,https://www.usagundamstore.com/products/hgbf-1-144-try-burning-gundam,https://cdn.shopify.com/s/files/1/0727/8355/files/153_1254_s_mrzc0hvbbmokr52h08yd9yydbcf4_f8c08580-363d-4bc8-bdf3-94408d4bbe0e_600x600.jpg?v=1762198182
gundam,model_kit,USA Gundam Store,retailer,us,MG PF-78-1 Perfect Gundam,53.99,,,USD,New,https://www.usagundamstore.com/products/mg-pf-78-1-perfect-gundam,https://cdn.shopify.com/s/files/1/0727/8355/products/14231877423_600x600.jpg?v=1762200942
gundam,model_kit,USA Gundam Store,retailer,us,HGFC 1/144 #110 GF13-017NJII Burning Gundam,24.99,,,USD,New,https://www.usagundamstore.com/products/hgfc-1-144-110-gf13-017njii-god-gundam,https://cdn.shopify.com/s/files/1/0727/8355/products/f743d0c8-352f-4c98-a31c-3a8d7641bb0b_600x600.jpg?v=1762198761
gundam,model_kit,USA Gundam Store,retailer,us,HGCE 1/144 #243 Rising Freedom Gundam,27.99,,,USD,New,https://www.usagundamstore.com/products/bandai-hg-1-144-rising-freedom-gundam-tentative-name,https://cdn.shopify.com/s/files/1/0727/8355/files/153_5937_o_1hko23oi9ick14121p69cko18c523_66c8069c-b82a-4e7b-8166-0ad5e7ba91bb_600x600.jpg?v=1762281802
gundam,model_kit,USA Gundam Store,retailer,us,BB295 Blu Duel Gundam,9.99,,,USD,New,https://www.usagundamstore.com/products/bb295-blu-duel-gundam,https://cdn.shopify.com/s/files/1/0727/8355/products/153_2561_s_qvs8pl59548ooq7w02524vh7je3h_600x600.jpg?v=1762278327
gundam,model_kit,USA Gundam Store,retailer,us,MG 1/100 Sword Impulse Gundam,60.99,,,USD,New,https://www.usagundamstore.com/products/mg-1-100-sword-impulse-gundam,https://cdn.shopify.com/s/files/1/0727/8355/products/a4a242e1-e123-4174-8334-9761b6fb26ec_600x600.jpg?v=1762198152
gundam,model_kit,USA Gundam Store,retailer,us,MG 1/100 XXXG-01W Wing Gundam (EW),40.99,,,USD,New,https://www.usagundamstore.com/products/mg-1-100-xxxg-01w-wing-gundam-ew-ver,https://cdn.shopify.com/s/files/1/0727/8355/products/153_2717_s_hv9i5s250pk4lcifesezoei0okqb_8dafe70f-e506-4ac4-9061-39f5a7b2020c_600x600.jpg?v=1762198069
gundam,model_kit,USA Gundam Store,retailer,us,MG 1/100 Wing Gundam (Ver. Ka),40.99,,,USD,New,https://www.usagundamstore.com/products/mg-1-100-wing-gundam-ver-ka,https://cdn.shopify.com/s/files/1/0727/8355/products/34d85331-1fa5-4a8f-a635-c1c056608460_600x600.jpg?v=1762198467
gundam,model_kit,USA Gundam Store,retailer,us,MG 1/100 Wing Gundam (TV),48.99,,,USD,New,https://www.usagundamstore.com/products/mg-wing-gundam,https://cdn.shopify.com/s/files/1/0727/8355/products/0b4a444a-8152-413f-8b9b-f7e57d81134c_600x600.jpg?v=1762198757
gundam,model_kit,USA Gundam Store,retailer,us,MG 1/100 Sengoku Astray Gundam,66.99,,,USD,New,https://www.usagundamstore.com/products/mg-1-100-sengoku-astray-gundam,https://cdn.shopify.com/s/files/1/0727/8355/files/153_1052_s_w14lmnjvb8nyt282jwofqwi93tmz_95193ced-6135-4cd8-8883-9b46d20028aa_600x600.jpg?v=1762198217
gundam,model_kit,USA Gundam Store,retailer,us,MG 1/100 Force Impulse Gundam,59.99,,,USD,New,https://www.usagundamstore.com/products/bandai-1-100-mg-master-grade-gundam-seed-force-impulse-gundam-model-kit,https://cdn.shopify.com/s/files/1/0727/8355/products/c15ddd30-c95c-41be-ba43-73164f3f7d86_600x600.png?v=1762197955
gundam,model_kit,USA Gundam Store,retailer,us,PG 1/60 Strike Freedom Gundam,325.99,,,USD,New,https://www.usagundamstore.com/products/pg-strike-freedom-gundam,https://cdn.shopify.com/s/files/1/0727/8355/files/153_3859_s_fxnmhl45793pioe82adur92h9t57_fd069600-df9c-43bd-bf9b-985a9c39c2d6_600x600.jpg?v=1762198567
gundam,model_kit,USA Gundam Store,retailer,us,HGBF 1/144 #43 Kamiki Burning Gundam,24.99,,,USD,New,https://www.usagundamstore.com/products/hgbf-1-144-43-kamiki-burning-gundam,https://cdn.shopify.com/s/files/1/0727/8355/products/a0bbd6d2-c38f-4e11-8b1d-15e60b5a1cce_600x600.jpg?v=1762198503
gundam,model_kit,USA Gundam Store,retailer,us,HGCE 1/144 #192 Freedom Gundam (Revive),24.99,,,USD,New,https://www.usagundamstore.com/products/hgce-1-144-192-freedom-gundam-revive,https://cdn.shopify.com/s/files/1/0727/8355/products/6fe87f5f-f578-4035-9f5c-624817f3e4cb_600x600.jpg?v=1762198498
gundam,model_kit,USA Gundam Store,retailer,us,HGUC 1/144 #218 Narrative Gundam (A-Packs),72.99,,,USD,New,https://www.usagundamstore.com/products/hguc-1-144-218-narrative-gundam-a-packs,https://cdn.shopify.com/s/files/1/0727/8355/products/5de6c8f9-aeb4-4b74-a67d-0e98ca5b2650_600x600.jpg?v=1762268519
gundam,model_kit,USA Gundam Store,retailer,us,RG 1/144 #41 ORB-01 Akatsuki Gundam (Oowashi Unit),97.99,,,USD,New,https://www.usagundamstore.com/products/rg-1-144-39-akatsuki-gundam-equipped-with-owashi,https://cdn.shopify.com/s/files/1/0727/8355/files/153_6242_o_1iel62jkqqrf12n11bhp1du911um23_600x600.jpg?v=1762283813
gundam,model_kit,USA Gundam Store,retailer,us,HGCE 1/144 #252 Duel Blitz Gundam,31.99,,,USD,New,https://www.usagundamstore.com/products/hgce-1-144-duel-blitz-gundam,https://cdn.shopify.com/s/files/1/0727/8355/files/153_6088_o_1i2t87iscr9o1hfc1g0b1clomgk23_5952c99d-ed67-4a8c-854e-167681fe2ab4_600x600.jpg?v=1762283274
gundam,model_kit,USA Gundam Store,retailer,us,HGBF 1/144 #40 Lightning Z Gundam,29.99,,,USD,New,https://www.usagundamstore.com/products/hgbf-1-144-040-lightning-z-gundam,https://cdn.shopify.com/s/files/1/0727/8355/products/49e65da3-c64d-4d8b-a9fb-efc11b707b61_600x600.jpg?v=1762198377
gundam,model_kit,USA Gundam Store,retailer,us,HGUC 1/144 #189 V2 Assault Buster Gundam,27.99,,,USD,New,https://www.usagundamstore.com/products/hguc-1-144-189-v2-assault-buster-gundam,https://cdn.shopify.com/s/files/1/0727/8355/products/6e19f32b-8d7a-4720-a27c-9c5f20c06873_600x600.jpg?v=1781892004
gundam,model_kit,USA Gundam Store,retailer,us,SD BB Senshi #227 Super Gundam,10.99,,,USD,New,https://www.usagundamstore.com/products/sd-bb-senshi-227-super-gundam,https://cdn.shopify.com/s/files/1/0727/8355/products/1000075246_1_600x600.jpg?v=1762278795
gundam,model_kit,USA Gundam Store,retailer,us,HGCE 1/144 #201 Strike Freedom Gundam,28.99,,,USD,New,https://www.usagundamstore.com/products/hgce-1-144-201-strike-freedom-gundam,https://cdn.shopify.com/s/files/1/0727/8355/products/1299fbe8-528a-4d69-9ef5-43730019336c_600x600.jpg?v=1762199004
gundam,model_kit,USA Gundam Store,retailer,us,HG00 1/144 #37 Seraphim Gundam,14.99,,,USD,New,https://www.usagundamstore.com/products/hg-1-144-37-seraphim-gundam,https://cdn.shopify.com/s/files/1/0727/8355/files/153_1861_o_1bblush84h2kj7t19v6rhh4f523_8c038bff-c749-40ad-80f3-652ef695ca18_600x600.jpg?v=1762198898
gundam,model_kit,USA Gundam Store,retailer,us,Gundam Legend SD Gundam BB373 Musha Gundam,13.99,,,USD,New,https://www.usagundamstore.com/products/gundam-legend-sd-gundam-bb373-musha-gundam,https://cdn.shopify.com/s/files/1/0727/8355/products/51FaR8FvoYL_600x600.jpg?v=1762201547
gundam,model_kit,USA Gundam Store,retailer,us,RG 1/144 #10 Zeta Gundam,40.99,,,USD,New,https://www.usagundamstore.com/products/rg-1-144-10-zeta-gundam,https://cdn.shopify.com/s/files/1/0727/8355/products/60f98391-69f0-4cf7-957b-9d5caaa98bc0_600x600.jpg?v=1762198231
gundam,model_kit,USA Gundam Store,retailer,us,SDBF #30 Star Winning Gundam,16.99,,,USD,New,https://www.usagundamstore.com/products/sdbf-030-star-winning-gundam,https://cdn.shopify.com/s/files/1/0727/8355/products/153_1261_s_gdvz7xtxb83wqccuwtdzs26kd5az_f52e007f-fa81-4ca8-ac94-ff449fcc7a80_600x600.jpg?v=1762198206
gundam,model_kit,USA Gundam Store,retailer,us,HGCE 1/144 #231 Infinite Justice Gundam,29.99,,,USD,New,https://www.usagundamstore.com/products/hgce-1-144-231-infinite-justice-gundam,https://cdn.shopify.com/s/files/1/0727/8355/products/f2755436-c3e2-4b82-a68c-d5d28f0b0d60_600x600.jpg?v=1762271465
gundam,model_kit,USA Gundam Store,retailer,us,HGUC 1/144 #165 Victory Gundam,16.99,,,USD,New,https://www.usagundamstore.com/products/hguc-1-144-165-v-gundam,https://cdn.shopify.com/s/files/1/0727/8355/products/71UwICJcaOL._SL1431_600x600.jpg?v=1762198158
gundam,model_kit,USA Gundam Store,retailer,us,HG 1/144 #41 Strike Noir Gundam,19.99,,,USD,New,https://www.usagundamstore.com/products/hg-1-144-41-strike-noir-gundam,https://cdn.shopify.com/s/files/1/0727/8355/products/s-l500_e3facbd4-b8d7-401f-af2c-ad1900e02b03_600x600.jpg?v=1764881450
gundam,model_kit,USA Gundam Store,retailer,us,HGUC 1/144 #111 ZZ Gundam,30.99,,,USD,New,https://www.usagundamstore.com/products/hguc-1-144-111-zz-gundam,https://cdn.shopify.com/s/files/1/0727/8355/products/7571d159-7d01-45b5-b2fd-b52cec59e60d_600x600.jpg?v=1762198516
gundam,model_kit,USA Gundam Store,retailer,us,MG 1/100 Master Gundam,36.99,,,USD,New,https://www.usagundamstore.com/products/mg-1-100-master-gundam,https://cdn.shopify.com/s/files/1/0727/8355/products/72696561-66aa-4c6c-8c83-70389d015634_600x600.jpg?v=1762199103
gundam,model_kit,USA Gundam Store,retailer,us,HGGQ 1/144 #4 gMS-α Red Gundam,29.99,,,USD,New,https://www.usagundamstore.com/products/hg-1-144-red-gundam,https://cdn.shopify.com/s/files/1/0727/8355/files/OJ4QYP0diK0xnfd5_600x600.jpg?v=1762287186
gundam,model_kit,USA Gundam Store,retailer,us,Gundam Seed Full Mechanics 1/100 Raider Gundam,59.99,,,USD,New,https://www.usagundamstore.com/products/gundam-seed-full-mechanics-1-100-raider-gundam,https://cdn.shopify.com/s/files/1/0727/8355/products/157_5020_s_782i8vqwneersef5ohs0yi0ixw88_627c8467-07fd-4ec3-aeb0-ba4e3da8419f_600x600.jpg?v=1762275871
gundam,model_kit,USA Gundam Store,retailer,us,RG 1/144 #03 Aile Strike Gundam,33.99,,,USD,New,https://www.usagundamstore.com/products/rg-1-144-03-aile-strike-gundam,https://cdn.shopify.com/s/files/1/0727/8355/products/ce206f39-1cc8-4948-bb3e-922dfa010d89-removebg_600x600.png?v=1762198351
gundam,model_kit,USA Gundam Store,retailer,us,HGGS 1/144 #47 Stargazer Gundam,20.99,,,USD,New,https://www.usagundamstore.com/products/hggs-1-144-47-stargazer-gundam,https://cdn.shopify.com/s/files/1/0727/8355/products/31fce9f1-6f6e-4cb7-a50c-de39423d852b_600x600.jpg?v=1759252846
gundam,model_kit,USA Gundam Store,retailer,us,Gundam SD EX-Standard 009 Destiny Gundam,10.99,,,USD,New,https://www.usagundamstore.com/products/pre-order-ex-standard-009-destiny-gundam,https://cdn.shopify.com/s/files/1/0727/8355/products/153_1815_s_i9j370wqbwajkap5s0t303m15h1b_d10ff823-d824-478f-b026-de4f6eb40623_600x600.jpg?v=1762198712
gundam,model_kit,USA Gundam Store,retailer,us,MG 1/100 GAT-X105 Aile Strike Gundam (Ver. RM),55.99,,,USD,New,https://www.usagundamstore.com/products/mg-1-100-gat-x105-aile-strike-gundam-ver-rm-remaster,https://cdn.shopify.com/s/files/1/0727/8355/products/8a890ae4-6f96-4798-9a84-b531440412c4_600x600.jpg?v=1762198064
gundam,model_kit,USA Gundam Store,retailer,us,MG 1/100 Infinite Justice Gundam,66.99,,,USD,New,https://www.usagundamstore.com/products/bandai-1-100-mg-master-grade-infinite-justice-gundam-model-kit-zgmf-x19a-156649,https://cdn.shopify.com/s/files/1/0727/8355/products/8b5af19e-a20f-427b-8a44-918f98ccaa7c_600x600.png?v=1762197958
gundam,model_kit,USA Gundam Store,retailer,us,SD Gundam EX-Standard 006 Strike Freedom Gundam,11.99,,,USD,New,https://www.usagundamstore.com/products/pre-order-ex-standard-006-strike-freedom-gundam,https://cdn.shopify.com/s/files/1/0727/8355/products/153_1560_s_jwq138edmob8cx9od4knlvs4r2n1_2c464441-c29e-441a-9668-de07ca1bcf6c_600x600.jpg?v=1762198627
gundam,model_kit,USA Gundam Store,retailer,us,SD Gundam EX-Standard 002 Aile Strike Gundam,11.99,,,USD,New,https://www.usagundamstore.com/products/sd-gundam-ex-standard-002-aile-strike-gundam,https://cdn.shopify.com/s/files/1/0727/8355/products/Untitled-42_92714faf-dc5a-499e-bebb-cc4ad9e992d8_600x600.jpg?v=1762198618
gundam,model_kit,USA Gundam Store,retailer,us,HGCE 1/144 #226 Destiny Gundam (Heine Westenfluss Custom),29.99,,,USD,New,https://www.usagundamstore.com/products/hgce-1-144-destiny-gundam-heine-westenfluss-custom,https://cdn.shopify.com/s/files/1/0727/8355/files/153_3241_s_z0jd4h0948ax1chwv15782mrgnt0_600x600.jpg?v=1781812371
gundam,model_kit,USA Gundam Store,retailer,us,HGBF 1/144 #058 Star Burning Gundam,20.99,,,USD,New,https://www.usagundamstore.com/products/pre-order-hgbf-1-144-star-burning-gundam,https://cdn.shopify.com/s/files/1/0727/8355/files/153_2012_s_7dctg3r543ov0h95g1dsos3erjk0_72ae6d8b-34a9-4f6a-b14c-744e030d639d_600x600.jpg?v=1762200879
gundam,model_kit,USA Gundam Store,retailer,us,PG 1/60 RX-0 Unicorn Gundam (Prototype Full Psycho-Frame),259.99,,,USD,New,https://www.usagundamstore.com/products/pg-1-60-rx-0-unicorn-gundam-prototype-full-psycho-frame,https://cdn.shopify.com/s/files/1/0727/8355/products/a2ccf26b-3429-4fbe-9d87-ba64163ab2cc_600x600.jpg?v=1762198450
gundam,model_kit,USA Gundam Store,retailer,us,HG00 1/144 #43 Arche Gundam,20.99,,,USD,New,https://www.usagundamstore.com/products/hg-1-144-43-arche-gundam,https://cdn.shopify.com/s/files/1/0727/8355/files/153_3660_s_natzoaeq8wyqsm6v37vj8rqgztuq_e0f2df47-d568-41a7-ba02-c9b28ad75905_600x600.jpg?v=1762198402
gundam,model_kit,USA Gundam Store,retailer,us,HGUC 1/144 #35 Super Gundam,27.99,,,USD,New,https://www.usagundamstore.com/products/hguc-1-144-35-super-gundam,https://cdn.shopify.com/s/files/1/0727/8355/products/3bc5dc3f-eba9-4b62-bd5c-07b04546aaa1_600x600.jpg?v=1762198380
gundam,model_kit,USA Gundam Store,retailer,us,SD Gundam Ex-Standard 20 Rising Freedom Gundam,11.99,,,USD,New,https://www.usagundamstore.com/products/sd-gundam-ex-standard-rising-freedom-gundam,https://cdn.shopify.com/s/files/1/0727/8355/files/153_5939_o_1hko1svohkshhd5u7sv111hpu23_8331e32c-77c8-4eb4-b1a1-9c00d6f94ea2_600x600.jpg?v=1762281811
gundam,model_kit,USA Gundam Store,retailer,us,SDW Heroes #36 78th Musha Gundam,21.99,,,USD,New,https://www.usagundamstore.com/products/sdw-heroes-36-musha-gundam-the-78th,https://cdn.shopify.com/s/files/1/0727/8355/files/153_5941_s_wjlu3wh38m25sl856ztvbhoee8ed_8d1f6b20-f231-41cb-ad96-ef981eed743d_600x600.jpg?v=1762281689
gundam,model_kit,USA Gundam Store,retailer,us,SDW Heroes Resurrection #33 Wukong Impulse (Childhood Ver.) &amp; Sanzo Strike Freedom Gundam Set,20.99,,,USD,New,https://www.usagundamstore.com/products/sdw-heroes-33-goku-impulse-gundam-sanzang-strike-freedom-gundam-set,https://cdn.shopify.com/s/files/1/0727/8355/files/153_5864_s_qy2cjfl5elpek0ok2hq770klkywc_7d6ece09-38f9-4602-a67e-70f0db404df0_600x600.jpg?v=1762280946
gundam,other,USA Gundam Store,retailer,us,F66 MG PB Eclipse Gundam with Raisin Striker Decal Sheet,7.99,,,USD,New,https://www.usagundamstore.com/products/f66-mg-pb-eclipse-gundam-with-raisin-striker-decal-sheet,https://cdn.shopify.com/s/files/1/0727/8355/products/06-10-F66MGPBEclipseGundam_RaisinStriker_2_600x600.jpg?v=1762280163
gundam,model_kit,USA Gundam Store,retailer,us,SDW Heroes #27 Zhao Yun 00 Gundam (Command Package Ver.),13.99,,,USD,New,https://www.usagundamstore.com/products/sdw-heroes-27-zhao-yun-00-gundam-command-package-ver,https://cdn.shopify.com/s/files/1/0727/8355/products/153_5101_o_1gd2jaihhdum1coiecf1ahd7ko23_12ec74a5-7dcd-4142-8876-20535f8addb3_600x600.jpg?v=1762276907
gundam,model_kit,USA Gundam Store,retailer,us,SDW Heroes #14 Qiongqi Strike Freedom Gundam,15.99,,,USD,New,https://www.usagundamstore.com/products/sdw-heroes-14-qiongqi-strike-freedom-gundam,https://cdn.shopify.com/s/files/1/0727/8355/products/153_4635_s_h282vyw9ix9nbucz9wbiqdjop5rp_600x600.jpg?v=1762276846
gundam,model_kit,USA Gundam Store,retailer,us,SDW Heroes #21 Knight Strike Gundam,10.99,,,USD,New,https://www.usagundamstore.com/products/sdw-heroes-21-knight-strike-gundam,https://cdn.shopify.com/s/files/1/0727/8355/products/153_4708_o_1g3nuj01ultj1pvr7ef17p1ti123_2f8f61fb-844b-4fca-a3e2-fd11f7e328c2_600x600.jpg?v=1762275427
gundam,model_kit,USA Gundam Store,retailer,us,HGBB 1/144 Blazing Gundam,23.99,,,USD,New,https://www.usagundamstore.com/products/hgbb-1-144-blazing-gundam,https://cdn.shopify.com/s/files/1/0727/8355/products/a20e6a8e-0e27-426e-a11a-983c86429ffc_600x600.jpg?v=1762274530
gundam,model_kit,USA Gundam Store,retailer,us,HGCE 1/144 #198 Force Impulse Gundam,22.99,,,USD,New,https://www.usagundamstore.com/products/hgce-1-144-198-force-impulse-gundam,https://cdn.shopify.com/s/files/1/0727/8355/products/f7676f54-a010-4cf6-b2cc-6e55111bc95e_600x600.jpg?v=1762198775
gundam,model_kit,USA Gundam Store,retailer,us,HGBF 1/144 #20 Lightning Gundam,20.99,,,USD,New,https://www.usagundamstore.com/products/hgbf-1-144-lightning-gundam,https://cdn.shopify.com/s/files/1/0727/8355/files/153_1195_s_9oj4o57w5bpnql730nt8krjctqt3_6e84cfbd-0b67-4c4d-95eb-59ca9ada7d46_600x600.jpg?v=1762198164
gundam,model_kit,USA Gundam Store,retailer,us,SD Gundam BB Senshi #288 Strike Freedom Gundam,9.99,,,USD,New,https://www.usagundamstore.com/products/bb-sd-strike-freedom,https://cdn.shopify.com/s/files/1/0727/8355/products/153_624_s_3dmezpt5auxypnsgi7dl7zoa6wzp_f5604804-c40b-40e9-a372-892c49abe610_600x600.jpg?v=1762198670
gundam,model_kit,USA Gundam Store,retailer,us,HGFC 1/144 #127 Shining Gundam,19.99,,,USD,New,https://www.usagundamstore.com/products/hgfc-127-shining-gundam-1-144,https://cdn.shopify.com/s/files/1/0727/8355/files/94d741a9-a785-45af-bf8e-c65ad918df61_600x600.webp?v=1762198668
gundam,model_kit,USA Gundam Store,retailer,us,MG 1/100 ZGMF-X20A Strike Freedom Gundam,64.99,,,USD,New,https://www.usagundamstore.com/products/mg-100-zgmf-x20a-gundam-strike-freedom,https://cdn.shopify.com/s/files/1/0727/8355/products/52a8d73b-861e-4365-b8eb-e23736dbadb0_600x600.jpg?v=1762198070
gundam,model_kit,USA Gundam Store,retailer,us,MG 1/100 ZGMF-X42S Destiny Gundam,64.99,,,USD,New,https://www.usagundamstore.com/products/bandai-mg-512437-gundam-zgmf-x42s-destiny-gundam-1-100-scale-kit,https://cdn.shopify.com/s/files/1/0727/8355/products/d973fa91-11a8-45b9-96bf-c8ae2272ba6d_600x600.jpg?v=1762197960
gundam,model_kit,USA Gundam Store,retailer,us,MG 1/100 Launcher and Sword Strike Gundam,60.99,,,USD,New,https://www.usagundamstore.com/products/mg-launcher-amp-sword-strike-gundam,https://cdn.shopify.com/s/files/1/0727/8355/files/153_2585_s_x03c6y6obsm8acivojdjjz7fv329_600x600.jpg?v=1762198524
gundam,model_kit,USA Gundam Store,retailer,us,MG 1/100 V-Dash Gundam (Ver.Ka),75.99,,,USD,New,https://www.usagundamstore.com/products/mg-lm312v04-v-dash-gundam-ver-ka,https://cdn.shopify.com/s/files/1/0727/8355/files/1000092377_1_9b3963a3-0c26-4472-8f37-38534426c621_600x600.jpg?v=1765471160
gundam,model_kit,USA Gundam Store,retailer,us,HGUC 1/144 #222 RX-9/C Narrative Gundam (C-Packs),30.99,,,USD,New,https://www.usagundamstore.com/products/hguc-1-144-222-rx-9-c-narrative-gundam-c-packs,https://cdn.shopify.com/s/files/1/0727/8355/products/c1d54d24-9c3d-494b-b2a1-37c062caaa54_600x600.jpg?v=1762268900
gundam,model_kit,USA Gundam Store,retailer,us,Entry Grade 1/144 Strike Gundam (ECOPLA),9.99,,,USD,New,https://www.usagundamstore.com/products/entry-grade-1-144-strike-gundam-ecopla,https://cdn.shopify.com/s/files/1/0727/8355/files/original_16_f8745754-0209-4cf1-8e80-c4eb69fd4916_600x600.webp?v=1788881751
gundam,model_kit,USA Gundam Store,retailer,us,Entry Grade 1/144 RX-78-2 Gundam (ECOPLA),9.99,,,USD,New,https://www.usagundamstore.com/products/entry-grade-1-144-rx-78-2-gundam-ecopla,https://cdn.shopify.com/s/files/1/0727/8355/files/original_15_710feecb-b988-441b-86ae-a684c9601612_600x600.webp?v=1788881617
gundam,model_kit,USA Gundam Store,retailer,us,Gundam Decal 153 RG 1/144 Wing Gundam,8.99,,,USD,New,https://www.usagundamstore.com/products/gundam-decal-153-rg-1-144-wing-gundam,https://cdn.shopify.com/s/files/1/0727/8355/files/banh847334_0_600x600.jpg?v=1788879917
gundam,model_kit,USA Gundam Store,retailer,us,Gundam Decal 150 MGSD Freedom Gundam,8.99,,,USD,New,https://www.usagundamstore.com/products/gundam-decal-150-mgsd-freedom-gundam,https://cdn.shopify.com/s/files/1/0727/8355/files/banh847211_0_600x600.jpg?v=1788877411
gundam,model_kit,USA Gundam Store,retailer,us,SD Gundam Cross Silhouette Tornado Gundam,21.99,,,USD,New,https://www.usagundamstore.com/products/sd-gundam-cross-silhouette-tornado-gundam,https://cdn.shopify.com/s/files/1/0727/8355/files/153_5283_s_t6ivht2zrd9d79xevghajaq6qaxj_b5a635ec-ca94-4f26-bb57-7a300c28b4ad_600x600.jpg?v=1762280555
gundam,model_kit,USA Gundam Store,retailer,us,E44 MG 1/100 V2 / V2AB Victory Gundam (2PC),7.99,,,USD,New,https://www.usagundamstore.com/products/e44-mg-1-100-v2-v2ab-victory-gundam-2pc,https://cdn.shopify.com/s/files/1/0727/8355/products/bf3ba9_0eeef3f3cc1845f7ac22face734752e9_mv2_600x600.jpg?v=1762276025
gundam,model_kit,USA Gundam Store,retailer,us,F39 MG Avalanche Exia Gundam,5.59,,,USD,New,https://www.usagundamstore.com/products/f39-mg-avalanche-exia-gundam,https://cdn.shopify.com/s/files/1/0727/8355/products/bf3ba9_1c416c9ec66742f5a8d1791d85cc9e04_mv2_600x600.jpg?v=1762276013
gundam,model_kit,USA Gundam Store,retailer,us,SDW Heroes #19 Caesar Legend Gundam,10.99,,,USD,New,https://www.usagundamstore.com/products/sdw-heroes-19-caesar-legend-gundam,https://cdn.shopify.com/s/files/1/0727/8355/products/153_4700_s_t1ysrw8j4or1wicdl4wktykyhawt_600x600.jpg?v=1762275428
gundam,model_kit,USA Gundam Store,retailer,us,"F33 MG 00 Gundam with Raiser, 00R (Redesigned!)",5.99,,,USD,New,https://www.usagundamstore.com/products/f33-mg-00-gundam-with-raiser-00r-redesigned,https://cdn.shopify.com/s/files/1/0727/8355/files/bf3ba9_d02ae53cf90347a09a0b2c4320ad115d_mv2_600x600.jpg?v=1762273479
gundam,model_kit,USA Gundam Store,retailer,us,F31 MG Magnum Gundam,5.99,,,USD,New,https://www.usagundamstore.com/products/f31-mg-magnum-gundam,https://cdn.shopify.com/s/files/1/0727/8355/products/F31MGMagnum_600x600.jpg?v=1762272969
gundam,model_kit,USA Gundam Store,retailer,us,C38 RG HG 1/144 Force Impulse Gundam,4.49,,,USD,New,https://www.usagundamstore.com/products/c38-rg-hg-1-144-force-impulse-gundam,https://cdn.shopify.com/s/files/1/0727/8355/products/06-14-C38RGHGFORCEIMPULSE_2_600x600.jpg?v=1762272306
gundam,model_kit,USA Gundam Store,retailer,us,F26 HiRM GOD GUNDAM,4.99,,,USD,New,https://www.usagundamstore.com/products/f26-hirm-god-gundam,https://cdn.shopify.com/s/files/1/0727/8355/products/god_600x600.jpg?v=1762271441
gundam,model_kit,USA Gundam Store,retailer,us,HGBF 1/144 #34 Transient Gundam,24.99,,,USD,New,https://www.usagundamstore.com/products/hgbf-1-144-034-transient-gundam,https://cdn.shopify.com/s/files/1/0727/8355/products/fc949cb4-2e00-4b71-b5a4-ff614f8e80a6_600x600.jpg?v=1762198111
gundam,model_kit,USA Gundam Store,retailer,us,SD Gundam BB Senshi #395 Nidaime Daishogun Gundam,19.99,,,USD,New,https://www.usagundamstore.com/products/second-generation-imperator-sd-musha-gundam-395-legend-bb,https://cdn.shopify.com/s/files/1/0727/8355/products/153_1187_s_6l6t6vu68s32mhnhhde40z390zbl_a5dd05c3-7112-4c38-88c7-583a33b44f91_600x600.jpg?v=1762198072
gundam,model_kit,USA Gundam Store,retailer,us,HGBF 1/144 #18 Build Burning Gundam,18.99,,,USD,New,https://www.usagundamstore.com/products/bandai-model-kit-hgbf-1-144-build-burning-gundam-build-fighters-try-from-usa,https://cdn.shopify.com/s/files/1/0727/8355/files/cb9e500b-66e2-4f77-a40d-d798c2c6b7f8_600x600.jpg?v=1762197925
gundam,model_kit,USA Gundam Store,retailer,us,MG 1/100 Burning Gundam,33.99,,,USD,New,https://www.usagundamstore.com/products/mg-1-100-burning-gundam,https://cdn.shopify.com/s/files/1/0727/8355/files/1000075324_1_48895a7c-c457-4c83-8fbe-9bc3fc4c9c65_600x600.jpg?v=1781812739
gundam,model_kit,USA Gundam Store,retailer,us,HGUC 1/144 #93 Nu Gundam (Heavy Weapon System),36.99,,,USD,New,https://www.usagundamstore.com/products/hguc-1-144-93-nu-gundam-heavy-weapon-system,https://cdn.shopify.com/s/files/1/0727/8355/products/c4685acd-272a-422f-a6c7-8ce3ca4a39d6_600x600.jpg?v=1762200706
gundam,model_kit,USA Gundam Store,retailer,us,RG 1/144 #44 RX-79[G] Gundam Ground Type,53.99,,,USD,New,https://www.usagundamstore.com/products/rg-1-144-rx-79g-gundam-ground-type,https://cdn.shopify.com/s/files/1/0727/8355/files/banh847181_0_600x600.jpg?v=1787751501
gundam,model_kit,USA Gundam Store,retailer,us,Explosive Model God Gundam (Metal Build-Style) 1/100 Scale Model Kit,94.99,,,USD,New,https://www.usagundamstore.com/products/god-gundam-explosive-model-metal-build-style-1-100-scale-with-metal-inner-frame,https://cdn.shopify.com/s/files/1/0727/8355/files/7824DA6B-291C-4079-9FB0-4080DBB3599E_600x600.jpg?v=1781643939
gundam,model_kit,USA Gundam Store,retailer,us,HGTWFM 1/144 #26 Gundam Calibarn,23.99,,,USD,New,https://www.usagundamstore.com/products/mobile-suit-gundam-the-witch-from-mercury-new-product-b-tentative,https://cdn.shopify.com/s/files/1/0727/8355/files/153_5527_s_dch0k096rqfilluzrmcul5zht4u7_1570cefb-b204-4870-802b-13e97d57dc5b_600x600.jpg?v=1762280262
gundam,other,USA Gundam Store,retailer,us,GM301 Gundam Marker Black (Pour Type),3.99,,,USD,New,https://www.usagundamstore.com/products/black-pour-type-gundam-marker-gm301p,https://cdn.shopify.com/s/files/1/0727/8355/products/51iaw6gc62L._AC_SL1150__1_29bd7b95-340b-4139-9769-c48fdaf5c86f_600x600.jpg?v=1762272593
gundam,model_kit,USA Gundam Store,retailer,us,MG 1/100 ASW-G-XX Gundam Vidar,72.99,,,USD,New,https://www.usagundamstore.com/products/mg-1-100-asw-g-xx-gundam-vidar,https://cdn.shopify.com/s/files/1/0727/8355/files/153_6312_s_rvilif532m0xhisnf9sccodwstnt_8201eaf8-f10e-418d-ba86-ed5311b34909_600x600.jpg?v=1756306929
gundam,model_kit,USA Gundam Store,retailer,us,HGIBO 1/144 #008 Gundam Gusion,16.99,,,USD,New,https://www.usagundamstore.com/products/hg-ibo-1-144-08-gundam-gusion,https://cdn.shopify.com/s/files/1/0727/8355/products/5e35ff2c-d67b-4252-9bca-6e7b476642d2_600x600.jpg?v=1762198575
gundam,model_kit,USA Gundam Store,retailer,us,MG 1/100 Gundam Barbatos Lupus,83.99,,,USD,New,https://www.usagundamstore.com/products/mg-1-100-gundam-barbatos-lupus,https://cdn.shopify.com/s/files/1/0727/8355/files/ZnclMZfgWJyMn2Pg_f6331e6e-c64f-4b0b-a8ba-8fbee8699f47_600x600.jpg?v=1763476582
gundam,model_kit,USA Gundam Store,retailer,us,HGTWFM 1/144 #03 Gundam Aerial,17.99,,,USD,New,https://www.usagundamstore.com/products/hgtwfm-1-144-03-gundam-aerial,https://cdn.shopify.com/s/files/1/0727/8355/products/189_5174_s_p0k6t0dftb22biju3b0wfu8ra8sw_060a394f-fbff-4a9a-9570-5ba95c69e3ac_600x600.jpg?v=1762278269
gundam,model_kit,USA Gundam Store,retailer,us,MGSD Gundam Barbatos Model Kit,54.99,,,USD,New,https://www.usagundamstore.com/products/mgsd-gundam-barbatos,https://cdn.shopify.com/s/files/1/0727/8355/files/153_5863_o_1hckgk9vf3cb14v2mgh1m091utm23_37c6a1c9-2479-49b8-b744-641a900e72c4_600x600.jpg?v=1762280928
gundam,model_kit,USA Gundam Store,retailer,us,MG 1/100 ASW-G-08 Gundam Barbatos,60.99,,,USD,New,https://www.usagundamstore.com/products/mg-1-100-asw-g-08-gundam-barbatos,https://cdn.shopify.com/s/files/1/0727/8355/products/a2e9c4f9-0edd-4a06-987b-9b179fbe8e54_600x600.jpg?v=1762270682
gundam,other,USA Gundam Store,retailer,us,GM02 Gray Fine Point Gundam Marker,3.39,,,USD,New,https://www.usagundamstore.com/products/gsi-creos-gray-fine-point-gundam-marker,https://cdn.shopify.com/s/files/1/0727/8355/products/greyp_600x600.jpg?v=1762272578
gundam,model_kit,USA Gundam Store,retailer,us,MG 1/100 Gundam Epyon (EW Ver.),54.99,,,USD,New,https://www.usagundamstore.com/products/mg-1-100-gundam-epyon-ew-ver,https://cdn.shopify.com/s/files/1/0727/8355/products/30195c6d-3844-46e1-a9de-09355e081a25_600x600.jpg?v=1762198152
gundam,model_kit,USA Gundam Store,retailer,us,Black Trojan Horse 1/100 Scale Godzilla Gundam Model Kit,27.29,,,USD,New,https://www.usagundamstore.com/products/black-base-gunzoid-model-kit,https://cdn.shopify.com/s/files/1/0727/8355/files/476622323_642447024962762_4518638286759050142_n_600x600.png?v=1762287074
gundam,model_kit,USA Gundam Store,retailer,us,MG 1/100 Gundam Deathscythe EW,43.99,,,USD,New,https://www.usagundamstore.com/products/mg-1-100-gundam-deathscythe-ew,https://cdn.shopify.com/s/files/1/0727/8355/products/153_2706_s_e5vizy8379hu4yvwaehr6u4v26tp_5e2cf195-1ff0-4550-8727-04709a5aef14_600x600.jpg?v=1762198514
gundam,model_kit,USA Gundam Store,retailer,us,HGTWFM 1/144 #19 Gundam Aerial Rebuild,22.99,,,USD,New,https://www.usagundamstore.com/products/hg-1-144-gundam-aerial-rebuild,https://cdn.shopify.com/s/files/1/0727/8355/products/153_5238_o_1gob4hha23q91daa1rt2v72e3p23_d2d00039-eeb7-4f1b-b201-0c748a53efd9_600x600.jpg?v=1762279507
gundam,other,USA Gundam Store,retailer,us,Gundam Color (Semi-Gloss) Series,3.5,,,USD,New,https://www.usagundamstore.com/products/gundam-color-10ml-semi-gloss-series,https://cdn.shopify.com/s/files/1/0727/8355/products/gundam-color-collection_2_600x600.jpg?v=1762199099
gundam,model_kit,USA Gundam Store,retailer,us,HGTWFM 1/144 #17 Gundam Lfrith UR,24.99,,,USD,New,https://www.usagundamstore.com/products/hgtwfm-1-144-17-gundam-lfrith-ur,https://cdn.shopify.com/s/files/1/0727/8355/products/153_5236_s_h8s552obt3fuq1g5kcg3r663vagw_07acfcc1-2ede-4005-9638-1fbbcd5d7f55_600x600.jpg?v=1762278827
gundam,model_kit,USA Gundam Store,retailer,us,HGAC 1/144 #236 Gundam Heavyarms,19.99,,,USD,New,https://www.usagundamstore.com/products/hgac-1-144-236-gundam-heavyarms,https://cdn.shopify.com/s/files/1/0727/8355/products/6a34a7a2-0954-4c7b-ba1b-52fb0f8e6683_600x600.jpg?v=1762272329
gundam,model_kit,USA Gundam Store,retailer,us,Mobile Suit Gundam The Witch From Mercury MGSD Gundam Aerial Model Kit,50.99,,,USD,New,https://www.usagundamstore.com/products/mgsd-gundam-gundam-aerial,https://cdn.shopify.com/s/files/1/0727/8355/files/uVFEMDqxVHnyutI1_600x600.jpg?v=1762287184
gundam,model_kit,USA Gundam Store,retailer,us,Gundam Assemble Deluxe Set 01,99.99,,,USD,New,https://www.usagundamstore.com/products/gundam-assemble-deluxe-set-01-dx01,https://cdn.shopify.com/s/files/1/0727/8355/files/DX01_1_600x600.png?v=1772630197
gundam,model_kit,USA Gundam Store,retailer,us,RG 1/144 #27 Unicorn Gundam 02 Banshee Norn,53.99,,,USD,New,https://www.usagundamstore.com/products/rg-1-144-27-unicorn-gundam-02-banshee-norn,https://cdn.shopify.com/s/files/1/0727/8355/products/84f27c91-faf2-4d30-b95d-62ced9fb1515_600x600.jpg?v=1762201057
gundam,model_kit,USA Gundam Store,retailer,us,HGBD 1/144 #14 Gundam 00 Sky,19.99,,,USD,New,https://www.usagundamstore.com/products/pre-order-hgbd-1-144-gundam-oo-sky,https://cdn.shopify.com/s/files/1/0727/8355/files/153_2331_o_1ckhv6j8u1p2itne1pbbgcp4o723_600x600.jpg?v=1774446337
gundam,model_kit,USA Gundam Store,retailer,us,HGUC 1/144 #193 RX-178 Gundam MK-II (AEUG) Revive,19.99,,,USD,New,https://www.usagundamstore.com/products/hguc-1-144-193-rx-178-gundam-mk-ii-aeug-revive,https://cdn.shopify.com/s/files/1/0727/8355/products/b6bc6699-76f2-4c98-883b-56550b9f5b61_600x600.jpg?v=1762198564
gundam,model_kit,USA Gundam Store,retailer,us,HGAGE 1/144 #29 Gundam Legilis,19.99,,,USD,New,https://www.usagundamstore.com/products/hg-1-144-29-gundam-age-gundam-legilis,https://cdn.shopify.com/s/files/1/0727/8355/files/153_4560_s_ae9fbce7drfipnczrqyw8ss73vjj_53a681fc-3e6d-4a67-aa67-7f4a3f485c4b_600x600.jpg?v=1762201098
gundam,model_kit,USA Gundam Store,retailer,us,SD Gundam EX-Standard 012 Gundam Deathscythe Hell (EW),11.99,,,USD,New,https://www.usagundamstore.com/products/gundam-sd-ex-standard-012-gundam-deathscythe-hell-ew,https://cdn.shopify.com/s/files/1/0727/8355/products/153_1816_s_g6097q6jdzl2nv2e4ly7lnkpy4v4_100a0ff9-a1ae-40d0-b4e3-63eadcf0a33e_600x600.jpg?v=1762199099
gundam,model_kit,USA Gundam Store,retailer,us,RG 1/144 #15 GN-001 Gundam Exia,30.99,,,USD,New,https://www.usagundamstore.com/products/rg-1-144-15-gn-001-gundam-exia,https://cdn.shopify.com/s/files/1/0727/8355/products/7e2c22c9-1e3d-42bb-a5ef-4892faa1215f_600x600.jpg?v=1762198388
gundam,other,USA Gundam Store,retailer,us,GM03 Gundam Marker Brown (Fine),3.99,,,USD,New,https://www.usagundamstore.com/products/gm03-brown-fine-point-gundam-marker,https://cdn.shopify.com/s/files/1/0727/8355/products/brownp_600x600.jpg?v=1762272578
gundam,model_kit,USA Gundam Store,retailer,us,HGAW 1/144 #271 Gundam Virsago,35.99,,,USD,New,https://www.usagundamstore.com/products/hg-1-144-gundam-virsago,https://cdn.shopify.com/s/files/1/0727/8355/files/2825358_HG1_144GUNDAMVIRSAGO_1_600x600.jpg?v=1780007637
gundam,model_kit,USA Gundam Store,retailer,us,HGAC 1/144 #228 Gundam Sandrock,19.99,,,USD,New,https://www.usagundamstore.com/products/hgac-1-144-gundam-sandrock,https://cdn.shopify.com/s/files/1/0727/8355/products/c41bab80-c6f2-478b-bb24-6b1ed88de6eb_600x600.jpg?v=1759262531
gundam,model_kit,USA Gundam Store,retailer,us,HGTWFM 1/144 #01 Gundam Lfrith,21.99,,,USD,New,https://www.usagundamstore.com/products/hgwm-1-144-01-gundam-lfrith,https://cdn.shopify.com/s/files/1/0727/8355/products/153_5161_o_1g9c2eaj0g6ejan1m2na40cu223_a6113ff7-fe3b-4020-acb3-975cf68b02fa_600x600.jpg?v=1762278099
gundam,model_kit,USA Gundam Store,retailer,us,MG 1/100 Gundam Mk-II Ver. 2.0 (Titans),46.99,,,USD,New,https://www.usagundamstore.com/products/mg-1-100-gundam-titans-mk2-ver-2-0,https://cdn.shopify.com/s/files/1/0727/8355/products/153_630_s_5czcmfkvldi6amin1z2c4y0im1c5_8f5a7f51-7d19-4097-bc02-99f8b77b6dc5_600x600.jpg?v=1762198089
gundam,model_kit,USA Gundam Store,retailer,us,HGBD 1/144 #11 Gundam Jiyan Altron,24.99,,,USD,New,https://www.usagundamstore.com/products/hgbd-1-144-gundam-jiyan-altron,https://cdn.shopify.com/s/files/1/0727/8355/products/hg-gundam-jiyan-altron-01_600x600.jpg?v=1762201700
gundam,other,USA Gundam Store,retailer,us,GM302 Gray Pour-Type Gundam Marker,4.99,,,USD,New,https://www.usagundamstore.com/products/gm302-gray-pour-type-gundam-marker,https://cdn.shopify.com/s/files/1/0727/8355/products/61nLZgXYyEL._AC_SL1397_302_600x600.jpg?v=1759273872
gundam,model_kit,USA Gundam Store,retailer,us,HGUC 1/144 #175 Unicorn Gundam 02 Banshee Norn (Destroy Mode),27.99,,,USD,New,https://www.usagundamstore.com/products/hguc-1-144-175-unicorn-gundam-02-banshee-norn-destroy-mode,https://cdn.shopify.com/s/files/1/0727/8355/products/e78a298f-8b6a-4cc7-877a-bf90d6be11f9_600x600.jpg?v=1762198757
gundam,model_kit,USA Gundam Store,retailer,us,MG 1/100 Wing Gundam Zero (EW),43.99,,,USD,New,https://www.usagundamstore.com/products/mg-1-100-wing-gundam-zero-ew-ver,https://cdn.shopify.com/s/files/1/0727/8355/products/1cc9a118-3d8c-4446-a8d2-bd8e17a0bfd9_600x600.jpg?v=1762198070
zoid,other,eBay,marketplace,us,"Vintage Hasbro & Takara Tomy Zoids Model Kits, Parts, Boxes, & Pieces",349.99,40.0,False,USD,Used,https://www.ebay.com/itm/860017270752?_skw=zoids&hash=itemc83d061fe0:g:ysIAAeSwmcFqxYyc,https://i.ebayimg.com/images/g/ysIAAeSwmcFqxYyc/s-l225.jpg
zoid,model_kit,eBay,marketplace,us,Kotobukiya - Zoids - RMZ-008 Command Wolf Irvine Special Model Kit [New Toy],35.59,0.0,False,USD,New,https://www.ebay.com/itm/307209346248?_skw=zoids&hash=item47871a9cc8:g:E2wAAeSw0-xqvsn7,https://i.ebayimg.com/images/g/E2wAAeSw0-xqvsn7/s-l225.jpg
zoid,model_kit,eBay,marketplace,us,Zoids HMM 030 RZ-041 Liger Zero Jager Marking Plus 1/72 model kit Kotobukiya,99.99,0.0,False,USD,New,https://www.ebay.com/itm/389472469442?_skw=zoids&hash=item5aae5e41c2:g:cXEAAeSwek1pYKfF,https://i.ebayimg.com/images/g/cXEAAeSwek1pYKfF/s-l225.jpg
zoid,model_kit,eBay,marketplace,us,Zoids Chaotic Century Anime Complete Series Episodes 1-67  English Audio,30.0,0.0,False,USD,,https://www.ebay.com/itm/285540768769?_skw=zoids&hash=item427b8e5c01:g:0JEAAeSwl-1qU~06,https://i.ebayimg.com/images/g/0JEAAeSwl-1qU~06/s-l225.jpg
zoid,model_kit,eBay,marketplace,us,Zoids New Century Zero Anime Complete Series Episodes 1-26 English Audio,24.99,0.0,False,USD,,https://www.ebay.com/itm/353627421983?_skw=zoids&hash=item5255d63d1f:g:OvYAAOSwRqhkChL0,https://i.ebayimg.com/images/g/OvYAAOSwRqhkChL0/s-l225.jpg
zoid,model_kit,eBay,marketplace,us,ZOIDS NEW CENTURY ZERO: COMPLETE SERIES DVD,29.99,0.0,False,USD,Like New,https://www.ebay.com/itm/860015154306?_skw=zoids&hash=itemc83ce5d482:g:j4AAAeSwbsZqmgE7,https://i.ebayimg.com/images/g/j4AAAeSwbsZqmgE7/s-l225.jpg
zoid,model_kit,eBay,marketplace,us,"ZOIDS LIGER ZERO 1/72 Scale Full Action Plastic Kit 022 NEW, #709",115.0,6.6,False,USD,New,https://www.ebay.com/itm/298679713867?_skw=zoids&hash=item458ab2c04b:g:XTgAAeSw6wNqmbuF,https://i.ebayimg.com/images/g/XTgAAeSw6wNqmbuF/s-l225.jpg
zoid,other,eBay,marketplace,international,In Stock BT Black Knight ZOIDS White Liger Zero Assembly Model,71.74,0.0,False,USD,New,https://www.ebay.com/itm/406986155883?_skw=zoids&hash=item5ec243e76b:g:sj0AAOSwe~JmqfGZ,https://i.ebayimg.com/images/g/sj0AAOSwe~JmqfGZ/s-l225.jpg
zoid,model_kit,eBay,marketplace,us,Zoids New Century Zero Anime Complete Series Episodes 1-26 English Audio,21.99,0.0,False,USD,,https://www.ebay.com/itm/285739804237?_skw=zoids&hash=item42876b664d:g:owMAAeSwzCJqU~6w,https://i.ebayimg.com/images/g/owMAAeSwzCJqU~6w/s-l225.jpg
zoid,model_kit,eBay,marketplace,international,ZOIDS ~Gun Sniper Wild Weasel HMM RZ-030 (1/72)~ KOTOBUKIYA Model Kit Japan *NEW,59.9,19.9,False,USD,New,https://www.ebay.com/itm/198696546680?_skw=zoids&hash=item2e433cb178:g:mUUAAeSwKLVqxo1e,https://i.ebayimg.com/images/g/mUUAAeSwKLVqxo1e/s-l225.jpg
zoid,model_kit,eBay,marketplace,us,Zoids RMZ-012 Hell Cat Tirol Realize 1:100 Scale Model Kit,39.9,8.0,False,USD,New,https://www.ebay.com/itm/278091443898?_skw=zoids&hash=item40bf8aaeba:g:t20AAeSwonJqMA-4,https://i.ebayimg.com/images/g/t20AAeSwonJqMA-4/s-l225.jpg
zoid,model_kit,eBay,marketplace,us,Zoids HMM034 RZ-046 Shadow Fox Marking Plus ver. 1/72 model kit Kotobukiya,84.99,0.0,False,USD,New,https://www.ebay.com/itm/147421401092?_skw=zoids&hash=item2253001004:g:EcgAAeSwVplqTGoU,https://i.ebayimg.com/images/g/EcgAAeSwVplqTGoU/s-l225.jpg
zoid,other,eBay,marketplace,us,Vintage Zoids Mammoth Kit Radio Shack Robo Strux Parts Lot w/ Original Box,29.99,10.5,False,USD,Used,https://www.ebay.com/itm/318943188144?_skw=zoids&hash=item4a427ed4b0:g:jBUAAeSwG3Jqvoek,https://i.ebayimg.com/images/g/jBUAAeSwG3Jqvoek/s-l225.jpg
zoid,model_kit,eBay,marketplace,us,Zoids New Century Zero Anime Complete Series Episodes 1-26 English Audio,21.99,0.0,False,USD,,https://www.ebay.com/itm/355503696675?_skw=zoids&hash=item52c5abeb23:g:SwMAAeSwc5lqU~7m&amdata=enc%3AAQALAAAA4ACCtXRWQnOEpyOqnQQ8KGbbytU5yjIIJGQgLduCA2nZr1dgJWTy%2FIruwliOeO5faPTvP3Eetj4fdseO6Sy4xE3EvKD0tUuH6wFnKoP1N1SIsreEekzYGb048fHhUgnCGBbF%2FFNh5%2F8qXrM6J%2FviP9lHbRY1gvDIH67aoXemKS0bqIAuALPyVpA7O9%2BX1Uwaob8qu0OmqUzhRF7hQIBk8sJcf99FRMg7UTT2TqT5BnFJaJtPs3CNcOU6HbSRQ9Ov1Q3%2Fv7SW5sNFnvuHB9wlfVBmjeJzO0btPZZJDWZC6R1P,https://i.ebayimg.com/images/g/SwMAAeSwc5lqU~7m/s-l225.jpg
zoid,other,eBay,marketplace,us,Lot 8 ZOIDS Chaotic Century 1-3 New Century 1 -5  DVDs English Anime 3 Stickers,314.1,,False,USD,Good,https://www.ebay.com/itm/168725630714?_skw=zoids&hash=item2748d4cefa:g:37MAAeSwHn1quD7Y&amdata=enc%3AAQALAAAA4ACCtXRWQnOEpyOqnQQ8KGYxjtkuQGWlxAepXJFuconUFyxFo%2FyD%2BpSdKiZ5tDunl5qstImWN4HR75lkhNU9J9FAahuJCtA7Ca3v0TUuzFkH0UO%2FXF8SResQtYFDyW9jkai5F0bGqwWXMiQYjARs2EmCUe70m96BpjG5kKrNxUtt39DoZEbYYJK8zwsUZ7X94hWfFActsBdhPl7720wps%2BbH80c%2B8iYnde%2F81Fyw92170JZf%2Fm%2F9JGZ%2FEBL0kT%2BtxFQwtEhCBnJu9T8ih0jB8t%2FOX8WFF%2FiNd6V6BgrSNDBC,https://i.ebayimg.com/images/g/37MAAeSwHn1quD7Y/s-l225.jpg
zoid,other,eBay,marketplace,us,Tomy Zoids RZ-014 Godos Dinosaur type 1/72 Plastic model,33.75,12.75,False,USD,New,https://www.ebay.com/itm/188795494569?_skw=zoids&hash=item2bf516a0a9:g:i8UAAeSwDzRqgA9J&amdata=enc%3AAQALAAAA4ACCtXRWQnOEpyOqnQQ8KGbB0QmHmQuRa6nsKW00QoqSpHCVK3Ks1r%2BvkXoSvQMqv92aVRqA6lYPCBLnTdyn1bHyM9%2B%2BC0BzsTYsPi2owYOOyAQhu%2FosXC35czPuz4XPBF2T%2F3AmoEH2L6Cwix2GFNDAcdao5AbZFSsVaHzvpRfBsz4Fl%2BbW2e1NGSid6lHtupbpgQdyEhe9ZW34u4kVOSZJ8I3%2BEYRGzwDWQiRGLA6IojjbxdEZixDjOB247qjP1ZJ42%2BkV%2FKDrD%2F0IPx2j5w4rnfCz5%2FDIjqDwcFQrHj10,https://i.ebayimg.com/images/g/i8UAAeSwDzRqgA9J/s-l225.jpg
zoid,model_kit,eBay,marketplace,us,Kotobukiya Zoids RZ-041 Liger Zero Panzer Marking Plus Ver. 1/72 Scale Model Kit,129.95,0.0,False,USD,New,https://www.ebay.com/itm/147544807639?_skw=zoids&hash=item225a5b18d7:g:UX0AAeSwNr5qxim6,https://i.ebayimg.com/images/g/UX0AAeSwNr5qxim6/s-l225.jpg
zoid,other,eBay,marketplace,us,Takara Tomy ZOIDS AZ-03EX Murasame Liger Lion Type Original Color 1/72 Model Kit,113.95,0.0,False,USD,New,https://www.ebay.com/itm/147562145363?_skw=zoids&hash=item225b63a653:g:oj4AAeSwPolqxGvE,https://i.ebayimg.com/images/g/oj4AAeSwPolqxGvE/s-l225.jpg
zoid,model_kit,eBay,marketplace,us,Zoids Chaotic Century Anime Complete Series Episodes 1-67  English Audio,30.0,0.0,False,USD,,https://www.ebay.com/itm/355155867377?_skw=zoids&hash=item52b0f076f1:g:ROUAAeSwc5lqU~3A,https://i.ebayimg.com/images/g/ROUAAeSwc5lqU~3A/s-l225.jpg
zoid,model_kit,eBay,marketplace,us,Zoids HMM 026 RZ-041 Liger Zero Schneider Marking Plus 1/72 model kit Kotobukiya,119.99,0.0,False,USD,New,https://www.ebay.com/itm/800765793479?_skw=zoids&hash=itemba715c54c7:g:n5MAAeSwYPtpYKih,https://i.ebayimg.com/images/g/n5MAAeSwYPtpYKih/s-l225.jpg
zoid,other,eBay,marketplace,us,Tomy Zoids Liger Zero 041 Motorized Walking Action Model Kit American Version ,79.99,10.0,False,USD,Used,https://www.ebay.com/itm/860019209248?_skw=zoids&hash=itemc83d23b420:g:4ewAAeSwsgpqxjlN,https://i.ebayimg.com/images/g/4ewAAeSwsgpqxjlN/s-l225.jpg
zoid,other,eBay,marketplace,international,7pcs Takara Tomy Zoids Mini Liger Collectible Action Figure,53.09,0.0,False,USD,Used,https://www.ebay.com/itm/800185200278?_skw=zoids&hash=itemba4ec12e96:g:BsUAAeSwvD9oh69~,https://i.ebayimg.com/images/g/BsUAAeSwvD9oh69~/s-l225.jpg
zoid,model_kit,eBay,marketplace,international,ZOIDS ~Command Wolf RZ-030 Realize Model (1/100)~ TAKARA TOMY Model Kit JP *NEW*,44.9,19.9,False,USD,New,https://www.ebay.com/itm/198696587022?_skw=zoids&hash=item2e433d4f0e:g:DJgAAeSwZztqxpE4,https://i.ebayimg.com/images/g/DJgAAeSwZztqxpE4/s-l225.jpg
zoid,model_kit,eBay,marketplace,us,Zoids RZ-041 Liger Zero Schneider Marking Plus Ver. Model Kit Kotobukiya,119.95,9.95,False,USD,New,https://www.ebay.com/itm/177802010074?_skw=zoids&hash=item2965d35dda:g:TEIAAeSwPY9qC1~c,https://i.ebayimg.com/images/g/TEIAAeSwPY9qC1~c/s-l225.jpg
zoid,model_kit,eBay,marketplace,us,Zoids HMM 026 Liger Zero Schneider Unit Marking Plus 1/72 model kit Kotobukiya,49.99,0.0,False,USD,New,https://www.ebay.com/itm/389472521592?_skw=zoids&hash=item5aae5f0d78:g:aEkAAeSwxxppYKtQ,https://i.ebayimg.com/images/g/aEkAAeSwxxppYKtQ/s-l225.jpg
zoid,model_kit,eBay,marketplace,us,Vintage 2003 Hasbro ZOIDS Z-Builders 1/72 Dimetra Ptera  Toy NEW Sealed,51.87,,False,USD,New,https://www.ebay.com/itm/820203774385?_skw=zoids&hash=itembef7f461b1:g:4uQAAeSw-wtqwsQB,https://i.ebayimg.com/images/g/4uQAAeSw-wtqwsQB/s-l225.jpg
zoid,model_kit,eBay,marketplace,us,CANORY MOLGA EZ-006 & HELL CAT EZ-023 ZOIDS REALIZE MODEL 1:100 RMZ-010 TOMY NEW,39.88,0.0,False,USD,New,https://www.ebay.com/itm/327345855785?_skw=zoids&hash=item4c37555d29:g:4UIAAeSww-FqniL~,https://i.ebayimg.com/images/g/4UIAAeSww-FqniL~/s-l225.jpg
zoid,model_kit,eBay,marketplace,us,Kotobukiya - ZOIDS - RMZ-007 Trinity Liger Model Kit [New Toy],40.93,0.0,False,USD,New,https://www.ebay.com/itm/398451903742?_skw=zoids&hash=item5cc5958cfe:g:qqUAAeSwG3dqvtS9,https://i.ebayimg.com/images/g/qqUAAeSwG3dqvtS9/s-l225.jpg
zoid,model_kit,eBay,marketplace,us,Zoids Chaotic Century English Graphic Novel Volumes 1 - 7 Lot Set 1st Printings,179.99,5.97,False,USD,Very Good,https://www.ebay.com/itm/398434574574?_skw=zoids&hash=item5cc48d20ee:g:~EUAAeSw6OVqt~lZ&amdata=enc%3AAQALAAAA4ACCtXRWQnOEpyOqnQQ8KGYYF%2Bi5Z1d8ekC5oSowwsFkmE03BX4oTv9%2BLCTjTd7QYsZKar1T%2BD4zU9t1AjLV9MSy4iZzdKqUohTmRUeByx%2Bu0PmfJOiwnF%2BnCK9L%2BmNN94%2F8FL6GLu1qsPq%2BiVU%2FR4xXBKdBm%2F8pqyPy9QzdlKeJElXyG3xIC88A0Y0yTnIG%2BtFWuAHAcDN4ixhjn8KvgXxM%2B5gDLWSGwXj3k9WIrmBjQ74LRuySWHOK4SM2PVLTdJjrzTvYZGDr%2B6gCgePzzQCn04oM8DTTLF8RnJazo0hZ,https://i.ebayimg.com/images/g/~EUAAeSw6OVqt~lZ/s-l225.jpg
zoid,model_kit,eBay,marketplace,us,Zoids New Century Zero Anime Complete Series Episodes 1-26 English Audio,24.99,0.0,False,USD,,https://www.ebay.com/itm/394077460701?_skw=zoids&hash=item5bc0d8d8dd:g:f5QAAOSwMzthcX~y&amdata=enc%3AAQALAAAA4ACCtXRWQnOEpyOqnQQ8KGaypV%2BHKo5bqy2gQ5fvGk38PW0KodtvnunJJdJLyx6%2BeY9qI20d1soXs1RdW9fOaD7X6GrhW4LZT%2FeDQiq6m92EMo2pPrRl232MgQxi4iUhEbW6CEWgIMk6B6Ueg7Aa4wpknbES7IoTHoNjBKvwUxNGaBWH%2BbNO%2B3IgEJGbdw6bOT2%2F1La2H%2BCjlUx7JkZ7l3cjZUGhFRU66JrvADtqK2J9B4T0zb5%2FPkd%2FQqD3abB5fagZ3vOxc7ndetqm8KRbp5aJsL71vzpHrHvbt2qC7S1B,https://i.ebayimg.com/images/g/f5QAAOSwMzthcX~y/s-l225.jpg
zoid,model_kit,eBay,marketplace,us,NEW ZOIDS HMM 1/72 SCALE GENO BREAKER RAVEN VERSION PLASTIC MODEL KIT,350.0,0.0,False,USD,,https://www.ebay.com/itm/158243550309?_skw=zoids&hash=item24d80cf465:g:U9sAAeSwbLhqlcUY&amdata=enc%3AAQALAAAA4ACCtXRWQnOEpyOqnQQ8KGZ3hPOprTpmnWQmMhSzc6O4EzLQF8xyqHsEkXZQVvoxQCpIE7lIuyeZNiMgWiCmpvQ4B4qVKDqQL6yBZbyNaPntRwwDGTiOCfg%2BYmoK9DgxNu1JNWmUcpfay1%2BaAi0ODOFUM6cXwv7mveE2NHAz5uQDG0gYK6zwQ1dCnZrx9B5k3o5P92aFOoelwCJeljnxqHxGvYzhGP0t9AYaTdxUMpo4bndzCVprA%2BwBhLg4DlqJ8eLL%2BMBYn68mdmsJh4ubLpIOBz2w%2F7hsNcz%2FcmDWBjBm,https://i.ebayimg.com/images/g/U9sAAeSwbLhqlcUY/s-l225.jpg
zoid,model_kit,eBay,marketplace,us,Zoids Chaotic Century Complete Anime Series Ep 1-67 Audio option in description,34.99,0.0,False,USD,,https://www.ebay.com/itm/355422091663?_skw=zoids&hash=item52c0ceb98f:g:EAEAAOSwXRhhQ6ur&amdata=enc%3AAQALAAAA4ACCtXRWQnOEpyOqnQQ8KGZT%2FHhbmWhGQnZKmC1Ooh3daELjjH0lq3qD74dY6tLCwVQ6xEk7FfoZLVrj4RJjkSLnN3aGCVXd%2BcBBH92ZLAEod6UKCRSSwe7ZNyuTXJVybX2bpINPBIgLHv7Ceo37OXwXUhBzBMft8F9%2B8eUcoi8T3kgL5ZTgx2aCvbzDw3Ej7zgmzi39ox5mVHmX54KeDsaGW%2FSEQlQIP%2BFZ62h0w%2Fk8c7wuSKxW0NjbJOg0zsBispAJyPTQmevt%2FLyxfLvb6m8ZxQQ2%2FUP10pGH2Ec--YbR,https://i.ebayimg.com/images/g/EAEAAOSwXRhhQ6ur/s-l225.jpg
zoid,other,eBay,marketplace,us,2 Zoids Liger Figures TOMY Hasbro 2002 Bundle,40.0,,False,USD,Used,https://www.ebay.com/itm/800765926313?_skw=zoids&hash=itemba715e5ba9:g:2UcAAeSwmZdqxV3k,https://i.ebayimg.com/images/g/2UcAAeSwmZdqxV3k/s-l225.jpg
zoid,model_kit,eBay,marketplace,us,Zoids HMM 010 RZ-034 Geno Breaker Repackage ver.  1/72 model kit Kotobukiya,139.99,0.0,False,USD,New,https://www.ebay.com/itm/147083317533?_skw=zoids&hash=item223ed9511d:g:IGUAAeSwRI9pYTDx,https://i.ebayimg.com/images/g/IGUAAeSwRI9pYTDx/s-l225.jpg
zoid,model_kit,eBay,marketplace,us,Zoids HMM 002 RZ-009 Command Wolf AC&LC Marking Plus 1/72 model kit Kotobukiya,99.99,0.0,False,USD,New,https://www.ebay.com/itm/389472455614?_skw=zoids&hash=item5aae5e0bbe:g:KN0AAeSwWBRpYKYG,https://i.ebayimg.com/images/g/KN0AAeSwWBRpYKYG/s-l225.jpg
zoid,other,eBay,marketplace,us, Zoids Battle Mini Figures Tomy Hasbro Lot of 10,123.5,0.0,False,USD,Used,https://www.ebay.com/itm/237113075404?_skw=zoids&hash=item37350a66cc:g:fpIAAeSw2EhotRIC,https://i.ebayimg.com/images/g/fpIAAeSw2EhotRIC/s-l225.jpg
zoid,other,eBay,marketplace,international,Zoids HMM 1/72 RZ-082 Blade Liger AB Leon Specification limited kit From Japan,213.47,28.76,False,USD,Used,https://www.ebay.com/itm/116519208078?_skw=zoids&hash=item1b2116048e:g:0ncAAOSwS65n0-JH,https://i.ebayimg.com/images/g/0ncAAOSwS65n0-JH/s-l225.jpg
zoid,other,eBay,marketplace,us,Vintage Tomy 1983 Zoids Giant ZRK Bigasaurus - RARE,64.99,10.0,False,USD,Used,https://www.ebay.com/itm/336798453296?_skw=zoids&hash=item4e6ac08e30:g:ilEAAeSwMqpqrBP9,https://i.ebayimg.com/images/g/ilEAAeSwMqpqrBP9/s-l225.jpg
zoid,model_kit,eBay,marketplace,us,Zoids Chaotic Century Complete Anime Series Ep 1-67  Audio option in description,34.99,0.0,False,USD,,https://www.ebay.com/itm/395168208416?_skw=zoids&hash=item5c01dc5620:g:HQEAAOSw1BdhcWrD&amdata=enc%3AAQALAAAA4ACCtXRWQnOEpyOqnQQ8KGYa9NEZUw%2FIxtJhzQ8PFAaM%2FoI5UQpntcod6BWLt%2BoL%2FCMv%2BggAvTBgjErB9DMxJFGEeEZsqUMCq5RYxrwxTzYTjvEQjc2QztwbM7SOJe2mrkJsFD1SCSjvg%2FoCckrHZuCWmInM%2FL%2BseEoBFe9mGh5w5T5Kb%2FmXzQrm9EIIEymjT41IkjLW5n%2FWEHpE3G7UmZWUbl75ZVIJF4sJKso9JT5aGoS8Y2453pxPp0pdp%2F3ITHPpEU4072XnEkeGGWm58sIyb3TYKWNgiPk7c2ju8pBb,https://i.ebayimg.com/images/g/HQEAAOSw1BdhcWrD/s-l225.jpg
zoid,model_kit,eBay,marketplace,us,Tomy ZOIDS Infinity Leo Blox Playstation 2 Preorder Bonus 2004 SEALED Lion Type,133.81,0.0,False,USD,New,https://www.ebay.com/itm/146348970392?_skw=zoids&hash=item2213141198:g:vV0AAOSw91NnkyVg&amdata=enc%3AAQALAAAA4ACCtXRWQnOEpyOqnQQ8KGbfJVVMapXeMfDtERH9xqqFRHV96rXBQql8Fga4Pc6QWXDiCu6JBA5MS9gkOnH7P3JBkiqwZ14cVl%2FUTUiWVb7HUQLzX1ZiImJx085G69SBs5523UL9x9hhPx64Y5VgSjFQ%2FWxW%2FZGz8tPrOtZgm29XTM8Bqq5WzONQtVc9EZbcJh0O1mwqUvGY0SjTIM%2BZB1hmgFXp1HP7LGBv1O38W5BtsZ7KPlFfmMK7LffD5iPLztIbEIYr75xLhmmHHQmnvEIVrrQvX2t93rqej%2FCKMIvw,https://i.ebayimg.com/images/g/vV0AAOSw91NnkyVg/s-l225.jpg
zoid,model_kit,eBay,marketplace,us,Kotobukiya ZOIDS HMM 032 RZ-041 Liger Zero Panzer Original ver 1/72 Model Kit US,120.0,,False,USD,New,https://www.ebay.com/itm/117447224889?_skw=zoids&hash=item1b58666e39:g:xeYAAeSwOoxqwpn8,https://i.ebayimg.com/images/g/xeYAAeSwOoxqwpn8/s-l225.jpg
zoid,model_kit,eBay,marketplace,us,Zoids HMM RZ-013 011 CANNON TORTOISE 1/72 Master Model Kit Kotobukiya PARTS READ,39.99,6.5,False,USD,Used,https://www.ebay.com/itm/206592711762?_skw=zoids&hash=item3019e29c52:g:BwEAAeSwEK9qvQ-k,https://i.ebayimg.com/images/g/BwEAAeSwEK9qvQ-k/s-l225.jpg
zoid,model_kit,eBay,marketplace,us,Zoids HMM024 Gun Sniper Leena Special 2001 Re/Color model kit Kotobukiya,99.99,0.0,False,USD,New,https://www.ebay.com/itm/800300872210?_skw=zoids&hash=itemba55a63212:g:jyoAAeSw909qTGyM,https://i.ebayimg.com/images/g/jyoAAeSw909qTGyM/s-l225.jpg
zoid,model_kit,eBay,marketplace,us,1983 Tomy Zoids Gold Pilot Figure + Cab Cockpit Tyrannazoid Terrazoid Head Japan,19.5,,False,USD,Used,https://www.ebay.com/itm/278442391966?_skw=zoids&hash=item40d475b99e:g:K5QAAeSwu1JqxlGB,https://i.ebayimg.com/images/g/K5QAAeSwu1JqxlGB/s-l225.jpg
zoid,model_kit,eBay,marketplace,us,Zoids HMM 022 Liger Zero Panzer Unit Marking Plus 1/72 model kit Kotobukiya,59.99,0.0,False,USD,New,https://www.ebay.com/itm/389472526638?_skw=zoids&hash=item5aae5f212e:g:yRIAAeSw1q5pYKv-,https://i.ebayimg.com/images/g/yRIAAeSw1q5pYKv-/s-l225.jpg
zoid,model_kit,eBay,marketplace,us,"Zoids Killerdome Model Kit #061 Hasbro 1/72 Scale Crab Type, Open Box, Unused",39.95,0.0,False,USD,New,https://www.ebay.com/itm/267785614309?_skw=zoids&hash=item3e594433e5:g:YDgAAeSwINFqqKkF,https://i.ebayimg.com/images/g/YDgAAeSwINFqqKkF/s-l225.jpg
zoid,other,eBay,marketplace,us,ZOIDS REALIZE MODEL RMZ-008 COMMAND WOLF (IRVINE SPECIAL) TC93886,64.95,0.0,False,USD,New,https://www.ebay.com/itm/178401670489?_skw=zoids&hash=item2989917559:g:TDMAAeSwYTBqfT5S,https://i.ebayimg.com/images/g/TDMAAeSwYTBqfT5S/s-l225.jpg
zoid,other,eBay,marketplace,us,2001 Zoids #031 Dibison Motorized Hasbro 1:72 - Original Box And Manual Only,29.99,,False,USD,Used,https://www.ebay.com/itm/257776935220?_skw=zoids&hash=item3c04b3e134:g:6YIAAeSwmL1qvrTX,https://i.ebayimg.com/images/g/6YIAAeSwmL1qvrTX/s-l225.jpg
zoid,model_kit,eBay,marketplace,us,Vintage 2006 Tomy Zoids Neo Blox LBZ-03 LB Gojulas MK-II Model Kit Open Box Seal,124.99,0.0,False,USD,New,https://www.ebay.com/itm/377467161068?_skw=zoids&hash=item57e2cbc9ec:g:l1wAAeSwi55qmREj&amdata=enc%3AAQALAAAA4ACCtXRWQnOEpyOqnQQ8KGap9JKCE24wOQgaFZsFoNNvgTg8bTXyqGTg2xQVJq%2Bf0bmcXnZEJUFRkVaLQEp1msbeIweek%2FAaOVCHb3xsFJP9MshuVhJHqHknQsyvpyi858p0xGDd7tLM4jWwczl%2BvdgBs1FAoEKGDyIXgi8MwNopVd0a8hIkyLXIcY4z3UDyi99KHvj4ciPC8UkC7f7meM4j5b1tKcGoKMq5R7VrUt%2BPZa%2BAViOC8OY0dtuEnunYDI5eVnucwMakdFWvAsNb4QpbnWchTi8aW2j%2BmxnwLD%2FL,https://i.ebayimg.com/images/g/l1wAAeSwi55qmREj/s-l225.jpg
zoid,model_kit,eBay,marketplace,us,NEW 1/72 Liger Zero Panzer HMM Zoids Kit Marking Plus Kotobukiya Model,159.0,15.21,False,USD,New,https://www.ebay.com/itm/800010163391?_skw=zoids&hash=itemba445254bf:g:mgYAAeSwdJBqA3Sd&amdata=enc%3AAQALAAAA4ACCtXRWQnOEpyOqnQQ8KGYurFdMBgkYXXqTFpqraH7fGqIZCM1%2F%2BGHUsj%2BvRTN5tRnjh8qV5dDEippZrLmpebsdsBLY6jIR5XGP9A%2Btj2DN30i09%2Fl6NfYLbUdUZHp7K4w0X02rsqG8VUgIEtkwR4F4nWIo%2FhDEWw22z4ezyp1JCJmQtqWRJtUex2RFro9t1BctYKnlAIDralsJaiNBu5RDst3AJ1R9BPCL%2FCfU%2FNgf9QYa66kUWl8tD46LEQMuTu5B4HSQQNWGfVlwZ2yw3XR5lNM4dMoA0h4DMk77KVk2,https://i.ebayimg.com/images/g/mgYAAeSwdJBqA3Sd/s-l225.jpg
zoid,model_kit,eBay,marketplace,us,Zoids Chaotic Century Anime Complete Series Episodes 1-67  English Audio,30.0,0.0,False,USD,,https://www.ebay.com/itm/285540768769?_skw=zoids&hash=item427b8e5c01:g:0JEAAeSwl-1qU~06&amdata=enc%3AAQALAAAA4ACCtXRWQnOEpyOqnQQ8KGZSF0RmxDQdHn1gIvmoK8zlDwlURLD9gsCkXOcosvPE2%2FPFX57P8HduUt6lcAuno7CtKmITmrp9QbI4lbP3PjjH9LFZ5QpKlO4%2BRdAKJ2om13fytf%2FurepQbEQdmNiQ6ZJ%2FSnf1k9%2FPtiUWWNb23nA5smT1doTiQc2hpglCOZo3Kn3MORgZTPJum771UqAnaZ9q78k99eSF32L350XomT2nxO5xYQ7pupcjYT54bhLcpvtqCvj2m3lt5EvPpGXHKLsKBTTmsjhpqiJ%2BeWBABODM,https://i.ebayimg.com/images/g/0JEAAeSwl-1qU~06/s-l225.jpg
zoid,model_kit,eBay,marketplace,us,Zoids New Century Zero Anime Complete Series Episodes 1-26 English Audio,21.99,0.0,False,USD,,https://www.ebay.com/itm/285739804237?_skw=zoids&hash=item42876b664d:g:owMAAeSwzCJqU~6w&amdata=enc%3AAQALAAAA4ACCtXRWQnOEpyOqnQQ8KGbe6txUo0PJhbMuJ14E8HSvvMBn0pCTqIRS1cJx6tZJVqLETE87HE%2FmG8OAXfCsnniZNOx5adAbPmC3glMK4CtccoX8mCYy8gp5irGdDfTq49lODkjcY0%2FPaziuBDjmCnGdFDXK9Y4%2FXkm0J5jSWc4c3D%2F1qGLRjcDtEmyjN%2BF3XXxxdqzEjpjD7FHhcSsatvfMyfc%2BsluEjbxUHFiMjN2a5t%2FRmY5YbHesvRIZf21KZSKriO9B%2F4MtHazqJsRrKxxzq2D9e0Jzk%2BDB5UdFVne5,https://i.ebayimg.com/images/g/owMAAeSwzCJqU~6w/s-l225.jpg
zoid,model_kit,eBay,marketplace,us,Zoids Chaotic Century Complete Anime Series Ep 1-67 Audio option in description,34.99,0.0,False,USD,,https://www.ebay.com/itm/355422091663?_skw=zoids&hash=item52c0ceb98f:g:EAEAAOSwXRhhQ6ur&amdata=enc%3AAQALAAAA4ACCtXRWQnOEpyOqnQQ8KGZT%2FHhbmWhGQnZKmC1Ooh3daELjjH0lq3qD74dY6tLCwVQ6xEk7FfoZLVrj4RJjkSLnN3aGCVXd%2BcBBH92ZLAEod6UKCRSSwe7ZNyuTXJVybX2bpINPBIgLHv7Ceo37OXyk6QPpewgRkWf4DTfx0WAPetr4nf2Hr8G9Du%2BmmeSAUz86pUPC9zMKXF6TjpdvsV0XPoSidiSsElf8KFlpG1YpDKYO787kRbk8zn%2FfhLkamrswo5JRXUb2ysS1HzXvJyfZjnEzxujjPmCJgwUupGQ9,https://i.ebayimg.com/images/g/EAEAAOSwXRhhQ6ur/s-l225.jpg
zoid,model_kit,eBay,marketplace,us,Zoids Chaotic Century Complete Anime Series Ep 1-67  Audio option in description,34.99,0.0,False,USD,,https://www.ebay.com/itm/395168208416?_skw=zoids&hash=item5c01dc5620:g:HQEAAOSw1BdhcWrD&amdata=enc%3AAQALAAAA4ACCtXRWQnOEpyOqnQQ8KGYa9NEZUw%2FIxtJhzQ8PFAaM%2FoI5UQpntcod6BWLt%2BoL%2FCMv%2BggAvTBgjErB9DMxJFGEeEZsqUMCq5RYxrwxTzYTjvEQjc2QztwbM7SOJe2mrkJsFD1SCSjvg%2FoCckrHZuC5jENVzYwUGqtWGyQNIvWWQpO31GYNYBmDjxAN4Nqe%2FcImfGtf2kgGna2O7UlfLPFJDNwHDXnEZBXsBPvOKwtotqfR1c8kBHRM5zb9DC5GKbi7v43FSdJHVdaemJ%2FOCH3YHfvewFc3mNZYJLLap5MF,https://i.ebayimg.com/images/g/HQEAAOSw1BdhcWrD/s-l225.jpg
zoid,model_kit,eBay,marketplace,us,Zoids RMZ-014 Red Horn Styracosaurus Type Realize Model 1:100 Scale Model Kit,57.99,,False,USD,New,https://www.ebay.com/itm/278390111159?_skw=zoids&hash=item40d157fbb7:g:2hoAAeSwR7Vqrq5Y,https://i.ebayimg.com/images/g/2hoAAeSwR7Vqrq5Y/s-l225.jpg
zoid,model_kit,eBay,marketplace,us,Open Box Zoids HEL DIGUNNER Model Kit #EZ-011 - ASSTT. 6072/6213 - TOMY 2001,39.97,10.0,False,USD,New,https://www.ebay.com/itm/147167754502?_skw=zoids&hash=item2243e1b906:g:3cwAAeSwI3ppm8P7,https://i.ebayimg.com/images/g/3cwAAeSwI3ppm8P7/s-l225.jpg
zoid,model_kit,eBay,marketplace,international,Takara Tomy Zoids Realize Model RMZ-EX02 Desert Liger 1/100 Limited Kit New,119.0,27.0,False,USD,Used,https://www.ebay.com/itm/147620266214?_skw=zoids&hash=item225eda80e6:g:KT0AAeSwxn9qxA7C,https://i.ebayimg.com/images/g/KT0AAeSwxn9qxA7C/s-l225.jpg
zoid,other,eBay,marketplace,us,Robo Strux Old Zoids SLITHOR Mulder Assembled TOMY Japan Wind-up Snail Robot VTG,39.99,7.99,False,USD,Used,https://www.ebay.com/itm/278440254639?_skw=zoids&hash=item40d4551caf:g:a3oAAeSwQ6VqxTup,https://i.ebayimg.com/images/g/a3oAAeSwQ6VqxTup/s-l225.jpg
zoid,other,eBay,marketplace,us,Vintage Zoids Brachiosaur #012 Brand New Factory Sealed Hasbro 2002,40.0,,True,USD,New,https://www.ebay.com/itm/366705061404?_skw=zoids&hash=item5561532e1c:g:B5AAAeSwyI1qvwlT,https://i.ebayimg.com/images/g/B5AAAeSwyI1qvwlT/s-l225.jpg
zoid,model_kit,eBay,marketplace,us,Kotobukiya Zoids RZ-041 Liger Zero Jager Marking Plus Ver. 1/72 Scale Model Kit,110.99,0.0,False,USD,New,https://www.ebay.com/itm/157655377006?_skw=zoids&hash=item24b4fe246e:g:ItUAAeSwoRFpgQUQ,https://i.ebayimg.com/images/g/ItUAAeSwoRFpgQUQ/s-l225.jpg
zoid,other,eBay,marketplace,us,Zoids Raven Raptor by Kotobukiya - HMM 052 EZ-027 model kit - Mint in Box,30.0,6.5,False,USD,New,https://www.ebay.com/itm/277385627935?_skw=zoids&hash=item409578c91f:g:M9EAAeSw44VoyYkV,https://i.ebayimg.com/images/g/M9EAAeSw44VoyYkV/s-l225.jpg
zoid,model_kit,eBay,marketplace,us,Vtg 1982 Tomy Zoids Glidoler Terrazoid Duck W/ Gold Pilot Figure,19.99,7.99,False,USD,Used,https://www.ebay.com/itm/287631359266?_skw=zoids&hash=item42f82a3d22:g:4A4AAeSwmE1qxSPi,https://i.ebayimg.com/images/g/4A4AAeSwmE1qxSPi/s-l225.jpg
zoid,model_kit,eBay,marketplace,us,New ZOIDS Zoids Wild Imaging Style Figures ~ Wild Liger New In Box,20.0,0.0,False,USD,Unspecified,https://www.ebay.com/itm/336661230908?_skw=zoids&hash=item4e6292b53c:g:orcAAeSw7IhqQWuH,https://i.ebayimg.com/images/g/orcAAeSw7IhqQWuH/s-l225.jpg
zoid,model_kit,eBay,marketplace,us,Tomy ZOIDS Infinity Leo Blox Playstation 2 Preorder Bonus 2004 SEALED Lion Type,133.81,0.0,False,USD,New,https://www.ebay.com/itm/146348970392?_skw=zoids&hash=item2213141198:g:vV0AAOSw91NnkyVg&amdata=enc%3AAQALAAAA4ACCtXRWQnOEpyOqnQQ8KGbfJVVMapXeMfDtERH9xqqFRHV96rXBQql8Fga4Pc6QWXDiCu6JBA5MS9gkOnH7P3JBkiqwZ14cVl%2FUTUiWVb7HUQLzX1ZiImJx085G69SBs5523UL9x9hhPx64Y5VgSjGWU4FN1mb17%2FtMQanXA39LcS1W3UNB1jLLL%2FWPDyOElPFWbqvw6xQq%2BLjrAI1OHJO%2FfZaQX4zHuOeSu9dpq21MH26AfMZlXYCxCmrS9R0%2FF7f%2FuDKVEgOXx81htKu9jkMiV3xCeZ0v%2FnSKZeJ91L%2B9,https://i.ebayimg.com/images/g/vV0AAOSw91NnkyVg/s-l225.jpg
zoid,model_kit,eBay,marketplace,us,Vintage 2006 Tomy Zoids Neo Blox LBZ-03 LB Gojulas MK-II Model Kit Open Box Seal,124.99,0.0,False,USD,New,https://www.ebay.com/itm/377467161068?_skw=zoids&hash=item57e2cbc9ec:g:l1wAAeSwi55qmREj&amdata=enc%3AAQALAAAA4ACCtXRWQnOEpyOqnQQ8KGap9JKCE24wOQgaFZsFoNNvgTg8bTXyqGTg2xQVJq%2Bf0bmcXnZEJUFRkVaLQEp1msbeIweek%2FAaOVCHb3xsFJP9MshuVhJHqHknQsyvpyi858p0xGDd7tLM4jWwczl%2Bvdh6YPiYB0zxkLia97LVW7bcqpJJyF3yD9eTg%2BDAsM5qU5Mn70B8S18RCdLsaNrHWWsqzgzQuW5REpnJ2PtJb6oHyHeNrWAE03ShiU7IrqZE7LfxsPbwjzkg1e9OWQ1KCmbggX8Qr8tRQTy66daF2OsE,https://i.ebayimg.com/images/g/l1wAAeSwi55qmREj/s-l225.jpg
zoid,model_kit,eBay,marketplace,us,NEW 1/72 Liger Zero Panzer HMM Zoids Kit Marking Plus Kotobukiya Model,159.0,15.21,False,USD,New,https://www.ebay.com/itm/800010163391?_skw=zoids&hash=itemba445254bf:g:mgYAAeSwdJBqA3Sd&amdata=enc%3AAQALAAAA4ACCtXRWQnOEpyOqnQQ8KGYurFdMBgkYXXqTFpqraH7fGqIZCM1%2F%2BGHUsj%2BvRTN5tRnjh8qV5dDEippZrLmpebsdsBLY6jIR5XGP9A%2Btj2DN30i09%2Fl6NfYLbUdUZHp7K4w0X02rsqG8VUgIEtkwR4FTJAMFdLmB7YwdbVzSDPrjXaw8TE8GJq2Jiggggr7ueth%2F2EbFSgR46LvRcT%2FclTOSPs8AWQU5W4UY10KUmkRg16Ow0NKZt6oThn0PRYD0aS59B7HCwFOI9jZZX87EMr7BM2TAO7kKnK8Y4pznrmYq,https://i.ebayimg.com/images/g/mgYAAeSwdJBqA3Sd/s-l225.jpg
zoid,model_kit,eBay,marketplace,us,Zoids Assault -Microsoft Xbox 360)- Manual Included CIB,37.0,,False,USD,Like New,https://www.ebay.com/itm/336818114852?_skw=zoids&hash=item4e6bec9124:g:1ScAAeSwqxNquzy~,https://i.ebayimg.com/images/g/1ScAAeSwqxNquzy~/s-l225.jpg
zoid,model_kit,eBay,marketplace,us,Kotobukiya GN239 Zoids RMZ-017 Command Wolf Urban Warfare Special 1/100 Kit,54.69,7.75,False,USD,New,https://www.ebay.com/itm/198678580082?_skw=zoids&hash=item2e422a8b72:g:JNIAAeSwIVlqvWfX,https://i.ebayimg.com/images/g/JNIAAeSwIVlqvWfX/s-l225.jpg
zoid,model_kit,eBay,marketplace,us,Zoids Genesis Anime Series Japanese Audio with English Subs,29.99,0.0,False,USD,,https://www.ebay.com/itm/353677039532?_skw=zoids&hash=item5258cb57ac:g:QUkAAOSw9ghhQ7e-,https://i.ebayimg.com/images/g/QUkAAOSw9ghhQ7e-/s-l225.jpg
zoid,other,eBay,marketplace,international,Chogokin ZOIDS New Century Zero RZ-041 Liger Zero 220mm Bandai Spirits NEW Japan,348.0,0.0,False,USD,New,https://www.ebay.com/itm/126176213237?_skw=zoids&hash=item1d60b038f5:g:S8QAAOSwa4BlS4XJ,https://i.ebayimg.com/images/g/S8QAAOSwa4BlS4XJ/s-l225.jpg
zoid,model_kit,eBay,marketplace,international,TAKARA TOMY Zoids Wild Infinity Switch Blast JP,48.0,0.0,False,USD,Very Good,https://www.ebay.com/itm/407062793810?_skw=zoids&hash=item5ec6d54e52:g:kvsAAeSwYlFqULPO,https://i.ebayimg.com/images/g/kvsAAeSwYlFqULPO/s-l225.jpg
zoid,other,eBay,marketplace,us,Hasbro Zoids Black Rhimos 1/72 Scale Model Kit Motorized Action Figure 2002 Box,50.0,10.0,False,USD,Used,https://www.ebay.com/itm/800743889922?_skw=zoids&hash=itemba700e1c02:g:lTsAAOSw1TBlt7sj,https://i.ebayimg.com/images/g/lTsAAOSw1TBlt7sj/s-l225.jpg
zoid,other,eBay,marketplace,us,TOMY ZOIDS 1980's ORIGINAL MINIATURE SILVER PILOT DRIVER SEATED FIGURE VINTAGE,7.15,3.3,False,USD,Used,https://www.ebay.com/itm/147010713235?_skw=zoids&hash=item223a857693:g:aCcAAeSwR6BpMml7,https://i.ebayimg.com/images/g/aCcAAeSwR6BpMml7/s-l225.jpg
zoid,model_kit,eBay,marketplace,us,Hasbro Zoids Action Figure Motorized Model  1/72 Energy Liger #102 2003 ,20.0,10.0,False,USD,Used,https://www.ebay.com/itm/147100919203?_skw=zoids&hash=item223fe5e5a3:g:gQAAAeSwIwdpbRgO,https://i.ebayimg.com/images/g/gQAAAeSwIwdpbRgO/s-l225.jpg
zoid,model_kit,eBay,marketplace,international,Zoids Blox 1:72 D.A.LIZARDS Type Model Kit Tomy 002,96.99,22.5,False,USD,Used,https://www.ebay.com/itm/800752299590?_skw=zoids&hash=itemba708e6e46:g:aGkAAeSw8pNqwMhD,https://i.ebayimg.com/images/g/aGkAAeSw8pNqwMhD/s-l225.jpg
zoid,other,eBay,marketplace,us,Vintage Tomy Japan OJR Zoids Parts Lot Gustav Saicurtis Reddra,29.99,,False,USD,Used,https://www.ebay.com/itm/168742582601?_skw=zoids&hash=item2749d77949:g:qx4AAeSwa5lqvD7s,https://i.ebayimg.com/images/g/qx4AAeSwa5lqvD7s/s-l225.jpg
zoid,other,eBay,marketplace,us,Vintage Hasbro Zoids Z-Builders Leoblaze #001 & Ptera Striker #010 1/72 Scale,29.99,10.0,False,USD,Used,https://www.ebay.com/itm/318940267242?_skw=zoids&hash=item4a425242ea:g:BHcAAeSwgJJqvaEH,https://i.ebayimg.com/images/g/BHcAAeSwgJJqvaEH/s-l225.jpg
zoid,other,eBay,marketplace,us,Y2K Zoids Z-Builders Brachio Zilla #105 1/72 Motorized Model Kit Plug n Blox Toy,42.99,12.0,False,USD,New,https://www.ebay.com/itm/117432956209?_skw=zoids&hash=item1b578cb531:g:naMAAeSwIQhpowso,https://i.ebayimg.com/images/g/naMAAeSwIQhpowso/s-l225.jpg
zoid,model_kit,eBay,marketplace,us,BT Building Blocks ZOIDS EZ-016 Red Saber Tiger 1:72 Scale,72.99,0.0,False,USD,New,https://www.ebay.com/itm/198650132128?_skw=zoids&hash=item2e407876a0:g:GtQAAeSwfEhqrRuk&amdata=enc%3AAQALAAAA4ACCtXRWQnOEpyOqnQQ8KGa4ar1jJ2L5Surzn9ti1wZQF1NLf0flcF29lzCSKcbyQOMeG4HTmA5Ae3MoIVAoqUk9P3WTEbrFU4rT6O611Q3pUjUgBgUTfsMyjLP8JrhZ5HVehuXmhEJGtPpHwZLA8igY9iNwJ0AXJrdMNQuusGAz%2FN%2FYET%2Bx4VissP%2Fe6m%2Bio2nXX1UVoyaD1cannE9AjRmtaOczD5oOPZHdHrjin2yEmcRRuyJA%2FL%2BKVOpmFv7L6Fb2KpY8DUPyniBJ5X%2FwDGHGltn63YwYYOHtEFWL7YEj,https://i.ebayimg.com/images/g/GtQAAeSwfEhqrRuk/s-l225.jpg
zoid,model_kit,eBay,marketplace,international,ZOIDS ~Gun Sniper Wild Weasel HMM RZ-030 (1/72)~ KOTOBUKIYA Model Kit Japan *NEW,59.9,19.9,False,USD,New,https://www.ebay.com/itm/198696546680?_skw=zoids&hash=item2e433cb178:g:mUUAAeSwKLVqxo1e&amdata=enc%3AAQALAAAA4ACCtXRWQnOEpyOqnQQ8KGb0XXYuKJ%2FsmGUCC0N5Yk4oUIjitl0qu%2FXT%2FZH%2BpyhoqOVfv5DuUIOvVQYpjlWQL0bxRgsWkjZlWMZpSXi%2FYui2sSuwK4SD4mIIjCGLI%2BLHSJ7cnuxMBqmnl2fYfbVUyMUloQ2y0pWIDjo6qTpGFG%2BAwbgkhQhi6SR71WDLJ%2FBBbKf0XfRfHlJONui8I1kGDtVxJHGW1J0gJTVWk42%2BxN6tsosRCCW95LGkA5CWybo1m87O%2Bqt1FWKhIzVIiTHPcyjbA7755dlFTR%2B2DsBI%2FQqx,https://i.ebayimg.com/images/g/mUUAAeSwKLVqxo1e/s-l225.jpg
zoid,model_kit,eBay,marketplace,us,Kotobukiya - ZOIDS - RMZ-007 Trinity Liger Model Kit [New Toy],40.93,0.0,False,USD,New,https://www.ebay.com/itm/398451903742?_skw=zoids&hash=item5cc5958cfe:g:qqUAAeSwG3dqvtS9&amdata=enc%3AAQALAAAA4ACCtXRWQnOEpyOqnQQ8KGbQ6u19QKuJaTyPar8SkEkGnxoEXyqu0sTpC10he%2Bl93YNN0F8x46bNHF4UDyninwV%2FPhZQctM8dKaWKFmx%2Ffok4QzARzdwL5v71Cw6JY5ha7St5QYvNkvW%2FHVPdpmMmkG796da%2FFLkgdP%2FHtveLa8nvsK6i2aS5TlOsuwVVqwG3C96cvDg5vN56TDVSvqKy0zLW7IYMCZeSBlqeIBqAZ9G8DIBj2Xf1ILgk1GxIxS%2FSxDdPXWgmoH3HzFbvArZRJpzyHuC7RyECK2M%2FLTSsaKL,https://i.ebayimg.com/images/g/qqUAAeSwG3dqvtS9/s-l225.jpg
zoid,model_kit,eBay,marketplace,us,Zoids Rubber Caps Original Replacemrnt Parts 13 Piece Lot Gray Red Yellow Black,10.0,5.95,False,USD,Used,https://www.ebay.com/itm/287510639063?_skw=zoids&hash=item42f0f831d7:g:~RUAAeSw1WFqdfYq&amdata=enc%3AAQALAAAA4ACCtXRWQnOEpyOqnQQ8KGbmhOSXqvfp%2BF6QsxdmtVQu3lz3jN0%2BbrbfYPeKQk%2FBZHF9dXTQC0VZBW10usS8%2Bt9rI20QRewOtzHY48i6F7HqkqbI2OBGQN2LVPfLpXYbyvTc7ESfA3O57VFrjLc81ZLaL%2F8di9vCykBBD7CdDg%2BDBTJy7BxSAkZ%2BfCRoMKDrRHkMnnBxT9DbpL4sgeNt4ytftqDuk5hFo7aAN7F4Vj69jCh8qNOc0dH3SBHPjBSReyJft0vC4YA%2BCaCpDLmdndYazXJ9fjnQY6onTIoFRXHy,https://i.ebayimg.com/images/g/~RUAAeSw1WFqdfYq/s-l225.jpg
zoid,other,eBay,marketplace,us,Hasbro Zoids EZ-036 Death Stinger 1/72 Motorized Complete  w/ Pilot Vintage 2002,61.97,0.0,False,USD,Used,https://www.ebay.com/itm/188830418852?_skw=zoids&hash=item2bf72b87a4:g:OPoAAeSwdK5qimGX,https://i.ebayimg.com/images/g/OPoAAeSwdK5qimGX/s-l225.jpg
zoid,other,eBay,marketplace,us,Hasbro Zoids 1/72 Shield Liger #007 - Original Box And Manual Only,29.99,,False,USD,Used,https://www.ebay.com/itm/307209199296?_skw=zoids&hash=item4787185ec0:g:ED4AAeSwoH1qvqd9,https://i.ebayimg.com/images/g/ED4AAeSwoH1qvqd9/s-l225.jpg
zoid,model_kit,eBay,marketplace,us,TOMY - Zoids Customize Parts - CP-07 Cannonry Unit - 1/72 Scale Kit,30.0,0.0,False,USD,New,https://www.ebay.com/itm/318923386957?_skw=zoids&hash=item4a4150b04d:g:3DcAAeSwCbVquKSi,https://i.ebayimg.com/images/g/3DcAAeSwCbVquKSi/s-l225.jpg
zoid,other,eBay,marketplace,international,Lot of 15 Zoids Mini Figures 2000’s Battle Champions Tomy,79.95,7.99,False,USD,Used,https://www.ebay.com/itm/327306899109?_skw=zoids&hash=item4c3502eea5:g:eiYAAeSwa4FqegZh,https://i.ebayimg.com/images/g/eiYAAeSwa4FqegZh/s-l225.jpg
zoid,other,eBay,marketplace,us,6 Zoids Dimetrodon mini figure Toy Lot,39.99,5.58,False,USD,Used,https://www.ebay.com/itm/820067186032?_skw=zoids&hash=itembeefd03570:g:-Z4AAeSwtWFqak4V,https://i.ebayimg.com/images/g/-Z4AAeSwtWFqak4V/s-l225.jpg
zoid,model_kit,eBay,marketplace,us,Zoids HMM 019 EPZ-003 Great Sabre Marking Plus 1/72 scale model kit Kotobukiya,119.99,0.0,False,USD,New,https://www.ebay.com/itm/366526920247?_skw=zoids&hash=item5556b4f637:g:g3wAAeSwIrpqTGjo,https://i.ebayimg.com/images/g/g3wAAeSwIrpqTGjo/s-l225.jpg
zoid,other,eBay,marketplace,us,Zoids Wild Figure Lot Hunter Wolf Wild Liger Gannontoise Mecha Action Figures,36.0,,False,USD,Used,https://www.ebay.com/itm/137809275365?_skw=zoids&hash=item201612a9e5:g:uUIAAeSw4GFqwVLW&amdata=enc%3AAQALAAAA4ACCtXRWQnOEpyOqnQQ8KGZvhrouSPZ%2BKFVrMBvamRx4mp7iDDbO5q4a9TuYm9xrEsds2d%2FMSE5i2acCO6FpDUPJLrEN7s2r7zrqTf1716oPBMqgAjrSLsEBvj160CeIwUB7lvnlViz01VmD0gMylBcnCnioJ0Cvj1bHC5hmT905YnCk0W4mH41xTDWGwcaU5QYUKKAeVvcZNr3sAraboTntQ1mdb1ozye39y8O0lC19NnZ%2BKyVxgcBbDumuC3gnbI%2By9xtEwEbvyLB%2FhMjrobm%2Fc9CrrN1VyGWUiQP9sr1i,https://i.ebayimg.com/images/g/uUIAAeSw4GFqwVLW/s-l225.jpg
zoid,other,eBay,marketplace,us,Vintage Zoids Mammoth Kit Radio Shack Robo Strux Parts Lot w/ Original Box,29.99,10.5,False,USD,Used,https://www.ebay.com/itm/318943188144?_skw=zoids&hash=item4a427ed4b0:g:jBUAAeSwG3Jqvoek&amdata=enc%3AAQALAAAA4ACCtXRWQnOEpyOqnQQ8KGZZXznQpo7gdgirq9adAv32zubsUsW05K0Z9VehmKorkwzU%2B8BYRSyY1CMCQkP1wI3tEZiJBLM5VMYTkF9UBRSR89eQxhMYj6Rd6l6kZEzQu40R4jqbO5In0zAf7eZ7CwHqPyLbx%2BjUCS%2Bsqc2V%2FPKNxoXL66Ez91IHo%2Bg7RBB38gVuZ%2FPVHcGAfL9RYsWCw5KqWQuYrIgzCyPsqQWIMMHOUfxpVZ21haEraHzn%2BtwmqqpIdw%2F4Lv4%2BqfZ3oX1l70rm%2FKECw729SZolhtmb9wJe,https://i.ebayimg.com/images/g/jBUAAeSwG3Jqvoek/s-l225.jpg
zoid,other,eBay,marketplace,us,2002 Hasbro Zoids Demons Head Z-Builders Action Figure Model Kit BZ 008 NEW,39.95,0.0,False,USD,New,https://www.ebay.com/itm/267785609382?_skw=zoids&hash=item3e594420a6:g:gwAAAeSw2aZqqKgB,https://i.ebayimg.com/images/g/gwAAAeSw2aZqqKgB/s-l225.jpg
zoid,other,eBay,marketplace,us,Zoids Battle Champions mini figures Hasbro Asst 83129/83121 sealed package,85.0,10.0,False,USD,New,https://www.ebay.com/itm/117327335262?_skw=zoids&hash=item1b51410f5e:g:EowAAeSwJM5qaPfg,https://i.ebayimg.com/images/g/EowAAeSwJM5qaPfg/s-l225.jpg
zoid,other,eBay,marketplace,us,Zoids Hasbro Maccurtis New in Sealed Oackaging,34.99,,False,USD,New,https://www.ebay.com/itm/377541684934?_skw=zoids&hash=item57e73ceec6:g:aU4AAeSwxCtqwWCQ,https://i.ebayimg.com/images/g/aU4AAeSwxCtqwWCQ/s-l225.jpg
zoid,model_kit,eBay,marketplace,us,Zoids Wild Anime Series English Dubbed and Subs Episodes 1-50,27.99,0.0,False,USD,,https://www.ebay.com/itm/285824688296?_skw=zoids&hash=item428c7aa0a8:g:oosAAOSwtrdmJdp2,https://i.ebayimg.com/images/g/oosAAOSwtrdmJdp2/s-l225.jpg
zoid,other,eBay,marketplace,us,ZOIDS Vintage Lot Mixed PARTS PLEASE READ,29.99,,False,USD,Used,https://www.ebay.com/itm/377511408802?_skw=zoids&hash=item57e56ef4a2:g:a2kAAeSwnLRqsHVM,https://i.ebayimg.com/images/g/a2kAAeSwnLRqsHVM/s-l225.jpg
zoid,other,eBay,marketplace,us,Tomy Zoids Tyrannazoid Garius w/ Additional Parts for Others 1981,49.99,6.0,False,USD,Used,https://www.ebay.com/itm/147612410308?_skw=zoids&hash=item225e62a1c4:g:sScAAeSwTMVqvmDF,https://i.ebayimg.com/images/g/sScAAeSwTMVqvmDF/s-l225.jpg
zoid,other,eBay,marketplace,us,2002 Hasbro Zoids Shell Karn Z-Builders Action Figure Model Kit BZ 006. Complete,19.99,,False,USD,Used,https://www.ebay.com/itm/267802889268?_skw=zoids&hash=item3e5a4bcc34:g:fkEAAeSwWMNqwcRj,https://i.ebayimg.com/images/g/fkEAAeSwWMNqwcRj/s-l225.jpg
zoid,other,eBay,marketplace,us,Tomy Zoids Gojulas Mariner Yuji Kaida Limited Edition 1/72 model kit ,250.0,0.0,False,USD,New,https://www.ebay.com/itm/405790837452?_skw=zoids&hash=item5e7b04cacc:g:PlMAAeSw~2toBV1f,https://i.ebayimg.com/images/g/PlMAAeSw~2toBV1f/s-l225.jpg
zoid,model_kit,eBay,marketplace,us,[Kotobukiya] ZOIDS Green Horn AB 1/72 Plastic Model ✨USA Ship Seller✨,179.95,30.0,False,USD,New,https://www.ebay.com/itm/398221680137?_skw=zoids&hash=item5cb7dc9e09:g:zvkAAeSw9h1qZ~QG&amdata=enc%3AAQALAAAA4ACCtXRWQnOEpyOqnQQ8KGYxlL0Ykha1cEYxaeZXGoRnmz%2BEpleShKkqNWvYNJW99mZvVPSowOadAroHxX8E4g1LCm1RDugKR42dBkpxhj2I%2Fh5tzgebxB9s8bqP9gCvkFiV9kGY9SKOYuiWds0AHNHkrXtzCdImwlp1MknjfDi5wdjGPnwaMW3d25vYQFzljx1%2BkYBaI6XtURpGIWcZ7W9SGhOiq6a%2FVNTBOMBC21DEWc12P9ElLCrlwc%2F5eg5GWBHntitdaXfqZP9cDwAD5lVi1PPrlNWsTP5BkOapwEXU,https://i.ebayimg.com/images/g/zvkAAeSw9h1qZ~QG/s-l225.jpg
zoid,model_kit,eBay,marketplace,international,TAKARA TOMY DAEWON ZOIDS WILD : ZW55 Xeno Rex Scissors XA Tyrannosaurus Type,89.8,0.0,False,USD,New,https://www.ebay.com/itm/126243225931?_skw=zoids&hash=item1d64aec14b:g:SQ8AAOSwFAllgXzA&amdata=enc%3AAQALAAAA4ACCtXRWQnOEpyOqnQQ8KGZpMz2XlglxaMRJlrOL7ZL6hqSHBHBW1mzm3J1P%2BA0NZNa4eRug26y248WqMYJo1btnMZ19V8His4TiwrxXEHzuagsMC5xk%2BzMqiinc7qiB0YDZHk3I%2FEkjBZAVtMDkl%2BSLZr%2Bw81lO9G%2FzCvHiZJ1IzD%2BUyp9OtWQRTMVi5GuW%2BGH4qNyLbrwQqzEr%2FHr%2B7yfPnn%2BH%2BpoGGTF5S%2Fh%2F4QTbEKHjXXql8xc%2ByMA9Dx1ANO%2FpX%2B3eikEVFgDm0OsbnAsj8Jq%2FjuexjSUkKl%2BiR6r1,https://i.ebayimg.com/images/g/SQ8AAOSwFAllgXzA/s-l225.jpg
zoid,model_kit,eBay,marketplace,us,[Kotobukiya] ZOIDS Green Horn AB 1/72 Plastic Model ✨USA Ship Seller✨,179.95,30.0,False,USD,New,https://www.ebay.com/itm/398221680137?_skw=zoids&hash=item5cb7dc9e09:g:zvkAAeSw9h1qZ~QG&amdata=enc%3AAQALAAAA4ACCtXRWQnOEpyOqnQQ8KGYxlL0Ykha1cEYxaeZXGoRnmz%2BEpleShKkqNWvYNJW99mZvVPSowOadAroHxX8E4g1LCm1RDugKR42dBkpxhj2I%2Fh5tzgebxB9s8bqP9gCvkFiV9kGY9SKOYuiWds0AHNFy38FRKxx2wjYWg9%2FBHH5S7LT7pO--FammlMCUaueHr6JsSZ%2F0xUeafDys2KscbkVlg7xQWggMY0QNtGjGk3ICVNCZqKk%2FJcPQJjRAPbB4B9xSqiuXUEKHvdnxVpec7i8q569hVi%2FBONmPjuX%2BgLI8,https://i.ebayimg.com/images/g/zvkAAeSw9h1qZ~QG/s-l225.jpg
zoid,model_kit,eBay,marketplace,international,TAKARA TOMY DAEWON ZOIDS WILD : ZW55 Xeno Rex Scissors XA Tyrannosaurus Type,89.8,0.0,False,USD,New,https://www.ebay.com/itm/126243225931?_skw=zoids&hash=item1d64aec14b:g:SQ8AAOSwFAllgXzA&amdata=enc%3AAQALAAAA4ACCtXRWQnOEpyOqnQQ8KGZpMz2XlglxaMRJlrOL7ZL6hqSHBHBW1mzm3J1P%2BA0NZNa4eRug26y248WqMYJo1btnMZ19V8His4TiwrxXEHzuagsMC5xk%2BzMqiinc7qiB0YDZHk3I%2FEkjBZAVtMDkl%2BRA%2BYzRb8Opc4nk9zHQuBjzeBvN69VeWrGE184s5qn6%2BthDN2SHYZL2yI4j6FBCGkmCqwmd5q54uku6jBW8ALosdryxUpXHtUaDlJ1Xo25Y0wUx8OZ6HnMY8cl8CFwaZ6aesRnNsuMp0CZunZ6Hnsu0,https://i.ebayimg.com/images/g/SQ8AAOSwFAllgXzA/s-l225.jpg
zoid,other,eBay,marketplace,international,ZA Model 1/72 BF-02 Berserk Fuhrer Zoids Wild Tyrannosaurus Model Kit Gift,135.54,9.99,False,USD,New,https://www.ebay.com/itm/389786987688?_skw=zoids&hash=item5ac11d6ca8:g:b1EAAeSwLf5pwPc5&amdata=enc%3AAQALAAAA4ACCtXRWQnOEpyOqnQQ8KGbsIMleHIwS7u0WTp2z5acHMwZZ8mdYYWPVZDfDPn32zU2h%2Btnpb2yIMX5JGy6uMt%2F73aD67BsY2%2BfXr4S8tWJZi78a2NI6rw23Wj1ccQOFZxk3aX6KqGwdN7p%2FP6sNe%2B6BnxBTyb6NbAXp5ZNx5%2BFE%2FiEiQPDkrQHBm%2BhdY3yoqNTGXKAf29FgFIv5XNHn09CGIFnjcjNAQRz%2F3H9wCWC5SPbSQPeHesiMgvT1in7vmd%2BFLo3bnWQIeC32Pprqqn60XJEY3WCJWkZx1lPjm09X,https://i.ebayimg.com/images/g/b1EAAeSwLf5pwPc5/s-l225.jpg
zoid,model_kit,eBay,marketplace,us,Kotobukiya Zoids HMM 1/72 Blade Liger AB RZ-028 Plastic Model Kit,70.0,,False,USD,New,https://www.ebay.com/itm/366638812632?_skw=zoids&hash=item555d604dd8:g:iT8AAeSweY5qlOcO&amdata=enc%3AAQALAAAA4ACCtXRWQnOEpyOqnQQ8KGY7tPBOF8%2BvuGZPfBC0tVCRlbYVMCid5BTS3jkeuEOO6DuYMuxeu1OAQXbuqGWC2BS%2Bo360FnCJPkSReqKzAf%2Fp9e6O6H2vBtqs4lVN7FqDFO6Phsg0LurnBzZFlA2QWKt07sR3c4Q5T4k966LjJu7jNjrm4KFx%2BQFdOvCkEr1i%2FIdl%2B7GiULcB%2Fny8c3gGN8Lryoutra%2BPJWg42JxHMfOwf8BtvkWpCFQbTxXWN%2BfdODh7AX5v4vXGExr%2Bl5VuWLKeGqM%2BII3KaUEqKSXJmwSO,https://i.ebayimg.com/images/g/iT8AAeSweY5qlOcO/s-l225.jpg
zoid,other,eBay,marketplace,us,2000 Tomy Zoids Storm Sworder RZ-029 Pteranodon Type 1/72,39.96,0.0,False,USD,Used,https://www.ebay.com/itm/188830415386?_skw=zoids&hash=item2bf72b7a1a:g:-BEAAeSwpLBqil9j,https://i.ebayimg.com/images/g/-BEAAeSwpLBqil9j/s-l225.jpg
zoid,model_kit,eBay,marketplace,us,"Zoids: The Battle Begins DVD, Includes Mini.Comic, Loved Copy, See Description!",21.99,,False,USD,Acceptable,https://www.ebay.com/itm/820142976397?_skw=zoids&hash=itembef454ad8d:g:kk4AAeSwYHhqrWod,https://i.ebayimg.com/images/g/kk4AAeSwYHhqrWod/s-l225.jpg
zoid,model_kit,eBay,marketplace,international,KOTOBUKIYA ZOIDS RZ-053 Heavy Arms Konig Wolf 1/72 Plastic Model Japan New,225.1,34.0,False,USD,New,https://www.ebay.com/itm/196409843642?_skw=zoids&hash=item2dbaf05fba:g:OWoAAeSw9ZVqZ13v,https://i.ebayimg.com/images/g/OWoAAeSw9ZVqZ13v/s-l225.jpg
zoid,cards,eBay,marketplace,us,Zoids Galaxy Quest Planet Zi Ultimate Battle Card Game Unpunched Trading Cards,38.95,0.0,False,USD,New,https://www.ebay.com/itm/286969711560?_skw=zoids&hash=item42d0ba4bc8:g:m68AAeSwMjFpJeIf,https://i.ebayimg.com/images/g/m68AAeSwMjFpJeIf/s-l225.jpg
zoid,cards,eBay,marketplace,us,ZOIDS F/X Oversized Chromium Trading Card  # 1  LIGER ZERO - 2002 - Hasbro RARE,7.37,1.99,False,USD,Ungraded,https://www.ebay.com/itm/147513958552?_skw=zoids&hash=item2258846098:g:JHUAAeSw2HNqhQGj,https://i.ebayimg.com/images/g/JHUAAeSw2HNqhQGj/s-l225.jpg
zoid,other,eBay,marketplace,us,Zoids Geno Breaker Tomy Hasbro 2002 Open Box Unused Factory Sealed Model,109.99,15.0,False,USD,New,https://www.ebay.com/itm/298630109840?_skw=zoids&hash=item4587bdda90:g:Q5oAAeSwicFqlIER,https://i.ebayimg.com/images/g/Q5oAAeSwicFqlIER/s-l225.jpg
zoid,model_kit,eBay,marketplace,us,Zoids Genesis Japanese DVD Box Set Vols 1-8 Complete Collection Anime Avex NEW,262.46,0.0,False,USD,Brand New,https://www.ebay.com/itm/398331117638?_skw=zoids&hash=item5cbe628046:g:0CkAAeSwm3ZqKOdH,https://i.ebayimg.com/images/g/0CkAAeSwm3ZqKOdH/s-l225.jpg
zoid,other,eBay,marketplace,us,TOMY ZOIDS CP21 PANZER UNIT For Liger Zero,39.95,9.95,False,USD,New,https://www.ebay.com/itm/267775310765?_skw=zoids&hash=item3e58a6fbad:g:p3sAAeSwNG1qmddN,https://i.ebayimg.com/images/g/p3sAAeSwNG1qmddN/s-l225.jpg
zoid,model_kit,eBay,marketplace,international,Kotobukiya HMM Zoids RZ-041 Liger Zero Jager Panzer Schneider 1/72 Model Kit,109.99,49.99,False,USD,New,https://www.ebay.com/itm/358785730797?_skw=zoids&hash=item53894bc8ed:g:s2oAAeSwstBqUwH5,https://i.ebayimg.com/images/g/s2oAAeSwstBqUwH5/s-l225.jpg
zoid,model_kit,eBay,marketplace,us,TOMY Zoids Shot Eagle RTF-01/TF-01 Vintage 80’s Robot Figure NIB,850.0,35.0,False,USD,New,https://www.ebay.com/itm/257710753925?_skw=zoids&hash=item3c00c20885:g:qZEAAeSwu7ZqkyeJ&amdata=enc%3AAQALAAAA4ACCtXRWQnOEpyOqnQQ8KGbjtCfCEN6VaZtASZsHv16H0BqcbAN4BoQae4vYjhg%2BJYMb%2BB2jGU1AX8cUw1DHBtQKn3l7dznwAE%2BRrMYHNu7MZF0oqkylM1%2FokBFLatzp2As%2B%2F2kor%2BnrgjTD1fL8EB6hS1D03UnPFH7hrT1%2FiIIWady00GtrOaE96jR%2FEYwKN1GbZixCZkIFHDVWWksJUJQrU3N%2FybWAfC4NeG62UOZcS3T36g550yxM%2F5YqGT6WJrB3o8bBMeQFl2k1WcPhm8LVtVySgU1w5yefQYyADKs8,https://i.ebayimg.com/images/g/qZEAAeSwu7ZqkyeJ/s-l225.jpg
zoid,model_kit,eBay,marketplace,us,Tomy 2005 Zoids Genesis GZ-006 Zabat (Bat Type) 1/72 Scale Vintage Motorized Kit,91.24,0.0,False,USD,New,https://www.ebay.com/itm/377443291401?_skw=zoids&hash=item57e15f9109:g:V90AAeSw~gJqi984&amdata=enc%3AAQALAAAA4ACCtXRWQnOEpyOqnQQ8KGaFqHOAz3FNuY873kNWDtHaQ9IwEXgUpaeEEh2LqbUXSRRn7bFgS4EcxEMxs4vTUQ0snUNsxh9Vq9NSSKN4auhVEuhLxuQ%2FN8%2Bu1IDRA62HzemtBGTprb%2BB4r8V2B1GGvlSGR0o3cSHS2VotCYoIO0Tz5R2QrCPkUF4x%2FrQbP0TzOGTE%2FAmY7QOLtVBaLnxhwTZn7AHRh8Xzclfgn49SfvNt8RAuaojECpNoOfRuc1Ezg6N0HNRvERQt%2FDGu%2BgeHrEaikyFYZjtCOrkq8zUgFVz,https://i.ebayimg.com/images/g/V90AAeSw~gJqi984/s-l225.jpg
zoid,model_kit,eBay,marketplace,us,Zoids HMM 019 EPZ-003 Great Sabre Marking Plus 1/72 scale model kit Kotobukiya,119.99,0.0,False,USD,New,https://www.ebay.com/itm/318678807243?_skw=zoids&hash=item4a32bcb2cb:g:CCoAAeSwJM5qcmoZ&amdata=enc%3AAQALAAAA4ACCtXRWQnOEpyOqnQQ8KGYHVF9d5Q2PgYZFS0uiu%2BFY1ReJbS1DAqa8qaKptH1wrhUDk6wmd8lGHAH%2FQjoQeiukx6xXOtH%2Bh8taROD%2BMdZMc3hhnVyXYartaVEdypAsk8mYb711ZwjhoDmKBMMowb%2FVKxQX9iEBqaqabu4sIrzRX6wnddbTB7ppzK%2Fl9%2FO8VDgFK%2Fr5n1c%2BjxEA8PqBI%2BjsELjiWA7jciYMqTMkGvA1Ya16pWiZZGdkFl23z1b4sSeQWn7mIaWjXl%2FHJt3XMfH8DZhpzaHrUMhG3FEL5Y2G,https://i.ebayimg.com/images/g/CCoAAeSwJM5qcmoZ/s-l225.jpg
zoid,model_kit,eBay,marketplace,international,Zoids Infinity EX NEO Complete with Special Card Xbox 360 Japan Import,85.0,8.0,False,USD,Very Good,https://www.ebay.com/itm/920017085813?_skw=zoids&hash=itemd6354aa575:g:5Z8AAeSwOYZqxh-f,https://i.ebayimg.com/images/g/5Z8AAeSwOYZqxh-f/s-l225.jpg
zoid,model_kit,eBay,marketplace,international,Tomy ZOIDS Collection Mini Figure Part 5 Liger Lot of 8 Complete,170.05,7.0,False,USD,New,https://www.ebay.com/itm/398191080284?_skw=zoids&hash=item5cb609b35c:g:0rMAAeSw9h5qOh6S,https://i.ebayimg.com/images/g/0rMAAeSw9h5qOh6S/s-l225.jpg
zoid,other,eBay,marketplace,international,ZOIDS Mini Collection Zeke & Shadow Organoid Figure Set,164.38,17.26,False,USD,New,https://www.ebay.com/itm/117232459079?_skw=zoids&hash=item1b4b995d47:g:r2EAAeSwOwJqImIl,https://i.ebayimg.com/images/g/r2EAAeSwOwJqImIl/s-l225.jpg
zoid,other,eBay,marketplace,us,Zoids Fire Phoenix #07.A Z-Builders W/Manual & Box,39.99,10.0,False,USD,Used,https://www.ebay.com/itm/318940273904?_skw=zoids&hash=item4a42525cf0:g:3XwAAeSw-ftqvaJ5,https://i.ebayimg.com/images/g/3XwAAeSw-ftqvaJ5/s-l225.jpg
zoid,other,eBay,marketplace,international,Tomy EZ-069 Seismosaurus ZOIDS 1/72 Plastic model length approx. 75 cm Kit,241.88,0.0,False,USD,New,https://www.ebay.com/itm/185899671038?_skw=zoids&hash=item2b487bddfe:g:cwsAAOSwSMJnLGrM,https://i.ebayimg.com/images/g/cwsAAOSwSMJnLGrM/s-l225.jpg
zoid,model_kit,eBay,marketplace,us,Zoids HMM025 RZ-010 Pteras Bomber Marking Plus ver. 1/72 model kit Kotobukiya,89.99,0.0,False,USD,New,https://www.ebay.com/itm/363350205586?_skw=zoids&hash=item54995c2492:g:vmQAAOSw3uFgbTtR,https://i.ebayimg.com/images/g/vmQAAOSw3uFgbTtR/s-l225.jpg
zoid,model_kit,eBay,marketplace,international,BANDAI Chogokin ZOIDS New Century Zero RZ-041 Liger Zero 220mm Spirits USED,229.99,49.0,False,USD,Used,https://www.ebay.com/itm/356000345967?_skw=zoids&hash=item52e3462f6f:g:CpUAAOSwEAlm9nrm,https://i.ebayimg.com/images/g/CpUAAOSwEAlm9nrm/s-l225.jpg
zoid,other,eBay,marketplace,us,2003 Zoids Death Saurer Action Figure Tomy Hasbro 5.5” *Incomplete*,16.99,,False,USD,Used,https://www.ebay.com/itm/336814805888?_skw=zoids&hash=item4e6bba1380:g:vx8AAeSw4cdquEed,https://i.ebayimg.com/images/g/vx8AAeSw4cdquEed/s-l225.jpg
zoid,other,eBay,marketplace,us,Lot of 11 Zoids Mini Figures 2000’s Battle Champions Tomy - See Description,74.99,9.99,False,USD,Used,https://www.ebay.com/itm/117449089588?_skw=zoids&hash=item1b5882e234:g:YbUAAeSwOApqw-Fj,https://i.ebayimg.com/images/g/YbUAAeSwOApqw-Fj/s-l225.jpg
zoid,other,eBay,marketplace,us,Vintage 1983 TOMY Zoids Giant ZRK #5039 Model Kit New Open Box Unbuilt Complete,319.98,,False,USD,New,https://www.ebay.com/itm/406786365159?_skw=zoids&hash=item5eb65b56e7:g:Et0AAeSwd0BpuxUA,https://i.ebayimg.com/images/g/Et0AAeSwd0BpuxUA/s-l225.jpg
zoid,other,eBay,marketplace,international,ZOIDS Kotobukiya HMM RZ-013 Cannon Tortoise Marking Plus Ver. 1/72 120mm Figure,118.78,17.26,False,USD,New,https://www.ebay.com/itm/116797830315?_skw=zoids&hash=item1b31b174ab:g:IqkAAeSw0FFo1nqO,https://i.ebayimg.com/images/g/IqkAAeSw0FFo1nqO/s-l225.jpg
zoid,model_kit,eBay,marketplace,us,ZOIDS BLOX SAINT GALE TOMY MODEL KIT BUILT & COMPLETE,99.99,14.99,False,USD,Used,https://www.ebay.com/itm/127865258613?_skw=zoids&hash=item1dc55d0275:g:88oAAeSwamJqBj9Q,https://i.ebayimg.com/images/g/88oAAeSwamJqBj9Q/s-l225.jpg
zoid,other,eBay,marketplace,international,ZOIDS CHOGOKIN CHANGING ARMOR set for RZ-041 LIGER ZERO BANDAI,273.42,50.0,False,USD,Used,https://www.ebay.com/itm/396511595473?_skw=zoids&hash=item5c51eecbd1:g:FLcAAeSwh9RpEbLA&amdata=enc%3AAQALAAAA4ACCtXRWQnOEpyOqnQQ8KGbpiADz2IXZSPROuf601WMjULFL%2B%2B0P7baRpGtKia9SffguIKssRO1G1IehZ5604AAyQMsG0rV7oblVup43xDNsSqUzLp%2B9MSv6E1Maty0EHcFNc3YngPfYF2whnio%2Fuul8Ey8lFqOxdbZEyAcAoa4z6uoJhHh5m%2Bz%2FDUImYEjUqknI4%2BISSE9AeJUT1bj6Gopfnnq8jiLPW3n94VvYDWkKWl7ii8MxQbr8jCYbLxfvjGs4OvZk%2FkVaAV45ae41tBA535NNSJ0hPJ1os%2B215yoX,https://i.ebayimg.com/images/g/FLcAAeSwh9RpEbLA/s-l225.jpg
zoid,model_kit,eBay,marketplace,us,VTG Zoids Bear Fighter Hasbro 511 Building Toy Robot Model Kit Sealed Bags #B,41.61,,False,USD,New,https://www.ebay.com/itm/168183709122?_skw=zoids&hash=item272887bdc2:g:dSUAAeSwM0tplM29&amdata=enc%3AAQALAAAA4ACCtXRWQnOEpyOqnQQ8KGbelF%2BRHApJk7vuGHVHpnUfsNCvD7obYKBdtdp3UQI6b3qRRambmq--nco3Uwb7FCBZgUX6EMCP46DAusHRqihHIau8jbqyzKsQR%2FlG91%2Fk3N0XIG--UQ%2BW27sqsZp5LzUopp5exuCXVBfkcUi5jom2XNX7ZiRjzxvytDGziPG8KsviWWWdEl5EHzuCnx74TINuLIN7H2yOpFQ5WdxRRcZGEGfMdze7x5K7FrKzqoLCom9ZBMuOWX4NGGnp3cJ07F%2F6KcGL93N%2FEebttYD1BM3e,https://i.ebayimg.com/images/g/dSUAAeSwM0tplM29/s-l225.jpg
zoid,other,eBay,marketplace,international,SEIKO ZOIDS Collaboration Geno Saurer Limited to 300 Pieces Worldwide NEW F/J,599.99,84.0,False,USD,New with box and papers,https://www.ebay.com/itm/377138144358?_skw=zoids&hash=item57cf2f6466:g:PaYAAeSw2DJqjv2y&amdata=enc%3AAQALAAAA4ACCtXRWQnOEpyOqnQQ8KGb9Oj25jYAQ4pK7dB94vCx3tfl672GWSHHZoLwj1W5At3RTkZIh2TWkQEIgknBkXY%2BvkqRdZ83UC1O%2FuP3p%2BhWCrTfTdvK72Y3sVJ%2F%2BIR1tfcDgbd2zrdqET0idoMOPOq1TvYWTHXH702qCMIQThXxvnVLde7Hk2IT82RuIRhYrzyYBOG8FHYDdTmNP4q%2BX33XRb3rGrVsYWyHL9kKN8hQwc%2B47obydzdwrGf9FzV%2B%2FAqUM9NFaNIgK0frs9Mn4aKn65OBDYrxxRzJaGVDn5GgG,https://i.ebayimg.com/images/g/PaYAAeSw2DJqjv2y/s-l225.jpg
zoid,other,eBay,marketplace,us,SEALED BAGS Zoids Elephander Motorized Model Kit Action figure 1/72 scale,149.0,0.0,False,USD,Used,https://www.ebay.com/itm/147536167848?_skw=zoids&hash=item2259d743a8:g:kAQAAeSwmOBqk0jv&amdata=enc%3AAQALAAAA4ACCtXRWQnOEpyOqnQQ8KGa45KnzkpHh9NUGy62ZdaKaW2GPQTn2g99iimS5O9xkshCItMbg%2BQnFiRzW8ni1SmrNUn8NAicqs%2Fe4EwHR94aSH7Gk2bpKxYOdxaCxvX3YA1ooyah%2FTe5%2B1DjVZjGYQsrg7Lx2ZWLqLpZ3cj%2F1qPHHyIQiWOCMJ2dTDuHYUoZqRmxXkGL5L1tSwcPeAbJgyjJ7M20uNdOrEgJUjWpLxsBnksxs1s7faePx7Jjiy5e5R6bnOGcZW2obJjP8kFkdocehZo7zHa4FUViPuOQpybr7,https://i.ebayimg.com/images/g/kAQAAeSwmOBqk0jv/s-l225.jpg
zoid,model_kit,eBay,marketplace,us,2002 Zoids Metalrhimos #157 Hasbro 1:72 With BOX,19.99,0.0,False,USD,Used,https://www.ebay.com/itm/136704625158?_skw=zoids&hash=item1fd43b0a06:g:jSMAAeSw9QppColF,https://i.ebayimg.com/images/g/jSMAAeSw9QppColF/s-l225.jpg
zoid,other,eBay,marketplace,us,Hasbro ZOIDS Z-Builders 1/72 Dimetra Ptera BZ-106 2003 NEW damged Box,49.95,7.95,False,USD,New,https://www.ebay.com/itm/267785581690?_skw=zoids&hash=item3e5943b47a:g:~QwAAeSwcBxqqJ-N,https://i.ebayimg.com/images/g/~QwAAeSwcBxqqJ-N/s-l225.jpg
zoid,other,eBay,marketplace,international,1988 Tomy Zoids R24-6 Neptune Alligator Type 1/24 MIB 100% Vintage Republic Mint,101.24,,False,USD,New,https://www.ebay.com/itm/287621446371?_skw=zoids&hash=item42f792fae3:g:hrAAAeSwY8Fpzgp0,https://i.ebayimg.com/images/g/hrAAAeSwY8Fpzgp0/s-l225.jpg
zoid,model_kit,eBay,marketplace,us,"ZOIDS Blox - MATRIX DRAGON FZ-019 (Unassembled, Complete) Tomy 2004 US seller",250.0,,False,USD,Used,https://www.ebay.com/itm/287624832545?_skw=zoids&hash=item42f7c6a621:g:28wAAeSwD-lqXphI,https://i.ebayimg.com/images/g/28wAAeSwD-lqXphI/s-l225.jpg
zoid,other,eBay,marketplace,us,"ZOIDS Sea Striker #032 Bio-Mechanical Ray (2003, Hasbro) Unused",26.95,0.0,False,USD,New,https://www.ebay.com/itm/298571117117?_skw=zoids&hash=item458439b23d:g:ahMAAeSwUIlqZQLG,https://i.ebayimg.com/images/g/ahMAAeSwUIlqZQLG/s-l225.jpg
zoid,model_kit,eBay,marketplace,us,TOMY Zoids RoboStrux - Lot Of 12 Rubber Caps On Sprue Original,9.99,,True,USD,New,https://www.ebay.com/itm/267227731964?_skw=zoids&hash=item3e380397fc:g:AXoAAeSweBRoBmm4,https://i.ebayimg.com/images/g/AXoAAeSweBRoBmm4/s-l225.jpg
zoid,other,eBay,marketplace,us,Brand New Cartoon Network Zoids Vol. 3: The Coliseum Battle VHS w/ Sticker,75.0,,False,USD,Brand New,https://www.ebay.com/itm/137719923391?_skw=zoids&hash=item2010bf42bf:g:0wAAAeSwi4NqohGK&amdata=enc%3AAQALAAAA4ACCtXRWQnOEpyOqnQQ8KGYxYkeiWL6ZtODApv%2BBoW3yYMFGaQi2gDHBx9QhVf84neNvQbszziKBCt4mOpejr7Ok0Kpho3AFCjbVh7OTzMbAfnOHVKVAKKvArsZb79dJYDejTMxt49f8Agq6BGJAn1lLfIGI%2Bh3eKqve%2B0IOpd7IzokGN8%2FNVyEVvQclIoRPefsHM8v0YleZdJA8MyvCbrhvLFDbGP7k2PleyRcxGEG4cRvQBb3pwXS0ap3IH%2FonPqqwhzmxvFKnKNkg%2Fi8tq6%2BTGgtBf2CbGyvC1GzhQYvR,https://i.ebayimg.com/images/g/0wAAAeSwi4NqohGK/s-l225.jpg
zoid,model_kit,eBay,marketplace,us,Zoids New Century Zero Anime Complete Serie Episodes 1-26 English Audio,24.99,0.0,False,USD,,https://www.ebay.com/itm/374024991754?_skw=zoids&hash=item5715a0740a:g:YjoAAOSwtKhhVL1D&amdata=enc%3AAQALAAAA4ACCtXRWQnOEpyOqnQQ8KGZhot5wSWKsUzouLqMAUQKdzSapo0GidjwZqL%2B6AGVLcY0IpRMDVjxpHWyIyh9Qt%2BrRrxjnqxR6iWaRg5kwHVyYrgPSlgO8VqsRTvA10GnPnmEHI5WvVXdiS5243j3fpl2nFaS%2BItBhXBQ4SeRHuyhxf4IHK9KkHi1O%2FM5VisReyGR0bVFWIM5M5acQ9i9hftwFCI9aGHA7KPtp94wzVDVrDKLEb%2BXON0gvje1Ob9God4HBjsoboC%2BoOhdw2yLXFhhH7xI4GLkiRg5Ix47xEisI,https://i.ebayimg.com/images/g/YjoAAOSwtKhhVL1D/s-l225.jpg
zoid,other,eBay,marketplace,us,Tomy Zoids RZ-067 Arosaurer (Arosaurus republic side type 1/72 Plastic model new,50.0,9.95,False,USD,New,https://www.ebay.com/itm/157593569267?_skw=zoids&hash=item24b14f07f3:g:~BoAAeSwk89pXAqi,https://i.ebayimg.com/images/g/~BoAAeSwk89pXAqi/s-l225.jpg
zoid,other,eBay,marketplace,us,"ZOIDS Command Wolf Robot Action Figure 2002 Tomy Hasbro 5.5"" Incomplete",14.45,4.0,False,USD,Used,https://www.ebay.com/itm/407077718393?_skw=zoids&hash=item5ec7b90979:g:WfMAAeSwFcFqMgf9,https://i.ebayimg.com/images/g/WfMAAeSwFcFqMgf9/s-l225.jpg
zoid,model_kit,eBay,marketplace,international,Zoids 1/72 Liger Zero Blu-ray Box Limited Ver Kotobukiya Japan Model Kit New,220.55,45.0,False,USD,New,https://www.ebay.com/itm/376216535048?_skw=zoids&hash=item579840c008:g:OfIAAOSwZ9xoFL3G,https://i.ebayimg.com/images/g/OfIAAOSwZ9xoFL3G/s-l225.jpg
zoid,other,eBay,marketplace,us,Zoids Shield Liger & Gustav Action Figure Model Kit #025 1/72 Scale Incomplete,29.99,10.0,False,USD,Used,https://www.ebay.com/itm/206583994162?_skw=zoids&hash=item30195d9732:g:Y1oAAeSwVM5o~p9P,https://i.ebayimg.com/images/g/Y1oAAeSwVM5o~p9P/s-l225.jpg
zoid,other,eBay,marketplace,us,Vintage 1980s TOMY ZOIDS EHI-1 WARDICK Fish Type / OJR / Assembled / Non Working,174.99,,False,USD,Used,https://www.ebay.com/itm/278427265261?_skw=zoids&hash=item40d38ee8ed:g:HZQAAeSw52lqphaR,https://i.ebayimg.com/images/g/HZQAAeSw52lqphaR/s-l225.jpg
zoid,model_kit,eBay,marketplace,us,Vintage Tomy Zoids Mammoth Type 1/72 Model Kit Motorized Working Box Front Cover,139.95,,False,USD,Used,https://www.ebay.com/itm/318760179281?_skw=zoids&hash=item4a37965651:g:SHgAAeSwXm5qg1Ec,https://i.ebayimg.com/images/g/SHgAAeSwXm5qg1Ec/s-l225.jpg
zoid,model_kit,eBay,marketplace,us,Zoids HMM028 RZ-014 Godos Marking Plus ver. 1/72 model kit Kotobukiya,64.99,0.0,False,USD,New,https://www.ebay.com/itm/366707432474?_skw=zoids&hash=item5561775c1a:g:uXQAAOSwpWpibHaS,https://i.ebayimg.com/images/g/uXQAAOSwpWpibHaS/s-l225.jpg
zoid,other,eBay,marketplace,us,Hasbro Zoids Deluxe Action Figures Dark Horn Rhino Plastic 2002 Age 4+,55.0,,False,USD,New,https://www.ebay.com/itm/318769401807?_skw=zoids&hash=item4a38230fcf:g:gIQAAeSwHk1qPhuR,https://i.ebayimg.com/images/g/gIQAAeSwHk1qPhuR/s-l225.jpg
zoid,other,eBay,marketplace,us,ZOIDS Gordosaur #008 Hasbro Motorized Model Kit NIB Sealed Vintage 2001,199.99,0.0,False,USD,New,https://www.ebay.com/itm/307151485378?_skw=zoids&hash=item4783a7b9c2:g:FwwAAeSwva1qkeY3&amdata=enc%3AAQALAAAA4ACCtXRWQnOEpyOqnQQ8KGaxJwrw8qetuc6ZpE2g5FnM2SZ2q0lSMOE89tRShjMnIwH3SKw%2BoW4HszPaeZutj2tF5E3gvjoutIdrdIjCGfmST26%2FJ1Zdt6bjfBDQuogFn%2BlSpfs113TS9wS%2BsKPr%2FoGCYXDXRocmx%2FqoTw0YDCliPBXG%2FpUMqx%2BepAK2%2Be14FSZFmJHD%2FW0yImu4HpWXM4tNub7kfynfhQpRT4V6sRrQ6tttbu18E%2BthFFPYkPPm9esIcaM8TN1SQSfuUKgKaeIQam7CwNa7WEnHzykzSQ6Z,https://i.ebayimg.com/images/g/FwwAAeSwva1qkeY3/s-l225.jpg
zoid,model_kit,eBay,marketplace,us,Zoids Wild Anime Series English Dubbed Episodes 1-50,29.99,0.0,False,USD,,https://www.ebay.com/itm/374077775175?_skw=zoids&hash=item5718c5dd47:g:VeIAAOSwTCNigTT3&amdata=enc%3AAQALAAAA4ACCtXRWQnOEpyOqnQQ8KGaXLtrAZ8o%2FZBRja5FH0rqhnZ7LVeIikah7nf3CpvZGdRHw5yCzpuOSDS6cOKKsKkEpl%2BxvEKIlRo5sksCzvAiHMaMKsRQAnW2QxiIOmafjGm0o9W35HaEFe5z%2BwVQqwHG677lf7GLNzBKEPoGGvaSVYq1AJRPfROh9n7ICZmMIOB7YYAPtZZx5FuS%2FiuiLNfE%2BgT5RJhfc3Sls5JFK0xG24c2%2FCwArqqS3DQw8LRAfF8LddyuDjgbcdJoX%2F%2BJfp2Zntu8CAsJpDeFehf%2FaJ2dz,https://i.ebayimg.com/images/g/VeIAAOSwTCNigTT3/s-l225.jpg
zoid,model_kit,Plaza Japan,retailer,,Takara Tomy 1/72 ZOIDS AZ-02 LIGER ZERO,139.57,,,USD,New,https://www.plazajapan.com/4904810227557,https://cdn11.bigcommerce.com/s-89ffd/products/126767/images/447750/4904810227557_39d1a1481a173689c89a3a0214e58966__96493.1675906267.350.350.jpg?c=2
zoid,model_kit,Plaza Japan,retailer,,Kotobukiya HMM ZOIDS 1/72 Dark Horn Harry Special 2001 Re/color Plastic Model,69.26,,,USD,New,https://www.plazajapan.com/4934054086955,https://cdn11.bigcommerce.com/s-89ffd/products/211590/images/974069/4934054086955_ccf7035a5e0cb0a52767178b45f4f611__20948.1783048740.350.350.jpg?c=2
zoid,model_kit,Plaza Japan,retailer,,Kotobukiya HMM ZOIDS 1/72 EZ-049 Sturm Tyrann Plastic Model,135.46,,,USD,New,https://www.plazajapan.com/4934054055586,https://cdn11.bigcommerce.com/s-89ffd/products/129054/images/458187/4934054055586_d65249acc2eaa9c631f7a81b4181438a__03580.1680591380.350.350.jpg?c=2
zoid,model_kit,Plaza Japan,retailer,,Kotobukiya HMM ZOIDS 1/72 RZ-029 Storm Sworder Plastic Model,82.03,,,USD,New,https://www.plazajapan.com/4934054108114,https://cdn11.bigcommerce.com/s-89ffd/products/185883/images/824700/4934054108114-1__96898.1759384716.350.350.jpg?c=2
zoid,model_kit,Plaza Japan,retailer,,Kotobukiya HMM ZOIDS 1/72 RZ-041 Liger Zero Schneider Marking Plus Ver. Plastic Model,43.69,,,USD,New,https://www.plazajapan.com/4934054073733,https://cdn11.bigcommerce.com/s-89ffd/products/170321/images/717532/4934054073733_13492b3cccf132265d2288afe39aa604__83845.1739937567.350.350.jpg?c=2
zoid,model_kit,Plaza Japan,retailer,,Takara Tomy Zoids AZ-15 Psycho Geno Saurer Plastic Model,121.49,,,USD,New,https://www.plazajapan.com/4904810070696,https://cdn11.bigcommerce.com/s-89ffd/products/196910/images/895214/takara-tomy-zoids-az-15-psycho-geno-saurer-plastic-model__26543.1771466604.350.350.jpg?c=2
zoid,model_kit,Plaza Japan,retailer,,Kotobukiya HMM Zoids 1/72 EZ-054 Liger Zero X Plastic Model,82.03,,,USD,New,https://www.plazajapan.com/4934054109180,https://cdn11.bigcommerce.com/s-89ffd/products/95125/images/348400/4934054109180_21bbcec4015c514783ce0a63152364d4__56698.1640067081.350.350.jpg?c=2
zoid,model_kit,Plaza Japan,retailer,,Kotobukiya HMM ZOIDS 1/72 EZ-036 Death Stinger ZS Plastic Model,161.13,,,USD,New,https://www.plazajapan.com/4934054033232,https://cdn11.bigcommerce.com/s-89ffd/products/86057/images/317652/033232-1__03915.1626769900.350.350.jpg?c=2
zoid,model_kit,Plaza Japan,retailer,,Takara Tomy Spider Zoids Spider-Man Special,31.98,,,USD,New,https://www.plazajapan.com/4904810948551,https://cdn11.bigcommerce.com/s-89ffd/products/161132/images/651822/takara-tomy-spider-zoids-spider-man-special__32905.1737464286.350.350.jpg?c=2
zoid,model_kit,Plaza Japan,retailer,,Takara Tomy SYNERGENEX MONSTER HUNTER X ZOIDS WILD LIGER STYGIAN ZINOGRE PLASTIC MODEL,48.69,,,USD,New,https://www.plazajapan.com/4904810070979,https://cdn11.bigcommerce.com/s-89ffd/products/213712/images/990199/takara-tomy-synergenex-monster-hunter-x-zoids-wild-liger-stygian-zinogre-plastic-model__86907.1784354264.350.350.jpg?c=2
zoid,model_kit,Plaza Japan,retailer,,Kotobukiya HMM Zoids 1/72 RZ-053 Konig Wolf Plastic Model,131.52,,,USD,New,https://www.plazajapan.com/4934054003846,https://cdn11.bigcommerce.com/s-89ffd/products/125947/images/529764/4934054003846_d5410c45e0a0a57e381db3c06399fc8c__44500.1712720401.350.350.jpg?c=2
zoid,model_kit,Plaza Japan,retailer,,Takara Tomy Murasame Liger Plastic Model(Zoids),90.42,,,USD,New,https://www.plazajapan.com/4904810227564,https://cdn11.bigcommerce.com/s-89ffd/products/132160/images/471086/4904810227564_98c5d56568152aaf6392a6764f2ce834__83839.1686801010.350.350.jpg?c=2
zoid,model_kit,Plaza Japan,retailer,,Takara Tomy 1/100 Realize Model Zoids RMZ-015 Saber Tiger Raven Special Tiger Type,46.99,,,USD,New,https://www.plazajapan.com/4904810092537,https://cdn11.bigcommerce.com/s-89ffd/products/209282/images/965004/4904810092537_7086bd78aa8d1c8e314ed0f3e2b6c9c3__07460.1782106390.350.350.jpg?c=2
zoid,model_kit,Plaza Japan,retailer,,Takara Tomy 1/100 RMZ Realize Model ZOIDS Blade Liger Plastic Model,42.58,,,USD,New,https://www.plazajapan.com/4904810918752,https://cdn11.bigcommerce.com/s-89ffd/products/152772/images/662334/takara-tomy-1100-rmz-realize-model-zoids-blade-liger-plastic-model__46738.1737710602.350.350.jpg?c=2
zoid,model_kit,Plaza Japan,retailer,,Kotobukiya Zoids D-Style Shield Liger [Clear Parts Append] Plastic Model,21.7,,,USD,New,https://www.plazajapan.com/4934054086894,https://cdn11.bigcommerce.com/s-89ffd/products/203337/images/923631/kotobukiya-zoids-d-style-shield-liger-clear-parts-append-plastic-model__33403.1776480327.350.350.jpg?c=2
zoid,model_kit,Plaza Japan,retailer,,Kotobukiya HMM ZOIDS 1/72 EZ-016 Saber Tiger Marking Plus Ver. Plastic Model,102.75,,,USD,New,https://www.plazajapan.com/4934054014460,https://cdn11.bigcommerce.com/s-89ffd/products/81608/images/466907/4934054014460_2d97712e8f6aa66c9ea8867a02c4bbf1__73618.1684992657.350.350.jpg?c=2
zoid,model_kit,Plaza Japan,retailer,,Kotobukiya HMM ZOIDS 1/72 EZ-035 Lightning Saix Marking Plus Ver. Plastic Model,65.59,,,USD,New,https://www.plazajapan.com/4934054023134,https://cdn11.bigcommerce.com/s-89ffd/products/96303/images/320171/4934054023134_a9826daf3388df4db6f27f5b0a52d098__20349.1627962827.350.350.jpg?c=2
zoid,model_kit,Plaza Japan,retailer,,Kotobukiya HMM ZOIDS 1/72 RZ-009 Command Wolf AC & LC Marking Plus Ver. Plastic Model,81.76,,,USD,New,https://www.plazajapan.com/4934054063529,https://cdn11.bigcommerce.com/s-89ffd/products/164750/images/623842/kotobukiya-hmm-zoids-172-rz-009-command-wolf-ac-and-lc-marking-plus-ver-plastic-model__16304.1737072250.350.350.jpg?c=2
zoid,model_kit,Plaza Japan,retailer,,1/100 Realize Model Zoids RMZ-017 Command Wolf Urban Warfare Special Wolf Type,44.19,,,USD,New,https://www.plazajapan.com/4904810918776,https://cdn11.bigcommerce.com/s-89ffd/products/209552/images/966472/4904810918776_6748317ede83707a6f355814a2fd3290__01486.1782370254.350.350.jpg?c=2
zoid,model_kit,Plaza Japan,retailer,,Bandai Chogokin RZ-041 Liger Zero Figure (ZOIDS),276.95,,,USD,New,https://www.plazajapan.com/4573102640734,https://cdn11.bigcommerce.com/s-89ffd/products/123141/images/430887/4573102640734_930b100fb236685bb724d102e83e84cc__28319.1669107622.350.350.jpg?c=2
zoid,model_kit,Plaza Japan,retailer,,Kotobukiya HMM ZOIDS 1/72 RZ-028 Blade Liger AB Plastic Model,42.62,,,USD,New,https://www.plazajapan.com/4934054073740,https://cdn11.bigcommerce.com/s-89ffd/products/170336/images/717555/4934054073740_2caed7cd7394f8f2f6cc70ce3d83273a__91386.1739940441.350.350.jpg?c=2
zoid,model_kit,Plaza Japan,retailer,,Zoids Hunter Wolf Tokyo Metropolitan Police Specification,40.52,,,USD,New,https://www.plazajapan.com/4904810919100,https://cdn11.bigcommerce.com/s-89ffd/products/213486/images/987955/takara-tomy-zoids-hunter-wolf-tokyo-metropolitan-police-specification__18689.1784350664.350.350.jpg?c=2
zoid,model_kit,Plaza Japan,retailer,,Kotobukiya Zoids D-Style Command Wolf Irvine [Clear Parts Append] Plastic Model,21.92,,,USD,New,https://www.plazajapan.com/4934054086900,https://cdn11.bigcommerce.com/s-89ffd/products/204090/images/928844/4934054086900_f6a3ea1997753ab4c6304a825216bd09__94146.1777268154.350.350.jpg?c=2
zoid,model_kit,Plaza Japan,retailer,,Kotobukiya ZA001 Zoids ZA Murasame Liger 1/100 Action Figure 4934054106370,73.81,,,USD,New,https://www.plazajapan.com/4934054106370,https://cdn11.bigcommerce.com/s-89ffd/products/11143/images/49248/4934054106370_b__39529.1636591775.350.350.jpg?c=2
zoid,model_kit,Plaza Japan,retailer,,Kotobukiya ZA003 Zoids ZA Hayate Liger 1/100 Action Figure 4934054107414,125.6,,,USD,New,https://www.plazajapan.com/4934054107414,https://cdn11.bigcommerce.com/s-89ffd/products/11144/images/338992/4934054107414_a__65248.1472779127__43476.1636591857.350.350.jpg?c=2
zoid,model_kit,Plaza Japan,retailer,,Kotobukiya ZD043 Zoids DPZ-10 Dark Horn 1/72 Scale Kit,105.21,,,USD,New,https://www.plazajapan.com/4934054103607,https://cdn11.bigcommerce.com/s-89ffd/products/17521/images/63419/4934054103607_1__20846.1479706348.350.350.jpg?c=2
zoid,model_kit,Plaza Japan,retailer,,Kotobukiya ZD061 Zoids RZ-041 Liger Zero Jager 1/72 Scale Kit,106.69,,,USD,New,https://www.plazajapan.com/4934054104420,https://cdn11.bigcommerce.com/s-89ffd/products/19701/images/192494/4934054104420-1__88873.1559024258.350.350.jpg?c=2
zoid,model_kit,Plaza Japan,retailer,,Takara Tomy ZOIDS ZW01 Wild Liger 111955,69.7,,,USD,New,https://www.plazajapan.com/4904810111955,https://cdn11.bigcommerce.com/s-89ffd/products/39404/images/146105/49048101119551__25892.1528700000.350.350.jpg?c=2
zoid,model_kit,Plaza Japan,retailer,,Takara Tomy ZOIDS ZW02 Gilraptor 972013,64.86,,,USD,New,https://www.plazajapan.com/4904810972013,https://cdn11.bigcommerce.com/s-89ffd/products/39405/images/146119/49048109720132__80276.1528700271.350.350.jpg?c=2
zoid,model_kit,Plaza Japan,retailer,,Takara Tomy ZOIDS ZW03 Kabtor 972037,31.24,,,USD,New,https://www.plazajapan.com/4904810972037,https://cdn11.bigcommerce.com/s-89ffd/products/39408/images/146120/49048109720371__65988.1528700336.350.350.jpg?c=2
zoid,model_kit,Plaza Japan,retailer,,Takara Tomy ZOIDS ZW06 Gabrigator 972051,81.38,,,USD,New,https://www.plazajapan.com/4904810972051,https://cdn11.bigcommerce.com/s-89ffd/products/39412/images/146140/49048109720511__37657.1528700879.350.350.jpg?c=2
zoid,model_kit,Plaza Japan,retailer,,Takara Tomy ZOIDS ZW07 Kuwaga 972099,20.51,,,USD,New,https://www.plazajapan.com/4904810972099,https://cdn11.bigcommerce.com/s-89ffd/products/39413/images/570097/4904810972099_7c1faf30e5bfc2356aa1b9d15aa0a38b__40868.1723104677.350.350.jpg?c=2
zoid,model_kit,Plaza Japan,retailer,,Kotobukiya ZD135 Zoids EPZ-003 Great Saber Marking Plus Ver. 1/72 Scale Kit,82.03,,,USD,New,https://www.plazajapan.com/4934054019229,https://cdn11.bigcommerce.com/s-89ffd/products/67951/images/251193/4934054019229_e16d447977e0ff140c5d6300fa1119c1__10011.1588053181.350.350.jpg?c=2
zoid,model_kit,Plaza Japan,retailer,,Kotobukiya HMM ZOIDS 1/72 Liger Zero Schneider Unit Marking Plus Ver. Plastic Model (Released),53.26,,,USD,New,https://www.plazajapan.com/4934054026883,https://cdn11.bigcommerce.com/s-89ffd/products/81612/images/293930/026883-1__50073.1615452651.350.350.jpg?c=2
zoid,model_kit,Plaza Japan,retailer,,Kotobukiya HMM ZOIDS 1/72 RMZ-27 Canon Tortoise Plastic Model,51.27,,,USD,New,https://www.plazajapan.com/4934054025251,https://cdn11.bigcommerce.com/s-89ffd/products/86058/images/318211/025251-1__82857.1627287817.350.350.jpg?c=2
zoid,model_kit,Plaza Japan,retailer,,Kotobukiya HMM ZOIDS 1/35 Fangtiger Plastic Model,96.99,,,USD,New,https://www.plazajapan.com/4934054005109,https://cdn11.bigcommerce.com/s-89ffd/products/86201/images/326358/005109-1__90830.1630481411.350.350.jpg?c=2
zoid,model_kit,Plaza Japan,retailer,,Kotobukiya HMM ZOIDS 1/72 RZ-007 Shield Liger DCS-J Plastic Model,70.53,,,USD,New,https://www.plazajapan.com/4934054014026,https://cdn11.bigcommerce.com/s-89ffd/products/88559/images/297027/4934054014026_9a30c128ec6af374c0a6de466deecc31__56984.1617674972.350.350.jpg?c=2
zoid,model_kit,Plaza Japan,retailer,,Kotobukiya HMM Zoids 1/72 EZ-027 Rev Raptor Plastic Model,57.37,,,USD,New,https://www.plazajapan.com/4934054109357,https://cdn11.bigcommerce.com/s-89ffd/products/90511/images/333047/109357-1__79270.1633663208.350.350.jpg?c=2
zoid,model_kit,Plaza Japan,retailer,,Kotobukiya HMM ZOIDS 1/72 RZ-028 Blade Liger AB Plastic Model (Released),98.64,,,USD,New,https://www.plazajapan.com/4934054014057,https://cdn11.bigcommerce.com/s-89ffd/products/92582/images/307344/4934054014057_29082f7812aa37857edefed2e7aeff4b__94106.1622688575.350.350.jpg?c=2
zoid,model_kit,Plaza Japan,retailer,,Takara Tomy Zoids Wild Burning Liger,69.87,,,USD,New,https://www.plazajapan.com/4904810156062,https://cdn11.bigcommerce.com/s-89ffd/products/92683/images/341190/156062-1__42016.1637743278.350.350.jpg?c=2
zoid,model_kit,Plaza Japan,retailer,,Kotobukiya HMM Zoids 1/72 EZ-027 Raven Raptor Plastic Model,118.18,,,USD,New,https://www.plazajapan.com/4934054109333,https://cdn11.bigcommerce.com/s-89ffd/products/93752/images/342567/4934054109333_be096dcffce5a9dc377ebe1524de2de9__83263.1638346701.350.350.jpg?c=2
zoid,model_kit,Plaza Japan,retailer,,Kotobukiya HMM Zoids 1/72 RZ-014 Godos Marking Plus Ver. Plastic Model (old),69.7,,,USD,New,https://www.plazajapan.com/4934054035618,https://cdn11.bigcommerce.com/s-89ffd/products/98829/images/352962/4934054035618_ec81b3fcab301a0825413b5ca9af8cd3__58706.1642478192.350.350.jpg?c=2
zoid,model_kit,Plaza Japan,retailer,,Kotobukiya HMM Zoids 1/72 EZ-017 Iguan Marking Plus Ver. Plastic Model,52.44,,,USD,New,https://www.plazajapan.com/4934054039081,https://cdn11.bigcommerce.com/s-89ffd/products/100500/images/375908/4934054039081_a8d8d8a5dcb912aa62c620ffefbf67ad__91951.1650873287.350.350.jpg?c=2
zoid,model_kit,Plaza Japan,retailer,,Kotobukiya HMM Zoids 1/72 RZ-030 Gun Sniper W2 Plastic Model,25.9,,,USD,New,https://www.plazajapan.com/4934054026975,https://cdn11.bigcommerce.com/s-89ffd/products/102386/images/529819/4934054062287_b3a5df217172269fb1b9e29f88c31f60__14220.1712725051.350.350.jpg?c=2
zoid,model_kit,Plaza Japan,retailer,,Kotobukiya HMM Zoids 1/72 RZ-007 Shield Liger Marking Plus Ver. Plastic Model,80.39,,,USD,New,https://www.plazajapan.com/4934054039111,https://cdn11.bigcommerce.com/s-89ffd/products/105159/images/385149/4934054039111_065f43dd051661925c793b078f84e79a__15969.1653622413.350.350.jpg?c=2
zoid,model_kit,Plaza Japan,retailer,,Kotobukiya HMM Zoids 1/72 EZ-015 Iron Kong Marking Plus Ver. Plastic Model,135.63,,,USD,New,https://www.plazajapan.com/4934054045617,https://cdn11.bigcommerce.com/s-89ffd/products/113059/images/388995/4934054045617_3688d53ab50eeea1fb38a4a40faa4dd5__58129.1655193112.350.350.jpg?c=2
zoid,model_kit,Plaza Japan,retailer,,Kotobukiya HMM ZOIDS 1/72 RZ-029 Storm Sworder Plastic Model (Reproduction),49.02,,,USD,New,https://www.plazajapan.com/4934054049721,https://cdn11.bigcommerce.com/s-89ffd/products/116769/images/406956/49340549721_ffb504eedeee333bdd11e72ed90fdd1b__30501.1661847292.350.350.jpg?c=2
zoid,model_kit,Plaza Japan,retailer,,Kotobukiya HMM ZOIDS 1/72 EZ-005 Redler Guylos Empire Type Plastic Model,59.03,,,USD,New,https://www.plazajapan.com/4934054027514,https://cdn11.bigcommerce.com/s-89ffd/products/117807/images/411172/4934054027514_55d2ffdebb8883d11aa222a66393f68d__44799.1663051380.350.350.jpg?c=2
zoid,model_kit,Plaza Japan,retailer,,Kotobukiya HMM ZOIDS 1/72 EHI-7 Reddra Zenebas Empire Type Plastic Model,63.48,,,USD,New,https://www.plazajapan.com/4934054027507,https://cdn11.bigcommerce.com/s-89ffd/products/117809/images/453424/4934054027507_e0124cd9793be42bfa0319a34886ce87__17683.1678332585.350.350.jpg?c=2
zoid,model_kit,Plaza Japan,retailer,,Kotobukiya HMM Zoids 1/72 Iron Kong Prozen Knights Plastic Model,197.11,,,USD,New,https://www.plazajapan.com/4934054050062,https://cdn11.bigcommerce.com/s-89ffd/products/118956/images/416655/4934054050062_4504a67cfe275163e70399eaf4934a7c__70223.1665039006.350.350.jpg?c=2
zoid,model_kit,Plaza Japan,retailer,,Kotobukiya HMM Zoids 1/72 Customize Parts Dual Sniper Rifle & AZ Five Launch Missile System Set Plastic Model,64.94,,,USD,New,https://www.plazajapan.com/4934054003853,https://cdn11.bigcommerce.com/s-89ffd/products/125948/images/529807/4934054003853_c8349fa7dfbf1ceeeaa2b175daa30f78__48418.1712724635.350.350.jpg?c=2
zoid,model_kit,Plaza Japan,retailer,,Kotobukiya HMM ZOIDS 1/72 Green Horn AB Plastic Model,105.21,,,USD,New,https://www.plazajapan.com/4934054043446,https://cdn11.bigcommerce.com/s-89ffd/products/130008/images/461855/4934054043446_f325cf5e04d5b8f0869ee25f7cb64ddc__33807.1682043912.350.350.jpg?c=2
zoid,model_kit,Plaza Japan,retailer,,Kotobukiya HMM ZOIDS 1/72 RZ-013 Buster Tortoise Plastic Model,70.53,,,USD,New,https://www.plazajapan.com/4934054056262,https://cdn11.bigcommerce.com/s-89ffd/products/130567/images/464183/4934054056262_451185fb238e578aa61606d9bba151f3__51443.1683015264.350.350.jpg?c=2
zoid,model_kit,Plaza Japan,retailer,,Kotobukiya HMM Zoids 1/72 EZ-004 FIRE FOX Marking Plus Ver. Plastic Model,77.92,,,USD,New,https://www.plazajapan.com/4934054058389,https://cdn11.bigcommerce.com/s-89ffd/products/136807/images/492278/4934054058389_b80842cf3946ce1f0340fbbc28f1032b__63704.1697607606.350.350.jpg?c=2
zoid,model_kit,Plaza Japan,retailer,,Kotobukiya HMM ZOIDS 1/72 RZ-002 Guysack Plastic Model,52.44,,,USD,New,https://www.plazajapan.com/4934054045655,https://cdn11.bigcommerce.com/s-89ffd/products/142350/images/515332/4934054045655_fe6d1932c2f2d2915bfd64518f49464b__57370.1707442446.350.350.jpg?c=2
zoid,model_kit,Plaza Japan,retailer,,Takara Tomy Zoids 1/72 AZ Molga Plastic Model,47.68,,,USD,New,https://www.plazajapan.com/4904810945673,https://cdn11.bigcommerce.com/s-89ffd/products/155317/images/664073/takara-tomy-zoids-172-az-molga-plastic-model__79338.1737713273.350.350.jpg?c=2
zoid,model_kit,Plaza Japan,retailer,,Kotobukiya HMM ZOIDS 1/72 DPZ-10 Dark Horn Marking Plus Ver. Plastic Model,114.26,,,USD,New,https://www.plazajapan.com/4934054063550,https://cdn11.bigcommerce.com/s-89ffd/products/163566/images/634499/kotobukiya-hmm-zoids-172-dpz-10-dark-horn-marking-plus-ver-plastic-model__75538.1737382418.350.350.jpg?c=2
zoid,model_kit,Plaza Japan,retailer,,Kotobukiya HMM ZOIDS 1/72 EHI-7 Redler Zenebus Empire Ver. Plastic Model,34.8,,,USD,New,https://www.plazajapan.com/4934054067336,https://cdn11.bigcommerce.com/s-89ffd/products/163578/images/634587/kotobukiya-hmm-zoids-172-ehi-7-redler-zenebus-empire-ver-plastic-model__82587.1737382593.350.350.jpg?c=2
zoid,model_kit,Plaza Japan,retailer,,Kotobukiya HMM ZOIDS 1/72 EZ-005 Redler Guyros Empire Ver. Plastic Model,34.8,,,USD,New,https://www.plazajapan.com/4934054067343,https://cdn11.bigcommerce.com/s-89ffd/products/163579/images/634103/kotobukiya-hmm-zoids-172-ez-005-redler-guyros-empire-ver-plastic-model__00712.1737381757.350.350.jpg?c=2
zoid,model_kit,Plaza Japan,retailer,,Kotobukiya HMM ZOIDS 1/72 RZ-014 Godos Marking Plus Ver. Plastic Model,31.32,,,USD,New,https://www.plazajapan.com/4934054062300,https://cdn11.bigcommerce.com/s-89ffd/products/163580/images/634590/kotobukiya-hmm-zoids-172-rz-014-godos-marking-plus-ver-plastic-model__84019.1737382596.350.350.jpg?c=2
zoid,model_kit,Plaza Japan,retailer,,Kotobukiya HMM ZOIDS 1/72: RZ-007 Shield Liger - DCS-J Plastic Model,39.39,,,USD,New,https://www.plazajapan.com/4934054073702,https://cdn11.bigcommerce.com/s-89ffd/products/169263/images/714098/kotobukiya-hmm-zoids-172-rz-007-shield-liger-dcs-j-plastic-model__99267.1739869683.350.350.jpg?c=2
zoid,model_kit,Plaza Japan,retailer,,Kotobukiya HMM ZOIDS 1/72 LIGER ZERO JAGER UNIT MARKING PLUS Version Plastic Model,20.25,,,USD,New,https://www.plazajapan.com/4934054073719,https://cdn11.bigcommerce.com/s-89ffd/products/169283/images/718602/4934054073719_731b071386d2bc3cc64eabbf24594166__86689.1740462818.350.350.jpg?c=2
zoid,model_kit,Plaza Japan,retailer,,Takara Tomy Zoids AZ-06 Liger Zero Phoenix,147.99,,,USD,New,https://www.plazajapan.com/4904810918844,https://cdn11.bigcommerce.com/s-89ffd/products/169454/images/715971/takara-tomy-zoids-az-06-liger-zero-phoenix__98875.1739872698.350.350.jpg?c=2
zoid,model_kit,Plaza Japan,retailer,,Kotobukiya HMM ZOIDS 1/72 Liger Zero Schneider Unit Marking Plus Ver. Plastic Model,20.25,,,USD,New,https://www.plazajapan.com/4934054073726,https://cdn11.bigcommerce.com/s-89ffd/products/170337/images/717573/4934054073726_1e8fcec2bef1d1292f3fb6892d3dc5df__72009.1739940989.350.350.jpg?c=2
zoid,model_kit,Plaza Japan,retailer,,Kotobukiya HMM Zoids 1/72 EPZ-003 Greatsaber Marking Plus Ver. Plastic Model,42.62,,,USD,New,https://www.plazajapan.com/4934054073917,https://cdn11.bigcommerce.com/s-89ffd/products/176668/images/761995/4934054073917_c31cc81754fbe18c7806440d559629c4__96666.1747977861.350.350.jpg?c=2
zoid,model_kit,Plaza Japan,retailer,,Kotobukiya HMM Zoids RZ-045 Salamander 1/72 Plastic Model,258.1,,,USD,New,https://www.plazajapan.com/4934054047789,https://cdn11.bigcommerce.com/s-89ffd/products/181199/images/803535/kotobukiya-hmm-zoids-rz-045-salamander-172-plastic-model__94341.1755491825.350.350.jpg?c=2
zoid,model_kit,Plaza Japan,retailer,,Takara Tomy Zoids Cannontoise,35.33,,,USD,New,https://www.plazajapan.com/4904810973126,https://cdn11.bigcommerce.com/s-89ffd/products/186274/images/826797/4904810973126-1__44712.1759737242.350.350.jpg?c=2
zoid,model_kit,Plaza Japan,retailer,,Kotobukiya 1/72 Zoids GUN SNIPER Leena Special 2001 Re/color Plastic Model,33.03,,,USD,New,https://www.plazajapan.com/4934054081394,https://cdn11.bigcommerce.com/s-89ffd/products/189469/images/852233/kotobukiya-172-zoids-gun-sniper-leena-special-2001-recolor-plastic-model__88967.1763451195.350.350.jpg?c=2
zoid,model_kit,Plaza Japan,retailer,,Kotobukiya HMM ZOIDS 1/72 Iron Kong (Schwarz Ver.) Plastic Model,116.54,,,USD,New,https://www.plazajapan.com/4934054081493,https://cdn11.bigcommerce.com/s-89ffd/products/196330/images/896016/kotobukiya-hmm-zoids-172-iron-kong-schwarz-ver-plastic-model__91843.1771467945.350.350.jpg?c=2
zoid,model_kit,Plaza Japan,retailer,,Takara Tomy Zoids AZ-14 Liger Zero Ixis Plastic Model,103.57,,,USD,New,https://www.plazajapan.com/4904810096832,https://cdn11.bigcommerce.com/s-89ffd/products/196907/images/892241/takara-tomy-zoids-az-14-liger-zero-ixis-plastic-model__04624.1771462015.350.350.jpg?c=2
zoid,model_kit,Plaza Japan,retailer,,Takara Tomy ZOIDS Wild Liger Zinogre Plastic Model,48.69,,,USD,New,https://www.plazajapan.com/4904810083719,https://cdn11.bigcommerce.com/s-89ffd/products/213798/images/989537/takara-tomy-zoids-wild-liger-zinogre-plastic-model__26061.1784353147.350.350.jpg?c=2
zoid,model_kit,Plaza Japan,retailer,,Takara Tomy Zoids Fangriffon Plastic Model,54.22,,,USD,New,https://www.plazajapan.com/4904810095651,https://cdn11.bigcommerce.com/s-89ffd/products/216842/images/1004072/takara-tomy-zoids-fangriffon-plastic-model__87905.1787031262.350.350.jpg?c=2
zoid,model_kit,Plaza Japan,retailer,,Takara Tomy ZW10 Zoids Wild Knuckle Kong,32.87,,,USD,New,https://www.plazajapan.com/4904810972075,https://cdn11.bigcommerce.com/s-89ffd/products/58859/images/193727/4904810972075_5c469f4a08717fd02c4d3dd4c44959cc__88338.1559299631.350.350.jpg?c=2
zoid,model_kit,Plaza Japan,retailer,,Takara Tomy ZW44 Zoids Wild Zero Grizis,162.75,,,USD,New,https://www.plazajapan.com/4904810140955,https://cdn11.bigcommerce.com/s-89ffd/products/92682/images/307889/4904810140955_98ea50e9a5c9b06c07a461eaa0ef091a__58272.1622778052.350.350.jpg?c=2
zoid,model_kit,Plaza Japan,retailer,,Takara Tomy ZW53 Zoids Wild Core Drive Weapon Ignition Booster,10.12,,,USD,New,https://www.plazajapan.com/4904810154037,https://cdn11.bigcommerce.com/s-89ffd/products/92685/images/307904/4904810154037_38d6458385a8a9ca5d0125158eb15a90__60876.1622778147.350.350.jpg?c=2
zoid,model_kit,Plaza Japan,retailer,,Takara Tomy ZW56 Zoids Wild Core Drive Weapon Twin Pile Bunker,10.75,,,USD,New,https://www.plazajapan.com/4904810154044,https://cdn11.bigcommerce.com/s-89ffd/products/92688/images/307915/4904810154044_8b053282bec068e24d92a71d8744ce68__64120.1622778201.350.350.jpg?c=2
zoid,model_kit,Plaza Japan,retailer,,Takara Tomy 1/72 ZOIDS AZ-01 Blade Liger,97.41,,,USD,New,https://www.plazajapan.com/4904810227540,https://cdn11.bigcommerce.com/s-89ffd/products/136333/images/490503/4904810227540_06de4b147759de916a8b10cb018c0542__80637.1696495785.350.350.jpg?c=2
zoid,model_kit,Plaza Japan,retailer,,Takara Tomy Spider Zoids Black Spider-Man Special,31.24,,,USD,New,https://www.plazajapan.com/4904810955962,https://cdn11.bigcommerce.com/s-89ffd/products/161133/images/638275/takara-tomy-spider-zoids-black-spider-man-special__00376.1737442964.350.350.jpg?c=2
zoid,model_kit,Plaza Japan,retailer,,Kotobukiya 1/72 HMM Zoids RZ-041 Liger Zero Panzer Marking Plus Ver. Plastic Model,88.61,,,USD,New,https://www.plazajapan.com/4934054073900,https://cdn11.bigcommerce.com/s-89ffd/products/173125/images/741166/kotobukiya-172-hmm-zoids-rz-041-liger-zero-panzer-marking-plus-ver-plastic-model__00218.1745019868.350.350.jpg?c=2
zoid,model_kit,Plaza Japan,retailer,,Kotobukiya 1/72 HMM Zoids EZ-054 Liger Zero X Plastic Model,89.41,,,USD,New,https://www.plazajapan.com/4934054073924,https://cdn11.bigcommerce.com/s-89ffd/products/175159/images/748700/4934054073924_240054ce4f23bf61223fa3c2247a74ef__51889.1746088571.350.350.jpg?c=2
zoid,model_kit,Plaza Japan,retailer,,Kotobukiya 1/72 HMM Zoids RZ-013 Cannon Tortoise Marking Plus Ver. Plastic Model,90.91,,,USD,New,https://www.plazajapan.com/4934054070589,https://cdn11.bigcommerce.com/s-89ffd/products/175160/images/748669/4934054070589_4cc9b209d7bb8ce1e0494c33b8ca7a35__25837.1746088501.350.350.jpg?c=2
zoid,model_kit,Plaza Japan,retailer,,Takara Tomy 1/72 Zoids AZ-13 Canory Molga Insect Type Plastic Model,38.25,,,USD,New,https://www.plazajapan.com/4904810096849,https://cdn11.bigcommerce.com/s-89ffd/products/209215/images/964859/4904810096849_0dd0fbe78f6eb79a6b3bf7a9f296ebde__78980.1781851641.350.350.jpg?c=2
zoid,model_kit,Plaza Japan,retailer,,Takara Tomy Realize Model ZOIDS RMZ-004 Hell Cat Guylos Color,25.65,,,USD,New,https://www.plazajapan.com/4904810939702,https://cdn11.bigcommerce.com/s-89ffd/products/161134/images/653173/takara-tomy-realize-rmz-004-hell-cat-guylos-color__04771.1737466444.350.350.jpg?c=2
zoid,model_kit,Plaza Japan,retailer,,Takara Tomy Realize Model ZOIDS RMZ-005 Molga Guylos Color,21.95,,,USD,New,https://www.plazajapan.com/4904810939733,https://cdn11.bigcommerce.com/s-89ffd/products/161135/images/656451/takara-tomy-realize-rmz-005-molga-guylos-color__59683.1737471708.350.350.jpg?c=2
zoid,model_kit,Plaza Japan,retailer,,Takara Tomy T-Spark Zoids AZ-16 Liger Zero Jaeger Pre Colored Plastic Kit,105.13,,,USD,New,https://www.plazajapan.com/4904810073772,https://cdn11.bigcommerce.com/s-89ffd/products/204619/images/938925/takara-tomy-t-spark-zoids-az-16-liger-zero-jaeger-pre-colored-plastic-kit__39034.1779076354.350.350.jpg?c=2
zoid,model_kit,Plaza Japan,retailer,,Takara Tomy 1/72 Scale ZOIDS AZ-18 Godos Plastic Model,42.16,,,USD,New,https://www.plazajapan.com/4904810058625,https://cdn11.bigcommerce.com/s-89ffd/products/219463/images/1027641/4904810058625_c135e69b3a5ee192fd5b6ff3ea58ff4b__75920.1790997059.350.350.jpg?c=2
zoid,model_kit,Plaza Japan,retailer,,Takara Tomy Monster Hunter x Zoids Gatling Fox Mitsune,46.03,,,USD,New,https://www.plazajapan.com/4904810995203,https://cdn11.bigcommerce.com/s-89ffd/products/174542/images/745630/4904810995203_6a8653eb5a57269a44c257f6246bf920__40558.1745388023.350.350.jpg?c=2
zoid,model_kit,Plaza Japan,retailer,,Takara Tomy Monster Hunter x Zoids Knuckle Kong Rajang,26.88,,,USD,New,https://www.plazajapan.com/4904810995197,https://cdn11.bigcommerce.com/s-89ffd/products/174543/images/745639/4904810995197_893e31a471c772095c38d74050e48b46__76712.1745388112.350.350.jpg?c=2
zoid,model_kit,Plaza Japan,retailer,,Takara Tomy 1/100 Scale ZOIDS Realize RMZ-006 Saber Tiger Schubaltz Special Plastic Model,36.14,,,USD,New,https://www.plazajapan.com/4904810939719,https://cdn11.bigcommerce.com/s-89ffd/products/219438/images/1027453/4904810939719_14178bc350bfc9b49ed5f2e8a8c81032__69448.1790996807.350.350.jpg?c=2
zoid,model_kit,Plaza Japan,retailer,,Takara Tomy 1/100 Scale ZOIDS Realize RMZ-027 Dibison Thoma Ver. Plastic Model,36.14,,,USD,New,https://www.plazajapan.com/4904810092599,https://cdn11.bigcommerce.com/s-89ffd/products/219468/images/1027677/4904810092599_29daf2e1674862e650c4e6de5664e279__22360.1790997107.350.350.jpg?c=2
zoid,model_kit,Plaza Japan,retailer,,Takara Tomy 1/100 Realize Model ZOIDS RMZ-007 Trinity Liger Figure,36.14,,,USD,New,https://www.plazajapan.com/4904810939689,https://cdn11.bigcommerce.com/s-89ffd/products/167619/images/622063/takara-tomy-1100-scale-realize-rmz-007-trinity-liger-figure__35145.1737069379.350.350.jpg?c=2
zoid,model_kit,Plaza Japan,retailer,,Takara Tomy 1/100 Realize Model ZOIDS RMZ-008 Command Wolf Irvine Special Plastic Model,38.22,,,USD,New,https://www.plazajapan.com/4904810938866,https://cdn11.bigcommerce.com/s-89ffd/products/170426/images/718123/4904810938866_3692768eb566751e46b9a78c5e7018a0__99623.1740032176.350.350.jpg?c=2
zoid,model_kit,Plaza Japan,retailer,,Takara Tomy 1/100 Realize Model ZOIDS RMZ-019 Hellcat And Morga Zenevas Color Set Plastic Model,44.31,,,USD,New,https://www.plazajapan.com/4904810073987,https://cdn11.bigcommerce.com/s-89ffd/products/196915/images/894065/takara-tomy-1100-realize-model-zoids-rmz-019-hellcat-and-morga-zenevas-color-set-plastic-model__01045.1771464882.350.350.jpg?c=2
zoid,model_kit,Plaza Japan,retailer,,Takara Tomy 1/100 Realize Model ZOIDS RMZ-020 Zabat Plastic Model,30.28,,,USD,New,https://www.plazajapan.com/4904810086895,https://cdn11.bigcommerce.com/s-89ffd/products/196918/images/894827/takara-tomy-1100-realize-model-zoids-rmz-020-zabat-plastic-model__62410.1771466051.350.350.jpg?c=2
zoid,model_kit,Plaza Japan,retailer,,Takara Tomy T-Spark Realize Model Zoids RMZ-022 Murasame Liger Color-Separated Plastic Model Kit,51.21,,,USD,New,https://www.plazajapan.com/4904810092575,https://cdn11.bigcommerce.com/s-89ffd/products/204618/images/939149/takara-tomy-t-spark-realize-model-zoids-rmz-022-murasame-liger-color-separated-plastic-model-kit__96398.1779076639.350.350.jpg?c=2
zoid,model_kit,Plaza Japan,retailer,,Takara Tomy T-Spark Realize Model Zoids RMZ-021 Shield Liger Mark II 1/100 Scale Pre-Colored Plastic Model Kit,51.91,,,USD,New,https://www.plazajapan.com/4904810918790,https://cdn11.bigcommerce.com/s-89ffd/products/205550/images/936814/4904810918790_35bf0ac979bf4197ca635fd5fecabbda__96440.1779064809.350.350.jpg?c=2
zoid,model_kit,Plaza Japan,retailer,,Takara Tomy T-Spark Realize Model Zoids RMZ-012 Hellcat Tirol 1/100 Scale Color-Separated Plastic Model Kit,36.17,,,USD,New,https://www.plazajapan.com/4904810954385,https://cdn11.bigcommerce.com/s-89ffd/products/205608/images/937290/4904810954385_bd7c5da59bb285dcf06d4e595ae2976e__96741.1779068465.350.350.jpg?c=2
zoid,model_kit,Plaza Japan,retailer,,Takara Tomy 1/100 Realize Model Zoids RMZ-014 Red Horn Guylos Color Styracosaurus Type,43.79,,,USD,New,https://www.plazajapan.com/4904810939740,https://cdn11.bigcommerce.com/s-89ffd/products/209298/images/965110/4904810939740_1c571e6fec7192b5932aca398cdc8ca4__43248.1782187450.350.350.jpg?c=2
zoid,model_kit,Plaza Japan,retailer,,Takara Tomy 1/100 Realize Model Zoids RMZ-016 Blade Liger Panzer (ZBF) Lion Type,65.59,,,USD,New,https://www.plazajapan.com/4904810092544,https://cdn11.bigcommerce.com/s-89ffd/products/209355/images/965464/4904810092544_c2a8aed77598cb4f02a6dd8123802a3b__27261.1782276934.350.350.jpg?c=2
zoid,model_kit,Plaza Japan,retailer,,Takara Tomy T Spark Realize Model Zoids RMZ-013 Shield Liger Van Version Precolored,48.58,,,USD,New,https://www.plazajapan.com/4904810995524,https://cdn11.bigcommerce.com/s-89ffd/products/213581/images/987842/takara-tomy-t-spark-realize-model-zoids-rmz-013-shield-liger-van-version-precolored__18854.1784350461.350.350.jpg?c=2
zoid,model_kit,Plaza Japan,retailer,,Takara Tomy T-Spark Realize Model Zoids RMZ-025 Liger Zero Falcon (ZBF) Plastic Model,67.4,,,USD,New,https://www.plazajapan.com/4904810092551,https://cdn11.bigcommerce.com/s-89ffd/products/216717/images/1008320/takara-tomy-t-spark-realize-model-zoids-rmz-025-liger-zero-falcon-zbf-plastic-model__43045.1787037826.350.350.jpg?c=2
zoid,model_kit,Plaza Japan,retailer,,Takara Tomy 1/100 RMZ Realize Model ZOIDS Geno Saurer Plastic Model,54.25,,,USD,New,https://www.plazajapan.com/4904810939696,https://cdn11.bigcommerce.com/s-89ffd/products/152773/images/681738/takara-tomy-1100-rmz-realize-model-zoids-geno-saurer-plastic-model__53028.1737741564.350.350.jpg?c=2
zoid,model_kit,Plaza Japan,retailer,,Takara Tomy 1/100 RMZ-003 Realize Model ZOIDS Command Wolf Plastic Model,31.24,,,USD,New,https://www.plazajapan.com/4904810918769,https://cdn11.bigcommerce.com/s-89ffd/products/156052/images/650302/takara-tomy-1100-rmz-003-realize-model-zoids-command-wolf-plastic-model__11292.1737461864.350.350.jpg?c=2
zoid,model_kit,Plaza Japan,retailer,,Kotobukiya HMM Series 1/72 EZ-036 Death Stinger Plastic Model (ZOIDS),146.31,,,USD,New,https://www.plazajapan.com/4934054017843,https://cdn11.bigcommerce.com/s-89ffd/products/80243/images/267882/4934054017843_02ca997b23beca128c1ff3dbeabb5220__41670.1598576458.350.350.jpg?c=2
zoid,model_kit,Plaza Japan,retailer,,Kotobukiya HMM Series 1/72 EZ-004 RED HORN Marking Plus Ver. Plastic Model (ZOIDS),90.58,,,USD,New,https://www.plazajapan.com/4934054056910,https://cdn11.bigcommerce.com/s-89ffd/products/135013/images/484770/4934054056910_359a0a3dc030beb659c23e9e6c6a5cf4__96404.1693964223.350.350.jpg?c=2
zoid,other,Plaza Japan,retailer,,Kotobukiya ZA004 Zoids ZA Mugen Liger 1/100 Scale Action Figure,44.2,,,USD,New,https://www.plazajapan.com/4934054107728,https://cdn11.bigcommerce.com/s-89ffd/products/11145/images/338993/ZA004_a__61951.1473069451__77029.1636591913.350.350.jpg?c=2
zoid,model_kit,Plaza Japan,retailer,,Kotobukiya ZD037 Zoids EPZ-003 Great Saber 1/72 Scale Kit,37.05,,,USD,New,https://www.plazajapan.com/4934054103249,https://cdn11.bigcommerce.com/s-89ffd/products/11146/images/338994/blob__93661.1473215125__91265.1636591970.350.350.png?c=2
zoid,model_kit,Plaza Japan,retailer,,Kotobukiya ZD042 Zoids RZ-041 Liger Zero 1/72 Scale Kit,31.61,,,USD,New,https://www.plazajapan.com/4934054103515,https://cdn11.bigcommerce.com/s-89ffd/products/11147/images/338995/blob__57606.1473215259__32605.1636592039.350.350.png?c=2
zoid,model_kit,Plaza Japan,retailer,,Kotobukiya ZD048 Zoids RZ-010 Pteras Bomber Jamie Custom 1/72 Scale Kit,24.53,,,USD,New,https://www.plazajapan.com/4934054103966,https://cdn11.bigcommerce.com/s-89ffd/products/11148/images/338996/blob__09367.1473215384.1280.1280__77606.1510213587__75168.1636592115.350.350.png?c=2
zoid,model_kit,Plaza Japan,retailer,,Kotobukiya ZD052 Zoids RZ-014 Godos 1/72 Scale Kit,22.89,,,USD,New,https://www.plazajapan.com/4934054104130,https://cdn11.bigcommerce.com/s-89ffd/products/11149/images/338997/blob__46682.1473215527__92304.1510558521__00030.1636592241.350.350.png?c=2
zoid,model_kit,Plaza Japan,retailer,,Kotobukiya ZD054 Zoids Schnider Unit for Liger Zero 1/72 Scale Kit,15.24,,,USD,New,https://www.plazajapan.com/4934054104222,https://cdn11.bigcommerce.com/s-89ffd/products/11150/images/115209/blob__20587.1473215630__32125.1510209792.350.350.png?c=2
zoid,model_kit,Plaza Japan,retailer,,Kotobukiya ZD062 Zoids EZ-049 Berserk Fuhrer 1/72 Scale Kit,150.18,,,USD,New,https://www.plazajapan.com/4934054104437,https://cdn11.bigcommerce.com/s-89ffd/products/11151/images/179076/blob__44558.1473215804__71495.1552301857.350.350.jpg?c=2
zoid,model_kit,Plaza Japan,retailer,,Kotobukiya ZD063 Zoids RZ-041 Ligar Zero Panzer 1/72 Scale Kit,39.83,,,USD,New,https://www.plazajapan.com/4934054104451,https://cdn11.bigcommerce.com/s-89ffd/products/11152/images/338998/4934054104451-1__95497.1559024482__86555.1636592308.350.350.png?c=2
zoid,model_kit,Plaza Japan,retailer,,Kotobukiya HMM ZOIDS 1/72 Liger Zero Jager Unit Plastic Model,16.38,,,USD,New,https://www.plazajapan.com/4934054104574,https://cdn11.bigcommerce.com/s-89ffd/products/11153/images/338999/ZD066_a__05010.1484734091__91445.1636592368.350.350.jpg?c=2
zoid,model_kit,Plaza Japan,retailer,,Kotobukiya ZD070 Zoids RZ-046 Shadow Fox 1/72 Scale Kit,29.21,,,USD,New,https://www.plazajapan.com/4934054104871,https://cdn11.bigcommerce.com/s-89ffd/products/11154/images/339000/zd070_a__22515.1472627340__68358.1636592436.350.350.jpg?c=2
zoid,model_kit,Plaza Japan,retailer,,Kotobukiya ZD076 ZOIDS EZ-034 GENO BREAKER RAVEN Version 1/72 Scale Kit,50.14,,,USD,New,https://www.plazajapan.com/4934054105281,https://cdn11.bigcommerce.com/s-89ffd/products/11155/images/339001/blob__92511.1473219707__92226.1636592492.350.350.png?c=2
zoid,model_kit,Plaza Japan,retailer,,Kotobukiya ZD097 Zoids RHI-3 Command Wolf Repackage Version HMM 1/72 Scale Kit,26.18,,,USD,New,https://www.plazajapan.com/4934054107551,https://cdn11.bigcommerce.com/s-89ffd/products/11156/images/339002/blob__02570.1473216401.1280.1280__86818.1510214789__34530.1636592554.350.350.png?c=2
zoid,model_kit,Plaza Japan,retailer,,Kotobukiya ZD067 Zoids Panzer Unit for Liger Zero 1/72 Scale Kit,17.45,,,USD,New,https://www.plazajapan.com/4934054104581,https://cdn11.bigcommerce.com/s-89ffd/products/11157/images/339003/blob__46851.1473216093.1280.1280__02872.1510215935__38930.1636592609.350.350.png?c=2
zoid,model_kit,Plaza Japan,retailer,,Kotobukiya ZD044 Zoids Gun Sniper Leena Special 1/72 Scale Kit,24.53,,,USD,New,https://www.plazajapan.com/4934054103768,https://cdn11.bigcommerce.com/s-89ffd/products/14805/images/54045/2__58346.1474438677.350.350.jpg?c=2
zoid,model_kit,Plaza Japan,retailer,,Kotobukiya ZD036 Zoids EZ-035 Lightning Saix 1/72 Scale Kit,85.87,,,USD,New,https://www.plazajapan.com/4934054103133,https://cdn11.bigcommerce.com/s-89ffd/products/15156/images/68873/ZD036_a__54390.1484305423.350.350.jpg?c=2
zoid,model_kit,Plaza Japan,retailer,,Kotobukiya ZD086 Zoids EZ-036 Death Stinger 1/72 Scale Kit,212.07,,,USD,New,https://www.plazajapan.com/4934054106462,https://cdn11.bigcommerce.com/s-89ffd/products/17668/images/115724/ZD086_a__12640.1483699708.1280.1280__01140.1744268786.350.350.jpg?c=2
zoid,model_kit,Plaza Japan,retailer,,Kotobukiya 102747 ZD026 ZOIDS EMZ-15 Molga AA & Molga Carrier 1/72 Scale Kit,334.69,,,USD,New,https://www.plazajapan.com/4934054102747,https://cdn11.bigcommerce.com/s-89ffd/products/18633/images/114881/ZD026_a__61126.1485434772.1280.1280__29949.1510140573.350.350.jpg?c=2
zoid,model_kit,Plaza Japan,retailer,,Kotobukiya ZD094 Zoids HMM Customize Parts Beam Gatling Set 1/72 Scale Model Kit,12.52,,,USD,New,https://www.plazajapan.com/4934054107384,https://cdn11.bigcommerce.com/s-89ffd/products/24697/images/99816/ZD094_a__74373.1498900791.350.350.jpg?c=2
zoid,model_kit,Plaza Japan,retailer,,Kotobukiya ZD025 Zoids RZ-013 Buster Tortoise 1/72 Scale Model Kit,257.33,,,USD,New,https://www.plazajapan.com/4934054102631,https://cdn11.bigcommerce.com/s-89ffd/products/28353/images/121383/4934054102631-1__06153.1516344998.350.350.jpg?c=2
zoid,model_kit,Plaza Japan,retailer,,Kotobukiya ZD030 Zoids EZ-004 Red Horn 1/72 Scale Model Kit,37.05,,,USD,New,https://www.plazajapan.com/4934054102785,https://cdn11.bigcommerce.com/s-89ffd/products/28354/images/121389/4934054102785-1__78897.1516345257.350.350.jpg?c=2
zoid,model_kit,Plaza Japan,retailer,,Kotobukiya ZD11 Zoids EMZ-15 Molga and Molga with Canory Unit 1/72 Scale Model Kit,78.09,,,USD,New,https://www.plazajapan.com/4934054101641,https://cdn11.bigcommerce.com/s-89ffd/products/28355/images/121396/4934054101641-1__99757.1516345655.350.350.jpg?c=2
zoid,model_kit,Plaza Japan,retailer,,Kotobukiya ZD105 Zoids HMM Sturm Unit for EZ-049 Berserk Fuhrer 1/72 Scale Kit,35.66,,,USD,New,https://www.plazajapan.com/4934054109159,https://cdn11.bigcommerce.com/s-89ffd/products/33522/images/128903/4934054109159-1__93850.1519808296.350.350.jpg?c=2
zoid,model_kit,Plaza Japan,retailer,,Takara Tomy ZOIDS ZW04 Scorpear 972044,36.91,,,USD,New,https://www.plazajapan.com/4904810972044,https://cdn11.bigcommerce.com/s-89ffd/products/39409/images/146126/49048109720441__52798.1528700418.350.350.jpg?c=2
zoid,other,Plaza Japan,retailer,,Ensky Jigsaw Puzzle 108-L719 Anime Zoids Wild (108 L-Pieces),9.29,,,USD,New,https://www.plazajapan.com/4970381199753,https://cdn11.bigcommerce.com/s-89ffd/products/47997/images/158936/4970381199753-1__80822.1533869586.350.350.jpg?c=2
zoid,model_kit,Plaza Japan,retailer,,Takara Tomy ZW14 Zoids Wild Stegosage,56.72,,,USD,New,https://www.plazajapan.com/4904810972068,https://cdn11.bigcommerce.com/s-89ffd/products/58866/images/272591/672068-1__75655.1601281750.350.350.jpg?c=2
zoid,model_kit,Plaza Japan,retailer,,Kotobukiya ZD130 Zoids RMZ-11 Godos Former Republic Ver. 1/72 Scale Kit,82.18,,,USD,New,https://www.plazajapan.com/4934054014040,https://cdn11.bigcommerce.com/s-89ffd/products/63731/images/232697/4934054014040_922920bafaec68e45ab5a397df278b1b__32052.1579849577.350.350.jpg?c=2
zoid,model_kit,Plaza Japan,retailer,,Kotobukiya ZD136 Zoids EZ-015 Iron Kong Yeti 1/72 Scale Kit,92.82,,,USD,New,https://www.plazajapan.com/4934054019489,https://cdn11.bigcommerce.com/s-89ffd/products/69860/images/259640/4934054019489_5ecb5573388e0361d1e57e83a9e4eb95__79191.1593415106.350.350.jpg?c=2
zoid,model_kit,Plaza Japan,retailer,,Kotobukiya ZD025R Zoids Buster Tortoise 1/72 Scale Model Kit,22.07,,,USD,New,https://www.plazajapan.com/4934054025244,https://cdn11.bigcommerce.com/s-89ffd/products/69971/images/233914/4934054025244_57aaba2d03ddb4022a7c3171fbd531ce__16440.1580960156.350.350.jpg?c=2
zoid,model_kit,Plaza Japan,retailer,,Kotobukiya HMM ZOIDS 1/72 RBOZ-006 Dibison Marking Plus Ver. Plastic Model,58.61,,,USD,New,https://www.plazajapan.com/4934054023073,https://cdn11.bigcommerce.com/s-89ffd/products/70413/images/282089/023073-1__11897.1606811485.350.350.jpg?c=2
zoid,model_kit,Plaza Japan,retailer,,Kotobukiya ZD079R Zoids EZ-017 Iguan 1/72 Scale Kit,24.34,,,USD,New,https://www.plazajapan.com/4934054026937,https://cdn11.bigcommerce.com/s-89ffd/products/70646/images/276641/026937-1__24844.1603437249.350.350.jpg?c=2
zoid,model_kit,Plaza Japan,retailer,,Kotobukiya ZD100R Zoids Customized Parts Gojulas Cannon Set 1/72 Scale Kit,27.82,,,USD,New,https://www.plazajapan.com/4934054026920,https://cdn11.bigcommerce.com/s-89ffd/products/70647/images/237646/4934054026920_f9052e9228c29aa4809f9d019d0ba580__02726.1584431092.350.350.jpg?c=2
zoid,model_kit,Plaza Japan,retailer,,Kotobukiya ZD115 Zoids Wild Liger 1/35 Scale Kit,51.03,,,USD,New,https://www.plazajapan.com/4934054004508,https://cdn11.bigcommerce.com/s-89ffd/products/71157/images/291515/004508-1__91510.1614153909.350.350.jpg?c=2
zoid,model_kit,Plaza Japan,retailer,,Kotobukiya HMM ZOIDS 1/72 RZ-010 Pteras Bomber Marking Plus Ver. Plastic Model,27.82,,,USD,New,https://www.plazajapan.com/4934054023141,https://cdn11.bigcommerce.com/s-89ffd/products/78806/images/498145/4934054023141_6b1e8964ffac3e93d7238fac005e95c9__24970.1700114644.350.350.jpg?c=2
zoid,model_kit,Plaza Japan,retailer,,Kotobukiya ZD030R Zoids EZ-004 Red Horn 1/72 Plastic Model,65.76,,,USD,New,https://www.plazajapan.com/4934054030743,https://cdn11.bigcommerce.com/s-89ffd/products/79536/images/281930/030743-1__10915.1606464785.350.350.jpg?c=2
zoid,model_kit,Plaza Japan,retailer,,Good Smile Company HAGANE WORKS Blade Liger 1/72 Figure (Zoids),152.76,,,USD,New,https://www.plazajapan.com/4580590121720,https://cdn11.bigcommerce.com/s-89ffd/products/79549/images/263252/4580590121720_dbf30e00655feadefe883d6ebe4800eb__28276.1595844313.350.350.jpg?c=2
zoid,model_kit,Plaza Japan,retailer,,Kotobukiya HMM ZOIDS 1/72 Customize Parts Beam Gatling Set Plastic Model,12.27,,,USD,New,https://www.plazajapan.com/4934054017836,https://cdn11.bigcommerce.com/s-89ffd/products/81606/images/273236/4934054017836_9c751c021e1373547c3fcd84219344b2__34586.1601604642.350.350.jpg?c=2
zoid,model_kit,Plaza Japan,retailer,,Kotobukiya HMM ZOIDS 1/72 RZ-041 Liger Zero Jager Marking Plus Ver. Plastic Model (Released),43.14,,,USD,New,https://www.plazajapan.com/4934054012947,https://cdn11.bigcommerce.com/s-89ffd/products/81607/images/273244/4934054012947_4b8aa5f6bf8d2840cdb92adbb1810b98__61091.1601604759.350.350.jpg?c=2
zoid,model_kit,Plaza Japan,retailer,,Kotobukiya HMM Zoids 1/72 Panzer Unit Marking Plus Ver. for Liger Zero Plastic Model,21.31,,,USD,New,https://www.plazajapan.com/4934054026890,https://cdn11.bigcommerce.com/s-89ffd/products/82645/images/299876/029890-1__49373.1618994561.350.350.jpg?c=2
zoid,model_kit,Plaza Japan,retailer,,Kotobukiya HMM ZOIDS 1/72 RZ-041 Liger Zero Panzer Marking Plus Ver. Plastic Model,73.16,,,USD,New,https://www.plazajapan.com/4934054012985,https://cdn11.bigcommerce.com/s-89ffd/products/83643/images/281406/4934054012985_1e8bfa81934fec9a303ae3976824fcb8__06138.1605865102.350.350.jpg?c=2
zoid,model_kit,Plaza Japan,retailer,,Kotobukiya HMM ZOIDS RZ-046 SHADOW FOX MARKING PLUS Ver. 1/72 Plastic Model,64.94,,,USD,New,https://www.plazajapan.com/4934054026906,https://cdn11.bigcommerce.com/s-89ffd/products/84295/images/307151/026906-1__48406.1622621344.350.350.jpg?c=2
zoid,model_kit,Plaza Japan,retailer,,Kotobukiya HMM ZOIDS 1/72 Molga & Molga with Cannonry Unit Plastic Model,64.94,,,USD,New,https://www.plazajapan.com/4934054018284,https://cdn11.bigcommerce.com/s-89ffd/products/84716/images/312191/018284-1__92980.1624433203.350.350.jpg?c=2
zoid,model_kit,Plaza Japan,retailer,,Kotobukiya HMM ZOIDS 1/72 EMZ-15 Molga AA & Molga Carrier Plastic Model,73.81,,,USD,New,https://www.plazajapan.com/4934054018291,https://cdn11.bigcommerce.com/s-89ffd/products/84718/images/309468/018291-1__31215.1623314019.350.350.jpg?c=2
zoid,model_kit,Plaza Japan,retailer,,Kotobukiya HMM ZOIDS 1/72 RZ-041 Liger Zero Marking Plus Ver. Plastic Model (Released),59.18,,,USD,New,https://www.plazajapan.com/4934054012930,https://cdn11.bigcommerce.com/s-89ffd/products/84719/images/441925/4934054012930_9a3c77000b12ebb5e509354140232b4e__76824.1674031980.350.350.jpg?c=2
zoid,model_kit,Plaza Japan,retailer,,Kotobukiya HMM ZOIDS 1/72 RZ-041 Liger Zero Schneider Marking Plus Version Plastic Model,46.4,,,USD,New,https://www.plazajapan.com/4934054012978,https://cdn11.bigcommerce.com/s-89ffd/products/86451/images/290688/4934054012978_79e40e0fe86e56591def7b0448ddc8e3__56970.1613635424.350.350.jpg?c=2
zoid,model_kit,Plaza Japan,retailer,,Kotobukiya HMM ZOIDS 1/72 Liger Zero Jagar Unit Marking Plus Ver. Plastic Model,17.05,,,USD,New,https://www.plazajapan.com/4934054026982,https://cdn11.bigcommerce.com/s-89ffd/products/87471/images/296241/026982-1__68886.1617090373.350.350.jpg?c=2
zoid,model_kit,Plaza Japan,retailer,,Takara Tomy ZW43 Zoids Wild Zero Phantoth,65.59,,,USD,New,https://www.plazajapan.com/4904810122937,https://cdn11.bigcommerce.com/s-89ffd/products/92681/images/352980/4904810122937_7f3ccd4fec2712adee3b16aced96208a__74699.1642478276.350.350.jpg?c=2
zoid,model_kit,Plaza Japan,retailer,,Takara Tomy ZW52 Zoids Wild Xeno Rex,68.88,,,USD,New,https://www.plazajapan.com/4904810153887,https://cdn11.bigcommerce.com/s-89ffd/products/92684/images/307900/4904810153887_703039ee6e2ed140e9500cdead8a2869__06085.1622778131.350.350.jpg?c=2
zoid,model_kit,Plaza Japan,retailer,,Takara Tomy ZW54 Zoids Wild Xeno Evolution Arms Scissors Unit,20.39,,,USD,New,https://www.plazajapan.com/4904810162315,https://cdn11.bigcommerce.com/s-89ffd/products/92686/images/313426/162315-1__67968.1624952017.350.350.jpg?c=2
zoid,model_kit,Plaza Japan,retailer,,Takara Tomy ZW55 Zoids Wild Xeno Rex Scissors XA,78.91,,,USD,New,https://www.plazajapan.com/4904810153917,https://cdn11.bigcommerce.com/s-89ffd/products/92687/images/307908/4904810153917_597a2c3be831d77e157962521e6026d9__80650.1622778183.350.350.jpg?c=2
zoid,model_kit,Plaza Japan,retailer,,Takara Tomy ZW57 Zoids Wild Xeno Evolution Arms Buster Unit,23.67,,,USD,New,https://www.plazajapan.com/4904810165613,https://cdn11.bigcommerce.com/s-89ffd/products/92689/images/307917/4904810165613_c5126215d39e04227ca6a5cdc22a1fab__44131.1622778232.350.350.jpg?c=2
zoid,model_kit,Plaza Japan,retailer,,Takara Tomy ZW58 Zoids Wild Xeno Rex Buster XA,73.81,,,USD,New,https://www.plazajapan.com/4904810165620,https://cdn11.bigcommerce.com/s-89ffd/products/92690/images/307918/4904810165620_0db020e10a67d50feaf6d014a866f0a0__08670.1622778249.350.350.jpg?c=2
zoid,model_kit,Plaza Japan,retailer,,Kotobukiya HMM Zoids 1/72 Customize Parts Pile Bunker Unit Plastic Model,7.99,,,USD,New,https://www.plazajapan.com/4934054109340,https://cdn11.bigcommerce.com/s-89ffd/products/93753/images/342555/4934054109340_2ce6369db9f342f025acd62367dfacd5__98931.1638346675.350.350.jpg?c=2
zoid,model_kit,Plaza Japan,retailer,,Kotobukiya HMM ZOIDS 1/72 RHI-3 Command Wolf Repackage Ver. Plastic Model,27.85,,,USD,New,https://www.plazajapan.com/4934054018277,https://cdn11.bigcommerce.com/s-89ffd/products/100501/images/332858/4934054018277_54e4cf1b166c8b94f6d82355e8ca3315__13060.1633594710.350.350.jpg?c=2
zoid,model_kit,Plaza Japan,retailer,,Kotobukiya HMM ZOIDS 1/72 DPZ-10 Dark Horn Plastic Model,102.73,,,USD,New,https://www.plazajapan.com/4934054017515,https://cdn11.bigcommerce.com/s-89ffd/products/105162/images/351403/4934054017515_53e0a68778d876c9062a0ab4f5fbb356__78829.1641524825.350.350.jpg?c=2
zoid,model_kit,Plaza Japan,retailer,,Kotobukiya HMM ZOIDS 1/72 EZ-049 Berserk Fuhrer Repackage Ver. Plastic Model,50.62,,,USD,New,https://www.plazajapan.com/4934054013388,https://cdn11.bigcommerce.com/s-89ffd/products/105450/images/525539/4934054013388_e4cda512192f38f7896491f07d6bc877__02442.1711442534.350.350.jpg?c=2
zoid,model_kit,Plaza Japan,retailer,,Kotobukiya HMM Zoids 1/72 EZ-034 Geno Breaker Re-package Ver. Plastic Model,46.11,,,USD,New,https://www.plazajapan.com/4934054048434,https://cdn11.bigcommerce.com/s-89ffd/products/113058/images/388984/4934054023158_d7344ccfc91c1af1c4bb79df3ba2aa30__29694.1655192701.350.350.jpg?c=2
zoid,model_kit,Plaza Japan,retailer,,Kotobukiya HMM ZOIDS 1/72 Customize Parts Booster Cannon Set Plastic Model,11.72,,,USD,New,https://www.plazajapan.com/4934054027187,https://cdn11.bigcommerce.com/s-89ffd/products/117810/images/411204/4934054027187_295e06b3216fe360418dd7d8e317ac64__91243.1663052049.350.350.jpg?c=2
zoid,model_kit,Plaza Japan,retailer,,Kotobukiya HMM ZOIDS 1/72 SHADOW FOX MARKING PLUS Ver. Plastic Model,28.77,,,USD,New,https://www.plazajapan.com/4934054050222,https://cdn11.bigcommerce.com/s-89ffd/products/117812/images/411233/4934054050222_c2f192498245db2b1964bfaaa64c75cf__94020.1663052785.350.350.jpg?c=2
zoid,model_kit,Plaza Japan,retailer,,Kotobukiya HMM ZOIDS 1/72 Customize Parts Gojulas Cannon Set Plastic Model,28.77,,,USD,New,https://www.plazajapan.com/4934054051762,https://cdn11.bigcommerce.com/s-89ffd/products/123427/images/432829/4934054051762_4983c81dc0e06e20ab2daf4f8ccc51d6__05921.1669875753.350.350.jpg?c=2
zoid,model_kit,Plaza Japan,retailer,,Kotobukiya HMM ZOIDS 1/72 Customize Parts Attack Booster Set Plastic Model,12.79,,,USD,New,https://www.plazajapan.com/4934054043408,https://cdn11.bigcommerce.com/s-89ffd/products/130010/images/461875/4934054043408_a604fc56085ea8fe551af4b8ce146305__05880.1682044124.350.350.jpg?c=2
zoid,model_kit,Plaza Japan,retailer,,Kotobukiya HMM ZOIDS 1/72 EZ-026 Geno Saurer Repackage Ver. Plastic Model,113.43,,,USD,New,https://www.plazajapan.com/4934054057320,https://cdn11.bigcommerce.com/s-89ffd/products/133484/images/477154/4934054057320_b71fa3cc3f80cd837eb444a20d5897e4__56964.1689921579.350.350.jpg?c=2
zoid,model_kit,Plaza Japan,retailer,,Takara Tomy ADAMAS MACHINA Zoids AMZ-01 Berserk Fuhrer,240.93,,,USD,New,https://www.plazajapan.com/4904810918899,https://cdn11.bigcommerce.com/s-89ffd/products/156053/images/654238/takara-tomy-adamas-machina-zoids-amz-01-berserk-fuhrer__02216.1737468148.350.350.jpg?c=2
zoid,model_kit,Plaza Japan,retailer,,Kotobukiya HMM ZOIDS 1/72 EZ-006 Molga Full Option Set Plastic Model,34.63,,,USD,New,https://www.plazajapan.com/4934054063468,https://cdn11.bigcommerce.com/s-89ffd/products/166197/images/623524/kotobukiya-hmm-zoids-172-ez-006-molga-full-option-set-plastic-model__38139.1737071745.350.350.jpg?c=2
zoid,model_kit,Plaza Japan,retailer,,Kotobukiya HMM ZOIDS 1/72 RZ-041 Liger Zero Marking Plus Ver. Plastic Model,36.23,,,USD,New,https://www.plazajapan.com/4934054071647,https://cdn11.bigcommerce.com/s-89ffd/products/168051/images/663041/kotobukiya-hmm-zoids-172-rz-041-liger-zero-marking-plus-ver-plastic-model__42026.1737711613.350.350.jpg?c=2
zoid,model_kit,Plaza Japan,retailer,,Kotobukiya HMM ZOIDS 1/72 RZ-041 LIGER ZERO JAGER Marking Plus Version Plastic Model,43.69,,,USD,New,https://www.plazajapan.com/4934054073696,https://cdn11.bigcommerce.com/s-89ffd/products/169282/images/714889/kotobukiya-hmm-zoids-172-rz-041-liger-zero-jager-marking-plus-version-plastic-model__24234.1739870917.350.350.jpg?c=2
zoid,model_kit,Plaza Japan,retailer,,Kotobukiya 1/72  HMM Zoids Liger Zero Exclusive Panzer Unit Marking Plus Ver. Plastic Model,22.38,,,USD,New,https://www.plazajapan.com/4934054073757,https://cdn11.bigcommerce.com/s-89ffd/products/173126/images/741841/kotobukiya-172-hmm-zoids-liger-zero-exclusive-panzer-unit-marking-plus-ver-plastic-model__85350.1745020996.350.350.jpg?c=2
zoid,model_kit,Plaza Japan,retailer,,Takara Tomy T-SPARK Transformers Zoids Diaclone: Shield-D-Prime Figure,210.82,,,USD,New,https://www.plazajapan.com/4904810997269,https://cdn11.bigcommerce.com/s-89ffd/products/179671/images/801011/takara-tomy-transformers-zoids-diaclone-shield-d-prime-figure__04401.1755487799.350.350.jpg?c=2
zoid,model_kit,Plaza Japan,retailer,,Kotobukiya 1/72 Zoids LIGHTNING SAIX Irvine Special 2000 -Recolor- Plastic Model,45.82,,,USD,New,https://www.plazajapan.com/4934054079346,https://cdn11.bigcommerce.com/s-89ffd/products/191674/images/865425/kotobukiya-172-zoids-lightning-saix-irvine-special-2000-recolor-plastic-model__19132.1766106462.350.350.jpg?c=2
zoid,model_kit,Plaza Japan,retailer,,Kotobukiya Zoids D-STYLE Gustav Moonbay Special [Clear Parts Append] Plastic Model,19.18,,,USD,New,https://www.plazajapan.com/4934054087198,https://cdn11.bigcommerce.com/s-89ffd/products/207002/images/948566/4934054087198_fdf00e9fc458d9c772f34ebdc4de7b6a__63864.1779416876.350.350.jpg?c=2
zoid,model_kit,Plaza Japan,retailer,,Takara Tomy ZOIDS AZ-17 Ultrasaurus Plastic Model,210.82,,,USD,New,https://www.plazajapan.com/4904810065982,https://cdn11.bigcommerce.com/s-89ffd/products/213801/images/991757/takara-tomy-zoids-az-17-ultrasaurus-plastic-model__62861.1784356723.350.350.jpg?c=2
zoid,model_kit,Plaza Japan,retailer,,Takara Tomy ZOIDS AZ-17EX Ultrasaurus Gravity Cannon Plastic Model,76.51,,,USD,New,https://www.plazajapan.com/4904810058762,https://cdn11.bigcommerce.com/s-89ffd/products/213946/images/992176/takara-tomy-zoids-az-17ex-ultrasaurus-gravity-cannon-plastic-model__64917.1784357405.350.350.jpg?c=2
zoid,model_kit,Plaza Japan,retailer,,F-toys Zoids Wild Puzzle Eraser (FULL BOX),24.42,,,USD,New,https://www.plazajapan.com/4582138604009,https://cdn11.bigcommerce.com/s-89ffd/products/217126/images/1009945/4582138604009_965b9286edc2ac9ac95f6bee015adad5__13541.1787217237.350.350.png?c=2
zoid,model_kit,Gundam Planet,retailer,us,HMM Zoids EZ-035 Lightning Saix Irvine Special 2000 Recolor,79.95,,,USD,New,https://www.gundamplanet.com/products/hmm-zoids-ez-035-lightning-saix-irvine-special-2000-recolor?_pos=1&_sid=d77fe5282&_ss=r&_fid=bb2ec3b21,https://www.gundamplanet.com/cdn/shop/files/ZD192_lightning-saix_irvine-sp_marking-plus_base.jpg?v=1765992042&width=533
zoid,model_kit,Gundam Planet,retailer,us,Zoids 1/72 AZ-15 Psycho Geno Saurer,139.95,,,USD,New,https://www.gundamplanet.com/products/zoids-1-72-az-15-psycho-geno-saurer?_pos=2&_sid=d77fe5282&_ss=r&_fid=bb2ec3b21,https://www.gundamplanet.com/cdn/shop/files/zoids-1-72-az-15-psycho-geno-saurer-base.jpg?v=1771637347&width=533
zoid,model_kit,Gundam Planet,retailer,us,Zoids 1/72 AZ-17DX Ultra Saurus Gravity Cannon (Deluxe Ver.),440.95,,,USD,New,https://www.gundamplanet.com/products/zoids-1-72-az-17dx-ultra-saurus-gravity-cannon-deluxe-ver?_pos=3&_sid=d77fe5282&_ss=r&_fid=bb2ec3b21,https://www.gundamplanet.com/cdn/shop/files/zoids-1-72-az-17dx-ultra-saurus-gravity-cannon-deluxe-ver-base.jpg?v=1783534897&width=533
zoid,model_kit,Gundam Planet,retailer,us,HMM Zoids Iron Kong Schwarz Special 1999 Recolor,179.95,,,USD,New,https://www.gundamplanet.com/products/hmm-zoids-iron-kong-schwarz-special-1999-recolor?_pos=4&_sid=d77fe5282&_ss=r&_fid=bb2ec3b21,https://www.gundamplanet.com/cdn/shop/files/hmm-zoids-iron-kong-schwarz-special-1999-recolor.jpg?v=1770751523&width=533
zoid,model_kit,Gundam Planet,retailer,us,Zoids 1/72 AZ-02EX2 Liger Zero Empire Ver.,119.95,,,USD,New,https://www.gundamplanet.com/products/zoids-1-72-az-02ex2-liger-zero-empire-ver?_pos=5&_sid=d77fe5282&_ss=r&_fid=bb2ec3b21,https://www.gundamplanet.com/cdn/shop/files/GN195_base.jpg?v=1757114843&width=533
zoid,model_kit,Gundam Planet,retailer,us,HMM Zoids EZ-036 Death Stinger Hiltz Special 2000 Recolor,169.95,,,USD,New,https://www.gundamplanet.com/products/hmm-zoids-ez-036-death-stinger-hiltz-special-2000-recolor?_pos=6&_sid=d77fe5282&_ss=r&_fid=bb2ec3b21,https://www.gundamplanet.com/cdn/shop/files/hmm-zoids-ez-036-death-stinger-hiltz-special-2000-recolor-base.jpg?v=1771608086&width=533
zoid,model_kit,Gundam Planet,retailer,us,Realize Model Zoids 1/100 RMZ-011 Geno Saurer Raven Special,66.95,,,USD,New,https://www.gundamplanet.com/products/realize-model-zoids-1-100-rmz-011-geno-saurer-raven-special?_pos=7&_sid=d77fe5282&_ss=r&_fid=bb2ec3b21,https://www.gundamplanet.com/cdn/shop/files/realize-model-zoids-1-100-rmz-011-geno-saurer-raven-special10.jpg?v=1751666028&width=533
zoid,model_kit,Gundam Planet,retailer,us,HMM Zoids EZ-027 Rev Raptor,49.95,,,USD,New,https://www.gundamplanet.com/products/hmm-zoids-ez-027-rev-raptor?_pos=8&_sid=d77fe5282&_ss=r&_fid=bb2ec3b21,https://www.gundamplanet.com/cdn/shop/files/hmm-zoids-ez-027-rev-raptor-gp.jpg?v=1737693123&width=533
zoid,model_kit,Gundam Planet,retailer,us,Realize Model Zoids 1/100 RMZ-001 Blade Liger,44.95,,,USD,New,https://www.gundamplanet.com/products/realize-model-zoids-1-100-rmz-001-blade-liger?_pos=9&_sid=d77fe5282&_ss=r&_fid=bb2ec3b21,https://www.gundamplanet.com/cdn/shop/files/zoids-1-100-rmz-001-blade-liger-gp2.jpg?v=1737744823&width=533
zoid,model_kit,Gundam Planet,retailer,us,Zoids 1/72 AZ-01 Blade Liger,100.95,,,USD,New,https://www.gundamplanet.com/products/zoids-1-72-az-01-blade-liger?_pos=10&_sid=d77fe5282&_ss=r&_fid=bb2ec3b21,https://www.gundamplanet.com/cdn/shop/files/zoids-1-72-az-01-blade-liger.jpg?v=1768425759&width=533
zoid,model_kit,Gundam Planet,retailer,us,D-Style Zoids Shield Liger [Clear Parts Append],27.95,,,USD,New,https://www.gundamplanet.com/products/d-style-zoids-shield-liger-clear-parts-append?_pos=11&_sid=d77fe5282&_ss=r&_fid=bb2ec3b21,https://www.gundamplanet.com/cdn/shop/files/d-style-zoids-shield-liger-clear-parts-append-base2.jpg?v=1788993859&width=533
zoid,model_kit,Gundam Planet,retailer,us,Zoids 1/72 RPZ-14 Salamander F2,330.95,,,USD,New,https://www.gundamplanet.com/products/zoids-1-72-rpz-14-salamander-f2?_pos=12&_sid=d77fe5282&_ss=r&_fid=bb2ec3b21,https://www.gundamplanet.com/cdn/shop/files/zoids-1-72-rpz-14-salamander-f2-base.jpg?v=1783551720&width=533
zoid,model_kit,Gundam Planet,retailer,us,Realize Model Zoids 1/100 RMZ-023 Lightning Saix Irvine Special,65.95,,,USD,New,https://www.gundamplanet.com/products/realize-model-zoids-1-100-rmz-023-lightning-saix-irvine-special?_pos=13&_sid=d77fe5282&_ss=r&_fid=bb2ec3b21,https://www.gundamplanet.com/cdn/shop/files/realize-model-zoids-1-100-rmz-023-lightning-saix-irvine-special10.jpg?v=1780691020&width=533
zoid,model_kit,Gundam Planet,retailer,us,Realize Model Zoids 1/100 RMZ-026 Gustav Moonbey Special,71.95,,,USD,New,https://www.gundamplanet.com/products/realize-model-zoids-1-100-rmz-026-gustav-moonbey-special?_pos=14&_sid=d77fe5282&_ss=r&_fid=bb2ec3b21,https://www.gundamplanet.com/cdn/shop/files/realize-model-zoids-1-100-rmz-026-gustav-moonbey-special9.jpg?v=1788973951&width=533
zoid,model_kit,Gundam Planet,retailer,us,Adamas Machina Zoids AM-Z02 Blade Liger,324.95,,,USD,New,https://www.gundamplanet.com/products/adamas-machina-zoids-am-z02-blade-liger?_pos=15&_sid=d77fe5282&_ss=r&_fid=bb2ec3b21,https://www.gundamplanet.com/cdn/shop/files/adamas-machina-zoids-am-z02-blade-liger.png?v=1785963675&width=533
zoid,model_kit,Gundam Planet,retailer,us,Realize Model Zoids 1/100 RMZ-007 Trinity Liger,55.95,,,USD,New,https://www.gundamplanet.com/products/realize-model-zoids-1-100-rmz-007-trinity-liger?_pos=16&_sid=d77fe5282&_ss=r&_fid=bb2ec3b21,https://www.gundamplanet.com/cdn/shop/files/realize-model-zoids-1-100-rmz-007-trinity-liger9.jpg?v=1737759123&width=533
zoid,model_kit,Gundam Planet,retailer,us,Realize Model Zoids 1/100 RMZ-025 Liger Zero Falcon (ZBF),88.95,,,USD,New,https://www.gundamplanet.com/products/realize-model-zoids-1-100-rmz-025-liger-zero-falcon-zbf?_pos=17&_sid=d77fe5282&_ss=r&_fid=bb2ec3b21,https://www.gundamplanet.com/cdn/shop/files/realize-model-zoids-1-100-rmz-025-liger-zero-falcon-zbf.png?v=1785964071&width=533
zoid,model_kit,Gundam Planet,retailer,us,HMM Zoids RZ-014 Godos (Marking Plus Ver.),49.95,,,USD,New,https://www.gundamplanet.com/products/hmm-zoids-rz-014-godos-marking-plus-ver?_pos=18&_sid=d77fe5282&_ss=r&_fid=bb2ec3b21,https://www.gundamplanet.com/cdn/shop/files/hmm-zoids-rz-014-godos-marking-plus-ver-gp.jpg?v=1737698091&width=533
zoid,model_kit,Gundam Planet,retailer,us,Realize Model Zoids 1/100 RMZ-018 Trinity Liger Captured Color,59.95,,,USD,New,https://www.gundamplanet.com/products/realize-model-zoids-1-100-rmz-018-trinity-liger-captured-color?_pos=19&_sid=d77fe5282&_ss=r&_fid=bb2ec3b21,https://www.gundamplanet.com/cdn/shop/files/realize-model-zoids-1-100-rmz-018-trinity-liger-captured-color9.jpg?v=1771032332&width=533
zoid,model_kit,Gundam Planet,retailer,us,Zoids 1/72 AZ-16 Liger Zero Jager,126.95,,,USD,New,https://www.gundamplanet.com/products/zoids-1-72-az-16-liger-zero-jager?_pos=20&_sid=d77fe5282&_ss=r&_fid=bb2ec3b21,https://www.gundamplanet.com/cdn/shop/files/zoids-1-72-az-16-liger-zero-jager-bs.jpg?v=1778800834&width=533
zoid,model_kit,Gundam Planet,retailer,us,Zoids 1/72 AZ-14 Liger Zero X,139.95,,,USD,New,https://www.gundamplanet.com/products/zoids-1-72-az-14-liger-zero-x?_pos=21&_sid=d77fe5282&_ss=r&_fid=bb2ec3b21,https://www.gundamplanet.com/cdn/shop/files/zoids-1-72-az-14-liger-zero-x-base.jpg?v=1771637660&width=533
zoid,model_kit,Gundam Planet,retailer,us,HMM Zoids DPZ-10 Dark Horn Harry Special 2001 Re-Color,143.95,,,USD,New,https://www.gundamplanet.com/products/hmm-zoids-dpz-10-dark-horn-harry-special-2001-re-color?_pos=22&_sid=d77fe5282&_ss=r&_fid=bb2ec3b21,https://www.gundamplanet.com/cdn/shop/files/hmm-zoids-dpz-10-dark-horn-harry-special-2001-re-color-base.jpg?v=1783551872&width=533
zoid,model_kit,Gundam Planet,retailer,us,HMM Zoids EZ-049 Sturm Tyrann Berserk Unit Set,174.95,,,USD,New,https://www.gundamplanet.com/products/hmm-zoids-ez-049-sturm-tyrann-berserk-unit-set?_pos=23&_sid=d77fe5282&_ss=r&_fid=bb2ec3b21,https://www.gundamplanet.com/cdn/shop/files/hmm-zoids-ez-049-sturm-tyrann-berserk-unit-set-gp.jpg?v=1737753532&width=533
zoid,model_kit,Gundam Planet,retailer,us,Realize Model Zoids 1/100 RMZ-016 Blade Liger Panzer (ZBF),78.95,,,USD,New,https://www.gundamplanet.com/products/realize-model-zoids-1-100-rmz-016-blade-liger-panzer-zbf?_pos=24&_sid=d77fe5282&_ss=r&_fid=bb2ec3b21,https://www.gundamplanet.com/cdn/shop/files/realize-model-zoids-1-100-rmz-016-blade-liger-panther-zbf.jpg?v=1765316904&width=533
zoid,model_kit,Gundam Planet,retailer,us,HMM Zoids EZ-036 Death Stinger,144.95,,,USD,New,https://www.gundamplanet.com/products/hmm-zoids-ez-036-death-stinger?_pos=25&_sid=d77fe5282&_ss=r&_fid=bb2ec3b21,https://www.gundamplanet.com/cdn/shop/files/hmm-zoids-ez-036-death-stinger-00.jpg?v=1737667234&width=533
zoid,model_kit,Gundam Planet,retailer,us,HMM Zoids RZ-007 Shield Liger DCS-J,90.95,,,USD,New,https://www.gundamplanet.com/products/hmm-zoids-rz-007-shield-liger-dcs-j?_pos=26&_sid=d77fe5282&_ss=r&_fid=bb2ec3b21,https://www.gundamplanet.com/cdn/shop/files/hmm-zoids-rz-007-shield-liger-dcs-j-gp2.jpg?v=1737677211&width=533
zoid,model_kit,Gundam Planet,retailer,us,HMM Zoids EZ-017 Iguan (Marking Plus Ver.),44.95,,,USD,New,https://www.gundamplanet.com/products/hmm-zoids-ez-017-iguan-marking-plus-ver?_pos=27&_sid=d77fe5282&_ss=r&_fid=bb2ec3b21,https://www.gundamplanet.com/cdn/shop/files/hmm-zoids-ez-017-iguan-marking-plus-ver-leave-gp2.jpg?v=1742939764&width=533
zoid,model_kit,Gundam Planet,retailer,us,HMM Zoids EZ-027 Raven Raptor,64.95,,,USD,New,https://www.gundamplanet.com/products/hmm-zoids-ez-027-raven-raptor?_pos=28&_sid=d77fe5282&_ss=r&_fid=bb2ec3b21,https://www.gundamplanet.com/cdn/shop/files/hmm-zoids-ez-027-raven-raptor-gp.jpg?v=1737694555&width=533
zoid,model_kit,Gundam Planet,retailer,us,Zoids 1/72 AZ-03EX Murasame Liger Original Color,116.95,,,USD,New,https://www.gundamplanet.com/products/zoids-1-72-az-03ex-murasame-liger-original-color?_pos=29&_sid=d77fe5282&_ss=r&_fid=bb2ec3b21,https://www.gundamplanet.com/cdn/shop/files/zoids-1-72-az-03ex-murasame-liger-original-color.jpg?v=1765317495&width=533
zoid,model_kit,Gundam Planet,retailer,us,Zoids 1/72 AZ-17 Ultra Saurus,330.95,,,USD,New,https://www.gundamplanet.com/products/zoids-1-72-az-17-ultra-saurus?_pos=30&_sid=d77fe5282&_ss=r&_fid=bb2ec3b21,https://www.gundamplanet.com/cdn/shop/files/zoids-1-72-az-17-ultra-saurus-base.jpg?v=1783534187&width=533
zoid,model_kit,Gundam Planet,retailer,us,Realize Model Zoids 1/100 RMZ-014 Red Horn Styracosaurus Type,52.95,,,USD,New,https://www.gundamplanet.com/products/realize-model-zoids-1-100-rmz-014-red-horn-styracosaurus-type?_pos=31&_sid=d77fe5282&_ss=r&_fid=bb2ec3b21,https://www.gundamplanet.com/cdn/shop/files/realize-model-zoids-1-100-rmz-014-red-horn-styracosaurus-type_1.jpg?v=1760045637&width=533
zoid,model_kit,Gundam Planet,retailer,us,HMM Zoids RBOZ-006 Dibison (Marking Plus Ver.),119.95,,,USD,New,https://www.gundamplanet.com/products/hmm-zoids-rboz-006-dibison-marking-plus-ver?_pos=32&_sid=d77fe5282&_ss=r&_fid=bb2ec3b21,https://www.gundamplanet.com/cdn/shop/files/zd137_dibison_mplus_gpr.jpg?v=1737681463&width=533
zoid,model_kit,Gundam Planet,retailer,us,HMM Zoids W002 Fang Tiger,124.95,,,USD,New,https://www.gundamplanet.com/products/hmm-zoids-w002-fang-tiger?_pos=33&_sid=d77fe5282&_ss=r&_fid=bb2ec3b21,https://www.gundamplanet.com/cdn/shop/files/hmm-zoids-w002-fang-tiger-gp.jpg?v=1737703881&width=533
zoid,model_kit,Gundam Planet,retailer,us,HMM Zoids Custom Gojulas Cannon Set,57.95,,,USD,New,https://www.gundamplanet.com/products/hmm-zoids-custom-gojulas-cannon-set?_pos=34&_sid=d77fe5282&_ss=r&_fid=bb2ec3b21,https://www.gundamplanet.com/cdn/shop/files/hmm-zoids-custom-gojulas-cannon-set-base.jpg?v=1753203110&width=533
zoid,model_kit,Gundam Planet,retailer,us,Zoids 1/72 AZ-08 Molga,44.95,,,USD,New,https://www.gundamplanet.com/products/zoids-az-08-molga?_pos=35&_sid=d77fe5282&_ss=r&_fid=bb2ec3b21,https://www.gundamplanet.com/cdn/shop/files/zoids-az-08-molga-gp.jpg?v=1739901196&width=533
zoid,model_kit,Gundam Planet,retailer,us,Zoids 1/72 AZ-10EX Sea Panther Guylos Specification,57.95,,,USD,New,https://www.gundamplanet.com/products/zoids-1-72-az-10ex-sea-panther-guylos-specification?_pos=36&_sid=d77fe5282&_ss=r&_fid=bb2ec3b21,https://www.gundamplanet.com/cdn/shop/files/zoids-1-72-az-10ex-sea-panther-guylos-specification.jpg?v=1768425533&width=533
zoid,model_kit,Gundam Planet,retailer,us,Realize Model Zoids 1/100 RMZ-006 Saber Tiger Schwarz Special,59.95,,,USD,New,https://www.gundamplanet.com/products/realize-model-zoids-1-100-rmz-006-saber-tiger-schwarz-special?_pos=37&_sid=d77fe5282&_ss=r&_fid=bb2ec3b21,https://www.gundamplanet.com/cdn/shop/files/realize-model-zoids-1-100-rmz-006-saber-tiger-schwarz-special-gp.jpg?v=1737754493&width=533
zoid,model_kit,Gundam Planet,retailer,us,Zoids 1/72 Advanced Series AZ-18 Godos,56.95,,,USD,New,https://www.gundamplanet.com/products/zoids-advanced-series-az-18-godos?_pos=38&_sid=d77fe5282&_ss=r&_fid=bb2ec3b21,https://www.gundamplanet.com/cdn/shop/files/zoids-advanced-series-az-18-godos-base.jpg?v=1791237481&width=533
zoid,model_kit,Gundam Planet,retailer,us,HMM Zoids EZ-005 Redler Guylos Empire Ver.,69.95,,,USD,New,https://www.gundamplanet.com/products/hmm-zoids-ez-005-redler-guylos-empire-ver?_pos=39&_sid=d77fe5282&_ss=r&_fid=bb2ec3b21,https://www.gundamplanet.com/cdn/shop/files/hmm-zoids-ez-005-redler-guylos-empire-ver-gp2.jpg?v=1737712581&width=533
zoid,model_kit,Gundam Planet,retailer,us,HMM Zoids EZ-006 Molga Full Option Set,74.95,,,USD,New,https://www.gundamplanet.com/products/hmm-zoids-ez-006-molga-full-option-set?_pos=40&_sid=d77fe5282&_ss=r&_fid=bb2ec3b21,https://www.gundamplanet.com/cdn/shop/files/hmm-zoids-ez-006-molga-full-option-set-gp2.jpg?v=1737757519&width=533
zoid,model_kit,Gundam Planet,retailer,us,Realize Model Zoids 1/100 RMZ-021 Shield Liger MK-2,60.95,,,USD,New,https://www.gundamplanet.com/products/realize-model-zoids-1-100-rmz-021-shield-liger-mk-2?_pos=41&_sid=d77fe5282&_ss=r&_fid=bb2ec3b21,https://www.gundamplanet.com/cdn/shop/files/realize-model-zoids-1-100-rmz-021-shield-liger-mk-210.jpg?v=1775253048&width=533
zoid,model_kit,Gundam Planet,retailer,us,Realize Model Zoids 1/100 RMZ-020F Zabat Full Option Set,59.95,,,USD,New,https://www.gundamplanet.com/products/realize-model-zoids-1-100-rmz-020f-zabat-full-option-set?_pos=42&_sid=d77fe5282&_ss=r&_fid=bb2ec3b21,https://www.gundamplanet.com/cdn/shop/files/realize-model-zoids-1-100-rmz-020f-zabat-full-option-set10.jpg?v=1771032189&width=533
zoid,model_kit,Gundam Planet,retailer,us,HMM Zoids W001 Wild Liger,105.95,,,USD,New,https://www.gundamplanet.com/products/hmm-zoids-w001-wild-liger?_pos=43&_sid=d77fe5282&_ss=r&_fid=bb2ec3b21,https://www.gundamplanet.com/cdn/shop/files/hmm-zoids-wild-liger-gp.jpg?v=1737682717&width=533
zoid,model_kit,Gundam Planet,retailer,us,HMM Zoids RZ-029 Storm Sworder Ala Barone Special 2000 Recolor,95.95,,,USD,New,https://www.gundamplanet.com/products/hmm-zoids-rz-029-storm-sworder-ala-barone-special-2000-recolor?_pos=44&_sid=d77fe5282&_ss=r&_fid=bb2ec3b21,https://www.gundamplanet.com/cdn/shop/files/hmm-zoids-rz-029-storm-sworder-ala-barone-special-2000-recolor.jpg?v=1773339486&width=533
zoid,model_kit,Gundam Planet,retailer,us,HMM Zoids RMZ-12 Guysack Former Republic Ver.,64.95,,,USD,New,https://www.gundamplanet.com/products/hmm-zoids-rmz-12-guysack-former-republic-ver?_pos=45&_sid=d77fe5282&_ss=r&_fid=bb2ec3b21,https://www.gundamplanet.com/cdn/shop/files/hmm-zoids-rmz-12-guysack-former-republic-ver-gp2.jpg?v=1737754079&width=533
zoid,model_kit,Gundam Planet,retailer,us,Zoids 1/72 AZ-17EX Ultra Saurus Gravity Cannon,110.95,,,USD,New,https://www.gundamplanet.com/products/zoids-1-72-az-17ex-ultra-saurus-gravity-cannon?_pos=46&_sid=d77fe5282&_ss=r&_fid=bb2ec3b21,https://www.gundamplanet.com/cdn/shop/files/zoids-1-72-az-17ex-ultra-saurus-gravity-cannon-base.jpg?v=1783534611&width=533
zoid,model_kit,Gundam Planet,retailer,us,HMM Zoids EHI-7 Redler Zenebas Empire Ver.,69.95,,,USD,New,https://www.gundamplanet.com/products/hmm-zoids-ehi-7-redler-zenebas-empire-ver?_pos=47&_sid=d77fe5282&_ss=r&_fid=bb2ec3b21,https://www.gundamplanet.com/cdn/shop/files/hmm-zoids-ehi-7-redler-zenebas-empire-ver-gp2.jpg?v=1737712549&width=533
zoid,model_kit,Gundam Planet,retailer,us,HMM Zoids Liger Zero Empire Ver. X Unit,46.95,,,USD,New,https://www.gundamplanet.com/products/hmm-zoids-liger-zero-empire-ver-x-unit?_pos=48&_sid=d77fe5282&_ss=r&_fid=bb2ec3b21,https://www.gundamplanet.com/cdn/shop/files/hmm-zoids-liger-zero-empire-ver-x-unit-gp2.jpg?v=1737695844&width=533
zoid,model_kit,Gundam Planet,retailer,us,Realize Model Zoids 1/100 RMZ-004 Hellcat Guylos Color,32.95,,,USD,New,https://www.gundamplanet.com/products/realize-model-zoids-1-100-rmz-004-hellcat-guylos-color?_pos=49&_sid=d77fe5282&_ss=r&_fid=bb2ec3b21,https://www.gundamplanet.com/cdn/shop/files/realize-model-zoids-1-100-rmz-004-hellcat-guylos-color-gp.jpg?v=1737751589&width=533
zoid,model_kit,Gundam Planet,retailer,us,Realize Model Zoids 1/100 RMZ-027 Dibison Thoma Special,52.95,,,USD,New,https://www.gundamplanet.com/products/realize-model-zoids-1-100-rmz-027-dibison-thoma-special?_pos=50&_sid=d77fe5282&_ss=r&_fid=bb2ec3b21,https://www.gundamplanet.com/cdn/shop/files/realize-model-zoids-1-100-rmz-027-dibison-thoma-special-base2.jpg?v=1791237870&width=533
zoid,model_kit,Gundam Planet,retailer,us,Synergenex Zoids x Patlabor: Hunter Wolf,49.95,,,USD,New,https://www.gundamplanet.com/products/synergenex-zoids-x-patlabor-hunter-wolf?_pos=51&_sid=d77fe5282&_ss=r&_fid=bb2ec3b21,https://www.gundamplanet.com/cdn/shop/files/zoids-x-patlabor-hunter-wolf-base.jpg?v=1754525482&width=533
zoid,model_kit,Gundam Planet,retailer,us,Synergenex Zoids x Evangelion: Xeno Rex Test Type-01,66.95,,,USD,New,https://www.gundamplanet.com/products/synergenex-zoids-x-evangelion-xeno-rex-test-type-01?_pos=52&_sid=d77fe5282&_ss=r&_fid=bb2ec3b21,https://www.gundamplanet.com/cdn/shop/files/evangelion-x-zoids-xeno-rex-test-type-01.jpg?v=1778701164&width=533
zoid,model_kit,Gundam Planet,retailer,us,Zoids 1/72 AZ-13 Canory Molga,51.95,,,USD,New,https://www.gundamplanet.com/products/zoids-1-72-az-13-canory-molga?_pos=53&_sid=d77fe5282&_ss=r&_fid=bb2ec3b21,https://www.gundamplanet.com/cdn/shop/files/zoids-1-72-az-13-canory-molga_1.jpg?v=1760045688&width=533
zoid,model_kit,Gundam Planet,retailer,us,Realize Model Zoids 1/100 RMZ-003 Command Wolf,32.95,,,USD,New,https://www.gundamplanet.com/products/realize-model-zoids-1-100-rmz-003-command-wolf?_pos=54&_sid=d77fe5282&_ss=r&_fid=bb2ec3b21,https://www.gundamplanet.com/cdn/shop/files/realize-model-zoids-1-100-rmz-003-command-wolf-00001.jpg?v=1737747355&width=533
zoid,model_kit,Gundam Planet,retailer,us,Realize Model Zoids 1/100 RMZ-002 Geno Saurer,56.95,,,USD,New,https://www.gundamplanet.com/products/realize-model-zoids-1-100-rmz-002-geno-saurer?_pos=55&_sid=d77fe5282&_ss=r&_fid=bb2ec3b21,https://www.gundamplanet.com/cdn/shop/files/realize-model-zoids-1-100-rmz-002-geno-saurer-gp2.jpg?v=1737744843&width=533
zoid,model_kit,Gundam Planet,retailer,us,Synergenex Zoids x Fist of the North Star: Wild Liger Kokuoh-go,52.95,,,USD,New,https://www.gundamplanet.com/products/synergenex-zoids-x-fist-of-the-north-star-wild-liger-kokuoh-go?_pos=56&_sid=d77fe5282&_ss=r&_fid=bb2ec3b21,https://www.gundamplanet.com/cdn/shop/files/zoids-x-fist-of-the-north-star-wild-liger-kokuoh-go-gp2.jpg?v=1739901189&width=533
zoid,model_kit,Gundam Planet,retailer,us,Synergenex Zoids x Patlabor: Fangriffon,66.95,,,USD,New,https://www.gundamplanet.com/products/synergenex-zoids-x-patlabor-fangriffon?_pos=57&_sid=d77fe5282&_ss=r&_fid=bb2ec3b21,https://www.gundamplanet.com/cdn/shop/files/synergenex-zoids-x-patlabor-fangriffon.png?v=1783536140&width=533
zoid,model_kit,Gundam Planet,retailer,us,Zoids 1/72 AZ-14EX Liger Zero X Unit,59.95,,,USD,New,https://www.gundamplanet.com/products/zoids-1-72-az-14ex-liger-zero-x-unit?_pos=58&_sid=d77fe5282&_ss=r&_fid=bb2ec3b21,https://www.gundamplanet.com/cdn/shop/files/zoids-1-72-az-14ex-liger-zero-x-unit7.jpg?v=1771031547&width=533
zoid,model_kit,Gundam Planet,retailer,us,D-Style Zoids Command Wolf Irvine Custom [Clear Parts Append],27.95,,,USD,New,https://www.gundamplanet.com/products/d-style-zoids-command-wolf-irvine-custom-clear-parts-append?_pos=59&_sid=d77fe5282&_ss=r&_fid=bb2ec3b21,https://www.gundamplanet.com/cdn/shop/files/d-style-zoids-command-wolf-irvine-custom-clear-parts-append1_ac60598a-b67f-4e61-a9c0-f9290ef0ef4b.jpg?v=1776973649&width=533
zoid,model_kit,Gundam Planet,retailer,us,Synergenex Zoids x Evangelion: Xeno Rex Production Model-02,66.95,,,USD,New,https://www.gundamplanet.com/products/synergenex-zoids-x-evangelion-xeno-rex-production-model-02?_pos=60&_sid=d77fe5282&_ss=r&_fid=bb2ec3b21,https://www.gundamplanet.com/cdn/shop/files/evangelion-x-zoids-xeno-rex-production-model-02.jpg?v=1778700147&width=533
zoid,model_kit,Gundam Planet,retailer,us,Realize Model Zoids 1/100 RMZ-005 Molga Guylos Color,30.95,,,USD,New,https://www.gundamplanet.com/products/realize-model-zoids-1-100-rmz-005-molga-guylos-color?_pos=61&_sid=d77fe5282&_ss=r&_fid=bb2ec3b21,https://www.gundamplanet.com/cdn/shop/files/realize-model-zoids-1-100-rmz-005-molga-guylos-color-gp.jpg?v=1737751608&width=533
zoid,model_kit,Gundam Planet,retailer,us,Zoids 1/72 AZ-16EX Liger Zero Jager Unit Original Color,46.95,,,USD,New,https://www.gundamplanet.com/products/zoids-1-72-az-16ex-liger-zero-jager-unit-original-color?_pos=62&_sid=d77fe5282&_ss=r&_fid=bb2ec3b21,https://www.gundamplanet.com/cdn/shop/files/zoids-1-72-az-16ex-liger-zero-jager-unit-original-color-bs.jpg?v=1778800831&width=533
zoid,model_kit,Gundam Planet,retailer,us,Synergenex Zoids x Monster Hunter: Wild Liger Zinogre,65.95,,,USD,New,https://www.gundamplanet.com/products/synergenex-zoids-x-monster-hunter-wild-liger-zinogre?_pos=63&_sid=d77fe5282&_ss=r&_fid=bb2ec3b21,https://www.gundamplanet.com/cdn/shop/files/synergenex-zoids-x-monster-hunter-wild-liger-zinogre9.jpg?v=1780691401&width=533
zoid,model_kit,Gundam Planet,retailer,us,Synergenex Zoids x Monster Hunter: Wild Liger Stygian Zinogre,65.95,,,USD,New,https://www.gundamplanet.com/products/synergenex-zoids-x-monster-hunter-wild-liger-stygian-zinogre?_pos=64&_sid=d77fe5282&_ss=r&_fid=bb2ec3b21,https://www.gundamplanet.com/cdn/shop/files/synergenex-zoids-x-monster-hunter-wild-liger-stygian-zinogre9.jpg?v=1780691811&width=533
zoid,model_kit,Gundam Planet,retailer,us,Realize Model Zoids 1/100 RMZ-020 Zabat,42.95,,,USD,New,https://www.gundamplanet.com/products/realize-model-zoids-1-100-rmz-020-zabat?_pos=65&_sid=d77fe5282&_ss=r&_fid=bb2ec3b21,https://www.gundamplanet.com/cdn/shop/files/realize-model-zoids-1-100-rmz-020-zabat10.jpg?v=1771032025&width=533
zoid,model_kit,Gundam Planet,retailer,us,Zoids 1/72 AZ-02EX3 Liger Zero Type Zero Armor,23.95,,,USD,New,https://www.gundamplanet.com/products/zoids-1-72-az-02ex3-liger-zero-type-zero-armor?_pos=66&_sid=d77fe5282&_ss=r&_fid=bb2ec3b21,https://www.gundamplanet.com/cdn/shop/files/zoids-1-72-az-02ex3-liger-zero-type-zero-armor-bs.jpg?v=1778800839&width=533
zoid,model_kit,Gundam Planet,retailer,us,HMM Zoids Custom Pile Bunker Unit,16.95,,,USD,New,https://www.gundamplanet.com/products/hmm-zoids-custom-pile-bunker-unit?_pos=67&_sid=d77fe5282&_ss=r&_fid=bb2ec3b21,https://www.gundamplanet.com/cdn/shop/files/hmm-zoids-custom-pile-bunker-unit-gp.jpg?v=1737694589&width=533
zoid,model_kit,Gundam Planet,retailer,us,Realize Model Zoids 1/100 RMZ-019 Hell Cat & Molga Zenebus Color Set,53.95,,,USD,New,https://www.gundamplanet.com/products/realize-model-zoids-1-100-rmz-019-hell-cat-molga-zenebus-color-set?_pos=68&_sid=d77fe5282&_ss=r&_fid=bb2ec3b21,https://www.gundamplanet.com/cdn/shop/files/realize-model-zoids-1-100-rmz-019-hell-cat-molga-zenebus-color-set10.jpg?v=1771032507&width=533
zoid,model_kit,Gundam Planet,retailer,us,Realize Model Zoids 1/100 RMZ-024 Storm Sworder,63.95,,,USD,New,https://www.gundamplanet.com/products/realize-model-zoids-1-100-rmz-024-storm-sworder?_pos=69&_sid=d77fe5282&_ss=r&_fid=bb2ec3b21,https://www.gundamplanet.com/cdn/shop/files/realize-model-zoids-1-100-rmz-024-storm-sworder.png?v=1783536292&width=533
zoid,model_kit,Gundam Planet,retailer,us,Zoids Metamoverse 1/10 MV-02 Fine & Zeke,135.95,,,USD,New,https://www.gundamplanet.com/products/metamoverse-mv-02-fine-zeke?_pos=70&_sid=d77fe5282&_ss=r&_fid=bb2ec3b21,https://www.gundamplanet.com/cdn/shop/files/metamoverse-mv-02-fine-zeke-base.jpg?v=1791238211&width=533
zoid,model_kit,Gundam Planet,retailer,us,Realize Model Zoids 1/100 RMZ-017 Command Wolf Urban Warfare Special,57.95,,,USD,New,https://www.gundamplanet.com/products/realize-model-zoids-1-100-rmz-017-command-wolf-urban-warfare-special?_pos=71&_sid=d77fe5282&_ss=r&_fid=bb2ec3b21,https://www.gundamplanet.com/cdn/shop/files/realize-model-zoids-1-100-rmz-017-command-wolf-urban-warfare-special-gp.jpg?v=1768425249&width=533
zoid,model_kit,Gundam Planet,retailer,us,HMM Zoids Liger Zero Jager Unit (Marking Plus Ver.),45.95,,,USD,New,https://www.gundamplanet.com/products/hmm-zoids-liger-zero-jager-unit-marking-plus-ver?_pos=72&_sid=d77fe5282&_ss=r&_fid=bb2ec3b21,https://www.gundamplanet.com/cdn/shop/files/hmm-zoids-liger-zero-jager-unit-marking-plus-ver-base.jpg?v=1742860338&width=533
zoid,model_kit,Gundam Planet,retailer,us,Realize Model Zoids 1/100 RMZ-022 Murasame Liger,63.95,,,USD,New,https://www.gundamplanet.com/products/realize-model-zoids-1-100-rmz-022-murasame-liger?_pos=74&_sid=d77fe5282&_ss=r&_fid=bb2ec3b21,https://www.gundamplanet.com/cdn/shop/files/realize-model-zoids-1-100-rmz-022-murasame-liger-bs.jpg?v=1778800825&width=533
zoid,model_kit,Gundam Planet,retailer,us,1/7 SF-G01 Spark Fig Grande: Kotona Elegance (Zoids Genesis),187.95,,,USD,New,https://www.gundamplanet.com/products/1-7-sf-g01-spark-fig-grande-kotona-elegance-zoids-genesis?_pos=76&_sid=d77fe5282&_ss=r&_fid=bb2ec3b21,https://www.gundamplanet.com/cdn/shop/files/1-7-sf-g01-spark-fig-grande-kotona-elegance-zoids-genesis-bs.png?v=1778801523&width=533
zoid,model_kit,Gundam Planet,retailer,us,HMM Zoids EPZ-003 Great Saber (Marking Plus Ver.),88.95,,,USD,New,https://www.gundamplanet.com/products/hmm-zoids-epz-003-great-saber-marking-plus-ver?_pos=119&_sid=d77fe5282&_ss=r&_fid=bb2ec3b21,https://www.gundamplanet.com/cdn/shop/files/hmm-zoids-epz-003-great-saber-00_1.jpg?v=1737666712&width=533
zoid,model_kit,Gundam Planet,retailer,us,HMM Zoids RZ-053 König Wolf,119.95,,,USD,New,https://www.gundamplanet.com/products/hmm-zoids-rz-053-konig-wolf?_pos=120&_sid=d77fe5282&_ss=r&_fid=bb2ec3b21,https://www.gundamplanet.com/cdn/shop/files/hmm-zoids-konig-wolf-gp.jpg?v=1737718356&width=533
zoid,model_kit,Gundam Planet,retailer,us,HMM Zoids RZ-053 Heavy Arms König Wolf,159.95,,,USD,New,https://www.gundamplanet.com/products/hmm-zoids-rz-053-heavy-arms-konig-wolf?_pos=121&_sid=d77fe5282&_ss=r&_fid=bb2ec3b21,https://www.gundamplanet.com/cdn/shop/files/hmm-zoids-heavy-arms-konig-wolf-gp.jpg?v=1737718399&width=533
zoid,model_kit,Gundam Planet,retailer,us,HMM Zoids RZ-028 Blade Liger AB,89.95,,,USD,New,https://www.gundamplanet.com/products/hmm-zoids-rz-028-blade-liger-ab?_pos=122&_sid=d77fe5282&_ss=r&_fid=bb2ec3b21,https://www.gundamplanet.com/cdn/shop/files/zd131_bladeliger_ab_gp.jpg?v=1737679230&width=533
zoid,model_kit,Gundam Planet,retailer,us,HMM Zoids RZ-046 Shadow Fox (Marking Plus Ver.),64.95,,,USD,New,https://www.gundamplanet.com/products/hmm-zoids-rz-046-shadow-fox-marking-plus-ver?_pos=123&_sid=d77fe5282&_ss=r&_fid=bb2ec3b21,https://www.gundamplanet.com/cdn/shop/files/hmm-zoids-shadow-fox-marking-p-gp.jpg?v=1737687081&width=533
zoid,model_kit,Gundam Planet,retailer,us,Zoids 1/72 AZ-12 Geno Breaker,179.95,,,USD,New,https://www.gundamplanet.com/products/zoids-1-72-az-12-geno-breaker?_pos=124&_sid=d77fe5282&_ss=r&_fid=bb2ec3b21,https://www.gundamplanet.com/cdn/shop/files/zoids-1-72-az-12-geno-breaker-base.jpg?v=1754526537&width=533
zoid,model_kit,Gundam Planet,retailer,us,HMM Zoids RZ-045 Salamander,249.95,,,USD,New,https://www.gundamplanet.com/products/hmm-zoids-rz-045-salamander?_pos=125&_sid=d77fe5282&_ss=r&_fid=bb2ec3b21,https://www.gundamplanet.com/cdn/shop/files/hmm-zoids-rz-045-salamander-base.jpg?v=1753204569&width=533
zoid,model_kit,Gundam Planet,retailer,us,Realize Model Zoids 1/100 RMZ-008 Command Wolf Irvine Special,48.95,,,USD,New,https://www.gundamplanet.com/products/realize-model-zoids-1-100-rmz-008-command-wolf-irvine-special?_pos=126&_sid=d77fe5282&_ss=r&_fid=bb2ec3b21,https://www.gundamplanet.com/cdn/shop/files/realize-model-zoids-1-100-rmz-008-command-wolf-irvine-special9_1.jpg?v=1741262700&width=533
zoid,model_kit,Gundam Planet,retailer,us,Zoids 1/72 AZ-06EX Phoenix Republic Ver.,49.95,,,USD,New,https://www.gundamplanet.com/products/zoids-1-72-az-06ex-phoenix-republic-ver?_pos=127&_sid=d77fe5282&_ss=r&_fid=bb2ec3b21,https://www.gundamplanet.com/cdn/shop/files/zoids-1-72-az-06ex-phoenix-republic-ver-gp2.jpg?v=1739901212&width=533
zoid,model_kit,Gundam Planet,retailer,us,HMM Zoids RZ-041 Liger Zero (Marking Plus Ver.),74.95,,,USD,New,https://www.gundamplanet.com/products/hmm-zoids-rz-041-liger-zero-marking-plus-ver?_pos=128&_sid=d77fe5282&_ss=r&_fid=bb2ec3b21,https://www.gundamplanet.com/cdn/shop/files/hmm-zoids-rz-041-liger-zero-marking-plus-ver-gp.jpg?v=1737706543&width=533
zoid,model_kit,Gundam Planet,retailer,us,HMM Zoids EZ-054 Liger Zero X,89.95,,,USD,New,https://www.gundamplanet.com/products/hmm-zoids-ez-054-liger-zero-x?_pos=129&_sid=d77fe5282&_ss=r&_fid=bb2ec3b21,https://www.gundamplanet.com/cdn/shop/files/hmm-zoids-ez-054-liger-zero-x-gp2.jpg?v=1737695801&width=533
zoid,model_kit,Gundam Planet,retailer,us,HMM Zoids RZ-041 Liger Zero Jager (Marking Plus Ver.),89.95,,,USD,New,https://www.gundamplanet.com/products/hmm-zoids-rz-041-liger-zero-jager-marking-plus-ver?_pos=130&_sid=d77fe5282&_ss=r&_fid=bb2ec3b21,https://www.gundamplanet.com/cdn/shop/files/hmm-zoids-rz-041-liger-zero-jager-00_1.jpg?v=1737675121&width=533
zoid,model_kit,Gundam Planet,retailer,us,Realize Model Zoids 1/100 RMZ-012 Hell Cat Tirol,43.95,,,USD,New,https://www.gundamplanet.com/products/realize-model-zoids-1-100-rmz-012-hell-cat-tirol?_pos=131&_sid=d77fe5282&_ss=r&_fid=bb2ec3b21,https://www.gundamplanet.com/cdn/shop/files/realize-model-zoids-1-100-rmz-012-hell-cat-tirol10.jpg?v=1751666286&width=533
zoid,model_kit,Gundam Planet,retailer,us,Zoids ZW27 Raptoria,19.95,,,USD,New,https://www.gundamplanet.com/products/zoids-zw27-raptoria?_pos=132&_sid=d77fe5282&_ss=r&_fid=bb2ec3b21,https://www.gundamplanet.com/cdn/shop/files/zoids-zw27-raptoria-gp.jpg?v=1739901162&width=533
zoid,model_kit,Gundam Planet,retailer,us,Zoids 1/72 AZ-07 Death Saurer (Motorized Ver),220.95,,,USD,New,https://www.gundamplanet.com/products/zoids-1-72-az-07-death-saurer-motorized-ver?_pos=133&_sid=d77fe5282&_ss=r&_fid=bb2ec3b21,https://www.gundamplanet.com/cdn/shop/files/hmm-zoids-az-07-death-saurer-desc-gp2.jpg?v=1739901185&width=533
zoid,model_kit,Gundam Planet,retailer,us,HMM Zoids RZ-030 Gun Sniper W2 (Wild Weasel),49.95,,,USD,New,https://www.gundamplanet.com/products/hmm-zoids-rz-030-gun-sniper-w2-wild-weasel?_pos=134&_sid=d77fe5282&_ss=r&_fid=bb2ec3b21,https://www.gundamplanet.com/cdn/shop/files/hmm-zoids-rz-030-gun-sniper-w2-wild-weasel-gp.jpg?v=1737691024&width=533
zoid,model_kit,Gundam Planet,retailer,us,HMM Zoids DPZ-10 Dark Horn (Marking Plus Ver.),119.95,,,USD,New,https://www.gundamplanet.com/products/hmm-zoids-dpz-10-dark-horn-marking-plus-ver?_pos=135&_sid=d77fe5282&_ss=r&_fid=bb2ec3b21,https://www.gundamplanet.com/cdn/shop/files/hmm-zoids-dpz-10-dark-horn-marking-plus-ver-gp.jpg?v=1737754065&width=533
zoid,model_kit,Gundam Planet,retailer,us,HMM Zoids RZ-009 Command Wolf AC&LC (Marking Plus Ver.),79.95,,,USD,New,https://www.gundamplanet.com/products/hmm-zoids-rz-009-command-wolf-ac-lc-marking-plus-ver?_pos=136&_sid=d77fe5282&_ss=r&_fid=bb2ec3b21,https://www.gundamplanet.com/cdn/shop/files/hmm-zoids-rz-009-command-wolf-ac-lc-marking-plus-ver-gp2.jpg?v=1737755770&width=533
zoid,model_kit,Gundam Planet,retailer,us,Zoids ZW26 Cannon Bull,35.95,,,USD,New,https://www.gundamplanet.com/products/zoids-zw26-cannon-bull?_pos=137&_sid=d77fe5282&_ss=r&_fid=bb2ec3b21,https://www.gundamplanet.com/cdn/shop/files/zoids-cannon-bull-gp.jpg?v=1739901163&width=533
zoid,model_kit,Gundam Planet,retailer,us,HMM Zoids EZ-015 Iron Kong (Marking Plus Ver.),154.95,,,USD,New,https://www.gundamplanet.com/products/hmm-zoids-ez-015-iron-kong-marking-plus-ver?_pos=138&_sid=d77fe5282&_ss=r&_fid=bb2ec3b21,https://www.gundamplanet.com/cdn/shop/files/hmm-zoids-ez-015-iron-kong-marking-plus-ver-gp.jpg?v=1737709300&width=533
zoid,model_kit,Gundam Planet,retailer,us,HMM Zoids RBOZ-003 Gojulas The Ogre,299.95,,,USD,New,https://www.gundamplanet.com/products/hmm-zoids-rboz-003-gojulas-the-ogre?_pos=139&_sid=d77fe5282&_ss=r&_fid=bb2ec3b21,https://www.gundamplanet.com/cdn/shop/files/hmm-zoids-rboz-003-gojulas-the-ogre-00.jpg?v=1737667049&width=533
zoid,model_kit,Gundam Planet,retailer,us,Realize Model Zoids 1/100 RMZ-009 Iron Kong Guylos Color,98.95,,,USD,New,https://www.gundamplanet.com/products/realize-model-zoids-1-100-rmz-009-iron-kong-guylos-color?_pos=140&_sid=d77fe5282&_ss=r&_fid=bb2ec3b21,https://www.gundamplanet.com/cdn/shop/files/realize-model-zoids-1-100-rmz-009-iron-kong-guylos-color10.jpg?v=1744149293&width=533
zoid,model_kit,Gundam Planet,retailer,us,Zoids 1/72 AZ-05 Saber Tiger (Motorized Ver),96.95,,,USD,New,https://www.gundamplanet.com/products/zoids-1-72-az-05-saber-tiger-motorized-ver?_pos=141&_sid=d77fe5282&_ss=r&_fid=bb2ec3b21,https://www.gundamplanet.com/cdn/shop/files/zoids-1-72-az-05-saber-tiger-motorized-ver-gp_1.jpg?v=1739901159&width=533
zoid,model_kit,Gundam Planet,retailer,us,HMM Zoids EZ-049 Berserk Fuhrer (Repackage Ver.),99.95,,,USD,New,https://www.gundamplanet.com/products/hmm-zoids-ez-049-berserk-fuhrer-repackage-ver?_pos=142&_sid=d77fe5282&_ss=r&_fid=bb2ec3b21,https://www.gundamplanet.com/cdn/shop/files/hmm-zoids-ez-049-berserk-fuhrer-00_1.jpg?v=1737675307&width=533
zoid,model_kit,Gundam Planet,retailer,us,HMM Zoids RZ-046 Fire Fox (Marking Plus Ver.),64.95,,,USD,New,https://www.gundamplanet.com/products/hmm-zoids-rz-046-fire-fox-marking-plus-ver?_pos=143&_sid=d77fe5282&_ss=r&_fid=bb2ec3b21,https://www.gundamplanet.com/cdn/shop/files/hmm-zoids-rz-046-fire-fox-marking-plus-ver-gp2.jpg?v=1737729715&width=533
zoid,model_kit,Gundam Planet,retailer,us,Zoids 1/72 AZ-11 Command Wolf,91.95,,,USD,New,https://www.gundamplanet.com/products/zoids-1-72-az-11-command-wolf?_pos=144&_sid=d77fe5282&_ss=r&_fid=bb2ec3b21,https://www.gundamplanet.com/cdn/shop/files/zoids-1-72-az-11-command-wolf-base2.jpg?v=1768861297&width=533
zoid,model_kit,Gundam Planet,retailer,us,Zoids 1/72 AZ-10 Sea Panther,49.95,,,USD,New,https://www.gundamplanet.com/products/zoids-1-72-az-10-sea-panther?_pos=145&_sid=d77fe5282&_ss=r&_fid=bb2ec3b21,https://www.gundamplanet.com/cdn/shop/files/zoids-1-72-az-10-sea-panther-base.jpg?v=1760396833&width=533
zoid,model_kit,Gundam Planet,retailer,us,Zoids 1/72 AZ-09 Geno Saurer (Motorized Ver.),119.95,,,USD,New,https://www.gundamplanet.com/products/zoids-1-72-az-09-geno-saurer-motorized-ver?_pos=146&_sid=d77fe5282&_ss=r&_fid=bb2ec3b21,https://www.gundamplanet.com/cdn/shop/files/figma-sp-170-special-forces-member9_1.jpg?v=1739901211&width=533
zoid,model_kit,Gundam Planet,retailer,us,HMM Zoids RHI-3 Command Wolf Repackage Ver.,49.95,,,USD,New,https://www.gundamplanet.com/products/hmm-zoids-rhi-3-command-wolf-repackage-ver?_pos=147&_sid=d77fe5282&_ss=r&_fid=bb2ec3b21,https://www.gundamplanet.com/cdn/shop/files/hmm-zoids-rhi-3-command-wolf-repackage-ver-00.jpg?v=1737666954&width=533
zoid,model_kit,Gundam Planet,retailer,us,Zoids 1/72 Gun Sniper Leena Special 2001 Re/color,69.95,,,USD,New,https://www.gundamplanet.com/products/zoids-1-72-gun-sniper-leena-special-2001-re-color?_pos=148&_sid=d77fe5282&_ss=r&_fid=bb2ec3b21,https://www.gundamplanet.com/cdn/shop/files/zoids-1-72-gun-sniper-leena-special-2001-re-base.jpg?v=1763767258&width=533
zoid,model_kit,Gundam Planet,retailer,us,Zoids ZW32 Stylaser,48.95,,,USD,New,https://www.gundamplanet.com/products/zoids-zw32-stylaser?_pos=149&_sid=d77fe5282&_ss=r&_fid=bb2ec3b21,https://www.gundamplanet.com/cdn/shop/files/zoids-zw32-stylaser-gp.jpg?v=1739901166&width=533
zoid,model_kit,Gundam Planet,retailer,us,Zoids ZW25 Beast Liger,35.95,,,USD,New,https://www.gundamplanet.com/products/zoids-zw25-beast-liger?_pos=150&_sid=d77fe5282&_ss=r&_fid=bb2ec3b21,https://www.gundamplanet.com/cdn/shop/files/zoids-zw25-beast-liger-box-gp.jpg?v=1739901167&width=533
zoid,model_kit,Gundam Planet,retailer,us,Zoids 1/72 AZ-07 Death Saurer (Motorized Ver),220.95,,,USD,New,https://www.gundamplanet.com/products/zoids-1-72-az-07-death-saurer-motorized-ver?_pos=151&_sid=d77fe5282&_ss=r&_fid=bb2ec3b21,https://www.gundamplanet.com/cdn/shop/files/hmm-zoids-az-07-death-saurer-desc-gp2.jpg?v=1739901185&width=533
zoid,model_kit,Gundam Planet,retailer,us,Zoids ZW25 Beast Liger,35.95,,,USD,New,https://www.gundamplanet.com/products/zoids-zw25-beast-liger?_pos=152&_sid=d77fe5282&_ss=r&_fid=bb2ec3b21,https://www.gundamplanet.com/cdn/shop/files/zoids-zw25-beast-liger-box-gp.jpg?v=1739901167&width=533
zoid,model_kit,Gundam Planet,retailer,us,Zoids ZW26 Cannon Bull,35.95,,,USD,New,https://www.gundamplanet.com/products/zoids-zw26-cannon-bull?_pos=153&_sid=d77fe5282&_ss=r&_fid=bb2ec3b21,https://www.gundamplanet.com/cdn/shop/files/zoids-cannon-bull-gp.jpg?v=1739901163&width=533
zoid,model_kit,Gundam Planet,retailer,us,HMM Zoids RZ-009 Command Wolf AC&LC (Marking Plus Ver.),79.95,,,USD,New,https://www.gundamplanet.com/products/hmm-zoids-rz-009-command-wolf-ac-lc-marking-plus-ver?_pos=154&_sid=d77fe5282&_ss=r&_fid=bb2ec3b21,https://www.gundamplanet.com/cdn/shop/files/hmm-zoids-rz-009-command-wolf-ac-lc-marking-plus-ver-gp2.jpg?v=1737755770&width=533
zoid,model_kit,Gundam Planet,retailer,us,HMM Zoids RBOZ-003 Gojulas The Ogre,299.95,,,USD,New,https://www.gundamplanet.com/products/hmm-zoids-rboz-003-gojulas-the-ogre?_pos=155&_sid=d77fe5282&_ss=r&_fid=bb2ec3b21,https://www.gundamplanet.com/cdn/shop/files/hmm-zoids-rboz-003-gojulas-the-ogre-00.jpg?v=1737667049&width=533
zoid,model_kit,Gundam Planet,retailer,us,HMM Zoids EZ-015 Iron Kong (Marking Plus Ver.),154.95,,,USD,New,https://www.gundamplanet.com/products/hmm-zoids-ez-015-iron-kong-marking-plus-ver?_pos=156&_sid=d77fe5282&_ss=r&_fid=bb2ec3b21,https://www.gundamplanet.com/cdn/shop/files/hmm-zoids-ez-015-iron-kong-marking-plus-ver-gp.jpg?v=1737709300&width=533
zoid,model_kit,Gundam Planet,retailer,us,HMM Zoids DPZ-10 Dark Horn (Marking Plus Ver.),119.95,,,USD,New,https://www.gundamplanet.com/products/hmm-zoids-dpz-10-dark-horn-marking-plus-ver?_pos=157&_sid=d77fe5282&_ss=r&_fid=bb2ec3b21,https://www.gundamplanet.com/cdn/shop/files/hmm-zoids-dpz-10-dark-horn-marking-plus-ver-gp.jpg?v=1737754065&width=533
zoid,model_kit,Gundam Planet,retailer,us,HMM Zoids RZ-030 Gun Sniper W2 (Wild Weasel),49.95,,,USD,New,https://www.gundamplanet.com/products/hmm-zoids-rz-030-gun-sniper-w2-wild-weasel?_pos=158&_sid=d77fe5282&_ss=r&_fid=bb2ec3b21,https://www.gundamplanet.com/cdn/shop/files/hmm-zoids-rz-030-gun-sniper-w2-wild-weasel-gp.jpg?v=1737691024&width=533
zoid,model_kit,Gundam Planet,retailer,us,HMM Zoids EZ-049 Berserk Fuhrer (Repackage Ver.),99.95,,,USD,New,https://www.gundamplanet.com/products/hmm-zoids-ez-049-berserk-fuhrer-repackage-ver?_pos=159&_sid=d77fe5282&_ss=r&_fid=bb2ec3b21,https://www.gundamplanet.com/cdn/shop/files/hmm-zoids-ez-049-berserk-fuhrer-00_1.jpg?v=1737675307&width=533
zoid,model_kit,Gundam Planet,retailer,us,Zoids 1/72 AZ-05 Saber Tiger (Motorized Ver),96.95,,,USD,New,https://www.gundamplanet.com/products/zoids-1-72-az-05-saber-tiger-motorized-ver?_pos=160&_sid=d77fe5282&_ss=r&_fid=bb2ec3b21,https://www.gundamplanet.com/cdn/shop/files/zoids-1-72-az-05-saber-tiger-motorized-ver-gp_1.jpg?v=1739901159&width=533
zoid,model_kit,Gundam Planet,retailer,us,Zoids 1/72 AZ-09 Geno Saurer (Motorized Ver.),119.95,,,USD,New,https://www.gundamplanet.com/products/zoids-1-72-az-09-geno-saurer-motorized-ver?_pos=161&_sid=d77fe5282&_ss=r&_fid=bb2ec3b21,https://www.gundamplanet.com/cdn/shop/files/figma-sp-170-special-forces-member9_1.jpg?v=1739901211&width=533
zoid,model_kit,Gundam Planet,retailer,us,HMM Zoids RZ-046 Fire Fox (Marking Plus Ver.),64.95,,,USD,New,https://www.gundamplanet.com/products/hmm-zoids-rz-046-fire-fox-marking-plus-ver?_pos=162&_sid=d77fe5282&_ss=r&_fid=bb2ec3b21,https://www.gundamplanet.com/cdn/shop/files/hmm-zoids-rz-046-fire-fox-marking-plus-ver-gp2.jpg?v=1737729715&width=533
zoid,model_kit,Gundam Planet,retailer,us,Realize Model Zoids 1/100 RMZ-015 Saber Tiger Raven Special,57.95,,,USD,New,https://www.gundamplanet.com/products/realize-model-zoids-1-100-rmz-015-saber-tiger-raven-special?_pos=163&_sid=d77fe5282&_ss=r&_fid=bb2ec3b21,https://www.gundamplanet.com/cdn/shop/files/realize-model-zoids-1-100-rmz-015-saber-tiger-raven-special_1.jpg?v=1762570190&width=533
zoid,model_kit,Gundam Planet,retailer,us,Zoids 1/72 AZ-11 Command Wolf,91.95,,,USD,New,https://www.gundamplanet.com/products/zoids-1-72-az-11-command-wolf?_pos=164&_sid=d77fe5282&_ss=r&_fid=bb2ec3b21,https://www.gundamplanet.com/cdn/shop/files/zoids-1-72-az-11-command-wolf-base2.jpg?v=1768861297&width=533
zoid,model_kit,Gundam Planet,retailer,us,Zoids 1/72 AZ-10 Sea Panther,49.95,,,USD,New,https://www.gundamplanet.com/products/zoids-1-72-az-10-sea-panther?_pos=165&_sid=d77fe5282&_ss=r&_fid=bb2ec3b21,https://www.gundamplanet.com/cdn/shop/files/zoids-1-72-az-10-sea-panther-base.jpg?v=1760396833&width=533
zoid,model_kit,Gundam Planet,retailer,us,Zoids ZW32 Stylaser,48.95,,,USD,New,https://www.gundamplanet.com/products/zoids-zw32-stylaser?_pos=166&_sid=d77fe5282&_ss=r&_fid=bb2ec3b21,https://www.gundamplanet.com/cdn/shop/files/zoids-zw32-stylaser-gp.jpg?v=1739901166&width=533
zoid,model_kit,Gundam Planet,retailer,us,HMM Zoids RHI-3 Command Wolf Repackage Ver.,49.95,,,USD,New,https://www.gundamplanet.com/products/hmm-zoids-rhi-3-command-wolf-repackage-ver?_pos=167&_sid=d77fe5282&_ss=r&_fid=bb2ec3b21,https://www.gundamplanet.com/cdn/shop/files/hmm-zoids-rhi-3-command-wolf-repackage-ver-00.jpg?v=1737666954&width=533
zoid,model_kit,Gundam Planet,retailer,us,Realize Model Zoids 1/100 RMZ-009 Iron Kong Guylos Color,98.95,,,USD,New,https://www.gundamplanet.com/products/realize-model-zoids-1-100-rmz-009-iron-kong-guylos-color?_pos=168&_sid=d77fe5282&_ss=r&_fid=bb2ec3b21,https://www.gundamplanet.com/cdn/shop/files/realize-model-zoids-1-100-rmz-009-iron-kong-guylos-color10.jpg?v=1744149293&width=533
zoid,model_kit,Gundam Planet,retailer,us,HMM Zoids RZ-001 Gojulas Gunner,699.95,,,USD,New,https://www.gundamplanet.com/products/hmm-zoids-rz-001-gojulas-gunner?_pos=169&_sid=d77fe5282&_ss=r&_fid=bb2ec3b21,https://www.gundamplanet.com/cdn/shop/files/hmm-zoids-gojulas-gunner-gp.jpg?v=1737678082&width=533
zoid,model_kit,Gundam Planet,retailer,us,HMM Zoids RZ-002 Guysack,54.95,,,USD,New,https://www.gundamplanet.com/products/hmm-zoids-rz-002-guysack?_pos=170&_sid=d77fe5282&_ss=r&_fid=bb2ec3b21,https://www.gundamplanet.com/cdn/shop/files/hmm-zoids-rz-002-guysack-gp2.jpg?v=1737735382&width=533
zoid,model_kit,Gundam Planet,retailer,us,HMM Zoids RBOZ-003 Gojulas (Marking Plus Ver.),239.95,,,USD,New,https://www.gundamplanet.com/products/hmm-zoids-rboz-003-gojulas-marking-plus-ver?_pos=171&_sid=d77fe5282&_ss=r&_fid=bb2ec3b21,https://www.gundamplanet.com/cdn/shop/files/hmm-zoids-rboz-003-gojulas-marking-plus-ver-gp.jpg?v=1737728518&width=533
zoid,model_kit,Gundam Planet,retailer,us,HMM Zoids RZ-013 Buster Tortoise,53.95,,,USD,New,https://www.gundamplanet.com/products/hmm-zoids-rz-013-buster-tortoise?_pos=172&_sid=d77fe5282&_ss=r&_fid=bb2ec3b21,https://www.gundamplanet.com/cdn/shop/files/hmm-zoids-rz-013-buster-tortoise-00.jpg?v=1737666992&width=533
zoid,model_kit,Gundam Planet,retailer,us,HMM Zoids EZ-054 Liger Zero Empire Ver. (Marking Plus Ver.),59.95,,,USD,New,https://www.gundamplanet.com/products/hmm-zoids-ez-054-liger-zero-empire-ver-marking-plus-ver?_pos=173&_sid=d77fe5282&_ss=r&_fid=bb2ec3b21,https://www.gundamplanet.com/cdn/shop/files/hmm-zoids-ez-054-liger-zero-empire-ver-marking-plus-ver_gp.jpg?v=1737695847&width=533
zoid,model_kit,Gundam Planet,retailer,us,HMM Zoids Berserk Fuhrer Sturm Unit,63.95,,,USD,New,https://www.gundamplanet.com/products/hmm-zoids-berserk-fuhrer-sturm-unit?_pos=174&_sid=d77fe5282&_ss=r&_fid=bb2ec3b21,https://www.gundamplanet.com/cdn/shop/files/hmm-zoids-berserk-fuhrer-sturm-unit-00.jpg?v=1737671234&width=533
zoid,model_kit,Gundam Planet,retailer,us,HMM Zoids RZ-041 Liger Zero Schneider (Marking Plus Ver.),89.95,,,USD,New,https://www.gundamplanet.com/products/hmm-zoids-rz-041-liger-zero-schneider-marking-plus-ver?_pos=175&_sid=d77fe5282&_ss=r&_fid=bb2ec3b21,https://www.gundamplanet.com/cdn/shop/files/hmm-zoids-rz-041-liger-zero-schneider-00_1.jpg?v=1737675148&width=533
zoid,model_kit,Gundam Planet,retailer,us,HMM Zoids EZ-005 Redler BC,75.95,,,USD,New,https://www.gundamplanet.com/products/hmm-zoids-ez-005-redler-bc?_pos=176&_sid=d77fe5282&_ss=r&_fid=bb2ec3b21,https://www.gundamplanet.com/cdn/shop/files/hmm-zoids-ez-005-redler-bc-gp2.jpg?v=1737726311&width=533
zoid,model_kit,Gundam Planet,retailer,us,HMM Zoids RZ-029 Storm Sworder,99.95,,,USD,New,https://www.gundamplanet.com/products/hmm-zoids-rz-029-storm-sworder?_pos=177&_sid=d77fe5282&_ss=r&_fid=bb2ec3b21,https://www.gundamplanet.com/cdn/shop/files/hmm-zoids-rz-029-storm-sworder-00.jpg?v=1737669356&width=533
zoid,model_kit,Gundam Planet,retailer,us,HMM Zoids RZ-041 Liger Zero Panzer (Marking Plus Ver.),99.95,,,USD,New,https://www.gundamplanet.com/products/hmm-zoids-rz-041-liger-zero-panzer-marking-plus-ver?_pos=178&_sid=d77fe5282&_ss=r&_fid=bb2ec3b21,https://www.gundamplanet.com/cdn/shop/files/hmm-zoids-rz-041-liger-zero-panzer-00_1.jpg?v=1737675170&width=533
zoid,model_kit,Gundam Planet,retailer,us,Zoids 1/72 Gun Sniper Leena Special 2001 Re/color,69.95,,,USD,New,https://www.gundamplanet.com/products/zoids-1-72-gun-sniper-leena-special-2001-re-color?_pos=179&_sid=d77fe5282&_ss=r&_fid=bb2ec3b21,https://www.gundamplanet.com/cdn/shop/files/zoids-1-72-gun-sniper-leena-special-2001-re-base.jpg?v=1763767258&width=533
zoid,model_kit,Gundam Planet,retailer,us,HMM Zoids EZ-027 Rev Raptor Night Patrol,79.95,,,USD,New,https://www.gundamplanet.com/products/hmm-zoids-ez-027-rev-raptor-night-patrol?_pos=180&_sid=d77fe5282&_ss=r&_fid=bb2ec3b21,https://www.gundamplanet.com/cdn/shop/files/hmm-zoids-ez-027-rev-raptor-night-patrol-gp.jpg?v=1737717894&width=533
zoid,model_kit,Gundam Planet,retailer,us,HMM Zoids RMZ-11 Godos Former Republic Ver.,57.95,,,USD,New,https://www.gundamplanet.com/products/hmm-zoids-rmz-11-godos-former-republic-ver?_pos=181&_sid=d77fe5282&_ss=r&_fid=bb2ec3b21,https://www.gundamplanet.com/cdn/shop/files/zd130_godos_frver_gp.jpg?v=1737678842&width=533
zoid,model_kit,Gundam Planet,retailer,us,Zoids ZW29 Sniptera,35.95,,,USD,New,https://www.gundamplanet.com/products/zoids-zw29-sniptera?_pos=182&_sid=d77fe5282&_ss=r&_fid=bb2ec3b21,https://www.gundamplanet.com/cdn/shop/files/zoids-snipe-ptera-gp.jpg?v=1739901161&width=533
zoid,model_kit,Gundam Planet,retailer,us,HMM Zoids EZ-017 Iguan,42.95,,,USD,New,https://www.gundamplanet.com/products/hmm-zoids-ez-017-iguan?_pos=183&_sid=d77fe5282&_ss=r&_fid=bb2ec3b21,https://www.gundamplanet.com/cdn/shop/files/zd079r_iguan_gp.jpg?v=1737681496&width=533
zoid,model_kit,Gundam Planet,retailer,us,HMM Zoids EZ-004 Red Horn (Marking Plus Ver.),84.95,,,USD,New,https://www.gundamplanet.com/products/hmm-zoids-ez-004-red-horn-marking-plus-ver?_pos=184&_sid=d77fe5282&_ss=r&_fid=bb2ec3b21,https://www.gundamplanet.com/cdn/shop/files/hmm-zoids-ez-004-red-horn-marking-plus-ver-gp.jpg?v=1737726341&width=533
zoid,model_kit,Gundam Planet,retailer,us,HMM Zoids RZ-013 Cannon Tortoise (Marking Plus Ver.),56.95,,,USD,New,https://www.gundamplanet.com/products/hmm-zoids-rz-013-cannon-tortoise-marking-plus-ver?_pos=185&_sid=d77fe5282&_ss=r&_fid=bb2ec3b21,https://www.gundamplanet.com/cdn/shop/files/hmm-zoids-rz-013-cannon-tortoise-marking-plus-ver-base2.jpg?v=1748560419&width=533
zoid,model_kit,Gundam Planet,retailer,us,HMM Zoids EZ-035 Lightning Saix (Marking Plus Ver.),59.95,,,USD,New,https://www.gundamplanet.com/products/hmm-zoids-ez-035-lightning-saix-marking-plus-ver?_pos=186&_sid=d77fe5282&_ss=r&_fid=bb2ec3b21,https://www.gundamplanet.com/cdn/shop/files/hmm-zoids-ez-035-lightning-saix-00.jpg?v=1737666846&width=533
zoid,model_kit,Gundam Planet,retailer,us,HMM Zoids DPZ-10 Dark Horn,69.95,,,USD,New,https://www.gundamplanet.com/products/hmm-zoids-dpz-10-dark-horn?_pos=187&_sid=d77fe5282&_ss=r&_fid=bb2ec3b21,https://www.gundamplanet.com/cdn/shop/files/zd043_darkhorn_gp.jpg?v=1737666865&width=533
zoid,model_kit,Gundam Planet,retailer,us,HMM Zoids RZ-053 König Wolf (Damaged Box Item),104.95,,,USD,New,https://www.gundamplanet.com/products/hmm-zoids-rz-053-konig-wolf-damaged-box?_pos=188&_sid=d77fe5282&_ss=r&_fid=bb2ec3b21,https://www.gundamplanet.com/cdn/shop/files/hmm-zoids-konig-wolf-gp.jpg?v=1737718356&width=533
zoid,model_kit,Gundam Planet,retailer,us,HMM Zoids EZ-016 Saber Tiger (Marking Plus Ver.),79.95,,,USD,New,https://www.gundamplanet.com/products/hmm-zoids-ez-016-saber-tiger-marking-plus-ver?_pos=189&_sid=d77fe5282&_ss=r&_fid=bb2ec3b21,https://www.gundamplanet.com/cdn/shop/files/hmm-zoids-ez-016-saber-tiger-marking-plus-ver-gp.jpg?v=1737666608&width=533
zoid,model_kit,Gundam Planet,retailer,us,HMM Zoids EZ-036 Death Stinger ZS,149.95,,,USD,New,https://www.gundamplanet.com/products/hmm-zoids-ez-036-death-stinger-zs?_pos=190&_sid=d77fe5282&_ss=r&_fid=bb2ec3b21,https://www.gundamplanet.com/cdn/shop/files/hmm-zoids-ez-036-death-stinger-zs-gp.jpg?v=1737689551&width=533
zoid,model_kit,Gundam Planet,retailer,us,HMM Zoids Green Horn AB,109.95,,,USD,New,https://www.gundamplanet.com/products/hmm-zoids-green-horn-ab?_pos=191&_sid=d77fe5282&_ss=r&_fid=bb2ec3b21,https://www.gundamplanet.com/cdn/shop/files/hmm-zoids-green-horn-ab-gp2.jpg?v=1737720775&width=533
zoid,model_kit,Gundam Planet,retailer,us,HMM Zoids EZ-015 Iron Kong Yeti,199.95,,,USD,New,https://www.gundamplanet.com/products/hmm-zoids-ez-015-iron-kong-yeti?_pos=192&_sid=d77fe5282&_ss=r&_fid=bb2ec3b21,https://www.gundamplanet.com/cdn/shop/files/hmm-zoids-ez-015-iron-kong-yeti-gp.jpg?v=1737680546&width=533
zoid,model_kit,Gundam Planet,retailer,us,HMM Zoids RZ-007 Shield Liger (Marking Plus Ver.),59.95,,,USD,New,https://www.gundamplanet.com/products/hmm-zoids-rz-007-shield-liger-marking-plus-ver?_pos=193&_sid=d77fe5282&_ss=r&_fid=bb2ec3b21,https://www.gundamplanet.com/cdn/shop/files/hmm-zoids-rz-007-shield-liger-marking-plus-ver-box-rgp.jpg?v=1737703445&width=533
zoid,model_kit,Gundam Planet,retailer,us,Zoids 1/72 AZ-01EX Blade Liger Leon Toros Ver.,85.95,,,USD,New,https://www.gundamplanet.com/products/zoids-1-72-az-01ex-blade-liger-leon-toros-ver?_pos=194&_sid=d77fe5282&_ss=r&_fid=bb2ec3b21,https://www.gundamplanet.com/cdn/shop/files/zoids-1-72-az-01ex-blade-liger-leon-toros-ver-fr_1.jpg?v=1739901200&width=533
zoid,model_kit,Gundam Planet,retailer,us,HMM Zoids AZ-03 Murasame Liger,139.95,,,USD,New,https://www.gundamplanet.com/products/hmm-zoids-az-03-murasame-liger?_pos=195&_sid=d77fe5282&_ss=r&_fid=bb2ec3b21,https://www.gundamplanet.com/cdn/shop/files/zoids-az-03-murasame-liger-gp.jpg?v=1737725375&width=533
zoid,model_kit,Gundam Planet,retailer,us,HMM Zoids EZ-034 Geno Breaker (Repackage Ver.),120.95,,,USD,New,https://www.gundamplanet.com/products/hmm-zoids-ez-034-geno-breaker-repackage-ver?_pos=196&_sid=d77fe5282&_ss=r&_fid=bb2ec3b21,https://www.gundamplanet.com/cdn/shop/files/hmm-zoids-ez-034-geno-breaker-repackage-ver-gp.jpg?v=1737691048&width=533
zoid,model_kit,Gundam Planet,retailer,us,HMM Zoids RZ-010 Pteras Bomber (Marking Plus Ver.),55.95,,,USD,New,https://www.gundamplanet.com/products/hmm-zoids-rz-010-pteras-bomber-marking-plus-ver?_pos=197&_sid=d77fe5282&_ss=r&_fid=bb2ec3b21,https://www.gundamplanet.com/cdn/shop/files/hmm-zoids-rz-010-pteras-bomber-marking-plus-ver-gp.jpg?v=1738029471&width=533
zoid,model_kit,Gundam Planet,retailer,us,HMM Zoids EZ-049 Sturm Tyrann,149.95,,,USD,New,https://www.gundamplanet.com/products/hmm-zoids-ez-049-sturm-tyrann?_pos=198&_sid=d77fe5282&_ss=r&_fid=bb2ec3b21,https://www.gundamplanet.com/cdn/shop/files/hmm-zoids-ez-049-sturm-tyrann-00.jpg?v=1738029352&width=533
zoid,model_kit,Gundam Planet,retailer,us,Zoids ZW28 Bazootle,35.95,,,USD,New,https://www.gundamplanet.com/products/zoids-zw28-bazootle?_pos=199&_sid=d77fe5282&_ss=r&_fid=bb2ec3b21,https://www.gundamplanet.com/cdn/shop/files/zoids-bazootle-gp.jpg?v=1739901165&width=533
zoid,model_kit,Gundam Planet,retailer,us,Adamas Machina Zoids 1/72 AMZ-01 Berserk Führer,329.95,,,USD,New,https://www.gundamplanet.com/products/adamas-machina-zoids-1-72-amz-01-berserk-fuhrer?_pos=200&_sid=d77fe5282&_ss=r&_fid=bb2ec3b21,https://www.gundamplanet.com/cdn/shop/files/adamas-machina-zoids-1-72-amz-01-berserk-fuhrer-fr.jpg?v=1737747328&width=533
zoid,model_kit,Gundam Planet,retailer,us,HMM Zoids EZ-026 Geno Saurer (Repackage Ver.),89.95,,,USD,New,https://www.gundamplanet.com/products/hmm-zoids-ez-026-geno-saurer-repackage-ver?_pos=201&_sid=d77fe5282&_ss=r&_fid=bb2ec3b21,https://www.gundamplanet.com/cdn/shop/files/zd118_genosaurer_repackagever_gp.jpg?v=1737679568&width=533
zoid,model_kit,Gundam Planet,retailer,us,Synergenex Zoids x Monster Hunter: Gatling Fox Mizutsune,69.95,,,USD,New,https://www.gundamplanet.com/products/synergenex-zoids-x-monster-hunter-gatling-fox-mizutsune?_pos=202&_sid=d77fe5282&_ss=r&_fid=bb2ec3b21,https://www.gundamplanet.com/cdn/shop/files/monster-hunter-x-zoids-gatling-fox-mizutsune_1.jpg?v=1742519345&width=533
zoid,model_kit,Gundam Planet,retailer,us,Synergenex Zoids x Monster Hunter: Sonic Bird Rathalos Armor,59.95,,,USD,New,https://www.gundamplanet.com/products/synergenex-zoids-x-monster-hunter-sonic-bird-rathalos-armor?_pos=203&_sid=d77fe5282&_ss=r&_fid=bb2ec3b21,https://www.gundamplanet.com/cdn/shop/files/zoids-x-monster-hunter-sonic-bird-rathalos-armor-fr.jpg?v=1739901177&width=533
zoid,model_kit,Gundam Planet,retailer,us,Synergenex Zoids x Patlabor: Hunter Wolf Unit 2,49.95,,,USD,New,https://www.gundamplanet.com/products/synergenex-zoids-x-patlabor-hunter-wolf-unit-2?_pos=204&_sid=d77fe5282&_ss=r&_fid=bb2ec3b21,https://www.gundamplanet.com/cdn/shop/files/zoids-x-patlabor-hunter-wolf-unit-2-base_eaf56954-d7b8-4908-888d-e8972f0584f2.jpg?v=1754526096&width=533
zoid,model_kit,Gundam Planet,retailer,us,Realize Model Zoids 1/100 RMZ-013 Shield Liger Bang Special,64.95,,,USD,New,https://www.gundamplanet.com/products/realize-model-zoids-1-100-rmz-013-shield-liger-bang-special?_pos=205&_sid=d77fe5282&_ss=r&_fid=bb2ec3b21,https://www.gundamplanet.com/cdn/shop/files/realize-model-zoids-1-100-rmz-013-shield-liger-bang-special-base.jpg?v=1754596046&width=533
zoid,model_kit,Gundam Planet,retailer,us,HMM Zoids Liger Zero Schneider Unit Marking Plus Ver.,45.95,,,USD,New,https://www.gundamplanet.com/products/hmm-zoids-liger-zero-schneider-unit?_pos=206&_sid=d77fe5282&_ss=r&_fid=bb2ec3b21,https://www.gundamplanet.com/cdn/shop/files/hmm-zoids-liger-zero-schneider-unit-00.jpg?v=1737666951&width=533
zoid,model_kit,Gundam Planet,retailer,us,Synergenex Zoids x Monster Hunter: Beast Liger Sinister Armor,59.95,,,USD,New,https://www.gundamplanet.com/products/synergenex-zoids-x-monster-hunter-beast-liger-sinister-armor?_pos=207&_sid=d77fe5282&_ss=r&_fid=bb2ec3b21,https://www.gundamplanet.com/cdn/shop/files/zoids-x-monster-hunter-beast-liger-sinister-armor-fr.jpg?v=1739901178&width=533
zoid,model_kit,Gundam Planet,retailer,us,HMM Zoids RZ-041 Liger Zero Panzer Unit (Marking Plus Ver.),47.95,,,USD,New,https://www.gundamplanet.com/products/hmm-zoids-rz-041-liger-zero-panzer-unit-marking-plus-ver?_pos=208&_sid=d77fe5282&_ss=r&_fid=bb2ec3b21,https://www.gundamplanet.com/cdn/shop/files/hmm-zoids-rz-041-liger-zero-panzer-unit-marking-plus-ver-fr.jpg?v=1743631671&width=533
zoid,model_kit,Gundam Planet,retailer,us,HMM Zoids EMZ-15 Molga AA And Molga Carrier,52.95,,,USD,New,https://www.gundamplanet.com/products/hmm-zoids-emz-15-molga-aa-and-molga-carrier?_pos=209&_sid=d77fe5282&_ss=r&_fid=bb2ec3b21,https://www.gundamplanet.com/cdn/shop/files/hmm-zoids-emz-15-molga-aa-and-molga-carrier-gp.jpg?v=1737680165&width=533
zoid,model_kit,Gundam Planet,retailer,us,HMM Zoids RMZ-04 Gurantula,45.95,,,USD,New,https://www.gundamplanet.com/products/hmm-zoids-rmz-04-gurantula?_pos=210&_sid=d77fe5282&_ss=r&_fid=bb2ec3b21,https://www.gundamplanet.com/cdn/shop/files/hmm-zoids-rmz-04-gurantula-gp2.jpg?v=1737746528&width=533
zoid,model_kit,Gundam Planet,retailer,us,Synergenex Zoids x Monster Hunter: Knuckle Kong Rajang,69.95,,,USD,New,https://www.gundamplanet.com/products/synergenex-zoids-x-monster-hunter-knuckle-kong-rajang?_pos=211&_sid=d77fe5282&_ss=r&_fid=bb2ec3b21,https://www.gundamplanet.com/cdn/shop/files/monster-hunter-x-zoids-1-35-knuckle-kong-rajang_1.jpg?v=1742519291&width=533
zoid,model_kit,Gundam Planet,retailer,us,HMM Zoids EZ-015 Iron Kong PK (Prozen Knights Ver.),195.95,,,USD,New,https://www.gundamplanet.com/products/hmm-zoids-ez-015-iron-kong-pk-prozen-knights-ver?_pos=212&_sid=d77fe5282&_ss=r&_fid=bb2ec3b21,https://www.gundamplanet.com/cdn/shop/files/hmm-zoids-ez-015-iron-kong-pk-prozen-knights-ver-00.jpg?v=1737667007&width=533
zoid,model_kit,Gundam Planet,retailer,us,Realize Model Zoids 1/100 RMZ-010 Cannoly Molga & Hell Cat Base Guards,66.95,,,USD,New,https://www.gundamplanet.com/products/realize-model-zoids-1-100-rmz-010-cannoly-molga-hell-cat-base-guards?_pos=213&_sid=d77fe5282&_ss=r&_fid=bb2ec3b21,https://www.gundamplanet.com/cdn/shop/files/realize-model-zoids-1-100-rmz-010-canory-molga-hell-cat-base-guards-gp.jpg?v=1748365550&width=533
zoid,model_kit,Gundam Planet,retailer,us,HMM Zoids Customize Parts Dual Sniper Rifle & AZ Five Launch Missile System Set,36.95,,,USD,New,https://www.gundamplanet.com/products/hmm-zoids-customize-parts-dual-sniper-rifle-az-five-launch-missile-system-set?_pos=214&_sid=d77fe5282&_ss=r&_fid=bb2ec3b21,https://www.gundamplanet.com/cdn/shop/files/hmm-zoids-dual-sniper-rifle-az-five-launch-missile-system-set-gp.jpg?v=1737718378&width=533
zoid,model_kit,Gundam Planet,retailer,us,HMM Zoids Customize Parts Attack Booster Set,23.95,,,USD,New,https://www.gundamplanet.com/products/hmm-zoids-customize-parts-attack-booster-set?_pos=215&_sid=d77fe5282&_ss=r&_fid=bb2ec3b21,https://www.gundamplanet.com/cdn/shop/files/hmm-zoids-customize-parts-attack-booster-set-gp.jpg?v=1737720749&width=533
zoid,model_kit,Gundam Planet,retailer,us,HMM Zoids Customize Parts Booster Cannon Set,24.95,,,USD,New,https://www.gundamplanet.com/products/hmm-zoids-customize-parts-booster-cannon-set?_pos=216&_sid=d77fe5282&_ss=r&_fid=bb2ec3b21,https://www.gundamplanet.com/cdn/shop/files/hmm-zoids-customize-parts-booster-cannon-set-gp2.jpg?v=1737712530&width=533
zoid,model_kit,HLJ.com,retailer,,1/72 Zoids AZ-18 Godos Dinosaur Type,50.34,,,USD,New,https://www.hlj.com/1-72-scale-zoids-az-18-godos-dinosaur-type-tkt05862,https://www.hlj.com/productthumbs/tkt/tkt05862_0_1790839227.jpg?v=1790839227
zoid,model_kit,HLJ.com,retailer,,1/100 Realize Model Zoids RMZ-002 Geno Saurer (Reissue),43.15,,,USD,New,https://www.hlj.com/1-100-scale-realize-model-zoids-rmz-002-geno-saurer-reissue-tkt93969-2,https://www.hlj.com/productthumbs/tkt/tkt93969-2_0_1745804406.jpg?v=1745804406
zoid,model_kit,HLJ.com,retailer,,1/100 Realize Model Zoids RMZ-003 Command Wolf (Reissue),25.17,,,USD,New,https://www.hlj.com/1-100-scale-realize-model-zoids-rmz-003-command-wolf-reissue-tkt91876-2,https://www.hlj.com/productthumbs/tkt/tkt91876-2_0_1745804409.jpg?v=1745804409
zoid,model_kit,HLJ.com,retailer,,1/100 Realize Model Zoids RMZ-005 Molga Guylos Color,17.98,,,USD,New,https://www.hlj.com/1-100-scale-realize-model-zoids-rmz-005-molga-guylos-color-tkt93973,https://www.hlj.com/productthumbs/tkt/tkt93973_0_1725246607.jpg?v=1725246607
zoid,model_kit,HLJ.com,retailer,,1/100 Realize Model Zoids RMZ-006 Saber Tiger Schwalz Special,43.15,,,USD,New,https://www.hlj.com/1-100-scale-realize-model-zoids-rmz-006-saber-tiger-schwalz-special-tkt93971,https://www.hlj.com/productthumbs/tkt/tkt93971_0_1730456429.jpg?v=1730456429
zoid,model_kit,HLJ.com,retailer,,1/100 Realize Model Zoids RMZ-004 Hell Cat Guylos Color,19.42,,,USD,New,https://www.hlj.com/1-100-scale-realize-model-zoids-rmz-004-hell-cat-guylos-color-tkt93970,https://www.hlj.com/productthumbs/tkt/tkt93970_0_1725246674.jpg?v=1725246674
zoid,model_kit,HLJ.com,retailer,,1/100 Realize Model Zoids RMZ-027 Dibison Thoma Special Buffalo Type,43.15,,,USD,New,https://www.hlj.com/1-100-scale-realize-model-zoids-rmz-027-dibison-thoma-special-buffalo-type-tkt09259,https://www.hlj.com/productthumbs/tkt/tkt09259_0_1790839221.jpg?v=1790839221
zoid,model_kit,HLJ.com,retailer,,1/100 Realize Model Zoids RMZ-016 Blade Liger Panzer (ZBF) Lion Type,64.73,,,USD,New,https://www.hlj.com/1-100-scale-realize-model-zoids-rmz-016-blade-liger-panzer-zbf-lion-type-tkt09254,https://www.hlj.com/productthumbs/tkt/tkt09254_0_1764670844.jpg?v=1764670844
zoid,model_kit,HLJ.com,retailer,,1/100 Realize Model Zoids RMZ-014 Red Horn Guylos Color Styracosaurus Type,43.15,,,USD,New,https://www.hlj.com/1-100-scale-realize-model-zoids-rmz-014-red-horn-guylos-color-styracosaurus-type-tkt93974,https://www.hlj.com/productthumbs/tkt/tkt93974_0_1759715458.jpg?v=1759715458
zoid,model_kit,HLJ.com,retailer,,1/35 SPIDER ZOIDS SPIDER-MAN Special,30.28,,,USD,New,https://www.hlj.com/1-35-scale-spider-zoids-spider-man-special-tkt94855,https://www.hlj.com/productthumbs/tkt/tkt94855_0_1725246605.jpg?v=1725246605
zoid,model_kit,HLJ.com,retailer,,1/100 Realize Model Zoids RMZ-007 Trinity Liger,43.15,,,USD,New,https://www.hlj.com/1-100-scale-realize-model-zoids-rmz-007-trinity-liger-tkt93968,https://www.hlj.com/productthumbs/tkt/tkt93968_0_1736829611.jpg?v=1736829611
zoid,model_kit,HLJ.com,retailer,,1/72 Zoids LIGHTNING SAIX Irvine Special 2000 -Recolor-,61.85,,,USD,New,https://www.hlj.com/1-72-scale-zoids-lightning-saix-irvine-special-2000-recolor-kbyzd192,https://www.hlj.com/productthumbs/kby/kbyzd192_0_1765852832.jpg?v=1765852832
zoid,model_kit,HLJ.com,retailer,,1/72 Zoids Iron Kong Schwarz Special 1999 -Recolor-,140.24,,,USD,New,https://www.hlj.com/1-72-scale-zoids-iron-kong-schwarz-special-1999-recolor-kbyzd195,https://www.hlj.com/productthumbs/kby/kbyzd195_0_1770690630.jpg?v=1770690630
zoid,model_kit,HLJ.com,retailer,,1/72 Zoids: EZ-006 Molga Full Option Set,46.75,,,USD,New,https://www.hlj.com/1-72-scale-zoids-ez-006-molga-full-option-set-kbyzd186,https://www.hlj.com/productthumbs/kby/kbyzd186_0_1733970608.jpg?v=1733970608
zoid,model_kit,HLJ.com,retailer,,1/72 Zoids AZ-13 Canory Molga Insect Type,39.56,,,USD,New,https://www.hlj.com/1-72-scale-zoids-az-13-canory-molga-insect-type-tkt09684,https://www.hlj.com/productthumbs/tkt/tkt09684_0_1759716015.jpg?v=1759716015
zoid,model_kit,HLJ.com,retailer,,1/35 SPIDER ZOIDS BLACK SPIDER-MAN Special,30.28,,,USD,New,https://www.hlj.com/1-35-scale-spider-zoids-black-spider-man-special-tkt95596,https://www.hlj.com/productthumbs/tkt/tkt95596_0_1725246682.jpg?v=1725246682
zoid,model_kit,HLJ.com,retailer,,1/72 Zoids: RZ-030 Gun Sniper W2 (Reissue),39.37,,,USD,New,https://www.hlj.com/1-72-scale-zoids-rz-030-gun-sniper-w2-reissue-kbyzd146x,https://www.hlj.com/productthumbs/kby/kbyzd146x_0_1712629231.jpg?v=1712629231
zoid,model_kit,HLJ.com,retailer,,1/72 Zoids: RZ-014 Godos Marking Plus Ver. (Reissue),40.06,,,USD,New,https://www.hlj.com/1-72-scale-zoids-rz-014-godos-marking-plus-ver-reissue-kbyzd157x,https://www.hlj.com/productthumbs/kby/kbyzd157x_0_1729737012.jpg?v=1729737012
zoid,model_kit,HLJ.com,retailer,,Zoids D-Style Shield Liger [Clear Parts Append],21.58,,,USD,New,https://www.hlj.com/zoids-d-style-shield-liger-clear-parts-append-kbykp-871,https://www.hlj.com/productthumbs/kby/kbykp-871_0_1775529008.jpg?v=1775529008
zoid,model_kit,HLJ.com,retailer,,1/72 Zoids: EHI-7 Reddra Zenebus Empire Ver. (Reissue),45.42,,,USD,New,https://www.hlj.com/1-72-scale-zoids-ehi-7-reddra-zenebus-empire-ver-reissue-kbyzd152x,https://www.hlj.com/productthumbs/kby/kbyzd152x_0_1729737005.jpg?v=1729737005
zoid,model_kit,HLJ.com,retailer,,1/100 Realize Model Zoids RMZ-020 Zabat Bat Type,30.21,,,USD,New,https://www.hlj.com/1-100-scale-realize-model-zoids-rmz-020-zabat-bat-type-tkt08689,https://www.hlj.com/productthumbs/tkt/tkt08689_0_1770882006.jpg?v=1770882006
zoid,model_kit,HLJ.com,retailer,,1/72 Zoids: EZ-005 Redler Guyros Empire Ver. (Reissue),45.42,,,USD,New,https://www.hlj.com/1-72-scale-zoids-ez-005-redler-guyros-empire-ver-reissue-kbyzd153x,https://www.hlj.com/productthumbs/kby/kbyzd153x_0_1729737009.jpg?v=1729737009
zoid,model_kit,HLJ.com,retailer,,ZOIDS: Liger Zero Jager Marking Plus Ver. (Reissue),55.87,,,USD,New,https://www.hlj.com/zoids-liger-zero-jager-marking-plus-ver-reissue-kbyzd122r,https://www.hlj.com/productthumbs/kby/kbyzd122r_0_1738821628.jpg?v=1738821628
zoid,model_kit,HLJ.com,retailer,,1/72 Zoids AZ-15 Psycho Geno Saurer Tyrannosaurus Type,107.88,,,USD,New,https://www.hlj.com/1-72-scale-zoids-az-15-psycho-geno-saurer-tyrannosaurus-type-tkt07069,https://www.hlj.com/productthumbs/tkt/tkt07069_0_1770882033.jpg?v=1770882033
zoid,model_kit,HLJ.com,retailer,,1/72 Zoids: EPZ-003 Great Sabre Marking Plus Ver. (Reissue),54.51,,,USD,New,https://www.hlj.com/1-72-scale-zoids-epz-003-great-sabre-marking-plus-ver-reissue-kbyzd135r,https://www.hlj.com/productthumbs/kby/kbyzd135r_0_1747883415.jpg?v=1747883415
zoid,model_kit,HLJ.com,retailer,,Zoids D-Style Command Wolf Irvine [Clear Parts Append],23.01,,,USD,New,https://www.hlj.com/zoids-d-style-command-wolf-irvine-clear-parts-append-kbykp-872,https://www.hlj.com/productthumbs/kby/kbykp-872_0_1776910809.jpg?v=1776910809
zoid,model_kit,HLJ.com,retailer,,1/35 Monster Hunter x Zoids Gatling Fox Mizutsune,41.33,,,USD,New,https://www.hlj.com/1-35-scale-monster-hunter-x-zoids-gatling-fox-mizutsune-tkt99520,https://www.hlj.com/productthumbs/tkt/tkt99520_0_1741078211.jpg?v=1741078211
zoid,model_kit,HLJ.com,retailer,,1/100 Realize Model Zoids RMZ-009 Iron Kong Guylos Color,59.96,,,USD,New,https://www.hlj.com/1-100-scale-realize-model-zoids-rmz-009-iron-kong-guylos-color-tkt93972,https://www.hlj.com/productthumbs/tkt/tkt93972_0_1743496224.jpg?v=1743496224
zoid,model_kit,HLJ.com,retailer,,1/35 Monster Hunter x Zoids Knuckle Kong Rajang,41.33,,,USD,New,https://www.hlj.com/1-35-scale-monster-hunter-x-zoids-knuckle-kong-rajang-tkt99519,https://www.hlj.com/productthumbs/tkt/tkt99519_0_1741077635.jpg?v=1741077635
zoid,model_kit,HLJ.com,retailer,,1/100 Realize Model Zoids RMZ-013 Shield Liger Bang Special,43.15,,,USD,New,https://www.hlj.com/1-100-scale-realize-model-zoids-rmz-013-shield-liger-bang-special-tkt99552,https://www.hlj.com/productthumbs/tkt/tkt99552_0_1754275269.jpg?v=1754275269
zoid,model_kit,HLJ.com,retailer,,1/72 Zoids: Liger Zero Schneider Unit Marking Plus Ver. (Reissue),25.89,,,USD,New,https://www.hlj.com/1-72-scale-zoids-liger-zero-schneider-unit-marking-plus-ver-reissue-kbyzd143r,https://www.hlj.com/productthumbs/kby/kbyzd143r_0_1739848810.jpg?v=1739848810
zoid,model_kit,HLJ.com,retailer,,1/72 Zoids: LIGER ZERO PANZER UNIT MARKING PLUS Ver. (Reissue),28.62,,,USD,New,https://www.hlj.com/1-72-scale-zoids-liger-zero-panzer-unit-marking-plus-ver-reissue-kbyzd144r,https://www.hlj.com/productthumbs/kby/kbyzd144r_0_1743475812.jpg?v=1743475812
zoid,model_kit,HLJ.com,retailer,,1/72 Zoids: RZ-041 Liger Zero Schneider Marking Plus Ver. (Reissue),55.87,,,USD,New,https://www.hlj.com/1-72-scale-zoids-rz-041-liger-zero-schneider-marking-plus-ver-reissue-kbyzd123r,https://www.hlj.com/productthumbs/kby/kbyzd123r_0_1739848207.jpg?v=1739848207
zoid,model_kit,HLJ.com,retailer,,ZOIDS: Jager Unit Marking Plus Ver. For Liger Zero (Reissue),25.89,,,USD,New,https://www.hlj.com/zoids-jager-unit-marking-plus-ver-for-liger-zero-reissue-kbyzd147r,https://www.hlj.com/productthumbs/kby/kbyzd147r_0_1738822204.jpg?v=1738822204
zoid,model_kit,HLJ.com,retailer,,1/100 Realize Model Zoids RMZ-015 Saber Tiger Raven Special Tiger Type,46.75,,,USD,New,https://www.hlj.com/1-100-scale-realize-model-zoids-rmz-015-saber-tiger-raven-special-tiger-type-tkt09253,https://www.hlj.com/productthumbs/tkt/tkt09253_0_1762228209.jpg?v=1762228209
zoid,model_kit,HLJ.com,retailer,,1/100 Realize Model Zoids RMZ-017 Command Wolf Urban Warfare Special Wolf Type,38.84,,,USD,New,https://www.hlj.com/1-100-scale-realize-model-zoids-rmz-017-command-wolf-urban-warfare-special-wolf-type-tkt91877,https://www.hlj.com/productthumbs/tkt/tkt91877_0_1768281622.jpg?v=1768281622
zoid,model_kit,HLJ.com,retailer,,1/100 Realize Model Zoids RMZ-019 Hell Cat & Molga Zenebus Color Set Panther Type & Insect Type,38.84,,,USD,New,https://www.hlj.com/1-100-scale-realize-model-zoids-rmz-019-hell-cat-molga-zenebus-color-set-panther-type-insect-type-tkt07398,https://www.hlj.com/productthumbs/tkt/tkt07398_0_1770882011.jpg?v=1770882011
zoid,model_kit,HLJ.com,retailer,,Zoids Wild EX-Zero,22.71,,,USD,New,https://www.hlj.com/zoids-wild-ex-zero-hbj62542,https://www.hlj.com/productthumbs/hbj/hbj62542_0_1627644631.jpg?v=1627644631
zoid,model_kit,HLJ.com,retailer,,ZOIDS Dark Forces Invasion,21.63,,,USD,New,https://www.hlj.com/zoids-dark-forces-invasion-hbj60648,https://www.hlj.com/productthumbs/hbj/hbj60648_0.jpg?v=
zoid,model_kit,HLJ.com,retailer,,Zoids Concept Art III,21.63,,,USD,New,https://www.hlj.com/zoids-concept-art-iii-hbj60435,https://www.hlj.com/productthumbs/hbj/hbj60435_0.jpg?v=
zoid,other,HLJ.com,retailer,,Zoids Republic Decal Set 1,4.09,,,USD,New,https://www.hlj.com/zoids-republic-decal-set-1-wavpt-06,https://www.hlj.com/productthumbs/wav/wavpt-06.jpg?v=
zoid,other,HLJ.com,retailer,,Zoids Empire Decal Set 1,4.09,,,USD,New,https://www.hlj.com/zoids-empire-decal-set-1-wavpt-07,https://www.hlj.com/productthumbs/wav/wavpt-07.jpg?v=
zoid,model_kit,HLJ.com,retailer,,1/72 Zoids: RZ-028 Blade Liger AB (Reissue),54.51,,,USD,New,https://www.hlj.com/1-72-scale-zoids-rz-028-blade-liger-ab-reissue-kbyzd131r,https://www.hlj.com/productthumbs/kby/kbyzd131r_0_1739848827.jpg?v=1739848827
zoid,model_kit,HLJ.com,retailer,,1/72 Zoid: RZ-029 Storm Sworder (Reissue),69.65,,,USD,New,https://www.hlj.com/1-72-scale-zoid-rz-029-storm-sworder-reissue-kbyzd101y,https://www.hlj.com/productthumbs/kby/kbyzd101y_0_1720671621.jpg?v=1720671621
zoid,model_kit,HLJ.com,retailer,,Zoid Anthology High-end Master File,18.17,,,USD,New,https://www.hlj.com/zoid-anthology-high-end-master-file-hbj60881,https://www.hlj.com/productthumbs/hbj/hbj60881_0_1484513865.jpg?v=1484513865
zoid,model_kit,HLJ.com,retailer,,EZ-034 Geno Breaker Repackage Ver. (Reissue),69.5,,,USD,New,https://www.hlj.com/ez-034-geno-breaker-repackage-ver-reissue-kbyzd140x-2,https://www.hlj.com/productthumbs/kby/kbyzd140x-2_0_1738821623.jpg?v=1738821623
zoid,model_kit,Gundam Place Store,retailer,us,Zoids Lightning Saix (Irvine Special) 2000 -Recolor-,69.99,,,USD,New,https://gundamplacestore.com/products/zoids-highend-master-model-ez-035-lightning-saix-marking-plus-ver-20-copy?q=zoids,https://cdn.shopify.com/s/files/1/0579/0095/7832/files/F05C3112-788B-4FB2-87EE-E34AB3461AB5.webp?v=1783455718
zoid,model_kit,Gundam Place Store,retailer,us,Zoids Realize Model RMZ-012 Hell Cat Tirol 1/100 Scale Model Kit,44.99,,,USD,New,https://gundamplacestore.com/products/zoids-realize-model-rmz-012-hell-cat-tirol-1-100-scale-model-kit?q=zoids,https://cdn.shopify.com/s/files/1/0579/0095/7832/files/C2608C36-8B0F-460E-847B-E80EEA14F887.webp?v=1777493333
zoid,model_kit,Gundam Place Store,retailer,us,Zoids Highend Master Model RZ-002 Guysak 1/72 Scale Model Kit #061,54.99,,,USD,New,https://gundamplacestore.com/products/zoids-highend-master-model-rz-002-guysak-1-72-scale-model-kit?q=zoids,https://cdn.shopify.com/s/files/1/0579/0095/7832/files/1AC94B96-BCE0-49C4-AD13-0F6FC10666C5.webp?v=1726884135
zoid,model_kit,Gundam Place Store,retailer,us,Zoids Realize Model RMZ-016 Blade Liger Panzer (ZBF) Lion Type 1/100 Scale Model Kit,71.99,,,USD,New,https://gundamplacestore.com/products/zoids-realize-model-rmz-016-blade-liger-panzer-zbf-lion-type-1-100-scale-model-kit?q=zoids,https://cdn.shopify.com/s/files/1/0579/0095/7832/files/54F2E078-FBAE-4F99-85AD-553C96C99F02.webp?v=1787595210
zoid,model_kit,Gundam Place Store,retailer,us,Zoids Realize Model RMZ-014 Red Horn Styracosaurus Type 1/100 Scale Model Kit,54.99,,,USD,New,https://gundamplacestore.com/products/zoids-highend-master-model-017-ez-004-red-horn-marking-plus-ver-1-72-scale-model-kit-copy?q=zoids,https://cdn.shopify.com/s/files/1/0579/0095/7832/files/0914AE38-7C87-4C5E-8B56-9769A5AC7614.webp?v=1783832754
zoid,model_kit,Gundam Place Store,retailer,us,Zoids x Metamor Verse MV-01 Ao Kiriyama & Blade Liger 1/10 Scale Model Kit,119.99,,,USD,New,https://gundamplacestore.com/products/neon-genesis-evangelion-x-zoids-t-spark-xeno-rex-production-model-02-model-kit-copy?q=zoids,https://cdn.shopify.com/s/files/1/0579/0095/7832/files/CB964387-3230-4DBD-BD8F-97C3CE5C929E.webp?v=1777491377
zoid,model_kit,Gundam Place Store,retailer,us,Zoids Highend Master Model RZ-014 Godos (Marking Plus Ver.),53.99,,,USD,New,https://gundamplacestore.com/products/zoids-highend-master-model-rz-014-godos-marking-plus-ver?q=zoids,https://cdn.shopify.com/s/files/1/0579/0095/7832/products/03717ef5-1648-41dd-818b-7dd224c6060e.jpg?v=1661188959
zoid,model_kit,Gundam Place Store,retailer,us,Zoids Advanced Zi AZ-12 Geno Breaker (Motorized Model) 1/72,159.99,,,USD,New,https://gundamplacestore.com/products/zoids-az-02ex2-ez-054-liger-zero-lion-type-empire-ver-motorized-model-1-72-copy?q=zoids,https://cdn.shopify.com/s/files/1/0579/0095/7832/files/BA448151-242B-4B71-87EF-DCC70AB0DA56.webp?v=1780430354
zoid,model_kit,Gundam Place Store,retailer,us,Neon Genesis Evangelion x Zoids T-Spark Xeno Rex Test Type-01 Model Kit,65.99,,,USD,New,https://gundamplacestore.com/products/zoids-x-neon-genesis-evangelion-t-spark-xeno-rex-test-type-01-model-kit?q=zoids,https://cdn.shopify.com/s/files/1/0579/0095/7832/files/C481172B-51E4-410E-B7F9-099BB346EF1C.webp?v=1777488944
zoid,model_kit,Gundam Place Store,retailer,us,Zoids Adamas Machina AM-Z01EX Berserk Fury (Elementary Body) Model Kit,229.99,,,USD,New,https://gundamplacestore.com/products/zoids-advanced-zi-az-12-geno-breaker-1-72-scale-model-kit-copy?q=zoids,https://cdn.shopify.com/s/files/1/0579/0095/7832/files/66FE9756-B01F-4B28-9E00-6AE689004C3D.webp?v=1780430713
zoid,model_kit,Gundam Place Store,retailer,us,Zoids Realize Model RMZ-015 Saber Tiger Raven Special Tiger Type 1/100 Scale Model Kit,48.99,,,USD,New,https://gundamplacestore.com/products/zoids-realize-model-rmz-015-saber-tiger-raven-special-tiger-type-1-100-scale-model-kit?q=zoids,https://cdn.shopify.com/s/files/1/0579/0095/7832/files/rn-image_picker_lib_temp_798ba2d0-1d98-46ea-a3a8-05844b85ad98.jpg?v=1787067055
zoid,model_kit,Gundam Place Store,retailer,us,Zoids Highend Master Model #55 EZ-005 Redler (Guyros Empire Ver.)1/72 Scale Model Kit (Reissue),59.99,,,USD,New,https://gundamplacestore.com/products/copy-zoids-highend-master-model-rz-010-pteras-bomber-marking-plus-ver-1-72-scale-model-kit?q=zoids,https://cdn.shopify.com/s/files/1/0579/0095/7832/files/6D978AC1-4AE4-4F92-9BAA-C482BF4CB290.webp?v=1705512308
zoid,model_kit,Gundam Place Store,retailer,us,Zoids Highend Master Model EZ-054 Liger Zero X 1/72 Scale Model Kit,99.99,,,USD,New,https://gundamplacestore.com/products/zoids-highend-master-model-ez-054-liger-zero-x-1-72-scale-model-kit?q=zoids,https://cdn.shopify.com/s/files/1/0579/0095/7832/files/DE770B6A-AB6B-49E0-AC86-CF210E3FDD83.jpg?v=1769787856
zoid,other,USA Gundam Store,retailer,us,CS532 Mr Color HMM Zoids Color Set,12.99,,,USD,New,https://www.usagundamstore.com/products/cs532-mr-color-hmm-zoids-color-set,https://cdn.shopify.com/s/files/1/0727/8355/products/gsi-creos-mr-hobby-cs532-mr-frame-hmm-zoids-republic-empire-color-set__57116_600x600.jpg?v=1759295716
zoid,model_kit,USA Gundam Store,retailer,us,Zoids Realize Model RMZ-025 Liger Zero Falcon (ZBF) 1/100 Scale Model Kit,79.99,,,USD,New,https://www.usagundamstore.com/products/zoids-realize-model-rmz-025-liger-zero-falcon-zbf-1-100-scale-model-kit,https://cdn.shopify.com/s/files/1/0727/8355/files/092551_outline_11_600x600.jpg?v=1785931359
zoid,model_kit,USA Gundam Store,retailer,us,Zoids Chaotic Century D-Style Command Wolf Irvine Special (Clear Parts Append) Model Kit,24.99,,,USD,New,https://www.usagundamstore.com/products/zoids-chaotic-century-d-style-command-wolf-irvine-special-clear-parts-append-model-kit,https://cdn.shopify.com/s/files/1/0727/8355/files/original_4_6c500efc-12a1-49b5-93e7-31620e427459_600x600.webp?v=1776958352
zoid,model_kit,USA Gundam Store,retailer,us,Zoids Advanced Zi AZ-17DX Ultra Saurus Gravity Cannon (Deluxe Ver.) 1/72 Scale Weapon Set,399.99,,,USD,New,https://www.usagundamstore.com/products/zoids-realize-model-zoids-advanced-series-az-17dx-ultra-saurus-gravity-cannon-deluxe-version-1-72-scale-model-kit-copy,https://cdn.shopify.com/s/files/1/0727/8355/files/GN343_11_600x600.jpg?v=1783517229
zoid,model_kit,USA Gundam Store,retailer,us,Zoids x Monster Hunter Synergenex Wild Liger Zinogre Model Kit,58.99,,,USD,New,https://www.usagundamstore.com/products/zoids-x-monster-hunter-synergenex-series-wild-liger-zinogre-model-kit,https://cdn.shopify.com/s/files/1/0727/8355/files/GN322_9_600x600.jpg?v=1780664552
zoid,model_kit,USA Gundam Store,retailer,us,Zoids Realize Model RMZ-016 Blade Liger Panzer (ZBF) Lion Type 1/100 Scale Model Kit,71.99,,,USD,New,https://www.usagundamstore.com/products/zoids-realize-model-rmz-016-blade-liger-panther-zbf-1-100-scale-model-kit,https://cdn.shopify.com/s/files/1/0727/8355/files/dc00ee8c-0ecb-43db-919c-1c2cc3dc45a6_600x600.webp?v=1764952465
zoid,model_kit,USA Gundam Store,retailer,us,Zoids New Century Zero Highend Master Model RZ-030 Gun Sniper (Leena Special 2001 Re/color Ver.) 1/72 Scale Model Kit,59.99,,,USD,New,https://www.usagundamstore.com/products/zoids-highend-master-model-gun-sniper-leena-special-2001-re-color-1-72-scale-model-kit,https://cdn.shopify.com/s/files/1/0727/8355/files/90fd4abb-7b99-46b1-9839-9c0b97dd000e_600x600.jpg?v=1762451971
zoid,model_kit,USA Gundam Store,retailer,us,Zoids Chaotic Century D-Style Shield Liger (Clear Parts Append) Model Kit,24.99,,,USD,New,https://www.usagundamstore.com/products/zoids-chaotic-century-d-style-shield-liger-clear-parts-append-model-kit,https://cdn.shopify.com/s/files/1/0727/8355/files/768w-2026-04-07T093613.465_600x600.webp?v=1775568984
zoid,model_kit,USA Gundam Store,retailer,us,Zoids Chaotic Century D-Style Gustav Moonbay Special (Clear Parts Append) Model Kit,26.99,,,USD,New,https://www.usagundamstore.com/products/zoids-chaotic-century-d-style-gustav-moonbay-special-clear-parts-append-model-kit,https://cdn.shopify.com/s/files/1/0727/8355/files/768w_14_9bebf358-ec38-4096-80f1-74dea43e1520_600x600.webp?v=1779370805
zoid,model_kit,USA Gundam Store,retailer,us,Zoids Adamas Machina AM-Z02 Blade Liger Action Figure,294.99,,,USD,New,https://www.usagundamstore.com/products/zoids-adamas-machina-am-z02-blade-liger-action-figure,https://cdn.shopify.com/s/files/1/0727/8355/files/946632_outline_11_600x600.jpg?v=1785931742
zoid,model_kit,USA Gundam Store,retailer,us,Zoids AZ-01 Blade Liger 1/72 Scale Model Kit,87.99,,,USD,New,https://www.usagundamstore.com/products/zoids-az-01-blade-liger-1-72-scale-model-kit,https://cdn.shopify.com/s/files/1/0727/8355/files/de4ef9b8-f6d1-4ffa-b573-d7cb47f438df_600x600.jpg?v=1762281953
zoid,model_kit,USA Gundam Store,retailer,us,Zoids New Century Highend Master Model Dark Horn Harry Special (2001 Re/Color) 1/72 Scale Model Kit,129.99,,,USD,New,https://www.usagundamstore.com/products/zoids-new-century-highend-master-model-dark-horn-harry-special-2001-re-color-1-72-scale-model-kit,https://cdn.shopify.com/s/files/1/0727/8355/files/768w_12_c9efab77-0405-449d-bacc-511386f32517_600x600.webp?v=1783021978
zoid,model_kit,USA Gundam Store,retailer,us,Zoids Advanced Zi AZ-16 Liger Zero Jager 1/72 Scale Model Kit,114.99,,,USD,New,https://www.usagundamstore.com/products/zoids-advanced-zi-az-16-liger-zero-jager-1-72-scale-model-kit,https://cdn.shopify.com/s/files/1/0727/8355/files/768w_2_0fefd03f-9f53-4752-85b2-ebe31cde4665_600x600.webp?v=1778691823
zoid,model_kit,USA Gundam Store,retailer,us,Zoids Chaotic Century Highend Master Model Storm Sworder (Ala Barone Special 2000 - Recolor-) 1/72 Scale Model Kit,85.99,,,USD,New,https://www.usagundamstore.com/products/zoids-chaotic-century-highend-master-model-storm-sworder-ala-barone-special-2000-recolor-1-72-scale-model-kit,https://cdn.shopify.com/s/files/1/0727/8355/files/b2cee152-bc21-4b17-acdd-8cd2fd919146_600x600.webp?v=1773927389
zoid,model_kit,USA Gundam Store,retailer,us,Zoids Chaotic Century Highend Master Model Death Stinger Hiltz (Special 2000 - Recolor-) Model Kit,159.99,,,USD,New,https://www.usagundamstore.com/products/zoids-chaotic-century-highend-master-model-death-stinger-hiltz-special-2000-recolor-model-kit,https://cdn.shopify.com/s/files/1/0727/8355/files/ac225908-9b54-4261-9485-c8de3d12f3f2_600x600.webp?v=1771614137
zoid,model_kit,USA Gundam Store,retailer,us,Zoids x Monster Hunter Synergenex Series Knuckle Kong Rajang Model Kit,55.99,,,USD,New,https://www.usagundamstore.com/products/monster-hunter-x-zoids-knuckle-kong-rajang-1-35-scale-model-kit,https://cdn.shopify.com/s/files/1/0727/8355/files/8e95bc9c-4ab2-4997-b8ad-fbb02b0ada06_600x600.webp?v=1762287562
zoid,model_kit,USA Gundam Store,retailer,us,Zoids x Monster Hunter Synergenex Wild Liger Stygian Zinogre Model Kit,58.99,,,USD,New,https://www.usagundamstore.com/products/zoids-x-monster-hunter-synergenex-series-wild-liger-stygian-zinogre-model-kit,https://cdn.shopify.com/s/files/1/0727/8355/files/GN323_9_600x600.jpg?v=1780664808
zoid,model_kit,USA Gundam Store,retailer,us,Zoids Realize Model RMZ-023 Lightning Saix Irvine Special 1/100 Scale Model Kit,58.99,,,USD,New,https://www.usagundamstore.com/products/zoids-realize-model-rmz-023-lightning-saix-irvine-special-1-100-scale-model-kit,https://cdn.shopify.com/s/files/1/0727/8355/files/GN321_10_600x600.jpg?v=1780664078
zoid,model_kit,USA Gundam Store,retailer,us,Zoids Realize Model RMZ-011 Geno Saurer Raven Special 1/100 Scale Model Kit,59.99,,,USD,New,https://www.usagundamstore.com/products/zoids-realize-model-zoids-advanced-series-rmz-011-geno-saurer-raven-special-1-100-scale-model-kit,https://cdn.shopify.com/s/files/1/0727/8355/files/GN342_10_600x600.jpg?v=1783517486
zoid,model_kit,USA Gundam Store,retailer,us,Zoids Advanced Zi AZ-17 Ultra Saurus 1/72 Scale Model Kit,299.99,,,USD,New,https://www.usagundamstore.com/products/zoids-realize-model-az-17-ultra-saurus-1-72-scale-model-kit,https://cdn.shopify.com/s/files/1/0727/8355/files/GN328_11_600x600.jpg?v=1783516813
zoid,model_kit,USA Gundam Store,retailer,us,Zoids Realize Model RMZ-022 Murasame Liger 1/100 Scale Model Kit,56.99,,,USD,New,https://www.usagundamstore.com/products/zoids-realize-model-rmz-022-murasame-liger-1-100-scale-model-kit,https://cdn.shopify.com/s/files/1/0727/8355/files/768w_1_1a170a51-7df4-466b-8c1e-115cb4598fc2_600x600.jpg?v=1778691764
zoid,model_kit,USA Gundam Store,retailer,us,Zoids 2 Helic Republic vs. Guylos Empire Realize Model RMZ-018 Trinity Liger (Captured Color) 1/100 Scale Model Kit,47.99,,,USD,New,https://www.usagundamstore.com/products/zoids-2-helic-republic-vs-guylos-empire-realize-model-rmz-018-trinity-liger-captured-color-1-100-scale-model-kit,https://cdn.shopify.com/s/files/1/0727/8355/files/ff43fcd2-e65d-464f-b125-2674ca5049bf_600x600.webp?v=1771302966
zoid,model_kit,USA Gundam Store,retailer,us,1/72 ZOIDS EZ-027 RAVEN RAPTOR,55.99,,,USD,New,https://www.usagundamstore.com/products/1-72-zoids-ez-027-raven-raptor,https://cdn.shopify.com/s/files/1/0727/8355/products/kbyzd109_2_1_600x600.jpg?v=1762274538
zoid,model_kit,USA Gundam Store,retailer,us,Zoids Realize Model RMZ-026 Gustav Moonbey Special 1/100 Scale Model Kit,64.99,,,USD,New,https://www.usagundamstore.com/products/zoids-realize-model-rmz-026-gustav-moonbey-special-1-100-scale-model-kit,https://cdn.shopify.com/s/files/1/0727/8355/files/768w-2026-09-11T080112.877_600x600.webp?v=1789128110
zoid,model_kit,USA Gundam Store,retailer,us,Zoids Fine Graph RZ-028 Blade Liger (AB Bang Ver.) Frame,199.99,,,USD,New,https://www.usagundamstore.com/products/zoids-fine-graph-rz-028-blade-liger-ab-bang-ver-frame,https://cdn.shopify.com/s/files/1/0727/8355/files/GV220_CFG_BLADE_LIGER_AB_01_600x600.webp?v=1786105275
zoid,model_kit,USA Gundam Store,retailer,us,Zoids x Patlabor Synergenex Fangriffon Model Kit,59.99,,,USD,New,https://www.usagundamstore.com/products/zoids-x-patlabor-synergenex-fangriffon-model-kit,https://cdn.shopify.com/s/files/1/0727/8355/files/GN331_10_600x600.jpg?v=1783525682
zoid,model_kit,USA Gundam Store,retailer,us,Zoids Realize Model RMZ-024 Storm Sworder 1/100 Scale Model Kit,56.99,,,USD,New,https://www.usagundamstore.com/products/zoids-realize-model-zoids-advanced-series-rmz-024-storm-sworder-1-100-scale-model-kit,https://cdn.shopify.com/s/files/1/0727/8355/files/GN330_10_600x600.jpg?v=1783517593
zoid,model_kit,USA Gundam Store,retailer,us,Zoids Realize Model RMZ-020F Zabat Full Option Set 1/100 Scale Model Kit,47.99,,,USD,New,https://www.usagundamstore.com/products/zoids-realize-model-rmz-020f-zabat-full-option-set-1-100-scale-model-kit,https://cdn.shopify.com/s/files/1/0727/8355/files/2274f852-b77a-4564-9b9c-63308592ebc9_600x600.webp?v=1771303919
zoid,model_kit,USA Gundam Store,retailer,us,Zoids Realize Model RMZ-017 Command Wolf (Urban Warfare Special Ver.) 1/100 Scale Model Kit,47.99,,,USD,New,https://www.usagundamstore.com/products/zoids-realize-model-rmz-017-command-wolf-urban-warfare-special-ver-1-100-scale-model-kit,https://cdn.shopify.com/s/files/1/0727/8355/files/e3920dd7-f6b8-442d-8232-822188c50259_600x600.webp?v=1768420394
zoid,model_kit,USA Gundam Store,retailer,us,Zoids Advanced Zi AZ-03EX Murasame Liger (Original Color Ver.) 1/72 Scale Model Kit,103.99,,,USD,New,https://www.usagundamstore.com/products/zoids-advanced-zi-az-03ex-murasame-liger-original-color-1-72-scale-model-kit,https://cdn.shopify.com/s/files/1/0727/8355/files/734a6362-8ef7-4375-80c5-e30c278f6a12_600x600.webp?v=1764952513
zoid,model_kit,USA Gundam Store,retailer,us,Zoids RMZ-007 Trinity Liger 1/100 Scale Model Kit,45.99,,,USD,New,https://www.usagundamstore.com/products/zoids-rmz-007-trinity-liger-1-100-scale-model-kit,https://cdn.shopify.com/s/files/1/0727/8355/files/8ec23d77-1cdb-45f9-a532-d607b9e62193_600x600.webp?v=1762286785
zoid,model_kit,USA Gundam Store,retailer,us,Zoids Realize Model RMZ-004 Hellcat (Guylos Color Ver.) 1/100 Scale Model Kit,24.99,,,USD,New,https://www.usagundamstore.com/products/zoids-realize-model-rmz-004-hellcat-guylos-color-ver-1-100-scale-model-kit,https://cdn.shopify.com/s/files/1/0727/8355/files/083f7bce-ccd7-464e-af27-f23f2db44053_600x600.webp?v=1762285183
zoid,model_kit,USA Gundam Store,retailer,us,Zoids Realize Model RMZ-001 Blade Liger 1/100 Scale Model Kit,39.99,,,USD,New,https://www.usagundamstore.com/products/zoids-rmz-001-blade-liger-1-100-scale-model-kit,https://cdn.shopify.com/s/files/1/0727/8355/files/918752_11_000eb2ab-fdcf-4856-b5a2-9317ff219724_600x600.jpg?v=1762284328
zoid,model_kit,USA Gundam Store,retailer,us,Zoids Advanced Zi AZ-17EX Ultra Saurus Gravity Cannon 1/72 Scale Weapon Set,99.99,,,USD,New,https://www.usagundamstore.com/products/zoids-realize-model-az-17ex-ultra-saurus-gravity-cannon-1-72-scale-model-kit,https://cdn.shopify.com/s/files/1/0727/8355/files/GN329_6_600x600.jpg?v=1783517081
zoid,model_kit,USA Gundam Store,retailer,us,Zoids Highend Master Model RPZ-14 Salamander F2 1/72 Scale Model Kit,299.99,,,USD,New,https://www.usagundamstore.com/products/zoids-highend-master-model-rpz-14-salamander-f2-1-72-scale-model-kit,https://cdn.shopify.com/s/files/1/0727/8355/files/original_78_3741bc41-5492-40a4-af3a-673ed1196019_600x600.webp?v=1782400854
zoid,model_kit,USA Gundam Store,retailer,us,Zoids Advanced Zi AZ-02EX3 Liger Zero Type Zero Armor 1/72 Scale Armor Parts Set,20.99,,,USD,New,https://www.usagundamstore.com/products/zoids-advanced-zi-az-02ex3-liger-zero-type-zero-armor-1-72-scale-model-kit,https://cdn.shopify.com/s/files/1/0727/8355/files/768w_d7745d16-bff1-47df-af1c-76b1760a0497_600x600.webp?v=1778691903
zoid,model_kit,USA Gundam Store,retailer,us,Zoids x Metamor Verse MV-01A Ao Kiriyama &amp; Blade Liger (Dress Code #Scarlet) 1/10 Scale Model Kit,107.99,,,USD,New,https://www.usagundamstore.com/products/mv-01a-ao-kiriyama-blade-liger-dress-code-scarlet,https://cdn.shopify.com/s/files/1/0727/8355/files/1a9c1883-2108-48ff-88c2-3db218ec4554_600x600.webp?v=1773143999
zoid,model_kit,USA Gundam Store,retailer,us,Zoids Realize Model RMZ-020 Zabat 1/100 Scale Model Kit,32.99,,,USD,New,https://www.usagundamstore.com/products/zoids-realize-model-rmz-020-zabat-1-100-scale-model-kit,https://cdn.shopify.com/s/files/1/0727/8355/files/46e2fa82-c42d-4353-989c-4933f07e5570_600x600.webp?v=1771302790
zoid,model_kit,USA Gundam Store,retailer,us,Zoids Advanced Zi AZ-15 Psycho Geno Saurer 1/72 Scale Model Kit,119.99,,,USD,New,https://www.usagundamstore.com/products/zoids-advanced-zi-az-15-psycho-geno-saurer-1-72-scale-model-kit,https://cdn.shopify.com/s/files/1/0727/8355/files/256625a2-04af-46c3-abeb-a5ef491208ac_600x600.webp?v=1771302654
zoid,model_kit,USA Gundam Store,retailer,us,Zoids Advanced Zi AZ-10EX Sea Panther (Guylos Specification Ver.) 1/72 Scale Model Kit,47.99,,,USD,New,https://www.usagundamstore.com/products/zoids-advanced-zi-az-10ex-sea-panther-guylos-specification-ver-1-72-scale-model-kit,https://cdn.shopify.com/s/files/1/0727/8355/files/121f321a-8184-4fb3-9479-6fc1e4476425_600x600.webp?v=1768420642
zoid,model_kit,USA Gundam Store,retailer,us,Zoids Adamas Machina AM-Z01EX Berserk Fury (Elementary Body) Model Kit,226.99,,,USD,New,https://www.usagundamstore.com/products/zoids-adamas-machina-am-z01ex-berserk-fury-elementary-body-model-kit,https://cdn.shopify.com/s/files/1/0727/8355/files/e54f2598-aa17-4cf6-9544-6d9f86f803de_600x600.webp?v=1759944451
zoid,model_kit,USA Gundam Store,retailer,us,Zoids Highend Master Model EZ-005 Redler (Guyros Empire Ver.) 1/72 Scale Model Kit,59.99,,,USD,New,https://www.usagundamstore.com/products/zoids-highend-master-model-ez-005-redler-guyros-empire-ver-1-72-scale-model-kit,https://cdn.shopify.com/s/files/1/0727/8355/products/a728c2a0-7709-407a-9bd9-dae35edfc46b_600x600.jpg?v=1762278707
zoid,model_kit,USA Gundam Store,retailer,us,Zoids Highend Master Model EHI-7 Reddra Zenebus (Empire Ver.) 1/72 Scale Model Kit (Reissue),59.99,,,USD,New,https://www.usagundamstore.com/products/zoids-highend-master-model-ehi-7-reddra-zenebus-empire-ver-1-72-scale-model-kit,https://cdn.shopify.com/s/files/1/0727/8355/products/ff8f38f8-848c-4922-92df-cb059f1f0f83_600x600.jpg?v=1762278707
zoid,model_kit,USA Gundam Store,retailer,us,Zoids Genesis Spark Fig Grande SF-G01 Kotona Elegance 1/7 Scale Figure,169.99,,,USD,New,https://www.usagundamstore.com/products/zoids-genesis-spark-fig-grande-sf-g01-kotona-elegance-1-7-scale-figure,https://cdn.shopify.com/s/files/1/0727/8355/files/768w_15_5486871c-076f-465b-ab63-1f79cad2e487_600x600.webp?v=1778699105
zoid,model_kit,USA Gundam Store,retailer,us,Zoids Advanced Zi AZ-16EX Liger Zero Jager (Unit Original Color) 1/72 Scale Armor Parts Set,41.99,,,USD,New,https://www.usagundamstore.com/products/zoids-advanced-zi-az-16ex-liger-zero-jager-unit-original-color-ver-1-72-scale-model-kit,https://cdn.shopify.com/s/files/1/0727/8355/files/768w_3_412877e1-d2d2-438f-8158-3799b3b5badc_600x600.webp?v=1778691867
zoid,model_kit,USA Gundam Store,retailer,us,Zoids Realize Model RMZ-021 Shield Liger MK-2 1/100 Scale Model Kit,54.99,,,USD,New,https://www.usagundamstore.com/products/zoids-realize-model-rmz-021-shield-liger-mk-2-1-100-scale-model-kit,https://cdn.shopify.com/s/files/1/0727/8355/files/original-2026-04-03T133049.577_600x600.webp?v=1775237466
zoid,model_kit,USA Gundam Store,retailer,us,Zoids Realize Model RMZ-019 Hell Cat &amp; Molga (Zenebus Color) 1/100 Scale Model Kit Set,42.99,,,USD,New,https://www.usagundamstore.com/products/zoids-realize-model-rmz-019-hell-cat-molga-zenebus-color-1-100-scale-model-kit-set,https://cdn.shopify.com/s/files/1/0727/8355/files/3945d973-f7cb-4bae-9f14-22d45ba9e832_600x600.webp?v=1771303743
zoid,model_kit,USA Gundam Store,retailer,us,Zoids Realize Model RMZ-014 Red Horn Guylos Color 1/100 Scale Model Kit,54.99,,,USD,New,https://www.usagundamstore.com/products/zoids-realize-model-rmz-014-red-horn-styracosaurus-type-1-100-scale-model-kit,https://cdn.shopify.com/s/files/1/0727/8355/files/72120b1e-54e2-4f42-853e-7518c1e8d27b_600x600.webp?v=1759946564
zoid,model_kit,USA Gundam Store,retailer,us,Transformers x Zoids X Diaclone Synergenex Series Shield-D-Prime Action Figure,399.99,,,USD,New,https://www.usagundamstore.com/products/transformers-x-zoids-x-diaclone-synergenex-series-shield-d-prime-action-figure,https://cdn.shopify.com/s/files/1/0727/8355/files/68fdc646-bd79-4033-b94b-f7123e841c35_600x600.webp?v=1762288945
zoid,model_kit,USA Gundam Store,retailer,us,Zoids Realize Model RMZ-006 Saber Tiger (Schwarz Special Ver.) 1/100 Scale Model Kit,49.99,,,USD,New,https://www.usagundamstore.com/products/zoids-realize-model-rmz-006-saber-tiger-schwarz-special-ver-1-100-scale-model-kit,https://cdn.shopify.com/s/files/1/0727/8355/files/9bddc768-2545-4605-82b1-0c477a7e6680_600x600.webp?v=1762285721
zoid,model_kit,USA Gundam Store,retailer,us,Zoids Realize Model RMZ-005 Molga (Guylos Color Ver.) 1/100 Scale Model Kit,22.99,,,USD,New,https://www.usagundamstore.com/products/zoids-realize-model-rmz-005-molga-guylos-color-ver-1-100-scale-model-kit,https://cdn.shopify.com/s/files/1/0727/8355/files/8a7445f1-b218-420c-a6d7-e5d791722f74_600x600.webp?v=1762285183
zoid,model_kit,USA Gundam Store,retailer,us,Zoids Realize Model RMZ-003 Command Wolf 1/100 Scale Model Kit,31.99,,,USD,New,https://www.usagundamstore.com/products/zoids-realize-model-rmz-003-command-wolf-1-100-scale-model-kit,https://cdn.shopify.com/s/files/1/0727/8355/files/30152478-61ef-4e15-9ee8-65f5ca986733_600x600.jpg?v=1753731290
zoid,model_kit,USA Gundam Store,retailer,us,Zoids Realize Model RMZ-002 Geno Saurer 1/100 Scale Model Kit,58.99,,,USD,New,https://www.usagundamstore.com/products/realize-model-zoids-rmz-002-geno-saurer-1-100-scale-model-kit,https://cdn.shopify.com/s/files/1/0727/8355/files/939696_11_ed005c34-f843-44e9-97d1-1b13bdfb245f_600x600.jpg?v=1762284329
zoid,model_kit,USA Gundam Store,retailer,us,Zoids Highend Master Model EZ027 Rev Raptor (Night Patrol Ver.) 1/72 Scale Model Kit,79.99,,,USD,New,https://www.usagundamstore.com/products/zoids-highend-master-model-ez-027-rev-raptor-night-patrol,https://cdn.shopify.com/s/files/1/0727/8355/products/3f4f3d19-625b-441d-a873-28c7c31357cc_600x600.jpg?v=1762280041
zoid,model_kit,USA Gundam Store,retailer,us,Zoids Highend Master Model Changing Armor System Liger Zero X Unit (Empire Ver.) Model Kit,39.99,,,USD,New,https://www.usagundamstore.com/products/zoids-highend-master-model-changing-armor-system-liger-zero-x-unit-empire-ver-model-kit,https://cdn.shopify.com/s/files/1/0727/8355/products/94d1de33-8e0a-4d0b-8852-2a9e81470be1_600x600.jpg?v=1762274760
zoid,model_kit,USA Gundam Store,retailer,us,Zoids Highend Master Model Customize Parts Pile Bunker Unit,10.99,,,USD,New,https://www.usagundamstore.com/products/zoids-highend-master-model-customize-parts-pile-bunker-unit,https://cdn.shopify.com/s/files/1/0727/8355/products/8c8f5943-5a08-4506-9a41-7199aa19a35f_600x600.jpg?v=1762274549
zoid,model_kit,USA Gundam Store,retailer,us,Zoids Realize Model RMZ-027 Dibison Thoma Special 1/100 Scale Model Kit,54.99,,,USD,New,https://www.usagundamstore.com/products/zoids-realize-model-rmz-027-dibison-thoma-special-1-100-scale-model-kit,https://cdn.shopify.com/s/files/1/0727/8355/files/GN362_9_600x600.jpg?v=1791375298
zoid,model_kit,USA Gundam Store,retailer,us,Zoids Advanced Zi AZ-18 Godos 1/72 Scale Model Kit,62.99,,,USD,New,https://www.usagundamstore.com/products/zoids-advanced-zi-az-18-godos-1-72-scale-model-kit,https://cdn.shopify.com/s/files/1/0727/8355/files/GN361_9_600x600.jpg?v=1791374920
zoid,model_kit,USA Gundam Store,retailer,us,Zoids Metamor Verse MV-02 Fine &amp; Zeke 1/10 Scale Model Kit,149.99,,,USD,New,https://www.usagundamstore.com/products/zoids-metamor-verse-mv-02-fine-zeke-1-10-scale-model-kit,https://cdn.shopify.com/s/files/1/0727/8355/files/GN358_1_08d7fb10-8b9a-43e0-b627-a8e4d0f0d6ac_600x600.jpg?v=1791374593
zoid,model_kit,Kotobukiya USA,retailer,us,EZ-005 REDLER GUYROS EMPIRE Ver.,59.99,,,USD,New,https://kotobukiya-us.com/products/190526063679,https://kotobukiya-us.com/cdn/shop/files/ZD153X_Redler_GuyrosEmpire_eye.jpg?v=1735173499&width=460
zoid,model_kit,Kotobukiya USA,retailer,us,ZOIDS CUSTOMIZE PARTS GOJULAS CANNON SET,53.99,,,USD,New,https://kotobukiya-us.com/products/190526052635,https://kotobukiya-us.com/cdn/shop/files/ZD100X_gojulascannonset_eye.jpg?v=1752726960&width=460
zoid,model_kit,Kotobukiya USA,retailer,us,ZOIDS CUSTOMIZE PARTS PILE BUNKER UNIT,14.99,,,USD,New,https://kotobukiya-us.com/products/190526008540,https://kotobukiya-us.com/cdn/shop/files/ZD110_CP_PilebunkerUnit_eye.jpg?v=1735173318&width=460
zoid,model_kit,Kotobukiya USA,retailer,us,ZOIDS BEAST LIGER Magnamalo ver.,54.99,,,USD,New,https://kotobukiya-us.com/products/190526059856,https://kotobukiya-us.com/cdn/shop/files/939757__eye.jpg?v=1735177296&width=460
zoid,model_kit,Kotobukiya USA,retailer,us,ZOIDS ADVANCED SERIES AZ-17DX ULTRA S...,399.99,,,USD,New,https://kotobukiya-us.com/products/190526083936,https://kotobukiya-us.com/cdn/shop/files/GN343_eye.jpg?v=1783400110&width=460
zoid,model_kit,Kotobukiya USA,retailer,us,ZOIDS SONIC BIRD Rathalos ver.,54.99,,,USD,New,https://kotobukiya-us.com/products/190526059863,https://kotobukiya-us.com/cdn/shop/files/939764_eye.jpg?v=1735177648&width=460
zoid,model_kit,Kotobukiya USA,retailer,us,EZ-027 RAVEN RAPTOR,64.99,,,USD,New,https://kotobukiya-us.com/products/190526008533,https://kotobukiya-us.com/cdn/shop/files/ZD109_RavenRaptor_eye.jpg?v=1735173258&width=460
zoid,model_kit,Kotobukiya USA,retailer,us,SF-G01 SPARK Fig GRANDE Zoids Genesis...,169.99,,,USD,New,https://kotobukiya-us.com/products/190526081949,https://kotobukiya-us.com/cdn/shop/files/065487-eye.jpg?v=1778472971&width=460
zoid,model_kit,Kotobukiya USA,retailer,us,Monster Hunter X Zoids Knuckle Kong R...,56.99,,,USD,New,https://kotobukiya-us.com/products/190526070998,https://kotobukiya-us.com/cdn/shop/files/995197_eye.jpg?v=1742886442&width=460
zoid,model_kit,Kotobukiya USA,retailer,us,RZ-045 SALAMANDER,229.99,,,USD,New,https://kotobukiya-us.com/products/190526049758,https://kotobukiya-us.com/cdn/shop/files/ZD171_salamander_eye.jpg?v=1752726090&width=460
zoid,model_kit,Kotobukiya USA,retailer,us,RZ-028 BLADE LIGER AB,79.99,,,USD,New,https://kotobukiya-us.com/products/190526068537,https://kotobukiya-us.com/cdn/shop/files/ZD131R_bladeliger_AB_eye.jpg?v=1740470426&width=460
zoid,model_kit,Kotobukiya USA,retailer,us,RZ-013 BUSTER TORTOISE,49.99,,,USD,New,https://kotobukiya-us.com/products/190526056183,https://kotobukiya-us.com/cdn/shop/files/ZD025X_bustertortoise_eye.jpg?v=1735172496&width=460
zoid,model_kit,Kotobukiya USA,retailer,us,EZ-027 REV RAPTOR,49.99,,,USD,New,https://kotobukiya-us.com/products/190526008557,https://kotobukiya-us.com/cdn/shop/files/ZD111_revraptor_eye.jpg?v=1735173380&width=460
zoid,model_kit,Kotobukiya USA,retailer,us,EZ-049 STURM TYRANN BERSERK UNIT SET,159.99,,,USD,New,https://kotobukiya-us.com/products/190526062597,https://kotobukiya-us.com/cdn/shop/files/ZD106X_sturmtyannBUset_eye.jpg?v=1735172624&width=460
zoid,model_kit,Kotobukiya USA,retailer,us,RZ-014 GODOS MARKING PLUS Ver.,49.99,,,USD,New,https://kotobukiya-us.com/products/190526039230,https://kotobukiya-us.com/cdn/shop/files/ZD157_godosMK_eye.jpg?v=1739150303&width=460
zoid,model_kit,Kotobukiya USA,retailer,us,RZ-013 CANNON TORTOISE Marking Plus Ver.,47.99,,,USD,New,https://kotobukiya-us.com/products/190526066441,https://kotobukiya-us.com/cdn/shop/files/ZD189_cannontortoise_mp_eye.jpg?v=1745456859&width=460
zoid,model_kit,Kotobukiya USA,retailer,us,RZ-007 SHIELD LIGER MARKING PLUS Ver.,59.99,,,USD,New,https://kotobukiya-us.com/products/190526042476,https://kotobukiya-us.com/cdn/shop/files/ZD159_ShieldLiger_eye.jpg?v=1735173685&width=460
zoid,model_kit,Kotobukiya USA,retailer,us,RZ-053 KÖNIG WOLF,119.99,,,USD,New,https://kotobukiya-us.com/products/190526013209,https://kotobukiya-us.com/cdn/shop/files/ZD112_KonigWolf_eye.jpg?v=1735173447&width=460
zoid,model_kit,Kotobukiya USA,retailer,us,EZ-036 DEATH STINGER,134.99,,,USD,New,https://kotobukiya-us.com/products/190526024144,https://kotobukiya-us.com/cdn/shop/files/ZD086R_deathstinger_eye.jpg?v=1735172545&width=460
zoid,model_kit,Kotobukiya USA,retailer,us,RZ-007 SHIELD LIGER DCS-J,77.99,,,USD,New,https://kotobukiya-us.com/products/190526068490,https://kotobukiya-us.com/cdn/shop/files/ZD129R_ShieldLiger_DCSJ_eye.jpg?v=1738808283&width=460
zoid,model_kit,Kotobukiya USA,retailer,us,EZ-054 LIGER ZERO X,88.99,,,USD,New,https://kotobukiya-us.com/products/190526068704,https://kotobukiya-us.com/cdn/shop/files/ZD107R_ligerzeroX_eye.jpg?v=1745456407&width=460
zoid,model_kit,Kotobukiya USA,retailer,us,EZ-006 MOLGA FULL OPTION SET,64.99,,,USD,New,https://kotobukiya-us.com/products/190526060357,https://kotobukiya-us.com/cdn/shop/files/ZD186_molga_fulloptionset_eye.jpg?v=1737619971&width=460
zoid,model_kit,Kotobukiya USA,retailer,us,RZ-041 LIGER ZERO Marking Plus Ver.,65.99,,,USD,New,https://kotobukiya-us.com/products/190526067264,https://kotobukiya-us.com/cdn/shop/files/ZD121R_ligerzeroMP_eye.jpg?v=1737703163&width=460
zoid,model_kit,Kotobukiya USA,retailer,us,EZ-017 IGUAN MARKING PLUS Ver.,44.99,,,USD,New,https://kotobukiya-us.com/products/190526042445,https://kotobukiya-us.com/cdn/shop/files/ZD158_iguanMK_eye.jpg?v=1735173630&width=460
zoid,model_kit,Kotobukiya USA,retailer,us,Monster Hunter X Zoids Gatling Fox Mi...,56.99,,,USD,New,https://kotobukiya-us.com/products/190526070981,https://kotobukiya-us.com/cdn/shop/files/995203_eye.jpg?v=1742886442&width=460
zoid,model_kit,Kotobukiya USA,retailer,us,RZ-009 COMMAND WOLF AC & LC MARKING P...,69.99,,,USD,New,https://kotobukiya-us.com/products/190526060401,https://kotobukiya-us.com/cdn/shop/files/ZD187_commandwolf_ac_and_lc_mpver_eye.jpg?v=1738213936&width=460
zoid,model_kit,Kotobukiya USA,retailer,us,RZ-046 SHADOW FOX  MARKING PLUS Ver.,54.99,,,USD,New,https://kotobukiya-us.com/products/190526051638,https://kotobukiya-us.com/cdn/shop/files/ZD145X_ShadowFOX_Mplus_eye.jpg?v=1747638152&width=460
zoid,model_kit,Kotobukiya USA,retailer,us,EHI-7 REDDRA ZENEBUS EMPIRE Ver.,59.99,,,USD,New,https://kotobukiya-us.com/products/190526063662,https://kotobukiya-us.com/cdn/shop/files/ZD152X_Redler_ZenebusEmpire_eye.jpg?v=1738214006&width=460
zoid,model_kit,Kotobukiya USA,retailer,us,RZ-041 LIGER ZERO JAGER Marking Plus ...,80.99,,,USD,New,https://kotobukiya-us.com/products/190526068483,https://kotobukiya-us.com/cdn/shop/files/ZD122R_ligerzero_jagerMP_eye.jpg?v=1738808215&width=460
zoid,model_kit,Kotobukiya USA,retailer,us,RZ-041 LIGER ZERO SCHNEIDER Marking P...,80.99,,,USD,New,https://kotobukiya-us.com/products/190526068520,https://kotobukiya-us.com/cdn/shop/files/ZD123R_ligerzero_schneider_Mplus_eye.jpg?v=1740470321&width=460
zoid,model_kit,Kotobukiya USA,retailer,us,RZ-041 LIGER ZERO PANZER Marking Plus...,84.99,,,USD,New,https://kotobukiya-us.com/products/190526068681,https://kotobukiya-us.com/cdn/shop/files/ZD124R_ligerzero_panzerMP_eye.jpg?v=1743066611&width=460
