category,product_type,site,site_type,ships_from,title,price,shipping,pickup,currency,condition,url,image_url
gundam,model_kit,eBay,marketplace,us,"#56 Gundam TR-1 Hazel Custom Advance of Zeta, Bandai Hobby HGUC",19.0,0.0,False,USD,New,https://www.ebay.com/itm/178251688876?_skw=gundam&hash=item2980a0ebac:g:qTAAAeSwFNhqO~Ft,https://i.ebayimg.com/images/g/qTAAAeSwFNhqO~Ft/s-l225.jpg
gundam,model_kit,eBay,marketplace,us,"Gundam 0080 #13 Zaku II FZ, Bandai RE/100 [New Toy] Figure, Collectible",43.61,0.0,False,USD,New,https://www.ebay.com/itm/398378895260?_skw=gundam&hash=item5cc13b879c:g:D2YAAeSw14xqoesv,https://i.ebayimg.com/images/g/D2YAAeSw14xqoesv/s-l225.jpg
gundam,model_kit,eBay,marketplace,us,"#32 Nu Gundam Char's Counterattack, Bandai Hobby RG 1/144",56.0,0.0,False,USD,New,https://www.ebay.com/itm/188555189274?_skw=gundam&hash=item2be6c3dc1a:g:eUAAAeSw8n5qO~Fg,https://i.ebayimg.com/images/g/eUAAAeSw8n5qO~Fg/s-l225.jpg
gundam,model_kit,eBay,marketplace,us,Bandai Hobby Gundam Stardust Memory HGUC F2 Zaku II EFSF HG 1/144 Model Kit USA,26.95,0.0,False,USD,New,https://www.ebay.com/itm/147542598235?_skw=gundam&hash=item225a39625b:g:2fgAAeSwPphqpTPi,https://i.ebayimg.com/images/g/2fgAAeSwPphqpTPi/s-l225.jpg
gundam,model_kit,eBay,marketplace,us,"#270 Gundam Leopard Mobile Suit Gundam X, Bandai Hobby HG 1/144",29.0,0.0,False,USD,New,https://www.ebay.com/itm/188555189166?_skw=gundam&hash=item2be6c3dbae:g:eGgAAeSwQKZqO~GC,https://i.ebayimg.com/images/g/eGgAAeSwQKZqO~GC/s-l225.jpg
gundam,cards,eBay,marketplace,us,GUNDAM TCG FREEDOM ASCENSION GD05 BOOSTER BOX Factory Sealed 24 Packs English,209.95,0.0,False,USD,New/Factory Sealed,https://www.ebay.com/itm/158249625513?_skw=gundam&hash=item24d869a7a9:g:v38AAeSweu9qfdB7,https://i.ebayimg.com/images/g/v38AAeSweu9qfdB7/s-l225.jpg
gundam,model_kit,eBay,marketplace,us,Bandai Hobby HGAC XXXG-01D2 Gundam Deathscythe Hell HG 1/144 Scale Model Kit,22.95,0.0,False,USD,New,https://www.ebay.com/itm/137549270934?_skw=gundam&hash=item2006934f96:g:QpYAAeSwqrhqpcCR,https://i.ebayimg.com/images/g/QpYAAeSwqrhqpcCR/s-l225.jpg
gundam,model_kit,eBay,marketplace,us,"#113 RGM-79C GM Type C Gundam 0083, Bandai Hobby HGUC",18.0,0.0,False,USD,New,https://www.ebay.com/itm/188555189121?_skw=gundam&hash=item2be6c3db81:g:hsgAAeSwEiJqO~Hd,https://i.ebayimg.com/images/g/hsgAAeSwEiJqO~Hd/s-l225.jpg
gundam,model_kit,eBay,marketplace,us,Gundam: Requiem for Vengeance Gundam EX High Grade 1:144 Scale Model Kit,28.51,5.0,False,USD,New,https://www.ebay.com/itm/226658223339?_skw=gundam&hash=item34c5e204eb:g:LCoAAeSw-1lqoIn-,https://i.ebayimg.com/images/g/LCoAAeSw-1lqoIn-/s-l225.jpg
gundam,model_kit,eBay,marketplace,us,Bandai Build Fighters HGBF Crossbone Gundam X1 Full Cloth HG 1/144 Model Kit USA,33.0,0.0,False,USD,New,https://www.ebay.com/itm/137722604883?_skw=gundam&hash=item2010e82d53:g:P~8AAeSwaw5qpkpn,https://i.ebayimg.com/images/g/P~8AAeSwaw5qpkpn/s-l225.jpg
gundam,cards,eBay,marketplace,international,Gundam Card Game ~ EX Base EXBP-032 Amuro & Gundam Promo Card,15.49,0.0,False,USD,Ungraded,https://www.ebay.com/itm/820057878700?_skw=gundam&hash=itembeef4230ac:g:LfwAAeSw6RlqkW42,https://i.ebayimg.com/images/g/LfwAAeSw6RlqkW42/s-l225.jpg
gundam,model_kit,eBay,marketplace,us,Gundam RE/100 #013 Gundam 0080 MS-06FZ Zaku II FZ Model Kit,69.99,0.0,False,USD,New,https://www.ebay.com/itm/820108229597?_skw=gundam&hash=itembef2427bdd:g:8vYAAeSwSyZqoevM,https://i.ebayimg.com/images/g/8vYAAeSwSyZqoevM/s-l225.jpg
gundam,cards,eBay,marketplace,international,Domon Kasshu R GD05-097 Promo V Jump Freedom Ascension Gundam Card Game Japanese,6.99,0.0,False,USD,Ungraded,https://www.ebay.com/itm/398310756292?_skw=gundam&hash=item5cbd2bcfc4:g:u0kAAeSwpEtqiA6V,https://i.ebayimg.com/images/g/u0kAAeSwpEtqiA6V/s-l225.jpg
gundam,other,eBay,marketplace,us,"Zeta Gundam ""Mobile Suit Zeta Gundam"", Tamashii Nations Metal Build",275.0,0.0,False,USD,New,https://www.ebay.com/itm/377429417988?_skw=gundam&hash=item57e08be004:g:mJcAAeSwU~lqhHmI&amdata=enc%3AAQALAAAA4ACCtXRWQnOEpyOqnQQ8KGbsBmbLZx1LplF1O2AGEa%2FkxZ5IUUy5sr%2BBKOciJVlpaIdqsyTPYJS16RcTwDauKZf%2BGhXEyamiguArgqeV4dEZ0nVyEXthJPxX2YcaMZcDp8GwplGL4HSGqoFbvUqCHYBlXoMhsyXv2Yu2M%2FPKY6Rs7%2FgDQnJ6dCycaHYISAN35RrCEjB4b6pWOewGvb1Y%2FbKgNw%2F09sAXJqjer91rW2pZjrTWS%2BSbmttOi1TJ7ySIssmQDfgOFXmw7qbvsv0o2WGUitXdtcCsYvTE%2Fuxu0Pva,https://i.ebayimg.com/images/g/mJcAAeSwU~lqhHmI/s-l225.jpg
gundam,model_kit,eBay,marketplace,us,BAN2091785 Bandai Gundam: High Grade: Universal Century: 1/144: Loto Twin Set,30.81,0.0,False,USD,New,https://www.ebay.com/itm/168641564452?_skw=gundam&hash=item2743d20f24:g:4dQAAeSwbr9qj0UY&amdata=enc%3AAQALAAAA4ACCtXRWQnOEpyOqnQQ8KGaSP0Bhsmpgd9WqbJgrA5E%2BWkvofaESc4bqWO1gveyDcZuWF0aMf%2BBdPRwhFK5DPHdN5sjingLklFo7jFXnxrbn0732mW23LPAWZk9Z%2BbYQj5iG5GwJtEQRDiGJpy%2FPZPry9%2F79kqeTFXRCMhFhQ8oU3TvrFbgPVFEV62a7PYE%2B%2Fiuzu%2F8gCXh7H4XbkmZcI7mNkkIQsuYadchowi%2BhpETtv54njgAT4JkFrn1kVmFRkQ0Fvn5NcmP4uQoaURS%2BEkEbW4JZBAHSnJ2umYxDbt6U,https://i.ebayimg.com/images/g/4dQAAeSwbr9qj0UY/s-l225.jpg
gundam,model_kit,eBay,marketplace,international,Bandai Mobile Suit Gundam Wing Hero Collection 7-Figures Pilots Set Toy W 2002,39.9,25.6,False,USD,New,https://www.ebay.com/itm/115920289497?_skw=gundam&hash=item1afd633ed9:g:eWsAAOSwnNBXYP-M&amdata=enc%3AAQALAAAA4ACCtXRWQnOEpyOqnQQ8KGbrMuQjozEQ%2Fbg%2F5XtTmAPsPwu%2Ff7Hk8qL8Urx9JlYqoQQjdOBWjH0%2BTbzMPDP22jf9OUm%2B7kvtYrzlWZzR3pOSQIHmzW4uN40gyCppf2Zpf755kTiohNvXWo6E0HZoRsmKIK41AZKwq0QTwgeTFeGG%2B%2BTEUBaBSaTDl6fz1qtEH0ji%2Fee1o25xoJEf28zGw3Vbcasmjadl4NBn5wiNg6AZlR2wa1I%2BZwgfc31%2Bz0ctj9qTucSTurxVvnFQWHcU5v5W9HCmwTLshbXzx%2BD%2Bdr6Y,https://i.ebayimg.com/images/g/eWsAAOSwnNBXYP-M/s-l225.jpg
gundam,model_kit,eBay,marketplace,us,Gundam Assemble: ST01 Starter Set 01 Oct-Nov 2026 Pre-Order,44.88,0.0,False,USD,New,https://www.ebay.com/itm/188640571842?_skw=gundam&hash=item2bebdab1c2:g:9awAAeSwJBBqVo8E,https://i.ebayimg.com/images/g/9awAAeSwJBBqVo8E/s-l225.jpg
gundam,model_kit,eBay,marketplace,us,"#269 Gouf Ignited (Heine Westenfluss Custom) Mobile Suit Gundam SEED DESTINY, B",34.0,0.0,False,USD,New,https://www.ebay.com/itm/178251688941?_skw=gundam&hash=item2980a0ebed:g:AqQAAeSwiRFqO~Gn,https://i.ebayimg.com/images/g/AqQAAeSwiRFqO~Gn/s-l225.jpg
gundam,cards,eBay,marketplace,international,Gundam Card Game EX base Amuro & Gundam EXBP-032 Gundam Ace Promo Japanese,15.4,0.0,False,USD,Ungraded,https://www.ebay.com/itm/168648612863?_skw=gundam&hash=item27443d9bff:g:J9EAAeSwskFqkFny,https://i.ebayimg.com/images/g/J9EAAeSwskFqkFny/s-l225.jpg
gundam,model_kit,eBay,marketplace,us,Bandai HG 1/144 Ξ XI Gundam (The Sorcery Of Nymph Circe),84.99,6.99,False,USD,New,https://www.ebay.com/itm/198454183668?_skw=gundam&hash=item2e34ca86f4:g:068AAeSwnCNqOjin,https://i.ebayimg.com/images/g/068AAeSwnCNqOjin/s-l225.jpg
gundam,cards,eBay,marketplace,us,A Show of Resolve U GD01-100 PR - Gundam Card Game  English,520.0,0.0,False,USD,Ungraded,https://www.ebay.com/itm/398386680157?_skw=gundam&hash=item5cc1b2515d:g:8hQAAeSw4~BqpPuc,https://i.ebayimg.com/images/g/8hQAAeSw4~BqpPuc/s-l225.jpg
gundam,cards,eBay,marketplace,us,Destiny Gundam (Resource) - R-038 C+ Gundam Card Game - Near Mint/Mint,2.99,,False,USD,Ungraded,https://www.ebay.com/itm/800644116843?_skw=gundam&hash=itemba6a1bb16b:g:FZQAAeSw~L5qo4hs,https://i.ebayimg.com/images/g/FZQAAeSw~L5qo4hs/s-l225.jpg
gundam,model_kit,eBay,marketplace,us,BANDAI HG Mobile Suit 1/144 RX-78-2 Gundam REVIVE Ver. HGUC 196716 US Seller USA,19.95,0.0,False,USD,New,https://www.ebay.com/itm/137589264838?_skw=gundam&hash=item2008f591c6:g:NZMAAeSwxbpqpiW7,https://i.ebayimg.com/images/g/NZMAAeSwxbpqpiW7/s-l225.jpg
gundam,cards,eBay,marketplace,international,Presale Gundam Card Game ~ EX Base EXBP-033 Char & MSN-02 Zeong Promo Card 9/26,34.99,0.0,False,USD,Ungraded,https://www.ebay.com/itm/407149107183?_skw=gundam&hash=item5ecbfa57ef:g:8s0AAeSwvLhqgd4s,https://i.ebayimg.com/images/g/8s0AAeSwvLhqgd4s/s-l225.jpg
gundam,model_kit,eBay,marketplace,us,Bandai Hobby After War X Gundam Leopard HG 1/144 Model Kit,36.95,0.0,False,USD,New,https://www.ebay.com/itm/147564874667?_skw=gundam&hash=item225b8d4bab:g:sPYAAeSwKm1qpfBS,https://i.ebayimg.com/images/g/sPYAAeSwKm1qpfBS/s-l225.jpg
gundam,model_kit,eBay,marketplace,us,"#55 HI-Zack (EFSF) Z Gundam, Bandai Hobby HGUC",15.0,0.0,False,USD,New,https://www.ebay.com/itm/178251688885?_skw=gundam&hash=item2980a0ebb5:g:v1EAAeSwlU9qO~Gr,https://i.ebayimg.com/images/g/v1EAAeSwlU9qO~Gr/s-l225.jpg
gundam,model_kit,eBay,marketplace,us,Bandai Hobby Gundam Wing Gundam Heavyarms Ver EW MG 1/100 Model Kit USA Seller,52.95,0.0,False,USD,New,https://www.ebay.com/itm/137669937180?_skw=gundam&hash=item200dc4881c:g:qDoAAeSwbLhqpoVn,https://i.ebayimg.com/images/g/qDoAAeSwbLhqpoVn/s-l225.jpg
gundam,model_kit,eBay,marketplace,international,Gundam RX-78-2 ENTRY GRADE 1/144 Ukiyo-e Package Ver. Bandai Japan Limited New,32.88,12.9,False,USD,New,https://www.ebay.com/itm/800589730344?_skw=gundam&hash=itemba66ddd228:g:jkEAAeSw0BpqlRbM,https://i.ebayimg.com/images/g/jkEAAeSw0BpqlRbM/s-l225.jpg
gundam,other,eBay,marketplace,international,Bandai MG Iron Blooded Orphans Gundam Barbatos Lupus Genuine Replacement Parts,17.0,9.99,False,USD,New,https://www.ebay.com/itm/407051243111?_skw=gundam&hash=item5ec6250e67:g:K74AAeSwYCVpJEYr&amdata=enc%3AAQALAAAA4ACCtXRWQnOEpyOqnQQ8KGaCB5tPXhX8iKRS5d6sRJ5RhAHAwDYC1eIy%2FTx1YMMz9n2vVczcjBIea1y%2FyLo5uVZpdmmku96JdusWjgJW0gWhbEyKhk9l15tLIkoQ8Ho%2BAXxxqErZj6C5IRzxXUnQxorNaHa0n5JrBJjG98RB9EBXWQlHXb7qAEM7NowM7KRueYLdUKJNdu5GqWVQg9L5ddUNVRbKMbp7xxlRUnNNHTl4x%2F7yPuwjpPU7Im9bXuE9J365jKEWayWiCyfkgVjLqh157EsteaYzfYDCgUD8EqGa,https://i.ebayimg.com/images/g/K74AAeSwYCVpJEYr/s-l225.jpg
gundam,cards,eBay,marketplace,us,US STOCK GUNDAM CARD GAME 2026 Chinese New Year Red Pocket Promo SEALED EXRP-014,24.99,0.0,False,USD,New,https://www.ebay.com/itm/206099667027?_skw=gundam&hash=item2ffc7f5853:g:xEoAAeSwdAxpoiCP&amdata=enc%3AAQALAAAA4ACCtXRWQnOEpyOqnQQ8KGZy5mx79cG%2FxgduiaBqaIS%2Bsm5%2FoossTWTzvMJxad9y%2BRMxFYeu5Wc562HruJYQ%2Btw3yMfiPUrYvRu8TIotRMsLMfE%2FFmLNp4lE1BsnvEGSYdr480WWyfnUCIyda8%2F631DsDMwyRgUgPZ%2BBXs7zxY7IjuZufFGgSKJ%2BmJcQLbhA%2FFhsWQGgl7EZ8tV%2BjBjZ6iEHIWTgpXeEYu%2FemHUaWxDpM3VyI%2B%2BXayJUTeAJJpt7uaANwMuH4gbEwKiftwWcsKuzUcSvyr2eCoehXeIxRvrM,https://i.ebayimg.com/images/g/xEoAAeSwdAxpoiCP/s-l225.jpg
gundam,model_kit,eBay,marketplace,us,MOBILE SUIT GUNDAM SEED DESTINY 50 Episodes TV Complete Series  DVD English,37.99,8.5,False,USD,New,https://www.ebay.com/itm/323719114492?_skw=gundam&hash=item4b5f29aefc:g:pu0AAOSw0Khce434&amdata=enc%3AAQALAAAA4ACCtXRWQnOEpyOqnQQ8KGZW6v%2B1qUBuyfhNI2P3KMK6tQ%2BAIC7iRJFYVH%2FS6pzQyV5DeFXasVHOpVYxmbhRz%2Fklujq1l%2BtNxWkzsuxgYhfd3vV1G8WrdJ5%2BfrYsf47rVYU%2FWySW0ILAohVbOyPfOGClOx%2BR1IQV51gntZ4GIFJXByZkHuEk%2FfCOoJX1O73QzpOElm%2Bs8ZcbGCUta5XTVxzxlYjMHRyegni49dUNXpO85c60XEGjIEZHZdc6lhuGnFiFS9hfbmMyYTuuRMVyFBe0Dr428%2FNmOMbm5BiNhutb,https://i.ebayimg.com/images/g/pu0AAOSw0Khce434/s-l225.jpg
gundam,model_kit,eBay,marketplace,us,Bandai Gundam Char's Counterattack RGM-89 Jegan MG 1/100 Model Kit USA Seller,64.95,0.0,False,USD,New,https://www.ebay.com/itm/137564608237?_skw=gundam&hash=item20077d56ed:g:8WYAAeSwwTVqpoVm&amdata=enc%3AAQALAAAA4ACCtXRWQnOEpyOqnQQ8KGZtvC0TgDAGPOizrtueDS1X4jymwYoymDEbfRRUrJYzeL3jXoZlirEBrzCpTKcL5BwX8jjBAFiClR4sek3CsTZZ1%2FjS%2Fa%2BNyjBLitm%2BVAh3ZJCckycuqONXqxELp2qSb4QXFd9SC0df%2BNwh3hSjEE6Nu7iy%2FTU8aMqRjQjCuFa8jLL6%2B4a71T4s92AoaxFIZ5FOyl6mrtB3Fta6FEYoxLDN6s9jLqEI1Tg%2BxK3bO0sHiLAlghpvW1YvTqycUT9l4wdHgSPJiXFT2R6Fy3hpB5gF,https://i.ebayimg.com/images/g/8WYAAeSwwTVqpoVm/s-l225.jpg
gundam,model_kit,eBay,marketplace,us,"#31 Bawoo Z Gundam, Bandai Hobby HGUC 1/144",18.0,0.0,False,USD,New,https://www.ebay.com/itm/188555189089?_skw=gundam&hash=item2be6c3db61:g:6IYAAeSwQhRqO~E7,https://i.ebayimg.com/images/g/6IYAAeSwQhRqO~E7/s-l225.jpg
gundam,model_kit,eBay,marketplace,us,MG 1/100 Dom (New Ver.) Mobile Suit Gundam Model Kit Bandai Hobby,44.99,0.0,False,USD,New,https://www.ebay.com/itm/287484536105?_skw=gundam&hash=item42ef69e529:g:KJEAAeSwxMpqZYx~,https://i.ebayimg.com/images/g/KJEAAeSwxMpqZYx~/s-l225.jpg
gundam,cards,eBay,marketplace,us,**Bandai Gundam Card Game Wing Gundam Zero (EW) GD05-067 SR Holo ST-1**,3.45,,False,USD,Ungraded,https://www.ebay.com/itm/336788786840?_skw=gundam&hash=item4e6a2d0e98:g:Pf4AAeSw0Rhqo11L,https://i.ebayimg.com/images/g/Pf4AAeSw0Rhqo11L/s-l225.jpg
gundam,model_kit,eBay,marketplace,us,#19 Gundam Astray Red Frame Gundam SEED Astray Bandai Hobby RG 1/144 Model Kit,34.0,0.0,False,USD,New,https://www.ebay.com/itm/128058920032?_skw=gundam&hash=item1dd0e80c60:g:qKAAAeSwzMRqmQse,https://i.ebayimg.com/images/g/qKAAAeSwzMRqmQse/s-l225.jpg
gundam,model_kit,eBay,marketplace,us,Gundam Barbatos Gundam IBO Bandai Hobby MG 1/100 Scale Model Kit,61.0,0.0,False,USD,New,https://www.ebay.com/itm/128058882003?_skw=gundam&hash=item1dd0e777d3:g:Ag4AAeSwXSZqmQMr,https://i.ebayimg.com/images/g/Ag4AAeSwXSZqmQMr/s-l225.jpg
gundam,model_kit,eBay,marketplace,us,"RX-78-2 Gundam Ver. 2.0 ""Mobile Suit Gundam"", Bandai Hobby RG 1/144 Model Kit",41.0,0.0,False,USD,New,https://www.ebay.com/itm/127876713191?_skw=gundam&hash=item1dc60bcae7:g:4~4AAeSwBP5p0D~u,https://i.ebayimg.com/images/g/4~4AAeSwBP5p0D~u/s-l225.jpg
gundam,model_kit,eBay,marketplace,us,Gundam 1/144 HGBF #014 XM-X9999 Crossbone Gundam Maoh Model Kit,44.99,0.0,False,USD,New,https://www.ebay.com/itm/237060179138?_skw=gundam&hash=item3731e344c2:g:LAoAAeSw7QVqoevO&amdata=enc%3AAQALAAAA4ACCtXRWQnOEpyOqnQQ8KGbYdNpIsNNGRN6Rsd8bjmQZFxWpEmx8Hg%2BxARIAaYqw1ravEtdIpmITvL4%2BjYWj79ibzh5DUihVKNtSGb%2F55NX3vSIcrtE%2FbQG1ftx%2Fz%2B20JIPxkVxH1GG1Vx45I3Mpi%2FRDwYSpM8wpQsTWLpBagZ3TJwei2x2tNx7zyvs7ALln8Y%2B%2F77VBYO0PTtijEuu6rjq3GSN%2FMjQZaa279dF4CxpD26j5RwJRuWCCsFlqOZ54mUQciWdhNKcNXy536s%2BFV%2BeqLc72lhtv%2Bvxz%2FyLi8DcW,https://i.ebayimg.com/images/g/LAoAAeSw7QVqoevO/s-l225.jpg
gundam,other,eBay,marketplace,international,MG Spring Macaron Sakura Freedom 2.0 Gundam Model Kit Gifts Toys Assembly,169.66,39.99,False,USD,New,https://www.ebay.com/itm/146842727903?_skw=gundam&hash=item22308235df:g:H2EAAeSwRLto5xAK&amdata=enc%3AAQALAAAA8ACCtXRWQnOEpyOqnQQ8KGYA%2B6BCiG9SH9Sd1lii22AcNfqZHoSSomDn4ytWcdCIyYjRti6OepdOO1Ra9jc3zMf2pJYrTsDfI%2BMr4w2USs17%2BLxu0d5Y%2BduAW225hoP8%2FT0FDkIsLW9P5lO61H54jWk01gHrr9b0XI2bB8UjqEJOQ6vrOJjYG5egpfDob2RRcgoSBzm7KVddoG%2B3WLTVC0Ov7gpu0I5j1cFetTpjHoMEIncIT9fhWKzokPB6oJ%2BZ2j1765BXYjJjB4ebHtAsg0m%2FWBm9AcZdg%2F56XaJdqfC3Wk3o--wXRfpuKM9LhDwpMg%3D%3D,https://i.ebayimg.com/images/g/H2EAAeSwRLto5xAK/s-l225.jpg
gundam,cards,eBay,marketplace,us,Gundam Card Game Newtype Rising GD01 Booster Box  English Sealed,424.99,0.0,False,USD,New/Factory Sealed,https://www.ebay.com/itm/278352212670?_skw=gundam&hash=item40cf15b2be:g:8OIAAeSwhthqnqmT,https://i.ebayimg.com/images/g/8OIAAeSwhthqnqmT/s-l225.jpg
gundam,model_kit,eBay,marketplace,us,"#6 Z'Gok Mobile Suit Gundam, Bandai Hobby HGUC 1/144",12.0,0.0,False,USD,New,https://www.ebay.com/itm/178251688855?_skw=gundam&hash=item2980a0eb97:g:eFEAAeSwBsFqO~It,https://i.ebayimg.com/images/g/eFEAAeSwBsFqO~It/s-l225.jpg
gundam,cards,eBay,marketplace,international,Domon Kasshu R GD05-097 Promo V Jump Toyotaro  Gundam Card Game Japanese,7.24,0.0,False,USD,Ungraded,https://www.ebay.com/itm/366623364101?_skw=gundam&hash=item555c749405:g:uIwAAeSwS8tqiqax,https://i.ebayimg.com/images/g/uIwAAeSwS8tqiqax/s-l225.jpg
gundam,model_kit,eBay,marketplace,us,Bandai Mobile Suit Gundam RX-78-2 Ver. Ka Ver Ka MG 1/100 Model Kit USA Seller,38.95,0.0,False,USD,New,https://www.ebay.com/itm/137621506767?_skw=gundam&hash=item200ae18acf:g:dSUAAeSwFTFqo5rw,https://i.ebayimg.com/images/g/dSUAAeSwFTFqo5rw/s-l225.jpg
gundam,model_kit,eBay,marketplace,us,Bandai Hobby SEED Gundam Astray Gold Frame Amatsu Mina RG 1/144 Model Kit USA,40.95,0.0,False,USD,New,https://www.ebay.com/itm/147360893081?_skw=gundam&hash=item224f64c899:g:NzgAAeSwa1Bql1mZ,https://i.ebayimg.com/images/g/NzgAAeSwa1Bql1mZ/s-l225.jpg
gundam,other,eBay,marketplace,us,Gundam Universe MS-06S Char's Zaku 2 (Origin Ver.) GU-SP Target Exclusive,35.88,6.25,False,USD,New,https://www.ebay.com/itm/277589079637?_skw=gundam&hash=item40a1993655:g:TJMAAeSwAi5o6XtV,https://i.ebayimg.com/images/g/TJMAAeSwAi5o6XtV/s-l225.jpg
gundam,model_kit,eBay,marketplace,us,"Gundam UC #30 Full Armor Gundam Unicorn, Bandai RG 1/144 [New Toy] Figure, Col",52.08,0.0,False,USD,New,https://www.ebay.com/itm/198324342618?_skw=gundam&hash=item2e2d0d4f5a:g:jAMAAeSwm6Zp9UfI,https://i.ebayimg.com/images/g/jAMAAeSwm6Zp9UfI/s-l225.jpg
gundam,cards,eBay,marketplace,international,Gundam Seed Arsenal Base Promo Meer Campbell Summer Festival Promo Bikini PR-354,78.0,6.0,False,USD,Ungraded,https://www.ebay.com/itm/407213495668?_skw=gundam&hash=item5ecfd0d574:g:EJEAAeSwmuxqpWG6,https://i.ebayimg.com/images/g/EJEAAeSwmuxqpWG6/s-l225.jpg
gundam,model_kit,eBay,marketplace,us,1/60 Rx-93 Nu Gundam Model Kit,337.5,,False,USD,New,https://www.ebay.com/itm/800579290706?_skw=gundam&hash=itemba663e8652:g:ng8AAeSwPgVqklDF&amdata=enc%3AAQALAAAA4ACCtXRWQnOEpyOqnQQ8KGaQzNYQ%2FXMiwVHc76k0Xu13R%2BhNe0PaemDASerGyiKs4omPfKbLtB2ZgW8uVkimHbNehdsDNOHehNmSI4BW0wimJ5HQk8mNrPj%2F1AV%2FAsNkzqi7WWnXUopJiwKUmvgZ34xrtLFieI8GBIUKX2Cba60dpu4HECiXVt3WN7Q9YpD8HzKQ9b69kBt2vGXgXu9pOT2pN1bDMKWiqdEeT61m4utbp%2FtJYKyzqUVxKRS0YPoatlfQl%2BxzxwPhR2Pp8QzeOo8%2FZqka8DPNw6KNH%2B5m4vEu,https://i.ebayimg.com/images/g/ng8AAeSwPgVqklDF/s-l225.jpg
gundam,model_kit,eBay,marketplace,us,Bandai Hobby Mobile Suit Gundam MS-06J ZAKU II Ver 2.0 MG 1/100 Model Kit USA,65.0,0.0,False,USD,New,https://www.ebay.com/itm/137709161106?_skw=gundam&hash=item20101b0a92:g:Dc8AAeSwuqxqpP~U&amdata=enc%3AAQALAAAA4ACCtXRWQnOEpyOqnQQ8KGYyuZOVB2OCKSCv2KkEG80WrLoweIajglYRzceV53oMOtRjNLBEM%2BGGKgPhg4vCPErCnXTV8rx8f5coq3r%2B43ijHzuU8GwaUSZV2TnPZBM6DNTdYPVbb1LZPy3Uj6Wo%2BwRbfNQeXKjy86Y38ni5nBPOty7avp2j2HPRqIjJiqpgLrnOmYl1pW3sdUJmyxEzvK7NOjNgiPSU6vDJ3rhUOUp3Zig03colSyvHIj8HU7lKycbxBNlCij%2B6NwlrjX6IsDu5aaCGCrbcfVFiYWzPP90s,https://i.ebayimg.com/images/g/Dc8AAeSwuqxqpP~U/s-l225.jpg
gundam,other,eBay,marketplace,international,MG Spring Macaron Sakura Freedom 2.0 Gundam Model Kit Gifts Toys Assembly,169.66,39.99,False,USD,New,https://www.ebay.com/itm/146842727903?_skw=gundam&hash=item22308235df:g:H2EAAeSwRLto5xAK&amdata=enc%3AAQALAAAA8ACCtXRWQnOEpyOqnQQ8KGYA%2B6BCiG9SH9Sd1lii22AcNfqZHoSSomDn4ytWcdCIyYjRti6OepdOO1Ra9jc3zMf2pJYrTsDfI%2BMr4w2USs17%2BLxu0d5Y%2BduAW225hoP8%2FT0FDkIsLW9P5lO61H54jWmW0vQx0FPmsW8ZvMLOnjFJ8BuPj3SFMqTlhydys8lmNKfcDZ9%2FZOtxgX6iC73SnK5ak0G92WIM8HLsWkGGveL26KILR5ySU07MoGHFQjFT2WOPaadI2XdjronhB1XNacaK2dCiOiJuOIQKtWW1XA4XiknWTqivQYeRyyJs5DQ2Og%3D%3D,https://i.ebayimg.com/images/g/H2EAAeSwRLto5xAK/s-l225.jpg
gundam,model_kit,eBay,marketplace,us,1/60 Rx-93 Nu Gundam Model Kit,337.5,,False,USD,New,https://www.ebay.com/itm/800579290706?_skw=gundam&hash=itemba663e8652:g:ng8AAeSwPgVqklDF&amdata=enc%3AAQALAAAA4ACCtXRWQnOEpyOqnQQ8KGaQzNYQ%2FXMiwVHc76k0Xu13R%2BhNe0PaemDASerGyiKs4omPfKbLtB2ZgW8uVkimHbNehdsDNOHehNmSI4BW0wimJ5HQk8mNrPj%2F1AV%2FAsNkzqi7WWnXUopJiwKUmvgZ34ymlfr7Bd8x1k%2FHbSBe6XxcRV0x54KS%2BV%2BGGNN%2BuokAVsaq7j%2FrbHWXmr1SPhf8bFpjtmNcirwOLRooyJ%2FkpU%2FKbVXw85vEGpP4mrrWGlSEGnL5exNE83XRUDjMjWdKZihI%2B3UJ90jzDxaF3pfARIwq,https://i.ebayimg.com/images/g/ng8AAeSwPgVqklDF/s-l225.jpg
gundam,model_kit,eBay,marketplace,us,Bandai Hobby Mobile Suit Gundam MS-06J ZAKU II Ver 2.0 MG 1/100 Model Kit USA,65.0,0.0,False,USD,New,https://www.ebay.com/itm/137709161106?_skw=gundam&hash=item20101b0a92:g:Dc8AAeSwuqxqpP~U&amdata=enc%3AAQALAAAA4ACCtXRWQnOEpyOqnQQ8KGYyuZOVB2OCKSCv2KkEG80WrLoweIajglYRzceV53oMOtRjNLBEM%2BGGKgPhg4vCPErCnXTV8rx8f5coq3r%2B43ijHzuU8GwaUSZV2TnPZBM6DNTdYPVbb1LZPy3Uj6Wo%2BwS%2F2fEBC0bDiF2EnHoCjQK4u7GvsZLBRWkFzxk7m7NK4c03SUB4Zje2GcedgjbIx%2FwznJYe2%2FZOIe26rmG03Njg204BZ%2Bpq8gUHji0AhhtCUA0V4ZPo84pgXh7ToRwT803s5lhOd7FLSLFQvx3%2FAdhf,https://i.ebayimg.com/images/g/Dc8AAeSwuqxqpP~U/s-l225.jpg
gundam,cards,eBay,marketplace,international,Genuine Bandai - Gundam Tcg Beta version Card Sleeves 70pcs Sealed,88.95,0.0,False,USD,New,https://www.ebay.com/itm/227385592983?_skw=gundam&hash=item34f13ccc97:g:VQgAAeSw~U1qEMgw&amdata=enc%3AAQALAAAA4ACCtXRWQnOEpyOqnQQ8KGamw3ecbWgm1fdomd4C6zRVgaA5FGJnsFXrGFAPpTOKfxrQsy4dqJyUwR5KRMC3Zw0SCb%2FbdCLjt5Rvy5B%2F7Z1LbQnsQoVtiGWDv7qvFnRQUGcBAozC60vc3FM%2FSGx5hTXVv7VSbXfsWZfbdnmy3GNT9F0tEO6ULT8gf2MvpO%2FJQ3qwirjB0hOToaaNf5eQq3TDCLJY7d4HYWO1np%2BgPwIT7%2F3kcZM7a%2FqBKWwjmH5hnhWjJ2v%2BA7xGnxBRxdRmljN322WVfvggbGm8o58CWQHw,https://i.ebayimg.com/images/g/VQgAAeSw~U1qEMgw/s-l225.jpg
gundam,model_kit,eBay,marketplace,international,METAL ROBOT Spirits Strike Freedom Gundam Type II Hatsune Miku Ver. Bandai New,146.8,0.0,False,USD,New,https://www.ebay.com/itm/298168274241?_skw=gundam&hash=item456c36cd41:g:EYkAAeSwZs1priXI,https://i.ebayimg.com/images/g/EYkAAeSwZs1priXI/s-l225.jpg
gundam,model_kit,eBay,marketplace,us,"#26 Gundam Calibarn The Witch from Mercury, Bandai Hobby HG 1/144",24.0,0.0,False,USD,New,https://www.ebay.com/itm/188555189079?_skw=gundam&hash=item2be6c3db57:g:ag4AAeSwtcVqO~G8,https://i.ebayimg.com/images/g/ag4AAeSwtcVqO~G8/s-l225.jpg
gundam,model_kit,eBay,marketplace,international,Gundam ENTRY GRADE 1/144 Ukiyo-e Wing RX-78-2 Strike Gundam 3 Model Kit Set JP,65.9,26.9,False,USD,New,https://www.ebay.com/itm/800589809729?_skw=gundam&hash=itemba66df0841:g:zOIAAeSwq2JqlRtx,https://i.ebayimg.com/images/g/zOIAAeSwq2JqlRtx/s-l225.jpg
gundam,other,eBay,marketplace,us,Bandai Namco Gundam Universe 00 Raiser GU-23 GN-0000 GNR-010 Action Figure (READ,26.59,0.0,False,USD,New,https://www.ebay.com/itm/168523454461?_skw=gundam&hash=item273cc7d7fd:g:wHUAAeSw6AZqRZGx,https://i.ebayimg.com/images/g/wHUAAeSw6AZqRZGx/s-l225.jpg
gundam,model_kit,eBay,marketplace,us,"#7 Union Flag Graham Custom Gundam 00, Bandai Hobby HG 00",16.0,0.0,False,USD,New,https://www.ebay.com/itm/188555189087?_skw=gundam&hash=item2be6c3db5f:g:YBkAAeSwA8BqO~IZ,https://i.ebayimg.com/images/g/YBkAAeSwA8BqO~IZ/s-l225.jpg
gundam,model_kit,eBay,marketplace,us,Bandai MG Aile Strike Gundam Ver. RM 1/100 Scale Action Figure Model Kit,45.0,0.0,False,USD,New,https://www.ebay.com/itm/377362387764?_skw=gundam&hash=item57dc8d1334:g:u~AAAeSwx7pqYPJa,https://i.ebayimg.com/images/g/u~AAAeSwx7pqYPJa/s-l225.jpg
gundam,model_kit,eBay,marketplace,us,Gundam 1/144 HGBF #015 Gouf R35 Model Kit,39.99,0.0,False,USD,New,https://www.ebay.com/itm/278360475458?_skw=gundam&hash=item40cf93c742:g:5osAAeSwqg5qoxcz,https://i.ebayimg.com/images/g/5osAAeSwqg5qoxcz/s-l225.jpg
gundam,model_kit,eBay,marketplace,us,Bandai Gundam Stardust Memory HGUC MS-06F Zaku II FZ HG 1/144 Model Kit USA,40.0,0.0,False,USD,New,https://www.ebay.com/itm/137620839610?_skw=gundam&hash=item200ad75cba:g:~cAAAeSwIABqos8r,https://i.ebayimg.com/images/g/~cAAAeSwIABqos8r/s-l225.jpg
gundam,model_kit,eBay,marketplace,us,Gundam Assemble: EX02 Expansion Pack 02 Oct-Nov 2026 Pre-Order,42.0,0.0,False,USD,New,https://www.ebay.com/itm/188640589788?_skw=gundam&hash=item2bebdaf7dc:g:-4MAAeSwyWFqVpMD&amdata=enc%3AAQALAAAA4ACCtXRWQnOEpyOqnQQ8KGbROCZpDMpPAuyeaTWjdlzoC%2FsVbGAcu4Gx6SqUdVinwqM9KjkjlhMKeFiQ%2BTLpjDdXtuQiWKOnEoib95WsNwoBQBc1yChmMLsEEYzFrZIzTtKcFKpIry8LRJPdg4bx9qEpEDc9udqyzjuAdyGfZRN6EL8DM%2BVvO6Mx5h16gjl2PqezdY8O5zLEt328hI8wSYrtURNX0SvPb1Pl5G7LjY%2B3sxfrTXdFEshatvNR6YWsZUatZ4I7ovbuIHSZE4rSoloPQbSOrccEfSMaze6gUP0y,https://i.ebayimg.com/images/g/-4MAAeSwyWFqVpMD/s-l225.jpg
gundam,other,eBay,marketplace,international,Bandai PG UNLEASHED RX-93 Nu Gundam Model Genuine Replacement Parts,85.0,9.99,False,USD,New,https://www.ebay.com/itm/407051228833?_skw=gundam&hash=item5ec624d6a1:g:SOUAAeSwRUJphsRp&amdata=enc%3AAQALAAAA4ACCtXRWQnOEpyOqnQQ8KGb0FWK3ntK1zdfBuiMWweKLCVZDyfCp48SxvhIgXCheH13uIa0ZTP627vOeE7hkVzGh9LOZdutPngaGlbdCXj5LbHTPezxQ2t6Kb%2Fvw3Bc%2BbKo6qWyKz%2FPgagKZPHLd5TXeR3NkAPpYIJIkrB94%2FjozWa%2B9xzcnUHwPaXB1vBsMbdx9GJBXFebTDlH8qwn6F9C9rLrDGcxshfawFa4WvFQ6uywU2V4h0qGAeSh9XDD5U495UUGuXi1GNQ2z%2FKLdCzs4jDwn%2BbqO9E252s5NhY4V,https://i.ebayimg.com/images/g/SOUAAeSwRUJphsRp/s-l225.jpg
gundam,model_kit,eBay,marketplace,international,Mobile Suit Ensemble 02 Bandai Gundam Capsule Assembly Model Kits Collectible,16.99,10.99,False,USD,New,https://www.ebay.com/itm/398294543623?_skw=gundam&hash=item5cbc346d07:g:gikAAeSw4VRqgnXv&amdata=enc%3AAQALAAAA4ACCtXRWQnOEpyOqnQQ8KGY7Qxx5NDaFB92BGD9EJ1kiEINacu6mEXz16lLxYgCJTDNqpbnAPrh787ICE2bdZbRmUkP2HtaKkOiSZ%2ByWM2qeRfOemp28%2FII5pjyUpSbGgMciRx5vlOrNz9SDuPP%2F28n5szOcKcZSRsqqKCDTUzTMTUdZt1WtHCmmuePMTFAKL972jaMjKedm8dwkxYajHA0b0jsvwcyR%2B2GS2QL0k9c2Ydz0rBRSCNefaCBm0rdEE0dDNrYji%2Fni472dCsQ0uUOdLfmQL1TqiNUeBkFF4FMu,https://i.ebayimg.com/images/g/gikAAeSw4VRqgnXv/s-l225.jpg
gundam,model_kit,eBay,marketplace,us,Bandai Hobby HGBF Build Strike Gundam Full Package HG 1/144 Model Kit USA Seller,25.25,0.0,False,USD,New,https://www.ebay.com/itm/136923308104?_skw=gundam&hash=item1fe143e048:g:eT4AAeSwnLRqppec,https://i.ebayimg.com/images/g/eT4AAeSwnLRqppec/s-l225.jpg
gundam,model_kit,eBay,marketplace,us,Bandai Hobby Narrative Gundam C-Packs Ver. Ka MG 1/100 Scale Model Kit,73.95,0.0,False,USD,New,https://www.ebay.com/itm/147546433798?_skw=gundam&hash=item225a73e906:g:1xgAAeSwRrRqpc5-,https://i.ebayimg.com/images/g/1xgAAeSwRrRqpc5-/s-l225.jpg
gundam,model_kit,eBay,marketplace,international,RG 1/144 RX-78-2 Gundam RG 1/144 MS-06S Zaku II Hatsune Miku Ver. Set of 2,170.0,0.0,False,USD,New,https://www.ebay.com/itm/227364928600?_skw=gundam&hash=item34f0017c58:g:V70AAeSwrWBqGwuX,https://i.ebayimg.com/images/g/V70AAeSwrWBqGwuX/s-l225.jpg
gundam,model_kit,eBay,marketplace,us,Bandai Hobby Gundam Geara Doga MG 1/100 Model Kit USA Seller,62.95,0.0,False,USD,New,https://www.ebay.com/itm/147478287931?_skw=gundam&hash=item225664163b:g:030AAeSwINFqpTVK,https://i.ebayimg.com/images/g/030AAeSwINFqpTVK/s-l225.jpg
gundam,cards,eBay,marketplace,us,Gundam ENGLISH GD04 Phantom Aria Booster Box SEALED,129.49,0.0,False,USD,New/Factory Sealed,https://www.ebay.com/itm/178463353121?_skw=gundam&hash=item298d3ea921:g:1qIAAeSw61RqmOvb,https://i.ebayimg.com/images/g/1qIAAeSw61RqmOvb/s-l225.jpg
gundam,model_kit,eBay,marketplace,us,Tallgeese EW Gundam Wing Endless Waltz Bandai Hobby MG 1/100,49.98,0.0,False,USD,New,https://www.ebay.com/itm/128011807911?_skw=gundam&hash=item1dce192ca7:g:sTsAAeSwPFVqcv8g,https://i.ebayimg.com/images/g/sTsAAeSwPFVqcv8g/s-l225.jpg
gundam,other,eBay,marketplace,us,HG 1/144 Gundam Model Kit Parts #02 - Replacement Spare Kitbashing - USA Seller,2.6,,True,USD,New,https://www.ebay.com/itm/117251015640?_skw=gundam&hash=item1b4cb483d8:g:yHYAAeSwPOlqpg99,https://i.ebayimg.com/images/g/yHYAAeSwPOlqpg99/s-l225.jpg
gundam,other,eBay,marketplace,us,GSI Creos Gundam Markers All Different Colors $5.99 Flat Shipping Rate Per ORDER,4.99,5.99,False,USD,New,https://www.ebay.com/itm/155049759375?_skw=gundam&hash=item2419af928f:g:decAAOSwVD5i0VTx,https://i.ebayimg.com/images/g/decAAOSwVD5i0VTx/s-l225.jpg
gundam,other,eBay,marketplace,us,HG Gundam 1/144 MS-05 Zaku II Char's Mobile Suit Model Kit,24.23,0.0,False,USD,New,https://www.ebay.com/itm/206274045516?_skw=gundam&hash=item3006e4264c:g:tPoAAeSwhjZqBa~T,https://i.ebayimg.com/images/g/tPoAAeSwhjZqBa~T/s-l225.jpg
gundam,model_kit,eBay,marketplace,international,PSL Bandai EXCEED MODEL TRINITY RX-78-2 Gundam Complete Set Capsule Toys Gashapo,79.99,16.99,False,USD,New,https://www.ebay.com/itm/327336657352?_skw=gundam&hash=item4c36c901c8:g:4WoAAeSwJm1qlsea,https://i.ebayimg.com/images/g/4WoAAeSwJm1qlsea/s-l225.jpg
gundam,model_kit,eBay,marketplace,us,Bandai MG 1/100 Gundam X Model Kit,50.99,6.99,False,USD,New,https://www.ebay.com/itm/198158918487?_skw=gundam&hash=item2e23312357:g:hqMAAeSwnrxpqPex,https://i.ebayimg.com/images/g/hqMAAeSwnrxpqPex/s-l225.jpg
gundam,model_kit,eBay,marketplace,international,Bandai Gundam G-Frame FA-09 RX‑105 Ξ Xi Gundam Gundam Set 11cm Action Model kit,53.0,8.0,False,USD,New,https://www.ebay.com/itm/800612160760?_skw=gundam&hash=itemba683414f8:g:lhoAAeSwptdqmtdL,https://i.ebayimg.com/images/g/lhoAAeSwptdqmtdL/s-l225.jpg
gundam,model_kit,eBay,marketplace,us,BAN2029266 Bandai Gundam: High Grade: Universal Century: 1/144: Zaku II Kai,26.31,0.0,False,USD,New,https://www.ebay.com/itm/168641564442?_skw=gundam&hash=item2743d20f1a:g:L7QAAeSw7Slqj0Tf&amdata=enc%3AAQALAAAA4ACCtXRWQnOEpyOqnQQ8KGbT9a2V7OvxAxoHWNEsdwbPEUt5h%2BB9NhbicjcHofXrZAGPo%2B5PgFUBUX0Mc4qI79daQ--CSTZ8DRjpMoKolISGzpn%2BDsEI8FAGYhxAq%2Fq5UOyp8jo2bJGYsDouENvYe0vwWw3CPBaXUWKAfpVM6hkG%2FbrJx378Ic%2FFUCyB78lvPNnQcycYFlEGDx8ySzCa5XQMB7i7HeFcTPNYdW5t6Isx7aLyeT8PrENQ3Qirh5X4ow51%2B7IQ07OcDUpnp%2FQbNYnTTgPH3Vx92meCRzbZheNj,https://i.ebayimg.com/images/g/L7QAAeSw7Slqj0Tf/s-l225.jpg
gundam,other,eBay,marketplace,us,Bandai SIDE MS Robot Spirits Gundam The Witch from Mercury Aerial ver. ANIME Act,49.95,0.0,False,USD,New,https://www.ebay.com/itm/137663941036?_skw=gundam&hash=item200d6909ac:g:3sgAAeSwmydqpfdv&amdata=enc%3AAQALAAAA4ACCtXRWQnOEpyOqnQQ8KGaZzetnPbmPuFRwwOUHGHJfnNAdqkyVewSG4JoUUA%2BUF92iy42q2XuceVYxZWPbJbq5hSPQPWXPetmmC4n5TzTrZhVNAnaaAoykAsDd4fyMmTUBFedHz2whVSzMQWZhma1FWXANZoLn4YKS7tZG5myf3IVFUo%2F0d%2BaIs7drWqQYDdRV13vp5XP12w1pzv8KqGmQmRQfD7EDXI8Vo%2FzqfV6cDp1QkCvk%2Ft52qtVT9NdiXjH%2B1lRqR1DuoeSeRZSYTSCpDPUCvnCW6rQ8uoYxwnak,https://i.ebayimg.com/images/g/3sgAAeSwmydqpfdv/s-l225.jpg
gundam,model_kit,eBay,marketplace,us,Bandai Hobby SEED Destiny Gundam Strike Freedom MG 1/100 Model Kit USA Seller,61.95,0.0,False,USD,New,https://www.ebay.com/itm/147496882198?_skw=gundam&hash=item22577fd016:g:ynAAAeSwKexqpVs5&amdata=enc%3AAQALAAAA4ACCtXRWQnOEpyOqnQQ8KGYEhdJ1raXi%2FCrzi%2FKEqmqGSv5PEoCmwKknm7kAb7%2BKNuQSmrIhyceM6lgM6LkY1iEVP7f3R%2F35fwwia41wg0vN%2BEmJbO3BR1m25ggMAxLBxQGWkgcLgNmc5JTpcpvuYK45zvZH1Y6VFLyk%2FX6%2BSPe1KykeBnFRylO4YFVTKbVpG2YSeqj03TH1wwWvOf611ssaej3oluoIot1%2FJlbZa1VDEQkllU4ztNQewdokXGIhfJ%2BDy8ybJ%2BeuCWl0sp62W7e99scopJcGNg1deVxDICCF,https://i.ebayimg.com/images/g/ynAAAeSwKexqpVs5/s-l225.jpg
gundam,model_kit,eBay,marketplace,international,BANDAI SPIRITS ENTRY GRADE 1/144 Strike Gundam (7-Eleven limited color) JP,44.78,0.0,False,USD,New,https://www.ebay.com/itm/395815024005?_skw=gundam&hash=item5c2869f585:g:iKUAAOSwyA5nLO9C,https://i.ebayimg.com/images/g/iKUAAOSwyA5nLO9C/s-l225.jpg
gundam,model_kit,eBay,marketplace,us,"#19 Char's Z'Gok Mobile Suit Gundam, Bandai Hobby HGUC 1/144",12.0,0.0,False,USD,New,https://www.ebay.com/itm/178251688883?_skw=gundam&hash=item2980a0ebb3:g:dFMAAeSwlmBqO~Ii,https://i.ebayimg.com/images/g/dFMAAeSwlmBqO~Ii/s-l225.jpg
gundam,model_kit,eBay,marketplace,us,Bandai HG 1/144 Arios Gundam GNHW/R,24.99,6.99,False,USD,New,https://www.ebay.com/itm/198540123582?_skw=gundam&hash=item2e39e9ddbe:g:Xn8AAeSwMDlqbxX3,https://i.ebayimg.com/images/g/Xn8AAeSwMDlqbxX3/s-l225.jpg
gundam,model_kit,eBay,marketplace,us,Gundam Sandrock EW Gundam Wing: Endless Waltz Bandai Hobby MG 1/100,48.0,0.0,False,USD,New,https://www.ebay.com/itm/128011804474?_skw=gundam&hash=item1dce191f3a:g:FRMAAeSwlDZqcvyh,https://i.ebayimg.com/images/g/FRMAAeSwlDZqcvyh/s-l225.jpg
gundam,model_kit,eBay,marketplace,us,Bandai Hobby RB-79 Ball Gundam MS 08th Team MG 1/100 Model Kit USA Seller,39.95,0.0,False,USD,New,https://www.ebay.com/itm/147491802099?_skw=gundam&hash=item2257324bf3:g:Hy8AAeSw90JqpF48,https://i.ebayimg.com/images/g/Hy8AAeSw90JqpF48/s-l225.jpg
gundam,other,eBay,marketplace,international,DDB MGEX 1/100 Strike Freedom Gundam Wing of Light Option Set Collectible Model,32.67,7.99,False,USD,New,https://www.ebay.com/itm/388112973722?_skw=gundam&hash=item5a5d55ff9a:g:ea8AAOSwwy1mre0P,https://i.ebayimg.com/images/g/ea8AAOSwwy1mre0P/s-l225.jpg
gundam,cards,eBay,marketplace,international,Gundam Card Game 1st Anniversary Archive Official Guide Book w/ JP Promo Card 12,44.8,9.0,False,USD,Brand New,https://www.ebay.com/itm/318836232970?_skw=gundam&hash=item4a3c1ed30a:g:l1AAAeSw0jpqnhHk&amdata=enc%3AAQALAAAA4ACCtXRWQnOEpyOqnQQ8KGaMkiYziDAy7mXQjCtawQ3dYBQZbhsWWdFCBHPqt%2BgY11G%2FhvVIfkvDFLiEl5H%2FDtpYEkv%2F%2BMNFvPpCWwOAvlD8QeHOaHNlluwPpQBzG9UaUbi5HXvfpCeFa3gOWmQ5uons2kRmZjGnlnzruUUEF0X92RH6p%2Bw5jpbdVeSyQapQEm6YG5jgQKPGe%2Bp8BhdoyeQHQythbN846bw2mvPOkQyvD8canmzX3HGyxlSjq3uYBZ5XNkwod5StpZzWWOF1RNxtkiQuwwCGLp2lrFLa%2Fhu5,https://i.ebayimg.com/images/g/l1AAAeSw0jpqnhHk/s-l225.jpg
gundam,cards,eBay,marketplace,international,Gundam Card Set of 12 Game Assemble Only ST01A ST02 ST03A ST04A No Card Box,133.63,0.0,False,USD,New/Factory Sealed,https://www.ebay.com/itm/365928282166?_skw=gundam&hash=item5533067836:g:UGgAAeSwA-FpYdEs&amdata=enc%3AAQALAAAA4ACCtXRWQnOEpyOqnQQ8KGbcUhmfK52FPEpKyCnMGoyegQDD7PL3CI0xkFjKYhHwISYi3d9KqZn8hIJwhCVTfakbNLPCkoSuNeySUsPjJ6OXxm7yBuHkIzIUrFqmvlXtcomh3OOcEzzD%2F81NvMzSMVyrCC6Qzg7QXw6TFWKtlu0l0zEYZA3063%2B5BczV%2FZ%2BwMVZg4BxX8Mx52XNSf0xOHrZl3u7XV%2Fon%2Ffh7J8Y%2Bzt%2FN26lJrtGN3w1tmAvA3rGfIjyIqpxsiUG1iBrOJ70oCLdn5WPlddCeTPo%2BbTwOKE%2Fy,https://i.ebayimg.com/images/g/UGgAAeSwA-FpYdEs/s-l225.jpg
gundam,cards,eBay,marketplace,us,Gundam Card Game Dual Impact Booster Box GD02 Japanese,61.99,0.0,False,USD,New/Factory Sealed,https://www.ebay.com/itm/237049122841?_skw=gundam&hash=item37313a9019:g:VWsAAeSwR25qo8WM,https://i.ebayimg.com/images/g/VWsAAeSwR25qo8WM/s-l225.jpg
gundam,cards,eBay,marketplace,international,Gundam Card Game Domon Kasshu GD05-097 V Jump Promo Toyotaro Japanese,6.93,0.0,False,USD,Ungraded,https://www.ebay.com/itm/168629344756?_skw=gundam&hash=item27431799f4:g:6QcAAeSwyIRqh7Uh,https://i.ebayimg.com/images/g/6QcAAeSwyIRqh7Uh/s-l225.jpg
gundam,model_kit,eBay,marketplace,us,Bandai Hobby Gundam Stardust Memory HGUC RX-78 GP02A Physalis HG 1/144 Model Kit,33.95,0.0,False,USD,New,https://www.ebay.com/itm/147469838599?_skw=gundam&hash=item2255e32907:g:pMsAAeSw7k9qpoVm,https://i.ebayimg.com/images/g/pMsAAeSw7k9qpoVm/s-l225.jpg
gundam,model_kit,eBay,marketplace,us,"#17 Gundam Lfrith Ur The Witch from Mercury, Bandai Hobby HG 1/144",25.0,0.0,False,USD,New,https://www.ebay.com/itm/178251688899?_skw=gundam&hash=item2980a0ebc3:g:gw8AAeSw9XlqO~In,https://i.ebayimg.com/images/g/gw8AAeSw9XlqO~In/s-l225.jpg
gundam,model_kit,eBay,marketplace,international,HG 1/144 Mighty Strike Freedom Gundam Assembly Model Kit Action Figure Toy Gift,19.99,0.0,False,USD,New,https://www.ebay.com/itm/206177136369?_skw=gundam&hash=item30011d6ef1:g:v~UAAeSwcVRpyil4,https://i.ebayimg.com/images/g/v~UAAeSwcVRpyil4/s-l225.jpg
gundam,model_kit,eBay,marketplace,us,267 Messer Type-M01 Gawman Use MOBILE SUIT GUNDAM HATHAWAY Bandai Hobby HG 1/144,45.0,0.0,False,USD,New,https://www.ebay.com/itm/178089630422?_skw=gundam&hash=item2976f81ad6:g:GdIAAeSwwlRqO~Gl,https://i.ebayimg.com/images/g/GdIAAeSwwlRqO~Gl/s-l225.jpg
gundam,other,eBay,marketplace,us,Bandai SIDE MS Robot Spirits Gundam Zaku II F-2 Type ver. ANIME Action Figure,44.95,0.0,False,USD,New,https://www.ebay.com/itm/147464001065?_skw=gundam&hash=item22558a1629:g:7ZIAAeSw2WZqpfd0,https://i.ebayimg.com/images/g/7ZIAAeSw2WZqpfd0/s-l225.jpg
gundam,model_kit,eBay,marketplace,us,"#78 MSN-04 Acguy Mobile Suit Gundam, Bandai Hobby HGUC",20.0,0.0,False,USD,New,https://www.ebay.com/itm/187571438544?_skw=gundam&hash=item2bac2103d0:g:g84AAeSwbyJqO~FA,https://i.ebayimg.com/images/g/g84AAeSwbyJqO~FA/s-l225.jpg
gundam,model_kit,eBay,marketplace,us,BNDAI-2359308 Bandai HG Option Set 1/144 #09 MS Option Set 9 'Gundam IBO',25.39,0.0,False,USD,New,https://www.ebay.com/itm/168641564723?_skw=gundam&hash=item2743d21033:g:uxcAAeSwiX1qj0Vd&amdata=enc%3AAQALAAAA4ACCtXRWQnOEpyOqnQQ8KGbTnnuhjQ%2BlcU94GlaWCqxPCjCiCm728ToftZENAgFQT05bKyTfw7fYc0mQN9M9OVABHb4wA9ZYbayH8GjyAGEfxImHBfMtgQHddXl2NbCGNPz1oVX6DeG%2BMoOwLY5W1IiiZ8Hm%2Fbef4zFRKnpOeSsnN3pI8SGkNiQioQKrFwycozwPTboByQmSMs6r5LJuP74h913BOlIH1WDhY72yMauQw401UOw23ZfewH9%2BeuujVyCHUfW7RG3GPAIyVv8aTMLdXG2kq0Ugv5h1MBGODcol,https://i.ebayimg.com/images/g/uxcAAeSwiX1qj0Vd/s-l225.jpg
gundam,model_kit,eBay,marketplace,us,BNDAI-2359308 Bandai HG Option Set 1/144 #09 MS Option Set 9 'Gundam IBO',25.39,0.0,False,USD,New,https://www.ebay.com/itm/168641564723?_skw=gundam&hash=item2743d21033:g:uxcAAeSwiX1qj0Vd&amdata=enc%3AAQALAAAA4ACCtXRWQnOEpyOqnQQ8KGbTnnuhjQ%2BlcU94GlaWCqxPCjCiCm728ToftZENAgFQT05bKyTfw7fYc0mQN9M9OVABHb4wA9ZYbayH8GjyAGEfxImHBfMtgQHddXl2NbCGNPz1oVX6DeG%2BMoOwLY5W1IjlhAzKROyECjHjYjT91tYyaca1Q%2BevKP8fHK4KYgaWV%2B5fyHJYzLvzzrOYGehkdflu8sxsIQb3rrLJMHhHvGhVYtQUAvTaIw%2Fflvhwst3fLp4%2BOKMS2u4LiRZOO8iV%2Blszv02cEnA4MnoKSVbLEaid,https://i.ebayimg.com/images/g/uxcAAeSwiX1qj0Vd/s-l225.jpg
gundam,other,eBay,marketplace,international,Japan Authentic Ichiban Kuji Gundam W 30th Anniversary Prize E MS Head Magnet,47.0,10.0,False,USD,New,https://www.ebay.com/itm/206147900584?_skw=gundam&hash=item2fff5f54a8:g:LXEAAeSw-Qxpukyf&amdata=enc%3AAQALAAAA4ACCtXRWQnOEpyOqnQQ8KGbPfSvUr9Kz5VjjL4rhaR8eRURyl9Rt2IlD1QyIDFw%2BV4w%2FVSH5W%2FS6p8xvF9FuYv9jvaOcrZ6GJkk20Dso21RReCTGqs0JI%2F98ecSgfMHKdeO6b%2B%2Bmme7no0cQZ4Toul46WpxV5raUH8VkRIIdg10x7YZ7H52lIPvbiZ%2Fx%2FugQuh6z%2F3aKlM2xl2znxHMSYBtaZb%2Bt%2FidYEqF9iO5ZzlyH%2BM3EIpCTqIhfLVagb5RrSjIdumtOSAJEwIkI29WTELCKMk6Z6L85oAR5VyusUHr7,https://i.ebayimg.com/images/g/LXEAAeSw-Qxpukyf/s-l225.jpg
gundam,other,eBay,marketplace,us,Gundam 0083 0080 Zeta Gundam Movie Posters Official Anime Wall Decor,24.0,6.0,False,USD,New,https://www.ebay.com/itm/137244480080?_skw=gundam&hash=item1ff4689250:g:w~gAAeSw8P5qBoJj&amdata=enc%3AAQALAAAA4ACCtXRWQnOEpyOqnQQ8KGbgTb1eT%2FZ4VS7UAQ5DwStDMIOM1Y9e5uCL9skO7gv4aKxPS5Zdn3D5rqqSFPilb8KbVbReonqCQ5bpHUGPNe5%2BtDLVSxrUzF29fjY%2B2LUJSvMlCII6OOQDJ7VjPgee4SRmWzo%2BPsYFgCUrAgZDqGlvIDynG5mGoYyFhhv8mdJpoP4fLWAsCsZKRsb3IzzH1sjoA5ikV7eQ8fIDs6Kt62eCqcr9K0GKzWTItGGrbXE6RHilV5O%2BDTjhkW1PC48H8MwTz%2B6EKNyPYU0SnfNIz4D7,https://i.ebayimg.com/images/g/w~gAAeSw8P5qBoJj/s-l225.jpg
gundam,other,eBay,marketplace,us,"RX-78-2 Gundam,RX-0 Unicorn Gundam,Zaku II (MS-06), Gundam SEED,Astray Red Frame",12.99,0.0,False,USD,New with tags,https://www.ebay.com/itm/137498691992?_skw=gundam&hash=item20038f8998:g:bg4AAeSwrBNqT6cs&amdata=enc%3AAQALAAAA4ACCtXRWQnOEpyOqnQQ8KGaUvaHCMsvaanA65FS925YJ7NmJZ2fuyZpmCKNbUd1RA8NhL7qcSxW%2Bc4vgLBAIHpPL%2B%2F3W8j%2BnZGsrRvGVYHiacY5lCBoBDu%2BQUAN9TbndwFopMyjOAsPCOy2USvE%2B0w31AH9cM0PQEgKJKSx1%2BBTOF%2FrXeiI41Hj7JMvzLjxhzvQxm9eQz8DjjuhjEvAAZ1%2FOpBgcsmhkr1aPW5wRjLB%2FovTnOtXfrEO08FnksyJW%2Fyjlix1HXiL8MXAxbrTKxT%2BubNTmp%2Bq0wxspMSzA0TOp,https://i.ebayimg.com/images/g/bg4AAeSwrBNqT6cs/s-l225.jpg
gundam,model_kit,eBay,marketplace,us,Bandai Hobby Gundam SEED Destiny MGSD Destiny Gundam Model Kit USA Seller,54.95,0.0,False,USD,New,https://www.ebay.com/itm/147440972946?_skw=gundam&hash=item22542ab492:g:WMEAAeSwm3xqpm7i,https://i.ebayimg.com/images/g/WMEAAeSwm3xqpm7i/s-l225.jpg
gundam,cards,eBay,marketplace,us,GUNDAM TCG - KAYRA'S RE-GZ - LK GD05-029 - C+ ALT ART FOIL,1.99,1.25,False,USD,Ungraded,https://www.ebay.com/itm/366661213281?_skw=gundam&hash=item555eb61c61:g:6P8AAeSwicFqhMIl,https://i.ebayimg.com/images/g/6P8AAeSwicFqhMIl/s-l225.jpg
gundam,model_kit,eBay,marketplace,us,Standard Hello Kitty x RX-78-2 Gundam Figure Model Kit USA Seller,31.99,0.0,False,USD,New,https://www.ebay.com/itm/336790532052?_skw=gundam&hash=item4e6a47afd4:g:UiAAAeSwFXJqpPP7,https://i.ebayimg.com/images/g/UiAAAeSwFXJqpPP7/s-l225.jpg
gundam,model_kit,eBay,marketplace,us,"#163 Gundam Double X, Bandai Hobby HGUC",24.0,0.0,False,USD,New,https://www.ebay.com/itm/187571438534?_skw=gundam&hash=item2bac2103c6:g:EscAAeSwwNtqO~Gf,https://i.ebayimg.com/images/g/EscAAeSwwNtqO~Gf/s-l225.jpg
gundam,model_kit,eBay,marketplace,us,Bandai Hobby HGCE ZGMF-X10A Freedom Gundam HG 1/144 Scale Model Kit USA Seller,26.98,0.0,False,USD,New,https://www.ebay.com/itm/147329759968?_skw=gundam&hash=item224d89bae0:g:8UQAAeSwR8Jqnf8s,https://i.ebayimg.com/images/g/8UQAAeSwR8Jqnf8s/s-l225.jpg
gundam,model_kit,eBay,marketplace,us,Bandai 1/144 HGUC RX-78GP02A (Type-MLRS) US Seller NEW,35.0,,True,USD,New,https://www.ebay.com/itm/277927186895?_skw=gundam&hash=item40b5c051cf:g:x3wAAeSw8K9p7Fk5,https://i.ebayimg.com/images/g/x3wAAeSw8K9p7Fk5/s-l225.jpg
gundam,cards,eBay,marketplace,international,Gundam Seed Arsenal Base Promo Meer Campbell Summer Festival Promo Bikini PR-354,78.0,6.0,False,USD,Ungraded,https://www.ebay.com/itm/407213493653?_skw=gundam&hash=item5ecfd0cd95:g:9V4AAeSwm3xqpUmT,https://i.ebayimg.com/images/g/9V4AAeSwm3xqpUmT/s-l225.jpg
gundam,model_kit,eBay,marketplace,us,Bandai Hobby Gundam Age-FX 1/144 High Grade HG Model Kit USA Seller,24.95,0.0,False,USD,New,https://www.ebay.com/itm/137535883755?_skw=gundam&hash=item2005c709eb:g:0EMAAeSwuXtqpHf3,https://i.ebayimg.com/images/g/0EMAAeSwuXtqpHf3/s-l225.jpg
gundam,model_kit,eBay,marketplace,international,BANDAI Gundam Base Limited RG Unicorn Gundam Perfectibility 1/144 NEW Limited,124.88,0.0,False,USD,New,https://www.ebay.com/itm/394375787907?_skw=gundam&hash=item5bd2a0f583:g:B-sAAOSwB-toLXVA&amdata=enc%3AAQALAAAA4ACCtXRWQnOEpyOqnQQ8KGauZmDx7vDzDpy50XVYorz8nT9EN%2FXLWV3p03woM4oS1lamZMBy5Q4rZfYBtT%2FbxPHO9QxHb%2BagVJaxiLjTQ1cUTmPTWy8xFpEXGAyPn7k%2Fbz7OugM%2B%2BgFsX8i8rkcwpklQACBEpISkaDPgS64mQ6jdiFPNX%2BzZAbhRSFLFX5KSqg%2BcDEp2gBrk2HZsP8c4WzvIaYEqxqPV4WJZi25cJdeEHAbCXCy%2B6XPMWhyndgXVVJjg5zU8dT4CEk%2FkfPAGEfl9QMF78BaNnKwXPZzrqXCo,https://i.ebayimg.com/images/g/B-sAAOSwB-toLXVA/s-l225.jpg
gundam,model_kit,eBay,marketplace,international,Bandai FW Gundam Grand Collection CONVERGE 29 00Q Assembly Model Kit Collectible,18.99,10.99,False,USD,New,https://www.ebay.com/itm/398349870377?_skw=gundam&hash=item5cbf80a529:g:WnUAAeSwxKZql6~b&amdata=enc%3AAQALAAAA4ACCtXRWQnOEpyOqnQQ8KGY2vZw5rLSjIF6CCvXf%2BTM70rKCP0JHUG9stpgojmdI%2BARu1tJT7Sq%2BOi%2F7oy6VoacwR%2BcU0N0ChpgBjkdPMoYJznELhW9ONhZJPn%2Fvi8kjiI7OGcHVN8fdxcTa16rEehaVM9pPsgZZ%2FaIDMxDPifQMmIhgZ1aIKf%2FU73hgUW3OiHHDJQ6tqVLV02iKwDnofRJ5TBc7XtoAZ1ty1CoxCXCB6Iemo7gNZMeXgTuvborp00EiFAQ%2F2M%2BViYZ6IZtKQ8V9E6t0Z1A2J22qScO7EL5k,https://i.ebayimg.com/images/g/WnUAAeSwxKZql6~b/s-l225.jpg
gundam,cards,eBay,marketplace,us,Gundam TCG - Master Gundam GD05-033 LR - Freedom Ascension Playset x 4,10.0,1.36,False,USD,Ungraded,https://www.ebay.com/itm/336790963852?_skw=gundam&hash=item4e6a4e468c:g:igYAAeSwKCpqnxzy,https://i.ebayimg.com/images/g/igYAAeSwKCpqnxzy/s-l225.jpg
gundam,cards,eBay,marketplace,us,Bandai Gundam TCG Freedom Ascension GD05 Special Booster Bundle 01 English New,349.99,0.0,False,USD,New/Factory Sealed,https://www.ebay.com/itm/147562829776?_skw=gundam&hash=item225b6e17d0:g:-VYAAeSwUz5qodZz,https://i.ebayimg.com/images/g/-VYAAeSwUz5qodZz/s-l225.jpg
gundam,model_kit,eBay,marketplace,us,Premium Bandai MG 1/100 Star Build Strike Gundam (RG System Ver.) Model Kit,170.0,,True,USD,New,https://www.ebay.com/itm/366666005658?_skw=gundam&hash=item555eff3c9a:g:Ll8AAeSwId5qpl21,https://i.ebayimg.com/images/g/Ll8AAeSwId5qpl21/s-l225.jpg
gundam,cards,eBay,marketplace,us,Gundam GD05 Freedom Ascension Sleeved Booster Pack Lot (2 Packs),30.0,5.99,False,USD,New/Factory Sealed,https://www.ebay.com/itm/267743441340?_skw=gundam&hash=item3e56c0b1bc:g:Q6sAAeSwHjVqa8bc,https://i.ebayimg.com/images/g/Q6sAAeSwHjVqa8bc/s-l225.jpg
gundam,model_kit,eBay,marketplace,international,Bandai Gundam 0079 Gunpla -  1/1200 EFSF Pegasus Whitebase Assault Cruiser kit,39.99,15.0,False,USD,New,https://www.ebay.com/itm/306967454345?_skw=gundam&hash=item4778afa289:g:B3cAAeSwtuxqGAP4,https://i.ebayimg.com/images/g/B3cAAeSwtuxqGAP4/s-l225.jpg
gundam,other,eBay,marketplace,international,PSL Gundam Exceed Model Trinity RX-78-2 Premium Gashapon Japan NEW ,96.8,9.9,False,USD,New,https://www.ebay.com/itm/336784513792?_skw=gundam&hash=item4e69ebdb00:g:6VUAAeSwuTZqn7~Z,https://i.ebayimg.com/images/g/6VUAAeSwuTZqn7~Z/s-l225.jpg
gundam,other,eBay,marketplace,us,Mr. Hobby Gundam Marker Series - US,5.95,5.75,False,USD,New,https://www.ebay.com/itm/175846850924?_skw=gundam&hash=item28f14a016c:g:09MAAOSwattkzHhY,https://i.ebayimg.com/images/g/09MAAOSwattkzHhY/s-l225.jpg
gundam,cards,eBay,marketplace,us,Sword Strike Gundam GD01-073 Playset U Newtype Rising Gundam Near Mint,3.99,0.0,False,USD,Ungraded,https://www.ebay.com/itm/318846033620?_skw=gundam&hash=item4a3cb45ed4:g:7VAAAeSw8utqOz-f,https://i.ebayimg.com/images/g/7VAAAeSw8utqOz-f/s-l225.jpg
gundam,model_kit,eBay,marketplace,us,1/144 RX-78-2 Gundam REVIVAL Ver Mobile Suit Bandai Hobby Best Mecha Collection,15.0,0.0,False,USD,New,https://www.ebay.com/itm/177336162096?_skw=gundam&hash=item294a0f1730:g:-XQAAeSwfEFqO~Gl,https://i.ebayimg.com/images/g/-XQAAeSwfEFqO~Gl/s-l225.jpg
gundam,cards,eBay,marketplace,us,Gundam Deathscythe Hell Store Tournament 03 R Holo Gundam Promo Card GD03-021 NM,9.98,0.0,False,USD,Ungraded,https://www.ebay.com/itm/177944135414?_skw=gundam&hash=item296e4c06f6:g:ZWUAAeSwBDppr4Vj,https://i.ebayimg.com/images/g/ZWUAAeSwBDppr4Vj/s-l225.jpg
gundam,cards,eBay,marketplace,us,EX Resource Custom G Fighter Rain/Allenby - Gundam TCG,9.25,6.0,False,USD,Ungraded,https://www.ebay.com/itm/257738039430?_skw=gundam&hash=item3c02626086:g:mbkAAeSwiOxqjK8s,https://i.ebayimg.com/images/g/mbkAAeSwiOxqjK8s/s-l225.jpg
gundam,model_kit,eBay,marketplace,us,Bandai Hobby Gundam Stardust Memory HGUC F2 Zaku II EFSF HG 1/144 Model Kit USA,26.95,0.0,False,USD,New,https://www.ebay.com/itm/147542598235?_skw=gundam&hash=item225a39625b:g:2fgAAeSwPphqpTPi&amdata=enc%3AAQALAAAA4ACCtXRWQnOEpyOqnQQ8KGZ%2FaZW3MnmwL%2F9N8o%2FjB%2BT7Uu2XnHUPFrYGXsmgHunq7DsUHtobdfBshjMCE53Pz%2F1y3QxgYaAGh8XTmFR%2B0tEXqYT43CTho5zagbWu2Atu5vX36TceyoGus%2BzdIGTARfoWuG7%2FU8qHw9YvTtqPiBMQNgivZ0XMvEUnVN3rgL%2BWXjxsDyEF9SeOO8HQ3Hpw0SDF4MNMi7vXkbAYjfTGWA8zK%2BkDi1fzhS2uDFx9hcUKrMf4i43cq7sH36WwDhdS8P1h%2F7G7jwlQz4OskHh%2Fnjo1,https://i.ebayimg.com/images/g/2fgAAeSwPphqpTPi/s-l225.jpg
gundam,model_kit,eBay,marketplace,us,Bandai Mobile Suit Gundam RX-78-2 Ver. Ka Ver Ka MG 1/100 Model Kit USA Seller,38.95,0.0,False,USD,New,https://www.ebay.com/itm/137621506767?_skw=gundam&hash=item200ae18acf:g:dSUAAeSwFTFqo5rw&amdata=enc%3AAQALAAAA4ACCtXRWQnOEpyOqnQQ8KGbj8S181FGun2TAfnekLRoh%2BAZMAQFYc8hmgynQyvJNtkfL%2FqQDYdpKDap%2Fa%2B6HaboD3kqYR1htK9fkvqBRdSgHWmZxwGImidshxtAcW%2FI0RDpZmmHkJWyuirHdm2b3qWqnN3DrhRDeDUCw9dK1qwUgh9kDG%2B11223WtdknAO%2F9utWtJvaR5YfZr7tHS5CBObHDYNmd3gESGEPYlOgjmq7oWkz5jr%2FOYxh9mWQ%2FSrU3zQyVnAe1PL4DvDW2p5jnfkY1XmF7QZL2HyZue88P9jDM,https://i.ebayimg.com/images/g/dSUAAeSwFTFqo5rw/s-l225.jpg
gundam,model_kit,eBay,marketplace,us,Bandai HGUC MS-18E Kampfer Gundam Model Kit 1/144 Scale Sealed. Box Has Wear.,27.99,0.0,False,USD,New,https://www.ebay.com/itm/128062924780?_skw=gundam&hash=item1dd12527ec:g:dkkAAeSw7dJqg8Pr&amdata=enc%3AAQALAAAA4ACCtXRWQnOEpyOqnQQ8KGYrhq44aMAMR4QPVkbcBCCl5BLswVTm2fYBdL8o%2FFMeRW9A8s9qsVbpgU%2FVxFUT7l0BRVNOk4UaEmrn%2BTUdbqgbhy%2FRmOkjiY3UM2LINpt%2BWca%2BxX524dWovY3qj8d82zxKBqvGQOyHp03bK8s09KyCOpqQngeZWyOisyLQPuVsvfuf%2BXmnfqZlFpeFoMEPKrUyMUVVKDLxUUc8wmn4Vh2AVdOSnItTTjdQD2Nj9pMsFlHwMEsAVwIBt0mioexiEtvA8APYoPQUsWt%2FpMmIKsUC,https://i.ebayimg.com/images/g/dkkAAeSw7dJqg8Pr/s-l225.jpg
gundam,model_kit,eBay,marketplace,international,MG Gundam 1/100 Kampfer Schwer Kokuyo's Mobile Suit Model Kit BANDAI SPIRITS,125.1,2.99,False,USD,New,https://www.ebay.com/itm/287357678969?_skw=gundam&hash=item42e7da3579:g:IjIAAeSwyXtqpKBz&amdata=enc%3AAQALAAAA4ACCtXRWQnOEpyOqnQQ8KGYO7u2IDZO6yL0hHI4SRuGvhnaj2kMsGXaelfx%2B2yrYmGeW2GE5%2FRAotwIIf9My5LenCjEgSQsdb%2BwD9QxB1nE9m9VEgbJW%2BGDBXs%2BRurN0oEZr8fl5vLKlPsxnkOrA6iqQHP9bTY4RjGe3mzinsLklKTO4%2FqylW8cMRUFE6Tfln5EaMpSCnObY9sRtPwAv2hO%2FjOu3%2FEDDumseO%2BLKiU7SOXshzVBuf9yuoF2TQ0Dlqxx88GkerVhR5i4txRIoXSFfQxyRi7iZrEYjhoyg4Osx,https://i.ebayimg.com/images/g/IjIAAeSwyXtqpKBz/s-l225.jpg
gundam,model_kit,eBay,marketplace,us,Bandai PG Unleashed 1/60 RX-78-2 Gundam,329.95,0.0,False,USD,New,https://www.ebay.com/itm/134911845590?_skw=gundam&hash=item1f695f64d6:g:534AAOSwleZl8BOj,https://i.ebayimg.com/images/g/534AAOSwleZl8BOj/s-l225.jpg
gundam,cards,eBay,marketplace,us,Gundam Calibarn Holo Legend Rare Freedom Ascension GD05-018 ,1.0,,False,USD,Ungraded,https://www.ebay.com/itm/318674012937?_skw=gundam&hash=item4a32738b09:g:OJ0AAeSwU6VqcS7o,https://i.ebayimg.com/images/g/OJ0AAeSwU6VqcS7o/s-l225.jpg
gundam,cards,eBay,marketplace,us,Gundam Card Game Japanese Steel Requiem (GD03) Booster Box,67.69,0.0,False,USD,New/Factory Sealed,https://www.ebay.com/itm/137169100532?_skw=gundam&hash=item1fefea5ef4:g:8KsAAeSwzMVpxCpP,https://i.ebayimg.com/images/g/8KsAAeSwzMVpxCpP/s-l225.jpg
gundam,cards,eBay,marketplace,us,ST06 Gundam Card Game Starter Deck Clan Unity TCG New Sealed,18.02,0.0,False,USD,New/Factory Sealed,https://www.ebay.com/itm/407022558317?_skw=gundam&hash=item5ec46f5c6d:g:SwAAAeSwXCJqOu~8,https://i.ebayimg.com/images/g/SwAAAeSwXCJqOu~8/s-l225.jpg
gundam,model_kit,eBay,marketplace,us,Yellow Funnel Effect Part for MG 1/100 Sazabi ver.ka RE Nightingale Gundam ,34.99,0.0,False,USD,New,https://www.ebay.com/itm/195268939015?_skw=gundam&hash=item2d76ef8d07:g:r6oAAOSw27Ri7c1Q,https://i.ebayimg.com/images/g/r6oAAOSw27Ri7c1Q/s-l225.jpg
gundam,model_kit,eBay,marketplace,us,Bandai Mobile Suit Gundam #16 MSM-07S Char's Z'Gok RG 1/144 190183 US Seller USA,43.99,0.0,False,USD,New,https://www.ebay.com/itm/147161883548?_skw=gundam&hash=item224388239c:g:i3EAAeSwXz1qpoVs,https://i.ebayimg.com/images/g/i3EAAeSwXz1qpoVs/s-l225.jpg
gundam,cards,eBay,marketplace,us,Gundam Card Game Premium Card Collection Assemble GQuuuuuuX PC02A English,39.99,0.0,False,USD,New/Factory Sealed,https://www.ebay.com/itm/820120328689?_skw=gundam&hash=itembef2fb19f1:g:0OYAAeSwhFRql3hu&amdata=enc%3AAQALAAAA4ACCtXRWQnOEpyOqnQQ8KGYjBM10sqGl3HpcafDtFX6iSvqc1xz%2F3c9F7quidFt5f0Nsyxl5Sh7xLNWvcOt%2BzenhDfFFDBT%2FI0OH%2Bp3BAYVH9ZmvErqJj4NeQmYN4Fj3WVT24skCDcg3ZebSpT093C0NVCzycqM3cU%2Fr2FbJf0MHovuC6MpQMI8uZgoFQDHjrssglVvTqUgT6GLQ6CrWdKysUDpwAgg1jGMsAO4dDTdStsCHZ5A8s9%2Fsj5x%2FGTJZi83fnM3It5I7RkT9wwYi4viWniT29N882I89KIakSrga,https://i.ebayimg.com/images/g/0OYAAeSwhFRql3hu/s-l225.jpg
gundam,model_kit,eBay,marketplace,international,METAL ROBOT Spirits Strike Freedom Gundam Type II Hatsune Miku Ver. Bandai New,146.8,0.0,False,USD,New,https://www.ebay.com/itm/298168274241?_skw=gundam&hash=item456c36cd41:g:EYkAAeSwZs1priXI&amdata=enc%3AAQALAAAA4ACCtXRWQnOEpyOqnQQ8KGYdGK2b7h19o0bPhjI0VzlUyTDObcD%2FdSjArnY1GQGgyYms69T19yHC9vyjmZr0aSub9grbAjxcE%2BGF1ZGGoEMiTwKRRQq19R70tmWB68cdwj%2BCkGfEXQIIjB9BEjDQiO1HB71aHiA7wvj28i48cNhMAj6NZ87daVqMuYiMtVSeMkaW4u%2BcqJJTjRnBNudN8MB7d7zQYWQ95n5jwZZq%2FPqsq%2FST44fk37JQmX33%2BAgoFdYYN%2FdBcehg2P9T1V2OhGg13kR3Gz8uOykP7VXgoqaY,https://i.ebayimg.com/images/g/EYkAAeSwZs1priXI/s-l225.jpg
gundam,cards,eBay,marketplace,international,GUNDAM DEATHSCYTHE HELL UT02-020 Arsenal Base Card Wing,4.95,3.0,False,USD,Ungraded,https://www.ebay.com/itm/235545236348?_skw=gundam&hash=item36d797137c:g:dMYAAeSwZmFqpLif,https://i.ebayimg.com/images/g/dMYAAeSwZmFqpLif/s-l225.jpg
gundam,model_kit,eBay,marketplace,us,Bandai Hobby The Witch From Mercury Gundam Aerial HG 1/144 Scale Model Kit,21.95,0.0,False,USD,New,https://www.ebay.com/itm/147106937892?_skw=gundam&hash=item224041bc24:g:m~IAAeSwPKNqpiRz,https://i.ebayimg.com/images/g/m~IAAeSwPKNqpiRz/s-l225.jpg
gundam,model_kit,eBay,marketplace,us,Bandai BNESH QMSV Mini Gundam SEED Strike Freedom & Infinite Justice Blind Box,23.75,0.0,False,USD,New,https://www.ebay.com/itm/137668631413?_skw=gundam&hash=item200db09b75:g:hgEAAeSwHYRqoxVq,https://i.ebayimg.com/images/g/hgEAAeSwHYRqoxVq/s-l225.jpg
gundam,model_kit,eBay,marketplace,international,MG 1/100 Gundam Barbatos Lupus Expansion Parts Set Parts Only P-Bandai New,62.99,0.0,False,USD,New,https://www.ebay.com/itm/800429341467?_skw=gundam&hash=itemba5d4e7b1b:g:FG0AAeSwrURqEv7Q,https://i.ebayimg.com/images/g/FG0AAeSwrURqEv7Q/s-l225.jpg
gundam,model_kit,eBay,marketplace,us,SUPA 3305 MGSD Gundam Aerial Master Grade SD Witch from Mercury Model Kit New,34.99,9.99,False,USD,New,https://www.ebay.com/itm/366663655621?_skw=gundam&hash=item555edb60c5:g:pGoAAeSwpolqnW3A,https://i.ebayimg.com/images/g/pGoAAeSwpolqnW3A/s-l225.jpg
gundam,cards,eBay,marketplace,us,Bandai Gundam TCG Freedom Ascension GD05 Special Booster Bundle 01 English New,339.99,6.44,False,USD,New/Factory Sealed,https://www.ebay.com/itm/407207959714?_skw=gundam&hash=item5ecf7c5ca2:g:JFYAAeSwO2tqoyZq,https://i.ebayimg.com/images/g/JFYAAeSwO2tqoyZq/s-l225.jpg
gundam,model_kit,eBay,marketplace,us,Bandai BNESH QMSV Mini 5th Anniversary Edition Gundam Figure 1 Random Blind Box,24.95,0.0,False,USD,New,https://www.ebay.com/itm/147531306482?_skw=gundam&hash=item22598d15f2:g:ElkAAeSwl-ZqonVP,https://i.ebayimg.com/images/g/ElkAAeSwl-ZqonVP/s-l225.jpg
gundam,model_kit,eBay,marketplace,us,for PG 1/60 RX-78-2 2.0 Unleashed PGU Detail up Add-on Parts Photo-Etched Sheet,34.18,0.0,False,USD,New,https://www.ebay.com/itm/355387858592?_skw=gundam&hash=item52bec45ea0:g:~2QAAOSw57tlp-Qo,https://i.ebayimg.com/images/g/~2QAAOSw57tlp-Qo/s-l225.jpg
gundam,model_kit,eBay,marketplace,us,Bandai Hobby Gundam IBO Gundam Barbatos Lupus HG 1/144 Model Kit USA Seller,27.95,0.0,False,USD,New,https://www.ebay.com/itm/147481635518?_skw=gundam&hash=item2256972abe:g:Iw8AAeSwm3xqpfuM&amdata=enc%3AAQALAAAA4ACCtXRWQnOEpyOqnQQ8KGYd3CUazWJk60Rwq6GNw0QOcBZVzFFELgv2AjumzpK4S49%2Bn8deSTDUlKI2zQJ9O2RE%2F8sVjEjY7W0a0aubyQqityZGKW08372J9b8Mlpk5mspGxxlA8a8zGRxP1AmRnoN%2F7sm5NRaiaLAGezrS3PwnWD6%2F1yOx6RlOq2TNfExt87VcBYIs8NeSa4bSThR%2B%2FKJmw8SHiHIaiTyjNrl6cq%2FcReTM9f83obO14d9BD392jPyYoVGOx5Ze2uRHqIPOTU6PhEti42IsspgdwflIVol%2B,https://i.ebayimg.com/images/g/Iw8AAeSwm3xqpfuM/s-l225.jpg
gundam,model_kit,eBay,marketplace,us,Bandai Gundam Robot Spirits RX-78GP03S Gundam GP03S ver. ANIME Action Figure,57.4,0.0,False,USD,New,https://www.ebay.com/itm/137358746988?_skw=gundam&hash=item1ffb38256c:g:XgwAAeSwVyhqpoVx&amdata=enc%3AAQALAAAA4ACCtXRWQnOEpyOqnQQ8KGZdE0Ejobg5%2BW3wSU9yL1f%2F0vwJoc9RSixzixMjsVVOmeCu78ILHqRIXJ2jJo4jWklqsr44nhA7OHLnQciaOMM%2F1%2BXxHrK8gIlNkzs4qX8rGpV3CZkfnvhPHq2TtTTKd2oI61vjRK%2BbsFh9gTIerv7wwdD6LGkV%2BPzfAnHd%2Bz0GHe8QF0D%2FCgw9s2m1WPH1fj%2FWWQbv%2BQqcoVZCHPec4Y%2BpwSrbf7H2wGkFMK1dlw2xOCdQgrpka2s9wljLyX8VFDJNNqAS%2BlkS8KaLH4fTFMhJ,https://i.ebayimg.com/images/g/XgwAAeSwVyhqpoVx/s-l225.jpg
gundam,model_kit,Plaza Japan,retailer,,Bandai HG 1/144 Gundam Calibarn Plastic Model (Gundam: The Witch from Mercury),15.21,,,USD,New,https://www.plazajapan.com/4573102653222,https://cdn11.bigcommerce.com/s-89ffd/products/128634/images/476237/4573102653222_26fd14afde2861f0d16a152a769b9971__27957.1689662682.350.350.jpg?c=2
gundam,model_kit,Plaza Japan,retailer,,Gundam Artifact Pro High Mobility Zaku II (Black Tri-stars Specification),38.33,,,USD,New,https://www.plazajapan.com/4570117932403,https://cdn11.bigcommerce.com/s-89ffd/products/206898/images/948157/4570117932403_6e62cb7cbee83fb84ee281a7fa701f21__36725.1779340731.350.350.png?c=2
gundam,model_kit,Plaza Japan,retailer,,Bandai Candy Gundam Gunpla Package Art Gummy Vol.3 BOX (20pcs),27.47,,,USD,New,https://www.plazajapan.com/4570117927089,https://cdn11.bigcommerce.com/s-89ffd/products/185217/images/821414/4570117927089_f49412a80f31db17289d21ae205eb94d__50044.1758782377.350.350.png?c=2
gundam,model_kit,Plaza Japan,retailer,,Bandai RG-32 v (Nu) Gundam 1/144 Scale Kit,50.29,,,USD,New,https://www.plazajapan.com/4573102578426,https://cdn11.bigcommerce.com/s-89ffd/products/55735/images/204101/4573102578426_62501de6484498488dd9ef48945339a7__05924.1565247756.350.350.jpg?c=2
gundam,model_kit,Plaza Japan,retailer,,Bandai Perfect Grade 1/60 Unleashed RX-78-2 Gundam Plastic Model,363.98,,,USD,New,https://www.plazajapan.com/4573102607652,https://cdn11.bigcommerce.com/s-89ffd/products/84279/images/283926/607652-1__68657.1608194703.350.350.jpg?c=2
gundam,model_kit,Plaza Japan,retailer,,1 JPY SUPER SALE Gundam Poteko Black Pepper Flavor SINGLE (AUGUST 3rd EXPIRY DATE),0.01,,,USD,New,https://www.plazajapan.com/45496608857881,https://cdn11.bigcommerce.com/s-89ffd/products/216038/images/1006418/bandai-candy-1-jpy-super-sale-gundam-poteko-black-pepper-flavor-single-august-3rd-expiry-date__13015.1787034880.350.350.jpg?c=2
gundam,model_kit,Plaza Japan,retailer,,Bandai Spirits Figure-Rise Standard Amate Yuzuriha (Mobile Suit Gundam GQuuuuuuX),17.67,,,USD,New,https://www.plazajapan.com/4573102685674,https://cdn11.bigcommerce.com/s-89ffd/products/173392/images/740004/bandai-spirits-figure-rise-standard-amate-yuzuriha-mobile-suit-gundam-gquuuuuux__23607.1776663477.350.350.jpg?c=2
gundam,model_kit,Plaza Japan,retailer,,Bandai HG 1/144 Mighty Strike Freedom Gundam Plastic Model (Gundam SEED Freedom),21.33,,,USD,New,https://www.plazajapan.com/4573102663849,https://cdn11.bigcommerce.com/s-89ffd/products/168030/images/680400/bandai-hg-1144-mighty-strike-freedom-gundam-plastic-model-gundam-seed-freedom__31420.1737739417.350.350.jpg?c=2
gundam,model_kit,Plaza Japan,retailer,,Bandai RG-17 Gundam Wing Gundam Zero EW 1/144 Scale Kit,69.31,,,USD,New,https://www.plazajapan.com/4573102616029,https://cdn11.bigcommerce.com/s-89ffd/products/8268/images/31996/174_a__43915.1419475304.350.350.jpg?c=2
gundam,cards,Plaza Japan,retailer,,Bandai Gundam Card Game -Newtype Rising- [GD01] Booster Pack BOX (24 Packs),62.32,,,USD,New,https://www.plazajapan.com/4582769825279,https://cdn11.bigcommerce.com/s-89ffd/products/181501/images/802676/bandai-gundam-card-game-newtype-rising-gd01-booster-pack-box-24-packs__93373.1755490429.350.350.jpg?c=2
gundam,model_kit,Plaza Japan,retailer,,Bandai HG 1/144 Darilbalde Plastic Model (Gundam: The Witch from Mercury),13.98,,,USD,New,https://www.plazajapan.com/4573102633552,https://cdn11.bigcommerce.com/s-89ffd/products/118530/images/414295/4573102633552_4947da4eaf0f0b5ef11bed26fbc89b05__12189.1664441428.350.350.jpg?c=2
gundam,model_kit,Plaza Japan,retailer,,Bandai HG 1/144 Gundam Pharact Plastic Model (Gundam: The Witch from Mercury),14.71,,,USD,New,https://www.plazajapan.com/4573102633545,https://cdn11.bigcommerce.com/s-89ffd/products/118529/images/414289/4573102633545_6d275ce7042d837a6f060bc72b56ee1e__90162.1664441376.350.350.jpg?c=2
gundam,model_kit,Plaza Japan,retailer,,Bandai Candy Mobile Suit Gundam SEED Memorial Anime Card Collection + Wafer (FULL BOX),21.14,,,USD,New,https://www.plazajapan.com/4570117932953,https://cdn11.bigcommerce.com/s-89ffd/products/217148/images/1010032/4570117932953_99b2b5ba67e00549bbd4d672781212e9__24335.1787217388.350.350.png?c=2
gundam,model_kit,Plaza Japan,retailer,,Bandai HG 1/144 Gundam Schwarzette Plastic Model (Gundam: The Witch from Mercury),14.37,,,USD,New,https://www.plazajapan.com/4573102650245,https://cdn11.bigcommerce.com/s-89ffd/products/124463/images/438074/4573102650245_d94b340ec326c06c9bd2b429ba2d998e__74220.1672124063.350.350.jpg?c=2
gundam,model_kit,Plaza Japan,retailer,,Bandai Candy MOBILITY JOINT GUNDAM Vol.7 10pcs Complete Box,35.33,,,USD,New,https://www.plazajapan.com/4549660958635,https://cdn11.bigcommerce.com/s-89ffd/products/142840/images/517716/4549660958635_90f8626cb3d7a209b9280ce25271b9fb__14745.1708419201.350.350.jpg?c=2
gundam,model_kit,Plaza Japan,retailer,,Bandai Iron-Blooded Orphans 014 Gundam Grimgerde 1/144 Scale Kit,24.51,,,USD,New,https://www.plazajapan.com/4573102579812,https://cdn11.bigcommerce.com/s-89ffd/products/9658/images/41495/1__43630.1455268570.350.350.jpg?c=2
gundam,model_kit,Plaza Japan,retailer,,Bandai HGUC 007 Gundam RX-75 GUNTANK 1/144 Scale Kit,18.39,,,USD,New,https://www.plazajapan.com/4573102568304,https://cdn11.bigcommerce.com/s-89ffd/products/297/images/507/0434_1__15399.1297950224.350.350.jpg?c=2
gundam,cards,Plaza Japan,retailer,,Bandai Gundam Card Game Extra Booster - Eternal Nexus [EB01] BOX (24-pack),35.27,,,USD,New,https://www.plazajapan.com/4582770012316,https://cdn11.bigcommerce.com/s-89ffd/products/210852/images/972372/4582770012316_38386bc99561f11bdecc4c0e21b709da__93514.1782976092.350.350.jpg?c=2
gundam,model_kit,Plaza Japan,retailer,,Bandai MG Gundam Neo Zeon MSN-04 Sazabi Version Ka 1/100 Scale Kit,105.66,,,USD,New,https://www.plazajapan.com/4573102554574,https://cdn11.bigcommerce.com/s-89ffd/products/7137/images/184299/4543112851352-1__40472.1554369066.350.350.jpg?c=2
gundam,model_kit,Plaza Japan,retailer,,Bandai Iron-Blooded Orphans 035 Gundam KIMARIS VIDAR 1/144 Scale Kit,12.22,,,USD,New,https://www.plazajapan.com/4573102554529,https://cdn11.bigcommerce.com/s-89ffd/products/20282/images/77564/Orphans_035_a__50358.1488528542.350.350.jpg?c=2
gundam,model_kit,Plaza Japan,retailer,,Bandai Iron-Blooded Orphans 041 Gundam Hajiroboshi 1/144 scale kit,33.64,,,USD,New,https://www.plazajapan.com/4573102604248,https://cdn11.bigcommerce.com/s-89ffd/products/77350/images/267407/604248-1__55028.1598344764.350.350.jpg?c=2
gundam,model_kit,Plaza Japan,retailer,,RG 1/144 RX-0 Unicorn Gundam Plastic Model,48.86,,,USD,New,https://www.plazajapan.com/4573102616203,https://cdn11.bigcommerce.com/s-89ffd/products/24443/images/105635/4549660167419_a__32491.1501836741.350.350.jpg?c=2
gundam,model_kit,Plaza Japan,retailer,,Bandai HGUC 190 Gundam RX-77-2 GUNCANNON 1/144 Scale Kit,8.35,,,USD,New,https://www.plazajapan.com/4573102574022,https://cdn11.bigcommerce.com/s-89ffd/products/8805/images/35566/1__56069.1434691644.350.350.jpg?c=2
gundam,model_kit,Plaza Japan,retailer,,Bandai HG 1/144 Gundam Aerial (Rebuild) Plastic Model (Gundam: The Witch from Mercury),11.78,,,USD,New,https://www.plazajapan.com/4573102650962,https://cdn11.bigcommerce.com/s-89ffd/products/119101/images/454755/4573102650962_0ca8e9d1b1b35bdae6c216d176202ef2__63342.1679014127.350.350.jpg?c=2
gundam,model_kit,Plaza Japan,retailer,,Bandai Gundam Universe MSN-04 Sazabi Figure,62.76,,,USD,New,https://www.plazajapan.com/4573102632906,https://cdn11.bigcommerce.com/s-89ffd/products/105275/images/392035/4573102632906_6c39a52d68bbd26ef0bb8665977dbdd2__60612.1656044301.350.350.jpg?c=2
gundam,model_kit,Plaza Japan,retailer,,Bandai Candy Gundam Artifact Best Selection Plastic Model Collection BOX(10pcs),33.04,,,USD,New,https://www.plazajapan.com/4570117933677,https://cdn11.bigcommerce.com/s-89ffd/products/209307/images/965166/4570117933677_af77f7a876bd5635a5d188cf95048ea8__83550.1782195368.350.350.png?c=2
gundam,model_kit,Plaza Japan,retailer,,Bandai MG 582225 Gundam Barbatos 1/100 Scale Kit,60.01,,,USD,New,https://www.plazajapan.com/4573102582225,https://cdn11.bigcommerce.com/s-89ffd/products/60925/images/484810/4573102582225_0dd82deb6a65f5437e782d4c0ef26bdc__74931__09209.1693967828.350.350.jpg?c=2
gundam,model_kit,Plaza Japan,retailer,,Bandai Iron-Blooded Orphans 011 Gundam KIMARIS 1/144 Scale Kit,24.09,,,USD,New,https://www.plazajapan.com/4573102579799,https://cdn11.bigcommerce.com/s-89ffd/products/9505/images/40555/3__68015.1452842504.350.350.jpg?c=2
gundam,model_kit,Plaza Japan,retailer,,Bandai HG 1/144 Michaelis Plastic Model (Gundam: The Witch from Mercury),10.47,,,USD,New,https://www.plazajapan.com/4573102642523,https://cdn11.bigcommerce.com/s-89ffd/products/118735/images/440673/4573102642523_c9ee270c5dedca419c41e9e810a77ee3__21729.1673580929.350.350.jpg?c=2
gundam,model_kit,Plaza Japan,retailer,,Bandai RE/100 1/100 Gundam Prototype Unit 4 Gerbera,27.89,,,USD,New,https://www.plazajapan.com/4573102667335,https://cdn11.bigcommerce.com/s-89ffd/products/210014/images/968601/4573102667335_770801c25cd60a9ae303b2bc303a44fc__26440.1782437421.350.350.jpg?c=2
gundam,model_kit,Plaza Japan,retailer,,Bandai HG 1/144 Demi Trainer (Tutu Custom) Plastic Model (Gundam: The Witch from Mercury),11.44,,,USD,New,https://www.plazajapan.com/4573102633477,https://cdn11.bigcommerce.com/s-89ffd/products/118526/images/428067/4573102633477_ac92be927aee31100418f4396c0897f4__30824.1668396335.350.350.jpg?c=2
gundam,model_kit,Plaza Japan,retailer,,Bandai  Gundam MS-06 ZAKU GROUND WAR SET 1/144 Scale Kit,50.55,,,USD,New,https://www.plazajapan.com/4573102628350,https://cdn11.bigcommerce.com/s-89ffd/products/5454/images/19628/577320_a__96428.1626251276.350.350.jpg?c=2
gundam,model_kit,Plaza Japan,retailer,,Bandai MG Gundam Unicorn Gundam 1/100 Scale Kit,52.91,,,USD,New,https://www.plazajapan.com/4573102616081,https://cdn11.bigcommerce.com/s-89ffd/products/5566/images/17262/620538_a__79742.1355733190.350.350.jpg?c=2
gundam,model_kit,Plaza Japan,retailer,,Bandai HGUC 059 GUNDAM MS-09 DOM MS-09R RICK DOM 1/144 scale kit,31.76,,,USD,New,https://www.plazajapan.com/4573102558770,https://cdn11.bigcommerce.com/s-89ffd/products/539/images/184082/4543112410375-1__86272.1554286545.350.350.jpg?c=2
gundam,model_kit,Plaza Japan,retailer,,Bandai HG 1/144 Gundam Lfrith Ur Plastic Model (Gundam: The Witch from Mercury),18.0,,,USD,New,https://www.plazajapan.com/4573102650887,https://cdn11.bigcommerce.com/s-89ffd/products/119099/images/452135/4573102650887_a82a4cf96d8c21f57fe5fd5657b6ab0f__55028.1677742504.350.350.jpg?c=2
gundam,model_kit,Plaza Japan,retailer,,Bandai Candy Mobility Joint Gundam VOL.2 10Pcs Box (Candy Toy),83.68,,,USD,New,https://www.plazajapan.com/4549660738060,https://cdn11.bigcommerce.com/s-89ffd/products/110053/images/375194/4549660738060_4320510294e995b06ad00465453c2cdd__64392.1650504579.350.350.png?c=2
gundam,model_kit,Plaza Japan,retailer,,Bandai Iron-Blooded Orphans 037 Gundam Gundam VUAL 1/144 Scale Kit,33.64,,,USD,New,https://www.plazajapan.com/4573102603890,https://cdn11.bigcommerce.com/s-89ffd/products/20495/images/375715/4573102603890_a4c1832d37efb6990dcce4eb493c39b9__13752.1650614336.350.350.jpg?c=2
gundam,model_kit,Plaza Japan,retailer,,Bandai HG 1/144 Gundvolva Plastic Model (Gundam: The Witch from Mercury),13.78,,,USD,New,https://www.plazajapan.com/4573102642530,https://cdn11.bigcommerce.com/s-89ffd/products/124462/images/438067/4573102642530_eca20276958453fef7bea6630a02ffbd__21872.1672124034.350.350.jpg?c=2
gundam,model_kit,Plaza Japan,retailer,,Bandai HG 1/144 Heindree Sturm Plastic Model (Gundam: The Witch from Mercury),14.79,,,USD,New,https://www.plazajapan.com/4573102651129,https://cdn11.bigcommerce.com/s-89ffd/products/124459/images/438046/4573102651129_f969ae7cb9567dd87bd5da1735690a4d__05987.1672123952.350.350.jpg?c=2
gundam,model_kit,Plaza Japan,retailer,,Bandai HG 1/144 Demi Barding Plastic Model (Gundam: The Witch from Mercury),11.07,,,USD,New,https://www.plazajapan.com/4573102653130,https://cdn11.bigcommerce.com/s-89ffd/products/124460/images/438053/4573102653130_cada08c988af3b48699069917d64b70c__31614.1672123980.350.350.jpg?c=2
gundam,model_kit,Plaza Japan,retailer,,Bandai HG 1/144 Mirasoul Flight Unit Plastic Model (Gundam: The Witch from Mercury),11.04,,,USD,New,https://www.plazajapan.com/4573102642547,https://cdn11.bigcommerce.com/s-89ffd/products/118737/images/458020/4573102642547_791248ba57a51766c73fd191a7ced2b5__36498.1680482001.350.350.jpg?c=2
gundam,model_kit,Plaza Japan,retailer,,Bandai HGUC 203 GUNPLA Evolution Project Series MSZ-006 ZETA Gundam 1/144 Scale Kit,29.42,,,USD,New,https://www.plazajapan.com/4573102556110,https://cdn11.bigcommerce.com/s-89ffd/products/20493/images/88805/HGUC_203_a__44581.1492762113.350.350.jpg?c=2
gundam,model_kit,Plaza Japan,retailer,,Gundam Hard Graph Zeon Mobile Scout Set Model Kit,47.59,,,USD,New,https://www.plazajapan.com/4543112459374,https://cdn11.bigcommerce.com/s-89ffd/products/55452/images/184129/4543112459374-1__66294.1554287286.350.350.jpg?c=2
gundam,model_kit,Plaza Japan,retailer,,Gundam Artifact PRO Full Armor Gundam Full Box,42.96,,,USD,New,https://www.plazajapan.com/4570117932397,https://cdn11.bigcommerce.com/s-89ffd/products/206943/images/948422/4570117932397_62a8934a620fec31cc94b1b1341d0fe7__83589.1779408952.350.350.png?c=2
gundam,model_kit,Plaza Japan,retailer,,Bandai HGUC 1/144 RX-78-2 Gundam Plastic Model,27.56,,,USD,New,https://www.plazajapan.com/4573102574039,https://cdn11.bigcommerce.com/s-89ffd/products/84369/images/284354/4543112967169-1__81910.1608692593.350.350.jpg?c=2
gundam,model_kit,Plaza Japan,retailer,,Bandai Gundam RX-78-3 Gundam + MS-09RS RICK-DOM 1/144 Scale Kit,60.86,,,USD,New,https://www.plazajapan.com/4573102609601,https://cdn11.bigcommerce.com/s-89ffd/products/1415/images/2602/4543112537065_a__91272.1612425726.350.350.jpg?c=2
gundam,model_kit,Plaza Japan,retailer,,Bandai Gundam RX-93 Nu Gundam Metallic Coating Version 1/144  Scale Kit,59.0,,,USD,New,https://www.plazajapan.com/4573102556134,https://cdn11.bigcommerce.com/s-89ffd/products/2028/images/4109/4543112615671_a__73369.1300607993.350.350.jpg?c=2
gundam,model_kit,Plaza Japan,retailer,,Bandai Gundam HG AGE-01 Normal Model 1/144 Scale Kit,18.6,,,USD,New,https://www.plazajapan.com/4573102582706,https://cdn11.bigcommerce.com/s-89ffd/products/2498/images/5374/1__25799.1327659793.350.350.jpg?c=2
gundam,model_kit,Plaza Japan,retailer,,Bandai Gundam HG AGE-04 GENOACE CUSTOM(RGE-B790CW) 1/144 Scale Kit,29.75,,,USD,New,https://www.plazajapan.com/4543112716262,https://cdn11.bigcommerce.com/s-89ffd/products/2501/images/5408/1__75971.1327663056.350.350.jpg?c=2
gundam,model_kit,Plaza Japan,retailer,,Bandai Gundam HG AGE-05 Gundam AGE-1 TITUS 1/144 Scale Kit,23.67,,,USD,New,https://www.plazajapan.com/4543112716231,https://cdn11.bigcommerce.com/s-89ffd/products/2502/images/5412/1__24791.1327663151.350.350.jpg?c=2
gundam,model_kit,Plaza Japan,retailer,,Bandai Gundam HG AGE-06 ZEDAS (XVV-XC) 1/144 Scale Kit,39.56,,,USD,New,https://www.plazajapan.com/4543112716248,https://cdn11.bigcommerce.com/s-89ffd/products/2503/images/5416/1__37998.1327663249.350.350.jpg?c=2
gundam,model_kit,Plaza Japan,retailer,,Bandai Gundam HG AGE-07 SPALLOW (AGE-1S) 1/144 Scale Kit,20.29,,,USD,New,https://www.plazajapan.com/4543112728203,https://cdn11.bigcommerce.com/s-89ffd/products/2504/images/5422/1__82214.1327663337.350.350.jpg?c=2
gundam,model_kit,Plaza Japan,retailer,,Bandai Gundam HG AGE-08 BAQTO (OVV-a) 1/144 Scale Kit,36.18,,,USD,New,https://www.plazajapan.com/4543112728210,https://cdn11.bigcommerce.com/s-89ffd/products/2505/images/5428/1__96829.1327663431.350.350.jpg?c=2
gundam,model_kit,Plaza Japan,retailer,,Bandai Gundam HG AGE-09 G-EXES (WMS-GEX1) 1/144 Scale Kit,29.42,,,USD,New,https://www.plazajapan.com/4573102603661,https://cdn11.bigcommerce.com/s-89ffd/products/2506/images/15145/AGE09_a__35486.1348406979.350.350.jpg?c=2
gundam,model_kit,Plaza Japan,retailer,,Bandai Gundam HG AGE-10 Gundam AGE-2 Normal 1/144 Scale Kit,46.49,,,USD,New,https://www.plazajapan.com/4573102582713,https://cdn11.bigcommerce.com/s-89ffd/products/2507/images/5438/1__70723.1327663587.350.350.jpg?c=2
gundam,model_kit,Plaza Japan,retailer,,Bandai Gundam HG AGE-13 ADELE (RGE-G1100) 1/144 Scale Kit,33.39,,,USD,New,https://www.plazajapan.com/4573102628251,https://cdn11.bigcommerce.com/s-89ffd/products/3782/images/8556/1__84159.1626252374.350.350.jpg?c=2
gundam,model_kit,Plaza Japan,retailer,,Bandai Gundam HG AGE-16 GENOACE II (RGE-B890) 1/144 Scale Kit,37.87,,,USD,New,https://www.plazajapan.com/4573102628268,https://cdn11.bigcommerce.com/s-89ffd/products/5144/images/12143/1__52317.1626252326.350.350.jpg?c=2
gundam,model_kit,Plaza Japan,retailer,,Bandai Gundam HG AGE-18 AGE-2 SHALDOLL CUSTOM (RGE-C350) 1/144 Scale Kit,28.99,,,USD,New,https://www.plazajapan.com/4573102628275,https://cdn11.bigcommerce.com/s-89ffd/products/5167/images/12216/1__41267.1626252283.350.350.jpg?c=2
gundam,model_kit,Plaza Japan,retailer,,Bandai Gundam HG AGE-25 G-EXES Jackedge (BMS-004) 1/144 Scale Kit,33.34,,,USD,New,https://www.plazajapan.com/4573102628299,https://cdn11.bigcommerce.com/s-89ffd/products/5232/images/13444/1__55788.1626251534.350.350.jpg?c=2
gundam,model_kit,Plaza Japan,retailer,,Bandai Gundam HG AGE-21 Gundam Normal AGE-3 1/144 Scale Kit,25.19,,,USD,New,https://www.plazajapan.com/4573102573865,https://cdn11.bigcommerce.com/s-89ffd/products/5254/images/12602/1__01955.1336742119.350.350.jpg?c=2
gundam,model_kit,Plaza Japan,retailer,,Bandai Gundam HG AGE-23 GHIRARGA (xvt-zgc) 1/144 Scale Kit,21.13,,,USD,New,https://www.plazajapan.com/4573102629098,https://cdn11.bigcommerce.com/s-89ffd/products/5371/images/13251/1__25447.1341922032.350.350.jpg?c=2
gundam,model_kit,Plaza Japan,retailer,,Bandai Gundam HG AGE-20 FARSIA (xvb-xd) 1/144 Scale Kit,34.31,,,USD,New,https://www.plazajapan.com/4573102628282,https://cdn11.bigcommerce.com/s-89ffd/products/5393/images/13450/1__81131.1626251584.350.350.jpg?c=2
gundam,model_kit,Plaza Japan,retailer,,Bandai Gundam MSN-04 Sazabi Metallic Coating Version 1/144  Scale Kit,58.15,,,USD,New,https://www.plazajapan.com/4573102556127,https://cdn11.bigcommerce.com/s-89ffd/products/5455/images/95333/615688_a__76244.1496789044.350.350.jpg?c=2
gundam,model_kit,Plaza Japan,retailer,,Bandai Gundam HG AGE-27 Gundam AGE-FX 1/144 Scale Kit,17.75,,,USD,New,https://www.plazajapan.com/4573102573889,https://cdn11.bigcommerce.com/s-89ffd/products/5589/images/14535/1__49600.1345793103.350.350.jpg?c=2
gundam,model_kit,Plaza Japan,retailer,,Bandai Gundam HG AGE-29 Gundam Legilis (xvm-fzc) 1/144 Scale Kit,19.44,,,USD,New,https://www.plazajapan.com/4573102603708,https://cdn11.bigcommerce.com/s-89ffd/products/5683/images/15377/1__41421.1349412615.350.350.jpg?c=2
gundam,model_kit,Plaza Japan,retailer,,Bandai Gundam HG AGE-30 Gundam AGE-3 Fortress (AGF-3F) 1/144 Scale Kit,33.64,,,USD,New,https://www.plazajapan.com/4573102628329,https://cdn11.bigcommerce.com/s-89ffd/products/5934/images/16815/1__55797.1626251410.350.350.jpg?c=2
gundam,model_kit,Plaza Japan,retailer,,Bandai Gundam OPERATION V RX-78-2 1/144 Scale Kit,54.09,,,USD,New,https://www.plazajapan.com/4573102604040,https://cdn11.bigcommerce.com/s-89ffd/products/6326/images/80339/1__49352.1365495636.1280.1280__05027.1490229634.350.350.jpg?c=2
gundam,model_kit,Plaza Japan,retailer,,Bandai Gundam HG AGE-33 Shaldoll Rogue (BMS-003) 1/144 Scale Kit,25.36,,,USD,New,https://www.plazajapan.com/4543112813541,https://cdn11.bigcommerce.com/s-89ffd/products/6376/images/20276/1__24145.1626251322.350.350.jpg?c=2
gundam,model_kit,Plaza Japan,retailer,,Bandai Gundam The Origin 002 RTX-65 GUNTANK Early Type 1/144 Scale Kit,42.09,,,USD,New,https://www.plazajapan.com/4573102577313,https://cdn11.bigcommerce.com/s-89ffd/products/8708/images/78830/bandai-965288-gundam-the-origin__61197.1489506120.350.350.jpg?c=2
gundam,model_kit,Plaza Japan,retailer,,Bandai Gundam HG AGE-35 AGE-1 Full Glansa (Age-1G)1/144 Scale Kit,28.45,,,USD,New,https://www.plazajapan.com/4573102573902,https://cdn11.bigcommerce.com/s-89ffd/products/8802/images/37608/4543112813381_a__41328.1441623011.350.350.jpg?c=2
gundam,model_kit,Plaza Japan,retailer,,Bandai Gundam The Origin 004 YMS-07B-0 PROTOTYPE GOUF (Tactical Demonstrator) 1/144 Scale Kit,45.64,,,USD,New,https://www.plazajapan.com/4573102577337,https://cdn11.bigcommerce.com/s-89ffd/products/9168/images/78794/bandai-006404-gundam-the-origin__43585.1489493339.350.350.jpg?c=2
gundam,model_kit,Plaza Japan,retailer,,Bandai Gundam The Origin 007 YMS-08B DOM Test Type 1/144 Scale Kit,39.73,,,USD,New,https://www.plazajapan.com/4573102590251,https://cdn11.bigcommerce.com/s-89ffd/products/9702/images/41781/Origin_007_a__87216.1456557007.350.350.jpg?c=2
gundam,model_kit,Plaza Japan,retailer,,Bandai Gundam OO GN-001 Gundam EXIA 1/100 Scale Kit,38.69,,,USD,New,https://www.plazajapan.com/4573102579362,https://cdn11.bigcommerce.com/s-89ffd/products/19789/images/120845/522276_a__46873.1514368503.350.350.jpg?c=2
gundam,model_kit,Plaza Japan,retailer,,Bandai Gundam OO 574671 GN-006 CHERUDIM Gundam 1/100 Scale Kit,63.23,,,USD,New,https://www.plazajapan.com/4543112574671,https://cdn11.bigcommerce.com/s-89ffd/products/19794/images/73820/1__60568.1487062105.350.350.jpg?c=2
gundam,model_kit,Plaza Japan,retailer,,Bandai Gundam OO 587534 OO RAISER DESIGNER'S COLOR Version 1/100 Scale Kit,67.45,,,USD,New,https://www.plazajapan.com/4543112587534,https://cdn11.bigcommerce.com/s-89ffd/products/19795/images/73831/1__94919.1487062631.350.350.jpg?c=2
gundam,model_kit,Plaza Japan,retailer,,Bandai Gundam MEGA Size Model ZAKU II 1/48 Scale Kit,96.53,,,USD,New,https://www.plazajapan.com/4573102575937,https://cdn11.bigcommerce.com/s-89ffd/products/20010/images/200666/4543112656636-1__47724.1563253463.350.350.jpg?c=2
gundam,model_kit,Plaza Japan,retailer,,Bandai Gundam OO 569066 GN-0000 OO Gundam 1/100 Scale Kit,34.66,,,USD,New,https://www.plazajapan.com/4543112569066,https://cdn11.bigcommerce.com/s-89ffd/products/20749/images/79627/2__03131.1489740523.350.350.jpg?c=2
gundam,model_kit,Plaza Japan,retailer,,Bandai Gundam MEGA Size Model RX-78-2 Gundam 1/48 Scale Kit,87.37,,,USD,New,https://www.plazajapan.com/4573102588906,https://cdn11.bigcommerce.com/s-89ffd/products/24279/images/238539/4543112620279-1__38886.1584930871.350.350.jpg?c=2
gundam,model_kit,Plaza Japan,retailer,,Bandai Gundam MEGA Size Model UNICORN Gundam (Destroy Mode) 1/48 Scale Kit 167426,194.24,,,USD,New,https://www.plazajapan.com/4573102579867,https://cdn11.bigcommerce.com/s-89ffd/products/24447/images/108203/167426_a__68806.1504157061.350.350.jpg?c=2
gundam,model_kit,Plaza Japan,retailer,,Bandai Gundam The Origin 017 Gundam LOCAL TYPE (North American Front) 1/144 Scale Kit,59.17,,,USD,New,https://www.plazajapan.com/4573102591531,https://cdn11.bigcommerce.com/s-89ffd/products/25590/images/111791/4549660184287_a__87640.1507273937.350.350.jpg?c=2
gundam,model_kit,Plaza Japan,retailer,,Bandai Gundam Decal No.115 for RG 1/144 Scale Shinanju,13.98,,,USD,New,https://www.plazajapan.com/4573102611734,https://cdn11.bigcommerce.com/s-89ffd/products/27736/images/162384/4549660249146_1__38373.1536910223.350.350.jpg?c=2
gundam,model_kit,Plaza Japan,retailer,,Bandai Gundam Decal No.117 for RG 1/144 Scale OO QANT (249160),22.91,,,USD,New,https://www.plazajapan.com/4549660249160,https://cdn11.bigcommerce.com/s-89ffd/products/27738/images/119052/3__10936.1512630684.350.350.jpg?c=2
gundam,model_kit,Plaza Japan,retailer,,Bandai Gundam Decal No.119 for 1/144 Scale The Gundam Origin Series 3,8.45,,,USD,New,https://www.plazajapan.com/4573102611765,https://cdn11.bigcommerce.com/s-89ffd/products/27740/images/158427/4549660249184_1__79637.1533282407.350.350.jpg?c=2
gundam,model_kit,Plaza Japan,retailer,,Bandai Gundam Decal No.104 for 1/144 & 1/100 Iron-Blooded Orphans Series 2 (196037),2.98,,,USD,New,https://www.plazajapan.com/4573102611680,https://cdn11.bigcommerce.com/s-89ffd/products/27750/images/119093/1__22811.1512633949.350.350.jpg?c=2
gundam,model_kit,Plaza Japan,retailer,,Bandai Gundam Decal No.105 for 1/100 & 1/144 Gundam Origin Series 1,8.45,,,USD,New,https://www.plazajapan.com/4573102579690,https://cdn11.bigcommerce.com/s-89ffd/products/27751/images/119096/1__45306.1512634092.350.350.jpg?c=2
gundam,model_kit,Plaza Japan,retailer,,Bandai Gundam Decal No.106 for RG 1/144 Scale Gundam Exia (196051),148.08,,,USD,New,https://www.plazajapan.com/4549660196051,https://cdn11.bigcommerce.com/s-89ffd/products/27752/images/119098/1__42931.1512634400.350.350.jpg?c=2
gundam,model_kit,Plaza Japan,retailer,,Bandai Gundam Decal No.107 for 1/100 & 1/144 Gundam UC Series 1,8.65,,,USD,New,https://www.plazajapan.com/4573102579706,https://cdn11.bigcommerce.com/s-89ffd/products/27753/images/119100/1__62429.1512634569.350.350.jpg?c=2
gundam,model_kit,Plaza Japan,retailer,,Bandai Gundam Decal No.108 for 1/100 & 1/144 Z & ZZ Gundam Series 1 (196075),11.05,,,USD,New,https://www.plazajapan.com/4573102611697,https://cdn11.bigcommerce.com/s-89ffd/products/27754/images/119102/1__97519.1512634683.350.350.jpg?c=2
gundam,model_kit,Plaza Japan,retailer,,Bandai Gundam Decal No.110 for 1/144 Gundam MSV General Purpose 1,10.4,,,USD,New,https://www.plazajapan.com/4573102611703,https://cdn11.bigcommerce.com/s-89ffd/products/40680/images/141367/4549660212904-1__41010.1527225367.350.350.jpg?c=2
gundam,model_kit,Plaza Japan,retailer,,Bandai Gundam Decal No.112 for RG 1/144 Scale Unicorn Gundam,14.37,,,USD,New,https://www.plazajapan.com/4573102579713,https://cdn11.bigcommerce.com/s-89ffd/products/40682/images/162383/4549660212928_1__69708.1536910217.350.350.jpg?c=2
gundam,model_kit,Plaza Japan,retailer,,Bandai Gundam Decal No.113 for 1/144 Scale Gundam The Origin Multiuse 2,2.98,,,USD,New,https://www.plazajapan.com/4573102579720,https://cdn11.bigcommerce.com/s-89ffd/products/40690/images/141383/4549660212935-1__52569.1527226490.350.350.jpg?c=2
gundam,model_kit,Plaza Japan,retailer,,Bandai Gundam OO 05 Tieren Ground Type 1/144 Scale Kit,24.34,,,USD,New,https://www.plazajapan.com/4573102606396,https://cdn11.bigcommerce.com/s-89ffd/products/40729/images/578032/4573102606396_31d69776325f37caf83d5ab7d42ebf43__64978.1725858125.350.350.jpg?c=2
gundam,model_kit,Plaza Japan,retailer,,Bandai Gundam Build Divers 013 Gundam SD RX-Zeromaru Non-Scale Kit,26.54,,,USD,New,https://www.plazajapan.com/4549660303619,https://cdn11.bigcommerce.com/s-89ffd/products/42835/images/159936/4549660303619_1__06693.1535103279.350.350.jpg?c=2
gundam,model_kit,Plaza Japan,retailer,,Bandai Gundam Build Divers 018 Impulse Gundam Lancier 1/144 Scale Kit,33.64,,,USD,New,https://www.plazajapan.com/4573102553379,https://cdn11.bigcommerce.com/s-89ffd/products/45832/images/163473/4573102553379_1__68181.1538129552.350.350.jpg?c=2
gundam,model_kit,Plaza Japan,retailer,,Bandai GUNDAM RE/100 010 Gyunei Guss's Jagd Doga 1/100 scale kit,89.6,,,USD,New,https://www.plazajapan.com/4573102553317,https://cdn11.bigcommerce.com/s-89ffd/products/45841/images/162927/4573102553317_1__56650.1537515310.350.350.jpg?c=2
gundam,model_kit,Plaza Japan,retailer,,Bandai Gundam Build Divers 023 Mobile Doll Sarah 1/144 Scale Kit,28.03,,,USD,New,https://www.plazajapan.com/4573102555816,https://cdn11.bigcommerce.com/s-89ffd/products/50515/images/173768/4573102555816-1__13766.1547028220.350.350.jpg?c=2
gundam,model_kit,Plaza Japan,retailer,,SD Gundam BB senshi 290 ZGMF-X42S Destiny Gundam,23.49,,,USD,New,https://www.plazajapan.com/4573102604118,https://cdn11.bigcommerce.com/s-89ffd/products/52261/images/172794/4543112434203-1__84844.1545107910.350.350.jpg?c=2
gundam,model_kit,Plaza Japan,retailer,,Bandai Gundam Seed Ginn Type High-Maneuver  1/144 Scale Kit,26.37,,,USD,New,https://www.plazajapan.com/4573102568113,https://cdn11.bigcommerce.com/s-89ffd/products/52908/images/184323/4543112256553-1__48768.1554369433.350.350.jpg?c=2
gundam,model_kit,Plaza Japan,retailer,,Bandai Gundam EW-6 Gundam Sandrock Custom 1/100 Scale Kit,45.64,,,USD,New,https://www.plazajapan.com/4902425606262,https://cdn11.bigcommerce.com/s-89ffd/products/55397/images/183900/4902425606262-1__43777.1554273588.350.350.jpg?c=2
gundam,model_kit,Plaza Japan,retailer,,Bandai Gundam 08 RX-79 Gundam EZ-8 1/144 Scale Kit,25.19,,,USD,New,https://www.plazajapan.com/4902425597645,https://cdn11.bigcommerce.com/s-89ffd/products/55404/images/183909/4902425597645-1__27360.1554273848.350.350.jpg?c=2
gundam,model_kit,Plaza Japan,retailer,,Bandai Gundam SD-238 Gogg & Acguy & Zock Set,37.11,,,USD,New,https://www.plazajapan.com/4573102574138,https://cdn11.bigcommerce.com/s-89ffd/products/55416/images/183928/4543112128232-1__50452.1554274438.350.350.jpg?c=2
gundam,model_kit,Plaza Japan,retailer,,Bandai Gundam Decal No.18 for MG 1/100 Scale Gundam Seed,9.1,,,USD,New,https://www.plazajapan.com/4573102574909,https://cdn11.bigcommerce.com/s-89ffd/products/55479/images/184309/4543112341365-1__18517.1554369228.350.350.jpg?c=2
gundam,model_kit,Plaza Japan,retailer,,Bandai GUNDAM MSN-06S SINANJU Titanium Finish 1/144 Scale Kit,98.9,,,USD,New,https://www.plazajapan.com/4573102557353,https://cdn11.bigcommerce.com/s-89ffd/products/55493/images/184355/4543112694836-1__56285.1554371961.350.350.jpg?c=2
gundam,model_kit,Plaza Japan,retailer,,Bandai Gundam Universe ASW-G-08 GUNDAM BARBATOS Figure,16.74,,,USD,New,https://www.plazajapan.com/4573102554932,https://cdn11.bigcommerce.com/s-89ffd/products/58108/images/217421/4573102554932_f4e0e2ba9868ff7b2dd519bf5de5ea88__70079.1571382429.350.350.jpg?c=2
gundam,model_kit,Plaza Japan,retailer,,Bandai Gundam The Origin 026 RX-78-02 Gundam (Gundam The Origin Ver.) 1/144 Scale Kit,19.17,,,USD,New,https://www.plazajapan.com/4573102589293,https://cdn11.bigcommerce.com/s-89ffd/products/68838/images/237346/4573102589293_83f79a0f3f6da4a9f0259986531f55e7__40108.1584083388.350.350.jpg?c=2
gundam,model_kit,Plaza Japan,retailer,,Bandai Gundam SD-259 Strike Gundam Striker Weapon System,13.0,,,USD,New,https://www.plazajapan.com/4573102574169,https://cdn11.bigcommerce.com/s-89ffd/products/77025/images/249500/4543112237163-1__60517.1586495068.350.350.jpg?c=2
gundam,model_kit,Plaza Japan,retailer,,Bandai Gundam Universe Wing Gundam Figure,39.73,,,USD,New,https://www.plazajapan.com/4573102554918,https://cdn11.bigcommerce.com/s-89ffd/products/81054/images/270876/4573102554918_af40fcb8a3b97c493d803c05168060ef__12300.1600143970.350.350.jpg?c=2
gundam,model_kit,Plaza Japan,retailer,,Bandai Gundam Universe RX-0 Unicorn Gundam 02 Banshee Figure,37.87,,,USD,New,https://www.plazajapan.com/4573102574695,https://cdn11.bigcommerce.com/s-89ffd/products/81055/images/270882/4573102574695_ced72fa15e02416ac4c65280fe427895__45620.1600144030.350.350.jpg?c=2
gundam,model_kit,Plaza Japan,retailer,,Bandai Gundam Universe XXXG-01D Gundam Deathscythe Figure,41.84,,,USD,New,https://www.plazajapan.com/4573102554949,https://cdn11.bigcommerce.com/s-89ffd/products/81056/images/564752/4573102554949_24ca5ac1d10084cec2e0753a8590ea99__49842.1721611628.350.350.jpg?c=2
gundam,model_kit,Plaza Japan,retailer,,Bandai Gundam Universe MS-06 Char's Zaku II Figure,50.55,,,USD,New,https://www.plazajapan.com/4573102612717,https://cdn11.bigcommerce.com/s-89ffd/products/84766/images/285734/4573102612717_33743f7ffeb23e9bdb19378d9a8421c4__05083.1610509089.350.350.jpg?c=2
gundam,model_kit,Plaza Japan,retailer,,Bandai Gundam Universe RX-93 Nu Gundam Figure,95.12,,,USD,New,https://www.plazajapan.com/4573102612731,https://cdn11.bigcommerce.com/s-89ffd/products/84768/images/356714/4573102612731_eb57b567b8456f4a301d1b94048efd6a__30587.1643602242.350.350.jpg?c=2
gundam,model_kit,Plaza Japan,retailer,,Bandai Gundam Decal No.17 for MG 1/100 MS Principality of Zeon (1),2.98,,,USD,New,https://www.plazajapan.com/4573102574893,https://cdn11.bigcommerce.com/s-89ffd/products/85560/images/287436/4573102574893_2c7f36ee3364e29be6de3e2e1326c9ae__92521.1611214216.350.350.jpg?c=2
gundam,model_kit,Plaza Japan,retailer,,Bandai Gundam Decal No.22 for MG 1/100 Zeta Gundam Series,9.1,,,USD,New,https://www.plazajapan.com/4573102611352,https://cdn11.bigcommerce.com/s-89ffd/products/85561/images/287438/4573102611352_8fdc9c0e94b698247d0f4a627a3a288a__51088.1611214244.350.350.jpg?c=2
gundam,model_kit,Plaza Japan,retailer,,Bandai Gundam Decal No.28 for HGUC 1/144 MS Principality of Zeon (1),2.98,,,USD,New,https://www.plazajapan.com/4573102574961,https://cdn11.bigcommerce.com/s-89ffd/products/85562/images/287439/4573102574961_a9ab8ca4a21306faff618c1661127c10__50692.1611214266.350.350.jpg?c=2
gundam,model_kit,Plaza Japan,retailer,,Bandai Gundam Decal No.30 for HGUC 1/144 MS Earth Federation Space Force (1) (Anaheim MS),2.98,,,USD,New,https://www.plazajapan.com/4573102574985,https://cdn11.bigcommerce.com/s-89ffd/products/85564/images/287441/4573102574985_3cdd95291b7e52199e57f6c2a21e90db__40174.1611214308.350.350.jpg?c=2
gundam,model_kit,Plaza Japan,retailer,,Bandai Gundam Decal No.37 for HGUC 1/144 MS Earth Federation Space Force (2),2.98,,,USD,New,https://www.plazajapan.com/4573102611390,https://cdn11.bigcommerce.com/s-89ffd/products/85565/images/287442/4573102611390_a730707c2caf0aeb9d65d90036f06a19__45759.1611214341.350.350.jpg?c=2
gundam,model_kit,Plaza Japan,retailer,,Bandai Gundam Decal No.38 for HGUC 1/144 MS Principality of Zeon (3),2.65,,,USD,New,https://www.plazajapan.com/4573102611406,https://cdn11.bigcommerce.com/s-89ffd/products/85566/images/287443/4573102611406_5856d9a3991e3a282ed20f9ee13bd1d8__73951.1611214379.350.350.jpg?c=2
gundam,model_kit,Plaza Japan,retailer,,Bandai Gundam Decal No.39 for HGUC 1/144 MS Principality of Zeon (4),2.98,,,USD,New,https://www.plazajapan.com/4573102611413,https://cdn11.bigcommerce.com/s-89ffd/products/85567/images/287444/4573102611413_8a3d8c124fea5030b445b53eee1d6b50__85665.1611214408.350.350.jpg?c=2
gundam,model_kit,Plaza Japan,retailer,,Bandai Gundam Decal No.53 for 1/100 1/144 MS Gundam 0080 Series (1),6.83,,,USD,New,https://www.plazajapan.com/4573102611482,https://cdn11.bigcommerce.com/s-89ffd/products/85570/images/287447/4573102611482_a0641cf3cb1bda1fba4aaa593847cb06__08186.1611214536.350.350.jpg?c=2
gundam,model_kit,Plaza Japan,retailer,,Bandai Gundam Decal No.54 for 1/100 1/144 MS Gundam 0080 Series (2),2.98,,,USD,New,https://www.plazajapan.com/4573102611499,https://cdn11.bigcommerce.com/s-89ffd/products/85571/images/287448/4573102611499_27ff2672ee055b38dcd3474e8e59c84c__65358.1611214571.350.350.jpg?c=2
gundam,model_kit,Plaza Japan,retailer,,Bandai Gundam Decal No.16 for MG 1/100 MS EFSF Multiuse (1),2.98,,,USD,New,https://www.plazajapan.com/4573102574886,https://cdn11.bigcommerce.com/s-89ffd/products/85574/images/287451/4543112341341-1__29080.1611215421.350.350.jpg?c=2
gundam,model_kit,Plaza Japan,retailer,,Bandai Gundam Decal No.23 for MG 1/100 Char's Counterattack Multiuse,2.98,,,USD,New,https://www.plazajapan.com/4573102574930,https://cdn11.bigcommerce.com/s-89ffd/products/85575/images/287452/4543112341501-1__39285.1611215464.350.350.jpg?c=2
gundam,model_kit,Plaza Japan,retailer,,Bandai Gundam Decal No.47 for 1/144 Gundam 00 Multiuse (2),2.98,,,USD,New,https://www.plazajapan.com/4573102611451,https://cdn11.bigcommerce.com/s-89ffd/products/85576/images/287453/4543112537133-1__58184.1611215510.350.350.jpg?c=2
gundam,model_kit,Plaza Japan,retailer,,Bandai Gundam Decal No.71 for HGUC 1/144 Char's Counterattack,2.98,,,USD,New,https://www.plazajapan.com/4573102575111,https://cdn11.bigcommerce.com/s-89ffd/products/85577/images/287454/4543112602350-1__08851.1611215545.350.350.jpg?c=2
gundam,model_kit,Plaza Japan,retailer,,Bandai Gundam Decal No.72 for HGUC 1/144 Char's Counterattack,2.98,,,USD,New,https://www.plazajapan.com/4573102575128,https://cdn11.bigcommerce.com/s-89ffd/products/85578/images/287455/4543112602367-1__50042.1611215610.350.350.jpg?c=2
gundam,model_kit,Plaza Japan,retailer,,Bandai Gundam Universe XXXG-01H Gundam Heavyarms Figure,63.39,,,USD,New,https://www.plazajapan.com/4573102615176,https://cdn11.bigcommerce.com/s-89ffd/products/90585/images/333541/615176-1__08002.1633916440.350.350.jpg?c=2
gundam,model_kit,Plaza Japan,retailer,,Bandai Gundam Universe GN-001 Gundam Exia Figure,48.86,,,USD,New,https://www.plazajapan.com/4573102615183,https://cdn11.bigcommerce.com/s-89ffd/products/90586/images/333542/615183-1__52491.1633916620.350.350.jpg?c=2
gundam,model_kit,Plaza Japan,retailer,,Bandai Gundam Universe ZGMF-X10A Freedom Gundam Figure,42.09,,,USD,New,https://www.plazajapan.com/4573102615190,https://cdn11.bigcommerce.com/s-89ffd/products/90587/images/333543/615190-1__28670.1633916758.350.350.jpg?c=2
gundam,model_kit,Plaza Japan,retailer,,Bandai Gundam Breaker Battlogue HG 1/144 Gundam Helios Plastic Model,63.23,,,USD,New,https://www.plazajapan.com/4573102620163,https://cdn11.bigcommerce.com/s-89ffd/products/94327/images/338784/620163-1__91865.1636419549.350.350.jpg?c=2
gundam,model_kit,Plaza Japan,retailer,,Bandai Gundam Breaker Battlogue HG 1/144 Gundam Live Lance Haven Plastic Model,31.65,,,USD,New,https://www.plazajapan.com/4573102620248,https://cdn11.bigcommerce.com/s-89ffd/products/94331/images/338786/620248-1__90188.1636419667.350.350.jpg?c=2
gundam,model_kit,Plaza Japan,retailer,,Bandai Gundam Breaker Battlogue HG 1/144 Gundam Perfect Strike Freedom Plastic Model,64.07,,,USD,New,https://www.plazajapan.com/4573102620262,https://cdn11.bigcommerce.com/s-89ffd/products/94361/images/389746/4573102620262_7c4ecca0ddc2bbcff2f1afaec35703b9__67955.1655370138.350.350.jpg?c=2
gundam,model_kit,Plaza Japan,retailer,,Bandai Gundam Breaker Battlogue HG 1/144 Blazing Gundam Plastic Model,45.47,,,USD,New,https://www.plazajapan.com/4573102620279,https://cdn11.bigcommerce.com/s-89ffd/products/94363/images/345648/4573102620279_557750b85b0a41ec7d954990764d88e7__15167.1639384152.350.350.jpg?c=2
gundam,model_kit,Plaza Japan,retailer,,Bandai Gundam Decal RG For MSZ-006 Zeta Gundam,46.46,,,USD,New,https://www.plazajapan.com/4573102575265,https://cdn11.bigcommerce.com/s-89ffd/products/98516/images/325826/4573102575265_eb0b54b1044fca18a5d65dd21c7ac2d2__59343.1630295300.350.350.jpg?c=2
gundam,model_kit,Plaza Japan,retailer,,Bandai Gundam Breaker Battlogue HG 1/144 Gundam OO Command Qan[T] Plastic Model,35.08,,,USD,New,https://www.plazajapan.com/4573102620286,https://cdn11.bigcommerce.com/s-89ffd/products/99784/images/352214/4573102620286_2accd1214e3ae655f34d9f3c59d4292c__95619.1642042204.350.350.jpg?c=2
gundam,model_kit,Plaza Japan,retailer,,Bandai Gundam Universe XXXG-01S Shenlong Gundam Figure,40.4,,,USD,New,https://www.plazajapan.com/4573102632760,https://cdn11.bigcommerce.com/s-89ffd/products/105273/images/391980/4573102632760_0691b4eb81b48edd8d17451033418184__43096.1656044095.350.350.jpg?c=2
gundam,model_kit,Plaza Japan,retailer,,Bandai Gundam Universe GN-0000+GNR-010 00 RAISER 'Mobile Suit' (Gundam 00),54.77,,,USD,New,https://www.plazajapan.com/4573102637871,https://cdn11.bigcommerce.com/s-89ffd/products/109573/images/373655/4573102637871_f6c42c23b9a6df60157417bc066ea66c__66839.1649925919.350.350.jpg?c=2
gundam,model_kit,Plaza Japan,retailer,,Bandai Gundam Universe OZ-06MS LEO 'Mobile Suit Gundam Wing' Figure (Gundam W),36.55,,,USD,New,https://www.plazajapan.com/4573102637864,https://cdn11.bigcommerce.com/s-89ffd/products/109574/images/373666/4573102637864_ea7679bdb365441a66eb5e72c1947fdc__94391.1649926006.350.350.jpg?c=2
gundam,model_kit,Plaza Japan,retailer,,Bandai Gundam Universe RX-78GP01Fb Gundam Full Burnern (Mobile Suit Gundam 0083: STARDUST MEMORY),55.9,,,USD,New,https://www.plazajapan.com/4573102637857,https://cdn11.bigcommerce.com/s-89ffd/products/109575/images/413167/4573102637857_d6a4ca7579a23d73cceca6e11b685e79__94871.1663818200.350.350.jpg?c=2
gundam,model_kit,Plaza Japan,retailer,,Bandai Gundam Decal No.121 for 1/144 Gundam AGE Multiuse (1),8.39,,,USD,New,https://www.plazajapan.com/4573102619853,https://cdn11.bigcommerce.com/s-89ffd/products/109904/images/374602/4573102619853_554fa13734fc271cdce5f46ea42ba3bd__89902.1650258805.350.350.jpg?c=2
gundam,model_kit,Plaza Japan,retailer,,Bandai Gundam Decal No.129 for 1/144 Nightingale,2.98,,,USD,New,https://www.plazajapan.com/4573102621627,https://cdn11.bigcommerce.com/s-89ffd/products/109905/images/374603/4573102621627_55468cac8bcfda6de6feafe0b8cdbf5d__79309.1650259000.350.350.jpg?c=2
gundam,model_kit,Plaza Japan,retailer,,Bandai Gundam Decal No.122 for 1/144 Mobile Suit Gundam Hathaway Multiuse (1),20.96,,,USD,New,https://www.plazajapan.com/4573102619860,https://cdn11.bigcommerce.com/s-89ffd/products/112934/images/428602/4573102619860_838fa048bc90453a78ac27c3bd0fcefc__88216.1668556225.350.350.jpg?c=2
gundam,model_kit,Plaza Japan,retailer,,Bandai Gundam Decal No.131 for RG 1/144 Zeong,2.98,,,USD,New,https://www.plazajapan.com/4573102621641,https://cdn11.bigcommerce.com/s-89ffd/products/112977/images/409312/4573102621641_2f5374a74fc7fd8281caa63efcaaa368__34853.1662520730.350.350.jpg?c=2
gundam,model_kit,Plaza Japan,retailer,,Bandai Gundam Decal No.126 for RG 1/144 Sazabi,12.5,,,USD,New,https://www.plazajapan.com/4573102619907,https://cdn11.bigcommerce.com/s-89ffd/products/113735/images/409314/4573102619907_39710debdba8e3074bb2cee4d70681f2__75554.1662520815.350.350.jpg?c=2
gundam,model_kit,Plaza Japan,retailer,,Bandai Gundam Universe ASW-G-08 Gundam Barbatos Lupus Rex (Mobile Suit Gundam: Iron-Blooded Orphans),71.85,,,USD,New,https://www.plazajapan.com/4573102649973,https://cdn11.bigcommerce.com/s-89ffd/products/126846/images/448138/4573102649973_224f1d67b06c5be6f8c0bfcd8c1a1fe0__64679.1676009548.350.350.jpg?c=2
gundam,model_kit,Plaza Japan,retailer,,Bandai Gundam Universe XVX-016 Gundam Aerial (Mobile Suit Gundam: the Witch from Mercury),35.33,,,USD,New,https://www.plazajapan.com/4573102649966,https://cdn11.bigcommerce.com/s-89ffd/products/126847/images/448144/4573102649966_24abdaf40d4570e290ccba86165eae78__70704.1676009857.350.350.jpg?c=2
gundam,model_kit,Plaza Japan,retailer,,Bandai Gundam Universe GF13-017 NJ Shining Gundam (G Gundam),50.55,,,USD,New,https://www.plazajapan.com/4573102649942,https://cdn11.bigcommerce.com/s-89ffd/products/126849/images/448159/4573102649942_442180c8150749c497d4b2f3420aecbd__80761.1676011169.350.350.jpg?c=2
gundam,model_kit,Plaza Japan,retailer,,Bandai Gundam Universe OZ-00MS2 Tall Geese II (Gundam Wing),40.57,,,USD,New,https://www.plazajapan.com/4573102649959,https://cdn11.bigcommerce.com/s-89ffd/products/126850/images/448166/4573102649959_ab390a4629857f5c9706aea168168cd1__31646.1676011402.350.350.jpg?c=2
gundam,model_kit,Plaza Japan,retailer,,Bandai Gundam Universe ZGMF-X20A STRIKE FREEDOM GUNDAM (Gundam SEED Destiny),44.17,,,USD,New,https://www.plazajapan.com/4573102640260,https://cdn11.bigcommerce.com/s-89ffd/products/129226/images/459150/4573102640260_5c8ac57da2e2e55690d63966104b2b56__12402.1680852947.350.350.jpg?c=2
gundam,model_kit,Plaza Japan,retailer,,Bandai Gundam Universe RX-0 UNICORN GUNDAM - AWAKENED - (Gundam Unicorn),67.45,,,USD,New,https://www.plazajapan.com/4573102640031,https://cdn11.bigcommerce.com/s-89ffd/products/129227/images/459157/4573102640031_b9d879d26887cb2c734993072629ea85__62822.1680853174.350.350.jpg?c=2
gundam,model_kit,Plaza Japan,retailer,,Bandai Gundam Decal No.134 for 1/144 Gundam: The Witch from Mercury Multiuse (2),5.72,,,USD,New,https://www.plazajapan.com/4573102650825,https://cdn11.bigcommerce.com/s-89ffd/products/129531/images/460194/4573102650825_deb766918ea26cfcb97198c8e469fbfd__38640.1681346517.350.350.jpg?c=2
gundam,model_kit,Plaza Japan,retailer,,Bandai GUNDAM UNIVERSE RX-0[N] UNICORN GUNDAM 02 BANSHEE NORN (Gundam Unicorn),62.55,,,USD,New,https://www.plazajapan.com/4573102661852,https://cdn11.bigcommerce.com/s-89ffd/products/138190/images/496481/4573102661852_7c0ab74764ca942e73a9fea69d75eff3__13312.1699421565.350.350.jpg?c=2
gundam,model_kit,Plaza Japan,retailer,,Bandai GUNDAM UNIVERSE X-EX01 GUNDAM CALIBARN (Gundam: The Witch from Mercury),36.44,,,USD,New,https://www.plazajapan.com/4573102661869,https://cdn11.bigcommerce.com/s-89ffd/products/138192/images/496492/4573102661869_dc714beb594ed741b2dca7f0477481c8__37190.1699421781.350.350.jpg?c=2
gundam,model_kit,Plaza Japan,retailer,,Bandai GUNDAM UNIVERSE Gundam EX (Gundam: Requiem for Vengeance),45.64,,,USD,New,https://www.plazajapan.com/4573102662170,https://cdn11.bigcommerce.com/s-89ffd/products/144937/images/687989/bandai-gundam-universe-gundam-ex-gundam-requiem-for-vengeance__10454.1737951943.350.350.jpg?c=2
gundam,model_kit,Plaza Japan,retailer,,Bandai GUNDAM UNIVERSE ZGMF/A-262B Strike Freedom Gundam Type II (Gundam SEED Freedom),37.49,,,USD,New,https://www.plazajapan.com/4573102664235,https://cdn11.bigcommerce.com/s-89ffd/products/146370/images/699687/bandai-gundam-universe-zgmfa-262b-strike-freedom-gundam-type-ii-gundam-seed-freedom__91011.1738574616.350.350.jpg?c=2
gundam,model_kit,Plaza Japan,retailer,,Bandai GUNDAM UNIVERSE MBF-P02 Gundam Astray Red Frame (Gundam SEED Astray),36.35,,,USD,New,https://www.plazajapan.com/4573102664242,https://cdn11.bigcommerce.com/s-89ffd/products/146371/images/687974/bandai-gundam-universe-mbf-p02-gundam-astray-red-frame-gundam-seed-astray__95457.1737951928.350.350.jpg?c=2
gundam,model_kit,Plaza Japan,retailer,,Bandai GUNDAM UNIVERSE ASW-G-08 Gundam Barbatos Lupus (Mobile Suit Gundam: Iron-Blooded Orphans),46.49,,,USD,New,https://www.plazajapan.com/4573102664228,https://cdn11.bigcommerce.com/s-89ffd/products/146372/images/692249/bandai-gundam-universe-asw-g-08-gundam-barbatos-lupus-mobile-suit-gundam-iron-blooded-orphans__22717.1737958604.350.350.jpg?c=2
gundam,model_kit,Plaza Japan,retailer,,Bandai Gundam Option Parts Gunpla 08 (Bolden Arm Arms) (Gundam),7.93,,,USD,New,https://www.plazajapan.com/4573102671448,https://cdn11.bigcommerce.com/s-89ffd/products/154223/images/675346/bandai-gundam-option-parts-gunpla-08-bolden-arm-arms-gundam__26250.1737731308.350.350.jpg?c=2
gundam,model_kit,Plaza Japan,retailer,,Bandai Gundam Option Parts Gunpla 09 (Giant Gatling) (Gundam),10.01,,,USD,New,https://www.plazajapan.com/4573102671479,https://cdn11.bigcommerce.com/s-89ffd/products/154224/images/670814/bandai-gundam-option-parts-gunpla-09-giant-gatling-gundam__07141.1737724062.350.350.jpg?c=2
gundam,model_kit,Plaza Japan,retailer,,Bandai Gundam Option Parts Gunpla 10 (Galaxy Booster) (Gundam),8.45,,,USD,New,https://www.plazajapan.com/4573102671486,https://cdn11.bigcommerce.com/s-89ffd/products/154225/images/661144/bandai-gundam-option-parts-gunpla-10-galaxy-booster-gundam__72695.1737708699.350.350.jpg?c=2
gundam,model_kit,Plaza Japan,retailer,,Bandai Gundam Option Parts Gunpla 07 (Powered Arms Powereder) (Gundam),16.91,,,USD,New,https://www.plazajapan.com/4573102671462,https://cdn11.bigcommerce.com/s-89ffd/products/154226/images/674576/bandai-gundam-option-parts-gunpla-07-powered-arms-powereder-gundam__93606.1737730078.350.350.jpg?c=2
gundam,model_kit,Plaza Japan,retailer,,Bandai Gundam Option Parts Set 04 1/144 Build Hands Round Shape Plastic Model (Gundam SEED),7.54,,,USD,New,https://www.plazajapan.com/4573102667069,https://cdn11.bigcommerce.com/s-89ffd/products/154227/images/662025/bandai-gundam-option-parts-set-04-1144-build-hands-round-shape-plastic-model-gundam-seed__82252.1737710113.350.350.jpg?c=2
gundam,model_kit,Plaza Japan,retailer,,Bandai Gundam Option Parts Gunpla 05 (Universe Booster Plavsky Power Gate) (Gundam),11.96,,,USD,New,https://www.plazajapan.com/4573102671424,https://cdn11.bigcommerce.com/s-89ffd/products/154229/images/683323/bandai-gundam-option-parts-gunpla-05-universe-booster-plavsky-power-gate-gundam__41418.1737744135.350.350.jpg?c=2
gundam,model_kit,Plaza Japan,retailer,,Bandai Gundam Option Parts Gunpla 06 (Valuable Pod) (Gundam),8.91,,,USD,New,https://www.plazajapan.com/4573102671431,https://cdn11.bigcommerce.com/s-89ffd/products/154230/images/663108/bandai-gundam-option-parts-gunpla-06-valuable-pod-gundam__91868.1737711762.350.350.jpg?c=2
gundam,model_kit,Plaza Japan,retailer,,Bandai Gundam Option Parts Gunpla 11 (Barbatos Smoothbore Gun) (Gundam),13.5,,,USD,New,https://www.plazajapan.com/4573102671523,https://cdn11.bigcommerce.com/s-89ffd/products/155697/images/642259/bandai-gundam-option-parts-gunpla-11-barbatos-smoothbore-gun-gundam__87989.1737449063.350.350.jpg?c=2
gundam,model_kit,Plaza Japan,retailer,,Bandai GUNDAM UNIVERSE Zaku II (Unidentified Type) Solari (Gundam: Requiem for Vengeance),36.09,,,USD,New,https://www.plazajapan.com/4573102667571,https://cdn11.bigcommerce.com/s-89ffd/products/155811/images/675706/bandai-gundam-universe-zaku-ii-unidentified-type-solari-gundam-requiem-for-vengeance__50416.1737731931.350.350.jpg?c=2
gundam,model_kit,Plaza Japan,retailer,,Bandai Gundam Option Parts Gunpla 13 (Battle Arm Arms),10.98,,,USD,New,https://www.plazajapan.com/4573102674296,https://cdn11.bigcommerce.com/s-89ffd/products/164733/images/629292/bandai-gundam-option-parts-gunpla-13-battle-arm-arms__46743.1737080810.350.350.jpg?c=2
gundam,model_kit,Plaza Japan,retailer,,Bandai GUNDAM UNIVERSE XXXG-00W0 Wing Gundam Zero (Mobile Suit Gundam Wing),31.11,,,USD,New,https://www.plazajapan.com/4573102675279,https://cdn11.bigcommerce.com/s-89ffd/products/167481/images/618586/bandai-gundam-universe-xxxg-00w0-wing-gundam-zero-mobile-suit-gundam-wing__86328.1736919369.350.350.jpg?c=2
gundam,model_kit,Plaza Japan,retailer,,Bandai Gundam Decal No.139 (Mobile Suit Gundam GQuuuuuuX),5.33,,,USD,New,https://www.plazajapan.com/4573102686916,https://cdn11.bigcommerce.com/s-89ffd/products/175558/images/750335/4573102686916_4a09f7ea218c11f87aea5675526af223__23672.1746682793.350.350.jpg?c=2
gundam,model_kit,Plaza Japan,retailer,,Bandai Gundam Decal No. 140 (Mobile Suit Gundam GQuuuuuuX),5.33,,,USD,New,https://www.plazajapan.com/4573102686923,https://cdn11.bigcommerce.com/s-89ffd/products/175559/images/750337/4573102686923_3389bdc80195063d89e4a5e901be89de__30562.1746682843.350.350.jpg?c=2
gundam,model_kit,Plaza Japan,retailer,,Bandai Gundam Decal No. 141 (Gundam SEED Freedom),9.46,,,USD,New,https://www.plazajapan.com/4573102688767,https://cdn11.bigcommerce.com/s-89ffd/products/175560/images/750339/4573102688767_fa383029059a0e5a62880f14ce9adb94__00251.1746682934.350.350.jpg?c=2
gundam,model_kit,Plaza Japan,retailer,,Bandai Gundam Universe gMS GQuuuuuuX Figure (Mobile Suit Gundam GQuuuuuuX),21.81,,,USD,New,https://www.plazajapan.com/4573102687678,https://cdn11.bigcommerce.com/s-89ffd/products/178357/images/778342/bandai-gundam-universe-gms-w-gquuuuuux-figure-mobile-suit-gundam-gquuuuuux__80804.1776663486.350.350.jpg?c=2
gundam,model_kit,Plaza Japan,retailer,,Bandai Gundam Option Parts Set Gunpla 16 (Meteor Hopper) Plastic Model,4.25,,,USD,New,https://www.plazajapan.com/4573102685681,https://cdn11.bigcommerce.com/s-89ffd/products/179232/images/779802/bandai-gundam-option-parts-set-gunpla-16-meteor-hopper-plastic-model__59872.1750386398.350.350.jpg?c=2
gundam,cards,Plaza Japan,retailer,,Bandai Gundam Card Game Start Deck GUNDAM ASSEMBLE Set Heroic Beginnings [ST01A],15.21,,,USD,New,https://www.plazajapan.com/4582769843624,https://cdn11.bigcommerce.com/s-89ffd/products/180553/images/789055/bandai-gundam-card-game-start-deck-gundam-assemble-set-heroic-beginnings-st01a__26500.1752804317.350.350.jpg?c=2
gundam,cards,Plaza Japan,retailer,,Bandai Gundam Card Game Start Deck GUNDAM ASSEMBLE Set Wings of Advance [ST02A],19.64,,,USD,New,https://www.plazajapan.com/4582769843648,https://cdn11.bigcommerce.com/s-89ffd/products/180554/images/789835/bandai-gundam-card-game-start-deck-gundam-assemble-set-wings-of-advance-st02a__32890.1752805543.350.350.jpg?c=2
gundam,cards,Plaza Japan,retailer,,Bandai Gundam Card Game Start Deck GUNDAM ASSEMBLE Set Zeon's Rush [ST03A],29.42,,,USD,New,https://www.plazajapan.com/4582769843662,https://cdn11.bigcommerce.com/s-89ffd/products/180555/images/793875/bandai-gundam-card-game-start-deck-gundam-assemble-set-zeons-rush-st03a__33735.1752811706.350.350.jpg?c=2
gundam,cards,Plaza Japan,retailer,,Bandai Gundam Card Game Start Deck GUNDAM ASSEMBLE Set SEED Strike [ST04A],15.21,,,USD,New,https://www.plazajapan.com/4582769843686,https://cdn11.bigcommerce.com/s-89ffd/products/180556/images/791698/bandai-gundam-card-game-start-deck-gundam-assemble-set-seed-strike-st04a__21958.1752808373.350.350.jpg?c=2
gundam,cards,Plaza Japan,retailer,,Bandai Gundam Card Game Ultimate Deck - Destiny Ignition [ST09],90.38,,,USD,New,https://www.plazajapan.com/4582769982071,https://cdn11.bigcommerce.com/s-89ffd/products/202872/images/926880/bandai-gundam-card-game-ultimate-deck-destiny-ignition-st09__37624.1776485478.350.350.jpg?c=2
gundam,model_kit,Plaza Japan,retailer,,FW Gundam Converge #30 Full Box,41.63,,,USD,New,https://www.plazajapan.com/4570117928758,https://cdn11.bigcommerce.com/s-89ffd/products/206936/images/948316/4570117928758_121ce3f853ee75d754cfcc39bf4ddf80__23138.1779347344.350.350.png?c=2
gundam,model_kit,Plaza Japan,retailer,,Bandai MG Gundam Deathscythe Hell Endless Walz XXXG-01D2 1/100 Scale Kit,82.84,,,USD,New,https://www.plazajapan.com/4573102615886,https://cdn11.bigcommerce.com/s-89ffd/products/1411/images/2520/4543112670786_a__57268.1298635601.350.350.jpg?c=2
gundam,model_kit,Plaza Japan,retailer,,Bandai MG Gundam Age-1 Normal 1/100 Scale Kit,42.26,,,USD,New,https://www.plazajapan.com/4573102628428,https://cdn11.bigcommerce.com/s-89ffd/products/4245/images/10186/1__72462.1626248547.350.350.jpg?c=2
gundam,model_kit,Gundam Planet,retailer,us,MGEX ZGMF-X20A Strike Freedom Gundam,184.95,,,USD,New,https://www.gundamplanet.com/products/mgex-zgmf-x20a-strike-freedom-gundam?_pos=1&_sid=6313efb8d&_ss=r&_fid=9f96dd988,https://www.gundamplanet.com/cdn/shop/files/mgex-zgmf-x20a-strike-freedom-gundam-gp.jpg?v=1737709982&width=533
gundam,model_kit,Gundam Planet,retailer,us,HG Gundam Aerial,18.95,,,USD,New,https://www.gundamplanet.com/products/hg-gundam-aerial?_pos=2&_sid=6313efb8d&_ss=r&_fid=9f96dd988,https://www.gundamplanet.com/cdn/shop/files/hg-gundam-aerial-gp.jpg?v=1737712893&width=533
gundam,model_kit,Gundam Planet,retailer,us,NXEDGE Style Xi Gundam,59.95,,,USD,New,https://www.gundamplanet.com/products/nxedge-style-xi-gundam?_pos=3&_sid=6313efb8d&_ss=r&_fid=9f96dd988,https://www.gundamplanet.com/cdn/shop/files/nxedge-style-xi-gundam-fr.jpg?v=1737690459&width=533
gundam,model_kit,Gundam Planet,retailer,us,Entry Grade RX-78-2 Gundam,9.95,,,USD,New,https://www.gundamplanet.com/products/entry-grade-rx-78-2-gundam?_pos=4&_sid=6313efb8d&_ss=r&_fid=9f96dd988,https://www.gundamplanet.com/cdn/shop/files/eg-rx-78-2-gundam-gpr.jpg?v=1737683082&width=533
gundam,model_kit,Gundam Planet,retailer,us,HGUC AMS-123X-X Moon Gundam,42.95,,,USD,New,https://www.gundamplanet.com/products/hguc-ams-123x-x-moon-gundam?_pos=5&_sid=6313efb8d&_ss=r&_fid=9f96dd988,https://www.gundamplanet.com/cdn/shop/files/hguc-moon-gundam-gp.jpg?v=1737673129&width=533
gundam,model_kit,Gundam Planet,retailer,us,PG Unleashed RX-93 Nu Gundam,689.95,,,USD,New,https://www.gundamplanet.com/products/pg-unleashed-rx-93-nu-gundam?_pos=6&_sid=6313efb8d&_ss=r&_fid=9f96dd988,https://www.gundamplanet.com/cdn/shop/files/pg-unleashed-rx-93-nu-gundam-base2.jpg?v=1769728142&width=533
gundam,model_kit,Gundam Planet,retailer,us,MG XXXG-01H Gundam Heavyarms EW Ver.,44.95,,,USD,New,https://www.gundamplanet.com/products/mg-xxxg-01h-gundam-heavyarms-ew-ver?_pos=7&_sid=6313efb8d&_ss=r&_fid=9f96dd988,https://www.gundamplanet.com/cdn/shop/files/mg-xxxg-01h-gundam-heavyarms-ew-ver-00.jpg?v=1737661433&width=533
gundam,model_kit,Gundam Planet,retailer,us,Metal Robot Spirits Wing Gundam Zero,149.95,,,USD,New,https://www.gundamplanet.com/products/metal-robot-spirits-wing-gundam-zero?_pos=8&_sid=6313efb8d&_ss=r&_fid=9f96dd988,https://www.gundamplanet.com/cdn/shop/files/metal-robot-spirits-wing-gundam-zero-00.jpg?v=1737695765&width=533
gundam,model_kit,Gundam Planet,retailer,us,RG GF13-017NJ Shining Gundam,42.95,,,USD,New,https://www.gundamplanet.com/products/rg-gf13-017nj-shining-gundam?_pos=9&_sid=6313efb8d&_ss=r&_fid=9f96dd988,https://www.gundamplanet.com/cdn/shop/files/rg-gf13-017nj-shining-gundam-base.jpg?v=1750793537&width=533
gundam,model_kit,Gundam Planet,retailer,us,RG RX-93-2 Hi-Nu Gundam,62.95,,,USD,New,https://www.gundamplanet.com/products/rg-rx-93-2-hi-nu-gundam?_pos=10&_sid=6313efb8d&_ss=r&_fid=9f96dd988,https://www.gundamplanet.com/cdn/shop/files/rg-rx-93-2-hi-nu-gundam-gp.jpg?v=1737691601&width=533
gundam,model_kit,Gundam Planet,retailer,us,PG ZGMF-X20A Strike Freedom Gundam,324.95,,,USD,New,https://www.gundamplanet.com/products/pg-zgmf-x20a-strike-freedom-gundam?_pos=11&_sid=6313efb8d&_ss=r&_fid=9f96dd988,https://www.gundamplanet.com/cdn/shop/files/pg-zgmf-x20a-strike-freedom-gundam-gp.jpg?v=1737660523&width=533
gundam,model_kit,Gundam Planet,retailer,us,MG ASW-G-08 Gundam Barbatos,60.95,,,USD,New,https://www.gundamplanet.com/products/mg-asw-g-08-gundam-barbatos?_pos=12&_sid=6313efb8d&_ss=r&_fid=9f96dd988,https://www.gundamplanet.com/cdn/shop/files/mg-asw-g-08-gundam-barbatos-gp.jpg?v=1737677587&width=533
gundam,model_kit,Gundam Planet,retailer,us,HG RX-78-02 Gundam (Gundam The Origin Ver.),32.95,,,USD,New,https://www.gundamplanet.com/products/hg-rx-78-02-gundam-gundam-the-origin-ver?_pos=13&_sid=6313efb8d&_ss=r&_fid=9f96dd988,https://www.gundamplanet.com/cdn/shop/files/hg-gundam-the-origin-ver-gp.jpg?v=1737680628&width=533
gundam,model_kit,Gundam Planet,retailer,us,MGSD Freedom Gundam,54.95,,,USD,New,https://www.gundamplanet.com/products/mgsd-freedom-gundam?_pos=14&_sid=6313efb8d&_ss=r&_fid=9f96dd988,https://www.gundamplanet.com/cdn/shop/files/mgsd-freedom-gundam-gp.jpg?v=1737713039&width=533
gundam,model_kit,Gundam Planet,retailer,us,MGSD Gundam Aerial,50.95,,,USD,New,https://www.gundamplanet.com/products/mgsd-gundam-aerial?_pos=15&_sid=6313efb8d&_ss=r&_fid=9f96dd988,https://www.gundamplanet.com/cdn/shop/files/mgsd-gundam-aerial-base2.jpg?v=1755541555&width=533
gundam,model_kit,Gundam Planet,retailer,us,RG XXXG-00W0 Wing Gundam Zero,54.95,,,USD,New,https://www.gundamplanet.com/products/rg-xxxg-00w0-wing-gundam-zero?_pos=16&_sid=6313efb8d&_ss=r&_fid=9f96dd988,https://www.gundamplanet.com/cdn/shop/files/rg-xxxg-00w0-wing-gundam-zero-base.jpg?v=1758835725&width=533
gundam,model_kit,Gundam Planet,retailer,us,Metal Build Freedom Gundam Concept 2,350.95,,,USD,New,https://www.gundamplanet.com/products/metal-build-freedom-gundam-concept-2?_pos=17&_sid=6313efb8d&_ss=r&_fid=9f96dd988,https://www.gundamplanet.com/cdn/shop/files/metal-build-freedom-gundam-concept-2.jpg?v=1754076343&width=533
gundam,model_kit,Gundam Planet,retailer,us,MG ZGMF-X10A Freedom Gundam Ver 2.0,60.95,,,USD,New,https://www.gundamplanet.com/products/mg-zgmf-x10a-freedom-gundam-ver-2-0?_pos=18&_sid=6313efb8d&_ss=r&_fid=9f96dd988,https://www.gundamplanet.com/cdn/shop/files/mg-zgmf-x10a-freedom-gundam-ver-2-0-00_1.jpg?v=1737664278&width=533
gundam,model_kit,Gundam Planet,retailer,us,MG ASW-G-08 Gundam Barbatos Lupus,84.95,,,USD,New,https://www.gundamplanet.com/products/mg-asw-g-08-gundam-barbatos-lupus?_pos=19&_sid=6313efb8d&_ss=r&_fid=9f96dd988,https://www.gundamplanet.com/cdn/shop/files/mg-asw-g-08-gundam-barbatos-lupus-base.jpg?v=1763409928&width=533
gundam,model_kit,Gundam Planet,retailer,us,MG RX-93-2 Hi-Nu Gundam Ver.Ka,90.95,,,USD,New,https://www.gundamplanet.com/products/mg-rx-93-2-hi-nu-gundam-ver-ka?_pos=20&_sid=6313efb8d&_ss=r&_fid=9f96dd988,https://www.gundamplanet.com/cdn/shop/files/mg-rx-93-2-hi-nu-gundam-ver-ka-00_1.jpg?v=1737663005&width=533
gundam,model_kit,Gundam Planet,retailer,us,HG Gundam Aerial Rebuild,24.95,,,USD,New,https://www.gundamplanet.com/products/hg-gundam-aerial-rebuild?_pos=21&_sid=6313efb8d&_ss=r&_fid=9f96dd988,https://www.gundamplanet.com/cdn/shop/files/hg-gundam-aerial-rebuild-gp.jpg?v=1737714568&width=533
gundam,model_kit,Gundam Planet,retailer,us,MG RX-78-2 Gundam Ver 3.0,62.95,,,USD,New,https://www.gundamplanet.com/products/mg-rx-78-2-gundam-ver-3-0?_pos=22&_sid=6313efb8d&_ss=r&_fid=9f96dd988,https://www.gundamplanet.com/cdn/shop/files/mg-rx-78-2-gundam-ver-3-0-00_1.jpg?v=1737662037&width=533
gundam,model_kit,Gundam Planet,retailer,us,HGAC XXXG-01D2 Gundam Deathscythe Hell,28.95,,,USD,New,https://www.gundamplanet.com/products/hgac-xxxg-01d2-gundam-deathscythe-hell?_pos=23&_sid=6313efb8d&_ss=r&_fid=9f96dd988,https://www.gundamplanet.com/cdn/shop/files/hgac-xxxg-01d2-gundam-deathscythe-hell-gp.jpg?v=1741724976&width=533
gundam,model_kit,Gundam Planet,retailer,us,HGAC XXXG-00W0 Wing Gundam Zero,20.95,,,USD,New,https://www.gundamplanet.com/products/hgac-xxxg-00w0-wing-gundam-zero?_pos=24&_sid=6313efb8d&_ss=r&_fid=9f96dd988,https://www.gundamplanet.com/cdn/shop/files/hgac-xxxg-00w0-wing-gundam-zero-00.jpg?v=1737662366&width=533
gundam,model_kit,Gundam Planet,retailer,us,1/100 Full Mechanics Gundam Aerial,54.95,,,USD,New,https://www.gundamplanet.com/products/full-mechanics-1-100-gundam-aerial?_pos=25&_sid=6313efb8d&_ss=r&_fid=9f96dd988,https://www.gundamplanet.com/cdn/shop/files/full-mechanics-1-100-gundam-aerial-gp.jpg?v=1737713337&width=533
gundam,model_kit,Gundam Planet,retailer,us,1/144 RX-78F00/E Gundam (EX-001 G.L.R.S.S. Feather Unit),46.95,,,USD,New,https://www.gundamplanet.com/products/1-144-rx-78f00-e-gundam-ex-001-g-l-r-s-s-feather-unit?_pos=26&_sid=6313efb8d&_ss=r&_fid=9f96dd988,https://www.gundamplanet.com/cdn/shop/files/1-144-rx-78f00-e-gundam-ex-001-g-l-r-s-s-feather-unit-base.jpg?v=1763661827&width=533
gundam,model_kit,Gundam Planet,retailer,us,MG MSZ-010 ZZ Gundam Ver.Ka,78.95,,,USD,New,https://www.gundamplanet.com/products/mg-msz-010-zz-gundam-ver-ka?_pos=27&_sid=6313efb8d&_ss=r&_fid=9f96dd988,https://www.gundamplanet.com/cdn/shop/files/mg-msz-010-zz-gundam-ver-ka-00.jpg?v=1737669692&width=533
gundam,model_kit,Gundam Planet,retailer,us,SD Gundam EX-Standard RX-78-2 Gundam / Hello Kitty Set,32.95,,,USD,New,https://www.gundamplanet.com/products/sd-gundam-ex-standard-rx-78-2-gundam-hello-kitty-set?_pos=28&_sid=6313efb8d&_ss=r&_fid=9f96dd988,https://www.gundamplanet.com/cdn/shop/files/sdex-gundam-gundam-hello-kitty-set-gp.jpg?v=1737679324&width=533
gundam,model_kit,Gundam Planet,retailer,us,HG Gundam Lfrith,22.95,,,USD,New,https://www.gundamplanet.com/products/hg-gundam-lfrith?_pos=29&_sid=6313efb8d&_ss=r&_fid=9f96dd988,https://www.gundamplanet.com/cdn/shop/files/hg-gundam-lfrith-gp3.jpg?v=1737711066&width=533
gundam,model_kit,Gundam Planet,retailer,us,HGUC MRX-009 Psycho Gundam,68.95,,,USD,New,https://www.gundamplanet.com/products/hguc-mrx-009-psycho-gundam?_pos=30&_sid=6313efb8d&_ss=r&_fid=9f96dd988,https://www.gundamplanet.com/cdn/shop/files/hguc-mrx-009-psycho-gundam-gp.jpg?v=1737658783&width=533
gundam,model_kit,Gundam Planet,retailer,us,Metal Robot Spirits Wing Gundam,210.95,,,USD,New,https://www.gundamplanet.com/products/metal-robot-spirits-wing-gundam?_pos=31&_sid=6313efb8d&_ss=r&_fid=9f96dd988,https://www.gundamplanet.com/cdn/shop/files/metal-robot-spirits-wing-gundam-fr.jpg?v=1753476389&width=533
gundam,model_kit,Gundam Planet,retailer,us,MG XXXG-01W Wing Gundam EW Ver.,42.95,,,USD,New,https://www.gundamplanet.com/products/mg-xxxg-01w-wing-gundam-ew-ver?_pos=32&_sid=6313efb8d&_ss=r&_fid=9f96dd988,https://www.gundamplanet.com/cdn/shop/files/mg-xxxg-01w-wing-gundam-ew-ver-gp.jpg?v=1737660805&width=533
gundam,model_kit,Gundam Planet,retailer,us,1/144 RX-78F00/E Gundam (EX-001 G.L.R.S.S. Feather Unit) Chemical Recycle Ver.,46.95,,,USD,New,https://www.gundamplanet.com/products/1-144-rx-78f00-e-gundam-ex-001-g-l-r-s-s-feather-unit-chemical-recycle-ver?_pos=33&_sid=6313efb8d&_ss=r&_fid=9f96dd988,https://www.gundamplanet.com/cdn/shop/files/1-144-rx-78f00-e-gundam-ex-001-g-l-r-s-s-feather-unit-chemical-recycle-ver-base2.jpg?v=1763662521&width=533
gundam,model_kit,Gundam Planet,retailer,us,RG GF13-017NJII God Gundam (Burning Gundam),50.95,,,USD,New,https://www.gundamplanet.com/products/rg-gf13-017njii-god-gundam?_pos=34&_sid=6313efb8d&_ss=r&_fid=9f96dd988,https://www.gundamplanet.com/cdn/shop/files/rg-gf13-017njii-god-gundam-gp.jpg?v=1737702404&width=533
gundam,model_kit,Gundam Planet,retailer,us,MG XXXG-01W Wing Gundam,54.95,,,USD,New,https://www.gundamplanet.com/products/mg-xxxg-01w-wing-gundam?_pos=35&_sid=6313efb8d&_ss=r&_fid=9f96dd988,https://www.gundamplanet.com/cdn/shop/files/mg-xxxg-01w-wing-gundam-00.jpg?v=1737659880&width=533
gundam,model_kit,Gundam Planet,retailer,us,HGBD Gundam 00 Sky,22.95,,,USD,New,https://www.gundamplanet.com/products/hgbd-gundam-00-sky?_pos=36&_sid=6313efb8d&_ss=r&_fid=9f96dd988,https://www.gundamplanet.com/cdn/shop/files/hgbd-gundam-00-sky-gp.jpg?v=1737672895&width=533
gundam,model_kit,Gundam Planet,retailer,us,MG FA-78-1 Full Armor Gundam,68.95,,,USD,New,https://www.gundamplanet.com/products/mg-fa-78-1-full-armor-gundam?_pos=37&_sid=6313efb8d&_ss=r&_fid=9f96dd988,https://www.gundamplanet.com/cdn/shop/files/mg-fa-78-1-full-armor-gundam-00.jpg?v=1737660003&width=533
gundam,model_kit,Gundam Planet,retailer,us,RG MBF-P02 Gundam Astray Red Frame,34.95,,,USD,New,https://www.gundamplanet.com/products/rg-mbf-p02-gundam-astray-red-frame?_pos=38&_sid=6313efb8d&_ss=r&_fid=9f96dd988,https://www.gundamplanet.com/cdn/shop/files/rg-mbf-p02-gundam-astray-red-frame-00.jpg?v=1737663597&width=533
gundam,model_kit,Gundam Planet,retailer,us,Metal Robot Spirits Gundam Barbatos Lupus Rex,180.95,,,USD,New,https://www.gundamplanet.com/products/metal-robot-spirits-gundam-barbatos-lupus-rex?_pos=39&_sid=6313efb8d&_ss=r&_fid=9f96dd988,https://www.gundamplanet.com/cdn/shop/files/metal-robot-spirits-gundam-barbatos-lupus-rex.png?v=1779833159&width=533
gundam,model_kit,Gundam Planet,retailer,us,HG Gundam Calibarn,24.95,,,USD,New,https://www.gundamplanet.com/products/hg-gundam-calibarn?_pos=40&_sid=6313efb8d&_ss=r&_fid=9f96dd988,https://www.gundamplanet.com/cdn/shop/files/hg-gundam-calibarn-gp.jpg?v=1737719019&width=533
gundam,model_kit,Gundam Planet,retailer,us,HG gMS-α Red Gundam,30.95,,,USD,New,https://www.gundamplanet.com/products/hg-red-gundam?_pos=41&_sid=6313efb8d&_ss=r&_fid=9f96dd988,https://www.gundamplanet.com/cdn/shop/files/hg-red-gundam-base.jpg?v=1748295768&width=533
gundam,model_kit,Gundam Planet,retailer,us,HG00 Cherudim Gundam GNHW/R,26.95,,,USD,New,https://www.gundamplanet.com/products/hg00-cherudim-gundam-gnhw-r?_pos=42&_sid=6313efb8d&_ss=r&_fid=9f96dd988,https://www.gundamplanet.com/cdn/shop/files/hg00-cherudim-gundam-gnhw-r-00.jpg?v=1737660167&width=533
gundam,model_kit,Gundam Planet,retailer,us,RG RX-0 Unicorn Gundam,52.95,,,USD,New,https://www.gundamplanet.com/products/rg-rx-0-unicorn-gundam?_pos=43&_sid=6313efb8d&_ss=r&_fid=9f96dd988,https://www.gundamplanet.com/cdn/shop/files/rg-rx-0-unicorn-gundam-00.jpg?v=1737669356&width=533
gundam,model_kit,Gundam Planet,retailer,us,RG ZGMF-X42S Destiny Gundam,30.95,,,USD,New,https://www.gundamplanet.com/products/rg-zgmf-x42s-destiny-gundam?_pos=44&_sid=6313efb8d&_ss=r&_fid=9f96dd988,https://www.gundamplanet.com/cdn/shop/files/rg-zgmf-x42s-destiny-gundam-00.jpg?v=1737661900&width=533
gundam,model_kit,Gundam Planet,retailer,us,MG LM312V04 V Dash Gundam Ver.Ka,76.95,,,USD,New,https://www.gundamplanet.com/products/mg-lm312v04-v-dash-gundam-ver-ka?_pos=45&_sid=6313efb8d&_ss=r&_fid=9f96dd988,https://www.gundamplanet.com/cdn/shop/files/mg-lm312v04-v-dash-gundam-ver-ka-00.jpg?v=1737660010&width=533
gundam,model_kit,Gundam Planet,retailer,us,RG XXXG-01W Wing Gundam EW Ver.,34.95,,,USD,New,https://www.gundamplanet.com/products/rg-xxxg-01w-wing-gundam-ew-ver?_pos=46&_sid=6313efb8d&_ss=r&_fid=9f96dd988,https://www.gundamplanet.com/cdn/shop/files/rg-xxxg-01w-wing-gundam-ew-ver-00.jpg?v=1737664048&width=533
gundam,model_kit,Gundam Planet,retailer,us,HG IBO Gundam Vidar,16.95,,,USD,New,https://www.gundamplanet.com/products/hg-ibo-gundam-vidar?_pos=47&_sid=6313efb8d&_ss=r&_fid=9f96dd988,https://www.gundamplanet.com/cdn/shop/files/hg-ibo-gundam-vidar-00.jpg?v=1737665032&width=533
gundam,model_kit,Gundam Planet,retailer,us,HGCE ZGMF-X666S Legend Gundam,36.95,,,USD,New,https://www.gundamplanet.com/products/hgce-zgmf-x666s-legend-gundam?_pos=48&_sid=6313efb8d&_ss=r&_fid=9f96dd988,https://www.gundamplanet.com/cdn/shop/files/hgce-zgmf-x666s-legend-gundam-base.jpg?v=1769453714&width=533
gundam,model_kit,Gundam Planet,retailer,us,HGBF Try Burning Gundam,24.95,,,USD,New,https://www.gundamplanet.com/products/hgbf-try-burning-gundam?_pos=49&_sid=6313efb8d&_ss=r&_fid=9f96dd988,https://www.gundamplanet.com/cdn/shop/files/hgbf-try-burning-gundam-00.jpg?v=1737663688&width=533
gundam,model_kit,Gundam Planet,retailer,us,PG RX-0 Unicorn Gundam,260.95,,,USD,New,https://www.gundamplanet.com/products/pg-rx-0-unicorn-gundam?_pos=50&_sid=6313efb8d&_ss=r&_fid=9f96dd988,https://www.gundamplanet.com/cdn/shop/files/pg-rx-0-unicorn-gundam-00.jpg?v=1737663317&width=533
gundam,model_kit,Gundam Planet,retailer,us,HGAC XXXG-01H Gundam Heavyarms,20.95,,,USD,New,https://www.gundamplanet.com/products/hgac-xxxg-01h-gundam-heavyarms?_pos=51&_sid=6313efb8d&_ss=r&_fid=9f96dd988,https://www.gundamplanet.com/cdn/shop/files/hgac-xxxg-01h-gundam-heavyarms-gp2.jpg?v=1737682909&width=533
gundam,model_kit,Gundam Planet,retailer,us,HG Abyss Gundam,20.95,,,USD,New,https://www.gundamplanet.com/products/hg-abyss-gundam?_pos=52&_sid=6313efb8d&_ss=r&_fid=9f96dd988,https://www.gundamplanet.com/cdn/shop/files/hg-abyss-gundam-00.jpg?v=1737664750&width=533
gundam,model_kit,Gundam Planet,retailer,us,Metal Build Strike Freedom Gundam Revival Ver.,350.95,,,USD,New,https://www.gundamplanet.com/products/metal-build-strike-freedom-gundam-revival-ver?_pos=53&_sid=6313efb8d&_ss=r&_fid=9f96dd988,https://www.gundamplanet.com/cdn/shop/files/metal-build-strike-freedom-gundam-revival-ver1.jpg?v=1772591771&width=533
gundam,model_kit,Gundam Planet,retailer,us,HG Gundam Schwarzette,24.95,,,USD,New,https://www.gundamplanet.com/products/hg-gundam-schwarzette?_pos=54&_sid=6313efb8d&_ss=r&_fid=9f96dd988,https://www.gundamplanet.com/cdn/shop/files/hg-gundam-schwarzette-gp.jpg?v=1737716032&width=533
gundam,model_kit,Gundam Planet,retailer,us,HGAC XXXG-01W Wing Gundam,20.95,,,USD,New,https://www.gundamplanet.com/products/hgac-xxxg-01w-wing-gundam?_pos=55&_sid=6313efb8d&_ss=r&_fid=9f96dd988,https://www.gundamplanet.com/cdn/shop/files/hgac-xxxg-01w-wing-gundam-00.jpg?v=1737662333&width=533
gundam,model_kit,Gundam Planet,retailer,us,HG Gundam G-Self (Atmospheric Pack Equipped),22.95,,,USD,New,https://www.gundamplanet.com/products/hg-gundam-g-self-atmospheric-pack-equipped?_pos=56&_sid=6313efb8d&_ss=r&_fid=9f96dd988,https://www.gundamplanet.com/cdn/shop/files/hg-gundam-g-self-atmospheric-pack-equipped-00.jpg?v=1737663124&width=533
gundam,model_kit,Gundam Planet,retailer,us,MG MVF-X08 Eclipse Gundam,68.95,,,USD,New,https://www.gundamplanet.com/products/mg-mvf-x08-eclipse-gundam?_pos=57&_sid=6313efb8d&_ss=r&_fid=9f96dd988,https://www.gundamplanet.com/cdn/shop/files/mg-mvf-x08-eclipse-gundam-gp.jpg?v=1737692033&width=533
gundam,model_kit,Gundam Planet,retailer,us,HGAC XXXG-01S Shenlong Gundam,20.95,,,USD,New,https://www.gundamplanet.com/products/hgac-xxxg-01s-shenlong-gundam?_pos=58&_sid=6313efb8d&_ss=r&_fid=9f96dd988,https://www.gundamplanet.com/cdn/shop/files/hgac-xxxg-01s-shenlong-gundam-gp.jpg?v=1737706441&width=533
gundam,model_kit,Gundam Planet,retailer,us,MG F-91 Gundam F91 Ver 2.0,54.95,,,USD,New,https://www.gundamplanet.com/products/mg-f-91-gundam-f91-ver-2-0?_pos=59&_sid=6313efb8d&_ss=r&_fid=9f96dd988,https://www.gundamplanet.com/cdn/shop/files/mg-gundam-f91-ver-2-gp.jpg?v=1737671977&width=533
gundam,model_kit,Gundam Planet,retailer,us,Gundam Artifact PRO Zaku II High Mobility Type (Black Tri-Stars Custom),70.95,,,USD,New,https://www.gundamplanet.com/products/gundam-artifact-pro-zaku-ii-high-mobility-type-black-tri-stars-custom?_pos=60&_sid=6313efb8d&_ss=r&_fid=9f96dd988,https://www.gundamplanet.com/cdn/shop/files/gundam-artifact-pro-zaku-ii-high-mobility-type-black-tri-stars-custom1.jpg?v=1779485905&width=533
gundam,model_kit,Gundam Planet,retailer,us,MG MBF-P02KAI Gundam Astray Red Frame Kai,68.95,,,USD,New,https://www.gundamplanet.com/products/mg-mbf-p02kai-gundam-astray-red-frame-kai?_pos=61&_sid=6313efb8d&_ss=r&_fid=9f96dd988,https://www.gundamplanet.com/cdn/shop/files/mg-mbf-p02kai-gundam-astray-red-frame-kai-00_1.jpg?v=1737659744&width=533
gundam,model_kit,Gundam Planet,retailer,us,HG Gundam Helios,28.95,,,USD,New,https://www.gundamplanet.com/products/hg-gundam-helios?_pos=62&_sid=6313efb8d&_ss=r&_fid=9f96dd988,https://www.gundamplanet.com/cdn/shop/files/hg-gundam-helios-gp.jpg?v=1737694501&width=533
gundam,model_kit,Gundam Planet,retailer,us,Metal Build Gundam Barbatos (4th Form) + Boomerang Mace,350.95,,,USD,New,https://www.gundamplanet.com/products/metal-build-gundam-barbatos-4th-form-boomerang-mace?_pos=63&_sid=6313efb8d&_ss=r&_fid=9f96dd988,https://www.gundamplanet.com/cdn/shop/files/metal-build-gundam-barbatos-4th-form-boomerang-mace-base2.jpg?v=1765238522&width=533
gundam,model_kit,Gundam Planet,retailer,us,HGCE ZGMF-103HD Lightning Buster Gundam,30.95,,,USD,New,https://www.gundamplanet.com/products/hgce-zgmf-103hd-lightning-buster-gundam?_pos=64&_sid=6313efb8d&_ss=r&_fid=9f96dd988,https://www.gundamplanet.com/cdn/shop/files/hgce-zgmf-103hd-lightning-buster-gundam-gp.jpg?v=1737737800&width=533
gundam,model_kit,Gundam Planet,retailer,us,MG MSZ-006 Zeta Gundam Ver.Ka,88.95,,,USD,New,https://www.gundamplanet.com/products/mg-msz-006-zeta-gundam-ver-ka?_pos=65&_sid=6313efb8d&_ss=r&_fid=9f96dd988,https://www.gundamplanet.com/cdn/shop/files/mg-msz-006-zeta-gundam-ver-ka-gpt.jpg?v=1737713212&width=533
gundam,model_kit,Gundam Planet,retailer,us,[DX02] Gundam Assemble Deluxe Set 02,162.95,,,USD,New,https://www.gundamplanet.com/products/dx02-gundam-assemble-deluxe-set-02?_pos=66&_sid=6313efb8d&_ss=r&_fid=9f96dd988,https://www.gundamplanet.com/cdn/shop/files/dx02-gundam-assemble-deluxe-set-021.jpg?v=1772584843&width=533
gundam,model_kit,Gundam Planet,retailer,us,HGAW GX-9900-DV Gundam X Divider,24.95,,,USD,New,https://www.gundamplanet.com/products/hgaw-gx-9900-dv-gundam-x-divider?_pos=67&_sid=6313efb8d&_ss=r&_fid=9f96dd988,https://www.gundamplanet.com/cdn/shop/files/hgaw-gx-9900-dv-gundam-x-divider-base.jpg?v=1785789782&width=533
gundam,model_kit,Gundam Planet,retailer,us,HGCE ZGMF-X42S Destiny Gundam,28.95,,,USD,New,https://www.gundamplanet.com/products/hgce-zgmf-x42s-destiny-gundam?_pos=68&_sid=6313efb8d&_ss=r&_fid=9f96dd988,https://www.gundamplanet.com/cdn/shop/files/hgce-destiny-gundam-revive-gp.jpg?v=1737675241&width=533
gundam,model_kit,Gundam Planet,retailer,us,GFFMC RX-0 Unicorn Gundam Awakening Ver. Metal Composite,299.95,,,USD,New,https://www.gundamplanet.com/products/gffmc-rx-0-unicorn-gundam-awakening-ver-metal-composite?_pos=69&_sid=6313efb8d&_ss=r&_fid=9f96dd988,https://www.gundamplanet.com/cdn/shop/files/817b60kid8l-gp.jpg?v=1737668239&width=533
gundam,model_kit,Gundam Planet,retailer,us,HG Shin Burning Gundam,34.95,,,USD,New,https://www.gundamplanet.com/products/hg-shin-burning-gundam?_pos=70&_sid=6313efb8d&_ss=r&_fid=9f96dd988,https://www.gundamplanet.com/cdn/shop/files/hg-shin-burning-gundam-gp.jpg?v=1737724482&width=533
gundam,model_kit,Gundam Planet,retailer,us,HG00 Gundam Virtue,20.95,,,USD,New,https://www.gundamplanet.com/products/hg00-gundam-virtue?_pos=71&_sid=6313efb8d&_ss=r&_fid=9f96dd988,https://www.gundamplanet.com/cdn/shop/files/hg00-gundam-virtue-01.jpg?v=1737660036&width=533
gundam,model_kit,Gundam Planet,retailer,us,HG00 Gundam Dynames,18.95,,,USD,New,https://www.gundamplanet.com/products/hg00-gundam-dynames?_pos=72&_sid=6313efb8d&_ss=r&_fid=9f96dd988,https://www.gundamplanet.com/cdn/shop/files/hg00-gundam-dynames-01.jpg?v=1737659987&width=533
gundam,model_kit,Gundam Planet,retailer,us,HGAC XXXG-01D Gundam Deathscythe,20.95,,,USD,New,https://www.gundamplanet.com/products/hgac-xxxg-01d-gundam-deathscythe?_pos=73&_sid=6313efb8d&_ss=r&_fid=9f96dd988,https://www.gundamplanet.com/cdn/shop/files/hgac-xxxg-01d-gundam-deathscythe-gp.jpg?v=1737689398&width=533
gundam,model_kit,Gundam Planet,retailer,us,Best Mecha Collection 1/144 RX-78-2 Gundam (Revival Ver.),14.95,,,USD,New,https://www.gundamplanet.com/products/best-mecha-collection-1-144-rx-78-2-gundam-revival-ver?_pos=74&_sid=6313efb8d&_ss=r&_fid=9f96dd988,https://www.gundamplanet.com/cdn/shop/files/best-mecha-collection-1-144-rx-78-2-gundam-revival-ver-gp_1.jpg?v=1737742344&width=533
gundam,model_kit,Gundam Planet,retailer,us,MG GF13-017NJII God Gundam (Burning Gundam),34.95,,,USD,New,https://www.gundamplanet.com/products/mg-gf13-017njii-god-gundam?_pos=75&_sid=6313efb8d&_ss=r&_fid=9f96dd988,https://www.gundamplanet.com/cdn/shop/files/mg-gf13-017njii-god-gundam-00.jpg?v=1737659210&width=533
gundam,model_kit,Gundam Planet,retailer,us,HGFC GF13-017NJII God Gundam (Burning Gundam),24.95,,,USD,New,https://www.gundamplanet.com/products/hgfc-gf13-017njii-god-gundam?_pos=76&_sid=6313efb8d&_ss=r&_fid=9f96dd988,https://www.gundamplanet.com/cdn/shop/files/hgfc-gf13-017njii-god-gundam-00.jpg?v=1737659953&width=533
gundam,model_kit,Gundam Planet,retailer,us,MG RX-78-2 Gundam Ver.Ka,38.95,,,USD,New,https://www.gundamplanet.com/products/mg-rx-78-2-gundam-ver-ka?_pos=77&_sid=6313efb8d&_ss=r&_fid=9f96dd988,https://www.gundamplanet.com/cdn/shop/files/mg-rx-78-2-gundam-ver-ka-00_1.jpg?v=1737659242&width=533
gundam,model_kit,Gundam Planet,retailer,us,MG ZGMF-X09A Justice Gundam,64.95,,,USD,New,https://www.gundamplanet.com/products/mg-zgmf-x09a-justice-gundam?_pos=78&_sid=6313efb8d&_ss=r&_fid=9f96dd988,https://www.gundamplanet.com/cdn/shop/files/mg-zgmf-x09a-justice-gundam-00.jpg?v=1737668792&width=533
gundam,model_kit,Gundam Planet,retailer,us,MG GN-001 Gundam Exia,52.95,,,USD,New,https://www.gundamplanet.com/products/mg-gn-001-gundam-exia?_pos=79&_sid=6313efb8d&_ss=r&_fid=9f96dd988,https://www.gundamplanet.com/cdn/shop/files/mg-gn-001-gundam-exia-00.jpg?v=1737659674&width=533
gundam,model_kit,Gundam Planet,retailer,us,HG Gundam Ground Urban Combat Type,24.95,,,USD,New,https://www.gundamplanet.com/products/hg-gundam-ground-urban-combat-type?_pos=80&_sid=6313efb8d&_ss=r&_fid=9f96dd988,https://www.gundamplanet.com/cdn/shop/files/hg-gundam-ground-urban-combat-type-gp.jpg?v=1737695033&width=533
gundam,model_kit,Gundam Planet,retailer,us,Robot Spirits GAT-X103 Buster Gundam Ver. A.N.I.M.E.,105.95,,,USD,New,https://www.gundamplanet.com/products/robot-spirits-gat-x103-buster-gundam-ver-a-n-i-m-e?_pos=81&_sid=6313efb8d&_ss=r&_fid=9f96dd988,https://www.gundamplanet.com/cdn/shop/files/robot-spirits-gat-x103-buster-gundam-ver-a-n-i-m-e1.jpg?v=1737731910&width=533
gundam,model_kit,Gundam Planet,retailer,us,MG XXXG-00W0 Wing Gundam Zero Custom,48.95,,,USD,New,https://www.gundamplanet.com/products/mg-xxxg-00w0-wing-gundam-zero-custom?_pos=82&_sid=6313efb8d&_ss=r&_fid=9f96dd988,https://www.gundamplanet.com/cdn/shop/files/mg-xxxg-00w0-wing-gundam-zero-custom-00.jpg?v=1737659319&width=533
gundam,model_kit,Gundam Planet,retailer,us,MG GAT-X105 Aile Strike Gundam Ver.RM,56.95,,,USD,New,https://www.gundamplanet.com/products/mg-gat-x105-aile-strike-gundam-ver-rm?_pos=83&_sid=6313efb8d&_ss=r&_fid=9f96dd988,https://www.gundamplanet.com/cdn/shop/files/mg-gat-x105-aile-strike-gundam-ver-rm-00.jpg?v=1737661954&width=533
gundam,model_kit,Gundam Planet,retailer,us,HG IBO Gundam Barbatos Lupus,16.95,,,USD,New,https://www.gundamplanet.com/products/hg-ibo-gundam-barbatos-lupus?_pos=84&_sid=6313efb8d&_ss=r&_fid=9f96dd988,https://www.gundamplanet.com/cdn/shop/files/hg-ibo-gundam-barbatos-lupus-00.jpg?v=1737664944&width=533
gundam,model_kit,Gundam Planet,retailer,us,HG00 Gundam Kyrios,20.95,,,USD,New,https://www.gundamplanet.com/products/hg00-gundam-kyrios?_pos=85&_sid=6313efb8d&_ss=r&_fid=9f96dd988,https://www.gundamplanet.com/cdn/shop/files/hg00-gundam-kyrios-00.jpg?v=1737659993&width=533
gundam,model_kit,Gundam Planet,retailer,us,RG ZGMF-X09A Justice Gundam,34.95,,,USD,New,https://www.gundamplanet.com/products/rg-zgmf-x09a-justice-gundam?_pos=86&_sid=6313efb8d&_ss=r&_fid=9f96dd988,https://www.gundamplanet.com/cdn/shop/files/rg-justice-gundam-00.jpg?v=1737661719&width=533
gundam,model_kit,Gundam Planet,retailer,us,Gundam Universe Gundam EX (Gundam: Requiem for Vengeance),40.95,,,USD,New,https://www.gundamplanet.com/products/gundam-universe-gundam-ex-gundam-requiem-for-vengeance?_pos=87&_sid=6313efb8d&_ss=r&_fid=9f96dd988,https://www.gundamplanet.com/cdn/shop/files/gundam-universe-gundam-ex-gundam-requiem-for-vengeance-fr.jpg?v=1737738810&width=533
gundam,model_kit,Gundam Planet,retailer,us,MG FA-010S Full Armor ZZ Gundam Ver.Ka,144.95,,,USD,New,https://www.gundamplanet.com/products/mg-fa-010s-full-armor-zz-gundam-ver-ka?_pos=88&_sid=6313efb8d&_ss=r&_fid=9f96dd988,https://www.gundamplanet.com/cdn/shop/files/mg-full-armor-zz-gundam-base.jpg?v=1771440060&width=533
gundam,model_kit,Gundam Planet,retailer,us,MG WD-M01 Turn A Gundam,52.95,,,USD,New,https://www.gundamplanet.com/products/mg-wd-m01-turn-a-gundam?_pos=89&_sid=6313efb8d&_ss=r&_fid=9f96dd988,https://www.gundamplanet.com/cdn/shop/files/mg-wd-m01-turn-a-gundam-00.jpg?v=1737659417&width=533
gundam,model_kit,Gundam Planet,retailer,us,HGAC XXXG-01SR2 Gundam Sandrock Custom (EW Ver.),46.95,,,USD,New,https://www.gundamplanet.com/products/hgac-xxxg-01sr2-gundam-sandrock-custom-ew-ver?_pos=90&_sid=6313efb8d&_ss=r&_fid=9f96dd988,https://www.gundamplanet.com/cdn/shop/files/hgac-xxxg-01sr2-gundam-sandrock-custom-ew-ver-base.jpg?v=1780335427&width=533
gundam,model_kit,Gundam Planet,retailer,us,HG00 Gundam Virtue,20.95,,,USD,New,https://www.gundamplanet.com/products/hg00-gundam-virtue?_pos=91&_sid=6313efb8d&_ss=r&_fid=9f96dd988,https://www.gundamplanet.com/cdn/shop/files/hg00-gundam-virtue-01.jpg?v=1737660036&width=533
gundam,model_kit,Gundam Planet,retailer,us,HG Wing Gundam Sky Zero,24.95,,,USD,New,https://www.gundamplanet.com/products/hg-wing-gundam-sky-zero?_pos=92&_sid=6313efb8d&_ss=r&_fid=9f96dd988,https://www.gundamplanet.com/cdn/shop/files/hg-wing-gundam-sky-zero-gp.jpg?v=1737694997&width=533
gundam,model_kit,Gundam Planet,retailer,us,HGUC RX-178 Gundam Mk-II AEUG Revive,20.95,,,USD,New,https://www.gundamplanet.com/products/hguc-rx-178-gundam-mk-ii-aeug-revive?_pos=93&_sid=6313efb8d&_ss=r&_fid=9f96dd988,https://www.gundamplanet.com/cdn/shop/files/hguc-rx-178-gundam-mk-ii-aeug-revive-00.jpg?v=1737664069&width=533
gundam,model_kit,Gundam Planet,retailer,us,MG FXA-05D/RX-178 Super Gundam,54.95,,,USD,New,https://www.gundamplanet.com/products/mg-fxa-05d-rx-178-super-gundam?_pos=94&_sid=6313efb8d&_ss=r&_fid=9f96dd988,https://www.gundamplanet.com/cdn/shop/files/mg-fxa-05d-rx-178-super-gundam-00.jpg?v=1781310136&width=533
gundam,model_kit,Gundam Planet,retailer,us,HGUC RX-178 Gundam Mk-II Titans Revive,20.95,,,USD,New,https://www.gundamplanet.com/products/hguc-rx-178-gundam-mk-ii-titans-revive?_pos=95&_sid=6313efb8d&_ss=r&_fid=9f96dd988,https://www.gundamplanet.com/cdn/shop/files/hguc-rx-178-gundam-mk-ii-titans-revive-00.jpg?v=1737664086&width=533
gundam,model_kit,Gundam Planet,retailer,us,HG Plutine Gundam,30.95,,,USD,New,https://www.gundamplanet.com/products/hg-plutine-gundam?_pos=96&_sid=6313efb8d&_ss=r&_fid=9f96dd988,https://www.gundamplanet.com/cdn/shop/files/hg-plutine-gundam-gp.jpg?v=1737723186&width=533
gundam,model_kit,Gundam Planet,retailer,us,[DX01] Gundam Assemble Deluxe Set 01,96.95,,,USD,New,https://www.gundamplanet.com/products/dx01-gundam-assemble-deluxe-set-01?_pos=97&_sid=6313efb8d&_ss=r&_fid=9f96dd988,https://www.gundamplanet.com/cdn/shop/files/dx01-gundam-assemble-deluxe-set-011.jpg?v=1772584815&width=533
gundam,model_kit,Gundam Planet,retailer,us,[ST01] Gundam Assemble Starter Set 01,34.95,,,USD,New,https://www.gundamplanet.com/products/st01-gundam-assemble-starter-set-01?_pos=98&_sid=6313efb8d&_ss=r&_fid=9f96dd988,https://www.gundamplanet.com/cdn/shop/files/st01-gundam-assemble-starter-set-011.jpg?v=1772584809&width=533
gundam,model_kit,Gundam Planet,retailer,us,MG MBF-P03D Gundam Astray Blue Frame D,58.95,,,USD,New,https://www.gundamplanet.com/products/mg-mbf-p03d-gundam-astray-blue-frame-d?_pos=99&_sid=6313efb8d&_ss=r&_fid=9f96dd988,https://www.gundamplanet.com/cdn/shop/files/mg-gundam-astray-blue-frame-d-00.jpg?v=1737663198&width=533
gundam,model_kit,Gundam Planet,retailer,us,HG Chaos Gundam,20.95,,,USD,New,https://www.gundamplanet.com/products/hg-chaos-gundam?_pos=100&_sid=6313efb8d&_ss=r&_fid=9f96dd988,https://www.gundamplanet.com/cdn/shop/files/hg-chaos-gundam-00.jpg?v=1737664755&width=533
gundam,model_kit,Gundam Planet,retailer,us,HGBF Wing Gundam Fenice Rinascita,24.95,,,USD,New,https://www.gundamplanet.com/products/hgbf-wing-gundam-fenice-rinascita?_pos=101&_sid=6313efb8d&_ss=r&_fid=9f96dd988,https://www.gundamplanet.com/cdn/shop/files/hgbf-wing-gundam-fenice-rinascita-00.jpg?v=1737663007&width=533
gundam,model_kit,Gundam Planet,retailer,us,Gundam Universe Wing Gundam Zero (Mobile Suit Gundam Wing),38.95,,,USD,New,https://www.gundamplanet.com/products/gundam-universe-wing-gundam-zero-mobile-suit-gundam-wing?_pos=102&_sid=6313efb8d&_ss=r&_fid=9f96dd988,https://www.gundamplanet.com/cdn/shop/files/gundam-universe-wing-gundam-zero11.jpg?v=1737758659&width=533
gundam,model_kit,Gundam Planet,retailer,us,MG XXXG-01D Gundam Deathscythe EW Ver.,44.95,,,USD,New,https://www.gundamplanet.com/products/mg-xxxg-01d-gundam-deathscythe-ew-ver?_pos=103&_sid=6313efb8d&_ss=r&_fid=9f96dd988,https://www.gundamplanet.com/cdn/shop/files/mg-xxxg-01d-gundam-deathscythe-ew-ver-00.jpg?v=1737659951&width=533
gundam,model_kit,Gundam Planet,retailer,us,MG ZGMF-X56S/α Force Impulse Gundam,60.95,,,USD,New,https://www.gundamplanet.com/products/mg-zgmf-x56s-a-force-impulse-gundam?_pos=104&_sid=6313efb8d&_ss=r&_fid=9f96dd988,https://www.gundamplanet.com/cdn/shop/files/mg-zgmf-x56s-a-force-impulse-gundam-gp.jpg?v=1737661603&width=533
gundam,model_kit,Gundam Planet,retailer,us,HGBF Star Burning Gundam,20.95,,,USD,New,https://www.gundamplanet.com/products/hgbf-star-burning-gundam?_pos=105&_sid=6313efb8d&_ss=r&_fid=9f96dd988,https://www.gundamplanet.com/cdn/shop/files/hgbf-star-burning-gundam-00.jpg?v=1737669413&width=533
gundam,model_kit,Gundam Planet,retailer,us,HGBD:R Core Gundam II (G-3 Color),14.95,,,USD,New,https://www.gundamplanet.com/products/hgbd-r-core-gundam-ii-g-3-color?_pos=106&_sid=6313efb8d&_ss=r&_fid=9f96dd988,https://www.gundamplanet.com/cdn/shop/files/hgbd-r-core-gundam-ii-g-3-color-gp.jpg?v=1737685111&width=533
gundam,model_kit,Gundam Planet,retailer,us,Gundam Universe Gundam Epyon (Mobile Suit Gundam Wing),38.95,,,USD,New,https://www.gundamplanet.com/products/gundam-universe-gundam-epyon-mobile-suit-gundam-wing?_pos=107&_sid=6313efb8d&_ss=r&_fid=9f96dd988,https://www.gundamplanet.com/cdn/shop/files/gundam-universe-gundam-epyon-mobile-suit-gundam-wing-base.jpg?v=1750175467&width=533
gundam,model_kit,Gundam Planet,retailer,us,1/100 Full Mechanics GAT-X370 Raider Gundam,60.95,,,USD,New,https://www.gundamplanet.com/products/1-100-full-mechanics-gat-x370-raider-gundam?_pos=108&_sid=6313efb8d&_ss=r&_fid=9f96dd988,https://www.gundamplanet.com/cdn/shop/files/1-100-full-mechanics-gat-x370-raider-gundam-gp.jpg?v=1737702542&width=533
gundam,model_kit,Gundam Planet,retailer,us,HGUC RX-78NT-1 Gundam NT-1 Alex,22.95,,,USD,New,https://www.gundamplanet.com/products/hguc-rx-78nt-1-gundam-nt-1-alex?_pos=109&_sid=6313efb8d&_ss=r&_fid=9f96dd988,https://www.gundamplanet.com/cdn/shop/files/hguc-rx-78nt-1-gundam-nt-1-alex-gp.jpg?v=1745270454&width=533
gundam,model_kit,Gundam Planet,retailer,us,HGUC RX-93-2 Hi-Nu Gundam,30.95,,,USD,New,https://www.gundamplanet.com/products/hguc-rx-93-2-hi-nu-gundam?_pos=110&_sid=6313efb8d&_ss=r&_fid=9f96dd988,https://www.gundamplanet.com/cdn/shop/files/hguc-rx-93-2-hi-nu-gundam-00.jpg?v=1737658976&width=533
gundam,model_kit,Gundam Planet,retailer,us,HGUC MSA-0011[Ext] Ex-S Gundam,32.95,,,USD,New,https://www.gundamplanet.com/products/hguc-msa-0011-ext-ex-s-gundam?_pos=111&_sid=6313efb8d&_ss=r&_fid=9f96dd988,https://www.gundamplanet.com/cdn/shop/files/hguc-msa-0011-ext-ex-s-gundam-00.jpg?v=1781306701&width=533
gundam,model_kit,Gundam Planet,retailer,us,HG Gundam Pharact,26.95,,,USD,New,https://www.gundamplanet.com/products/hg-gundam-pharact?_pos=112&_sid=6313efb8d&_ss=r&_fid=9f96dd988,https://www.gundamplanet.com/cdn/shop/files/hg-gundam-pharact-01.jpg?v=1737711746&width=533
gundam,model_kit,Gundam Planet,retailer,us,GFFMC RX-0(N) Unicorn Gundam 02 Banshee Norn Metal Composite,299.95,,,USD,New,https://www.gundamplanet.com/products/gffmc-rx-0-n-unicorn-gundam-02-banshee-norn-metal-composite?_pos=113&_sid=6313efb8d&_ss=r&_fid=9f96dd988,https://www.gundamplanet.com/cdn/shop/files/71lkk9hvral._sl1500_gp.jpg?v=1737668257&width=533
gundam,model_kit,Gundam Planet,retailer,us,HG Gundam Lfrith Ur,26.95,,,USD,New,https://www.gundamplanet.com/products/hg-gundam-lfrith-ur?_pos=114&_sid=6313efb8d&_ss=r&_fid=9f96dd988,https://www.gundamplanet.com/cdn/shop/files/hg-gundam-lfrith-ur-gp.jpg?v=1737714532&width=533
gundam,model_kit,Gundam Planet,retailer,us,HGCE ZGMF/A-42S2 Destiny Gundam Spec II & Zeus Silhouette,88.95,,,USD,New,https://www.gundamplanet.com/products/hgce-zgmf-a-42s2-destiny-gundam-spec-ii-zeus-silhouette?_pos=115&_sid=6313efb8d&_ss=r&_fid=9f96dd988,https://www.gundamplanet.com/cdn/shop/files/hgce-zgmf-a-42s2-destiny-gundam-spec-ii-zeus-silhouette-gp.jpg?v=1737742518&width=533
gundam,model_kit,Gundam Planet,retailer,us,HGCC WD-M01 Turn A Gundam,20.95,,,USD,New,https://www.gundamplanet.com/products/hgcc-wd-m01-turn-a-gundam?_pos=116&_sid=6313efb8d&_ss=r&_fid=9f96dd988,https://www.gundamplanet.com/cdn/shop/files/hgcc-wd-m01-turn-a-gundam-00.jpg?v=1737662353&width=533
gundam,model_kit,Gundam Planet,retailer,us,HG MS-05B Zaku I (Gundam Thunderbolt Anime Ver.),26.95,,,USD,New,https://www.gundamplanet.com/products/hg-ms-05b-zaku-i-gundam-thunderbolt-anime-ver?_pos=117&_sid=6313efb8d&_ss=r&_fid=9f96dd988,https://www.gundamplanet.com/cdn/shop/files/hg-ms-05b-zaku-i-gundam-thunderbolt-anime-ver-00.jpg?v=1781202371&width=533
gundam,model_kit,Gundam Planet,retailer,us,HG Gundam Lfrith Thorn,22.95,,,USD,New,https://www.gundamplanet.com/products/hg-gundam-lfrith-thorn?_pos=118&_sid=6313efb8d&_ss=r&_fid=9f96dd988,https://www.gundamplanet.com/cdn/shop/files/hg-gundam-lfrith-thorn-gp.jpg?v=1737714551&width=533
gundam,model_kit,Gundam Planet,retailer,us,Lucrea: Hatsune Miku X Wing Gundam Zero EW (Mobile Suit Gundam 45th Anniversary),337.95,,,USD,New,https://www.gundamplanet.com/products/lucrea-hatsune-miku-x-wing-gundam-zero-ew-mobile-suit-gundam-45th-anniversary?_pos=119&_sid=6313efb8d&_ss=r&_fid=9f96dd988,https://www.gundamplanet.com/cdn/shop/files/1-15-dragon-call-bladepoint-x-kunio-okawara-model-kit-fr.jpg?v=1755125848&width=533
gundam,model_kit,Gundam Planet,retailer,us,Metal Build God Gundam & God Gundam II (Burning Gundam),434.95,,,USD,New,https://www.gundamplanet.com/products/metal-build-god-gundam-god-gundam-ii-burning-gundam?_pos=120&_sid=6313efb8d&_ss=r&_fid=9f96dd988,https://www.gundamplanet.com/cdn/shop/files/metal-build-burning-gundam-burning-gundam-second-god-gundam-base.jpg?v=1743375167&width=533
gundam,model_kit,Gundam Planet,retailer,us,MG ZGMF-19A Infinite Justice Gundam,60.95,,,USD,New,https://www.gundamplanet.com/products/mg-zgmf-19a-infinite-justice-gundam?_pos=121&_sid=6313efb8d&_ss=r&_fid=9f96dd988,https://www.gundamplanet.com/cdn/shop/files/mg-zgmf-19a-infinite-justice-gundam-00.jpg?v=1737659493&width=533
gundam,model_kit,Gundam Planet,retailer,us,HGCE ZGMF-X10A Freedom Gundam,24.95,,,USD,New,https://www.gundamplanet.com/products/hgce-zgmf-x10a-freedom-gundam?_pos=122&_sid=6313efb8d&_ss=r&_fid=9f96dd988,https://www.gundamplanet.com/cdn/shop/files/hgce-zgmf-x10a-freedom-gundam-revive-00.jpg?v=1737663646&width=533
gundam,model_kit,Gundam Planet,retailer,us,HG00 Gundam Throne Eins,22.95,,,USD,New,https://www.gundamplanet.com/products/hg00-gundam-throne-eins?_pos=123&_sid=6313efb8d&_ss=r&_fid=9f96dd988,https://www.gundamplanet.com/cdn/shop/files/hg00-gundam-throne-eins-00.jpg?v=1737660052&width=533
gundam,model_kit,Gundam Planet,retailer,us,HG Gundam 00 Diver Arc,32.95,,,USD,New,https://www.gundamplanet.com/products/hg-gundam-00-diver-arc?_pos=124&_sid=6313efb8d&_ss=r&_fid=9f96dd988,https://www.gundamplanet.com/cdn/shop/files/hg-gundam-00-diver-arc-gp.jpg?v=1737723208&width=533
gundam,model_kit,Gundam Planet,retailer,us,HGUC RX-121-1 Gundam TR-1 [Hazel Custom],18.95,,,USD,New,https://www.gundamplanet.com/products/hguc-rx-121-1-gundam-tr-1-hazel-custom?_pos=125&_sid=6313efb8d&_ss=r&_fid=9f96dd988,https://www.gundamplanet.com/cdn/shop/files/hguc-rx-121-1-gundam-tr-1-hazel-custom-gp.jpg?v=1737658824&width=533
gundam,model_kit,Gundam Planet,retailer,us,HG IBO Gundam Astaroth,14.95,,,USD,New,https://www.gundamplanet.com/products/hg-ibo-gundam-astaroth?_pos=126&_sid=6313efb8d&_ss=r&_fid=9f96dd988,https://www.gundamplanet.com/cdn/shop/files/hg-ibo-gundam-astaroth-00.jpg?v=1737664518&width=533
gundam,model_kit,Gundam Planet,retailer,us,Lucrea: 1/7 Hatsune Miku X 00 Gundam (Mobile Suit Gundam 45th Anniversary),294.95,,,USD,New,https://www.gundamplanet.com/products/lucrea-hatsune-miku-x-00-gundam-mobile-suit-gundam-45th-anniversary?_pos=127&_sid=6313efb8d&_ss=r&_fid=9f96dd988,https://www.gundamplanet.com/cdn/shop/files/lucrea-hatsune-miku-x-00-gundam-mobile-suit-gundam-45th-anniversary-fr.jpg?v=1759953492&width=533
gundam,model_kit,Gundam Planet,retailer,us,HG Saviour Gundam,20.95,,,USD,New,https://www.gundamplanet.com/products/hg-saviour-gundam?_pos=128&_sid=6313efb8d&_ss=r&_fid=9f96dd988,https://www.gundamplanet.com/cdn/shop/files/hg-saviour-gundam-00.jpg?v=1737664770&width=533
gundam,model_kit,Gundam Planet,retailer,us,Gundam Universe Leo,24.95,,,USD,New,https://www.gundamplanet.com/products/gundam-universe-leo?_pos=129&_sid=6313efb8d&_ss=r&_fid=9f96dd988,https://www.gundamplanet.com/cdn/shop/files/gundam-universe-leo-fr_1.jpg?v=1737707827&width=533
gundam,model_kit,Gundam Planet,retailer,us,Entry Grade RX-78F00/E Gundam,16.95,,,USD,New,https://www.gundamplanet.com/products/entry-grade-rx-78f00-e-gundam?_pos=130&_sid=6313efb8d&_ss=r&_fid=9f96dd988,https://www.gundamplanet.com/cdn/shop/files/entry-grade-rx-78f00-e-gundam-base.jpg?v=1763661592&width=533
gundam,model_kit,Gundam Planet,retailer,us,MG GAT-X303 Aegis Gundam,58.95,,,USD,New,https://www.gundamplanet.com/products/mg-gat-x303-aegis-gundam?_pos=131&_sid=6313efb8d&_ss=r&_fid=9f96dd988,https://www.gundamplanet.com/cdn/shop/files/mg-gat-x303-aegis-gundam-00_1.jpg?v=1737661851&width=533
gundam,model_kit,Gundam Planet,retailer,us,Gundam Universe - Mighty Strike Freedom Gundam,35.95,,,USD,New,https://www.gundamplanet.com/products/gundam-universe-mighty-strike-freedom-gundam?_pos=132&_sid=6313efb8d&_ss=r&_fid=9f96dd988,https://www.gundamplanet.com/cdn/shop/files/gundam-universe-mighty-strike-freedom-gundam_1.jpg?v=1765078177&width=533
gundam,model_kit,Gundam Planet,retailer,us,MG RX-178 Gundam Mk-II AEUG Ver 2.0,54.95,,,USD,New,https://www.gundamplanet.com/products/mg-rx-178-gundam-mk-ii-aeug-ver-2-0?_pos=133&_sid=6313efb8d&_ss=r&_fid=9f96dd988,https://www.gundamplanet.com/cdn/shop/files/mg-rx-178-gundam-mk-ii-aeug-ver-2-0-00.jpg?v=1737659276&width=533
gundam,model_kit,Gundam Planet,retailer,us,HGCE ZGMF-X19A Infinite Justice Gundam,28.95,,,USD,New,https://www.gundamplanet.com/products/hgce-zgmf-x19a-infinite-justice-gundam?_pos=134&_sid=6313efb8d&_ss=r&_fid=9f96dd988,https://www.gundamplanet.com/cdn/shop/files/hgce-zgmf-x19a-infinite-justice-gundam-gp.jpg?v=1737680659&width=533
gundam,model_kit,Gundam Planet,retailer,us,HGCE STTS-808 Immortal Justice Gundam,26.95,,,USD,New,https://www.gundamplanet.com/products/hgce-stts-808-immortal-justice-gundam?_pos=135&_sid=6313efb8d&_ss=r&_fid=9f96dd988,https://www.gundamplanet.com/cdn/shop/files/hg-immortal-justice-gundam-gp.jpg?v=1737728203&width=533
gundam,model_kit,Gundam Planet,retailer,us,HGAW NRX-0015 Gundam Ashtaron,43.95,,,USD,New,https://www.gundamplanet.com/products/hgaw-nrx-0015-gundam-ashtaron?_pos=136&_sid=6313efb8d&_ss=r&_fid=9f96dd988,https://www.gundamplanet.com/cdn/shop/files/hgaw-test-gundam-ashtaron-base.jpg?v=1780078170&width=533
gundam,model_kit,Gundam Planet,retailer,us,HGUC RX-9/A Narrative Gundam A-Packs,72.95,,,USD,New,https://www.gundamplanet.com/products/hguc-rx-9-a-narrative-gundam-a-packs?_pos=137&_sid=6313efb8d&_ss=r&_fid=9f96dd988,https://www.gundamplanet.com/cdn/shop/files/hguc-rx-9-a-narrative-gundam-a-packs-00.jpg?v=1737673566&width=533
gundam,model_kit,Gundam Planet,retailer,us,HGUC MSZ-006 Zeta Gundam Revive,24.95,,,USD,New,https://www.gundamplanet.com/products/hguc-msz-006-zeta-gundam-revive?_pos=138&_sid=6313efb8d&_ss=r&_fid=9f96dd988,https://www.gundamplanet.com/cdn/shop/files/hguc-msz-006-zeta-gundam-revive-00_1.jpg?v=1737665427&width=533
gundam,model_kit,Gundam Planet,retailer,us,MG RX-78GP02A Gundam GP02A Physalis,56.95,,,USD,New,https://www.gundamplanet.com/products/mg-rx-78gp02a-gundam-gp02a-physalis?_pos=139&_sid=6313efb8d&_ss=r&_fid=9f96dd988,https://www.gundamplanet.com/cdn/shop/files/mg-rx-78gp02a-gundam-physalis-00.jpg?v=1737659108&width=533
gundam,model_kit,Gundam Planet,retailer,us,HGBF Gundam Amazing Exia,24.95,,,USD,New,https://www.gundamplanet.com/products/hgbf-gundam-amazing-exia?_pos=140&_sid=6313efb8d&_ss=r&_fid=9f96dd988,https://www.gundamplanet.com/cdn/shop/files/hgbf-gundam-amazing-exia-00.jpg?v=1737663023&width=533
gundam,model_kit,Gundam Planet,retailer,us,RG GAT-X105 Aile Strike Gundam,34.95,,,USD,New,https://www.gundamplanet.com/products/rg-gat-x105-aile-strike-gundam?_pos=141&_sid=6313efb8d&_ss=r&_fid=9f96dd988,https://www.gundamplanet.com/cdn/shop/files/rg-gat-x105-aile-strike-gundam-00_1.jpg?v=1737660855&width=533
gundam,model_kit,Gundam Planet,retailer,us,MG RX-0 Unicorn Gundam 02 Banshee,62.95,,,USD,New,https://www.gundamplanet.com/products/mg-rx-0-unicorn-gundam-02-banshee?_pos=142&_sid=6313efb8d&_ss=r&_fid=9f96dd988,https://www.gundamplanet.com/cdn/shop/files/mg-rx-0-unicorn-gundam-02-banshee-00.jpg?v=1737661547&width=533
gundam,model_kit,Gundam Planet,retailer,us,1/144 Machine Build Budd-Carrier (Mobile Fighter G Gundam),129.95,,,USD,New,https://www.gundamplanet.com/products/1-144-machine-build-budd-carrier-mobile-fighter-g-gundam?_pos=143&_sid=6313efb8d&_ss=r&_fid=9f96dd988,https://www.gundamplanet.com/cdn/shop/files/1-144-machine-build-budd-carrier-gp2.jpg?v=1737752464&width=533
gundam,model_kit,Gundam Planet,retailer,us,HGAW GX-9900 Gundam X,24.95,,,USD,New,https://www.gundamplanet.com/products/hgaw-gx-9900-gundam-x?_pos=144&_sid=6313efb8d&_ss=r&_fid=9f96dd988,https://www.gundamplanet.com/cdn/shop/files/hgaw-gx-9900-gundam-x-base.jpg?v=1785789609&width=533
gundam,model_kit,Gundam Planet,retailer,us,HGBD:R Core Gundam II (Titans Color),14.95,,,USD,New,https://www.gundamplanet.com/products/hgbd-r-core-gundam-ii-titans-color?_pos=145&_sid=6313efb8d&_ss=r&_fid=9f96dd988,https://www.gundamplanet.com/cdn/shop/files/hgbd-r-core-gundam-ii-titans-color-gp.jpg?v=1737685125&width=533
gundam,model_kit,Gundam Planet,retailer,us,RE/100 RX-78 GP04G Gundam Gerbera,50.95,,,USD,New,https://www.gundamplanet.com/products/re-1-100-rx-78-gp04g-gundam-gerbera?_pos=146&_sid=6313efb8d&_ss=r&_fid=9f96dd988,https://www.gundamplanet.com/cdn/shop/files/re-1-100-rx-78-gp04g-gundam-gerbera-base2.jpg?v=1787778698&width=533
gundam,model_kit,Gundam Planet,retailer,us,1/100 ZGMF-X24S Chaos Gundam,28.95,,,USD,New,https://www.gundamplanet.com/products/1-100-zgmf-x24s-chaos-gundam?_pos=147&_sid=6313efb8d&_ss=r&_fid=9f96dd988,https://www.gundamplanet.com/cdn/shop/files/1-100-zgmf-x24s-chaos-gundam-00_1.jpg?v=1737661142&width=533
gundam,model_kit,Gundam Planet,retailer,us,PG GAT-X105+AQM/E-YM1 Perfect Strike Gundam,298.95,,,USD,New,https://www.gundamplanet.com/products/pg-gat-x105-aqm-e-ym1-perfect-strike-gundam?_pos=148&_sid=6313efb8d&_ss=r&_fid=9f96dd988,https://www.gundamplanet.com/cdn/shop/files/pg-perfect-strike-gundam-gp.jpg?v=1737679378&width=533
gundam,model_kit,Gundam Planet,retailer,us,HGCE ZGMF-X56S/α Force Impulse Gundam,24.95,,,USD,New,https://www.gundamplanet.com/products/hgce-zgmf-x56s-a-force-impulse-gundam?_pos=149&_sid=6313efb8d&_ss=r&_fid=9f96dd988,https://www.gundamplanet.com/cdn/shop/files/hgce-zgmf-x56s-force-impulse-gundam-revive-00.jpg?v=1737664659&width=533
gundam,model_kit,Gundam Planet,retailer,us,HGFC GF13-001NHII Master Gundam & Fuun Saiki,36.95,,,USD,New,https://www.gundamplanet.com/products/hgfc-gf13-001nhii-master-gundam-fuun-saiki?_pos=150&_sid=6313efb8d&_ss=r&_fid=9f96dd988,https://www.gundamplanet.com/cdn/shop/files/hgfc-gf13-001nhii-master-gundam-fuun-saiki-00.jpg?v=1737661155&width=533
gundam,model_kit,Gundam Planet,retailer,us,HG00 Gundam Throne Eins,22.95,,,USD,New,https://www.gundamplanet.com/products/hg00-gundam-throne-eins?_pos=151&_sid=6313efb8d&_ss=r&_fid=9f96dd988,https://www.gundamplanet.com/cdn/shop/files/hg00-gundam-throne-eins-00.jpg?v=1737660052&width=533
gundam,model_kit,Gundam Planet,retailer,us,1/8 Gundam Guys Generation: Domon Kasshu (with gift),209.95,,,USD,New,https://www.gundamplanet.com/products/1-8-gundam-guys-generation-domon-kasshu-with-gift?_pos=152&_sid=6313efb8d&_ss=r&_fid=9f96dd988,https://www.gundamplanet.com/cdn/shop/files/1-8-gundam-guys-generation-domon-kasshu-with-gift-fr.jpg?v=1741261638&width=533
gundam,model_kit,Gundam Planet,retailer,us,HG Gundam 00 Diver Arc,32.95,,,USD,New,https://www.gundamplanet.com/products/hg-gundam-00-diver-arc?_pos=153&_sid=6313efb8d&_ss=r&_fid=9f96dd988,https://www.gundamplanet.com/cdn/shop/files/hg-gundam-00-diver-arc-gp.jpg?v=1737723208&width=533
gundam,model_kit,Gundam Planet,retailer,us,MG GAT-X105 Aile Strike Gundam Ver.RM,56.95,,,USD,New,https://www.gundamplanet.com/products/mg-gat-x105-aile-strike-gundam-ver-rm?_pos=154&_sid=6313efb8d&_ss=r&_fid=9f96dd988,https://www.gundamplanet.com/cdn/shop/files/mg-gat-x105-aile-strike-gundam-ver-rm-00.jpg?v=1737661954&width=533
gundam,model_kit,Gundam Planet,retailer,us,HGCE ZGMF/A-42S2 Destiny Gundam Spec II & Zeus Silhouette,88.95,,,USD,New,https://www.gundamplanet.com/products/hgce-zgmf-a-42s2-destiny-gundam-spec-ii-zeus-silhouette?_pos=155&_sid=6313efb8d&_ss=r&_fid=9f96dd988,https://www.gundamplanet.com/cdn/shop/files/hgce-zgmf-a-42s2-destiny-gundam-spec-ii-zeus-silhouette-gp.jpg?v=1737742518&width=533
gundam,model_kit,Gundam Planet,retailer,us,Robot Spirits RX-78GP01Fb Gundam GP01Fb Full Burnern Ver. A.N.I.M.E.,69.95,,,USD,New,https://www.gundamplanet.com/products/robot-spirits-rx-78gp01fb-gundam-gp01fb-full-burnern-ver-a-n-i-m-e?_pos=156&_sid=6313efb8d&_ss=r&_fid=9f96dd988,https://www.gundamplanet.com/cdn/shop/files/robot-spirits-rx-78gp01fb-gundam-gp01-full-burnern-ver-a-n-i-m-e-fr.jpg?v=1737684614&width=533
gundam,model_kit,Gundam Planet,retailer,us,SD Gundam EX-Standard RX-78-2 Gundam,12.95,,,USD,New,https://www.gundamplanet.com/products/sd-gundam-ex-standard-rx-78-2-gundam?_pos=157&_sid=6313efb8d&_ss=r&_fid=9f96dd988,https://www.gundamplanet.com/cdn/shop/files/sd-gundam-ex-standard-rx-78-2-gundam-00.jpg?v=1737663884&width=533
gundam,model_kit,Gundam Planet,retailer,us,Gundam Universe Sazabi,39.95,,,USD,New,https://www.gundamplanet.com/products/gundam-universe-sazabi?_pos=158&_sid=6313efb8d&_ss=r&_fid=9f96dd988,https://www.gundamplanet.com/cdn/shop/files/gundam-universe-sazabi-fr.jpg?v=1737703499&width=533
gundam,model_kit,Gundam Planet,retailer,us,HG00 Gundam Kyrios,20.95,,,USD,New,https://www.gundamplanet.com/products/hg00-gundam-kyrios?_pos=159&_sid=6313efb8d&_ss=r&_fid=9f96dd988,https://www.gundamplanet.com/cdn/shop/files/hg00-gundam-kyrios-00.jpg?v=1737659993&width=533
gundam,model_kit,Gundam Planet,retailer,us,HGAW GT-9600 Gundam Leopard,30.95,,,USD,New,https://www.gundamplanet.com/products/hgaw-gt-9600-gundam-leopard?_pos=160&_sid=6313efb8d&_ss=r&_fid=9f96dd988,https://www.gundamplanet.com/cdn/shop/files/hgaw-gt-9600-gundam-leopard-base.jpg?v=1785789540&width=533
gundam,model_kit,Gundam Planet,retailer,us,MG RX-9/C Narrative Gundam C-Packs Ver.Ka,78.95,,,USD,New,https://www.gundamplanet.com/products/mg-rx-9-c-narrative-gundam-c-packs-ver-ka?_pos=161&_sid=6313efb8d&_ss=r&_fid=9f96dd988,https://www.gundamplanet.com/cdn/shop/files/mg-narrative-gundam-c-packs-ver-ka-gp.jpg?v=1737732982&width=533
gundam,model_kit,Gundam Planet,retailer,us,MG RX-178 Gundam Mk-II Titans Ver 2.0,48.95,,,USD,New,https://www.gundamplanet.com/products/mg-rx-178-gundam-mk-ii-titans-ver-2-0?_pos=162&_sid=6313efb8d&_ss=r&_fid=9f96dd988,https://www.gundamplanet.com/cdn/shop/files/mg-rx-178-gundam-mk-ii-titans-ver-2-0-00.jpg?v=1737659311&width=533
gundam,model_kit,Gundam Planet,retailer,us,HGUC MSZ-006 Zeta Gundam Revive,24.95,,,USD,New,https://www.gundamplanet.com/products/hguc-msz-006-zeta-gundam-revive?_pos=163&_sid=6313efb8d&_ss=r&_fid=9f96dd988,https://www.gundamplanet.com/cdn/shop/files/hguc-msz-006-zeta-gundam-revive-00_1.jpg?v=1737665427&width=533
gundam,model_kit,Gundam Planet,retailer,us,RG RX-79[G] Gundam Ground Type,54.95,,,USD,New,https://www.gundamplanet.com/products/rg-rx-79g-gundam-ground-type?_pos=164&_sid=6313efb8d&_ss=r&_fid=9f96dd988,https://www.gundamplanet.com/cdn/shop/files/rg-rx-79g-gundam-ground-type-00.jpg?v=1787785290&width=533
gundam,model_kit,Gundam Planet,retailer,us,HGBD:R Earthree Gundam,18.95,,,USD,New,https://www.gundamplanet.com/products/hgbd-r-earthree-gundam?_pos=165&_sid=6313efb8d&_ss=r&_fid=9f96dd988,https://www.gundamplanet.com/cdn/shop/files/hgbd-r-earthree-gundam-gp.jpg?v=1737678100&width=533
gundam,model_kit,Gundam Planet,retailer,us,1/100 ZGMF-X24S Chaos Gundam,28.95,,,USD,New,https://www.gundamplanet.com/products/1-100-zgmf-x24s-chaos-gundam?_pos=166&_sid=6313efb8d&_ss=r&_fid=9f96dd988,https://www.gundamplanet.com/cdn/shop/files/1-100-zgmf-x24s-chaos-gundam-00_1.jpg?v=1737661142&width=533
gundam,model_kit,Gundam Planet,retailer,us,[EX01] Gundam Assemble Expansion Pack 01,39.95,,,USD,New,https://www.gundamplanet.com/products/ex01-gundam-assemble-expansion-pack-01?_pos=167&_sid=6313efb8d&_ss=r&_fid=9f96dd988,https://www.gundamplanet.com/cdn/shop/files/ex01-gundam-assemble-expansion-pack-011.jpg?v=1772584821&width=533
gundam,model_kit,Gundam Planet,retailer,us,HGBF Gundam X Maoh,24.95,,,USD,New,https://www.gundamplanet.com/products/hgbf-gundam-x-maoh?_pos=168&_sid=6313efb8d&_ss=r&_fid=9f96dd988,https://www.gundamplanet.com/cdn/shop/files/hg-1-144-gundam-x-maoh-00.jpg?v=1737662366&width=533
gundam,model_kit,Gundam Planet,retailer,us,CHOGOKIN Gundam Aerial,249.95,,,USD,New,https://www.gundamplanet.com/products/chogokin-gundam-aerial?_pos=169&_sid=6313efb8d&_ss=r&_fid=9f96dd988,https://www.gundamplanet.com/cdn/shop/files/chogokin-gundam-aerial-fr2.jpg?v=1737712481&width=533
gundam,model_kit,Gundam Planet,retailer,us,Gundam Universe Unicorn Gundam Renewal (Mobile Suit Gundam Unicorn),38.95,,,USD,New,https://www.gundamplanet.com/products/gundam-universe-unicorn-gundam-renewal-mobile-suit-gundam-unicorn?_pos=170&_sid=6313efb8d&_ss=r&_fid=9f96dd988,https://www.gundamplanet.com/cdn/shop/files/gundam-universe-unicorn-gundam-renewal13.jpg?v=1737758679&width=533
gundam,model_kit,Gundam Planet,retailer,us,HGBF Gundam Amazing Exia,24.95,,,USD,New,https://www.gundamplanet.com/products/hgbf-gundam-amazing-exia?_pos=171&_sid=6313efb8d&_ss=r&_fid=9f96dd988,https://www.gundamplanet.com/cdn/shop/files/hgbf-gundam-amazing-exia-00.jpg?v=1737663023&width=533
gundam,model_kit,Gundam Planet,retailer,us,1/144 Machine Build Budd-Carrier (Mobile Fighter G Gundam),129.95,,,USD,New,https://www.gundamplanet.com/products/1-144-machine-build-budd-carrier-mobile-fighter-g-gundam?_pos=172&_sid=6313efb8d&_ss=r&_fid=9f96dd988,https://www.gundamplanet.com/cdn/shop/files/1-144-machine-build-budd-carrier-gp2.jpg?v=1737752464&width=533
gundam,model_kit,Gundam Planet,retailer,us,HG00 O Gundam Operational Mode (Type A.C.D.),18.95,,,USD,New,https://www.gundamplanet.com/products/hg00-o-gundam-operational-mode-type-a-c-d?_pos=173&_sid=6313efb8d&_ss=r&_fid=9f96dd988,https://www.gundamplanet.com/cdn/shop/files/hg00-o-gundam-operational-mode-type-a-c-d-00.jpg?v=1737660123&width=533
gundam,model_kit,Gundam Planet,retailer,us,HGUC RX-78NT-1 Gundam NT-1 Alex,22.95,,,USD,New,https://www.gundamplanet.com/products/hguc-rx-78nt-1-gundam-nt-1-alex?_pos=174&_sid=6313efb8d&_ss=r&_fid=9f96dd988,https://www.gundamplanet.com/cdn/shop/files/hguc-rx-78nt-1-gundam-nt-1-alex-gp.jpg?v=1745270454&width=533
gundam,model_kit,Gundam Planet,retailer,us,Entry Grade RX-78F00/E Gundam,16.95,,,USD,New,https://www.gundamplanet.com/products/entry-grade-rx-78f00-e-gundam?_pos=175&_sid=6313efb8d&_ss=r&_fid=9f96dd988,https://www.gundamplanet.com/cdn/shop/files/entry-grade-rx-78f00-e-gundam-base.jpg?v=1763661592&width=533
gundam,model_kit,Gundam Planet,retailer,us,Gundam Artifact PRO Full Armor Gundam,80.95,,,USD,New,https://www.gundamplanet.com/products/gundam-artifact-pro-full-armor-gundam?_pos=176&_sid=6313efb8d&_ss=r&_fid=9f96dd988,https://www.gundamplanet.com/cdn/shop/files/gundam-artifact-pro-full-armor-gundam.jpg?v=1779486157&width=533
gundam,model_kit,Gundam Planet,retailer,us,MG MBF-P03D Gundam Astray Blue Frame D,58.95,,,USD,New,https://www.gundamplanet.com/products/mg-mbf-p03d-gundam-astray-blue-frame-d?_pos=177&_sid=6313efb8d&_ss=r&_fid=9f96dd988,https://www.gundamplanet.com/cdn/shop/files/mg-gundam-astray-blue-frame-d-00.jpg?v=1737663198&width=533
gundam,model_kit,Gundam Planet,retailer,us,Metal Robot Spirits Nu Gundam,180.95,,,USD,New,https://www.gundamplanet.com/products/metal-robot-spirits-nu-gundam?_pos=178&_sid=6313efb8d&_ss=r&_fid=9f96dd988,https://www.gundamplanet.com/cdn/shop/files/metal-robot-spirits-v-gundam-base.jpg?v=1754349778&width=533
gundam,model_kit,Gundam Planet,retailer,us,HGAC XXXG-01H2 Gundam Heavyarms Custom,24.95,,,USD,New,https://www.gundamplanet.com/products/hgac-xxxg-01h2-gundam-heavyarms-custom?_pos=179&_sid=6313efb8d&_ss=r&_fid=9f96dd988,https://www.gundamplanet.com/cdn/shop/files/hgac-xxxg-01h2-gundam-heavyarms-custom-gp.jpg?v=1741725257&width=533
gundam,model_kit,Gundam Planet,retailer,us,MG RX-78GP01 Gundam GP01 Zephyranthes,36.95,,,USD,New,https://www.gundamplanet.com/products/mg-rx-78gp01-gundam-gp01-zephyranthes?_pos=180&_sid=6313efb8d&_ss=r&_fid=9f96dd988,https://www.gundamplanet.com/cdn/shop/files/mg-rx-78gp01-gundam-gp01-zephyrathes-gp.jpg?v=1737659029&width=533
gundam,model_kit,Gundam Planet,retailer,us,Robot Spirits Sword Impulse Gundam Spec II,180.95,,,USD,New,https://www.gundamplanet.com/products/robot-spirits-sword-impulse-gundam-spec-ii?_pos=181&_sid=6313efb8d&_ss=r&_fid=9f96dd988,https://www.gundamplanet.com/cdn/shop/files/robot-spirits-sword-impulse-gundam-spec-ii-base.jpg?v=1763603749&width=533
gundam,model_kit,Gundam Planet,retailer,us,HGCE ZGMF-X56S/α Force Impulse Gundam,24.95,,,USD,New,https://www.gundamplanet.com/products/hgce-zgmf-x56s-a-force-impulse-gundam?_pos=182&_sid=6313efb8d&_ss=r&_fid=9f96dd988,https://www.gundamplanet.com/cdn/shop/files/hgce-zgmf-x56s-force-impulse-gundam-revive-00.jpg?v=1737664659&width=533
gundam,model_kit,Gundam Planet,retailer,us,HG00 Raphael Gundam,26.95,,,USD,New,https://www.gundamplanet.com/products/hg00-raphael-gundam?_pos=183&_sid=6313efb8d&_ss=r&_fid=9f96dd988,https://www.gundamplanet.com/cdn/shop/files/hg00-raphael-gundam-00_1.jpg?v=1737660391&width=533
gundam,model_kit,Gundam Planet,retailer,us,HGCE ZGMF-X191M2 Infinite Justice Gundam Type II,32.95,,,USD,New,https://www.gundamplanet.com/products/hgce-zgmf-x191m2-infinite-justice-gundam-type-ii?_pos=184&_sid=6313efb8d&_ss=r&_fid=9f96dd988,https://www.gundamplanet.com/cdn/shop/files/hgce-zgmf-x191m2-infinite-justice-gundam-type-ii-gp.jpg?v=1737734542&width=533
gundam,model_kit,Gundam Planet,retailer,us,HGCE GAT-X105 Aile Strike Gundam,18.95,,,USD,New,https://www.gundamplanet.com/products/hgce-gat-x105-aile-strike-gundam?_pos=185&_sid=6313efb8d&_ss=r&_fid=9f96dd988,https://www.gundamplanet.com/cdn/shop/files/hgce-gat-x105-aile-strike-gundam-00.jpg?v=1737662295&width=533
gundam,model_kit,Gundam Planet,retailer,us,HGUC MSA-0011[Ext] Ex-S Gundam,32.95,,,USD,New,https://www.gundamplanet.com/products/hguc-msa-0011-ext-ex-s-gundam?_pos=186&_sid=6313efb8d&_ss=r&_fid=9f96dd988,https://www.gundamplanet.com/cdn/shop/files/hguc-msa-0011-ext-ex-s-gundam-00.jpg?v=1781306701&width=533
gundam,model_kit,Gundam Planet,retailer,us,MG GX-9901 Gundam Double X,62.95,,,USD,New,https://www.gundamplanet.com/products/mg-gx-9901-gundam-double-x?_pos=187&_sid=6313efb8d&_ss=r&_fid=9f96dd988,https://www.gundamplanet.com/cdn/shop/files/mg-gx-9901-gundam-double-x-base.jpg?v=1785790384&width=533
gundam,model_kit,Gundam Planet,retailer,us,HGUC RX-9/A Narrative Gundam A-Packs,72.95,,,USD,New,https://www.gundamplanet.com/products/hguc-rx-9-a-narrative-gundam-a-packs?_pos=188&_sid=6313efb8d&_ss=r&_fid=9f96dd988,https://www.gundamplanet.com/cdn/shop/files/hguc-rx-9-a-narrative-gundam-a-packs-00.jpg?v=1737673566&width=533
gundam,model_kit,Gundam Planet,retailer,us,HGUC RX-78AN-01 Gundam AN-01 Tristan,20.95,,,USD,New,https://www.gundamplanet.com/products/hguc-rx-78an-01-gundam-an-01-tristan?_pos=189&_sid=6313efb8d&_ss=r&_fid=9f96dd988,https://www.gundamplanet.com/cdn/shop/files/hguc-rx-78an-01-gundam-an-01-tristan-00_1.jpg?v=1737669274&width=533
gundam,model_kit,Gundam Planet,retailer,us,HGAC XXXG-01S2 Altron Gundam,28.95,,,USD,New,https://www.gundamplanet.com/products/hgac-xxxg-01s2-altron-gundam?_pos=190&_sid=6313efb8d&_ss=r&_fid=9f96dd988,https://www.gundamplanet.com/cdn/shop/files/hgac-xxxg-01s2-altron-gundam-gp2.jpg?v=1741724547&width=533
gundam,model_kit,Gundam Planet,retailer,us,FG RX-78-2 Gundam,10.0,,,USD,New,https://www.gundamplanet.com/products/fg-rx-78-2-gundam?_pos=191&_sid=6313efb8d&_ss=r&_fid=9f96dd988,https://www.gundamplanet.com/cdn/shop/files/fg-rx-78-2-gundam-01.jpg?v=1737661420&width=533
gundam,model_kit,Gundam Planet,retailer,us,SD Gundam EX-Standard Wing Gundam Zero,12.95,,,USD,New,https://www.gundamplanet.com/products/sd-gundam-ex-standard-wing-gundam-zero?_pos=192&_sid=6313efb8d&_ss=r&_fid=9f96dd988,https://www.gundamplanet.com/cdn/shop/files/sd-gundam-ex-standard-wing-gundam-zero-gp.jpg?v=1737691851&width=533
gundam,model_kit,Gundam Planet,retailer,us,1/8 Gundam Guys Generation Char Aznable (Char's Counterattack),269.95,,,USD,New,https://www.gundamplanet.com/products/1-8-gundam-guys-generation-general-char-aznable?_pos=193&_sid=6313efb8d&_ss=r&_fid=9f96dd988,https://www.gundamplanet.com/cdn/shop/files/1-8-gundam-guys-generation-general-char-aznable2.jpg?v=1749252622&width=533
gundam,model_kit,Gundam Planet,retailer,us,Gundam Artifact Phase 6: 030 Sazabi,12.95,,,USD,New,https://www.gundamplanet.com/products/gundam-artifact-phase-6-030-sazabi?_pos=194&_sid=6313efb8d&_ss=r&_fid=9f96dd988,https://www.gundamplanet.com/cdn/shop/files/shokugan-gundam-artifact-6-box-of-104.jpg?v=1758327049&width=533
gundam,model_kit,Gundam Planet,retailer,us,PG GAT-X105+AQM/E-YM1 Perfect Strike Gundam,298.95,,,USD,New,https://www.gundamplanet.com/products/pg-gat-x105-aqm-e-ym1-perfect-strike-gundam?_pos=195&_sid=6313efb8d&_ss=r&_fid=9f96dd988,https://www.gundamplanet.com/cdn/shop/files/pg-perfect-strike-gundam-gp.jpg?v=1737679378&width=533
gundam,model_kit,Gundam Planet,retailer,us,HGUC RX-78GP02 Gundam GP02 Type MLRS,30.95,,,USD,New,https://www.gundamplanet.com/products/hguc-rx-78gp02-gundam-gp02-type-mlrs?_pos=196&_sid=6313efb8d&_ss=r&_fid=9f96dd988,https://www.gundamplanet.com/cdn/shop/files/hguc-rx-78gp02-gundam-gp02-type-mlrs-00.jpg?v=1781201074&width=533
gundam,model_kit,Gundam Planet,retailer,us,MGSD Gundam Barbatos,54.95,,,USD,New,https://www.gundamplanet.com/products/mgsd-gundam-barbatos?_pos=197&_sid=6313efb8d&_ss=r&_fid=9f96dd988,https://www.gundamplanet.com/cdn/shop/files/mgsd-gundam-barbatos-gp.jpg?v=1737724361&width=533
gundam,model_kit,Gundam Planet,retailer,us,HGAG Gundam Legilis,20.95,,,USD,New,https://www.gundamplanet.com/products/hgag-gundam-legilis?_pos=198&_sid=6313efb8d&_ss=r&_fid=9f96dd988,https://www.gundamplanet.com/cdn/shop/files/hgag-gundam-legilis-00.jpg?v=1737661874&width=533
gundam,model_kit,Gundam Planet,retailer,us,HG R10 Raider Gundam,20.95,,,USD,New,https://www.gundamplanet.com/products/hg-r10-raider-gundam?_pos=199&_sid=6313efb8d&_ss=r&_fid=9f96dd988,https://www.gundamplanet.com/cdn/shop/files/hg-r10-raider-gundam-00.jpg?v=1737661417&width=533
gundam,model_kit,Gundam Planet,retailer,us,HGUC MSN-001 Delta Gundam,52.95,,,USD,New,https://www.gundamplanet.com/products/hguc-msn-001-delta-gundam?_pos=200&_sid=6313efb8d&_ss=r&_fid=9f96dd988,https://www.gundamplanet.com/cdn/shop/files/hguc-msn-001-delta-gundam-base.jpg?v=1754699521&width=533
gundam,model_kit,Gundam Planet,retailer,us,HGUC MSA-0011 S Gundam,24.95,,,USD,New,https://www.gundamplanet.com/products/hguc-msa-0011-s-gundam?_pos=201&_sid=6313efb8d&_ss=r&_fid=9f96dd988,https://www.gundamplanet.com/cdn/shop/files/hguc-msa-0011-s-gundam-00.jpg?v=1781305415&width=533
gundam,model_kit,Gundam Planet,retailer,us,MG RX-0 Unicorn Gundam 02 Banshee,62.95,,,USD,New,https://www.gundamplanet.com/products/mg-rx-0-unicorn-gundam-02-banshee?_pos=202&_sid=6313efb8d&_ss=r&_fid=9f96dd988,https://www.gundamplanet.com/cdn/shop/files/mg-rx-0-unicorn-gundam-02-banshee-00.jpg?v=1737661547&width=533
gundam,model_kit,Gundam Planet,retailer,us,HG RX-78-02 White Gundam,26.95,,,USD,New,https://www.gundamplanet.com/products/hg-rx-78-02-white-gundam?_pos=203&_sid=6313efb8d&_ss=r&_fid=9f96dd988,https://www.gundamplanet.com/cdn/shop/files/hg-rx-78-02-white-gundam-base_859b37e0-e443-4052-bd81-fa2dbee0d190.jpg?v=1764626591&width=533
gundam,model_kit,Gundam Planet,retailer,us,G.M.G.Mobile Suit Gundam Earth Federation Force 04,69.95,,,USD,New,https://www.gundamplanet.com/products/g-m-g-mobile-suit-gundam-earth-federation-force-04?_pos=204&_sid=6313efb8d&_ss=r&_fid=9f96dd988,https://www.gundamplanet.com/cdn/shop/files/g-m-g-mobile-suit-gundam-earth-federation-force-04-01.jpg?v=1737698120&width=533
gundam,model_kit,Gundam Planet,retailer,us,Metal Robot Spirits Immortal Justice Gundam,180.95,,,USD,New,https://www.gundamplanet.com/products/metal-robot-spirits-immortal-justice-gundam?_pos=205&_sid=6313efb8d&_ss=r&_fid=9f96dd988,https://www.gundamplanet.com/cdn/shop/files/metal-robot-spirits-immortal-justice-gundam-fr.jpg?v=1737729384&width=533
gundam,model_kit,Gundam Planet,retailer,us,RG ZGMF-X20A Strike Freedom Gundam,44.95,,,USD,New,https://www.gundamplanet.com/products/rg-zgmf-x20a-strike-freedom-gundam?_pos=206&_sid=6313efb8d&_ss=r&_fid=9f96dd988,https://www.gundamplanet.com/cdn/shop/files/rg-zgmf-x20a-strike-freedom-gundam-00.jpg?v=1737662394&width=533
gundam,other,Gundam Planet,retailer,us,GMA01 Gundam Marker Airbrush System,45.0,,,USD,New,https://www.gundamplanet.com/products/gma01-gundam-marker-airbrush-system?_pos=207&_sid=6313efb8d&_ss=r&_fid=9f96dd988,https://www.gundamplanet.com/cdn/shop/files/gma01-gundam-marker-airbrush-system-00.jpg?v=1737670680&width=533
gundam,model_kit,Gundam Planet,retailer,us,SD Gundam EX-Standard Nu Gundam,12.95,,,USD,New,https://www.gundamplanet.com/products/sd-gundam-ex-standard-nu-gundam?_pos=208&_sid=6313efb8d&_ss=r&_fid=9f96dd988,https://www.gundamplanet.com/cdn/shop/files/sdex-nu-gundam-gp.jpg?v=1737683292&width=533
gundam,model_kit,Gundam Planet,retailer,us,RG RX-0(N) Unicorn Gundam 02 Banshee Norn,54.95,,,USD,New,https://www.gundamplanet.com/products/rg-rx-0-n-unicorn-gundam-02-banshee-norn?_pos=209&_sid=6313efb8d&_ss=r&_fid=9f96dd988,https://www.gundamplanet.com/cdn/shop/files/rg-unicorn-gundam-02-banshee-norn-gp.jpg?v=1737670961&width=533
gundam,model_kit,Gundam Planet,retailer,us,HGUC LM312V04 Victory Gundam,16.95,,,USD,New,https://www.gundamplanet.com/products/hguc-lm312v04-victory-gundam?_pos=211&_sid=6313efb8d&_ss=r&_fid=9f96dd988,https://www.gundamplanet.com/cdn/shop/files/hguc-lm312v04-victory-gundam-00.jpg?v=1737662341&width=533
gundam,model_kit,Gundam Planet,retailer,us,1/8 Gundam Guys Generation Amuro Ray [Limited Repeat Ver.],240.95,,,USD,New,https://www.gundamplanet.com/products/1-8-gundam-guys-generation-amuro-ray-limited-repeat-ver?_pos=212&_sid=6313efb8d&_ss=r&_fid=9f96dd988,https://www.gundamplanet.com/cdn/shop/files/1-8-gundam-guys-generation-amuro-ray-limited-repeat-ver1.jpg?v=1751674500&width=533
gundam,model_kit,Gundam Planet,retailer,us,HGBF Kamiki Burning Gundam,24.95,,,USD,New,https://www.gundamplanet.com/products/hgbf-kamiki-burning-gundam?_pos=213&_sid=6313efb8d&_ss=r&_fid=9f96dd988,https://www.gundamplanet.com/cdn/shop/files/hgbf-kamiki-burning-gundam-base1.jpg?v=1748534857&width=533
gundam,model_kit,Gundam Planet,retailer,us,MG XXXG-01W Wing Gundam Ver.Ka,42.95,,,USD,New,https://www.gundamplanet.com/products/mg-xxxg-01w-wing-gundam-ver-ka?_pos=214&_sid=6313efb8d&_ss=r&_fid=9f96dd988,https://www.gundamplanet.com/cdn/shop/files/mg-xxxg-01w-wing-gundam-ver-ka-00.jpg?v=1737659227&width=533
gundam,model_kit,Gundam Planet,retailer,us,MG XM-X1 Crossbone Gundam X1 Ver.Ka,44.95,,,USD,New,https://www.gundamplanet.com/products/mg-xm-x1-crossbone-gundam-x1-ver-ka?_pos=215&_sid=6313efb8d&_ss=r&_fid=9f96dd988,https://www.gundamplanet.com/cdn/shop/files/mg-xm-x1-crossbone-gundam-x1-ver-ka-00.jpg?v=1737659377&width=533
gundam,model_kit,Gundam Planet,retailer,us,HG00 Seraphim Gundam,12.95,,,USD,New,https://www.gundamplanet.com/products/hg00-seraphim-gundam?_pos=216&_sid=6313efb8d&_ss=r&_fid=9f96dd988,https://www.gundamplanet.com/cdn/shop/files/hg00-seraphim-gundam-01.jpg?v=1737660164&width=533
gundam,model_kit,Gundam Planet,retailer,us,[DX03] Gundam Assemble Deluxe Set 03,162.95,,,USD,New,https://www.gundamplanet.com/products/dx03-gundam-assemble-deluxe-set-03?_pos=217&_sid=6313efb8d&_ss=r&_fid=9f96dd988,https://www.gundamplanet.com/cdn/shop/files/dx03-gundam-assemble-deluxe-set-03-gp.jpg?v=1784315437&width=533
gundam,model_kit,Gundam Planet,retailer,us,HGBF Crossbone Gundam Maoh,24.95,,,USD,New,https://www.gundamplanet.com/products/hgbf-crossbone-gundam-maoh?_pos=218&_sid=6313efb8d&_ss=r&_fid=9f96dd988,https://www.gundamplanet.com/cdn/shop/files/hgbf-crossbone-gundam-maoh-00.jpg?v=1737662512&width=533
gundam,model_kit,Gundam Planet,retailer,us,Robot Spirits GAT-X303 Aegis Gundam Ver. A.N.I.M.E.,99.95,,,USD,New,https://www.gundamplanet.com/products/robot-spirits-gat-x303-aegis-gundam-ver-a-n-i-m-e?_pos=219&_sid=6313efb8d&_ss=r&_fid=9f96dd988,https://www.gundamplanet.com/cdn/shop/files/robot-spirits-gat-x303-aegis-gundam-ver-a-n-i-m-e12.jpg?v=1737731574&width=533
gundam,model_kit,Gundam Planet,retailer,us,SDBF Star Winning Gundam,18.95,,,USD,New,https://www.gundamplanet.com/products/sdbf-star-winning-gundam?_pos=220&_sid=6313efb8d&_ss=r&_fid=9f96dd988,https://www.gundamplanet.com/cdn/shop/files/sdbf-star-winning-gundam-00.jpg?v=1737663702&width=533
gundam,model_kit,Gundam Planet,retailer,us,Robot Spirits MS-09R-2 Rick Dom Zwei Ver. A.N.I.M.E.,84.95,,,USD,New,https://www.gundamplanet.com/products/robot-spirits-ms-09r-2-rick-dom-zwei-ver-a-n-i-m-e?_pos=221&_sid=6313efb8d&_ss=r&_fid=9f96dd988,https://www.gundamplanet.com/cdn/shop/files/robot-spirits-rick-dom-zwei-ver-anime-fr2.jpg?v=1737693721&width=533
gundam,model_kit,Gundam Planet,retailer,us,MG XXXG-01S Shenlong Gundam EW Ver.,44.95,,,USD,New,https://www.gundamplanet.com/products/mg-xxxg-01s-shenlong-gundam-ew-ver?_pos=222&_sid=6313efb8d&_ss=r&_fid=9f96dd988,https://www.gundamplanet.com/cdn/shop/files/mg-xxxg-01s-shenlong-gundam-ew-ver-00_1.jpg?v=1737660797&width=533
gundam,model_kit,Gundam Planet,retailer,us,HGCE ZGMF/A-262PD-P Mighty Strike Freedom Gundam,32.95,,,USD,New,https://www.gundamplanet.com/products/hgce-zgmf-a-262pd-p-mighty-strike-freedom-gundam?_pos=223&_sid=6313efb8d&_ss=r&_fid=9f96dd988,https://www.gundamplanet.com/cdn/shop/files/hgce-zgmf-a-262pd-p-mighty-strike-freedom-gundam-gp.jpg?v=1737734522&width=533
gundam,model_kit,Gundam Planet,retailer,us,SD Gundam EX-Standard Gundam Deathscythe Hell Custom,12.95,,,USD,New,https://www.gundamplanet.com/products/sd-gundam-ex-standard-gundam-deathscythe-hell-custom?_pos=224&_sid=6313efb8d&_ss=r&_fid=9f96dd988,https://www.gundamplanet.com/cdn/shop/files/sd-gundam-ex-standard-gundam-deathscythe-hell-custom-00.jpg?v=1737665133&width=533
gundam,model_kit,Gundam Planet,retailer,us,HG MBF-P02 Gundam Astray Red Frame Flight Unit,24.95,,,USD,New,https://www.gundamplanet.com/products/hg-mbf-p02-gundam-astray-red-frame-flight-unit?_pos=225&_sid=6313efb8d&_ss=r&_fid=9f96dd988,https://www.gundamplanet.com/cdn/shop/files/hg-mbf-p02-gundam-astray-red-frame-flight-unit-00.jpg?v=1737662289&width=533
gundam,model_kit,HLJ.com,retailer,,Gundam Cross Freedom Gundam & Kira Yamato,23.34,,,USD,New,https://www.hlj.com/gundam-cross-freedom-gundam-kira-yamato-bant017557,https://www.hlj.com/productthumbs/ban/bant017557_0_1787197810.jpg?v=1787197810
gundam,model_kit,HLJ.com,retailer,,Gundam Cross Wing Gundam & Heero Yuy,23.34,,,USD,New,https://www.hlj.com/gundam-cross-wing-gundam-heero-yuy-bant017564,https://www.hlj.com/productthumbs/ban/bant017564_0_1787197815.jpg?v=1787197815
gundam,model_kit,HLJ.com,retailer,,Gundam Miximize ZGMF-X10A Freedom Gundam,21.01,,,USD,New,https://www.hlj.com/gundam-miximize-zgmf-x10a-freedom-gundam-bant908002,https://www.hlj.com/productthumbs/ban/bant908002_0_1787198432.jpg?v=1787198432
gundam,model_kit,HLJ.com,retailer,,Gundam Miximize RX-78-2 Gundam,19.45,,,USD,New,https://www.hlj.com/gundam-miximize-rx-78-2-gundam-bant908019,https://www.hlj.com/productthumbs/ban/bant908019_0_1787198434.jpg?v=1787198434
gundam,model_kit,HLJ.com,retailer,,1/144 Gundam Decal No.153 RG Wing Gundam,5.45,,,USD,New,https://www.hlj.com/1-144-scale-gundam-decal-no-153-rg-wing-gundam-banh847334,https://www.hlj.com/productthumbs/ban/banh847334_0_1787710824.jpg?v=1787710824
gundam,model_kit,HLJ.com,retailer,,Gundam Decal No.150 MGSD Freedom Gundam,5.45,,,USD,New,https://www.hlj.com/gundam-decal-no-150-mgsd-freedom-gundam-banh847211,https://www.hlj.com/productthumbs/ban/banh847211_0_1787710874.jpg?v=1787710874
gundam,model_kit,HLJ.com,retailer,,1/100 Gundam Decal No.155 MG Gundam Barbatos,5.45,,,USD,New,https://www.hlj.com/1-100-scale-gundam-decal-no-155-mg-gundam-barbatos-banh847358,https://www.hlj.com/productthumbs/ban/banh847358_0_1787711474.jpg?v=1787711474
gundam,model_kit,HLJ.com,retailer,,1/144 Gundam Decal No.145 RG Force Impulse Gundam SpecII,5.45,,,USD,New,https://www.hlj.com/1-144-scale-gundam-decal-no-145-rg-force-impulse-gundam-specii-banh847143,https://www.hlj.com/productthumbs/ban/banh847143_0_1787710223.jpg?v=1787710223
gundam,model_kit,HLJ.com,retailer,,1/144 Gundam Decal No.146 RG Akatsuki Gundam Oowashi Unit,5.45,,,USD,New,https://www.hlj.com/1-144-scale-gundam-decal-no-146-rg-akatsuki-gundam-oowashi-unit-banh847150,https://www.hlj.com/productthumbs/ban/banh847150_0_1787710206.jpg?v=1787710206
gundam,model_kit,HLJ.com,retailer,,Mobile Suit Gundam: Noodle Spoon Mobile Suit Gundam / Zeon Forces,9.34,,,USD,New,https://www.hlj.com/mobile-suit-gundam-noodle-spoon-mobile-suit-gundam-zeon-forces-cspr15635-4,https://www.hlj.com/productthumbs/csp/cspr15635-4_0_1758180147.jpg?v=1758180147
gundam,model_kit,HLJ.com,retailer,,Gundam Superior Define No.01: 1Box (10pcs),38.91,,,USD,New,https://www.hlj.com/gundam-superior-define-no-01-1box-10pcs-banf917806,https://www.hlj.com/productthumbs/ban/banf917806_0_1742371807.jpg?v=1742371807
gundam,model_kit,HLJ.com,retailer,,1/144 Gundam Decal No.144 Mobile Suit Z Gundam Multiuse 1,10.12,,,USD,New,https://www.hlj.com/1-144-scale-gundam-decal-no-144-mobile-suit-z-gundam-multiuse-1-banh847136,https://www.hlj.com/productthumbs/ban/banh847136_0_1787710210.jpg?v=1787710210
gundam,model_kit,HLJ.com,retailer,,Gundam Miximize MS-06S Char's Zaku,19.45,,,USD,New,https://www.hlj.com/gundam-miximize-ms-06s-char-s-zaku-bant017540,https://www.hlj.com/productthumbs/ban/bant017540_0_1787197807.jpg?v=1787197807
gundam,model_kit,HLJ.com,retailer,,1/144 Gundam Decal No.152 After War Gundam X Multiuse 1,10.12,,,USD,New,https://www.hlj.com/1-144-scale-gundam-decal-no-152-after-war-gundam-x-multiuse-1-banh847327,https://www.hlj.com/productthumbs/ban/banh847327_0_1787710868.jpg?v=1787710868
gundam,model_kit,HLJ.com,retailer,,1/144 Gundam Decal No.151 Mobile Suit Gundam MS IGLOO Multiuse 1,10.12,,,USD,New,https://www.hlj.com/1-144-scale-gundam-decal-no-151-mobile-suit-gundam-ms-igloo-multiuse-1-banh847228,https://www.hlj.com/productthumbs/ban/banh847228_0_1787710864.jpg?v=1787710864
gundam,model_kit,HLJ.com,retailer,,1/144 Gundam Decal No.154 Mobile Suit Gundam MS IGLOO Multiuse 2,10.12,,,USD,New,https://www.hlj.com/1-144-scale-gundam-decal-no-154-mobile-suit-gundam-ms-igloo-multiuse-2-banh847341,https://www.hlj.com/productthumbs/ban/banh847341_0_1787710844.jpg?v=1787710844
gundam,model_kit,HLJ.com,retailer,,1/144 Gundam Decal No.147 RG RX-78-2 Gundam Ver.2.0,5.45,,,USD,New,https://www.hlj.com/1-144-scale-gundam-decal-no-147-rg-rx-78-2-gundam-ver-2-0-banh847167,https://www.hlj.com/productthumbs/ban/banh847167_0_1787710209.jpg?v=1787710209
gundam,model_kit,HLJ.com,retailer,,1/144 Gundam Decal No.149 Mobile Suit Gundam Seed Destiny Multiuse 1,10.12,,,USD,New,https://www.hlj.com/1-144-scale-gundam-decal-no-149-mobile-suit-gundam-seed-destiny-multiuse-1-banh847204,https://www.hlj.com/productthumbs/ban/banh847204_0_1787710807.jpg?v=1787710807
gundam,other,HLJ.com,retailer,,Mobile Suit V Gundam: V2 Assault Buster Gundam T-Shirt / White-L,23.34,,,USD,New,https://www.hlj.com/mobile-suit-v-gundam-v2-assault-buster-gundam-t-shirt-white-l-cspr41456,https://www.hlj.com/productthumbs/csp/cspr41456_0_1737700845.jpg?v=1737700845
gundam,other,HLJ.com,retailer,,Mobile Suit V Gundam: V2 Assault Buster Gundam T-Shirt / Indigo-M,23.34,,,USD,New,https://www.hlj.com/mobile-suit-v-gundam-v2-assault-buster-gundam-t-shirt-indigo-m-cspr41459,https://www.hlj.com/productthumbs/csp/cspr41459_0_1737700893.jpg?v=1737700893
gundam,other,HLJ.com,retailer,,Mobile Suit V Gundam: V2 Assault Buster Gundam T-Shirt / Indigo-L,23.34,,,USD,New,https://www.hlj.com/mobile-suit-v-gundam-v2-assault-buster-gundam-t-shirt-indigo-l-cspr41460,https://www.hlj.com/productthumbs/csp/cspr41460_0_1737700887.jpg?v=1737700887
gundam,other,HLJ.com,retailer,,Mobile Suit V Gundam: V2 Assault Buster Gundam T-Shirt / White-XL,23.34,,,USD,New,https://www.hlj.com/mobile-suit-v-gundam-v2-assault-buster-gundam-t-shirt-white-xl-cspr41457,https://www.hlj.com/productthumbs/csp/cspr41457_0_1737700907.jpg?v=1737700907
gundam,other,HLJ.com,retailer,,Mobile Suit Gundam: E.F.S.F. Patch,9.34,,,USD,New,https://www.hlj.com/mobile-suit-gundam-e-f-s-f-patch-cspr06379-3,https://www.hlj.com/productthumbs/csp/cspr06379-3_0_1758179593.jpg?v=1758179593
gundam,model_kit,HLJ.com,retailer,,bitlot Gundam 3 1Box 10pcs,60.69,,,USD,New,https://www.hlj.com/bitlot-gundam-3-1box-10pcs-banf934308,https://www.hlj.com/productthumbs/ban/banf934308_0_1787218807.jpg?v=1787218807
gundam,model_kit,HLJ.com,retailer,,1/144 Gundam Decal No.148 Mobile Suit Gundam: The 08th MS Team Multiuse 1,10.12,,,USD,New,https://www.hlj.com/1-144-scale-gundam-decal-no-148-mobile-suit-gundam-the-08th-ms-team-multiuse-1-banh847198,https://www.hlj.com/productthumbs/ban/banh847198_0_1787710839.jpg?v=1787710839
gundam,model_kit,HLJ.com,retailer,,Gundam Universe MS-06S Char's Zaku II Renewal,30.19,,,USD,New,https://www.hlj.com/gundam-universe-ms-06s-char-s-zaku-ii-renewal-banc721440,https://www.hlj.com/productthumbs/ban/banc721440_0_1780048217.jpg?v=1780048217
gundam,other,HLJ.com,retailer,,Mobile Suit Gundam Uc (Unicorn): Unicorn Gundam Full Graphic T-Shirt / White-L,46.69,,,USD,New,https://www.hlj.com/mobile-suit-gundam-uc-unicorn-unicorn-gundam-full-graphic-t-shirt-white-l-cspr48064-2,https://www.hlj.com/productthumbs/csp/cspr48064-2_0_1749700819.jpg?v=1749700819
gundam,other,HLJ.com,retailer,,Mobile Suit Gundam Uc (Unicorn): Unicorn Gundam Full Graphic T-Shirt / White-S,46.69,,,USD,New,https://www.hlj.com/mobile-suit-gundam-uc-unicorn-unicorn-gundam-full-graphic-t-shirt-white-s-cspr48062-2,https://www.hlj.com/media/original_images/noImage.png
gundam,other,HLJ.com,retailer,,Mobile Suit Gundam Uc (Unicorn): Unicorn Gundam Full Graphic T-Shirt / White-M,46.69,,,USD,New,https://www.hlj.com/mobile-suit-gundam-uc-unicorn-unicorn-gundam-full-graphic-t-shirt-white-m-cspr48063-2,https://www.hlj.com/productthumbs/csp/cspr48063-2_0_1749700809.jpg?v=1749700809
gundam,other,HLJ.com,retailer,,Mobile Suit Gundam Uc (Unicorn): Unicorn Gundam Full Graphic T-Shirt / White-Xl,46.69,,,USD,New,https://www.hlj.com/mobile-suit-gundam-uc-unicorn-unicorn-gundam-full-graphic-t-shirt-white-xl-cspr48065-2,https://www.hlj.com/productthumbs/csp/cspr48065-2_0_1749700808.jpg?v=1749700808
gundam,other,HLJ.com,retailer,,Mobile Suit Gundam: E.F.S.F. PVC Patch,7.78,,,USD,New,https://www.hlj.com/mobile-suit-gundam-e-f-s-f-pvc-patch-cspr11500,https://www.hlj.com/productthumbs/csp/cspr11500_0_1556174496.jpg?v=1556174496
gundam,model_kit,HLJ.com,retailer,,Mobile Suit Gundam: Zeonic Messenger Bag,32.68,,,USD,New,https://www.hlj.com/mobile-suit-gundam-zeonic-messenger-bag-cspr07192-2,https://www.hlj.com/productthumbs/csp/cspr07192-2_0_1748932811.jpg?v=1748932811
gundam,other,HLJ.com,retailer,,Mobile Suit Gundam: E.F.S.F. Removable Patch,12.45,,,USD,New,https://www.hlj.com/mobile-suit-gundam-e-f-s-f-removable-patch-cspr06380-3,https://www.hlj.com/productthumbs/csp/cspr06380-3_0_1758179570.jpg?v=1758179570
gundam,model_kit,HLJ.com,retailer,,Mobile Suit Gundam: Zeon Tactical Belt,29.57,,,USD,New,https://www.hlj.com/mobile-suit-gundam-zeon-tactical-belt-cspr21246-4,https://www.hlj.com/productthumbs/csp/cspr21246-4_0_1758180070.jpg?v=1758180070
gundam,other,HLJ.com,retailer,,Mobile Suit Gundam: Chimera Corps Patch,9.34,,,USD,New,https://www.hlj.com/mobile-suit-gundam-chimera-corps-patch-cspr28776-3,https://www.hlj.com/productthumbs/csp/cspr28776-3_0_1758179428.jpg?v=1758179428
gundam,model_kit,HLJ.com,retailer,,Mobile Suit Gundam New Translation MS Complete Collection U.C.0068-0080,32.68,,,USD,New,https://www.hlj.com/mobile-suit-gundam-new-translation-ms-complete-collection-u-c-0068-0080-kdk14754,https://www.hlj.com/media/original_images/noImage.png
gundam,model_kit,Gundam Place Store,retailer,us,PG RX-0 UNICORN Gundam,259.69,,,USD,New,https://gundamplacestore.com/products/1-60-pg-unicorn-gundam?q=gundam,https://cdn.shopify.com/s/files/1/0579/0095/7832/files/IMG-7265.webp?v=1762156857
gundam,model_kit,Gundam Place Store,retailer,us,PG Unleashed Nu Gundam,689.99,,,USD,New,https://gundamplacestore.com/products/pg-unleashed-nu-gundam?q=gundam,https://cdn.shopify.com/s/files/1/0579/0095/7832/files/74B1E2DF-3061-4A4A-B6B9-20CFF8D13700.webp?v=1770533221
gundam,model_kit,Gundam Place Store,retailer,us,PG Strike Freedom Gundam,325.99,,,USD,New,https://gundamplacestore.com/products/1-60-pg-strike-freedom-gundam?q=gundam,https://cdn.shopify.com/s/files/1/0579/0095/7832/products/img_0781.jpg?v=1650977807
gundam,model_kit,Gundam Place Store,retailer,us,RG #35 Wing Gundam,38.99,,,USD,New,https://gundamplacestore.com/products/rg-35-wing-gundam?q=gundam,https://cdn.shopify.com/s/files/1/0579/0095/7832/products/img_5994.jpg?v=1650974663
gundam,model_kit,Gundam Place Store,retailer,us,Entry Grade #15 Wing Gundam Model Kit,11.99,,,USD,New,https://gundamplacestore.com/products/copy-entry-grade-14-strike-rouge-model-kit?q=gundam,https://cdn.shopify.com/s/files/1/0579/0095/7832/files/034BCC0A-009C-41AB-965E-1E7B118913A9.webp?v=1765262389
gundam,model_kit,Gundam Place Store,retailer,us,RG #37 Burning (God) Gundam,49.99,,,USD,New,https://gundamplacestore.com/products/rg-37-god-gundam?q=gundam,https://cdn.shopify.com/s/files/1/0579/0095/7832/products/image_94b96e8b-0696-4f8e-86dd-44d579003ee1.webp?v=1661618869
gundam,model_kit,Gundam Place Store,retailer,us,MG Gundam Virtue,91.99,,,USD,New,https://gundamplacestore.com/products/mg-gundam-virtue?q=gundam,https://cdn.shopify.com/s/files/1/0579/0095/7832/products/D5FE0C71-E24C-47B3-948C-06E5863A65CD.jpg?v=1650976627
gundam,model_kit,Gundam Place Store,retailer,us,RG #30 Full Armor Unicorn Gundam,69.99,,,USD,New,https://gundamplacestore.com/products/rg-30-full-armor-unicorn-gundam?q=gundam,https://cdn.shopify.com/s/files/1/0579/0095/7832/products/8269156.jpg?v=1650976903
gundam,model_kit,Gundam Place Store,retailer,us,MG Gundam Deathscythe EW,43.99,,,USD,New,https://gundamplacestore.com/products/1-100-mg-gundam-deathscythe-ew?q=gundam,https://cdn.shopify.com/s/files/1/0579/0095/7832/products/36f81567af8ac22d1251073026b69630.jpg?v=1650977799
gundam,model_kit,Gundam Place Store,retailer,us,MGEX Strike Freedom Gundam,182.99,,,USD,New,https://gundamplacestore.com/products/mgex-strike-freedom-gundam?q=gundam,https://cdn.shopify.com/s/files/1/0579/0095/7832/products/image_1fdeda77-425a-419f-b197-458678c523dd.png?v=1671806713
gundam,model_kit,Gundam Place Store,retailer,us,RG #36 HI-NU GUNDAM [Hi-ÃÂ½ Gundam],60.99,,,USD,New,https://gundamplacestore.com/products/rg-hi-ce-bd-gundam?q=gundam,https://cdn.shopify.com/s/files/1/0579/0095/7832/products/img_4518.jpg?v=1650976834
gundam,model_kit,Gundam Place Store,retailer,us,MG Gundam Barbatos Lupus,83.99,,,USD,New,https://gundamplacestore.com/products/mg-1-100-gundam-barbatos-lupus?q=gundam,https://cdn.shopify.com/s/files/1/0579/0095/7832/files/D2A70274-2F31-4B87-B5FC-17CF3FEF632A.jpg?v=1763479747
gundam,model_kit,Gundam Place Store,retailer,us,HGTWFM #26 Gundam Calibarn,23.99,,,USD,New,https://gundamplacestore.com/products/hgtwfm-gundam-calibarn?q=gundam,https://cdn.shopify.com/s/files/1/0579/0095/7832/files/image_13f194f6-3124-4f87-bd11-5959309f29a2.webp?v=1688434879
gundam,model_kit,Gundam Place Store,retailer,us,MG Full Armor Unicorn Gundam Ver.KA,102.99,,,USD,New,https://gundamplacestore.com/products/1-100-mg-full-armor-unicorn-gundam-ver-ka?q=gundam,https://cdn.shopify.com/s/files/1/0579/0095/7832/products/mg-rx-0-full-armor-unicorn-gundam-ver-ka-00-1.jpg?v=1650977767
gundam,model_kit,Gundam Place Store,retailer,us,MG Freedom Gundam Ver 2.0,60.99,,,USD,New,https://gundamplacestore.com/products/mg-1-100-freedom-gundam-ver-2-0?q=gundam,https://cdn.shopify.com/s/files/1/0579/0095/7832/products/bann04883_5.jpg?v=1650977922
gundam,model_kit,Gundam Place Store,retailer,us,RG #42 Shining Gundam,42.99,,,USD,New,https://gundamplacestore.com/products/rg-42-shining-gundam?q=gundam,https://cdn.shopify.com/s/files/1/0579/0095/7832/files/rg-gf13-017nj-shining-gundam-07.webp?v=1753816707
gundam,model_kit,USA Gundam Store,retailer,us,HGGQ 1/144 #12 White Gundam,19.59,,,USD,New,https://www.usagundamstore.com/products/hggq-1-144-white-gundam,https://cdn.shopify.com/s/files/1/0727/8355/files/lSFTOLe2QJTj2oPN_60ef9324-9c3d-486c-b94f-eec04790a238_600x600.jpg?v=1764614567
gundam,model_kit,USA Gundam Store,retailer,us,RG 1/144 #40 RX-78-2 Gundam (Ver. 2.0),40.99,,,USD,New,https://www.usagundamstore.com/products/rg-1-144-40-rx-78-2-2-0-gundam,https://cdn.shopify.com/s/files/1/0727/8355/files/193_6113_o_1i4gomn3olds18kk1m6717nd1rp23q_600x600.jpg?v=1762283273
gundam,model_kit,USA Gundam Store,retailer,us,Shenma Model 1/100 Blue Knight Rising Freedom Gundam,74.99,,,USD,New,https://www.usagundamstore.com/products/shenma-model-1-100-blue-knight-rising-freedom-gundam,https://cdn.shopify.com/s/files/1/0727/8355/files/download-2026-06-21T105325.102_600x600.png?v=1782053975
gundam,model_kit,USA Gundam Store,retailer,us,MGEX 1/100 Mighty Strike Freedom Gundam,279.99,,,USD,New,https://www.usagundamstore.com/products/mgex-1-100-mighty-strike-freedom-gundam,https://cdn.shopify.com/s/files/1/0727/8355/files/2857431_MGEX1_100MIGHTYSTRIKEFREEDOMGUNDAM_2_0cca434c-7159-403b-ac27-ad79a3aa5de7_600x600.jpg?v=1788879515
gundam,model_kit,USA Gundam Store,retailer,us,RG 1/144 #42 Shining Gundam,42.99,,,USD,New,https://www.usagundamstore.com/products/rg-1-144-41-rg-1-144-shining-gundam,https://cdn.shopify.com/s/files/1/0727/8355/files/conuS7erzRJNtRt0_600x600.jpg?v=1762285791
gundam,model_kit,USA Gundam Store,retailer,us,RG 1/144 #32 RX-93 Nu Gundam,55.99,,,USD,New,https://www.usagundamstore.com/products/rg-1-144-32-rx-93-nu-gundam,https://cdn.shopify.com/s/files/1/0727/8355/products/e43a1a49-cb62-44e9-8bcd-3c4048f4139b_600x600.jpg?v=1762269790
gundam,model_kit,USA Gundam Store,retailer,us,RG 1/144 #37 Burning Gundam,49.99,,,USD,New,https://www.usagundamstore.com/products/rg-1-144-37-god-gundam,https://cdn.shopify.com/s/files/1/0727/8355/products/153_5028_o_1g9u42c8e1fmriirah01nsnavb23_600x600.jpg?v=1762275873
gundam,model_kit,USA Gundam Store,retailer,us,MGEX 1/100 Strike Freedom Gundam,182.99,,,USD,New,https://www.usagundamstore.com/products/mgex-1-100-strike-freedom-gundam,https://cdn.shopify.com/s/files/1/0727/8355/products/156_5149_o_1gh093slv1tv2e8ooif1c6opp62i_8e614654-4b6c-4869-bba2-9ae4d33307e5_600x600.jpg?v=1762277429
gundam,model_kit,USA Gundam Store,retailer,us,Entry Grade 1/144 Wing Gundam,11.99,,,USD,New,https://www.usagundamstore.com/products/entry-grade-1-144-wing-gundam,https://cdn.shopify.com/s/files/1/0727/8355/files/Si0mf8QZMUIHzVNM_dce55302-b2e7-4558-990a-ae8fd06f7a12_600x600.jpg?v=1762288463
gundam,model_kit,USA Gundam Store,retailer,us,HGAC 1/144 #242 Shenlong Gundam,19.99,,,USD,New,https://www.usagundamstore.com/products/hgac-1-144-242-shenlong-gundam,https://cdn.shopify.com/s/files/1/0727/8355/products/157_5100_o_1gc66sdt71hjojunjsk1c4dq0h2n_218f688b-e100-44c9-acbf-f9ee653e09ce_600x600.jpg?v=1762276888
gundam,model_kit,USA Gundam Store,retailer,us,PG Unleashed 1/60 Nu Gundam,689.99,,,USD,New,https://www.usagundamstore.com/products/pg-unleashed-1-60-gundam,https://cdn.shopify.com/s/files/1/0727/8355/files/a459c8ea-02ed-4cec-9510-3a6b7ee53e9d_600x600.webp?v=1762288461
gundam,model_kit,USA Gundam Store,retailer,us,MG 1/100 Hi-Nu Gundam (Ver. Ka),89.99,,,USD,New,https://www.usagundamstore.com/products/mg-1-100-hi-nu-gundam-ver-ka,https://cdn.shopify.com/s/files/1/0727/8355/products/95c23183-9315-4e13-ba71-02cc508b4bcd_600x600.jpg?v=1762198077
gundam,model_kit,USA Gundam Store,retailer,us,MG 1/100 Full Armor Gundam,67.99,,,USD,New,https://www.usagundamstore.com/products/mg-1-100-full-armor-gundam,https://cdn.shopify.com/s/files/1/0727/8355/products/12_66127af8-5450-4af2-a53b-741a2956cb98_600x600.jpg?v=1762200940
gundam,model_kit,USA Gundam Store,retailer,us,RG 1/144 #09 Justice Gundam,33.99,,,USD,New,https://www.usagundamstore.com/products/rg-1-144-09-justice-gundam,https://cdn.shopify.com/s/files/1/0727/8355/products/d1f56a41-e423-49c1-a082-4fd058d529fe_600x600.jpg?v=1762198473
gundam,model_kit,USA Gundam Store,retailer,us,RG 1/144 #30 Full Armor Unicorn Gundam,69.99,,,USD,New,https://www.usagundamstore.com/products/rg-1-144-30-full-armor-unicorn-gundam,https://cdn.shopify.com/s/files/1/0727/8355/products/8c7a02e6-472b-4efb-a677-4aa2f0a31b2c_600x600.jpg?v=1762201996
gundam,model_kit,USA Gundam Store,retailer,us,RG 1/144 #25 Unicorn Gundam,50.99,,,USD,New,https://www.usagundamstore.com/products/rg-1-144-25-unicorn-gundam,https://cdn.shopify.com/s/files/1/0727/8355/products/cf69efea-a2c0-4aa6-9072-ae289fca2872_600x600.jpg?v=1762200507
gundam,model_kit,USA Gundam Store,retailer,us,MGSD Freedom Gundam,54.99,,,USD,New,https://www.usagundamstore.com/products/mgsd-freedom-gundam,https://cdn.shopify.com/s/files/1/0727/8355/products/153_5206_o_1gmsp1pajm3a1q3910q21o8j3h323_042b642f-3d0f-4380-84e2-53e14c148ab6_600x600.jpg?v=1762278822
gundam,model_kit,USA Gundam Store,retailer,us,MG 1/100 Zeta Gundam (Ver.Ka),86.99,,,USD,New,https://www.usagundamstore.com/products/mg-1-100-zeta-gundam-ver-ka,https://cdn.shopify.com/s/files/1/0727/8355/products/153_5223_o_1gdplns5j1bml2am1js9bd1jqr23_72f71e81-deca-463c-a40f-ce9e74b5f23e_600x600.jpg?v=1762278822
gundam,model_kit,USA Gundam Store,retailer,us,HGCE 1/144 #224 Destiny Gundam (Revive),25.99,,,USD,New,https://www.usagundamstore.com/products/hgce-1-144-224-destiny-gundam-revive,https://cdn.shopify.com/s/files/1/0727/8355/products/hgce-destiny-gundam-revive-01_600x600.jpg?v=1762268947
gundam,model_kit,USA Gundam Store,retailer,us,HGUC 1/144 #101 RX-0 Unicorn Gundam (Unicorn Mode),19.99,,,USD,New,https://www.usagundamstore.com/products/hguc-1-144-101-rx-0-unicorn-gundam-unicorn-mode,https://cdn.shopify.com/s/files/1/0727/8355/products/d1685cfe-fb0a-448a-8743-beedd81e9f19_600x600.jpg?v=1759252390
gundam,model_kit,USA Gundam Store,retailer,us,MG 1/100 Destiny Gundam (Extreme Blast Mode),78.99,,,USD,New,https://www.usagundamstore.com/products/mg-1-100-destiny-gundam-extreme-blast-mode,https://cdn.shopify.com/s/files/1/0727/8355/products/523f4b20-6c93-48ea-90ed-b57b5609acb7_600x600.png?v=1762198067
gundam,model_kit,USA Gundam Store,retailer,us,HGCC 1/144 #177 Turn A Gundam,18.99,,,USD,New,https://www.usagundamstore.com/products/hgcc-1-144-177-turn-a-gundam,https://cdn.shopify.com/s/files/1/0727/8355/products/17a333bd-5baa-4fd6-91da-1f71eca5b896_600x600.jpg?v=1762198867
gundam,model_kit,USA Gundam Store,retailer,us,MG 1/100 Freedom Gundam (Ver 2.0),60.99,,,USD,New,https://www.usagundamstore.com/products/mg-1-100-freedom-gundam-ver-2-0,https://cdn.shopify.com/s/files/1/0727/8355/products/3322ad85-8d07-47b5-8a55-fc2df9a9fca8_600x600.jpg?v=1762198719
gundam,model_kit,USA Gundam Store,retailer,us,HGCE 1/144 #250 Mighty Strike Freedom Gundam,31.99,,,USD,New,https://www.usagundamstore.com/products/hggs-1-144-hg-mighty-strike-freedom-gundam-gundam-seed-freedom,https://cdn.shopify.com/s/files/1/0727/8355/files/153_6063_o_1huafj5mh24vl875gmm27esd23_41c72a00-c329-47c4-b135-09fa575cb90f_600x600.jpg?v=1762282632
gundam,model_kit,USA Gundam Store,retailer,us,MG 1/100 RX-78-2 Gundam (Ver. Ka),36.99,,,USD,New,https://www.usagundamstore.com/products/mg-1-100-rx-78-2-gundam-ver-ka,https://cdn.shopify.com/s/files/1/0727/8355/files/153_316_s_84qmj44e77vfrla6eo4jtamghypq_fbde4072-f3b5-49a0-b58a-a821e0745ff5_600x600.jpg?v=1762199200
gundam,model_kit,USA Gundam Store,retailer,us,RG 1/144 #11 Destiny Gundam,34.99,,,USD,New,https://www.usagundamstore.com/products/rg-1-144-11-destiny-gundam,https://cdn.shopify.com/s/files/1/0727/8355/products/63627d48-cdf8-467f-9da6-a7850a41b8be-removebg_600x600.png?v=1762198353
gundam,model_kit,USA Gundam Store,retailer,us,RG 1/144 #01 RX-78-2 Gundam,30.99,,,USD,New,https://www.usagundamstore.com/products/rg-1-144-01-rx-78-2-gundam,https://cdn.shopify.com/s/files/1/0727/8355/products/27d7884d-c254-401f-86be-23d2a83779fc_600x600.jpg?v=1762198536
gundam,model_kit,USA Gundam Store,retailer,us,MG 1/100 FXA-05D Super Gundam,53.99,,,USD,New,https://www.usagundamstore.com/products/mg-fxa-05d-super-gundam,https://cdn.shopify.com/s/files/1/0727/8355/files/153_2513_s_pq1n0uxo4e20jy05jh1nfsbrinnu_2a1c7f4c-9cf1-4131-95e2-7979694145bb_600x600.jpg?v=1781898860
gundam,model_kit,USA Gundam Store,retailer,us,HGGBM 1/144 #4 Shin Burning Gundam,33.99,,,USD,New,https://www.usagundamstore.com/products/hg-1-144-god-burning-gundam-hg-1-144-shin-burning-gundam,https://cdn.shopify.com/s/files/1/0727/8355/files/153_5882_o_1hehpl5ib11k0b151bng6d91mth23_b9aa685e-e923-4f70-b3fa-a334b2bff9d5_600x600.jpg?v=1762280601
gundam,model_kit,USA Gundam Store,retailer,us,Entry Grade 1/144 #11 Nu Gundam,12.99,,,USD,New,https://www.usagundamstore.com/products/entry-grade-1-144-11-nu-gundam,https://cdn.shopify.com/s/files/1/0727/8355/products/158_5007_s_0ylwv6vvc4fo9vact34r4ywn1f1v_d526c390-6b52-428d-a7fb-cca1c071fd79_600x600.jpg?v=1762275873
gundam,model_kit,USA Gundam Store,retailer,us,HGUC 1/144 #29 Ex-S Gundam,33.99,,,USD,New,https://www.usagundamstore.com/products/hguc-1-144-29-ex-s-gundam,https://cdn.shopify.com/s/files/1/0727/8355/products/9f432bf3-d24b-4ef8-b778-071bbdb89b28_600x600.jpg?v=1762198459
gundam,model_kit,USA Gundam Store,retailer,us,MG 1/100 Shining Gundam,29.99,,,USD,New,https://www.usagundamstore.com/products/mg-1-100-shining-gundam,https://cdn.shopify.com/s/files/1/0727/8355/products/87d2a3ec-7ff5-4630-a65e-3fbfb0972687_600x600.jpg?v=1762199100
gundam,model_kit,USA Gundam Store,retailer,us,HG00 1/144 #45 0 Gundam (Type A.C.D. Ver.),17.99,,,USD,New,https://www.usagundamstore.com/products/hg00-1-144-45-0-gundam-type-a-c-d-ver,https://cdn.shopify.com/s/files/1/0727/8355/products/0a20ed22-10b1-459c-9c02-367c5526f936_600x600.jpg?v=1762198403
gundam,model_kit,USA Gundam Store,retailer,us,RG 1/144 #05 Freedom Gundam,33.99,,,USD,New,https://www.usagundamstore.com/products/rg-1-144-05-freedom-gundam,https://cdn.shopify.com/s/files/1/0727/8355/products/c25337ec-2e5e-4074-8035-56ff544de8c5_600x600.jpg?v=1762198353
gundam,model_kit,USA Gundam Store,retailer,us,RG 1/144 #14 Strike Freedom Gundam,43.99,,,USD,New,https://www.usagundamstore.com/products/rg-1-144-14-strike-freedom-gundam,https://cdn.shopify.com/s/files/1/0727/8355/products/6d6223b5-5757-4915-9e64-b25a1d8b1f0a_600x600.jpg?v=1762198362
gundam,model_kit,USA Gundam Store,retailer,us,MG 1/100 RX-0 Full Armor Unicorn Gundam (Ver.Ka),102.99,,,USD,New,https://www.usagundamstore.com/products/mg-1-100-rx-0-full-armor-unicorn-gundam-ver-ka,https://cdn.shopify.com/s/files/1/0727/8355/products/690db7cb-9d7e-4ef4-8c5c-e5f2892a1abd_600x600.jpg?v=1762198188
gundam,model_kit,USA Gundam Store,retailer,us,HGUC 1/144 #49 Psycho Gundam,66.99,,,USD,New,https://www.usagundamstore.com/products/hguc-1-144-49-psycho-gundam,https://cdn.shopify.com/s/files/1/0727/8355/products/d04ef748-bb8a-43c5-819b-216d14386bbe_600x600.jpg?v=1762198687
gundam,model_kit,USA Gundam Store,retailer,us,MG 1/100 Wing Gundam (Ver. Ka),40.99,,,USD,New,https://www.usagundamstore.com/products/mg-1-100-wing-gundam-ver-ka,https://cdn.shopify.com/s/files/1/0727/8355/products/34d85331-1fa5-4a8f-a635-c1c056608460_600x600.jpg?v=1762198467
gundam,model_kit,USA Gundam Store,retailer,us,HGGQ 1/144 #4 gMS-α Red Gundam,29.99,,,USD,New,https://www.usagundamstore.com/products/hg-1-144-red-gundam,https://cdn.shopify.com/s/files/1/0727/8355/files/OJ4QYP0diK0xnfd5_600x600.jpg?v=1762287186
gundam,model_kit,USA Gundam Store,retailer,us,Gundam Legend BB370 SD Knight Gundam,13.99,,,USD,New,https://www.usagundamstore.com/products/gundam-legend-bb370-sd-knight-gundam,https://cdn.shopify.com/s/files/1/0727/8355/products/71Z6k9tanKL._SL1500_600x600.jpg?v=1762198875
gundam,model_kit,USA Gundam Store,retailer,us,RG 1/144 #10 Zeta Gundam,40.99,,,USD,New,https://www.usagundamstore.com/products/rg-1-144-10-zeta-gundam,https://cdn.shopify.com/s/files/1/0727/8355/products/60f98391-69f0-4cf7-957b-9d5caaa98bc0_600x600.jpg?v=1762198231
gundam,model_kit,USA Gundam Store,retailer,us,HGBF 1/144 #07 Sengoku Astray Gundam,24.99,,,USD,New,https://www.usagundamstore.com/products/hgbf-1-144-07-sengoku-astray-gundam,https://cdn.shopify.com/s/files/1/0727/8355/products/29049891-5281-45f5-87e5-942c27941b23_600x600.jpg?v=1762198206
gundam,model_kit,USA Gundam Store,retailer,us,MG 1/100 XXXG-01W Wing Gundam (EW),40.99,,,USD,New,https://www.usagundamstore.com/products/mg-1-100-xxxg-01w-wing-gundam-ew-ver,https://cdn.shopify.com/s/files/1/0727/8355/products/153_2717_s_hv9i5s250pk4lcifesezoei0okqb_8dafe70f-e506-4ac4-9061-39f5a7b2020c_600x600.jpg?v=1762198069
gundam,model_kit,USA Gundam Store,retailer,us,MG 1/100 Justice Gundam,64.99,,,USD,New,https://www.usagundamstore.com/products/pre-order-mg-1-100-justice-gundam,https://cdn.shopify.com/s/files/1/0727/8355/products/38e05623-1982-4bec-a70a-af5cb946aab0-removebg_600x600.png?v=1762199220
gundam,model_kit,USA Gundam Store,retailer,us,HGBF 1/144 #40 Lightning Z Gundam,29.99,,,USD,New,https://www.usagundamstore.com/products/hgbf-1-144-040-lightning-z-gundam,https://cdn.shopify.com/s/files/1/0727/8355/products/49e65da3-c64d-4d8b-a9fb-efc11b707b61_600x600.jpg?v=1762198377
gundam,model_kit,USA Gundam Store,retailer,us,SD Gundam EX-Standard 005 RX-0 Unicorn Gundam (Destroy Mode),11.99,,,USD,New,https://www.usagundamstore.com/products/sd-ex-standard-005-rx-0-unicorn-gundam-destroy-mode,https://cdn.shopify.com/s/files/1/0727/8355/products/2daa1ee2-9cf9-4e4d-b7ad-b4a82c7b9d64_600x600.jpg?v=1762198631
gundam,model_kit,USA Gundam Store,retailer,us,HGUC 1/144 #111 ZZ Gundam,30.99,,,USD,New,https://www.usagundamstore.com/products/hguc-1-144-111-zz-gundam,https://cdn.shopify.com/s/files/1/0727/8355/products/7571d159-7d01-45b5-b2fd-b52cec59e60d_600x600.jpg?v=1762198516
gundam,model_kit,USA Gundam Store,retailer,us,BB295 Blu Duel Gundam,9.99,,,USD,New,https://www.usagundamstore.com/products/bb295-blu-duel-gundam,https://cdn.shopify.com/s/files/1/0727/8355/products/153_2561_s_qvs8pl59548ooq7w02524vh7je3h_600x600.jpg?v=1762278327
gundam,model_kit,USA Gundam Store,retailer,us,MG 1/100 Wing Gundam (TV),48.99,,,USD,New,https://www.usagundamstore.com/products/mg-wing-gundam,https://cdn.shopify.com/s/files/1/0727/8355/products/0b4a444a-8152-413f-8b9b-f7e57d81134c_600x600.jpg?v=1762198757
gundam,model_kit,USA Gundam Store,retailer,us,HGBF 1/144 #28 Try Burning Gundam,24.99,,,USD,New,https://www.usagundamstore.com/products/hgbf-1-144-try-burning-gundam,https://cdn.shopify.com/s/files/1/0727/8355/files/153_1254_s_mrzc0hvbbmokr52h08yd9yydbcf4_f8c08580-363d-4bc8-bdf3-94408d4bbe0e_600x600.jpg?v=1762198182
gundam,model_kit,USA Gundam Store,retailer,us,MG 1/100 Sword Impulse Gundam,60.99,,,USD,New,https://www.usagundamstore.com/products/mg-1-100-sword-impulse-gundam,https://cdn.shopify.com/s/files/1/0727/8355/products/a4a242e1-e123-4174-8334-9761b6fb26ec_600x600.jpg?v=1762198152
gundam,model_kit,USA Gundam Store,retailer,us,MG 1/100 Victory 2 Gundam (Ver. Ka),60.99,,,USD,New,https://www.usagundamstore.com/products/pre-order-mg-1-100-v2-gundam-ver-ka,https://cdn.shopify.com/s/files/1/0727/8355/files/153_1430_s_6xbq4bm02qad2odbnyo92zqoru0f_71e4201e-a86c-4a29-8ee5-762294bc47dd_600x600.jpg?v=1762198568
gundam,model_kit,USA Gundam Store,retailer,us,HGCE 1/144 #192 Freedom Gundam (Revive),24.99,,,USD,New,https://www.usagundamstore.com/products/hgce-1-144-192-freedom-gundam-revive,https://cdn.shopify.com/s/files/1/0727/8355/products/6fe87f5f-f578-4035-9f5c-624817f3e4cb_600x600.jpg?v=1762198498
gundam,model_kit,USA Gundam Store,retailer,us,MG PF-78-1 Perfect Gundam,53.99,,,USD,New,https://www.usagundamstore.com/products/mg-pf-78-1-perfect-gundam,https://cdn.shopify.com/s/files/1/0727/8355/products/14231877423_600x600.jpg?v=1762200942
gundam,model_kit,USA Gundam Store,retailer,us,MG 1/100 V-Dash Gundam (Ver.Ka),75.99,,,USD,New,https://www.usagundamstore.com/products/mg-lm312v04-v-dash-gundam-ver-ka,https://cdn.shopify.com/s/files/1/0727/8355/files/1000092377_1_9b3963a3-0c26-4472-8f37-38534426c621_600x600.jpg?v=1765471160
gundam,model_kit,USA Gundam Store,retailer,us,HGUC 1/144 #218 Narrative Gundam (A-Packs),72.99,,,USD,New,https://www.usagundamstore.com/products/hguc-1-144-218-narrative-gundam-a-packs,https://cdn.shopify.com/s/files/1/0727/8355/products/5de6c8f9-aeb4-4b74-a67d-0e98ca5b2650_600x600.jpg?v=1762268519
gundam,model_kit,USA Gundam Store,retailer,us,Gundam Legend BB375 SD Command Gundam,13.99,,,USD,New,https://www.usagundamstore.com/products/gundam-legend-bb375-sd-command-gundam,https://cdn.shopify.com/s/files/1/0727/8355/products/f242ad04-0815-43ae-887a-54df7678a384_1_600x600.jpg?v=1762201746
gundam,model_kit,USA Gundam Store,retailer,us,HGFC 1/144 #110 GF13-017NJII Burning Gundam,24.99,,,USD,New,https://www.usagundamstore.com/products/hgfc-1-144-110-gf13-017njii-god-gundam,https://cdn.shopify.com/s/files/1/0727/8355/products/f743d0c8-352f-4c98-a31c-3a8d7641bb0b_600x600.jpg?v=1762198761
gundam,model_kit,USA Gundam Store,retailer,us,RG 1/144 #41 ORB-01 Akatsuki Gundam (Oowashi Unit),97.99,,,USD,New,https://www.usagundamstore.com/products/rg-1-144-39-akatsuki-gundam-equipped-with-owashi,https://cdn.shopify.com/s/files/1/0727/8355/files/153_6242_o_1iel62jkqqrf12n11bhp1du911um23_600x600.jpg?v=1762283813
gundam,model_kit,USA Gundam Store,retailer,us,HGCE 1/144 #243 Rising Freedom Gundam,27.99,,,USD,New,https://www.usagundamstore.com/products/bandai-hg-1-144-rising-freedom-gundam-tentative-name,https://cdn.shopify.com/s/files/1/0727/8355/files/153_5937_o_1hko23oi9ick14121p69cko18c523_66c8069c-b82a-4e7b-8166-0ad5e7ba91bb_600x600.jpg?v=1762281802
gundam,model_kit,USA Gundam Store,retailer,us,HGCE 1/144 #231 Infinite Justice Gundam,29.99,,,USD,New,https://www.usagundamstore.com/products/hgce-1-144-231-infinite-justice-gundam,https://cdn.shopify.com/s/files/1/0727/8355/products/f2755436-c3e2-4b82-a68c-d5d28f0b0d60_600x600.jpg?v=1762271465
gundam,model_kit,USA Gundam Store,retailer,us,MG 1/100 Force Impulse Gundam,59.99,,,USD,New,https://www.usagundamstore.com/products/bandai-1-100-mg-master-grade-gundam-seed-force-impulse-gundam-model-kit,https://cdn.shopify.com/s/files/1/0727/8355/products/c15ddd30-c95c-41be-ba43-73164f3f7d86_600x600.png?v=1762197955
gundam,model_kit,USA Gundam Store,retailer,us,PG 1/60 Strike Freedom Gundam,325.99,,,USD,New,https://www.usagundamstore.com/products/pg-strike-freedom-gundam,https://cdn.shopify.com/s/files/1/0727/8355/files/153_3859_s_fxnmhl45793pioe82adur92h9t57_fd069600-df9c-43bd-bf9b-985a9c39c2d6_600x600.jpg?v=1762198567
gundam,model_kit,USA Gundam Store,retailer,us,HGBF 1/144 #058 Star Burning Gundam,20.99,,,USD,New,https://www.usagundamstore.com/products/pre-order-hgbf-1-144-star-burning-gundam,https://cdn.shopify.com/s/files/1/0727/8355/files/153_2012_s_7dctg3r543ov0h95g1dsos3erjk0_72ae6d8b-34a9-4f6a-b14c-744e030d639d_600x600.jpg?v=1762200879
gundam,model_kit,USA Gundam Store,retailer,us,HGCE 1/144 #252 Duel Blitz Gundam,31.99,,,USD,New,https://www.usagundamstore.com/products/hgce-1-144-duel-blitz-gundam,https://cdn.shopify.com/s/files/1/0727/8355/files/153_6088_o_1i2t87iscr9o1hfc1g0b1clomgk23_5952c99d-ed67-4a8c-854e-167681fe2ab4_600x600.jpg?v=1762283274
gundam,model_kit,USA Gundam Store,retailer,us,SD Gundam Ex-Standard 20 Rising Freedom Gundam,11.99,,,USD,New,https://www.usagundamstore.com/products/sd-gundam-ex-standard-rising-freedom-gundam,https://cdn.shopify.com/s/files/1/0727/8355/files/153_5939_o_1hko1svohkshhd5u7sv111hpu23_8331e32c-77c8-4eb4-b1a1-9c00d6f94ea2_600x600.jpg?v=1762281811
gundam,model_kit,USA Gundam Store,retailer,us,HGUC 1/144 #189 V2 Assault Buster Gundam,27.99,,,USD,New,https://www.usagundamstore.com/products/hguc-1-144-189-v2-assault-buster-gundam,https://cdn.shopify.com/s/files/1/0727/8355/products/6e19f32b-8d7a-4720-a27c-9c5f20c06873_600x600.jpg?v=1781892004
gundam,model_kit,USA Gundam Store,retailer,us,HG00 1/144 #37 Seraphim Gundam,14.99,,,USD,New,https://www.usagundamstore.com/products/hg-1-144-37-seraphim-gundam,https://cdn.shopify.com/s/files/1/0727/8355/files/153_1861_o_1bblush84h2kj7t19v6rhh4f523_8c038bff-c749-40ad-80f3-652ef695ca18_600x600.jpg?v=1762198898
gundam,model_kit,USA Gundam Store,retailer,us,SDBF #30 Star Winning Gundam,16.99,,,USD,New,https://www.usagundamstore.com/products/sdbf-030-star-winning-gundam,https://cdn.shopify.com/s/files/1/0727/8355/products/153_1261_s_gdvz7xtxb83wqccuwtdzs26kd5az_f52e007f-fa81-4ca8-ac94-ff449fcc7a80_600x600.jpg?v=1762198206
gundam,model_kit,USA Gundam Store,retailer,us,HGUC 1/144 #165 Victory Gundam,16.99,,,USD,New,https://www.usagundamstore.com/products/hguc-1-144-165-v-gundam,https://cdn.shopify.com/s/files/1/0727/8355/products/71UwICJcaOL._SL1431_600x600.jpg?v=1762198158
gundam,model_kit,USA Gundam Store,retailer,us,MG 1/100 GAT-X105 Aile Strike Gundam (Ver. RM),55.99,,,USD,New,https://www.usagundamstore.com/products/mg-1-100-gat-x105-aile-strike-gundam-ver-rm-remaster,https://cdn.shopify.com/s/files/1/0727/8355/products/8a890ae4-6f96-4798-9a84-b531440412c4_600x600.jpg?v=1762198064
gundam,model_kit,USA Gundam Store,retailer,us,HG 1/144 #41 Strike Noir Gundam,19.99,,,USD,New,https://www.usagundamstore.com/products/hg-1-144-41-strike-noir-gundam,https://cdn.shopify.com/s/files/1/0727/8355/products/s-l500_e3facbd4-b8d7-401f-af2c-ad1900e02b03_600x600.jpg?v=1764881450
gundam,model_kit,USA Gundam Store,retailer,us,HGCE 1/144 #226 Destiny Gundam (Heine Westenfluss Custom),29.99,,,USD,New,https://www.usagundamstore.com/products/hgce-1-144-destiny-gundam-heine-westenfluss-custom,https://cdn.shopify.com/s/files/1/0727/8355/files/153_3241_s_z0jd4h0948ax1chwv15782mrgnt0_600x600.jpg?v=1781812371
gundam,model_kit,USA Gundam Store,retailer,us,Gundam Seed Full Mechanics 1/100 Raider Gundam,59.99,,,USD,New,https://www.usagundamstore.com/products/gundam-seed-full-mechanics-1-100-raider-gundam,https://cdn.shopify.com/s/files/1/0727/8355/products/157_5020_s_782i8vqwneersef5ohs0yi0ixw88_627c8467-07fd-4ec3-aeb0-ba4e3da8419f_600x600.jpg?v=1762275871
gundam,model_kit,USA Gundam Store,retailer,us,HGCE 1/144 #201 Strike Freedom Gundam,28.99,,,USD,New,https://www.usagundamstore.com/products/hgce-1-144-201-strike-freedom-gundam,https://cdn.shopify.com/s/files/1/0727/8355/products/1299fbe8-528a-4d69-9ef5-43730019336c_600x600.jpg?v=1762199004
gundam,model_kit,USA Gundam Store,retailer,us,Gundam Legend SD Gundam BB373 Musha Gundam,13.99,,,USD,New,https://www.usagundamstore.com/products/gundam-legend-sd-gundam-bb373-musha-gundam,https://cdn.shopify.com/s/files/1/0727/8355/products/51FaR8FvoYL_600x600.jpg?v=1762201547
gundam,model_kit,USA Gundam Store,retailer,us,RG 1/144 #03 Aile Strike Gundam,33.99,,,USD,New,https://www.usagundamstore.com/products/rg-1-144-03-aile-strike-gundam,https://cdn.shopify.com/s/files/1/0727/8355/products/ce206f39-1cc8-4948-bb3e-922dfa010d89-removebg_600x600.png?v=1762198351
gundam,model_kit,USA Gundam Store,retailer,us,MG 1/100 Sengoku Astray Gundam,66.99,,,USD,New,https://www.usagundamstore.com/products/mg-1-100-sengoku-astray-gundam,https://cdn.shopify.com/s/files/1/0727/8355/files/153_1052_s_w14lmnjvb8nyt282jwofqwi93tmz_95193ced-6135-4cd8-8883-9b46d20028aa_600x600.jpg?v=1762198217
gundam,model_kit,USA Gundam Store,retailer,us,MG 1/100 Infinite Justice Gundam,66.99,,,USD,New,https://www.usagundamstore.com/products/bandai-1-100-mg-master-grade-infinite-justice-gundam-model-kit-zgmf-x19a-156649,https://cdn.shopify.com/s/files/1/0727/8355/products/8b5af19e-a20f-427b-8a44-918f98ccaa7c_600x600.png?v=1762197958
gundam,model_kit,USA Gundam Store,retailer,us,SD Gundam EX-Standard 006 Strike Freedom Gundam,11.99,,,USD,New,https://www.usagundamstore.com/products/pre-order-ex-standard-006-strike-freedom-gundam,https://cdn.shopify.com/s/files/1/0727/8355/products/153_1560_s_jwq138edmob8cx9od4knlvs4r2n1_2c464441-c29e-441a-9668-de07ca1bcf6c_600x600.jpg?v=1762198627
gundam,model_kit,USA Gundam Store,retailer,us,SD Gundam EX-Standard 002 Aile Strike Gundam,11.99,,,USD,New,https://www.usagundamstore.com/products/sd-gundam-ex-standard-002-aile-strike-gundam,https://cdn.shopify.com/s/files/1/0727/8355/products/Untitled-42_92714faf-dc5a-499e-bebb-cc4ad9e992d8_600x600.jpg?v=1762198618
gundam,model_kit,USA Gundam Store,retailer,us,HGBF 1/144 #43 Kamiki Burning Gundam,24.99,,,USD,New,https://www.usagundamstore.com/products/hgbf-1-144-43-kamiki-burning-gundam,https://cdn.shopify.com/s/files/1/0727/8355/products/a0bbd6d2-c38f-4e11-8b1d-15e60b5a1cce_600x600.jpg?v=1762198503
gundam,model_kit,USA Gundam Store,retailer,us,HGUC 1/144 #222 RX-9/C Narrative Gundam (C-Packs),30.99,,,USD,New,https://www.usagundamstore.com/products/hguc-1-144-222-rx-9-c-narrative-gundam-c-packs,https://cdn.shopify.com/s/files/1/0727/8355/products/c1d54d24-9c3d-494b-b2a1-37c062caaa54_600x600.jpg?v=1762268900
gundam,model_kit,USA Gundam Store,retailer,us,HGCE 1/144 #198 Force Impulse Gundam,22.99,,,USD,New,https://www.usagundamstore.com/products/hgce-1-144-198-force-impulse-gundam,https://cdn.shopify.com/s/files/1/0727/8355/products/f7676f54-a010-4cf6-b2cc-6e55111bc95e_600x600.jpg?v=1762198775
gundam,model_kit,USA Gundam Store,retailer,us,Gundam SD EX-Standard 009 Destiny Gundam,10.99,,,USD,New,https://www.usagundamstore.com/products/pre-order-ex-standard-009-destiny-gundam,https://cdn.shopify.com/s/files/1/0727/8355/products/153_1815_s_i9j370wqbwajkap5s0t303m15h1b_d10ff823-d824-478f-b026-de4f6eb40623_600x600.jpg?v=1762198712
gundam,model_kit,USA Gundam Store,retailer,us,HGFC 1/144 #127 Shining Gundam,19.99,,,USD,New,https://www.usagundamstore.com/products/hgfc-127-shining-gundam-1-144,https://cdn.shopify.com/s/files/1/0727/8355/files/94d741a9-a785-45af-bf8e-c65ad918df61_600x600.webp?v=1762198668
gundam,model_kit,USA Gundam Store,retailer,us,MG 1/100 ZGMF-X42S Destiny Gundam,64.99,,,USD,New,https://www.usagundamstore.com/products/bandai-mg-512437-gundam-zgmf-x42s-destiny-gundam-1-100-scale-kit,https://cdn.shopify.com/s/files/1/0727/8355/products/d973fa91-11a8-45b9-96bf-c8ae2272ba6d_600x600.jpg?v=1762197960
gundam,model_kit,USA Gundam Store,retailer,us,MG 1/100 Launcher and Sword Strike Gundam,60.99,,,USD,New,https://www.usagundamstore.com/products/mg-launcher-amp-sword-strike-gundam,https://cdn.shopify.com/s/files/1/0727/8355/files/153_2585_s_x03c6y6obsm8acivojdjjz7fv329_600x600.jpg?v=1762198524
gundam,model_kit,USA Gundam Store,retailer,us,HGUC 1/144 #35 Super Gundam,27.99,,,USD,New,https://www.usagundamstore.com/products/hguc-1-144-35-super-gundam,https://cdn.shopify.com/s/files/1/0727/8355/products/3bc5dc3f-eba9-4b62-bd5c-07b04546aaa1_600x600.jpg?v=1762198380
gundam,model_kit,USA Gundam Store,retailer,us,SDW Heroes #36 78th Musha Gundam,21.99,,,USD,New,https://www.usagundamstore.com/products/sdw-heroes-36-musha-gundam-the-78th,https://cdn.shopify.com/s/files/1/0727/8355/files/153_5941_s_wjlu3wh38m25sl856ztvbhoee8ed_8d1f6b20-f231-41cb-ad96-ef981eed743d_600x600.jpg?v=1762281689
gundam,model_kit,USA Gundam Store,retailer,us,SDW Heroes Resurrection #33 Wukong Impulse (Childhood Ver.) &amp; Sanzo Strike Freedom Gundam Set,20.99,,,USD,New,https://www.usagundamstore.com/products/sdw-heroes-33-goku-impulse-gundam-sanzang-strike-freedom-gundam-set,https://cdn.shopify.com/s/files/1/0727/8355/files/153_5864_s_qy2cjfl5elpek0ok2hq770klkywc_7d6ece09-38f9-4602-a67e-70f0db404df0_600x600.jpg?v=1762280946
gundam,other,USA Gundam Store,retailer,us,F66 MG PB Eclipse Gundam with Raisin Striker Decal Sheet,7.99,,,USD,New,https://www.usagundamstore.com/products/f66-mg-pb-eclipse-gundam-with-raisin-striker-decal-sheet,https://cdn.shopify.com/s/files/1/0727/8355/products/06-10-F66MGPBEclipseGundam_RaisinStriker_2_600x600.jpg?v=1762280163
gundam,model_kit,USA Gundam Store,retailer,us,SD BB Senshi #227 Super Gundam,10.99,,,USD,New,https://www.usagundamstore.com/products/sd-bb-senshi-227-super-gundam,https://cdn.shopify.com/s/files/1/0727/8355/products/1000075246_1_600x600.jpg?v=1762278795
gundam,model_kit,USA Gundam Store,retailer,us,SDW Heroes #27 Zhao Yun 00 Gundam (Command Package Ver.),13.99,,,USD,New,https://www.usagundamstore.com/products/sdw-heroes-27-zhao-yun-00-gundam-command-package-ver,https://cdn.shopify.com/s/files/1/0727/8355/products/153_5101_o_1gd2jaihhdum1coiecf1ahd7ko23_12ec74a5-7dcd-4142-8876-20535f8addb3_600x600.jpg?v=1762276907
gundam,model_kit,USA Gundam Store,retailer,us,SDW Heroes #14 Qiongqi Strike Freedom Gundam,15.99,,,USD,New,https://www.usagundamstore.com/products/sdw-heroes-14-qiongqi-strike-freedom-gundam,https://cdn.shopify.com/s/files/1/0727/8355/products/153_4635_s_h282vyw9ix9nbucz9wbiqdjop5rp_600x600.jpg?v=1762276846
gundam,model_kit,USA Gundam Store,retailer,us,HGBB 1/144 Blazing Gundam,23.99,,,USD,New,https://www.usagundamstore.com/products/hgbb-1-144-blazing-gundam,https://cdn.shopify.com/s/files/1/0727/8355/products/a20e6a8e-0e27-426e-a11a-983c86429ffc_600x600.jpg?v=1762274530
gundam,model_kit,USA Gundam Store,retailer,us,HGBF 1/144 #20 Lightning Gundam,20.99,,,USD,New,https://www.usagundamstore.com/products/hgbf-1-144-lightning-gundam,https://cdn.shopify.com/s/files/1/0727/8355/files/153_1195_s_9oj4o57w5bpnql730nt8krjctqt3_6e84cfbd-0b67-4c4d-95eb-59ca9ada7d46_600x600.jpg?v=1762198164
gundam,model_kit,USA Gundam Store,retailer,us,SD Gundam BB Senshi #288 Strike Freedom Gundam,9.99,,,USD,New,https://www.usagundamstore.com/products/bb-sd-strike-freedom,https://cdn.shopify.com/s/files/1/0727/8355/products/153_624_s_3dmezpt5auxypnsgi7dl7zoa6wzp_f5604804-c40b-40e9-a372-892c49abe610_600x600.jpg?v=1762198670
gundam,model_kit,USA Gundam Store,retailer,us,MG 1/100 ZGMF-X20A Strike Freedom Gundam,64.99,,,USD,New,https://www.usagundamstore.com/products/mg-100-zgmf-x20a-gundam-strike-freedom,https://cdn.shopify.com/s/files/1/0727/8355/products/52a8d73b-861e-4365-b8eb-e23736dbadb0_600x600.jpg?v=1762198070
gundam,model_kit,USA Gundam Store,retailer,us,Entry Grade 1/144 Strike Gundam (ECOPLA),9.99,,,USD,New,https://www.usagundamstore.com/products/entry-grade-1-144-strike-gundam-ecopla,https://cdn.shopify.com/s/files/1/0727/8355/files/original_16_f8745754-0209-4cf1-8e80-c4eb69fd4916_600x600.webp?v=1788881751
gundam,model_kit,USA Gundam Store,retailer,us,Entry Grade 1/144 RX-78-2 Gundam (ECOPLA),9.99,,,USD,New,https://www.usagundamstore.com/products/entry-grade-1-144-rx-78-2-gundam-ecopla,https://cdn.shopify.com/s/files/1/0727/8355/files/original_15_710feecb-b988-441b-86ae-a684c9601612_600x600.webp?v=1788881617
gundam,model_kit,USA Gundam Store,retailer,us,Gundam Decal 153 RG 1/144 Wing Gundam,8.99,,,USD,New,https://www.usagundamstore.com/products/gundam-decal-153-rg-1-144-wing-gundam,https://cdn.shopify.com/s/files/1/0727/8355/files/banh847334_0_600x600.jpg?v=1788879917
gundam,model_kit,USA Gundam Store,retailer,us,Gundam Decal 150 MGSD Freedom Gundam,8.99,,,USD,New,https://www.usagundamstore.com/products/gundam-decal-150-mgsd-freedom-gundam,https://cdn.shopify.com/s/files/1/0727/8355/files/banh847211_0_600x600.jpg?v=1788877411
gundam,model_kit,USA Gundam Store,retailer,us,HG00 1/144 #43 Arche Gundam,20.99,,,USD,New,https://www.usagundamstore.com/products/hg-1-144-43-arche-gundam,https://cdn.shopify.com/s/files/1/0727/8355/files/153_3660_s_natzoaeq8wyqsm6v37vj8rqgztuq_e0f2df47-d568-41a7-ba02-c9b28ad75905_600x600.jpg?v=1762198402
gundam,model_kit,USA Gundam Store,retailer,us,SD Gundam Cross Silhouette Tornado Gundam,21.99,,,USD,New,https://www.usagundamstore.com/products/sd-gundam-cross-silhouette-tornado-gundam,https://cdn.shopify.com/s/files/1/0727/8355/files/153_5283_s_t6ivht2zrd9d79xevghajaq6qaxj_b5a635ec-ca94-4f26-bb57-7a300c28b4ad_600x600.jpg?v=1762280555
gundam,model_kit,USA Gundam Store,retailer,us,E44 MG 1/100 V2 / V2AB Victory Gundam (2PC),7.99,,,USD,New,https://www.usagundamstore.com/products/e44-mg-1-100-v2-v2ab-victory-gundam-2pc,https://cdn.shopify.com/s/files/1/0727/8355/products/bf3ba9_0eeef3f3cc1845f7ac22face734752e9_mv2_600x600.jpg?v=1762276025
gundam,model_kit,USA Gundam Store,retailer,us,F39 MG Avalanche Exia Gundam,5.59,,,USD,New,https://www.usagundamstore.com/products/f39-mg-avalanche-exia-gundam,https://cdn.shopify.com/s/files/1/0727/8355/products/bf3ba9_1c416c9ec66742f5a8d1791d85cc9e04_mv2_600x600.jpg?v=1762276013
gundam,model_kit,USA Gundam Store,retailer,us,SDW Heroes #19 Caesar Legend Gundam,10.99,,,USD,New,https://www.usagundamstore.com/products/sdw-heroes-19-caesar-legend-gundam,https://cdn.shopify.com/s/files/1/0727/8355/products/153_4700_s_t1ysrw8j4or1wicdl4wktykyhawt_600x600.jpg?v=1762275428
gundam,model_kit,USA Gundam Store,retailer,us,SDW Heroes #21 Knight Strike Gundam,10.99,,,USD,New,https://www.usagundamstore.com/products/sdw-heroes-21-knight-strike-gundam,https://cdn.shopify.com/s/files/1/0727/8355/products/153_4708_o_1g3nuj01ultj1pvr7ef17p1ti123_2f8f61fb-844b-4fca-a3e2-fd11f7e328c2_600x600.jpg?v=1762275427
gundam,model_kit,USA Gundam Store,retailer,us,"F33 MG 00 Gundam with Raiser, 00R (Redesigned!)",5.99,,,USD,New,https://www.usagundamstore.com/products/f33-mg-00-gundam-with-raiser-00r-redesigned,https://cdn.shopify.com/s/files/1/0727/8355/files/bf3ba9_d02ae53cf90347a09a0b2c4320ad115d_mv2_600x600.jpg?v=1762273479
gundam,model_kit,USA Gundam Store,retailer,us,F31 MG Magnum Gundam,5.99,,,USD,New,https://www.usagundamstore.com/products/f31-mg-magnum-gundam,https://cdn.shopify.com/s/files/1/0727/8355/products/F31MGMagnum_600x600.jpg?v=1762272969
gundam,model_kit,USA Gundam Store,retailer,us,C38 RG HG 1/144 Force Impulse Gundam,4.49,,,USD,New,https://www.usagundamstore.com/products/c38-rg-hg-1-144-force-impulse-gundam,https://cdn.shopify.com/s/files/1/0727/8355/products/06-14-C38RGHGFORCEIMPULSE_2_600x600.jpg?v=1762272306
gundam,model_kit,USA Gundam Store,retailer,us,F26 HiRM GOD GUNDAM,4.99,,,USD,New,https://www.usagundamstore.com/products/f26-hirm-god-gundam,https://cdn.shopify.com/s/files/1/0727/8355/products/god_600x600.jpg?v=1762271441
gundam,model_kit,USA Gundam Store,retailer,us,HGBF 1/144 #34 Transient Gundam,24.99,,,USD,New,https://www.usagundamstore.com/products/hgbf-1-144-034-transient-gundam,https://cdn.shopify.com/s/files/1/0727/8355/products/fc949cb4-2e00-4b71-b5a4-ff614f8e80a6_600x600.jpg?v=1762198111
gundam,model_kit,USA Gundam Store,retailer,us,SD Gundam BB Senshi #395 Nidaime Daishogun Gundam,19.99,,,USD,New,https://www.usagundamstore.com/products/second-generation-imperator-sd-musha-gundam-395-legend-bb,https://cdn.shopify.com/s/files/1/0727/8355/products/153_1187_s_6l6t6vu68s32mhnhhde40z390zbl_a5dd05c3-7112-4c38-88c7-583a33b44f91_600x600.jpg?v=1762198072
gundam,model_kit,USA Gundam Store,retailer,us,HGUC 1/144 #93 Nu Gundam (Heavy Weapon System),36.99,,,USD,New,https://www.usagundamstore.com/products/hguc-1-144-93-nu-gundam-heavy-weapon-system,https://cdn.shopify.com/s/files/1/0727/8355/products/c4685acd-272a-422f-a6c7-8ce3ca4a39d6_600x600.jpg?v=1762200706
gundam,model_kit,USA Gundam Store,retailer,us,RG 1/144 #44 RX-79[G] Gundam Ground Type,53.99,,,USD,New,https://www.usagundamstore.com/products/rg-1-144-rx-79g-gundam-ground-type,https://cdn.shopify.com/s/files/1/0727/8355/files/banh847181_0_600x600.jpg?v=1787751501
gundam,model_kit,USA Gundam Store,retailer,us,Explosive Model God Gundam (Metal Build-Style) 1/100 Scale Model Kit,94.99,,,USD,New,https://www.usagundamstore.com/products/god-gundam-explosive-model-metal-build-style-1-100-scale-with-metal-inner-frame,https://cdn.shopify.com/s/files/1/0727/8355/files/7824DA6B-291C-4079-9FB0-4080DBB3599E_600x600.jpg?v=1781643939
gundam,model_kit,USA Gundam Store,retailer,us,HGTWFM 1/144 #26 Gundam Calibarn,23.99,,,USD,New,https://www.usagundamstore.com/products/mobile-suit-gundam-the-witch-from-mercury-new-product-b-tentative,https://cdn.shopify.com/s/files/1/0727/8355/files/153_5527_s_dch0k096rqfilluzrmcul5zht4u7_1570cefb-b204-4870-802b-13e97d57dc5b_600x600.jpg?v=1762280262
gundam,model_kit,USA Gundam Store,retailer,us,Gundam Assemble Starter Set 01,34.99,,,USD,New,https://www.usagundamstore.com/products/gundam-assemble-starter-set-01-st01,https://cdn.shopify.com/s/files/1/0727/8355/files/ST01_1_739698ae-4a9c-47d1-a502-72c5f6c5bb97_600x600.png?v=1772629440
gundam,model_kit,USA Gundam Store,retailer,us,MG Blazing Spirits 1/100 scale Master Gundam model kit,84.99,,,USD,New,https://www.usagundamstore.com/products/blazing-spirits-1-100-scale-master-gundam-model-kit,https://cdn.shopify.com/s/files/1/0727/8355/files/4AA0D66D-83CB-4253-A069-CA669AAD81DC_600x600.jpg?v=1778956739
gundam,model_kit,USA Gundam Store,retailer,us,HGTWFM 1/144 #03 Gundam Aerial,17.99,,,USD,New,https://www.usagundamstore.com/products/hgtwfm-1-144-03-gundam-aerial,https://cdn.shopify.com/s/files/1/0727/8355/products/189_5174_s_p0k6t0dftb22biju3b0wfu8ra8sw_060a394f-fbff-4a9a-9570-5ba95c69e3ac_600x600.jpg?v=1762278269
gundam,other,USA Gundam Store,retailer,us,GM301 Gundam Marker Black (Pour Type),3.99,,,USD,New,https://www.usagundamstore.com/products/black-pour-type-gundam-marker-gm301p,https://cdn.shopify.com/s/files/1/0727/8355/products/51iaw6gc62L._AC_SL1150__1_29bd7b95-340b-4139-9769-c48fdaf5c86f_600x600.jpg?v=1762272593
gundam,model_kit,USA Gundam Store,retailer,us,MG 1/100 Gundam Barbatos Lupus,83.99,,,USD,New,https://www.usagundamstore.com/products/mg-1-100-gundam-barbatos-lupus,https://cdn.shopify.com/s/files/1/0727/8355/files/ZnclMZfgWJyMn2Pg_f6331e6e-c64f-4b0b-a8ba-8fbee8699f47_600x600.jpg?v=1763476582
gundam,model_kit,USA Gundam Store,retailer,us,MG 1/100 ASW-G-XX Gundam Vidar,72.99,,,USD,New,https://www.usagundamstore.com/products/mg-1-100-asw-g-xx-gundam-vidar,https://cdn.shopify.com/s/files/1/0727/8355/files/153_6312_s_rvilif532m0xhisnf9sccodwstnt_8201eaf8-f10e-418d-ba86-ed5311b34909_600x600.jpg?v=1756306929
gundam,model_kit,USA Gundam Store,retailer,us,MGSD Gundam Barbatos Model Kit,54.99,,,USD,New,https://www.usagundamstore.com/products/mgsd-gundam-barbatos,https://cdn.shopify.com/s/files/1/0727/8355/files/153_5863_o_1hckgk9vf3cb14v2mgh1m091utm23_37c6a1c9-2479-49b8-b744-641a900e72c4_600x600.jpg?v=1762280928
gundam,model_kit,USA Gundam Store,retailer,us,MG 1/100 Gundam Epyon (EW Ver.),54.99,,,USD,New,https://www.usagundamstore.com/products/mg-1-100-gundam-epyon-ew-ver,https://cdn.shopify.com/s/files/1/0727/8355/products/30195c6d-3844-46e1-a9de-09355e081a25_600x600.jpg?v=1762198152
gundam,model_kit,USA Gundam Store,retailer,us,MG 1/100 ASW-G-08 Gundam Barbatos,60.99,,,USD,New,https://www.usagundamstore.com/products/mg-1-100-asw-g-08-gundam-barbatos,https://cdn.shopify.com/s/files/1/0727/8355/products/a2e9c4f9-0edd-4a06-987b-9b179fbe8e54_600x600.jpg?v=1762270682
gundam,other,USA Gundam Store,retailer,us,GM02 Gray Fine Point Gundam Marker,3.39,,,USD,New,https://www.usagundamstore.com/products/gsi-creos-gray-fine-point-gundam-marker,https://cdn.shopify.com/s/files/1/0727/8355/products/greyp_600x600.jpg?v=1762272578
gundam,model_kit,USA Gundam Store,retailer,us,HGTWFM 1/144 #19 Gundam Aerial Rebuild,22.99,,,USD,New,https://www.usagundamstore.com/products/hg-1-144-gundam-aerial-rebuild,https://cdn.shopify.com/s/files/1/0727/8355/products/153_5238_o_1gob4hha23q91daa1rt2v72e3p23_d2d00039-eeb7-4f1b-b201-0c748a53efd9_600x600.jpg?v=1762279507
gundam,other,USA Gundam Store,retailer,us,Gundam Color (Semi-Gloss) Series,3.5,,,USD,New,https://www.usagundamstore.com/products/gundam-color-10ml-semi-gloss-series,https://cdn.shopify.com/s/files/1/0727/8355/products/gundam-color-collection_2_600x600.jpg?v=1762199099
gundam,model_kit,USA Gundam Store,retailer,us,HGIBO 1/144 #008 Gundam Gusion,16.99,,,USD,New,https://www.usagundamstore.com/products/hg-ibo-1-144-08-gundam-gusion,https://cdn.shopify.com/s/files/1/0727/8355/products/5e35ff2c-d67b-4252-9bca-6e7b476642d2_600x600.jpg?v=1762198575
gundam,model_kit,USA Gundam Store,retailer,us,MG 1/100 Gundam Deathscythe EW,43.99,,,USD,New,https://www.usagundamstore.com/products/mg-1-100-gundam-deathscythe-ew,https://cdn.shopify.com/s/files/1/0727/8355/products/153_2706_s_e5vizy8379hu4yvwaehr6u4v26tp_5e2cf195-1ff0-4550-8727-04709a5aef14_600x600.jpg?v=1762198514
gundam,model_kit,USA Gundam Store,retailer,us,HGAC 1/144 #236 Gundam Heavyarms,19.99,,,USD,New,https://www.usagundamstore.com/products/hgac-1-144-236-gundam-heavyarms,https://cdn.shopify.com/s/files/1/0727/8355/products/6a34a7a2-0954-4c7b-ba1b-52fb0f8e6683_600x600.jpg?v=1762272329
gundam,model_kit,USA Gundam Store,retailer,us,HGTWFM 1/144 #17 Gundam Lfrith UR,24.99,,,USD,New,https://www.usagundamstore.com/products/hgtwfm-1-144-17-gundam-lfrith-ur,https://cdn.shopify.com/s/files/1/0727/8355/products/153_5236_s_h8s552obt3fuq1g5kcg3r663vagw_07acfcc1-2ede-4005-9638-1fbbcd5d7f55_600x600.jpg?v=1762278827
gundam,model_kit,USA Gundam Store,retailer,us,HGAGE 1/144 #29 Gundam Legilis,19.99,,,USD,New,https://www.usagundamstore.com/products/hg-1-144-29-gundam-age-gundam-legilis,https://cdn.shopify.com/s/files/1/0727/8355/files/153_4560_s_ae9fbce7drfipnczrqyw8ss73vjj_53a681fc-3e6d-4a67-aa67-7f4a3f485c4b_600x600.jpg?v=1762201098
gundam,model_kit,USA Gundam Store,retailer,us,HG-IBO 1/144 #01 Gundam Barbatos,13.99,,,USD,New,https://www.usagundamstore.com/products/hg-ibo-1-144-001-gundam-barbatos,https://cdn.shopify.com/s/files/1/0727/8355/products/9f9fe3f1-f9a8-4201-904c-30939796b9c1-removebg_600x600.png?v=1762198503
gundam,model_kit,USA Gundam Store,retailer,us,HGIBO 1/144 #47 Gundam Zagan,35.99,,,USD,New,https://www.usagundamstore.com/products/hgibo-1-144-monkey-lody-copy,https://cdn.shopify.com/s/files/1/0727/8355/files/vzvhit2WrqS20puq_e012ba2b-cc9a-40ec-a267-45b46d39be91_600x600.jpg?v=1764614473
gundam,model_kit,USA Gundam Store,retailer,us,Gundam Assemble Deluxe Set 03 (DX03),169.99,,,USD,New,https://www.usagundamstore.com/products/gundam-assemble-deluxe-set-03-dx03,https://cdn.shopify.com/s/files/1/0727/8355/files/2825421_GA_DX03_EN_1_600x600.jpg?v=1784315251
gundam,model_kit,USA Gundam Store,retailer,us,HGTWFM 1/144 #07 Gundam Pharact,24.99,,,USD,New,https://www.usagundamstore.com/products/hgtwfm-1-144-07-gundam-pharact,https://cdn.shopify.com/s/files/1/0727/8355/products/153_5181_o_1gje38mmn10fc10hfqfi1gh31bcp23_c8a05d01-f94b-47d2-ac96-6eb65661d654_600x600.jpg?v=1762278271
gundam,model_kit,USA Gundam Store,retailer,us,MG 1/100 RX-178 Gundam Mk-II (Ver 2.0),48.99,,,USD,New,https://www.usagundamstore.com/products/mg-1-100-rx-178-gundam-mk-ii-ver-2-0,https://cdn.shopify.com/s/files/1/0727/8355/products/82c65dfc-e331-401b-8172-526b8c5c0f20_600x600.jpg?v=1762197922
gundam,model_kit,USA Gundam Store,retailer,us,HGAW 1/144 #271 Gundam Virsago,35.99,,,USD,New,https://www.usagundamstore.com/products/hg-1-144-gundam-virsago,https://cdn.shopify.com/s/files/1/0727/8355/files/2825358_HG1_144GUNDAMVIRSAGO_1_600x600.jpg?v=1780007637
gundam,other,USA Gundam Store,retailer,us,GM03 Gundam Marker Brown (Fine),3.99,,,USD,New,https://www.usagundamstore.com/products/gm03-brown-fine-point-gundam-marker,https://cdn.shopify.com/s/files/1/0727/8355/products/brownp_600x600.jpg?v=1762272578
gundam,model_kit,USA Gundam Store,retailer,us,RG 1/144 #27 Unicorn Gundam 02 Banshee Norn,53.99,,,USD,New,https://www.usagundamstore.com/products/rg-1-144-27-unicorn-gundam-02-banshee-norn,https://cdn.shopify.com/s/files/1/0727/8355/products/84f27c91-faf2-4d30-b95d-62ced9fb1515_600x600.jpg?v=1762201057
zoid,other,eBay,marketplace,us,Original Tomy Zoids Liger Zero 041 Motorized Walking Action Model Kit- Open Box,85.0,,True,USD,Used,https://www.ebay.com/itm/168682371490?_skw=zoids&hash=item274640b9a2:g:04oAAeSwmXNqpM5i,https://i.ebayimg.com/images/g/04oAAeSwmXNqpM5i/s-l225.jpg
zoid,model_kit,eBay,marketplace,us,Zoids HMM 030 RZ-041 Liger Zero Jager Marking Plus 1/72 model kit Kotobukiya,99.99,0.0,False,USD,New,https://www.ebay.com/itm/389472469442?_skw=zoids&hash=item5aae5e41c2:g:cXEAAeSwek1pYKfF,https://i.ebayimg.com/images/g/cXEAAeSwek1pYKfF/s-l225.jpg
zoid,other,eBay,marketplace,us,2002 HASBRO ZOIDS WHITE LIGER SOUNDS & LIGHTS ROBOT TIGER ( works ) ^,19.99,0.0,False,USD,Used,https://www.ebay.com/itm/178471185877?_skw=zoids&hash=item298db62dd5:g:TUYAAeSwT-hqnJDN,https://i.ebayimg.com/images/g/TUYAAeSwT-hqnJDN/s-l225.jpg
zoid,other,eBay,marketplace,us,Please Read!! Realize Model Zoids RMZ-003 Command Wolf Tomy 1/100 Scale Model,29.0,0.0,False,USD,New,https://www.ebay.com/itm/327202929719?_skw=zoids&hash=item4c2ed07c37:g:LjwAAeSw0GVqJvsn,https://i.ebayimg.com/images/g/LjwAAeSw0GVqJvsn/s-l225.jpg
zoid,other,eBay,marketplace,us,Red Horn ZOIDS RMZ-014 Styracosaurus Type 1/100 Model Kit,55.69,6.0,False,USD,New,https://www.ebay.com/itm/257737765336?_skw=zoids&hash=item3c025e31d8:g:4HYAAeSwe-pqhmdl,https://i.ebayimg.com/images/g/4HYAAeSwe-pqhmdl/s-l225.jpg
zoid,model_kit,eBay,marketplace,us,ZOIDS NEW CENTURY ZERO: COMPLETE SERIES DVD,29.99,0.0,False,USD,Like New,https://www.ebay.com/itm/318855419290?_skw=zoids&hash=item4a3d43959a:g:j4AAAeSwbsZqmgE7,https://i.ebayimg.com/images/g/j4AAAeSwbsZqmgE7/s-l225.jpg
zoid,model_kit,eBay,marketplace,us,Takara Tomy Realize Model Kit: ZOIDS RMZ-001 Blade Liger Lion Type 1/100 Scale,69.95,0.0,False,USD,New,https://www.ebay.com/itm/358729919663?_skw=zoids&hash=item5385f82caf:g:vSUAAeSwfzxpGWw1,https://i.ebayimg.com/images/g/vSUAAeSwfzxpGWw1/s-l225.jpg
zoid,model_kit,eBay,marketplace,us,Zoids New Century Zero Anime Complete Series Episodes 1-26 English Audio,21.99,0.0,False,USD,,https://www.ebay.com/itm/285739804237?_skw=zoids&hash=item42876b664d:g:owMAAeSwzCJqU~6w,https://i.ebayimg.com/images/g/owMAAeSwzCJqU~6w/s-l225.jpg
zoid,model_kit,eBay,marketplace,us,Zoids Energy Liger 1/72 Action Figure Model Kit NEW w Box Issues READ 2003,119.99,,False,USD,New,https://www.ebay.com/itm/307168480158?_skw=zoids&hash=item4784ab0b9e:g:vXYAAeSwKAJqn7pC,https://i.ebayimg.com/images/g/vXYAAeSwKAJqn7pC/s-l225.jpg
zoid,model_kit,eBay,marketplace,us,Zoids HMM034 RZ-046 Shadow Fox Marking Plus ver. 1/72 model kit Kotobukiya,84.99,0.0,False,USD,New,https://www.ebay.com/itm/147421401092?_skw=zoids&hash=item2253001004:g:EcgAAeSwVplqTGoU,https://i.ebayimg.com/images/g/EcgAAeSwVplqTGoU/s-l225.jpg
zoid,model_kit,eBay,marketplace,us,Kotobukiya Zoids RZ-041 Liger Zero Panzer Marking Plus Ver. 1/72 Scale Model Kit,129.95,0.0,False,USD,New,https://www.ebay.com/itm/147544807639?_skw=zoids&hash=item225a5b18d7:g:z4AAAeSw0EJqoW3O,https://i.ebayimg.com/images/g/z4AAAeSw0EJqoW3O/s-l225.jpg
zoid,model_kit,eBay,marketplace,us,Kotobukiya Zoids Highend Master HMM Death Stinger Hiltz Special 2000 Recolor Mod,175.0,0.0,False,USD,New,https://www.ebay.com/itm/147557544171?_skw=zoids&hash=item225b1d70eb:g:FqAAAeSwivNqn~Iw,https://i.ebayimg.com/images/g/FqAAAeSwivNqn~Iw/s-l225.jpg
zoid,model_kit,eBay,marketplace,us,Takara Tomy Zoids Blade Liger RMZ-001 1:100 Action Plastic Model Kit,50.0,,False,USD,New,https://www.ebay.com/itm/188921504001?_skw=zoids&hash=item2bfc996101:g:l30AAeSwOZRqpX8X,https://i.ebayimg.com/images/g/l30AAeSwOZRqpX8X/s-l225.jpg
zoid,model_kit,eBay,marketplace,us,Zoids New Century Zero Anime Complete Series Episodes 1-26 English Audio,24.99,0.0,False,USD,,https://www.ebay.com/itm/394077460701?_skw=zoids&hash=item5bc0d8d8dd:g:f5QAAOSwMzthcX~y&amdata=enc%3AAQALAAAA4ACCtXRWQnOEpyOqnQQ8KGaypV%2BHKo5bqy2gQ5fvGk38PW0KodtvnunJJdJLyx6%2BeY9qI20d1soXs1RdW9fOaD7X6GrhW4LZT%2FeDQiq6m92EMo2pPrRl232MgQxi4iUhEbW6CEWgIMk6B6Ueg7Aa4wrD3030UU012dPXWW7ehTkiDWmuUlpdIkf53t8wO0VOrH%2BAjnDCpGhHyVVT5XBMH3UZpisLmCUBFbokY1O6YPPm8eDrEkyka9vb2WOEvefYuvWqVWdCYVfQgK3sqCwUb7F5th6NBI32mn0JfARLMmaX,https://i.ebayimg.com/images/g/f5QAAOSwMzthcX~y/s-l225.jpg
zoid,model_kit,eBay,marketplace,us,Zoids Chaotic Century Complete Anime Series Ep 1-67  Audio option in description,34.99,0.0,False,USD,,https://www.ebay.com/itm/395168208416?_skw=zoids&hash=item5c01dc5620:g:HQEAAOSw1BdhcWrD&amdata=enc%3AAQALAAAA4ACCtXRWQnOEpyOqnQQ8KGYa9NEZUw%2FIxtJhzQ8PFAaM%2FoI5UQpntcod6BWLt%2BoL%2FCMv%2BggAvTBgjErB9DMxJFGEeEZsqUMCq5RYxrwxTzYTjvEQjc2QztwbM7SOJe2mrkJsFD1SCSjvg%2FoCckrHZuCtOeUdoUtd%2F6J8b4KP%2BETLVz5OZGwFLeoh5%2FP3v6xRYkIhLc65UMFYPT%2FT7AoLTSpizXXyIGwT3jcO%2Ff4X%2Bt%2BjEuydNhxor7PB%2B8rsrtc81s0Jq1rv5S6pji9DI7s7e8arKNmELhgGfii%2FxjPW4tju,https://i.ebayimg.com/images/g/HQEAAOSw1BdhcWrD/s-l225.jpg
zoid,model_kit,eBay,marketplace,us,TOMY Zoids Shot Eagle RTF-01/TF-01 Vintage 80’s Robot Figure NIB,999.0,35.0,False,USD,New,https://www.ebay.com/itm/257710753925?_skw=zoids&hash=item3c00c20885:g:qZEAAeSwu7ZqkyeJ&amdata=enc%3AAQALAAAA4ACCtXRWQnOEpyOqnQQ8KGbjtCfCEN6VaZtASZsHv16H0BqcbAN4BoQae4vYjhg%2BJYMb%2BB2jGU1AX8cUw1DHBtQKn3l7dznwAE%2BRrMYHNu7MZF0oqkylM1%2FokBFLatzp2As%2B%2F2kor%2BnrgjTD1fL8EB5Ni5nNvnE4qVwa%2FRMB5WhZ1lzHEBXm51%2F4hP0Z1ffs54MsRNVZpJ4vRQMnbFHNWrw2kIWYO6AhgiXn%2FGZRrk7wegD%2BJOq8VMfIQPBUItc8UjonTiPEiQy7LU13jgv9ww9YcS%2FCYKJmldBSdWwBCgCf,https://i.ebayimg.com/images/g/qZEAAeSwu7ZqkyeJ/s-l225.jpg
zoid,other,eBay,marketplace,us,Zoids Tony Battle Cougar,35.0,6.65,False,USD,Used,https://www.ebay.com/itm/407205278460?_skw=zoids&hash=item5ecf5372fc:g:9RcAAeSw1INqhgt3,https://i.ebayimg.com/images/g/9RcAAeSw1INqhgt3/s-l225.jpg
zoid,other,eBay,marketplace,us,"Zoid parts - Liger Zero, Panzer, Schnider, Jager, Phenoix and many other zoids/p",80.0,,False,USD,Used,https://www.ebay.com/itm/398388230883?_skw=zoids&hash=item5cc1c9fae3:g:7a4AAeSwpalqpZvf,https://i.ebayimg.com/images/g/7a4AAeSwpalqpZvf/s-l225.jpg
zoid,model_kit,eBay,marketplace,us,ZOIDS -- Choose from Many different Kits -- New in Boxes -- Kotobukiya HMM Kits,60.0,7.5,False,USD,New,https://www.ebay.com/itm/116111516242?_skw=zoids&hash=item1b08c92252:g:VS0AAOSwqllnyOL5,https://i.ebayimg.com/images/g/VS0AAOSwqllnyOL5/s-l225.jpg
zoid,model_kit,eBay,marketplace,us,Kotobukiya Zoids Gun Sniper Leena Special Re/Color HMM 1:72 Model Kit NEW/IN-BOX,65.0,7.49,False,USD,New,https://www.ebay.com/itm/227510581742?_skw=zoids&hash=item34f8aff9ee:g:lhYAAeSwuVhqlbLx,https://i.ebayimg.com/images/g/lhYAAeSwuVhqlbLx/s-l225.jpg
zoid,other,eBay,marketplace,us,Mixed Lot of 18 Vintage Zoids (see Pics),299.99,,False,USD,Used,https://www.ebay.com/itm/227518315333?_skw=zoids&hash=item34f925fb45:g:Dm4AAeSw7U5qpU4h,https://i.ebayimg.com/images/g/Dm4AAeSw7U5qpU4h/s-l225.jpg
zoid,other,eBay,marketplace,us,Zoids Hasbro Mixed Lot 10+ Parts And Kits,80.0,,False,USD,Used,https://www.ebay.com/itm/257725198252?_skw=zoids&hash=item3c019e6fac:g:Ff8AAeSwZQNqnBEP,https://i.ebayimg.com/images/g/Ff8AAeSwZQNqnBEP/s-l225.jpg
zoid,model_kit,eBay,marketplace,us,Zoids Tomy Action Figure Model Kit 1/72 Zoids Zabat Original Box & Instructions,70.0,,True,USD,Used,https://www.ebay.com/itm/168682381719?_skw=zoids&hash=item274640e197:g:7poAAeSwuvJqpNL0,https://i.ebayimg.com/images/g/7poAAeSwuvJqpNL0/s-l225.jpg
zoid,model_kit,eBay,marketplace,us,Hasbro Zoids Gojulas Giga 2002 Model Kit 1/72 Scale,135.0,,False,USD,New,https://www.ebay.com/itm/278365530387?_skw=zoids&hash=item40cfe0e913:g:YL4AAeSwl9hqpEZG,https://i.ebayimg.com/images/g/YL4AAeSwl9hqpEZG/s-l225.jpg
zoid,other,eBay,marketplace,us,2000 Tomy Zoids Storm Sworder RZ-029 Pteranodon Type 1/72,42.97,0.0,False,USD,Used,https://www.ebay.com/itm/188830415386?_skw=zoids&hash=item2bf72b7a1a:g:-BEAAeSwpLBqil9j,https://i.ebayimg.com/images/g/-BEAAeSwpLBqil9j/s-l225.jpg
zoid,model_kit,eBay,marketplace,us,Tomy Zoids  20 Jager Unit Customize Parts - Original Model Kit Open Box SHPS FRE,101.23,0.0,False,USD,Used,https://www.ebay.com/itm/168682141577?_skw=zoids&hash=item27463d3789:g:pDIAAeSw32NqpK1V,https://i.ebayimg.com/images/g/pDIAAeSw32NqpK1V/s-l225.jpg
zoid,other,eBay,marketplace,us,Zoids RMZ-008 Command Wolf Irvine Special Action Plastic Model Kit,58.22,0.0,False,USD,New,https://www.ebay.com/itm/257593781693?_skw=zoids&hash=item3bf9c92dbd:g:fgQAAeSwnx1qQhpl,https://i.ebayimg.com/images/g/fgQAAeSwnx1qQhpl/s-l225.jpg
zoid,other,eBay,marketplace,us,2002 Hasbro Tomy Zoids Figures And Parts Lot - Please Read!!,75.0,0.0,False,USD,Used,https://www.ebay.com/itm/198593713457?_skw=zoids&hash=item2e3d1b9531:g:DzgAAeSwja9qjWU3,https://i.ebayimg.com/images/g/DzgAAeSwja9qjWU3/s-l225.jpg
zoid,other,eBay,marketplace,international,ZOIDS Liger Zero Holotech 041 Toys Dream Project Limited Figure New Kit,97.0,22.0,False,USD,Used,https://www.ebay.com/itm/147564292182?_skw=zoids&hash=item225b846856:g:ACMAAeSw7mFqorFD&amdata=enc%3AAQALAAAA4ACCtXRWQnOEpyOqnQQ8KGadegLee4M6T8zAj1%2BwUiF%2FCPNbrzB6uDZevIO9whoow2%2BFDVWba0AHk416Frc6PWd8oV6ah%2BOKJRJW0rxftzHCYcm6Yo75Ny%2FMsu0%2FKXRgRcZnxvWsMWjsFuBoHQt%2FkYQXMfiwmkN7gj%2F7MYqmkDc6ndXxCmqxYV3M06zZeBAsxdmQtABsGcGtNUu%2BNo6oUYNATBXmnlUbPTG7j77UcmaEtx1O1%2FicVCh3lw6sN0PRK347CkYK0ZLnxTv%2BmREpba3l25%2FHBqp8pQ21F1eh7R5v,https://i.ebayimg.com/images/g/ACMAAeSw7mFqorFD/s-l225.jpg
zoid,model_kit,eBay,marketplace,us,Zoids New Century Zero Anime Complete Serie Episodes 1-26 English Audio,24.99,0.0,False,USD,,https://www.ebay.com/itm/374024991754?_skw=zoids&hash=item5715a0740a:g:YjoAAOSwtKhhVL1D&amdata=enc%3AAQALAAAA4ACCtXRWQnOEpyOqnQQ8KGZhot5wSWKsUzouLqMAUQKdzSapo0GidjwZqL%2B6AGVLcY0IpRMDVjxpHWyIyh9Qt%2BrRrxjnqxR6iWaRg5kwHVyYrgPSlgO8VqsRTvA10GnPnmEHI5WvVXdiS5243j3fpl3Bsy8e1iKoaRWRE4tZai3IaliTys5w6Z7V7ir288A9q9oqEs7L%2F5JYiOeDoQyhRIjynif%2FdG71iXAELPCME8q6CG02beEAuiIcjr1G%2BAKHQ1F%2FDiUd2OEWvCZr28yGs7hUIGUSJHkc%2FSzqr7vhlNGl,https://i.ebayimg.com/images/g/YjoAAOSwtKhhVL1D/s-l225.jpg
zoid,model_kit,eBay,marketplace,us,NEW ZOIDS HMM 1/72 SCALE GENO BREAKER PLASTIC MODEL KIT,150.0,0.0,False,USD,,https://www.ebay.com/itm/158243555600?_skw=zoids&hash=item24d80d0910:g:TakAAeSw-MtqlcY1&amdata=enc%3AAQALAAAA4ACCtXRWQnOEpyOqnQQ8KGbv2OMcWXV9LkC7Bn7o15T3RniY6yICElDIogV0dpbbDeyK%2Fl7COtp9koJgngxMun7gYt%2BBoPCcvaQGdB%2FNkqhrqQkGCh9JG0OUp3Tq%2Bq1t%2Bxv4cAMD3Qh9bl6%2FW6QAv17IWFBT3EGhLnl5csy%2BYgVkAfWpeaEodTVRu8Yuyc4fyGdkdXJJiDZENAUMfbML9kdkM8RgmQiCSN5eh3Plqrd2qq7f%2BoraEUWk%2Fkv5Jay5cO5XAzRTZl6pIMBptituwOFtI2eCOEvzV8W5zg4zES9t,https://i.ebayimg.com/images/g/TakAAeSw-MtqlcY1/s-l225.jpg
zoid,model_kit,eBay,marketplace,us,NEW ZOIDS HMM 1/72 SCALE HEAVY ARMS KONIG WOLF PLASTIC MODEL KIT,250.0,0.0,False,USD,,https://www.ebay.com/itm/158243544939?_skw=zoids&hash=item24d80cdf6b:g:FL0AAeSwva1qlcS0&amdata=enc%3AAQALAAAA4ACCtXRWQnOEpyOqnQQ8KGY1uDcZJqhyPA8mmBXJSUlJG0VwWkAMdej%2BF9RN14Nu%2Blx9opHZo2FYZoFbIA8M83yjFYYtR19k2VBUZk0o8pW23lyAnR4Lru48Y1LRWX09LXSZHX4m%2B6Hnhl0b%2FATIDhTbMWi3z75z1kwJgXIbtheBbyGp09am0DtK545B96tdxgRqUq3pEMoDmMIlTlL436hx%2FY%2B4uXivtKgjQ1EYh2XHpl7lGJlA5fYltuXvDfkn1vbpI%2BvW8v7oA1C%2BKMKEeaSc0c3jBiB%2BPcZyjM3nBSPf,https://i.ebayimg.com/images/g/FL0AAeSwva1qlcS0/s-l225.jpg
zoid,model_kit,eBay,marketplace,us,Vintage 1980s Tomy Zoids Mammoth RBOZ-002 Toy Untested! See Details & Pics BGW,99.99,,False,USD,Used,https://www.ebay.com/itm/237061551844?_skw=zoids&hash=item3731f836e4:g:HCMAAeSwwQRqouj6,https://i.ebayimg.com/images/g/HCMAAeSwwQRqouj6/s-l225.jpg
zoid,other,eBay,marketplace,us,Takara Tomy T-Spark ZOIDS RMZ-016 Blade Liger Panzer (ZBF) 1/100 Model Kit,89.95,0.0,False,USD,New,https://www.ebay.com/itm/137708135210?_skw=zoids&hash=item20100b632a:g:XNkAAeSwFqxqpan~,https://i.ebayimg.com/images/g/XNkAAeSwFqxqpan~/s-l225.jpg
zoid,other,eBay,marketplace,us,Zoids Dark Spiner #060 99% Complete - Manual & Sticker Sheet,39.95,14.55,False,USD,Used,https://www.ebay.com/itm/188748873304?_skw=zoids&hash=item2bf24f3e58:g:toUAAeSwaTJqcpSU,https://i.ebayimg.com/images/g/toUAAeSwaTJqcpSU/s-l225.jpg
zoid,model_kit,eBay,marketplace,us,Vintage Original Tomy Zoids Gravity Ptera Bird Model Kit - Open Box,72.0,,True,USD,Used,https://www.ebay.com/itm/168682334581?_skw=zoids&hash=item2746402975:g:zuIAAeSwS2xqpMjn,https://i.ebayimg.com/images/g/zuIAAeSwS2xqpMjn/s-l225.jpg
zoid,model_kit,eBay,marketplace,us,Zoids HMM 002 RZ-009 Command Wolf AC&LC Marking Plus 1/72 model kit Kotobukiya,99.99,0.0,False,USD,New,https://www.ebay.com/itm/389472455614?_skw=zoids&hash=item5aae5e0bbe:g:KN0AAeSwWBRpYKYG,https://i.ebayimg.com/images/g/KN0AAeSwWBRpYKYG/s-l225.jpg
zoid,other,eBay,marketplace,us,Takara Tomy ZOIDS AZ-03EX Murasame Liger Lion Type Original Color 1/72 Model Kit,113.95,0.0,False,USD,New,https://www.ebay.com/itm/147562145363?_skw=zoids&hash=item225b63a653:g:GEUAAeSwEutqpC0Y,https://i.ebayimg.com/images/g/GEUAAeSwEutqpC0Y/s-l225.jpg
zoid,model_kit,eBay,marketplace,us,Zoids Chaotic Century & New Century Complete Series DVD Lot 17 Anime Volumes,995.0,0.0,False,USD,Like New,https://www.ebay.com/itm/318846543990?_skw=zoids&hash=item4a3cbc2876:g:om0AAeSwZCFqoNsW&amdata=enc%3AAQALAAAA4ACCtXRWQnOEpyOqnQQ8KGZMd58zkVvw4KLyRsCBTrCFD8yoGGLUyMg8lBBCa%2B1r5XInUuVSTNA%2BcKGt8d2hDKTJzJ8jDKnex1cxS%2FdS0DBF%2FHFTHFpTNRYfhwSTe50wMabUMAqqFtB0to1ieSA%2FhpqgNOe1Wvz4AlxKUqWC5Zv8hwkXx6dEk%2F%2BG5zWBjWFVNxIRlGIjCJVSSFrUhwnRe%2FQWBMmC0V5uIR30s05CN1nochfAzjhHr40EsYczrl4g8rUUZwEvFp8ofg%2B6PRuQS9ORqlTh2O0xQKyyanaqFG4w,https://i.ebayimg.com/images/g/om0AAeSwZCFqoNsW/s-l225.jpg
zoid,model_kit,eBay,marketplace,us,Zoids Chaotic Century Complete Anime Series Ep 1-67 Audio option in description,34.99,0.0,False,USD,,https://www.ebay.com/itm/373797966111?_skw=zoids&hash=item570818511f:g:IEoAAOSwRchhVLC3&amdata=enc%3AAQALAAAA4ACCtXRWQnOEpyOqnQQ8KGZqmDoTSrEX4YsIUNDiEvQq%2Fj6sWBvwSruk%2BrA%2Fem5oawSMTxCtUYoepH985E7paxrAMvpo99fvA%2BDYAq7ckXhx9G%2BiF6HHxcOCOvJ5Vk0tEfrqQuePQUZ3iJbdQwaq3ZDLQaDF8eAlkj8XtLd6ZBC9npTBXAPoSnRmXxK9kP%2B%2FTNVdFGdONOG1dtVxuq8YeZAlimbPc5aH0bWjPy8m4ALLa0Qe6e8yZpDkSPu4BxsgganNG5kf%2BlLTwb4DaBJ51hTnQENZP4qWdPmJttupK%2F4D,https://i.ebayimg.com/images/g/IEoAAOSwRchhVLC3/s-l225.jpg
zoid,model_kit,eBay,marketplace,us,*NEW* Hasbro ZOIDS Metalrhimos Wind-Up Motor Model Kit Vintage 2002,49.95,,False,USD,New,https://www.ebay.com/itm/800642513710?_skw=zoids&hash=itemba6a033b2e:g:7TwAAeSwSoBqowFH,https://i.ebayimg.com/images/g/7TwAAeSwSoBqowFH/s-l225.jpg
zoid,model_kit,eBay,marketplace,us,Zoids HMM 022 Liger Zero Panzer Unit Marking Plus 1/72 model kit Kotobukiya,59.99,0.0,False,USD,New,https://www.ebay.com/itm/389472526638?_skw=zoids&hash=item5aae5f212e:g:yRIAAeSw1q5pYKv-,https://i.ebayimg.com/images/g/yRIAAeSw1q5pYKv-/s-l225.jpg
zoid,model_kit,eBay,marketplace,us,Zoids HMM 026 Liger Zero Schneider Unit Marking Plus 1/72 model kit Kotobukiya,110.0,0.0,False,USD,New,https://www.ebay.com/itm/407208313743?_skw=zoids&hash=item5ecf81c38f:g:Nu4AAeSwMxxqoZyo,https://i.ebayimg.com/images/g/Nu4AAeSwMxxqoZyo/s-l225.jpg
zoid,other,eBay,marketplace,us,Zoids Battle Champions mini figures Hasbro Asst 83129/83121 sealed package,85.0,10.0,False,USD,New,https://www.ebay.com/itm/117327335262?_skw=zoids&hash=item1b51410f5e:g:EowAAeSwJM5qaPfg,https://i.ebayimg.com/images/g/EowAAeSwJM5qaPfg/s-l225.jpg
zoid,model_kit,eBay,marketplace,us,Zoids 1/72 Command Wolf Repackage Ver. Kotobukiya HMM 002 Model Kit NEW,70.0,0.0,False,USD,New,https://www.ebay.com/itm/188841122365?_skw=zoids&hash=item2bf7ceda3d:g:YmgAAeSww45qjhrL,https://i.ebayimg.com/images/g/YmgAAeSww45qjhrL/s-l225.jpg
zoid,model_kit,eBay,marketplace,us,"ZOIDS Blox - MATRIX DRAGON FZ-019 (Unassembled, Complete) Tomy 2004 US seller",100.0,,False,USD,Used,https://www.ebay.com/itm/287499422808?_skw=zoids&hash=item42f04d0c58:g:28wAAeSwD-lqXphI,https://i.ebayimg.com/images/g/28wAAeSwD-lqXphI/s-l225.jpg
zoid,model_kit,eBay,marketplace,us,Marvel ZOIDS Special Collected Comics #1 UK 1986,14.99,,False,USD,Good,https://www.ebay.com/itm/227517320230?_skw=zoids&hash=item34f916cc26:g:OycAAeSwgQFqpEJl,https://i.ebayimg.com/images/g/OycAAeSwgQFqpEJl/s-l225.jpg
zoid,other,eBay,marketplace,us,Zoids Helcat Panther Type 023 TOMY,39.0,12.75,False,USD,New,https://www.ebay.com/itm/188918044077?_skw=zoids&hash=item2bfc6495ad:g:TWoAAeSwSbhqpG8s,https://i.ebayimg.com/images/g/TWoAAeSwSbhqpG8s/s-l225.jpg
zoid,model_kit,eBay,marketplace,international,Takara Tomy ZOIDS X Evangelion Xeno Rex Test Type-01 SYNERGENEX 2026 Japan,89.99,39.99,False,USD,New,https://www.ebay.com/itm/820121913394?_skw=zoids&hash=itembef3134832:g:zLAAAeSw4~Bqpp6n&amdata=enc%3AAQALAAAA4ACCtXRWQnOEpyOqnQQ8KGaH3ivZvDMmWunJF0qQMQ5T5OW64JGAF4fSzY8CkTbInnAJSATv%2BLqththShKAhVnM9s18nR4gC2pC0qhdBmC3BmK%2BOZHo2s7DUrUZIMb8TsRtnW2EeWQkvtUtd3dTE4pW1Z%2BrwlIh8Qe0%2Fz0IYKQcicHPXEe96DScuH1%2FiTWupW23mXTxJCWl1pqozkXJVWnaU7bZpHoXu3zYWCOBD8%2FsCNoQ2FYj5x1iTZ1joPmbfCAyM%2Fo0nQ90CgkBjikDphz1nbftjJ6G7k2oY5%2FFGYNFR,https://i.ebayimg.com/images/g/zLAAAeSw4~Bqpp6n/s-l225.jpg
zoid,other,eBay,marketplace,us,Hasbro Zoids Red Horn Triceratops Action Figure Transformable w/ Weapon 2002,70.0,0.0,False,USD,New,https://www.ebay.com/itm/318768918861?_skw=zoids&hash=item4a381bb14d:g:~SEAAeSwM8pqPhsq&amdata=enc%3AAQALAAAA4ACCtXRWQnOEpyOqnQQ8KGa2YGoVSPDU9awG0YstNkVBkF7hMgUk4MSridZNbK4tMB7bEOZHbmMp9ywPAPv2510MrScCh23sa8Fo%2Bw5kdBn4%2Biyhyz0ysyOKJMbzWOlEt6bGhjVNEG0449BVfzBfk31ysIqCHBdQT1UoY98uGjo0bPdRJGMXHFY%2BiDM0xpu3rjDE%2FQeFYL4JL%2B7prjlbew9PU2FGfNtBjqkB2lb4BuOAgJ6IYDMHgLr67QCCNfewIrF1I83uIkHqKuMVu41cEMGJhQx0dJeODS4IatnlPyG7,https://i.ebayimg.com/images/g/~SEAAeSwM8pqPhsq/s-l225.jpg
zoid,other,eBay,marketplace,us,Hasbro Zoids Red Horn Triceratops Action Figure Transformable w/ Weapon 2002,70.0,0.0,False,USD,New,https://www.ebay.com/itm/318768918861?_skw=zoids&hash=item4a381bb14d:g:~SEAAeSwM8pqPhsq&amdata=enc%3AAQALAAAA4ACCtXRWQnOEpyOqnQQ8KGa2YGoVSPDU9awG0YstNkVBkF7hMgUk4MSridZNbK4tMB7bEOZHbmMp9ywPAPv2510MrScCh23sa8Fo%2Bw5kdBn4%2Biyhyz0ysyOKJMbzWOlEt6bGhjVNEG0449BVfzBfk30tXaxcdtG5nmm8kB5M8B%2BsRf9g1D3fwNX8oEYVBc7%2BU93sYcjdTQi3DZMB6XixrRRPdTc50JB%2BhZVvILnhxS%2B4SYZzffwS7lrhTiR%2FyfOkcxG8ev4pWpkrTnYEeooCxLMzDBh85ZjJsUdGWpNLZr4l,https://i.ebayimg.com/images/g/~SEAAeSwM8pqPhsq/s-l225.jpg
zoid,model_kit,eBay,marketplace,us,Zoids Assault Microsoft Xbox 360 Game Complete CIB Tested 1 YR Warranty,59.99,0.0,False,USD,Very Good - Refurbished,https://www.ebay.com/itm/168659799464?_skw=zoids&hash=item2744e84da8:g:fLIAAeSwvSNqmP1W&amdata=enc%3AAQALAAAA4ACCtXRWQnOEpyOqnQQ8KGbe07ooO84yiOPhdfZ6M3eLcteQL3K2uxukiCEp0CxtHHUF8HIk5Kmp0WxJLPf73fJo8hiwXKa7DKowdckb22dqcGlrxLybB%2BTYa6nKaeOCRpH6wer2p%2BZIK%2B68kLk1spVv1GlBEKO%2FxrwyjakLQsinQ9cNrlitnXOZ14FB5%2BLQ7EaCYVdWcxiHXTI7qtFdDUqK0VqKkKPpJ3vUs00tTlenKI%2BdAtY9dQZhTNrRtq%2BvVtyVRM4vTCGT0SgK%2BtlxdDYVFU4b1zG4OcFW6PEVjLT3,https://i.ebayimg.com/images/g/fLIAAeSwvSNqmP1W/s-l225.jpg
zoid,model_kit,eBay,marketplace,international,ZOIDS RZ-041 White Liger Zero 1:72 Scale Building Blocks Action Model Kit,36.99,0.0,False,USD,New,https://www.ebay.com/itm/158272920092?_skw=zoids&hash=item24d9cd1a1c:g:nZQAAeSwY5JqoK5~&amdata=enc%3AAQALAAAA4ACCtXRWQnOEpyOqnQQ8KGYIxHDljUc1ugnD%2B9vLE%2FaYZhx6azPj%2FgOH07kYes71UWiGRcGmr9LfHBlZBGCkk8BIXqZ1Vg11RGDx16Yg7GWOQs9%2FC%2BRvhoBVRiyD21STDcy%2Fg2Q%2BIascPl7kqlO5zvga3MxUOi65VLLLPC2a66dNBGuZCJHchXkbXgR%2Fw9PLOo7eDWo%2BNki6l%2FqYIYFopYODfIhN5EH5pE6S93j5fOnmAexFqBf75y6qxTJV3JroO1p4Pw5j%2Beruxnpx%2FdDvCX7ASKZdgBCAaVZZDZSKAFjD,https://i.ebayimg.com/images/g/nZQAAeSwY5JqoK5~/s-l225.jpg
zoid,model_kit,eBay,marketplace,us,Zoids Genesis Anime Series Japanese Audio with English Subs,29.99,0.0,False,USD,,https://www.ebay.com/itm/353677039532?_skw=zoids&hash=item5258cb57ac:g:QUkAAOSw9ghhQ7e-&amdata=enc%3AAQALAAAA4ACCtXRWQnOEpyOqnQQ8KGZfXGOmC%2BlPUOWrDaGlQ4wvL4QsnW6AmNqaNpIZCeMb7yEXwWMehR%2FuAg2ReA3nUby9fFkqkMMVhOT%2BPCzcCQrMWiQGD1Ae%2Bi8t5VH0Y%2FPY7TmcAJjoZOol9CYnwA2y5sGMxqp%2Fsvpa6yzMaBRpt9KArsCa33Z%2FVo6TtY5PsRLxZHyHjNyo9kDcXtEbu%2BkRF8zC4%2BwdcpizA2CH8O6acJH2iCQGcD83vLh9pJJDGGK4Qf2vF9F2olAoXbQ84UoPY4A%2B%2BpY5un7s2QBAYrdG8sru,https://i.ebayimg.com/images/g/QUkAAOSw9ghhQ7e-/s-l225.jpg
zoid,model_kit,eBay,marketplace,us,1987 TOMY Jr Zoids JZ-02 Gojulas Vintage Figure Incomplete Parts Repair Japan,16.0,,False,USD,Used,https://www.ebay.com/itm/227512794433?_skw=zoids&hash=item34f8d1bd41:g:NB8AAeSw3hBqoIYW,https://i.ebayimg.com/images/g/NB8AAeSw3hBqoIYW/s-l225.jpg
zoid,model_kit,eBay,marketplace,us,Zoids RZ-041 Liger Zero Schneider Marking Plus Ver. Model Kit Kotobukiya,119.95,9.95,False,USD,New,https://www.ebay.com/itm/177802010074?_skw=zoids&hash=item2965d35dda:g:TEIAAeSwPY9qC1~c,https://i.ebayimg.com/images/g/TEIAAeSwPY9qC1~c/s-l225.jpg
zoid,model_kit,eBay,marketplace,us,Zoids HMM 010 RZ-034 Geno Breaker Repackage ver.  1/72 model kit Kotobukiya,119.99,0.0,False,USD,New,https://www.ebay.com/itm/147083317533?_skw=zoids&hash=item223ed9511d:g:IGUAAeSwRI9pYTDx,https://i.ebayimg.com/images/g/IGUAAeSwRI9pYTDx/s-l225.jpg
zoid,other,eBay,marketplace,us,Gundom X Zoids Painting ,100.0,,False,USD,New,https://www.ebay.com/itm/407212455985?_skw=zoids&hash=item5ecfc0f831:g:CcoAAeSw69RqpduZ,https://i.ebayimg.com/images/g/CcoAAeSw69RqpduZ/s-l225.jpg
zoid,model_kit,eBay,marketplace,international,Kotobukiya HMM Zoids RZ-041 Liger Zero Jager Panzer Schneider 1/72 Model Kit,109.99,49.99,False,USD,New,https://www.ebay.com/itm/358785730797?_skw=zoids&hash=item53894bc8ed:g:s2oAAeSwstBqUwH5,https://i.ebayimg.com/images/g/s2oAAeSwstBqUwH5/s-l225.jpg
zoid,model_kit,eBay,marketplace,international,ZOIDS HMM EZ-049 Berserk Fuhrer 1/72 Model Kit Kotobukiya,137.95,20.0,False,USD,Used,https://www.ebay.com/itm/358217348065?_skw=zoids&hash=item53676af3e1:g:v4gAAeSw9IdqlafW,https://i.ebayimg.com/images/g/v4gAAeSw9IdqlafW/s-l225.jpg
zoid,other,eBay,marketplace,us,Zoids Liger Zero Midnight Shield Used w/ Lights and Sounds Tomy 2002 ,14.95,,False,USD,Used,https://www.ebay.com/itm/366655157146?_skw=zoids&hash=item555e59b39a:g:gZkAAeSwQxlqn1jD,https://i.ebayimg.com/images/g/gZkAAeSwQxlqn1jD/s-l225.jpg
zoid,other,eBay,marketplace,us,Knockoff Transformers/Zoids WOLF & TRICERATOPS robots,25.0,,False,USD,Used,https://www.ebay.com/itm/257736851005?_skw=zoids&hash=item3c02503e3d:g:fNQAAeSwPphqpBM4,https://i.ebayimg.com/images/g/fNQAAeSwPphqpBM4/s-l225.jpg
zoid,other,eBay,marketplace,us,ZOIDS #024 Command Wolf TOMY,80.0,9.95,False,USD,New,https://www.ebay.com/itm/157593594653?_skw=zoids&hash=item24b14f6b1d:g:P54AAeSweq5pXA6P,https://i.ebayimg.com/images/g/P54AAeSweq5pXA6P/s-l225.jpg
zoid,model_kit,eBay,marketplace,us,Vintage ZOIDS PROTOZOID / ELEPANTUS 1983 Tomy #2559 90% COMPLETE & WORKING,25.0,,False,USD,Used,https://www.ebay.com/itm/157161175441?_skw=zoids&hash=item2497893991:g:QpcAAeSwphRocBnW&amdata=enc%3AAQALAAAA4ACCtXRWQnOEpyOqnQQ8KGbaOBcLKxfEQNvTuBBKZmFihoZyzA%2B6KfZDKn6WKxg3OAWUWtX3oi%2FX2ZHAIG4eNDquCxF5%2BBOjptIBlTEOFNiThSjPXV0jID%2Bdbze6ZiimhOSdSxrQCyI8waCY4sxiPbuyL0pHOe5Q8BObLCKHZn0FFHLDsI0t%2B1ZB5nVVoP0pwNbFOYJBqmDwHvcLKEM7ncQ2zgAjrlwqLaJ2jKt8lSaSM%2B92jxFyN1aQ6jd2rOOTTnmK7oxyZlz40jjyk2aHiFtHIP40TAHlxbKFx1aF5o21,https://i.ebayimg.com/images/g/QpcAAeSwphRocBnW/s-l225.jpg
zoid,other,eBay,marketplace,us,ZOIDS RZ-030 RED GUN SNIPER limited Naomi Velociraptor Type ,45.0,13.75,False,USD,New,https://www.ebay.com/itm/188859383093?_skw=zoids&hash=item2bf8e57d35:g:itUAAeSwxFVqk1~S&amdata=enc%3AAQALAAAA4ACCtXRWQnOEpyOqnQQ8KGbwNnc2W0X8faYzrACHJy6OzrL7ceZw%2Bl%2B3uJnqrxRv5w0zLoPKGr%2FVh9%2BIINiJZS9qlZGTEZroiaD4H%2FqCDmOI499eXY3pt7Zs5%2FXzkR5DM%2BWZLeY1hfVQrdu7om%2Bb5MDWeUMO9OBgM5Z3BFN%2BbkTF5%2BzcKlo5NqqMkkqOtT0DSvQf9JiQP8arYNdTHjcyi9I5yBPkBCIgHa6ZfbRvz0HiLWhnSyTKQ3yGjaH4LSucKO73LYS0yU3iqZ%2BnnFSYAm%2BK01qpqJ3D6h4%2Bi12xSS9r,https://i.ebayimg.com/images/g/itUAAeSwxFVqk1~S/s-l225.jpg
zoid,other,eBay,marketplace,us,ZOIDS Genesis - Recollections Re-Mie x Kotona Music CD Promo Poster ANIME RARE,35.0,0.0,False,USD,Used,https://www.ebay.com/itm/178380742937?_skw=zoids&hash=item2988522119:g:y7UAAeSw4qpqdP1m&amdata=enc%3AAQALAAAA4ACCtXRWQnOEpyOqnQQ8KGYIAybdMWdcMi0Euhysme4PP5U%2BvoAfm21YcCRaNHMpmgWuNb%2FKlep4SNKy%2FCEdkP1gobHAscUKdISWqfFPIS6HdN8tR0%2FAb8K5ezxfckoL1L358QplgkHFhJpClTqc0UFWyqLhtH7PtA3gfVrvrUhgeDs5gMU1RJK%2BIjIkdXSAOW65ppFcG6qU5Frgz5dUxUccUyCKWZZUY%2BAgXvUcBqxZXSsCl2HUfBFoXv0mNsr6hKsGb%2BPpjI4Jfg64VHAbjGEN9%2FAsZ7GcOfWmhXB66bXJ,https://i.ebayimg.com/images/g/y7UAAeSw4qpqdP1m/s-l225.jpg
zoid,model_kit,eBay,marketplace,us,Zoids HMM 016 Blade Liger AB Kotobukiya,86.99,,False,USD,New,https://www.ebay.com/itm/188867915039?_skw=zoids&hash=item2bf967ad1f:g:scAAAeSwEU1qlffB,https://i.ebayimg.com/images/g/scAAAeSwEU1qlffB/s-l225.jpg
zoid,model_kit,eBay,marketplace,international,BT- Liger Zero Jager RZ-041 Action Figure 1:72 Scale Plastic Building Model Kit,62.75,0.0,False,USD,New,https://www.ebay.com/itm/318762897399?_skw=zoids&hash=item4a37bfcff7:g:Y6UAAOSwGJpnudTs,https://i.ebayimg.com/images/g/Y6UAAOSwGJpnudTs/s-l225.jpg
zoid,other,eBay,marketplace,us,2002 Hasbro Zoids Gun Sniper Model Kit - Read Desc,89.96,0.0,False,USD,New,https://www.ebay.com/itm/157865769587?_skw=zoids&hash=item24c1887a73:g:yCoAAeSwO6Vp8AAW,https://i.ebayimg.com/images/g/yCoAAeSwO6Vp8AAW/s-l225.jpg
zoid,model_kit,eBay,marketplace,us,Zoids Fuzors Anime Complete Series Episodes 1-26 English Audio,21.99,0.0,False,USD,,https://www.ebay.com/itm/356280949389?_skw=zoids&hash=item52f3ffda8d:g:qw4AAeSwvA9qXFms,https://i.ebayimg.com/images/g/qw4AAeSwvA9qXFms/s-l225.jpg
zoid,other,eBay,marketplace,us,Zoids Command Wolf AC  RZ-042 Assembled Kit. Used. ,20.0,,False,USD,Used,https://www.ebay.com/itm/257728044604?_skw=zoids&hash=item3c01c9de3c:g:A-YAAeSwEu1qlJn8,https://i.ebayimg.com/images/g/A-YAAeSwEu1qlJn8/s-l225.jpg
zoid,model_kit,eBay,marketplace,international,TAKARA TOMY Zoids Wild Infinity Switch Blast JP,48.0,0.0,False,USD,Very Good,https://www.ebay.com/itm/407062793810?_skw=zoids&hash=item5ec6d54e52:g:kvsAAeSwYlFqULPO,https://i.ebayimg.com/images/g/kvsAAeSwYlFqULPO/s-l225.jpg
zoid,model_kit,eBay,marketplace,us,Takara Tomy 1/100 Zoids Realize Model RMZ-015 Saber Tiger Raven Special T-spark,74.99,0.0,False,USD,New,https://www.ebay.com/itm/820071128799?_skw=zoids&hash=itembef00c5edf:g:2cwAAeSwBO5qlh1f,https://i.ebayimg.com/images/g/2cwAAeSwBO5qlh1f/s-l225.jpg
zoid,other,eBay,marketplace,us,Hasbro 2021 Zoids Mega Battlers Tanks 55 Pcs Set Assembled Loose Complete,17.99,0.0,False,USD,Used,https://www.ebay.com/itm/188640396134?_skw=zoids&hash=item2bebd80366:g:3L8AAeSwH85qVoYJ,https://i.ebayimg.com/images/g/3L8AAeSwH85qVoYJ/s-l225.jpg
zoid,other,eBay,marketplace,us,Vintage 1981 TOMY Robo Strux Special Edition Zoids Kit,14.39,0.0,False,USD,New,https://www.ebay.com/itm/186779765030?_skw=zoids&hash=item2b7cf10926:g:avwAAOSwtqhnNBBc,https://i.ebayimg.com/images/g/avwAAOSwtqhnNBBc/s-l225.jpg
zoid,model_kit,eBay,marketplace,us,"Zoids Vol. 2: The High Speed Battle (DVD, 2002) New SEALED",75.0,7.99,False,USD,Brand New,https://www.ebay.com/itm/267760491736?_skw=zoids&hash=item3e57c4dcd8:g:F4UAAeSw3B1qg8zr,https://i.ebayimg.com/images/g/F4UAAeSw3B1qg8zr/s-l225.jpg
zoid,model_kit,eBay,marketplace,us,Hasbro 2001 Zoids Ptera Striker Model Kit Assembled. No instructions.,10.0,6.65,False,USD,Used,https://www.ebay.com/itm/406996769010?_skw=zoids&hash=item5ec2e5d8f2:g:igwAAeSw4rJqLLUd,https://i.ebayimg.com/images/g/igwAAeSw4rJqLLUd/s-l225.jpg
zoid,model_kit,eBay,marketplace,us,"Zoids: Chaotic Century - Vol. 1: Discovery (DVD, 2004) Episodes 01-06 w/Insert",35.0,0.0,False,USD,Acceptable,https://www.ebay.com/itm/800440571984?_skw=zoids&hash=itemba5df9d850:g:CvwAAeSwSApqbTlq,https://i.ebayimg.com/images/g/CvwAAeSwSApqbTlq/s-l225.jpg
zoid,other,eBay,marketplace,us,Techno Zoids Evil Scorpion Kenner Vintage 1994 NEW IN BOX Motorized SHIPS FAST!,79.95,0.0,False,USD,New,https://www.ebay.com/itm/206527665851?_skw=zoids&hash=item30160216bb:g:Kf0AAeSw8rhqlgCs&amdata=enc%3AAQALAAAA4ACCtXRWQnOEpyOqnQQ8KGa%2BpFp8Pkc%2FQtFXQ8G%2BB4EGqY5yfjm%2BXMB4G%2BG4f3FGoxQMujBkpSarIKxv3PoU7D%2B8mrPweGx%2B84u1IGFCjumf8jgOyXXkkX1rc2yAkX5cUbPPEFCY6AU%2FYKztEqxARug%2FXklh0JQzPRyCo%2FCNgO0G4x2bKUybzzL%2BuE56yR9xAYcrAED2H3ed2iPU2iIHPl67shjHxMls9lhhLv%2Bxy0GYRN3yEEt4Wf2QRW5kvBO56%2Fl3XY2e6KGTiLmZM0Bt8%2BqY%2FuFAI7dJrMPDAoD57GIF,https://i.ebayimg.com/images/g/Kf0AAeSw8rhqlgCs/s-l225.jpg
zoid,model_kit,eBay,marketplace,us,Zoids Energy Liger 1/72 Action Figure Model Kit NEW w Box Issues READ 2003,119.99,,False,USD,New,https://www.ebay.com/itm/307168480158?_skw=zoids&hash=item4784ab0b9e:g:vXYAAeSwKAJqn7pC&amdata=enc%3AAQALAAAA4ACCtXRWQnOEpyOqnQQ8KGbIlexD8Hk09dmKmuGMNdr4qw98npSspHuIVP0LMc5%2Bpakmf9oChF2ewWj8e8bVNg%2BVWy%2BqHoOyzueEZTkU6uFzmEUe8UNLuIRu%2BQmEnyqoWu79I25jfGm5idF%2BozDBCWu3xF42wx2btSjgm1Evr7py4Xhv7UNrB3OOYMNdDvRj1vQtW0VdhsMoSsdObUioK6Se7x4%2BtxGp9MmuARUukLfS3QR7UOSk8tHOGmYM%2F4M%2Fz5kWG66jgAhD1XGsv5HIDMHG8ZM03XrYG05jxYo65WEA,https://i.ebayimg.com/images/g/vXYAAeSwKAJqn7pC/s-l225.jpg
zoid,model_kit,eBay,marketplace,us,Kotobukiya - Zoids HMM  - CP-025 Berserk Fuhrer - Customize Plating Parts Set ,125.0,0.0,False,USD,Used,https://www.ebay.com/itm/318842843225?_skw=zoids&hash=item4a3c83b059:g:jeMAAeSwxKZqm9z7&amdata=enc%3AAQALAAAA4ACCtXRWQnOEpyOqnQQ8KGYN82NEdZLY9s3dkyOpLkCaMAaUU3CwlQH6lxcjMmZ0KeKp4rElMtuCR%2Fo4nzj%2F27Tpp%2F5OQv0m6q8GGfFisCm9ursXUBCDrRIOrUZI7nvgBh3%2F0TKNYVKp6jSS5gnMayZfqkGmNGMYW4Pn38sMZlrwjoacv9%2F7umdZVl%2BBjKz0ruvEQa2T7ncxvnWBqjUZPojm99LktTFKBgjx7Z4yeG9pacKHdNB2aCFcWR%2FiSCdvT9UosCtAPVt9zR27m%2F4pROmOK4ozp3oSXzIfe91jtxml,https://i.ebayimg.com/images/g/jeMAAeSwxKZqm9z7/s-l225.jpg
zoid,other,eBay,marketplace,us,Zoids Hasbro 1/72 #027 Rev Raptor - New SEALED BOX Vintage 83028,74.99,,False,USD,New,https://www.ebay.com/itm/206448441252?_skw=zoids&hash=item30114937a4:g:3eAAAeSwA8BqPbd1&amdata=enc%3AAQALAAAA4ACCtXRWQnOEpyOqnQQ8KGblTFq0TNa29oZxqHal5viko%2FkM1RmdxjXKBg%2B4%2FFs%2Btk%2BLVp%2BQ%2FNfk17Dgn1C3acx%2FCmArhqLGaqe7knhT5%2BNnse6jUktXMbFvhcAqOqjX%2Fj%2FVnIhCHnWfkOJOdnVOATKTgA%2B0v4dH7wH%2Fqz05cu6EdHFCTrLhxdCnJAMITsbZYgg7ZErrLF2B5CAGykWe8Hc2aV1lGNuJF0AR1F0jLisAkXSchkPjVqen%2BWk4ZXx5XhrlWtYAdQsIxPewHue4yF3W2ja%2FXucxFaH3HGCI2Hzv,https://i.ebayimg.com/images/g/3eAAAeSwA8BqPbd1/s-l225.jpg
zoid,model_kit,eBay,marketplace,us,Zoids Blade Liger Red Miniature Mini Figure Toy Zoid Tomy Hasbro Gashapon VG!,25.99,0.0,False,USD,Used,https://www.ebay.com/itm/137701829492?_skw=zoids&hash=item200fab2b74:g:9AsAAeSwCjpqm~AI,https://i.ebayimg.com/images/g/9AsAAeSwCjpqm~AI/s-l225.jpg
zoid,other,eBay,marketplace,international,Zoids Wild ZW36 Rising Liger Action Figure Gold Red Model Kit Takara ,44.84,9.01,False,USD,New,https://www.ebay.com/itm/267781003211?_skw=zoids&hash=item3e58fdd7cb:g:H1IAAeSwFbNp78jM,https://i.ebayimg.com/images/g/H1IAAeSwFbNp78jM/s-l225.jpg
zoid,model_kit,eBay,marketplace,us,New Kotobukiya Zoids HMM 044 RZ-029 Storm Sworder 1/72 Model Kit,75.0,,False,USD,New,https://www.ebay.com/itm/377456491467?_skw=zoids&hash=item57e228fbcb:g:gdIAAeSwoxhqkzTJ,https://i.ebayimg.com/images/g/gdIAAeSwoxhqkzTJ/s-l225.jpg
zoid,model_kit,eBay,marketplace,international,Kotobukiya Zoids HMM041 LIMITED EZ-036 Death Stinger Hiltz Ver 1/72 model kit PS,486.63,,False,USD,New,https://www.ebay.com/itm/820095089923?_skw=zoids&hash=itembef179fd03:g:ly8AAeSwK6Fqnac6,https://i.ebayimg.com/images/g/ly8AAeSwK6Fqnac6/s-l225.jpg
zoid,model_kit,eBay,marketplace,international,ZOIDS Liger Zero Jager Panzer Schneider Unit HMM Built SET KOTOBUKIYA Model Kit,134.99,20.0,False,USD,Used,https://www.ebay.com/itm/820059393077?_skw=zoids&hash=itembeef594c35:g:8FoAAeSwqlBqkScV,https://i.ebayimg.com/images/g/8FoAAeSwqlBqkScV/s-l225.jpg
zoid,model_kit,eBay,marketplace,us,Zoids 1/72 Kotobukiya Shield Liger DCS-J HMM Model Kit NEW,85.0,,False,USD,New,https://www.ebay.com/itm/236590367640?_skw=zoids&hash=item3715e28398:g:naMAAeSw5ttpboJN,https://i.ebayimg.com/images/g/naMAAeSw5ttpboJN/s-l225.jpg
zoid,other,eBay,marketplace,us,Zoids Helcat Panther Type 023 TOMY,39.0,12.75,False,USD,New,https://www.ebay.com/itm/188918044077?_skw=zoids&hash=item2bfc6495ad:g:TWoAAeSwSbhqpG8s&amdata=enc%3AAQALAAAA4ACCtXRWQnOEpyOqnQQ8KGYfHiMEesIsmgIlgGZBabvifX%2F61a0CnxRoKmJPdob6wdshRqdKmAEm2wGNm8TNyc9Jg9AMGfp72vKYmzd4Sl985u%2FfPP%2FY7ZKJ1ejDidZSxETa5umC9fCw0G%2Faog6mkZ%2FE2wegH3Wgxq1LKKIVwAcOFofqttsBso41t0CNx1CM7NsDILemfSDm2kuXP%2B1RC5C0qQfeMelDUY%2BVR%2B8GoZqswHtRQdFcnzubc9L8dQr%2FMqRD18XCriCEj2S6B4wJeWUPXpph9aloiSTWpgXnbQ%2B4,https://i.ebayimg.com/images/g/TWoAAeSwSbhqpG8s/s-l225.jpg
zoid,model_kit,eBay,marketplace,us,Kotobukiya Zoids AZ-06EX Phoenix (republic Version) Plastic Model Kit GN095,76.25,0.0,False,USD,New,https://www.ebay.com/itm/407199730179?_skw=zoids&hash=item5ecefeca03:g:zc8AAeSwB1dqnvX0&amdata=enc%3AAQALAAAA4ACCtXRWQnOEpyOqnQQ8KGYQEiQGcAFD9DWsdDBgEBDMV%2FUVXyMxBEozOOJWvpPEUCSUp0lJyqnNAUZHKGb1EA3V2jGILChqlNQAuyBzucPnGiw3oEnSL%2BFTZgpIj6sW011uBlfuxjrcz8vxZ%2FrIRw3Ayj%2F4vF%2BER%2FMPmgiZ%2BSQwmVaSciQtaJvNcDHVA%2BiPvQ%2FlWjiPkZPnPy6gq7JukEsc3KmjoP7RaEEAaOo1YCuBR%2BzXiXEOa8%2BWZN9Qv7HM%2FTpV8bpUxPCrFohrmW4JU7%2Fd1vwyC79UtMPv7ggDtrj%2B,https://i.ebayimg.com/images/g/zc8AAeSwB1dqnvX0/s-l225.jpg
zoid,model_kit,eBay,marketplace,international,Zoids Geno Saurer Raven Plastic model kit HMM KOTOBUKIYA 1/72 scale Japan,311.22,0.0,False,USD,Used,https://www.ebay.com/itm/116377195628?_skw=zoids&hash=item1b189f146c:g:YGQAAOSw54RnJJgw,https://i.ebayimg.com/images/g/YGQAAOSw54RnJJgw/s-l225.jpg
zoid,other,eBay,marketplace,us,Hasbro Zoids Lot Brachio Zilla Gravity Ptera Gorillatron Fuzors Z-Builders Toy,119.95,,False,USD,Used,https://www.ebay.com/itm/198609379642?_skw=zoids&hash=item2e3e0aa13a:g:Jy4AAeSw0jpqlkHW,https://i.ebayimg.com/images/g/Jy4AAeSw0jpqlkHW/s-l225.jpg
zoid,model_kit,eBay,marketplace,us,Kotobukiya Zoids RZ-041 Liger Zero Jager Marking Plus Ver. 1/72 Scale Model Kit,110.99,0.0,False,USD,New,https://www.ebay.com/itm/157655377006?_skw=zoids&hash=item24b4fe246e:g:ItUAAeSwoRFpgQUQ,https://i.ebayimg.com/images/g/ItUAAeSwoRFpgQUQ/s-l225.jpg
zoid,other,eBay,marketplace,us,Zoids 1/360 Scale Whale King,275.0,,False,USD,Used,https://www.ebay.com/itm/188850306690?_skw=zoids&hash=item2bf85afe82:g:LO0AAeSwvk9qkLOf,https://i.ebayimg.com/images/g/LO0AAeSwvk9qkLOf/s-l225.jpg
zoid,model_kit,eBay,marketplace,us,Zoids HMM 030 Liger Zero Jager Unit Marking Plus 1/72 model kit Kotobukiya,49.99,0.0,False,USD,New,https://www.ebay.com/itm/389472518045?_skw=zoids&hash=item5aae5eff9d:g:lDQAAeSwlJxpYKpf,https://i.ebayimg.com/images/g/lDQAAeSwlJxpYKpf/s-l225.jpg
zoid,model_kit,eBay,marketplace,international,TAKARA TOMY ZOIDS RMZ-017 Command Wolf Urban Combat 1/100 Realize Model Kit,59.15,17.23,False,USD,New,https://www.ebay.com/itm/178489997338?_skw=zoids&hash=item298ed5381a:g:9NQAAeSwVbhqpThM,https://i.ebayimg.com/images/g/9NQAAeSwVbhqpThM/s-l225.jpg
zoid,other,eBay,marketplace,us,Vintage 1983 TOMY Zoids Giant ZRK #5039 Model Kit New Open Box Unbuilt Complete,339.36,,False,USD,New,https://www.ebay.com/itm/406786365159?_skw=zoids&hash=item5eb65b56e7:g:Et0AAeSwd0BpuxUA,https://i.ebayimg.com/images/g/Et0AAeSwd0BpuxUA/s-l225.jpg
zoid,model_kit,eBay,marketplace,international,Zoids 1/72 EZ-054 Liger Zero X HMM Model Kit Kotobukiya NEW,109.99,49.99,False,USD,New,https://www.ebay.com/itm/820121705471?_skw=zoids&hash=itembef3101bff:g:3fsAAeSw-hBqpo8f,https://i.ebayimg.com/images/g/3fsAAeSw-hBqpo8f/s-l225.jpg
zoid,model_kit,eBay,marketplace,us,Zoids Chaotic Century Complete Anime Series Ep 1-67 Audio option in description,34.99,0.0,False,USD,,https://www.ebay.com/itm/175208788491?_skw=zoids&hash=item28cb41f20b:g:WY8AAOSwGGJhhqQG&amdata=enc%3AAQALAAAA4ACCtXRWQnOEpyOqnQQ8KGaCdkhHNp6IvODHLjWALZtPgljFNd0PyKXdN42WxHYBNSiuVQvQ8wHcOfuyNrJ1JcF%2FJhtFHfskoUXl5d6LVtQ5qE4a8MRMOZOZnnGSOBmSjjGeyXu3%2F5yD5Pxadipu%2FjvzTw4qH38v303ftYWa3k9vHNLfTOcyYi%2BqCg6%2BikAb%2BQIZZuLPoR8oVcewbgKKxudP08pHCIiuLfkZ8HBTmOa1Jm1dXc8SezDZlj2SooUl3gjfJ9%2BohEM8sZ7GZN3e9KS8Q2H18PPDTMnCovFoLYMj,https://i.ebayimg.com/images/g/WY8AAOSwGGJhhqQG/s-l225.jpg
zoid,model_kit,eBay,marketplace,us,Zoids Genesis Anime Series Japanese Audio (English Subs) EPISODE 1-50,27.99,0.0,False,USD,,https://www.ebay.com/itm/355668796519?_skw=zoids&hash=item52cf832467:g:qHUAAOSwAttmK-pR&amdata=enc%3AAQALAAAA4ACCtXRWQnOEpyOqnQQ8KGaqF0huOT2rhENs7i%2BvhC4EOrfLTnH1UPpfHsWXCQbEmXzlJ4yExrNzwgIbD81MqWHBqxlFiMRhHRFQmp%2B8UePJUxXQPC6TqRnU6EguifBaMdPYNsS3lH--976rr4rqKmzz2kbJh2UG2e1xuQ3NDrTfS9HUXybQzVOZijic82wpZ8N8SWum%2FMNnEV%2B86McocPSkZkZ1rjOunjt%2FqUwcSxUxde8BGGa4CQKBfT%2Fo%2FvdW9tNkMIx6W4Pyw7mY28z3vfTfW93sW0u4%2FTVYILV60yAG,https://i.ebayimg.com/images/g/qHUAAOSwAttmK-pR/s-l225.jpg
zoid,model_kit,eBay,marketplace,us,Zoids Chaotic Century Complete Anime Series Ep 1-67 Audio option in description,34.99,0.0,False,USD,,https://www.ebay.com/itm/175208788491?_skw=zoids&hash=item28cb41f20b:g:WY8AAOSwGGJhhqQG&amdata=enc%3AAQALAAAA4ACCtXRWQnOEpyOqnQQ8KGaCdkhHNp6IvODHLjWALZtPgljFNd0PyKXdN42WxHYBNSiuVQvQ8wHcOfuyNrJ1JcF%2FJhtFHfskoUXl5d6LVtQ5qE4a8MRMOZOZnnGSOBmSjjGeyXu3%2F5yD5Pxadipu%2FjtjyrZq2H5eqmgnD5fXdtlslVCF2NaYqBDChLoddzFVrb%2BwJe2OfTznrfPRP2F9CbJKUHzxQouVe1s5ksK8HiNF8OdbDaV0EVNlWU0UU8fbvEirlBp3wQxr75w5ddruVZYAXtvU6Y6G%2BYaMX7kBvOTP,https://i.ebayimg.com/images/g/WY8AAOSwGGJhhqQG/s-l225.jpg
zoid,model_kit,eBay,marketplace,us,"Zoids: Chaotic Century #03: Rematch [DVD] [Disc-Only, EX-LIBRARY]",27.35,0.0,False,USD,Acceptable,https://www.ebay.com/itm/178213510518?_skw=zoids&hash=item297e5a5d76:g:LIoAAeSwEutqpNVU&amdata=enc%3AAQALAAAA4ACCtXRWQnOEpyOqnQQ8KGZQv4EcWCyoe4iWN5YR58jbYniTnBeX%2BcDyXXjTJV21GqDfhxcZR18Yj6JzXrFQhXDkGqaxjHPX41DoH%2FxWmD1qY7u4vVoIa4Fs%2BI4dcG2J2zl7V7zIHDWuV5oNwEfsbqZM52tN4q1ptmdwbHo5Ed4R%2FbI0zFI6P0EBciMcghuv9tGnJF2ZTWH6fTVW159N1fcPx%2F03SOan3xvlmLENjzmyUwsQnb1xrNrk36C9BV5WTLrKEO6Ls3zopFj1XPWNkhusIsVlRbkn9unhmhh%2F3Mjk,https://i.ebayimg.com/images/g/LIoAAeSwEutqpNVU/s-l225.jpg
zoid,model_kit,eBay,marketplace,us,Zoids Energy Liger 1/72 Action Figure Model Kit NEW w Box Issues READ 2003,119.99,,False,USD,New,https://www.ebay.com/itm/307168480158?_skw=zoids&hash=item4784ab0b9e:g:vXYAAeSwKAJqn7pC&amdata=enc%3AAQALAAAA4ACCtXRWQnOEpyOqnQQ8KGbIlexD8Hk09dmKmuGMNdr4qw98npSspHuIVP0LMc5%2Bpakmf9oChF2ewWj8e8bVNg%2BVWy%2BqHoOyzueEZTkU6uFzmEUe8UNLuIRu%2BQmEnyqoWu79I25jfGm5idF%2BozDBCWtj8I49XEW3EtZDo05IXRD06BTj4U%2B7Q4OoXYMaC39LwIEh%2Butb1MJnKr%2FEVKREQUfXaUrEvR56PEwgqJdcpkhS2aa6b39Vh7eRRZcIk6qkpYwhq2pLbpYTeX4RdOlsTXJgsszcW6e49HpaYgU0XXdG,https://i.ebayimg.com/images/g/vXYAAeSwKAJqn7pC/s-l225.jpg
zoid,model_kit,eBay,marketplace,international,Takara Tomy ZOIDS X Evangelion Xeno Rex Test Type-01 SYNERGENEX 2026 Japan,89.99,39.99,False,USD,New,https://www.ebay.com/itm/820121913394?_skw=zoids&hash=itembef3134832:g:zLAAAeSw4~Bqpp6n&amdata=enc%3AAQALAAAA4ACCtXRWQnOEpyOqnQQ8KGaH3ivZvDMmWunJF0qQMQ5T5OW64JGAF4fSzY8CkTbInnAJSATv%2BLqththShKAhVnM9s18nR4gC2pC0qhdBmC3BmK%2BOZHo2s7DUrUZIMb8TsRtnW2EeWQkvtUtd3dTE4pWkM%2Bxg60%2FM4rclhfdJbKBa2PIq4%2Ft%2BLLQyM3M6MBsHjbn3P3%2B4qfMJyhB35XSBaZMes6cTWJDKCfVem81eO87f20l8VkI8waJzSwDJSmgTZjX2vEsW5h%2B3v0EbG2VizMt%2B7M4v44iG9pH83ATwzwXM,https://i.ebayimg.com/images/g/zLAAAeSw4~Bqpp6n/s-l225.jpg
zoid,other,eBay,marketplace,us,2002 Hasbro Vintage Zoids Chimera Dragon Action Figure Packaged ,40.0,,True,USD,New,https://www.ebay.com/itm/800479640336?_skw=zoids&hash=itemba604dfb10:g:r4IAAeSwgVxpbdk8,https://i.ebayimg.com/images/g/r4IAAeSwgVxpbdk8/s-l225.jpg
zoid,other,eBay,marketplace,us,ZOIDS ATAK KAT Assembled Complete With Nice Box! Hasbro 2001,29.0,,True,USD,Used,https://www.ebay.com/itm/117356333150?_skw=zoids&hash=item1b52fb885e:g:Y2kAAeSwxxdqfRLH,https://i.ebayimg.com/images/g/Y2kAAeSwxxdqfRLH/s-l225.jpg
zoid,other,eBay,marketplace,us,TAKARA TOMY ZOIDS ADVANCED ZI AZ-10EX SEA PANTHER TC07279,75.95,0.0,False,USD,New,https://www.ebay.com/itm/178478539529?_skw=zoids&hash=item298e266309:g:IzkAAeSwUz5qn8NX,https://i.ebayimg.com/images/g/IzkAAeSwUz5qn8NX/s-l225.jpg
zoid,other,eBay,marketplace,us,2002 Tomy Hasbro ZOIDS Lightning Saix Gun Sniper Figure Lot,12.99,7.99,False,USD,Used,https://www.ebay.com/itm/267744197086?_skw=zoids&hash=item3e56cc39de:g:ogwAAeSwW3hqbQt~,https://i.ebayimg.com/images/g/ogwAAeSwW3hqbQt~/s-l225.jpg
zoid,model_kit,eBay,marketplace,us,Vintage Tomy Zoids Salamander RPZ-01 1/72 Pterosaur - Incomplete ,38.0,,False,USD,Used,https://www.ebay.com/itm/398339317638?_skw=zoids&hash=item5cbedf9f86:g:0nAAAeSwja9qkN18,https://i.ebayimg.com/images/g/0nAAAeSwja9qkN18/s-l225.jpg
zoid,model_kit,eBay,marketplace,us,Zoids Assault Strategy Atlus Microsoft Xbox 360 Tested Working NO MANUAL Us Ntsc,39.95,0.0,False,USD,Good,https://www.ebay.com/itm/287560812641?_skw=zoids&hash=item42f3f5c861:g:DKUAAeSw0KVqmCDz,https://i.ebayimg.com/images/g/DKUAAeSw0KVqmCDz/s-l225.jpg
zoid,model_kit,eBay,marketplace,us,ZOIDS Giant ZRK by TOMY No. 5039 1983 Brand New Factory Sealed,999.99,,False,USD,New,https://www.ebay.com/itm/147238299100?_skw=zoids&hash=item22481625dc:g:OQMAAeSw3-dpzw0b,https://i.ebayimg.com/images/g/OQMAAeSw3-dpzw0b/s-l225.jpg
zoid,other,eBay,marketplace,international,Lot of 15 Zoids Mini Figures 2000’s Battle Champions Tomy,89.99,7.99,False,USD,Used,https://www.ebay.com/itm/327306899109?_skw=zoids&hash=item4c3502eea5:g:eiYAAeSwa4FqegZh,https://i.ebayimg.com/images/g/eiYAAeSwa4FqegZh/s-l225.jpg
zoid,model_kit,eBay,marketplace,international,TOMY Japan Shadow Organoid ZOIDS LOT OF 5 SUPER RARE,99.0,29.99,False,USD,Used,https://www.ebay.com/itm/227269308486?_skw=zoids&hash=item34ea4e7046:g:qHEAAOSwAwRkxhgk,https://i.ebayimg.com/images/g/qHEAAOSwAwRkxhgk/s-l225.jpg
zoid,model_kit,eBay,marketplace,international,Takara Tomy ZOIDS RMZ-007 Trinity Liger Realize Model 1/100 Plastic Kit New,89.99,39.99,False,USD,New,https://www.ebay.com/itm/820121670313?_skw=zoids&hash=itembef30f92a9:g:5KYAAeSwbLhqpop4&amdata=enc%3AAQALAAAA4ACCtXRWQnOEpyOqnQQ8KGZaRiqY6T0qXjDaU3mPWaHQNjzPNtTAlq5QGcAuB0B1cYdTIYx4rt%2F0Ce02mTsFEjVvXQ%2Fy2XobJv0Jv4A%2FIyJcUz1pBVatuPV%2FIqIgVXrqlPj6XWZOKn52Z8%2FnERirZaAVnb6qhswIUCM3%2FFLop%2B6OyzirU3Ah0o9pCRPOJ5SW9NSpBCIvrjCm%2FifHFYH6dMhdow1kuYuL1gryqJtiFQy3UpYZ6MoMxaTRGh46p19RPxCMU3ZpYpagagEarRhuDLz5y%2BIOI5NU1715mylAxsrH,https://i.ebayimg.com/images/g/5KYAAeSwbLhqpop4/s-l225.jpg
zoid,other,eBay,marketplace,us,Tomy 1/72 GB-005 Bioptera Zoids Genesis Plastic Models CIB NEW F/S,70.0,0.0,False,USD,New,https://www.ebay.com/itm/177362605288?_skw=zoids&hash=item294ba294e8:g:X3IAAeSw21loq28S&amdata=enc%3AAQALAAAA4ACCtXRWQnOEpyOqnQQ8KGbsrXw76qZLqke12j8FWzYxQyKGCZVErod2DDJARu%2BaaKvWT8ks9o5ISCyHEeKYsLJxfLjqh65%2BjRnY%2Fid5ccjFUr8SnIVUe4V4LB7v7c4bgMsi05maIYf6O5HYXBfdkIzZYd6yuqa7mkzdXydkb4iZGqdu%2F8fMANK9x9QAbik0ZZq5na1tFBlERzVPKrULKmLQ3JLmZJfKzZK08b0XfvOQNqSz2sj2NTUtJ4n3rdTrT7PxzuH5Fut6ru8I95Nx%2B2MwS6F5M8hS1wcm5JyDMgRo,https://i.ebayimg.com/images/g/X3IAAeSw21loq28S/s-l225.jpg
zoid,model_kit,eBay,marketplace,international,TAKARA TOMY DAEWON ZOIDS WILD : XENO REX ZW52 Tyrannosaurus Type Action Figure,68.8,6.0,False,USD,New,https://www.ebay.com/itm/116014567998?_skw=zoids&hash=item1b0301d23e:g:amMAAOSwxollgWyV&amdata=enc%3AAQALAAAA4ACCtXRWQnOEpyOqnQQ8KGYY9b2BohLJY4aZyrdGClXvu2bmmAypfZtj5oCmjgrIuHXjSvnqsEf1I%2BBimwlVQjeu6rpJTZ7bjt545PuU8EzyGIdqlH7J6hhdGRwcyAts66Km3p105a5sCO6MPaNbSeCmHyirGiSo5MER79LuScem85gBztj2BNQ736m1sl1FPvb6C1FheaNd0ld%2BPqYD6bCLdoqOjFSwWQWgYwzpt98q%2B3RfiAoHkzjUYlQDRKFLxvwX2W56ng4lOnVQGD7zS0VzQiMclK0jGgxaXCp7QE7Y,https://i.ebayimg.com/images/g/amMAAOSwxollgWyV/s-l225.jpg
zoid,other,eBay,marketplace,international,ZOIDS GENESIS GZ-012 LANSTAG break From Japan,108.42,0.0,False,USD,New,https://www.ebay.com/itm/116444369060?_skw=zoids&hash=item1b1ca010a4:g:Z08AAOSwD9Jng1Jd,https://i.ebayimg.com/images/g/Z08AAOSwD9Jng1Jd/s-l225.jpg
zoid,other,eBay,marketplace,us,ZOIDS BATTLE CHAMPIONS LOT OF 9 MINIS VINTAGE HASBRO,45.0,,False,USD,Used,https://www.ebay.com/itm/206373683276?_skw=zoids&hash=item300cd4804c:g:OWYAAeSw~49qPe7-,https://i.ebayimg.com/images/g/OWYAAeSw~49qPe7-/s-l225.jpg
zoid,model_kit,eBay,marketplace,us,Zoids HMM 026 RZ-041 Liger Zero Schneider Marking Plus 1/72 Model Kt Kotobukiya,114.0,12.5,False,USD,New,https://www.ebay.com/itm/298642854066?_skw=zoids&hash=item45888050b2:g:7LcAAeSwTgpqmegt,https://i.ebayimg.com/images/g/7LcAAeSwTgpqmegt/s-l225.jpg
zoid,other,eBay,marketplace,us,NEW Capcom ZOIDS Beast Liger Magai Monster Hunter Magnamalo Action Figure,100.0,0.0,False,USD,New,https://www.ebay.com/itm/206365897010?_skw=zoids&hash=item300c5db132:g:seQAAeSw0jhqOYN2,https://i.ebayimg.com/images/g/seQAAeSw0jhqOYN2/s-l225.jpg
zoid,model_kit,eBay,marketplace,us,Blade Liger Mirage ZOIDS Plastic Highend Master Model Kit Kotobukiya 1/72 RZ-028,120.0,0.0,False,USD,Used,https://www.ebay.com/itm/267688758112?_skw=zoids&hash=item3e537e4b60:g:r-MAAeSw51NqIHp8,https://i.ebayimg.com/images/g/r-MAAeSw51NqIHp8/s-l225.jpg
zoid,other,eBay,marketplace,us,Vintage Hasbro ZOIDS GUNBLASTER Action Figure Model Kit 1/72 Scale NEW/SEALED,99.99,0.0,False,USD,New,https://www.ebay.com/itm/188836876891?_skw=zoids&hash=item2bf78e125b:g:AokAAeSwlyZqjN5v,https://i.ebayimg.com/images/g/AokAAeSwlyZqjN5v/s-l225.jpg
zoid,model_kit,eBay,marketplace,us,Zoids Molga Insect Type EZ-006 Model Kit Tomy Assembled Wind Up Motor Works,29.97,0.0,False,USD,Used,https://www.ebay.com/itm/188846559846?_skw=zoids&hash=item2bf821d266:g:ctsAAeSwndxqj6OP,https://i.ebayimg.com/images/g/ctsAAeSwndxqj6OP/s-l225.jpg
zoid,other,eBay,marketplace,us,"Lot Of 4 Zoids 6"" Action Figure TOMY Hasbro 2002 ",19.99,7.88,False,USD,Used,https://www.ebay.com/itm/237039366593?_skw=zoids&hash=item3730a5b1c1:g:6XIAAeSwyIRqlFhS,https://i.ebayimg.com/images/g/6XIAAeSwyIRqlFhS/s-l225.jpg
zoid,model_kit,eBay,marketplace,us,Hasbro Zoids RZ-053 Konig Wolf Motorized Model Kit w/ Box Manual Near Complete,34.99,,False,USD,Used,https://www.ebay.com/itm/137730751096?_skw=zoids&hash=item2011647a78:g:n0kAAeSwO7Zqpgls,https://i.ebayimg.com/images/g/n0kAAeSwO7Zqpgls/s-l225.jpg
zoid,model_kit,eBay,marketplace,us,Zoids 1/72  Lightning Saix Kotobukiya HMM Model Kit New / Unbuilt,90.0,,False,USD,New,https://www.ebay.com/itm/237035858437?_skw=zoids&hash=item3730702a05:g:~jMAAeSwFh9qkeba,https://i.ebayimg.com/images/g/~jMAAeSwFh9qkeba/s-l225.jpg
zoid,other,eBay,marketplace,international,Seismosaurus ZOIDS Tomy EZ-069 1/72 Plastic model length approx. 75 cm Kit,259.74,0.0,False,USD,New,https://www.ebay.com/itm/116385874538?_skw=zoids&hash=item1b1923826a:g:DLkAAOSwAHZntqer,https://i.ebayimg.com/images/g/DLkAAOSwAHZntqer/s-l225.jpg
zoid,model_kit,eBay,marketplace,international,Zoids OER : Zark : 100% Complete + Working + Instructions,24.33,,False,USD,Used,https://www.ebay.com/itm/257731309597?_skw=zoids&hash=item3c01fbb01d:g:ANgAAeSwibxqn~yC,https://i.ebayimg.com/images/g/ANgAAeSwibxqn~yC/s-l225.jpg
zoid,model_kit,eBay,marketplace,us,Zoids Genesis Anime Series Japanese Audio with English Subs,29.99,0.0,False,USD,,https://www.ebay.com/itm/393641711700?_skw=zoids&hash=item5ba6dfd854:g:8CUAAOSwu8xhcWqP&amdata=enc%3AAQALAAAA4ACCtXRWQnOEpyOqnQQ8KGauUkweYFCkJfynJH1NmzBS4yKKYKh2MzvwFQJtk8ic%2FZZg3ptrPS%2Fz1MbhGaaGCm6oPCz9n6kYfTwMhug8liU%2FE0l91vJuX%2FiX5Tv7L%2Fcpz8n66CNpIMcsqUUoma6Ku2tXyBQJGGNvBXNFrKck4R11x5reNtCYT8PfW9mOGxgT46fGN62fLifmqH4UJ7AaA0t5vA5rqhJ58CH63fjDk5%2F4LCiSzXpZzOrCJOr6DpNIKS1Wge5BBjc2uQD2OY9goZwlT3RoOxFuxCJ6tShOJOHP,https://i.ebayimg.com/images/g/8CUAAOSwu8xhcWqP/s-l225.jpg
zoid,model_kit,eBay,marketplace,us,Zoids Wild Anime Series English Dubbed Episodes 1-50,24.99,0.0,False,USD,,https://www.ebay.com/itm/175282498887?_skw=zoids&hash=item28cfa6ad47:g:mGIAAOSwmNJigTJU&amdata=enc%3AAQALAAAA4ACCtXRWQnOEpyOqnQQ8KGZ9xkyxX71CwCBFs6DhezSyVdJmR4c%2FrIsldtNqXiwM4BCHt7Z%2FIT5HDGTKFXZiHph7h2Uwjqybtl%2BIE%2BulVMCqQzdfIejjx%2Bg8SmdsVtxfr%2FG57pQ19O9uWJKw8D9ze0wDm4K0%2BT7B7Nj7x%2FV8tHBAuW%2BMxLtKgFXLMrxZWvAd%2BvUeRJT3z%2B0TB1%2BGA1s%2BQjUeBEggIKC8VmgtmvG8fCs5XirZPMZ9mnnVjzZ6do9og6gNzfk%2Ftbj1q96%2FGdYYWC%2FN3AWD151YZIorka57wrRG,https://i.ebayimg.com/images/g/mGIAAOSwmNJigTJU/s-l225.jpg
zoid,other,eBay,marketplace,international,BT Model Building Blocks ZOIDS Blade Liger Mirage 1:72 Scale,70.88,19.99,False,USD,New,https://www.ebay.com/itm/366134482745?_skw=zoids&hash=item553f50d739:g:LYkAAOSwWu9m5Ps3&amdata=enc%3AAQALAAAA4ACCtXRWQnOEpyOqnQQ8KGbALIFzi%2BxBPjoLDuRQ8QmCx%2Fns%2BcweRTuIn3Qp3K%2BkTax2GOB5zuVvgtfTusdYXCM6ir4VkRPAA5utKDzIVdv73tMqiuvkO%2Fcut%2Fg8KE%2BYjcWpzisEjcgpZ%2FDybbNiAa3eZeuZN8q6Q4%2BVBoglSg1iGcA9hoCEKL0b1VzV4%2Fr8gRqyqt66wDPcGgar6cbKuPFHNx%2B2PvLHzGGlG6WBW%2FuTmqI%2FEg9CWL4iYk393zh9wJFLT06a%2BdQCKRIG4iDt2dhMyJP9XlrP44Ut4FSO8AbH,https://i.ebayimg.com/images/g/LYkAAOSwWu9m5Ps3/s-l225.jpg
zoid,model_kit,eBay,marketplace,international,TAKARA TOMY DAEWON ZOIDS WILD : ZW55 Xeno Rex Scissors XA Tyrannosaurus Type,89.8,0.0,False,USD,New,https://www.ebay.com/itm/126243225931?_skw=zoids&hash=item1d64aec14b:g:SQ8AAOSwFAllgXzA&amdata=enc%3AAQALAAAA4ACCtXRWQnOEpyOqnQQ8KGZpMz2XlglxaMRJlrOL7ZL6hqSHBHBW1mzm3J1P%2BA0NZNa4eRug26y248WqMYJo1btnMZ19V8His4TiwrxXEHzuagsMC5xk%2BzMqiinc7qiB0YDZHk3I%2FEkjBZAVtMDkl%2BSt2VUC%2B00qvhHJBJu7S3ayStpz9kHKbYrzdgeBTTuGZUzQ%2B1ob488caz3UxnaAnhgw1AjQgsvgpllhfO%2B%2B7ItM0rvPJi3F5fLmsH0Prk84p3RBj8wFwbXhyvbhNzTJ1J1X07gAX6vkV9UYbKrKzRMp,https://i.ebayimg.com/images/g/SQ8AAOSwFAllgXzA/s-l225.jpg
zoid,model_kit,eBay,marketplace,us,Zoids Elephander Elephant Type TOMY 038 Assembly Kit,199.99,15.0,False,USD,New,https://www.ebay.com/itm/327184894253?_skw=zoids&hash=item4c2dbd492d:g:wSUAAeSwN01qGcLq,https://i.ebayimg.com/images/g/wSUAAeSwN01qGcLq/s-l225.jpg
zoid,other,eBay,marketplace,international,Uゾイド 索斯洛依德1/72 zoids EZ-016 SABER TIGER Silver Weapon upgrade painted used Tomy,28.0,17.0,False,USD,Used,https://www.ebay.com/itm/398364538161?_skw=zoids&hash=item5cc0607531:g:uTwAAeSwNhhqnPG0,https://i.ebayimg.com/images/g/uTwAAeSwNhhqnPG0/s-l225.jpg
zoid,other,eBay,marketplace,us,Zoids Hel Digunner 011 Tomy,45.0,8.55,False,USD,New,https://www.ebay.com/itm/157318774682?_skw=zoids&hash=item24a0edff9a:g:wsEAAeSwuWxoxalR,https://i.ebayimg.com/images/g/wsEAAeSwuWxoxalR/s-l225.jpg
zoid,model_kit,eBay,marketplace,us,Huge Lot Micro Machines Spider-man Batman Zoids Battle Champion Spacecraft DC,50.0,0.0,False,USD,Used,https://www.ebay.com/itm/298667976410?_skw=zoids&hash=item4589ffa6da:g:nAwAAeSwZsZqpcxm,https://i.ebayimg.com/images/g/nAwAAeSwZsZqpcxm/s-l225.jpg
zoid,other,eBay,marketplace,us,Tomy Zoids 6 Pilots Drivers Authentic Figure Parts 3 Blue 2 Gray 1 White Figures,25.0,5.95,False,USD,Used,https://www.ebay.com/itm/287510652541?_skw=zoids&hash=item42f0f8667d:g:pAMAAeSwSLlqdfeK,https://i.ebayimg.com/images/g/pAMAAeSwSLlqdfeK/s-l225.jpg
zoid,model_kit,eBay,marketplace,international,Zoids OER : Scorpozoid  : 100% Complete + Working,33.8,,False,USD,Used,https://www.ebay.com/itm/257725069015?_skw=zoids&hash=item3c019c76d7:g:I3kAAeSw5Alqm~f2,https://i.ebayimg.com/images/g/I3kAAeSw5Alqm~f2/s-l225.jpg
zoid,model_kit,eBay,marketplace,us,"Zoids Vol. 3: The Coliseum Battle, Battle Begins & High-speed Battle VHS Hasbro",49.13,,False,USD,Very Good,https://www.ebay.com/itm/257730472776?_skw=zoids&hash=item3c01eeeb48:g:f3sAAeSwl-Zqn13V&amdata=enc%3AAQALAAAA4ACCtXRWQnOEpyOqnQQ8KGZanYAj7NDARFK6nkF6IQ59f5L87tjTj7G656VubHrXVDuVJgJ0hueHE5XGtufgOWa2VyD%2FgZZhziHDHspt3Lg82TdQ5RbH%2F0g%2B%2Bnv2hrh9H65aqIZTee%2FtJQyM3wgqUFTc8i4HxJ3A%2FVACG7mATIQqf79almXKxf%2B32VtnA4sdZ3Yx2M3tqAHCswpzGYXK4ZLzZOxIfz2jrZ7QOnzOJWJUy4fjK7tU2%2B4d5UDLCYn2q8qZcilrvnt5c2WTN5gGEtsJXkMdXExCr%2F8FPYu87ate,https://i.ebayimg.com/images/g/f3sAAeSwl-Zqn13V/s-l225.jpg
zoid,model_kit,eBay,marketplace,us,Zoids Chaotic Century Complete Anime Series Ep 1-67 Audio option in description,34.99,0.0,False,USD,,https://www.ebay.com/itm/355422091663?_skw=zoids&hash=item52c0ceb98f:g:EAEAAOSwXRhhQ6ur&amdata=enc%3AAQALAAAA4ACCtXRWQnOEpyOqnQQ8KGZT%2FHhbmWhGQnZKmC1Ooh3daELjjH0lq3qD74dY6tLCwVQ6xEk7FfoZLVrj4RJjkSLnN3aGCVXd%2BcBBH92ZLAEod6UKCRSSwe7ZNyuTXJVybX2bpINPBIgLHv7Ceo37OXwjsXF6ewqdEFHTAvnEHP60S3cRh%2FgaL8MY%2FH%2FEfrORc8ClMW19y1s%2BkczFVd1K1rkQ5dqKWO4N3Y0uwGNxYKeFVG063uVoFvp%2Fqyygj9tqK2nNooYDElpMMzIcVXPfrL3M%2BsMdzLxoCPgo2osqikrc,https://i.ebayimg.com/images/g/EAEAAOSwXRhhQ6ur/s-l225.jpg
zoid,model_kit,eBay,marketplace,us,Zoids HMM-0015 EZ-015 Iron Kong Marking Plus ver. 1/72 model kit Kotobukiya,189.99,0.0,False,USD,New,https://www.ebay.com/itm/145124149284?_skw=zoids&hash=item21ca12c824:g:zr4AAOSwy19kf7~M,https://i.ebayimg.com/images/g/zr4AAOSwy19kf7~M/s-l225.jpg
zoid,other,eBay,marketplace,us,2003 Zoids Z-Builders Missile Tortoise - with MANUAL & MINIFIGURE! Damaged Box,44.99,0.0,False,USD,New,https://www.ebay.com/itm/267756591307?_skw=zoids&hash=item3e578958cb:g:sCoAAeSwSLlqfnSP,https://i.ebayimg.com/images/g/sCoAAeSwSLlqfnSP/s-l225.jpg
zoid,other,eBay,marketplace,us,1990 ZOIDS Gashapon Wardick TOMY FISH TYPE SIDE OF EMPIRE,10.0,0.0,False,USD,Used,https://www.ebay.com/itm/820055678986?_skw=zoids&hash=itembeef20a00a:g:BAYAAeSw9XJqkLmp,https://i.ebayimg.com/images/g/BAYAAeSw9XJqkLmp/s-l225.jpg
zoid,other,eBay,marketplace,us,Takara Tomy ZOIDS KZ-01B Liger Zero Jaeger Unit Used,55.0,20.0,False,USD,Used,https://www.ebay.com/itm/127836635851?_skw=zoids&hash=item1dc3a842cb:g:IxQAAeSwhS1p8mO2,https://i.ebayimg.com/images/g/IxQAAeSwhS1p8mO2/s-l225.jpg
zoid,other,eBay,marketplace,us,Zoids FX Sticker Collection 1 Liger Zero Pioneer Promo Sticker Pair,3.78,0.95,False,USD,Used,https://www.ebay.com/itm/327355247991?_skw=zoids&hash=item4c37e4ad77:g:KUkAAeSwnkFqpbx~,https://i.ebayimg.com/images/g/KUkAAeSwnkFqpbx~/s-l225.jpg
zoid,model_kit,eBay,marketplace,us,Zoids HMM025 RZ-010 Pteras Bomber Marking Plus ver. 1/72 model kit Kotobukiya,89.99,0.0,False,USD,New,https://www.ebay.com/itm/363350205586?_skw=zoids&hash=item54995c2492:g:vmQAAOSw3uFgbTtR,https://i.ebayimg.com/images/g/vmQAAOSw3uFgbTtR/s-l225.jpg
zoid,other,eBay,marketplace,international,In Stock BT Black Knight ZOIDS White Liger Zero Assembly Model,71.74,0.0,False,USD,New,https://www.ebay.com/itm/406986155883?_skw=zoids&hash=item5ec243e76b:g:sj0AAOSwe~JmqfGZ,https://i.ebayimg.com/images/g/sj0AAOSwe~JmqfGZ/s-l225.jpg
zoid,other,eBay,marketplace,us,ZOIDS ZW10 Knuckle Kong Takara Tomy,20.0,8.75,False,USD,New,https://www.ebay.com/itm/146288288305?_skw=zoids&hash=item220f762231:g:WxAAAOSwmBxnaF2U,https://i.ebayimg.com/images/g/WxAAAOSwmBxnaF2U/s-l225.jpg
zoid,model_kit,eBay,marketplace,us,Takara Tomy Realize Model Kit: ZOIDS RMZ-001 Blade Liger Lion Type 1/100 Scale,69.95,0.0,False,USD,New,https://www.ebay.com/itm/358729919663?_skw=zoids&hash=item5385f82caf:g:vSUAAeSwfzxpGWw1&amdata=enc%3AAQALAAAA4ACCtXRWQnOEpyOqnQQ8KGZZp3dIwEzu4s3hJ8mJpo5XdksxIo4pDpCVtiPKZrt8kmGKZNGvFlnG%2BG0fAfwb0ixtbY75LZ8b8s9zxHHuhh2dL0IYIkalg1Uf4swvMYexFIyGZLhrD5v2ZY%2Bg9oKfzi00ni7KVp4hViqkpuwzMBmUwVC8O7e9uSQUTv0r3g1%2BIBaiBWgZTw9grNvoMxap6z%2BeCuS71ce33gBfV4bYLH%2B06IT4FK6Ea%2F5Or28K49czQ7QlkJACOSgWsT49eEPnqXh1OSzKYxkK7gH3brJicKWg,https://i.ebayimg.com/images/g/vSUAAeSwfzxpGWw1/s-l225.jpg
zoid,model_kit,eBay,marketplace,us,ZOIDS 1/72 ENERGY LIGER #102 HASBRO 2003 TOMY,149.99,0.0,False,USD,New,https://www.ebay.com/itm/127284346801?_skw=zoids&hash=item1da2bcffb1:g:rIIAAeSwkQtojoAo&amdata=enc%3AAQALAAAA4ACCtXRWQnOEpyOqnQQ8KGbNH6ivt1Ba%2BhiV3lHJXv%2B5k3F9Wd1VoFEtjmrD10KCZJsqP5I0AVJcfVHz8LC5oQs%2FnMzf95PDSzZsjUp6wgmpZkLVlWqbKMtzhaAasp0NONO9tIOkz0Kw5%2FWQ4jSRpfeYfLQScvDfo6Hzrpi4Y2cE9WKiFXrfT9SDGw947VWvhA%2BiQK%2BoiCDn7vTb9A%2BeuxqNd2cpQHIHjwowe7J8GN9AEZIGXmOlHP2TJ6EHAgYGMVhmDjye%2BCzS2cn8atn%2B8CQZ3VGHPA7eqlCTiGbErywF,https://i.ebayimg.com/images/g/rIIAAeSwkQtojoAo/s-l225.jpg
zoid,model_kit,Plaza Japan,retailer,,Takara Tomy Zoids AZ-15 Psycho Geno Saurer Plastic Model,111.57,,,USD,New,https://www.plazajapan.com/4904810070696,https://cdn11.bigcommerce.com/s-89ffd/products/196910/images/895214/takara-tomy-zoids-az-15-psycho-geno-saurer-plastic-model__26543.1771466604.350.350.jpg?c=2
zoid,model_kit,Plaza Japan,retailer,,Kotobukiya HMM ZOIDS 1/72 RZ-029 Storm Sworder Plastic Model,84.36,,,USD,New,https://www.plazajapan.com/4934054108114,https://cdn11.bigcommerce.com/s-89ffd/products/185883/images/824700/4934054108114-1__96898.1759384716.350.350.jpg?c=2
zoid,model_kit,Plaza Japan,retailer,,Kotobukiya HMM ZOIDS 1/72 RZ-041 LIGER ZERO JAGER Marking Plus Version Plastic Model,44.92,,,USD,New,https://www.plazajapan.com/4934054073696,https://cdn11.bigcommerce.com/s-89ffd/products/169282/images/714889/kotobukiya-hmm-zoids-172-rz-041-liger-zero-jager-marking-plus-version-plastic-model__24234.1739870917.350.350.jpg?c=2
zoid,model_kit,Plaza Japan,retailer,,Kotobukiya HMM Zoids 1/72 EPZ-003 Greatsaber Marking Plus Ver. Plastic Model,43.83,,,USD,New,https://www.plazajapan.com/4934054073917,https://cdn11.bigcommerce.com/s-89ffd/products/176668/images/761995/4934054073917_c31cc81754fbe18c7806440d559629c4__96666.1747977861.350.350.jpg?c=2
zoid,model_kit,Plaza Japan,retailer,,Kotobukiya HMM ZOIDS 1/72 EZ-049 Sturm Tyrann Plastic Model,143.53,,,USD,New,https://www.plazajapan.com/4934054055586,https://cdn11.bigcommerce.com/s-89ffd/products/129054/images/458187/4934054055586_d65249acc2eaa9c631f7a81b4181438a__03580.1680591380.350.350.jpg?c=2
zoid,model_kit,Plaza Japan,retailer,,Kotobukiya HMM ZOIDS 1/72 Dark Horn Harry Special 2001 Re/color Plastic Model,71.22,,,USD,New,https://www.plazajapan.com/4934054086955,https://cdn11.bigcommerce.com/s-89ffd/products/211590/images/974069/4934054086955_ccf7035a5e0cb0a52767178b45f4f611__20948.1783048740.350.350.jpg?c=2
zoid,model_kit,Plaza Japan,retailer,,Kotobukiya HMM Zoids 1/72 EZ-034 Geno Breaker Re-package Ver. Plastic Model,47.42,,,USD,New,https://www.plazajapan.com/4934054048434,https://cdn11.bigcommerce.com/s-89ffd/products/113058/images/388984/4934054023158_d7344ccfc91c1af1c4bb79df3ba2aa30__29694.1655192701.350.350.jpg?c=2
zoid,model_kit,Plaza Japan,retailer,,Kotobukiya HMM ZOIDS 1/72 RZ-028 Blade Liger AB Plastic Model,43.83,,,USD,New,https://www.plazajapan.com/4934054073740,https://cdn11.bigcommerce.com/s-89ffd/products/170336/images/717555/4934054073740_2caed7cd7394f8f2f6cc70ce3d83273a__91386.1739940441.350.350.jpg?c=2
zoid,model_kit,Plaza Japan,retailer,,Takara Tomy 1/100 Realize Model Zoids RMZ-016 Blade Liger Panzer (ZBF) Lion Type,69.84,,,USD,New,https://www.plazajapan.com/4904810092544,https://cdn11.bigcommerce.com/s-89ffd/products/209355/images/965464/4904810092544_c2a8aed77598cb4f02a6dd8123802a3b__27261.1782276934.350.350.jpg?c=2
zoid,model_kit,Plaza Japan,retailer,,Kotobukiya HMM Zoids 1/72 EZ-004 FIRE FOX Marking Plus Ver. Plastic Model,80.28,,,USD,New,https://www.plazajapan.com/4934054058389,https://cdn11.bigcommerce.com/s-89ffd/products/136807/images/492278/4934054058389_b80842cf3946ce1f0340fbbc28f1032b__63704.1697607606.350.350.jpg?c=2
zoid,model_kit,Plaza Japan,retailer,,Kotobukiya HMM ZOIDS 1/72 SHADOW FOX MARKING PLUS Ver. Plastic Model,29.58,,,USD,New,https://www.plazajapan.com/4934054050222,https://cdn11.bigcommerce.com/s-89ffd/products/117812/images/411233/4934054050222_c2f192498245db2b1964bfaaa64c75cf__94020.1663052785.350.350.jpg?c=2
zoid,model_kit,Plaza Japan,retailer,,Kotobukiya HMM ZOIDS 1/72 Iron Kong (Schwarz Ver.) Plastic Model,119.84,,,USD,New,https://www.plazajapan.com/4934054081493,https://cdn11.bigcommerce.com/s-89ffd/products/196330/images/896016/kotobukiya-hmm-zoids-172-iron-kong-schwarz-ver-plastic-model__91843.1771467945.350.350.jpg?c=2
zoid,model_kit,Plaza Japan,retailer,,Kotobukiya HMM Zoids 1/72 EZ-054 Liger Zero X Plastic Model,83.68,,,USD,New,https://www.plazajapan.com/4934054109180,https://cdn11.bigcommerce.com/s-89ffd/products/95125/images/348400/4934054109180_21bbcec4015c514783ce0a63152364d4__56698.1640067081.350.350.jpg?c=2
zoid,model_kit,Plaza Japan,retailer,,Kotobukiya HMM ZOIDS 1/72 EZ-036 Death Stinger ZS Plastic Model,165.69,,,USD,New,https://www.plazajapan.com/4934054033232,https://cdn11.bigcommerce.com/s-89ffd/products/86057/images/317652/033232-1__03915.1626769900.350.350.jpg?c=2
zoid,model_kit,Plaza Japan,retailer,,Takara Tomy T Spark Realize Model Zoids RMZ-013 Shield Liger Van Version Precolored,50.72,,,USD,New,https://www.plazajapan.com/4904810995524,https://cdn11.bigcommerce.com/s-89ffd/products/213581/images/987842/takara-tomy-t-spark-realize-model-zoids-rmz-013-shield-liger-van-version-precolored__18854.1784350461.350.350.jpg?c=2
zoid,model_kit,Plaza Japan,retailer,,Kotobukiya HMM ZOIDS 1/72 RZ-014 Godos Marking Plus Ver. Plastic Model,32.21,,,USD,New,https://www.plazajapan.com/4934054062300,https://cdn11.bigcommerce.com/s-89ffd/products/163580/images/634590/kotobukiya-hmm-zoids-172-rz-014-godos-marking-plus-ver-plastic-model__84019.1737382596.350.350.jpg?c=2
zoid,model_kit,Plaza Japan,retailer,,Kotobukiya HMM Zoids 1/72 EZ-015 Iron Kong Marking Plus Ver. Plastic Model,140.14,,,USD,New,https://www.plazajapan.com/4934054045617,https://cdn11.bigcommerce.com/s-89ffd/products/113059/images/388995/4934054045617_3688d53ab50eeea1fb38a4a40faa4dd5__58129.1655193112.350.350.jpg?c=2
zoid,model_kit,Plaza Japan,retailer,,Kotobukiya HMM Series 1/72 EZ-036 Death Stinger Plastic Model (ZOIDS),156.37,,,USD,New,https://www.plazajapan.com/4934054017843,https://cdn11.bigcommerce.com/s-89ffd/products/80243/images/267882/4934054017843_02ca997b23beca128c1ff3dbeabb5220__41670.1598576458.350.350.jpg?c=2
zoid,model_kit,Plaza Japan,retailer,,Takara Tomy Spider Zoids Spider-Man Special,32.12,,,USD,New,https://www.plazajapan.com/4904810948551,https://cdn11.bigcommerce.com/s-89ffd/products/161132/images/651822/takara-tomy-spider-zoids-spider-man-special__32905.1737464286.350.350.jpg?c=2
zoid,model_kit,Plaza Japan,retailer,,Kotobukiya 1/72 HMM Zoids RZ-041 Liger Zero Panzer Marking Plus Ver. Plastic Model,91.12,,,USD,New,https://www.plazajapan.com/4934054073900,https://cdn11.bigcommerce.com/s-89ffd/products/173125/images/741166/kotobukiya-172-hmm-zoids-rz-041-liger-zero-panzer-marking-plus-ver-plastic-model__00218.1745019868.350.350.jpg?c=2
zoid,model_kit,Plaza Japan,retailer,,Kotobukiya HMM ZOIDS 1/72 Green Horn AB Plastic Model,141.98,,,USD,New,https://www.plazajapan.com/4934054043446,https://cdn11.bigcommerce.com/s-89ffd/products/130008/images/461855/4934054043446_f325cf5e04d5b8f0869ee25f7cb64ddc__33807.1682043912.350.350.jpg?c=2
zoid,model_kit,Plaza Japan,retailer,,Kotobukiya HMM ZOIDS 1/72 RZ-009 Command Wolf AC & LC Marking Plus Ver. Plastic Model,84.92,,,USD,New,https://www.plazajapan.com/4934054063529,https://cdn11.bigcommerce.com/s-89ffd/products/164750/images/623842/kotobukiya-hmm-zoids-172-rz-009-command-wolf-ac-and-lc-marking-plus-ver-plastic-model__16304.1737072250.350.350.jpg?c=2
zoid,model_kit,Plaza Japan,retailer,,Takara Tomy 1/100 RMZ Realize Model ZOIDS Blade Liger Plastic Model,43.78,,,USD,New,https://www.plazajapan.com/4904810918752,https://cdn11.bigcommerce.com/s-89ffd/products/152772/images/662334/takara-tomy-1100-rmz-realize-model-zoids-blade-liger-plastic-model__46738.1737710602.350.350.jpg?c=2
zoid,model_kit,Plaza Japan,retailer,,Kotobukiya HMM ZOIDS 1/35 Fangtiger Plastic Model,99.74,,,USD,New,https://www.plazajapan.com/4934054005109,https://cdn11.bigcommerce.com/s-89ffd/products/86201/images/326358/005109-1__90830.1630481411.350.350.jpg?c=2
zoid,model_kit,Plaza Japan,retailer,,Kotobukiya HMM ZOIDS 1/72 RZ-002 Guysack Plastic Model,53.93,,,USD,New,https://www.plazajapan.com/4934054045655,https://cdn11.bigcommerce.com/s-89ffd/products/142350/images/515332/4934054045655_fe6d1932c2f2d2915bfd64518f49464b__57370.1707442446.350.350.jpg?c=2
zoid,model_kit,Plaza Japan,retailer,,Takara Tomy 1/72 ZOIDS AZ-02 LIGER ZERO,143.53,,,USD,New,https://www.plazajapan.com/4904810227557,https://cdn11.bigcommerce.com/s-89ffd/products/126767/images/447750/4904810227557_39d1a1481a173689c89a3a0214e58966__96493.1675906267.350.350.jpg?c=2
zoid,model_kit,Plaza Japan,retailer,,Takara Tomy 1/100 RMZ Realize Model ZOIDS Geno Saurer Plastic Model,55.79,,,USD,New,https://www.plazajapan.com/4904810939696,https://cdn11.bigcommerce.com/s-89ffd/products/152773/images/681738/takara-tomy-1100-rmz-realize-model-zoids-geno-saurer-plastic-model__53028.1737741564.350.350.jpg?c=2
zoid,model_kit,Plaza Japan,retailer,,Kotobukiya HMM Series 1/72 EZ-004 RED HORN Marking Plus Ver. Plastic Model (ZOIDS),92.98,,,USD,New,https://www.plazajapan.com/4934054056910,https://cdn11.bigcommerce.com/s-89ffd/products/135013/images/484770/4934054056910_359a0a3dc030beb659c23e9e6c6a5cf4__96404.1693964223.350.350.jpg?c=2
zoid,model_kit,Plaza Japan,retailer,,Kotobukiya HMM ZOIDS 1/72 RZ-041 Liger Zero Schneider Marking Plus Ver. Plastic Model,44.92,,,USD,New,https://www.plazajapan.com/4934054073733,https://cdn11.bigcommerce.com/s-89ffd/products/170321/images/717532/4934054073733_13492b3cccf132265d2288afe39aa604__83845.1739937567.350.350.jpg?c=2
zoid,model_kit,Plaza Japan,retailer,,Zoids Hunter Wolf Tokyo Metropolitan Police Specification,42.09,,,USD,New,https://www.plazajapan.com/4904810919100,https://cdn11.bigcommerce.com/s-89ffd/products/213486/images/987955/takara-tomy-zoids-hunter-wolf-tokyo-metropolitan-police-specification__18689.1784350664.350.350.jpg?c=2
zoid,model_kit,Plaza Japan,retailer,,Kotobukiya Zoids D-Style Shield Liger [Clear Parts Append] Plastic Model,22.31,,,USD,New,https://www.plazajapan.com/4934054086894,https://cdn11.bigcommerce.com/s-89ffd/products/203337/images/923631/kotobukiya-zoids-d-style-shield-liger-clear-parts-append-plastic-model__33403.1776480327.350.350.jpg?c=2
zoid,model_kit,Plaza Japan,retailer,,Kotobukiya ZA001 Zoids ZA Murasame Liger 1/100 Action Figure 4934054106370,75.9,,,USD,New,https://www.plazajapan.com/4934054106370,https://cdn11.bigcommerce.com/s-89ffd/products/11143/images/49248/4934054106370_b__39529.1636591775.350.350.jpg?c=2
zoid,model_kit,Plaza Japan,retailer,,Kotobukiya ZA003 Zoids ZA Hayate Liger 1/100 Action Figure 4934054107414,129.16,,,USD,New,https://www.plazajapan.com/4934054107414,https://cdn11.bigcommerce.com/s-89ffd/products/11144/images/338992/4934054107414_a__65248.1472779127__43476.1636591857.350.350.jpg?c=2
zoid,model_kit,Plaza Japan,retailer,,Kotobukiya ZD043 Zoids DPZ-10 Dark Horn 1/72 Scale Kit,108.19,,,USD,New,https://www.plazajapan.com/4934054103607,https://cdn11.bigcommerce.com/s-89ffd/products/17521/images/63419/4934054103607_1__20846.1479706348.350.350.jpg?c=2
zoid,model_kit,Plaza Japan,retailer,,Kotobukiya ZD061 Zoids RZ-041 Liger Zero Jager 1/72 Scale Kit,109.71,,,USD,New,https://www.plazajapan.com/4934054104420,https://cdn11.bigcommerce.com/s-89ffd/products/19701/images/192494/4934054104420-1__88873.1559024258.350.350.jpg?c=2
zoid,model_kit,Plaza Japan,retailer,,Takara Tomy ZOIDS ZW01 Wild Liger 111955,82.84,,,USD,New,https://www.plazajapan.com/4904810111955,https://cdn11.bigcommerce.com/s-89ffd/products/39404/images/146105/49048101119551__25892.1528700000.350.350.jpg?c=2
zoid,model_kit,Plaza Japan,retailer,,Takara Tomy ZOIDS ZW02 Gilraptor 972013,66.69,,,USD,New,https://www.plazajapan.com/4904810972013,https://cdn11.bigcommerce.com/s-89ffd/products/39405/images/146119/49048109720132__80276.1528700271.350.350.jpg?c=2
zoid,model_kit,Plaza Japan,retailer,,Takara Tomy ZOIDS ZW03 Kabtor 972037,32.12,,,USD,New,https://www.plazajapan.com/4904810972037,https://cdn11.bigcommerce.com/s-89ffd/products/39408/images/146120/49048109720371__65988.1528700336.350.350.jpg?c=2
zoid,model_kit,Plaza Japan,retailer,,Takara Tomy ZOIDS ZW06 Gabrigator 972051,83.68,,,USD,New,https://www.plazajapan.com/4904810972051,https://cdn11.bigcommerce.com/s-89ffd/products/39412/images/146140/49048109720511__37657.1528700879.350.350.jpg?c=2
zoid,model_kit,Plaza Japan,retailer,,Takara Tomy ZOIDS ZW07 Kuwaga 972099,21.09,,,USD,New,https://www.plazajapan.com/4904810972099,https://cdn11.bigcommerce.com/s-89ffd/products/39413/images/570097/4904810972099_7c1faf30e5bfc2356aa1b9d15aa0a38b__40868.1723104677.350.350.jpg?c=2
zoid,model_kit,Plaza Japan,retailer,,Kotobukiya ZD135 Zoids EPZ-003 Great Saber Marking Plus Ver. 1/72 Scale Kit,84.51,,,USD,New,https://www.plazajapan.com/4934054019229,https://cdn11.bigcommerce.com/s-89ffd/products/67951/images/251193/4934054019229_e16d447977e0ff140c5d6300fa1119c1__10011.1588053181.350.350.jpg?c=2
zoid,model_kit,Plaza Japan,retailer,,Kotobukiya HMM ZOIDS 1/72 Liger Zero Schneider Unit Marking Plus Ver. Plastic Model (Released),57.22,,,USD,New,https://www.plazajapan.com/4934054026883,https://cdn11.bigcommerce.com/s-89ffd/products/81612/images/293930/026883-1__50073.1615452651.350.350.jpg?c=2
zoid,model_kit,Plaza Japan,retailer,,Kotobukiya HMM ZOIDS RZ-046 SHADOW FOX MARKING PLUS Ver. 1/72 Plastic Model,66.78,,,USD,New,https://www.plazajapan.com/4934054026906,https://cdn11.bigcommerce.com/s-89ffd/products/84295/images/307151/026906-1__48406.1622621344.350.350.jpg?c=2
zoid,model_kit,Plaza Japan,retailer,,Kotobukiya HMM ZOIDS 1/72 RMZ-27 Canon Tortoise Plastic Model,52.72,,,USD,New,https://www.plazajapan.com/4934054025251,https://cdn11.bigcommerce.com/s-89ffd/products/86058/images/318211/025251-1__82857.1627287817.350.350.jpg?c=2
zoid,model_kit,Plaza Japan,retailer,,Kotobukiya HMM ZOIDS 1/72 RZ-007 Shield Liger DCS-J Plastic Model,72.52,,,USD,New,https://www.plazajapan.com/4934054014026,https://cdn11.bigcommerce.com/s-89ffd/products/88559/images/297027/4934054014026_9a30c128ec6af374c0a6de466deecc31__56984.1617674972.350.350.jpg?c=2
zoid,model_kit,Plaza Japan,retailer,,Kotobukiya HMM Zoids 1/72 EZ-027 Rev Raptor Plastic Model,59.0,,,USD,New,https://www.plazajapan.com/4934054109357,https://cdn11.bigcommerce.com/s-89ffd/products/90511/images/333047/109357-1__79270.1633663208.350.350.jpg?c=2
zoid,model_kit,Plaza Japan,retailer,,Takara Tomy Zoids Wild Burning Liger,75.9,,,USD,New,https://www.plazajapan.com/4904810156062,https://cdn11.bigcommerce.com/s-89ffd/products/92683/images/341190/156062-1__42016.1637743278.350.350.jpg?c=2
zoid,model_kit,Plaza Japan,retailer,,Kotobukiya HMM Zoids 1/72 EZ-027 Raven Raptor Plastic Model,80.47,,,USD,New,https://www.plazajapan.com/4934054109333,https://cdn11.bigcommerce.com/s-89ffd/products/93752/images/342567/4934054109333_be096dcffce5a9dc377ebe1524de2de9__83263.1638346701.350.350.jpg?c=2
zoid,model_kit,Plaza Japan,retailer,,Kotobukiya HMM ZOIDS 1/72 EZ-035 Lightning Saix Marking Plus Ver. Plastic Model,67.45,,,USD,New,https://www.plazajapan.com/4934054023134,https://cdn11.bigcommerce.com/s-89ffd/products/96303/images/320171/4934054023134_a9826daf3388df4db6f27f5b0a52d098__20349.1627962827.350.350.jpg?c=2
zoid,model_kit,Plaza Japan,retailer,,Kotobukiya HMM Zoids 1/72 RZ-014 Godos Marking Plus Ver. Plastic Model (old),71.68,,,USD,New,https://www.plazajapan.com/4934054035618,https://cdn11.bigcommerce.com/s-89ffd/products/98829/images/352962/4934054035618_ec81b3fcab301a0825413b5ca9af8cd3__58706.1642478192.350.350.jpg?c=2
zoid,model_kit,Plaza Japan,retailer,,Kotobukiya HMM Zoids 1/72 EZ-017 Iguan Marking Plus Ver. Plastic Model,53.93,,,USD,New,https://www.plazajapan.com/4934054039081,https://cdn11.bigcommerce.com/s-89ffd/products/100500/images/375908/4934054039081_a8d8d8a5dcb912aa62c620ffefbf67ad__91951.1650873287.350.350.jpg?c=2
zoid,model_kit,Plaza Japan,retailer,,Kotobukiya HMM Zoids 1/72 RZ-030 Gun Sniper W2 Plastic Model,26.63,,,USD,New,https://www.plazajapan.com/4934054026975,https://cdn11.bigcommerce.com/s-89ffd/products/102386/images/529819/4934054062287_b3a5df217172269fb1b9e29f88c31f60__14220.1712725051.350.350.jpg?c=2
zoid,model_kit,Plaza Japan,retailer,,Kotobukiya HMM Zoids 1/72 RZ-007 Shield Liger Marking Plus Ver. Plastic Model,92.81,,,USD,New,https://www.plazajapan.com/4934054039111,https://cdn11.bigcommerce.com/s-89ffd/products/105159/images/385149/4934054039111_065f43dd051661925c793b078f84e79a__15969.1653622413.350.350.jpg?c=2
zoid,model_kit,Plaza Japan,retailer,,Kotobukiya HMM ZOIDS 1/72 RZ-029 Storm Sworder Plastic Model (Reproduction),50.4,,,USD,New,https://www.plazajapan.com/4934054049721,https://cdn11.bigcommerce.com/s-89ffd/products/116769/images/406956/49340549721_ffb504eedeee333bdd11e72ed90fdd1b__30501.1661847292.350.350.jpg?c=2
zoid,model_kit,Plaza Japan,retailer,,Kotobukiya HMM ZOIDS 1/72 EZ-005 Redler Guylos Empire Type Plastic Model,60.7,,,USD,New,https://www.plazajapan.com/4934054027514,https://cdn11.bigcommerce.com/s-89ffd/products/117807/images/411172/4934054027514_55d2ffdebb8883d11aa222a66393f68d__44799.1663051380.350.350.jpg?c=2
zoid,model_kit,Plaza Japan,retailer,,Kotobukiya HMM ZOIDS 1/72 EHI-7 Reddra Zenebas Empire Type Plastic Model,65.27,,,USD,New,https://www.plazajapan.com/4934054027507,https://cdn11.bigcommerce.com/s-89ffd/products/117809/images/453424/4934054027507_e0124cd9793be42bfa0319a34886ce87__17683.1678332585.350.350.jpg?c=2
zoid,model_kit,Plaza Japan,retailer,,Kotobukiya HMM Zoids 1/72 Iron Kong Prozen Knights Plastic Model,202.69,,,USD,New,https://www.plazajapan.com/4934054050062,https://cdn11.bigcommerce.com/s-89ffd/products/118956/images/416655/4934054050062_4504a67cfe275163e70399eaf4934a7c__70223.1665039006.350.350.jpg?c=2
zoid,model_kit,Plaza Japan,retailer,,Takara Tomy Zoids 1/72 AZ Molga Plastic Model,49.28,,,USD,New,https://www.plazajapan.com/4904810945673,https://cdn11.bigcommerce.com/s-89ffd/products/155317/images/664073/takara-tomy-zoids-172-az-molga-plastic-model__79338.1737713273.350.350.jpg?c=2
zoid,model_kit,Plaza Japan,retailer,,Kotobukiya HMM ZOIDS 1/72 DPZ-10 Dark Horn Marking Plus Ver. Plastic Model,117.49,,,USD,New,https://www.plazajapan.com/4934054063550,https://cdn11.bigcommerce.com/s-89ffd/products/163566/images/634499/kotobukiya-hmm-zoids-172-dpz-10-dark-horn-marking-plus-ver-plastic-model__75538.1737382418.350.350.jpg?c=2
zoid,model_kit,Plaza Japan,retailer,,Kotobukiya HMM ZOIDS 1/72 EHI-7 Redler Zenebus Empire Ver. Plastic Model,35.79,,,USD,New,https://www.plazajapan.com/4934054067336,https://cdn11.bigcommerce.com/s-89ffd/products/163578/images/634587/kotobukiya-hmm-zoids-172-ehi-7-redler-zenebus-empire-ver-plastic-model__82587.1737382593.350.350.jpg?c=2
zoid,model_kit,Plaza Japan,retailer,,Kotobukiya HMM ZOIDS 1/72 EZ-005 Redler Guyros Empire Ver. Plastic Model,35.79,,,USD,New,https://www.plazajapan.com/4934054067343,https://cdn11.bigcommerce.com/s-89ffd/products/163579/images/634103/kotobukiya-hmm-zoids-172-ez-005-redler-guyros-empire-ver-plastic-model__00712.1737381757.350.350.jpg?c=2
zoid,model_kit,Plaza Japan,retailer,,Kotobukiya HMM ZOIDS 1/72: RZ-007 Shield Liger - DCS-J Plastic Model,40.51,,,USD,New,https://www.plazajapan.com/4934054073702,https://cdn11.bigcommerce.com/s-89ffd/products/169263/images/714098/kotobukiya-hmm-zoids-172-rz-007-shield-liger-dcs-j-plastic-model__99267.1739869683.350.350.jpg?c=2
zoid,model_kit,Plaza Japan,retailer,,Kotobukiya HMM ZOIDS 1/72 LIGER ZERO JAGER UNIT MARKING PLUS Version Plastic Model,20.82,,,USD,New,https://www.plazajapan.com/4934054073719,https://cdn11.bigcommerce.com/s-89ffd/products/169283/images/718602/4934054073719_731b071386d2bc3cc64eabbf24594166__86689.1740462818.350.350.jpg?c=2
zoid,model_kit,Plaza Japan,retailer,,Takara Tomy Zoids AZ-06 Liger Zero Phoenix,152.18,,,USD,New,https://www.plazajapan.com/4904810918844,https://cdn11.bigcommerce.com/s-89ffd/products/169454/images/715971/takara-tomy-zoids-az-06-liger-zero-phoenix__98875.1739872698.350.350.jpg?c=2
zoid,model_kit,Plaza Japan,retailer,,Kotobukiya HMM ZOIDS 1/72 Liger Zero Schneider Unit Marking Plus Ver. Plastic Model,20.82,,,USD,New,https://www.plazajapan.com/4934054073726,https://cdn11.bigcommerce.com/s-89ffd/products/170337/images/717573/4934054073726_1e8fcec2bef1d1292f3fb6892d3dc5df__72009.1739940989.350.350.jpg?c=2
zoid,model_kit,Plaza Japan,retailer,,Kotobukiya HMM Zoids RZ-045 Salamander 1/72 Plastic Model,265.41,,,USD,New,https://www.plazajapan.com/4934054047789,https://cdn11.bigcommerce.com/s-89ffd/products/181199/images/803535/kotobukiya-hmm-zoids-rz-045-salamander-172-plastic-model__94341.1755491825.350.350.jpg?c=2
zoid,model_kit,Plaza Japan,retailer,,Takara Tomy Zoids Cannontoise,30.33,,,USD,New,https://www.plazajapan.com/4904810973126,https://cdn11.bigcommerce.com/s-89ffd/products/186274/images/826797/4904810973126-1__44712.1759737242.350.350.jpg?c=2
zoid,model_kit,Plaza Japan,retailer,,Kotobukiya 1/72 Zoids GUN SNIPER Leena Special 2001 Re/color Plastic Model,33.97,,,USD,New,https://www.plazajapan.com/4934054081394,https://cdn11.bigcommerce.com/s-89ffd/products/189469/images/852233/kotobukiya-172-zoids-gun-sniper-leena-special-2001-recolor-plastic-model__88967.1763451195.350.350.jpg?c=2
zoid,model_kit,Plaza Japan,retailer,,Takara Tomy Zoids AZ-14 Liger Zero Ixis Plastic Model,109.88,,,USD,New,https://www.plazajapan.com/4904810096832,https://cdn11.bigcommerce.com/s-89ffd/products/196907/images/892241/takara-tomy-zoids-az-14-liger-zero-ixis-plastic-model__04624.1771462015.350.350.jpg?c=2
zoid,model_kit,Plaza Japan,retailer,,Takara Tomy ZOIDS Wild Liger Zinogre Plastic Model,50.07,,,USD,New,https://www.plazajapan.com/4904810083719,https://cdn11.bigcommerce.com/s-89ffd/products/213798/images/989537/takara-tomy-zoids-wild-liger-zinogre-plastic-model__26061.1784353147.350.350.jpg?c=2
zoid,model_kit,Plaza Japan,retailer,,Takara Tomy Zoids Fangriffon Plastic Model,55.75,,,USD,New,https://www.plazajapan.com/4904810095651,https://cdn11.bigcommerce.com/s-89ffd/products/216842/images/1004072/takara-tomy-zoids-fangriffon-plastic-model__87905.1787031262.350.350.jpg?c=2
zoid,model_kit,Plaza Japan,retailer,,Takara Tomy ZW10 Zoids Wild Knuckle Kong,34.64,,,USD,New,https://www.plazajapan.com/4904810972075,https://cdn11.bigcommerce.com/s-89ffd/products/58859/images/193727/4904810972075_5c469f4a08717fd02c4d3dd4c44959cc__88338.1559299631.350.350.jpg?c=2
zoid,model_kit,Plaza Japan,retailer,,Takara Tomy ZW44 Zoids Wild Zero Grizis,167.36,,,USD,New,https://www.plazajapan.com/4904810140955,https://cdn11.bigcommerce.com/s-89ffd/products/92682/images/307889/4904810140955_98ea50e9a5c9b06c07a461eaa0ef091a__58272.1622778052.350.350.jpg?c=2
zoid,model_kit,Plaza Japan,retailer,,Takara Tomy ZW53 Zoids Wild Core Drive Weapon Ignition Booster,10.4,,,USD,New,https://www.plazajapan.com/4904810154037,https://cdn11.bigcommerce.com/s-89ffd/products/92685/images/307904/4904810154037_38d6458385a8a9ca5d0125158eb15a90__60876.1622778147.350.350.jpg?c=2
zoid,model_kit,Plaza Japan,retailer,,Takara Tomy ZW56 Zoids Wild Core Drive Weapon Twin Pile Bunker,11.11,,,USD,New,https://www.plazajapan.com/4904810154044,https://cdn11.bigcommerce.com/s-89ffd/products/92688/images/307915/4904810154044_8b053282bec068e24d92a71d8744ce68__64120.1622778201.350.350.jpg?c=2
zoid,model_kit,Plaza Japan,retailer,,Takara Tomy ZW57 Zoids Wild Xeno Evolution Arms Buster Unit,24.34,,,USD,New,https://www.plazajapan.com/4904810165613,https://cdn11.bigcommerce.com/s-89ffd/products/92689/images/307917/4904810165613_c5126215d39e04227ca6a5cdc22a1fab__44131.1622778232.350.350.jpg?c=2
zoid,model_kit,Plaza Japan,retailer,,Takara Tomy 1/72 ZOIDS AZ-01 Blade Liger,87.6,,,USD,New,https://www.plazajapan.com/4904810227540,https://cdn11.bigcommerce.com/s-89ffd/products/136333/images/490503/4904810227540_06de4b147759de916a8b10cb018c0542__80637.1696495785.350.350.jpg?c=2
zoid,model_kit,Plaza Japan,retailer,,Takara Tomy Spider Zoids Black Spider-Man Special,32.12,,,USD,New,https://www.plazajapan.com/4904810955962,https://cdn11.bigcommerce.com/s-89ffd/products/161133/images/638275/takara-tomy-spider-zoids-black-spider-man-special__00376.1737442964.350.350.jpg?c=2
zoid,model_kit,Plaza Japan,retailer,,Kotobukiya 1/72  HMM Zoids Liger Zero Exclusive Panzer Unit Marking Plus Ver. Plastic Model,23.01,,,USD,New,https://www.plazajapan.com/4934054073757,https://cdn11.bigcommerce.com/s-89ffd/products/173126/images/741841/kotobukiya-172-hmm-zoids-liger-zero-exclusive-panzer-unit-marking-plus-ver-plastic-model__85350.1745020996.350.350.jpg?c=2
zoid,model_kit,Plaza Japan,retailer,,Kotobukiya 1/72 HMM Zoids EZ-054 Liger Zero X Plastic Model,84.15,,,USD,New,https://www.plazajapan.com/4934054073924,https://cdn11.bigcommerce.com/s-89ffd/products/175159/images/748700/4934054073924_240054ce4f23bf61223fa3c2247a74ef__51889.1746088571.350.350.jpg?c=2
zoid,model_kit,Plaza Japan,retailer,,Kotobukiya 1/72 HMM Zoids RZ-013 Cannon Tortoise Marking Plus Ver. Plastic Model,54.27,,,USD,New,https://www.plazajapan.com/4934054070589,https://cdn11.bigcommerce.com/s-89ffd/products/175160/images/748669/4934054070589_4cc9b209d7bb8ce1e0494c33b8ca7a35__25837.1746088501.350.350.jpg?c=2
zoid,model_kit,Plaza Japan,retailer,,Takara Tomy 1/72 Zoids AZ-13 Canory Molga Insect Type Plastic Model,39.34,,,USD,New,https://www.plazajapan.com/4904810096849,https://cdn11.bigcommerce.com/s-89ffd/products/209215/images/964859/4904810096849_0dd0fbe78f6eb79a6b3bf7a9f296ebde__78980.1781851641.350.350.jpg?c=2
zoid,model_kit,Plaza Japan,retailer,,Takara Tomy Realize Model ZOIDS RMZ-004 Hell Cat Guylos Color,27.05,,,USD,New,https://www.plazajapan.com/4904810939702,https://cdn11.bigcommerce.com/s-89ffd/products/161134/images/653173/takara-tomy-realize-rmz-004-hell-cat-guylos-color__04771.1737466444.350.350.jpg?c=2
zoid,model_kit,Plaza Japan,retailer,,Takara Tomy Realize Model ZOIDS RMZ-005 Molga Guylos Color,21.98,,,USD,New,https://www.plazajapan.com/4904810939733,https://cdn11.bigcommerce.com/s-89ffd/products/161135/images/656451/takara-tomy-realize-rmz-005-molga-guylos-color__59683.1737471708.350.350.jpg?c=2
zoid,model_kit,Plaza Japan,retailer,,Takara Tomy T-Spark Zoids AZ-16 Liger Zero Jaeger Pre Colored Plastic Kit,108.11,,,USD,New,https://www.plazajapan.com/4904810073772,https://cdn11.bigcommerce.com/s-89ffd/products/204619/images/938925/takara-tomy-t-spark-zoids-az-16-liger-zero-jaeger-pre-colored-plastic-kit__39034.1779076354.350.350.jpg?c=2
zoid,model_kit,Plaza Japan,retailer,,1/100 Realize Model Zoids RMZ-017 Command Wolf Urban Warfare Special Wolf Type,45.47,,,USD,New,https://www.plazajapan.com/4904810918776,https://cdn11.bigcommerce.com/s-89ffd/products/209552/images/966472/4904810918776_6748317ede83707a6f355814a2fd3290__01486.1782370254.350.350.jpg?c=2
zoid,model_kit,Plaza Japan,retailer,,Takara Tomy Monster Hunter x Zoids Gatling Fox Mitsune,47.33,,,USD,New,https://www.plazajapan.com/4904810995203,https://cdn11.bigcommerce.com/s-89ffd/products/174542/images/745630/4904810995203_6a8653eb5a57269a44c257f6246bf920__40558.1745388023.350.350.jpg?c=2
zoid,model_kit,Plaza Japan,retailer,,Takara Tomy Monster Hunter x Zoids Knuckle Kong Rajang,27.64,,,USD,New,https://www.plazajapan.com/4904810995197,https://cdn11.bigcommerce.com/s-89ffd/products/174543/images/745639/4904810995197_893e31a471c772095c38d74050e48b46__76712.1745388112.350.350.jpg?c=2
zoid,model_kit,Plaza Japan,retailer,,Takara Tomy Murasame Liger Plastic Model(Zoids),99.74,,,USD,New,https://www.plazajapan.com/4904810227564,https://cdn11.bigcommerce.com/s-89ffd/products/132160/images/471086/4904810227564_98c5d56568152aaf6392a6764f2ce834__83839.1686801010.350.350.jpg?c=2
zoid,model_kit,Plaza Japan,retailer,,Takara Tomy 1/100 Realize Model ZOIDS RMZ-007 Trinity Liger Figure,37.17,,,USD,New,https://www.plazajapan.com/4904810939689,https://cdn11.bigcommerce.com/s-89ffd/products/167619/images/622063/takara-tomy-1100-scale-realize-rmz-007-trinity-liger-figure__35145.1737069379.350.350.jpg?c=2
zoid,model_kit,Plaza Japan,retailer,,Takara Tomy 1/100 Realize Model ZOIDS RMZ-008 Command Wolf Irvine Special Plastic Model,44.26,,,USD,New,https://www.plazajapan.com/4904810938866,https://cdn11.bigcommerce.com/s-89ffd/products/170426/images/718123/4904810938866_3692768eb566751e46b9a78c5e7018a0__99623.1740032176.350.350.jpg?c=2
zoid,model_kit,Plaza Japan,retailer,,Takara Tomy 1/100 Realize Model ZOIDS RMZ-019 Hellcat And Morga Zenevas Color Set Plastic Model,48.01,,,USD,New,https://www.plazajapan.com/4904810073987,https://cdn11.bigcommerce.com/s-89ffd/products/196915/images/894065/takara-tomy-1100-realize-model-zoids-rmz-019-hellcat-and-morga-zenevas-color-set-plastic-model__01045.1771464882.350.350.jpg?c=2
zoid,model_kit,Plaza Japan,retailer,,Takara Tomy 1/100 Realize Model ZOIDS RMZ-020 Zabat Plastic Model,32.05,,,USD,New,https://www.plazajapan.com/4904810086895,https://cdn11.bigcommerce.com/s-89ffd/products/196918/images/894827/takara-tomy-1100-realize-model-zoids-rmz-020-zabat-plastic-model__62410.1771466051.350.350.jpg?c=2
zoid,model_kit,Plaza Japan,retailer,,Takara Tomy T-Spark Realize Model Zoids RMZ-022 Murasame Liger Color-Separated Plastic Model Kit,52.66,,,USD,New,https://www.plazajapan.com/4904810092575,https://cdn11.bigcommerce.com/s-89ffd/products/204618/images/939149/takara-tomy-t-spark-realize-model-zoids-rmz-022-murasame-liger-color-separated-plastic-model-kit__96398.1779076639.350.350.jpg?c=2
zoid,model_kit,Plaza Japan,retailer,,Takara Tomy T-Spark Realize Model Zoids RMZ-021 Shield Liger Mark II 1/100 Scale Pre-Colored Plastic Model Kit,53.38,,,USD,New,https://www.plazajapan.com/4904810918790,https://cdn11.bigcommerce.com/s-89ffd/products/205550/images/936814/4904810918790_35bf0ac979bf4197ca635fd5fecabbda__96440.1779064809.350.350.jpg?c=2
zoid,model_kit,Plaza Japan,retailer,,Takara Tomy T-Spark Realize Model Zoids RMZ-012 Hellcat Tirol 1/100 Scale Color-Separated Plastic Model Kit,37.19,,,USD,New,https://www.plazajapan.com/4904810954385,https://cdn11.bigcommerce.com/s-89ffd/products/205608/images/937290/4904810954385_bd7c5da59bb285dcf06d4e595ae2976e__96741.1779068465.350.350.jpg?c=2
zoid,model_kit,Plaza Japan,retailer,,Takara Tomy 1/100 Realize Model Zoids RMZ-015 Saber Tiger Raven Special Tiger Type,47.33,,,USD,New,https://www.plazajapan.com/4904810092537,https://cdn11.bigcommerce.com/s-89ffd/products/209282/images/965004/4904810092537_7086bd78aa8d1c8e314ed0f3e2b6c9c3__07460.1782106390.350.350.jpg?c=2
zoid,model_kit,Plaza Japan,retailer,,Takara Tomy 1/100 Realize Model Zoids RMZ-014 Red Horn Guylos Color Styracosaurus Type,45.03,,,USD,New,https://www.plazajapan.com/4904810939740,https://cdn11.bigcommerce.com/s-89ffd/products/209298/images/965110/4904810939740_1c571e6fec7192b5932aca398cdc8ca4__43248.1782187450.350.350.jpg?c=2
zoid,model_kit,Plaza Japan,retailer,,Takara Tomy SYNERGENEX MONSTER HUNTER X ZOIDS WILD LIGER STYGIAN ZINOGRE PLASTIC MODEL,50.07,,,USD,New,https://www.plazajapan.com/4904810070979,https://cdn11.bigcommerce.com/s-89ffd/products/213712/images/990199/takara-tomy-synergenex-monster-hunter-x-zoids-wild-liger-stygian-zinogre-plastic-model__86907.1784354264.350.350.jpg?c=2
zoid,model_kit,Plaza Japan,retailer,,Takara Tomy T-Spark Realize Model Zoids RMZ-025 Liger Zero Falcon (ZBF) Plastic Model,70.01,,,USD,New,https://www.plazajapan.com/4904810092551,https://cdn11.bigcommerce.com/s-89ffd/products/216717/images/1008320/takara-tomy-t-spark-realize-model-zoids-rmz-025-liger-zero-falcon-zbf-plastic-model__43045.1787037826.350.350.jpg?c=2
zoid,model_kit,Plaza Japan,retailer,,Bandai Chogokin RZ-041 Liger Zero Figure (ZOIDS),276.15,,,USD,New,https://www.plazajapan.com/4573102640734,https://cdn11.bigcommerce.com/s-89ffd/products/123141/images/430887/4573102640734_930b100fb236685bb724d102e83e84cc__28319.1669107622.350.350.jpg?c=2
zoid,model_kit,Plaza Japan,retailer,,Takara Tomy 1/100 RMZ-003 Realize Model ZOIDS Command Wolf Plastic Model,25.19,,,USD,New,https://www.plazajapan.com/4904810918769,https://cdn11.bigcommerce.com/s-89ffd/products/156052/images/650302/takara-tomy-1100-rmz-003-realize-model-zoids-command-wolf-plastic-model__11292.1737461864.350.350.jpg?c=2
zoid,other,Plaza Japan,retailer,,Kotobukiya ZA004 Zoids ZA Mugen Liger 1/100 Scale Action Figure,45.45,,,USD,New,https://www.plazajapan.com/4934054107728,https://cdn11.bigcommerce.com/s-89ffd/products/11145/images/338993/ZA004_a__61951.1473069451__77029.1636591913.350.350.jpg?c=2
zoid,model_kit,Plaza Japan,retailer,,Kotobukiya ZD037 Zoids EPZ-003 Great Saber 1/72 Scale Kit,38.1,,,USD,New,https://www.plazajapan.com/4934054103249,https://cdn11.bigcommerce.com/s-89ffd/products/11146/images/338994/blob__93661.1473215125__91265.1636591970.350.350.png?c=2
zoid,model_kit,Plaza Japan,retailer,,Kotobukiya ZD042 Zoids RZ-041 Liger Zero 1/72 Scale Kit,32.51,,,USD,New,https://www.plazajapan.com/4934054103515,https://cdn11.bigcommerce.com/s-89ffd/products/11147/images/338995/blob__57606.1473215259__32605.1636592039.350.350.png?c=2
zoid,model_kit,Plaza Japan,retailer,,Kotobukiya ZD048 Zoids RZ-010 Pteras Bomber Jamie Custom 1/72 Scale Kit,25.23,,,USD,New,https://www.plazajapan.com/4934054103966,https://cdn11.bigcommerce.com/s-89ffd/products/11148/images/338996/blob__09367.1473215384.1280.1280__77606.1510213587__75168.1636592115.350.350.png?c=2
zoid,model_kit,Plaza Japan,retailer,,Kotobukiya ZD052 Zoids RZ-014 Godos 1/72 Scale Kit,23.54,,,USD,New,https://www.plazajapan.com/4934054104130,https://cdn11.bigcommerce.com/s-89ffd/products/11149/images/338997/blob__46682.1473215527__92304.1510558521__00030.1636592241.350.350.png?c=2
zoid,model_kit,Plaza Japan,retailer,,Kotobukiya ZD054 Zoids Schnider Unit for Liger Zero 1/72 Scale Kit,15.67,,,USD,New,https://www.plazajapan.com/4934054104222,https://cdn11.bigcommerce.com/s-89ffd/products/11150/images/115209/blob__20587.1473215630__32125.1510209792.350.350.png?c=2
zoid,model_kit,Plaza Japan,retailer,,Kotobukiya ZD062 Zoids EZ-049 Berserk Fuhrer 1/72 Scale Kit,154.43,,,USD,New,https://www.plazajapan.com/4934054104437,https://cdn11.bigcommerce.com/s-89ffd/products/11151/images/179076/blob__44558.1473215804__71495.1552301857.350.350.jpg?c=2
zoid,model_kit,Plaza Japan,retailer,,Kotobukiya ZD063 Zoids RZ-041 Ligar Zero Panzer 1/72 Scale Kit,40.96,,,USD,New,https://www.plazajapan.com/4934054104451,https://cdn11.bigcommerce.com/s-89ffd/products/11152/images/338998/4934054104451-1__95497.1559024482__86555.1636592308.350.350.png?c=2
zoid,model_kit,Plaza Japan,retailer,,Kotobukiya HMM ZOIDS 1/72 Liger Zero Jager Unit Plastic Model,16.84,,,USD,New,https://www.plazajapan.com/4934054104574,https://cdn11.bigcommerce.com/s-89ffd/products/11153/images/338999/ZD066_a__05010.1484734091__91445.1636592368.350.350.jpg?c=2
zoid,model_kit,Plaza Japan,retailer,,Kotobukiya ZD070 Zoids RZ-046 Shadow Fox 1/72 Scale Kit,30.04,,,USD,New,https://www.plazajapan.com/4934054104871,https://cdn11.bigcommerce.com/s-89ffd/products/11154/images/339000/zd070_a__22515.1472627340__68358.1636592436.350.350.jpg?c=2
zoid,model_kit,Plaza Japan,retailer,,Kotobukiya ZD076 ZOIDS EZ-034 GENO BREAKER RAVEN Version 1/72 Scale Kit,51.56,,,USD,New,https://www.plazajapan.com/4934054105281,https://cdn11.bigcommerce.com/s-89ffd/products/11155/images/339001/blob__92511.1473219707__92226.1636592492.350.350.png?c=2
zoid,model_kit,Plaza Japan,retailer,,Kotobukiya ZD097 Zoids RHI-3 Command Wolf Repackage Version HMM 1/72 Scale Kit,26.92,,,USD,New,https://www.plazajapan.com/4934054107551,https://cdn11.bigcommerce.com/s-89ffd/products/11156/images/339002/blob__02570.1473216401.1280.1280__86818.1510214789__34530.1636592554.350.350.png?c=2
zoid,model_kit,Plaza Japan,retailer,,Kotobukiya ZD067 Zoids Panzer Unit for Liger Zero 1/72 Scale Kit,17.95,,,USD,New,https://www.plazajapan.com/4934054104581,https://cdn11.bigcommerce.com/s-89ffd/products/11157/images/339003/blob__46851.1473216093.1280.1280__02872.1510215935__38930.1636592609.350.350.png?c=2
zoid,model_kit,Plaza Japan,retailer,,Kotobukiya ZD044 Zoids Gun Sniper Leena Special 1/72 Scale Kit,25.23,,,USD,New,https://www.plazajapan.com/4934054103768,https://cdn11.bigcommerce.com/s-89ffd/products/14805/images/54045/2__58346.1474438677.350.350.jpg?c=2
zoid,model_kit,Plaza Japan,retailer,,Kotobukiya ZD036 Zoids EZ-035 Lightning Saix 1/72 Scale Kit,88.3,,,USD,New,https://www.plazajapan.com/4934054103133,https://cdn11.bigcommerce.com/s-89ffd/products/15156/images/68873/ZD036_a__54390.1484305423.350.350.jpg?c=2
zoid,model_kit,Plaza Japan,retailer,,Kotobukiya ZD086 Zoids EZ-036 Death Stinger 1/72 Scale Kit,218.08,,,USD,New,https://www.plazajapan.com/4934054106462,https://cdn11.bigcommerce.com/s-89ffd/products/17668/images/115724/ZD086_a__12640.1483699708.1280.1280__01140.1744268786.350.350.jpg?c=2
zoid,model_kit,Plaza Japan,retailer,,Kotobukiya 102747 ZD026 ZOIDS EMZ-15 Molga AA & Molga Carrier 1/72 Scale Kit,344.16,,,USD,New,https://www.plazajapan.com/4934054102747,https://cdn11.bigcommerce.com/s-89ffd/products/18633/images/114881/ZD026_a__61126.1485434772.1280.1280__29949.1510140573.350.350.jpg?c=2
zoid,model_kit,Plaza Japan,retailer,,Kotobukiya ZD094 Zoids HMM Customize Parts Beam Gatling Set 1/72 Scale Model Kit,12.87,,,USD,New,https://www.plazajapan.com/4934054107384,https://cdn11.bigcommerce.com/s-89ffd/products/24697/images/99816/ZD094_a__74373.1498900791.350.350.jpg?c=2
zoid,model_kit,Plaza Japan,retailer,,Kotobukiya ZD025 Zoids RZ-013 Buster Tortoise 1/72 Scale Model Kit,264.61,,,USD,New,https://www.plazajapan.com/4934054102631,https://cdn11.bigcommerce.com/s-89ffd/products/28353/images/121383/4934054102631-1__06153.1516344998.350.350.jpg?c=2
zoid,model_kit,Plaza Japan,retailer,,Kotobukiya ZD030 Zoids EZ-004 Red Horn 1/72 Scale Model Kit,38.1,,,USD,New,https://www.plazajapan.com/4934054102785,https://cdn11.bigcommerce.com/s-89ffd/products/28354/images/121389/4934054102785-1__78897.1516345257.350.350.jpg?c=2
zoid,model_kit,Plaza Japan,retailer,,Kotobukiya ZD11 Zoids EMZ-15 Molga and Molga with Canory Unit 1/72 Scale Model Kit,80.3,,,USD,New,https://www.plazajapan.com/4934054101641,https://cdn11.bigcommerce.com/s-89ffd/products/28355/images/121396/4934054101641-1__99757.1516345655.350.350.jpg?c=2
zoid,model_kit,Plaza Japan,retailer,,Kotobukiya ZD105 Zoids HMM Sturm Unit for EZ-049 Berserk Fuhrer 1/72 Scale Kit,36.67,,,USD,New,https://www.plazajapan.com/4934054109159,https://cdn11.bigcommerce.com/s-89ffd/products/33522/images/128903/4934054109159-1__93850.1519808296.350.350.jpg?c=2
zoid,model_kit,Plaza Japan,retailer,,Takara Tomy ZOIDS ZW04 Scorpear 972044,37.95,,,USD,New,https://www.plazajapan.com/4904810972044,https://cdn11.bigcommerce.com/s-89ffd/products/39409/images/146126/49048109720441__52798.1528700418.350.350.jpg?c=2
zoid,other,Plaza Japan,retailer,,Ensky Jigsaw Puzzle 108-L719 Anime Zoids Wild (108 L-Pieces),9.56,,,USD,New,https://www.plazajapan.com/4970381199753,https://cdn11.bigcommerce.com/s-89ffd/products/47997/images/158936/4970381199753-1__80822.1533869586.350.350.jpg?c=2
zoid,model_kit,Plaza Japan,retailer,,Takara Tomy ZW14 Zoids Wild Stegosage,58.32,,,USD,New,https://www.plazajapan.com/4904810972068,https://cdn11.bigcommerce.com/s-89ffd/products/58866/images/272591/672068-1__75655.1601281750.350.350.jpg?c=2
zoid,model_kit,Plaza Japan,retailer,,Kotobukiya ZD130 Zoids RMZ-11 Godos Former Republic Ver. 1/72 Scale Kit,84.51,,,USD,New,https://www.plazajapan.com/4934054014040,https://cdn11.bigcommerce.com/s-89ffd/products/63731/images/232697/4934054014040_922920bafaec68e45ab5a397df278b1b__32052.1579849577.350.350.jpg?c=2
zoid,model_kit,Plaza Japan,retailer,,Kotobukiya ZD136 Zoids EZ-015 Iron Kong Yeti 1/72 Scale Kit,95.45,,,USD,New,https://www.plazajapan.com/4934054019489,https://cdn11.bigcommerce.com/s-89ffd/products/69860/images/259640/4934054019489_5ecb5573388e0361d1e57e83a9e4eb95__79191.1593415106.350.350.jpg?c=2
zoid,model_kit,Plaza Japan,retailer,,Kotobukiya ZD025R Zoids Buster Tortoise 1/72 Scale Model Kit,22.69,,,USD,New,https://www.plazajapan.com/4934054025244,https://cdn11.bigcommerce.com/s-89ffd/products/69971/images/233914/4934054025244_57aaba2d03ddb4022a7c3171fbd531ce__16440.1580960156.350.350.jpg?c=2
zoid,model_kit,Plaza Japan,retailer,,Kotobukiya HMM ZOIDS 1/72 RBOZ-006 Dibison Marking Plus Ver. Plastic Model,60.27,,,USD,New,https://www.plazajapan.com/4934054023073,https://cdn11.bigcommerce.com/s-89ffd/products/70413/images/282089/023073-1__11897.1606811485.350.350.jpg?c=2
zoid,model_kit,Plaza Japan,retailer,,Kotobukiya ZD079R Zoids EZ-017 Iguan 1/72 Scale Kit,25.03,,,USD,New,https://www.plazajapan.com/4934054026937,https://cdn11.bigcommerce.com/s-89ffd/products/70646/images/276641/026937-1__24844.1603437249.350.350.jpg?c=2
zoid,model_kit,Plaza Japan,retailer,,Kotobukiya ZD100R Zoids Customized Parts Gojulas Cannon Set 1/72 Scale Kit,28.61,,,USD,New,https://www.plazajapan.com/4934054026920,https://cdn11.bigcommerce.com/s-89ffd/products/70647/images/237646/4934054026920_f9052e9228c29aa4809f9d019d0ba580__02726.1584431092.350.350.jpg?c=2
zoid,model_kit,Plaza Japan,retailer,,Kotobukiya ZD115 Zoids Wild Liger 1/35 Scale Kit,52.47,,,USD,New,https://www.plazajapan.com/4934054004508,https://cdn11.bigcommerce.com/s-89ffd/products/71157/images/291515/004508-1__91510.1614153909.350.350.jpg?c=2
zoid,model_kit,Plaza Japan,retailer,,Kotobukiya HMM ZOIDS 1/72 RZ-010 Pteras Bomber Marking Plus Ver. Plastic Model,28.61,,,USD,New,https://www.plazajapan.com/4934054023141,https://cdn11.bigcommerce.com/s-89ffd/products/78806/images/498145/4934054023141_6b1e8964ffac3e93d7238fac005e95c9__24970.1700114644.350.350.jpg?c=2
zoid,model_kit,Plaza Japan,retailer,,Kotobukiya ZD030R Zoids EZ-004 Red Horn 1/72 Plastic Model,67.62,,,USD,New,https://www.plazajapan.com/4934054030743,https://cdn11.bigcommerce.com/s-89ffd/products/79536/images/281930/030743-1__10915.1606464785.350.350.jpg?c=2
zoid,model_kit,Plaza Japan,retailer,,Good Smile Company HAGANE WORKS Blade Liger 1/72 Figure (Zoids),157.09,,,USD,New,https://www.plazajapan.com/4580590121720,https://cdn11.bigcommerce.com/s-89ffd/products/79549/images/263252/4580590121720_dbf30e00655feadefe883d6ebe4800eb__28276.1595844313.350.350.jpg?c=2
zoid,model_kit,Plaza Japan,retailer,,Kotobukiya HMM ZOIDS 1/72 Customize Parts Beam Gatling Set Plastic Model,12.61,,,USD,New,https://www.plazajapan.com/4934054017836,https://cdn11.bigcommerce.com/s-89ffd/products/81606/images/273236/4934054017836_9c751c021e1373547c3fcd84219344b2__34586.1601604642.350.350.jpg?c=2
zoid,model_kit,Plaza Japan,retailer,,Kotobukiya HMM ZOIDS 1/72 RZ-041 Liger Zero Jager Marking Plus Ver. Plastic Model (Released),44.36,,,USD,New,https://www.plazajapan.com/4934054012947,https://cdn11.bigcommerce.com/s-89ffd/products/81607/images/273244/4934054012947_4b8aa5f6bf8d2840cdb92adbb1810b98__61091.1601604759.350.350.jpg?c=2
zoid,model_kit,Plaza Japan,retailer,,Kotobukiya HMM ZOIDS 1/72 EZ-016 Saber Tiger Marking Plus Ver. Plastic Model,109.71,,,USD,New,https://www.plazajapan.com/4934054014460,https://cdn11.bigcommerce.com/s-89ffd/products/81608/images/466907/4934054014460_2d97712e8f6aa66c9ea8867a02c4bbf1__73618.1684992657.350.350.jpg?c=2
zoid,model_kit,Plaza Japan,retailer,,Kotobukiya HMM Zoids 1/72 Panzer Unit Marking Plus Ver. for Liger Zero Plastic Model,21.91,,,USD,New,https://www.plazajapan.com/4934054026890,https://cdn11.bigcommerce.com/s-89ffd/products/82645/images/299876/029890-1__49373.1618994561.350.350.jpg?c=2
zoid,model_kit,Plaza Japan,retailer,,Kotobukiya HMM ZOIDS 1/72 RZ-041 Liger Zero Panzer Marking Plus Ver. Plastic Model,75.23,,,USD,New,https://www.plazajapan.com/4934054012985,https://cdn11.bigcommerce.com/s-89ffd/products/83643/images/281406/4934054012985_1e8bfa81934fec9a303ae3976824fcb8__06138.1605865102.350.350.jpg?c=2
zoid,model_kit,Plaza Japan,retailer,,Kotobukiya HMM ZOIDS 1/72 Molga & Molga with Cannonry Unit Plastic Model,66.78,,,USD,New,https://www.plazajapan.com/4934054018284,https://cdn11.bigcommerce.com/s-89ffd/products/84716/images/312191/018284-1__92980.1624433203.350.350.jpg?c=2
zoid,model_kit,Plaza Japan,retailer,,Kotobukiya HMM ZOIDS 1/72 EMZ-15 Molga AA & Molga Carrier Plastic Model,75.9,,,USD,New,https://www.plazajapan.com/4934054018291,https://cdn11.bigcommerce.com/s-89ffd/products/84718/images/309468/018291-1__31215.1623314019.350.350.jpg?c=2
zoid,model_kit,Plaza Japan,retailer,,Kotobukiya HMM ZOIDS 1/72 RZ-041 Liger Zero Marking Plus Ver. Plastic Model (Released),60.86,,,USD,New,https://www.plazajapan.com/4934054012930,https://cdn11.bigcommerce.com/s-89ffd/products/84719/images/441925/4934054012930_9a3c77000b12ebb5e509354140232b4e__76824.1674031980.350.350.jpg?c=2
zoid,model_kit,Plaza Japan,retailer,,Kotobukiya HMM ZOIDS 1/72 RZ-041 Liger Zero Schneider Marking Plus Version Plastic Model,47.72,,,USD,New,https://www.plazajapan.com/4934054012978,https://cdn11.bigcommerce.com/s-89ffd/products/86451/images/290688/4934054012978_79e40e0fe86e56591def7b0448ddc8e3__56970.1613635424.350.350.jpg?c=2
zoid,model_kit,Plaza Japan,retailer,,Kotobukiya HMM ZOIDS 1/72 Liger Zero Jagar Unit Marking Plus Ver. Plastic Model,17.53,,,USD,New,https://www.plazajapan.com/4934054026982,https://cdn11.bigcommerce.com/s-89ffd/products/87471/images/296241/026982-1__68886.1617090373.350.350.jpg?c=2
zoid,model_kit,Plaza Japan,retailer,,Kotobukiya HMM ZOIDS 1/72 RZ-028 Blade Liger AB Plastic Model (Released),101.43,,,USD,New,https://www.plazajapan.com/4934054014057,https://cdn11.bigcommerce.com/s-89ffd/products/92582/images/307344/4934054014057_29082f7812aa37857edefed2e7aeff4b__94106.1622688575.350.350.jpg?c=2
zoid,model_kit,Plaza Japan,retailer,,Takara Tomy ZW43 Zoids Wild Zero Phantoth,67.45,,,USD,New,https://www.plazajapan.com/4904810122937,https://cdn11.bigcommerce.com/s-89ffd/products/92681/images/352980/4904810122937_7f3ccd4fec2712adee3b16aced96208a__74699.1642478276.350.350.jpg?c=2
zoid,model_kit,Plaza Japan,retailer,,Takara Tomy ZW52 Zoids Wild Xeno Rex,70.83,,,USD,New,https://www.plazajapan.com/4904810153887,https://cdn11.bigcommerce.com/s-89ffd/products/92684/images/307900/4904810153887_703039ee6e2ed140e9500cdead8a2869__06085.1622778131.350.350.jpg?c=2
zoid,model_kit,Plaza Japan,retailer,,Takara Tomy ZW54 Zoids Wild Xeno Evolution Arms Scissors Unit,20.96,,,USD,New,https://www.plazajapan.com/4904810162315,https://cdn11.bigcommerce.com/s-89ffd/products/92686/images/313426/162315-1__67968.1624952017.350.350.jpg?c=2
zoid,model_kit,Plaza Japan,retailer,,Takara Tomy ZW55 Zoids Wild Xeno Rex Scissors XA,81.14,,,USD,New,https://www.plazajapan.com/4904810153917,https://cdn11.bigcommerce.com/s-89ffd/products/92687/images/307908/4904810153917_597a2c3be831d77e157962521e6026d9__80650.1622778183.350.350.jpg?c=2
zoid,model_kit,Plaza Japan,retailer,,Takara Tomy ZW58 Zoids Wild Xeno Rex Buster XA,75.9,,,USD,New,https://www.plazajapan.com/4904810165620,https://cdn11.bigcommerce.com/s-89ffd/products/92690/images/307918/4904810165620_0db020e10a67d50feaf6d014a866f0a0__08670.1622778249.350.350.jpg?c=2
zoid,model_kit,Plaza Japan,retailer,,Kotobukiya HMM Zoids 1/72 Customize Parts Pile Bunker Unit Plastic Model,8.22,,,USD,New,https://www.plazajapan.com/4934054109340,https://cdn11.bigcommerce.com/s-89ffd/products/93753/images/342555/4934054109340_2ce6369db9f342f025acd62367dfacd5__98931.1638346675.350.350.jpg?c=2
zoid,model_kit,Plaza Japan,retailer,,Kotobukiya HMM ZOIDS 1/72 RHI-3 Command Wolf Repackage Ver. Plastic Model,28.63,,,USD,New,https://www.plazajapan.com/4934054018277,https://cdn11.bigcommerce.com/s-89ffd/products/100501/images/332858/4934054018277_54e4cf1b166c8b94f6d82355e8ca3315__13060.1633594710.350.350.jpg?c=2
zoid,model_kit,Plaza Japan,retailer,,Kotobukiya HMM ZOIDS 1/72 DPZ-10 Dark Horn Plastic Model,105.64,,,USD,New,https://www.plazajapan.com/4934054017515,https://cdn11.bigcommerce.com/s-89ffd/products/105162/images/351403/4934054017515_53e0a68778d876c9062a0ab4f5fbb356__78829.1641524825.350.350.jpg?c=2
zoid,model_kit,Plaza Japan,retailer,,Kotobukiya HMM ZOIDS 1/72 EZ-049 Berserk Fuhrer Repackage Ver. Plastic Model,52.05,,,USD,New,https://www.plazajapan.com/4934054013388,https://cdn11.bigcommerce.com/s-89ffd/products/105450/images/525539/4934054013388_e4cda512192f38f7896491f07d6bc877__02442.1711442534.350.350.jpg?c=2
zoid,model_kit,Plaza Japan,retailer,,Kotobukiya HMM ZOIDS 1/72 Customize Parts Booster Cannon Set Plastic Model,12.05,,,USD,New,https://www.plazajapan.com/4934054027187,https://cdn11.bigcommerce.com/s-89ffd/products/117810/images/411204/4934054027187_295e06b3216fe360418dd7d8e317ac64__91243.1663052049.350.350.jpg?c=2
zoid,model_kit,Plaza Japan,retailer,,Kotobukiya HMM ZOIDS 1/72 Customize Parts Gojulas Cannon Set Plastic Model,29.58,,,USD,New,https://www.plazajapan.com/4934054051762,https://cdn11.bigcommerce.com/s-89ffd/products/123427/images/432829/4934054051762_4983c81dc0e06e20ab2daf4f8ccc51d6__05921.1669875753.350.350.jpg?c=2
zoid,model_kit,Plaza Japan,retailer,,Kotobukiya HMM Zoids 1/72 RZ-053 Konig Wolf Plastic Model,120.87,,,USD,New,https://www.plazajapan.com/4934054003846,https://cdn11.bigcommerce.com/s-89ffd/products/125947/images/529764/4934054003846_d5410c45e0a0a57e381db3c06399fc8c__44500.1712720401.350.350.jpg?c=2
zoid,model_kit,Plaza Japan,retailer,,Kotobukiya HMM Zoids 1/72 Customize Parts Dual Sniper Rifle & AZ Five Launch Missile System Set Plastic Model,56.74,,,USD,New,https://www.plazajapan.com/4934054003853,https://cdn11.bigcommerce.com/s-89ffd/products/125948/images/529807/4934054003853_c8349fa7dfbf1ceeeaa2b175daa30f78__48418.1712724635.350.350.jpg?c=2
zoid,model_kit,Plaza Japan,retailer,,Kotobukiya HMM ZOIDS 1/72 Customize Parts Attack Booster Set Plastic Model,13.15,,,USD,New,https://www.plazajapan.com/4934054043408,https://cdn11.bigcommerce.com/s-89ffd/products/130010/images/461875/4934054043408_a604fc56085ea8fe551af4b8ce146305__05880.1682044124.350.350.jpg?c=2
zoid,model_kit,Plaza Japan,retailer,,Kotobukiya HMM ZOIDS 1/72 RZ-013 Buster Tortoise Plastic Model,73.28,,,USD,New,https://www.plazajapan.com/4934054056262,https://cdn11.bigcommerce.com/s-89ffd/products/130567/images/464183/4934054056262_451185fb238e578aa61606d9bba151f3__51443.1683015264.350.350.jpg?c=2
zoid,model_kit,Plaza Japan,retailer,,Kotobukiya HMM ZOIDS 1/72 EZ-026 Geno Saurer Repackage Ver. Plastic Model,116.65,,,USD,New,https://www.plazajapan.com/4934054057320,https://cdn11.bigcommerce.com/s-89ffd/products/133484/images/477154/4934054057320_b71fa3cc3f80cd837eb444a20d5897e4__56964.1689921579.350.350.jpg?c=2
zoid,model_kit,Plaza Japan,retailer,,Takara Tomy ADAMAS MACHINA Zoids AMZ-01 Berserk Fuhrer,247.75,,,USD,New,https://www.plazajapan.com/4904810918899,https://cdn11.bigcommerce.com/s-89ffd/products/156053/images/654238/takara-tomy-adamas-machina-zoids-amz-01-berserk-fuhrer__02216.1737468148.350.350.jpg?c=2
zoid,model_kit,Plaza Japan,retailer,,Kotobukiya HMM ZOIDS 1/72 EZ-006 Molga Full Option Set Plastic Model,35.61,,,USD,New,https://www.plazajapan.com/4934054063468,https://cdn11.bigcommerce.com/s-89ffd/products/166197/images/623524/kotobukiya-hmm-zoids-172-ez-006-molga-full-option-set-plastic-model__38139.1737071745.350.350.jpg?c=2
zoid,model_kit,Plaza Japan,retailer,,Kotobukiya HMM ZOIDS 1/72 RZ-041 Liger Zero Marking Plus Ver. Plastic Model,37.26,,,USD,New,https://www.plazajapan.com/4934054071647,https://cdn11.bigcommerce.com/s-89ffd/products/168051/images/663041/kotobukiya-hmm-zoids-172-rz-041-liger-zero-marking-plus-ver-plastic-model__42026.1737711613.350.350.jpg?c=2
zoid,model_kit,Plaza Japan,retailer,,Takara Tomy T-SPARK Transformers Zoids Diaclone: Shield-D-Prime Figure,216.78,,,USD,New,https://www.plazajapan.com/4904810997269,https://cdn11.bigcommerce.com/s-89ffd/products/179671/images/801011/takara-tomy-transformers-zoids-diaclone-shield-d-prime-figure__04401.1755487799.350.350.jpg?c=2
zoid,model_kit,Plaza Japan,retailer,,Kotobukiya 1/72 Zoids LIGHTNING SAIX Irvine Special 2000 -Recolor- Plastic Model,47.11,,,USD,New,https://www.plazajapan.com/4934054079346,https://cdn11.bigcommerce.com/s-89ffd/products/191674/images/865425/kotobukiya-172-zoids-lightning-saix-irvine-special-2000-recolor-plastic-model__19132.1766106462.350.350.jpg?c=2
zoid,model_kit,Plaza Japan,retailer,,Kotobukiya Zoids D-Style Command Wolf Irvine [Clear Parts Append] Plastic Model,22.54,,,USD,New,https://www.plazajapan.com/4934054086900,https://cdn11.bigcommerce.com/s-89ffd/products/204090/images/928844/4934054086900_f6a3ea1997753ab4c6304a825216bd09__94146.1777268154.350.350.jpg?c=2
zoid,model_kit,Plaza Japan,retailer,,Kotobukiya Zoids D-STYLE Gustav Moonbay Special [Clear Parts Append] Plastic Model,19.72,,,USD,New,https://www.plazajapan.com/4934054087198,https://cdn11.bigcommerce.com/s-89ffd/products/207002/images/948566/4934054087198_fdf00e9fc458d9c772f34ebdc4de7b6a__63864.1779416876.350.350.jpg?c=2
zoid,model_kit,Plaza Japan,retailer,,Takara Tomy ZOIDS AZ-17 Ultrasaurus Plastic Model,216.78,,,USD,New,https://www.plazajapan.com/4904810065982,https://cdn11.bigcommerce.com/s-89ffd/products/213801/images/991757/takara-tomy-zoids-az-17-ultrasaurus-plastic-model__62861.1784356723.350.350.jpg?c=2
zoid,model_kit,Plaza Japan,retailer,,Takara Tomy ZOIDS AZ-17EX Ultrasaurus Gravity Cannon Plastic Model,78.67,,,USD,New,https://www.plazajapan.com/4904810058762,https://cdn11.bigcommerce.com/s-89ffd/products/213946/images/992176/takara-tomy-zoids-az-17ex-ultrasaurus-gravity-cannon-plastic-model__64917.1784357405.350.350.jpg?c=2
zoid,model_kit,Plaza Japan,retailer,,F-toys Zoids Wild Puzzle Eraser (FULL BOX),25.11,,,USD,New,https://www.plazajapan.com/4582138604009,https://cdn11.bigcommerce.com/s-89ffd/products/217126/images/1009945/4582138604009_965b9286edc2ac9ac95f6bee015adad5__13541.1787217237.350.350.png?c=2
zoid,model_kit,Gundam Planet,retailer,us,HMM Zoids EPZ-003 Great Saber (Marking Plus Ver.),88.95,,,USD,New,https://www.gundamplanet.com/products/hmm-zoids-epz-003-great-saber-marking-plus-ver?_pos=1&_sid=654d919f2&_ss=r&_fid=895ffec87,https://www.gundamplanet.com/cdn/shop/files/hmm-zoids-epz-003-great-saber-00_1.jpg?v=1737666712&width=533
zoid,model_kit,Gundam Planet,retailer,us,HMM Zoids EZ-035 Lightning Saix Irvine Special 2000 Recolor,79.95,,,USD,New,https://www.gundamplanet.com/products/hmm-zoids-ez-035-lightning-saix-irvine-special-2000-recolor?_pos=2&_sid=654d919f2&_ss=r&_fid=895ffec87,https://www.gundamplanet.com/cdn/shop/files/ZD192_lightning-saix_irvine-sp_marking-plus_base.jpg?v=1765992042&width=533
zoid,model_kit,Gundam Planet,retailer,us,Zoids 1/72 AZ-15 Psycho Geno Saurer,139.95,,,USD,New,https://www.gundamplanet.com/products/zoids-1-72-az-15-psycho-geno-saurer?_pos=3&_sid=654d919f2&_ss=r&_fid=895ffec87,https://www.gundamplanet.com/cdn/shop/files/zoids-1-72-az-15-psycho-geno-saurer-base.jpg?v=1771637347&width=533
zoid,model_kit,Gundam Planet,retailer,us,HMM Zoids EZ-027 Rev Raptor,49.95,,,USD,New,https://www.gundamplanet.com/products/hmm-zoids-ez-027-rev-raptor?_pos=4&_sid=654d919f2&_ss=r&_fid=895ffec87,https://www.gundamplanet.com/cdn/shop/files/hmm-zoids-ez-027-rev-raptor-gp.jpg?v=1737693123&width=533
zoid,model_kit,Gundam Planet,retailer,us,Zoids 1/72 AZ-02EX2 Liger Zero Empire Ver.,119.95,,,USD,New,https://www.gundamplanet.com/products/zoids-1-72-az-02ex2-liger-zero-empire-ver?_pos=5&_sid=654d919f2&_ss=r&_fid=895ffec87,https://www.gundamplanet.com/cdn/shop/files/GN195_base.jpg?v=1757114843&width=533
zoid,model_kit,Gundam Planet,retailer,us,Zoids 1/72 AZ-17DX Ultra Saurus Gravity Cannon (Deluxe Ver.),440.95,,,USD,New,https://www.gundamplanet.com/products/zoids-1-72-az-17dx-ultra-saurus-gravity-cannon-deluxe-ver?_pos=6&_sid=654d919f2&_ss=r&_fid=895ffec87,https://www.gundamplanet.com/cdn/shop/files/zoids-1-72-az-17dx-ultra-saurus-gravity-cannon-deluxe-ver-base.jpg?v=1783534897&width=533
zoid,model_kit,Gundam Planet,retailer,us,Realize Model Zoids 1/100 RMZ-018 Trinity Liger Captured Color,59.95,,,USD,New,https://www.gundamplanet.com/products/realize-model-zoids-1-100-rmz-018-trinity-liger-captured-color?_pos=7&_sid=654d919f2&_ss=r&_fid=895ffec87,https://www.gundamplanet.com/cdn/shop/files/realize-model-zoids-1-100-rmz-018-trinity-liger-captured-color9.jpg?v=1771032332&width=533
zoid,model_kit,Gundam Planet,retailer,us,HMM Zoids DPZ-10 Dark Horn Harry Special 2001 Re-Color,143.95,,,USD,New,https://www.gundamplanet.com/products/hmm-zoids-dpz-10-dark-horn-harry-special-2001-re-color?_pos=8&_sid=654d919f2&_ss=r&_fid=895ffec87,https://www.gundamplanet.com/cdn/shop/files/hmm-zoids-dpz-10-dark-horn-harry-special-2001-re-color-base.jpg?v=1783551872&width=533
zoid,model_kit,Gundam Planet,retailer,us,HMM Zoids W002 Fang Tiger,124.95,,,USD,New,https://www.gundamplanet.com/products/hmm-zoids-w002-fang-tiger?_pos=9&_sid=654d919f2&_ss=r&_fid=895ffec87,https://www.gundamplanet.com/cdn/shop/files/hmm-zoids-w002-fang-tiger-gp.jpg?v=1737703881&width=533
zoid,model_kit,Gundam Planet,retailer,us,Adamas Machina Zoids AM-Z02 Blade Liger,324.95,,,USD,New,https://www.gundamplanet.com/products/adamas-machina-zoids-am-z02-blade-liger?_pos=10&_sid=654d919f2&_ss=r&_fid=895ffec87,https://www.gundamplanet.com/cdn/shop/files/adamas-machina-zoids-am-z02-blade-liger.png?v=1785963675&width=533
zoid,model_kit,Gundam Planet,retailer,us,Zoids 1/72 AZ-01 Blade Liger,100.95,,,USD,New,https://www.gundamplanet.com/products/zoids-1-72-az-01-blade-liger?_pos=11&_sid=654d919f2&_ss=r&_fid=895ffec87,https://www.gundamplanet.com/cdn/shop/files/zoids-1-72-az-01-blade-liger.jpg?v=1768425759&width=533
zoid,model_kit,Gundam Planet,retailer,us,Realize Model Zoids 1/100 RMZ-011 Geno Saurer Raven Special,66.95,,,USD,New,https://www.gundamplanet.com/products/realize-model-zoids-1-100-rmz-011-geno-saurer-raven-special?_pos=12&_sid=654d919f2&_ss=r&_fid=895ffec87,https://www.gundamplanet.com/cdn/shop/files/realize-model-zoids-1-100-rmz-011-geno-saurer-raven-special10.jpg?v=1751666028&width=533
zoid,model_kit,Gundam Planet,retailer,us,Realize Model Zoids 1/100 RMZ-007 Trinity Liger,55.95,,,USD,New,https://www.gundamplanet.com/products/realize-model-zoids-1-100-rmz-007-trinity-liger?_pos=13&_sid=654d919f2&_ss=r&_fid=895ffec87,https://www.gundamplanet.com/cdn/shop/files/realize-model-zoids-1-100-rmz-007-trinity-liger9.jpg?v=1737759123&width=533
zoid,model_kit,Gundam Planet,retailer,us,Realize Model Zoids 1/100 RMZ-025 Liger Zero Falcon (ZBF),88.95,,,USD,New,https://www.gundamplanet.com/products/realize-model-zoids-1-100-rmz-025-liger-zero-falcon-zbf?_pos=14&_sid=654d919f2&_ss=r&_fid=895ffec87,https://www.gundamplanet.com/cdn/shop/files/realize-model-zoids-1-100-rmz-025-liger-zero-falcon-zbf.png?v=1785964071&width=533
zoid,model_kit,Gundam Planet,retailer,us,Zoids 1/72 AZ-17 Ultra Saurus,330.95,,,USD,New,https://www.gundamplanet.com/products/zoids-1-72-az-17-ultra-saurus?_pos=15&_sid=654d919f2&_ss=r&_fid=895ffec87,https://www.gundamplanet.com/cdn/shop/files/zoids-1-72-az-17-ultra-saurus-base.jpg?v=1783534187&width=533
zoid,model_kit,Gundam Planet,retailer,us,D-Style Zoids Shield Liger [Clear Parts Append],27.95,,,USD,New,https://www.gundamplanet.com/products/d-style-zoids-shield-liger-clear-parts-append?_pos=16&_sid=654d919f2&_ss=r&_fid=895ffec87,https://www.gundamplanet.com/cdn/shop/files/d-style-zoids-shield-liger-clear-parts-append-base2.jpg?v=1788993859&width=533
zoid,model_kit,Gundam Planet,retailer,us,HMM Zoids EZ-017 Iguan (Marking Plus Ver.),44.95,,,USD,New,https://www.gundamplanet.com/products/hmm-zoids-ez-017-iguan-marking-plus-ver?_pos=17&_sid=654d919f2&_ss=r&_fid=895ffec87,https://www.gundamplanet.com/cdn/shop/files/hmm-zoids-ez-017-iguan-marking-plus-ver-leave-gp2.jpg?v=1742939764&width=533
zoid,model_kit,Gundam Planet,retailer,us,Zoids 1/72 AZ-14 Liger Zero X,139.95,,,USD,New,https://www.gundamplanet.com/products/zoids-1-72-az-14-liger-zero-x?_pos=18&_sid=654d919f2&_ss=r&_fid=895ffec87,https://www.gundamplanet.com/cdn/shop/files/zoids-1-72-az-14-liger-zero-x-base.jpg?v=1771637660&width=533
zoid,model_kit,Gundam Planet,retailer,us,Zoids 1/72 AZ-16 Liger Zero Jager,126.95,,,USD,New,https://www.gundamplanet.com/products/zoids-1-72-az-16-liger-zero-jager?_pos=19&_sid=654d919f2&_ss=r&_fid=895ffec87,https://www.gundamplanet.com/cdn/shop/files/zoids-1-72-az-16-liger-zero-jager-bs.jpg?v=1778800834&width=533
zoid,model_kit,Gundam Planet,retailer,us,Zoids 1/72 RPZ-14 Salamander F2,330.95,,,USD,New,https://www.gundamplanet.com/products/zoids-1-72-rpz-14-salamander-f2?_pos=20&_sid=654d919f2&_ss=r&_fid=895ffec87,https://www.gundamplanet.com/cdn/shop/files/zoids-1-72-rpz-14-salamander-f2-base.jpg?v=1783551720&width=533
zoid,model_kit,Gundam Planet,retailer,us,HMM Zoids RZ-007 Shield Liger DCS-J,90.95,,,USD,New,https://www.gundamplanet.com/products/hmm-zoids-rz-007-shield-liger-dcs-j?_pos=21&_sid=654d919f2&_ss=r&_fid=895ffec87,https://www.gundamplanet.com/cdn/shop/files/hmm-zoids-rz-007-shield-liger-dcs-j-gp2.jpg?v=1737677211&width=533
zoid,model_kit,Gundam Planet,retailer,us,Realize Model Zoids 1/100 RMZ-006 Saber Tiger Schwarz Special,59.95,,,USD,New,https://www.gundamplanet.com/products/realize-model-zoids-1-100-rmz-006-saber-tiger-schwarz-special?_pos=22&_sid=654d919f2&_ss=r&_fid=895ffec87,https://www.gundamplanet.com/cdn/shop/files/realize-model-zoids-1-100-rmz-006-saber-tiger-schwarz-special-gp.jpg?v=1737754493&width=533
zoid,model_kit,Gundam Planet,retailer,us,HMM Zoids Iron Kong Schwarz Special 1999 Recolor,179.95,,,USD,New,https://www.gundamplanet.com/products/hmm-zoids-iron-kong-schwarz-special-1999-recolor?_pos=23&_sid=654d919f2&_ss=r&_fid=895ffec87,https://www.gundamplanet.com/cdn/shop/files/hmm-zoids-iron-kong-schwarz-special-1999-recolor.jpg?v=1770751523&width=533
zoid,model_kit,Gundam Planet,retailer,us,HMM Zoids EZ-027 Raven Raptor,64.95,,,USD,New,https://www.gundamplanet.com/products/hmm-zoids-ez-027-raven-raptor?_pos=24&_sid=654d919f2&_ss=r&_fid=895ffec87,https://www.gundamplanet.com/cdn/shop/files/hmm-zoids-ez-027-raven-raptor-gp.jpg?v=1737694555&width=533
zoid,model_kit,Gundam Planet,retailer,us,HMM Zoids EZ-036 Death Stinger,144.95,,,USD,New,https://www.gundamplanet.com/products/hmm-zoids-ez-036-death-stinger?_pos=25&_sid=654d919f2&_ss=r&_fid=895ffec87,https://www.gundamplanet.com/cdn/shop/files/hmm-zoids-ez-036-death-stinger-00.jpg?v=1737667234&width=533
zoid,model_kit,Gundam Planet,retailer,us,HMM Zoids RZ-014 Godos (Marking Plus Ver.),49.95,,,USD,New,https://www.gundamplanet.com/products/hmm-zoids-rz-014-godos-marking-plus-ver?_pos=26&_sid=654d919f2&_ss=r&_fid=895ffec87,https://www.gundamplanet.com/cdn/shop/files/hmm-zoids-rz-014-godos-marking-plus-ver-gp.jpg?v=1737698091&width=533
zoid,model_kit,Gundam Planet,retailer,us,Zoids 1/72 AZ-03EX Murasame Liger Original Color,116.95,,,USD,New,https://www.gundamplanet.com/products/zoids-1-72-az-03ex-murasame-liger-original-color?_pos=27&_sid=654d919f2&_ss=r&_fid=895ffec87,https://www.gundamplanet.com/cdn/shop/files/zoids-1-72-az-03ex-murasame-liger-original-color.jpg?v=1765317495&width=533
zoid,model_kit,Gundam Planet,retailer,us,HMM Zoids EZ-049 Sturm Tyrann Berserk Unit Set,174.95,,,USD,New,https://www.gundamplanet.com/products/hmm-zoids-ez-049-sturm-tyrann-berserk-unit-set?_pos=28&_sid=654d919f2&_ss=r&_fid=895ffec87,https://www.gundamplanet.com/cdn/shop/files/hmm-zoids-ez-049-sturm-tyrann-berserk-unit-set-gp.jpg?v=1737753532&width=533
zoid,model_kit,Gundam Planet,retailer,us,Realize Model Zoids 1/100 RMZ-023 Lightning Saix Irvine Special,65.95,,,USD,New,https://www.gundamplanet.com/products/realize-model-zoids-1-100-rmz-023-lightning-saix-irvine-special?_pos=29&_sid=654d919f2&_ss=r&_fid=895ffec87,https://www.gundamplanet.com/cdn/shop/files/realize-model-zoids-1-100-rmz-023-lightning-saix-irvine-special10.jpg?v=1780691020&width=533
zoid,model_kit,Gundam Planet,retailer,us,Realize Model Zoids 1/100 RMZ-001 Blade Liger,44.95,,,USD,New,https://www.gundamplanet.com/products/realize-model-zoids-1-100-rmz-001-blade-liger?_pos=30&_sid=654d919f2&_ss=r&_fid=895ffec87,https://www.gundamplanet.com/cdn/shop/files/zoids-1-100-rmz-001-blade-liger-gp2.jpg?v=1737744823&width=533
zoid,model_kit,Gundam Planet,retailer,us,HMM Zoids EZ-036 Death Stinger Hiltz Special 2000 Recolor,169.95,,,USD,New,https://www.gundamplanet.com/products/hmm-zoids-ez-036-death-stinger-hiltz-special-2000-recolor?_pos=31&_sid=654d919f2&_ss=r&_fid=895ffec87,https://www.gundamplanet.com/cdn/shop/files/hmm-zoids-ez-036-death-stinger-hiltz-special-2000-recolor-base.jpg?v=1771608086&width=533
zoid,model_kit,Gundam Planet,retailer,us,HMM Zoids Custom Gojulas Cannon Set,57.95,,,USD,New,https://www.gundamplanet.com/products/hmm-zoids-custom-gojulas-cannon-set?_pos=32&_sid=654d919f2&_ss=r&_fid=895ffec87,https://www.gundamplanet.com/cdn/shop/files/hmm-zoids-custom-gojulas-cannon-set-base.jpg?v=1753203110&width=533
zoid,model_kit,Gundam Planet,retailer,us,Realize Model Zoids 1/100 RMZ-026 Gustav Moonbey Special,68.95,,,USD,New,https://www.gundamplanet.com/products/realize-model-zoids-1-100-rmz-026-gustav-moonbey-special?_pos=33&_sid=654d919f2&_ss=r&_fid=895ffec87,https://www.gundamplanet.com/cdn/shop/files/realize-model-zoids-1-100-rmz-026-gustav-moonbey-special9.jpg?v=1788973951&width=533
zoid,model_kit,Gundam Planet,retailer,us,HMM Zoids RBOZ-006 Dibison (Marking Plus Ver.),119.95,,,USD,New,https://www.gundamplanet.com/products/hmm-zoids-rboz-006-dibison-marking-plus-ver?_pos=34&_sid=654d919f2&_ss=r&_fid=895ffec87,https://www.gundamplanet.com/cdn/shop/files/zd137_dibison_mplus_gpr.jpg?v=1737681463&width=533
zoid,model_kit,Gundam Planet,retailer,us,HMM Zoids RMZ-12 Guysack Former Republic Ver.,64.95,,,USD,New,https://www.gundamplanet.com/products/hmm-zoids-rmz-12-guysack-former-republic-ver?_pos=35&_sid=654d919f2&_ss=r&_fid=895ffec87,https://www.gundamplanet.com/cdn/shop/files/hmm-zoids-rmz-12-guysack-former-republic-ver-gp2.jpg?v=1737754079&width=533
zoid,model_kit,Gundam Planet,retailer,us,Zoids 1/72 AZ-08 Molga,44.95,,,USD,New,https://www.gundamplanet.com/products/zoids-az-08-molga?_pos=36&_sid=654d919f2&_ss=r&_fid=895ffec87,https://www.gundamplanet.com/cdn/shop/files/zoids-az-08-molga-gp.jpg?v=1739901196&width=533
zoid,model_kit,Gundam Planet,retailer,us,Synergenex Zoids x Patlabor: Hunter Wolf Unit 2,49.95,,,USD,New,https://www.gundamplanet.com/products/synergenex-zoids-x-patlabor-hunter-wolf-unit-2?_pos=37&_sid=654d919f2&_ss=r&_fid=895ffec87,https://www.gundamplanet.com/cdn/shop/files/zoids-x-patlabor-hunter-wolf-unit-2-base_eaf56954-d7b8-4908-888d-e8972f0584f2.jpg?v=1754526096&width=533
zoid,model_kit,Gundam Planet,retailer,us,HMM Zoids RZ-029 Storm Sworder Ala Barone Special 2000 Recolor,95.95,,,USD,New,https://www.gundamplanet.com/products/hmm-zoids-rz-029-storm-sworder-ala-barone-special-2000-recolor?_pos=38&_sid=654d919f2&_ss=r&_fid=895ffec87,https://www.gundamplanet.com/cdn/shop/files/hmm-zoids-rz-029-storm-sworder-ala-barone-special-2000-recolor.jpg?v=1773339486&width=533
zoid,model_kit,Gundam Planet,retailer,us,HMM Zoids EZ-006 Molga Full Option Set,74.95,,,USD,New,https://www.gundamplanet.com/products/hmm-zoids-ez-006-molga-full-option-set?_pos=39&_sid=654d919f2&_ss=r&_fid=895ffec87,https://www.gundamplanet.com/cdn/shop/files/hmm-zoids-ez-006-molga-full-option-set-gp2.jpg?v=1737757519&width=533
zoid,model_kit,Gundam Planet,retailer,us,HMM Zoids EZ-005 Redler Guylos Empire Ver.,69.95,,,USD,New,https://www.gundamplanet.com/products/hmm-zoids-ez-005-redler-guylos-empire-ver?_pos=40&_sid=654d919f2&_ss=r&_fid=895ffec87,https://www.gundamplanet.com/cdn/shop/files/hmm-zoids-ez-005-redler-guylos-empire-ver-gp2.jpg?v=1737712581&width=533
zoid,model_kit,Gundam Planet,retailer,us,Realize Model Zoids 1/100 RMZ-004 Hellcat Guylos Color,32.95,,,USD,New,https://www.gundamplanet.com/products/realize-model-zoids-1-100-rmz-004-hellcat-guylos-color?_pos=41&_sid=654d919f2&_ss=r&_fid=895ffec87,https://www.gundamplanet.com/cdn/shop/files/realize-model-zoids-1-100-rmz-004-hellcat-guylos-color-gp.jpg?v=1737751589&width=533
zoid,model_kit,Gundam Planet,retailer,us,HMM Zoids W001 Wild Liger,105.95,,,USD,New,https://www.gundamplanet.com/products/hmm-zoids-w001-wild-liger?_pos=42&_sid=654d919f2&_ss=r&_fid=895ffec87,https://www.gundamplanet.com/cdn/shop/files/hmm-zoids-wild-liger-gp.jpg?v=1737682717&width=533
zoid,model_kit,Gundam Planet,retailer,us,Realize Model Zoids 1/100 RMZ-020F Zabat Full Option Set,59.95,,,USD,New,https://www.gundamplanet.com/products/realize-model-zoids-1-100-rmz-020f-zabat-full-option-set?_pos=43&_sid=654d919f2&_ss=r&_fid=895ffec87,https://www.gundamplanet.com/cdn/shop/files/realize-model-zoids-1-100-rmz-020f-zabat-full-option-set10.jpg?v=1771032189&width=533
zoid,model_kit,Gundam Planet,retailer,us,Zoids 1/72 AZ-17EX Ultra Saurus Gravity Cannon,110.95,,,USD,New,https://www.gundamplanet.com/products/zoids-1-72-az-17ex-ultra-saurus-gravity-cannon?_pos=44&_sid=654d919f2&_ss=r&_fid=895ffec87,https://www.gundamplanet.com/cdn/shop/files/zoids-1-72-az-17ex-ultra-saurus-gravity-cannon-base.jpg?v=1783534611&width=533
zoid,model_kit,Gundam Planet,retailer,us,HMM Zoids Liger Zero Empire Ver. X Unit,46.95,,,USD,New,https://www.gundamplanet.com/products/hmm-zoids-liger-zero-empire-ver-x-unit?_pos=45&_sid=654d919f2&_ss=r&_fid=895ffec87,https://www.gundamplanet.com/cdn/shop/files/hmm-zoids-liger-zero-empire-ver-x-unit-gp2.jpg?v=1737695844&width=533
zoid,model_kit,Gundam Planet,retailer,us,Zoids 1/72 AZ-10EX Sea Panther Guylos Specification,57.95,,,USD,New,https://www.gundamplanet.com/products/zoids-1-72-az-10ex-sea-panther-guylos-specification?_pos=46&_sid=654d919f2&_ss=r&_fid=895ffec87,https://www.gundamplanet.com/cdn/shop/files/zoids-1-72-az-10ex-sea-panther-guylos-specification.jpg?v=1768425533&width=533
zoid,model_kit,Gundam Planet,retailer,us,HMM Zoids Liger Zero Jager Unit (Marking Plus Ver.),45.95,,,USD,New,https://www.gundamplanet.com/products/hmm-zoids-liger-zero-jager-unit-marking-plus-ver?_pos=47&_sid=654d919f2&_ss=r&_fid=895ffec87,https://www.gundamplanet.com/cdn/shop/files/hmm-zoids-liger-zero-jager-unit-marking-plus-ver-base.jpg?v=1742860338&width=533
zoid,model_kit,Gundam Planet,retailer,us,Synergenex Zoids x Patlabor: Fangriffon,66.95,,,USD,New,https://www.gundamplanet.com/products/synergenex-zoids-x-patlabor-fangriffon?_pos=48&_sid=654d919f2&_ss=r&_fid=895ffec87,https://www.gundamplanet.com/cdn/shop/files/synergenex-zoids-x-patlabor-fangriffon.png?v=1783536140&width=533
zoid,model_kit,Gundam Planet,retailer,us,Realize Model Zoids 1/100 RMZ-021 Shield Liger MK-2,60.95,,,USD,New,https://www.gundamplanet.com/products/realize-model-zoids-1-100-rmz-021-shield-liger-mk-2?_pos=49&_sid=654d919f2&_ss=r&_fid=895ffec87,https://www.gundamplanet.com/cdn/shop/files/realize-model-zoids-1-100-rmz-021-shield-liger-mk-210.jpg?v=1775253048&width=533
zoid,model_kit,Gundam Planet,retailer,us,HMM Zoids EHI-7 Redler Zenebas Empire Ver.,69.95,,,USD,New,https://www.gundamplanet.com/products/hmm-zoids-ehi-7-redler-zenebas-empire-ver?_pos=50&_sid=654d919f2&_ss=r&_fid=895ffec87,https://www.gundamplanet.com/cdn/shop/files/hmm-zoids-ehi-7-redler-zenebas-empire-ver-gp2.jpg?v=1737712549&width=533
zoid,model_kit,Gundam Planet,retailer,us,Synergenex Zoids x Evangelion: Xeno Rex Test Type-01,66.95,,,USD,New,https://www.gundamplanet.com/products/synergenex-zoids-x-evangelion-xeno-rex-test-type-01?_pos=51&_sid=654d919f2&_ss=r&_fid=895ffec87,https://www.gundamplanet.com/cdn/shop/files/evangelion-x-zoids-xeno-rex-test-type-01.jpg?v=1778701164&width=533
zoid,model_kit,Gundam Planet,retailer,us,Zoids 1/72 AZ-14EX Liger Zero X Unit,59.95,,,USD,New,https://www.gundamplanet.com/products/zoids-1-72-az-14ex-liger-zero-x-unit?_pos=52&_sid=654d919f2&_ss=r&_fid=895ffec87,https://www.gundamplanet.com/cdn/shop/files/zoids-1-72-az-14ex-liger-zero-x-unit7.jpg?v=1771031547&width=533
zoid,model_kit,Gundam Planet,retailer,us,Synergenex Zoids x Patlabor: Hunter Wolf,49.95,,,USD,New,https://www.gundamplanet.com/products/synergenex-zoids-x-patlabor-hunter-wolf?_pos=53&_sid=654d919f2&_ss=r&_fid=895ffec87,https://www.gundamplanet.com/cdn/shop/files/zoids-x-patlabor-hunter-wolf-base.jpg?v=1754525482&width=533
zoid,model_kit,Gundam Planet,retailer,us,Zoids 1/72 AZ-16EX Liger Zero Jager Unit Original Color,46.95,,,USD,New,https://www.gundamplanet.com/products/zoids-1-72-az-16ex-liger-zero-jager-unit-original-color?_pos=54&_sid=654d919f2&_ss=r&_fid=895ffec87,https://www.gundamplanet.com/cdn/shop/files/zoids-1-72-az-16ex-liger-zero-jager-unit-original-color-bs.jpg?v=1778800831&width=533
zoid,model_kit,Gundam Planet,retailer,us,Synergenex Zoids x Monster Hunter: Wild Liger Stygian Zinogre,65.95,,,USD,New,https://www.gundamplanet.com/products/synergenex-zoids-x-monster-hunter-wild-liger-stygian-zinogre?_pos=55&_sid=654d919f2&_ss=r&_fid=895ffec87,https://www.gundamplanet.com/cdn/shop/files/synergenex-zoids-x-monster-hunter-wild-liger-stygian-zinogre9.jpg?v=1780691811&width=533
zoid,model_kit,Gundam Planet,retailer,us,Realize Model Zoids 1/100 RMZ-020 Zabat,42.95,,,USD,New,https://www.gundamplanet.com/products/realize-model-zoids-1-100-rmz-020-zabat?_pos=56&_sid=654d919f2&_ss=r&_fid=895ffec87,https://www.gundamplanet.com/cdn/shop/files/realize-model-zoids-1-100-rmz-020-zabat10.jpg?v=1771032025&width=533
zoid,model_kit,Gundam Planet,retailer,us,Realize Model Zoids 1/100 RMZ-005 Molga Guylos Color,30.95,,,USD,New,https://www.gundamplanet.com/products/realize-model-zoids-1-100-rmz-005-molga-guylos-color?_pos=57&_sid=654d919f2&_ss=r&_fid=895ffec87,https://www.gundamplanet.com/cdn/shop/files/realize-model-zoids-1-100-rmz-005-molga-guylos-color-gp.jpg?v=1737751608&width=533
zoid,model_kit,Gundam Planet,retailer,us,Zoids 1/72 AZ-13 Canory Molga,51.95,,,USD,New,https://www.gundamplanet.com/products/zoids-1-72-az-13-canory-molga?_pos=58&_sid=654d919f2&_ss=r&_fid=895ffec87,https://www.gundamplanet.com/cdn/shop/files/zoids-1-72-az-13-canory-molga_1.jpg?v=1760045688&width=533
zoid,model_kit,Gundam Planet,retailer,us,Synergenex Zoids x Fist of the North Star: Wild Liger Kokuoh-go,52.95,,,USD,New,https://www.gundamplanet.com/products/synergenex-zoids-x-fist-of-the-north-star-wild-liger-kokuoh-go?_pos=59&_sid=654d919f2&_ss=r&_fid=895ffec87,https://www.gundamplanet.com/cdn/shop/files/zoids-x-fist-of-the-north-star-wild-liger-kokuoh-go-gp2.jpg?v=1739901189&width=533
zoid,model_kit,Gundam Planet,retailer,us,Synergenex Zoids x Monster Hunter: Wild Liger Zinogre,65.95,,,USD,New,https://www.gundamplanet.com/products/synergenex-zoids-x-monster-hunter-wild-liger-zinogre?_pos=60&_sid=654d919f2&_ss=r&_fid=895ffec87,https://www.gundamplanet.com/cdn/shop/files/synergenex-zoids-x-monster-hunter-wild-liger-zinogre9.jpg?v=1780691401&width=533
zoid,model_kit,Gundam Planet,retailer,us,Zoids 1/72 AZ-02EX3 Liger Zero Type Zero Armor,23.95,,,USD,New,https://www.gundamplanet.com/products/zoids-1-72-az-02ex3-liger-zero-type-zero-armor?_pos=61&_sid=654d919f2&_ss=r&_fid=895ffec87,https://www.gundamplanet.com/cdn/shop/files/zoids-1-72-az-02ex3-liger-zero-type-zero-armor-bs.jpg?v=1778800839&width=533
zoid,model_kit,Gundam Planet,retailer,us,D-Style Zoids Command Wolf Irvine Custom [Clear Parts Append],27.95,,,USD,New,https://www.gundamplanet.com/products/d-style-zoids-command-wolf-irvine-custom-clear-parts-append?_pos=62&_sid=654d919f2&_ss=r&_fid=895ffec87,https://www.gundamplanet.com/cdn/shop/files/d-style-zoids-command-wolf-irvine-custom-clear-parts-append1_ac60598a-b67f-4e61-a9c0-f9290ef0ef4b.jpg?v=1776973649&width=533
zoid,model_kit,Gundam Planet,retailer,us,Realize Model Zoids 1/100 RMZ-024 Storm Sworder,63.95,,,USD,New,https://www.gundamplanet.com/products/realize-model-zoids-1-100-rmz-024-storm-sworder?_pos=63&_sid=654d919f2&_ss=r&_fid=895ffec87,https://www.gundamplanet.com/cdn/shop/files/realize-model-zoids-1-100-rmz-024-storm-sworder.png?v=1783536292&width=533
zoid,model_kit,Gundam Planet,retailer,us,Synergenex Zoids x Evangelion: Xeno Rex Production Model-02,66.95,,,USD,New,https://www.gundamplanet.com/products/synergenex-zoids-x-evangelion-xeno-rex-production-model-02?_pos=64&_sid=654d919f2&_ss=r&_fid=895ffec87,https://www.gundamplanet.com/cdn/shop/files/evangelion-x-zoids-xeno-rex-production-model-02.jpg?v=1778700147&width=533
zoid,model_kit,Gundam Planet,retailer,us,HMM Zoids Custom Pile Bunker Unit,16.95,,,USD,New,https://www.gundamplanet.com/products/hmm-zoids-custom-pile-bunker-unit?_pos=65&_sid=654d919f2&_ss=r&_fid=895ffec87,https://www.gundamplanet.com/cdn/shop/files/hmm-zoids-custom-pile-bunker-unit-gp.jpg?v=1737694589&width=533
zoid,model_kit,Gundam Planet,retailer,us,Realize Model Zoids 1/100 RMZ-019 Hell Cat & Molga Zenebus Color Set,53.95,,,USD,New,https://www.gundamplanet.com/products/realize-model-zoids-1-100-rmz-019-hell-cat-molga-zenebus-color-set?_pos=66&_sid=654d919f2&_ss=r&_fid=895ffec87,https://www.gundamplanet.com/cdn/shop/files/realize-model-zoids-1-100-rmz-019-hell-cat-molga-zenebus-color-set10.jpg?v=1771032507&width=533
zoid,model_kit,Gundam Planet,retailer,us,Realize Model Zoids 1/100 RMZ-017 Command Wolf Urban Warfare Special,57.95,,,USD,New,https://www.gundamplanet.com/products/realize-model-zoids-1-100-rmz-017-command-wolf-urban-warfare-special?_pos=67&_sid=654d919f2&_ss=r&_fid=895ffec87,https://www.gundamplanet.com/cdn/shop/files/realize-model-zoids-1-100-rmz-017-command-wolf-urban-warfare-special-gp.jpg?v=1768425249&width=533
zoid,model_kit,Gundam Planet,retailer,us,Realize Model Zoids 1/100 RMZ-022 Murasame Liger,63.95,,,USD,New,https://www.gundamplanet.com/products/realize-model-zoids-1-100-rmz-022-murasame-liger?_pos=68&_sid=654d919f2&_ss=r&_fid=895ffec87,https://www.gundamplanet.com/cdn/shop/files/realize-model-zoids-1-100-rmz-022-murasame-liger-bs.jpg?v=1778800825&width=533
zoid,model_kit,Gundam Planet,retailer,us,1/7 SF-G01 Spark Fig Grande: Kotona Elegance (Zoids Genesis),187.95,,,USD,New,https://www.gundamplanet.com/products/1-7-sf-g01-spark-fig-grande-kotona-elegance-zoids-genesis?_pos=70&_sid=654d919f2&_ss=r&_fid=895ffec87,https://www.gundamplanet.com/cdn/shop/files/1-7-sf-g01-spark-fig-grande-kotona-elegance-zoids-genesis-bs.png?v=1778801523&width=533
zoid,model_kit,Gundam Planet,retailer,us,HMM Zoids RZ-053 Heavy Arms König Wolf,159.95,,,USD,New,https://www.gundamplanet.com/products/hmm-zoids-rz-053-heavy-arms-konig-wolf?_pos=115&_sid=654d919f2&_ss=r&_fid=895ffec87,https://www.gundamplanet.com/cdn/shop/files/hmm-zoids-heavy-arms-konig-wolf-gp.jpg?v=1737718399&width=533
zoid,model_kit,Gundam Planet,retailer,us,HMM Zoids RZ-053 König Wolf,119.95,,,USD,New,https://www.gundamplanet.com/products/hmm-zoids-rz-053-konig-wolf?_pos=116&_sid=654d919f2&_ss=r&_fid=895ffec87,https://www.gundamplanet.com/cdn/shop/files/hmm-zoids-konig-wolf-gp.jpg?v=1737718356&width=533
zoid,model_kit,Gundam Planet,retailer,us,Realize Model Zoids 1/100 RMZ-012 Hell Cat Tirol,43.95,,,USD,New,https://www.gundamplanet.com/products/realize-model-zoids-1-100-rmz-012-hell-cat-tirol?_pos=117&_sid=654d919f2&_ss=r&_fid=895ffec87,https://www.gundamplanet.com/cdn/shop/files/realize-model-zoids-1-100-rmz-012-hell-cat-tirol10.jpg?v=1751666286&width=533
zoid,model_kit,Gundam Planet,retailer,us,HMM Zoids RZ-046 Shadow Fox (Marking Plus Ver.),64.95,,,USD,New,https://www.gundamplanet.com/products/hmm-zoids-rz-046-shadow-fox-marking-plus-ver?_pos=118&_sid=654d919f2&_ss=r&_fid=895ffec87,https://www.gundamplanet.com/cdn/shop/files/hmm-zoids-shadow-fox-marking-p-gp.jpg?v=1737687081&width=533
zoid,model_kit,Gundam Planet,retailer,us,Zoids 1/72 AZ-12 Geno Breaker,179.95,,,USD,New,https://www.gundamplanet.com/products/zoids-1-72-az-12-geno-breaker?_pos=119&_sid=654d919f2&_ss=r&_fid=895ffec87,https://www.gundamplanet.com/cdn/shop/files/zoids-1-72-az-12-geno-breaker-base.jpg?v=1754526537&width=533
zoid,model_kit,Gundam Planet,retailer,us,HMM Zoids RZ-028 Blade Liger AB,89.95,,,USD,New,https://www.gundamplanet.com/products/hmm-zoids-rz-028-blade-liger-ab?_pos=120&_sid=654d919f2&_ss=r&_fid=895ffec87,https://www.gundamplanet.com/cdn/shop/files/zd131_bladeliger_ab_gp.jpg?v=1737679230&width=533
zoid,model_kit,Gundam Planet,retailer,us,Realize Model Zoids 1/100 RMZ-008 Command Wolf Irvine Special,48.95,,,USD,New,https://www.gundamplanet.com/products/realize-model-zoids-1-100-rmz-008-command-wolf-irvine-special?_pos=121&_sid=654d919f2&_ss=r&_fid=895ffec87,https://www.gundamplanet.com/cdn/shop/files/realize-model-zoids-1-100-rmz-008-command-wolf-irvine-special9_1.jpg?v=1741262700&width=533
zoid,model_kit,Gundam Planet,retailer,us,HMM Zoids RZ-045 Salamander,249.95,,,USD,New,https://www.gundamplanet.com/products/hmm-zoids-rz-045-salamander?_pos=122&_sid=654d919f2&_ss=r&_fid=895ffec87,https://www.gundamplanet.com/cdn/shop/files/hmm-zoids-rz-045-salamander-base.jpg?v=1753204569&width=533
zoid,model_kit,Gundam Planet,retailer,us,Realize Model Zoids 1/100 RMZ-015 Saber Tiger Raven Special,57.95,,,USD,New,https://www.gundamplanet.com/products/realize-model-zoids-1-100-rmz-015-saber-tiger-raven-special?_pos=123&_sid=654d919f2&_ss=r&_fid=895ffec87,https://www.gundamplanet.com/cdn/shop/files/realize-model-zoids-1-100-rmz-015-saber-tiger-raven-special_1.jpg?v=1762570190&width=533
zoid,model_kit,Gundam Planet,retailer,us,HMM Zoids EZ-054 Liger Zero X,89.95,,,USD,New,https://www.gundamplanet.com/products/hmm-zoids-ez-054-liger-zero-x?_pos=124&_sid=654d919f2&_ss=r&_fid=895ffec87,https://www.gundamplanet.com/cdn/shop/files/hmm-zoids-ez-054-liger-zero-x-gp2.jpg?v=1737695801&width=533
zoid,model_kit,Gundam Planet,retailer,us,HMM Zoids RZ-041 Liger Zero (Marking Plus Ver.),74.95,,,USD,New,https://www.gundamplanet.com/products/hmm-zoids-rz-041-liger-zero-marking-plus-ver?_pos=125&_sid=654d919f2&_ss=r&_fid=895ffec87,https://www.gundamplanet.com/cdn/shop/files/hmm-zoids-rz-041-liger-zero-marking-plus-ver-gp.jpg?v=1737706543&width=533
zoid,model_kit,Gundam Planet,retailer,us,Zoids 1/72 AZ-06EX Phoenix Republic Ver.,49.95,,,USD,New,https://www.gundamplanet.com/products/zoids-1-72-az-06ex-phoenix-republic-ver?_pos=126&_sid=654d919f2&_ss=r&_fid=895ffec87,https://www.gundamplanet.com/cdn/shop/files/zoids-1-72-az-06ex-phoenix-republic-ver-gp2.jpg?v=1739901212&width=533
zoid,model_kit,Gundam Planet,retailer,us,Zoids ZW27 Raptoria,19.95,,,USD,New,https://www.gundamplanet.com/products/zoids-zw27-raptoria?_pos=127&_sid=654d919f2&_ss=r&_fid=895ffec87,https://www.gundamplanet.com/cdn/shop/files/zoids-zw27-raptoria-gp.jpg?v=1739901162&width=533
zoid,model_kit,Gundam Planet,retailer,us,HMM Zoids RZ-041 Liger Zero Jager (Marking Plus Ver.),89.95,,,USD,New,https://www.gundamplanet.com/products/hmm-zoids-rz-041-liger-zero-jager-marking-plus-ver?_pos=128&_sid=654d919f2&_ss=r&_fid=895ffec87,https://www.gundamplanet.com/cdn/shop/files/hmm-zoids-rz-041-liger-zero-jager-00_1.jpg?v=1737675121&width=533
zoid,model_kit,Gundam Planet,retailer,us,Zoids ZW25 Beast Liger,35.95,,,USD,New,https://www.gundamplanet.com/products/zoids-zw25-beast-liger?_pos=129&_sid=654d919f2&_ss=r&_fid=895ffec87,https://www.gundamplanet.com/cdn/shop/files/zoids-zw25-beast-liger-box-gp.jpg?v=1739901167&width=533
zoid,model_kit,Gundam Planet,retailer,us,Realize Model Zoids 1/100 RMZ-014 Red Horn Styracosaurus Type,57.95,,,USD,New,https://www.gundamplanet.com/products/realize-model-zoids-1-100-rmz-014-red-horn-styracosaurus-type?_pos=130&_sid=654d919f2&_ss=r&_fid=895ffec87,https://www.gundamplanet.com/cdn/shop/files/realize-model-zoids-1-100-rmz-014-red-horn-styracosaurus-type_1.jpg?v=1760045637&width=533
zoid,model_kit,Gundam Planet,retailer,us,Realize Model Zoids 1/100 RMZ-016 Blade Liger Panzer (ZBF),83.95,,,USD,New,https://www.gundamplanet.com/products/realize-model-zoids-1-100-rmz-016-blade-liger-panzer-zbf?_pos=131&_sid=654d919f2&_ss=r&_fid=895ffec87,https://www.gundamplanet.com/cdn/shop/files/realize-model-zoids-1-100-rmz-016-blade-liger-panther-zbf.jpg?v=1765316904&width=533
zoid,model_kit,Gundam Planet,retailer,us,HMM Zoids RBOZ-003 Gojulas The Ogre,299.95,,,USD,New,https://www.gundamplanet.com/products/hmm-zoids-rboz-003-gojulas-the-ogre?_pos=132&_sid=654d919f2&_ss=r&_fid=895ffec87,https://www.gundamplanet.com/cdn/shop/files/hmm-zoids-rboz-003-gojulas-the-ogre-00.jpg?v=1737667049&width=533
zoid,model_kit,Gundam Planet,retailer,us,Zoids ZW26 Cannon Bull,35.95,,,USD,New,https://www.gundamplanet.com/products/zoids-zw26-cannon-bull?_pos=133&_sid=654d919f2&_ss=r&_fid=895ffec87,https://www.gundamplanet.com/cdn/shop/files/zoids-cannon-bull-gp.jpg?v=1739901163&width=533
zoid,model_kit,Gundam Planet,retailer,us,Zoids 1/72 AZ-07 Death Saurer (Motorized Ver),220.95,,,USD,New,https://www.gundamplanet.com/products/zoids-1-72-az-07-death-saurer-motorized-ver?_pos=134&_sid=654d919f2&_ss=r&_fid=895ffec87,https://www.gundamplanet.com/cdn/shop/files/hmm-zoids-az-07-death-saurer-desc-gp2.jpg?v=1739901185&width=533
zoid,model_kit,Gundam Planet,retailer,us,HMM Zoids EZ-015 Iron Kong (Marking Plus Ver.),154.95,,,USD,New,https://www.gundamplanet.com/products/hmm-zoids-ez-015-iron-kong-marking-plus-ver?_pos=135&_sid=654d919f2&_ss=r&_fid=895ffec87,https://www.gundamplanet.com/cdn/shop/files/hmm-zoids-ez-015-iron-kong-marking-plus-ver-gp.jpg?v=1737709300&width=533
zoid,model_kit,Gundam Planet,retailer,us,HMM Zoids RZ-009 Command Wolf AC&LC (Marking Plus Ver.),79.95,,,USD,New,https://www.gundamplanet.com/products/hmm-zoids-rz-009-command-wolf-ac-lc-marking-plus-ver?_pos=136&_sid=654d919f2&_ss=r&_fid=895ffec87,https://www.gundamplanet.com/cdn/shop/files/hmm-zoids-rz-009-command-wolf-ac-lc-marking-plus-ver-gp2.jpg?v=1737755770&width=533
zoid,model_kit,Gundam Planet,retailer,us,HMM Zoids RZ-030 Gun Sniper W2 (Wild Weasel),49.95,,,USD,New,https://www.gundamplanet.com/products/hmm-zoids-rz-030-gun-sniper-w2-wild-weasel?_pos=137&_sid=654d919f2&_ss=r&_fid=895ffec87,https://www.gundamplanet.com/cdn/shop/files/hmm-zoids-rz-030-gun-sniper-w2-wild-weasel-gp.jpg?v=1737691024&width=533
zoid,model_kit,Gundam Planet,retailer,us,Zoids 1/72 AZ-09 Geno Saurer (Motorized Ver.),119.95,,,USD,New,https://www.gundamplanet.com/products/zoids-1-72-az-09-geno-saurer-motorized-ver?_pos=138&_sid=654d919f2&_ss=r&_fid=895ffec87,https://www.gundamplanet.com/cdn/shop/files/figma-sp-170-special-forces-member9_1.jpg?v=1739901211&width=533
zoid,model_kit,Gundam Planet,retailer,us,HMM Zoids EZ-049 Berserk Fuhrer (Repackage Ver.),99.95,,,USD,New,https://www.gundamplanet.com/products/hmm-zoids-ez-049-berserk-fuhrer-repackage-ver?_pos=139&_sid=654d919f2&_ss=r&_fid=895ffec87,https://www.gundamplanet.com/cdn/shop/files/hmm-zoids-ez-049-berserk-fuhrer-00_1.jpg?v=1737675307&width=533
zoid,model_kit,Gundam Planet,retailer,us,HMM Zoids DPZ-10 Dark Horn (Marking Plus Ver.),119.95,,,USD,New,https://www.gundamplanet.com/products/hmm-zoids-dpz-10-dark-horn-marking-plus-ver?_pos=140&_sid=654d919f2&_ss=r&_fid=895ffec87,https://www.gundamplanet.com/cdn/shop/files/hmm-zoids-dpz-10-dark-horn-marking-plus-ver-gp.jpg?v=1737754065&width=533
zoid,model_kit,Gundam Planet,retailer,us,HMM Zoids Berserk Fuhrer Sturm Unit,63.95,,,USD,New,https://www.gundamplanet.com/products/hmm-zoids-berserk-fuhrer-sturm-unit?_pos=141&_sid=654d919f2&_ss=r&_fid=895ffec87,https://www.gundamplanet.com/cdn/shop/files/hmm-zoids-berserk-fuhrer-sturm-unit-00.jpg?v=1737671234&width=533
zoid,model_kit,Gundam Planet,retailer,us,Zoids 1/72 AZ-11 Command Wolf,91.95,,,USD,New,https://www.gundamplanet.com/products/zoids-1-72-az-11-command-wolf?_pos=142&_sid=654d919f2&_ss=r&_fid=895ffec87,https://www.gundamplanet.com/cdn/shop/files/zoids-1-72-az-11-command-wolf-base2.jpg?v=1768861297&width=533
zoid,model_kit,Gundam Planet,retailer,us,Zoids ZW32 Stylaser,48.95,,,USD,New,https://www.gundamplanet.com/products/zoids-zw32-stylaser?_pos=143&_sid=654d919f2&_ss=r&_fid=895ffec87,https://www.gundamplanet.com/cdn/shop/files/zoids-zw32-stylaser-gp.jpg?v=1739901166&width=533
zoid,model_kit,Gundam Planet,retailer,us,HMM Zoids RZ-046 Fire Fox (Marking Plus Ver.),64.95,,,USD,New,https://www.gundamplanet.com/products/hmm-zoids-rz-046-fire-fox-marking-plus-ver?_pos=144&_sid=654d919f2&_ss=r&_fid=895ffec87,https://www.gundamplanet.com/cdn/shop/files/hmm-zoids-rz-046-fire-fox-marking-plus-ver-gp2.jpg?v=1737729715&width=533
zoid,model_kit,Gundam Planet,retailer,us,Zoids 1/72 AZ-10 Sea Panther,49.95,,,USD,New,https://www.gundamplanet.com/products/zoids-1-72-az-10-sea-panther?_pos=145&_sid=654d919f2&_ss=r&_fid=895ffec87,https://www.gundamplanet.com/cdn/shop/files/zoids-1-72-az-10-sea-panther-base.jpg?v=1760396833&width=533
zoid,model_kit,Gundam Planet,retailer,us,HMM Zoids EZ-054 Liger Zero Empire Ver. (Marking Plus Ver.),59.95,,,USD,New,https://www.gundamplanet.com/products/hmm-zoids-ez-054-liger-zero-empire-ver-marking-plus-ver?_pos=146&_sid=654d919f2&_ss=r&_fid=895ffec87,https://www.gundamplanet.com/cdn/shop/files/hmm-zoids-ez-054-liger-zero-empire-ver-marking-plus-ver_gp.jpg?v=1737695847&width=533
zoid,model_kit,Gundam Planet,retailer,us,HMM Zoids RZ-001 Gojulas Gunner,699.95,,,USD,New,https://www.gundamplanet.com/products/hmm-zoids-rz-001-gojulas-gunner?_pos=147&_sid=654d919f2&_ss=r&_fid=895ffec87,https://www.gundamplanet.com/cdn/shop/files/hmm-zoids-gojulas-gunner-gp.jpg?v=1737678082&width=533
zoid,model_kit,Gundam Planet,retailer,us,Zoids 1/72 AZ-05 Saber Tiger (Motorized Ver),96.95,,,USD,New,https://www.gundamplanet.com/products/zoids-1-72-az-05-saber-tiger-motorized-ver?_pos=148&_sid=654d919f2&_ss=r&_fid=895ffec87,https://www.gundamplanet.com/cdn/shop/files/zoids-1-72-az-05-saber-tiger-motorized-ver-gp_1.jpg?v=1739901159&width=533
zoid,model_kit,Gundam Planet,retailer,us,HMM Zoids RZ-002 Guysack,54.95,,,USD,New,https://www.gundamplanet.com/products/hmm-zoids-rz-002-guysack?_pos=149&_sid=654d919f2&_ss=r&_fid=895ffec87,https://www.gundamplanet.com/cdn/shop/files/hmm-zoids-rz-002-guysack-gp2.jpg?v=1737735382&width=533
zoid,model_kit,Gundam Planet,retailer,us,HMM Zoids RBOZ-003 Gojulas (Marking Plus Ver.),239.95,,,USD,New,https://www.gundamplanet.com/products/hmm-zoids-rboz-003-gojulas-marking-plus-ver?_pos=150&_sid=654d919f2&_ss=r&_fid=895ffec87,https://www.gundamplanet.com/cdn/shop/files/hmm-zoids-rboz-003-gojulas-marking-plus-ver-gp.jpg?v=1737728518&width=533
zoid,model_kit,Gundam Planet,retailer,us,HMM Zoids DPZ-10 Dark Horn,69.95,,,USD,New,https://www.gundamplanet.com/products/hmm-zoids-dpz-10-dark-horn?_pos=151&_sid=654d919f2&_ss=r&_fid=895ffec87,https://www.gundamplanet.com/cdn/shop/files/zd043_darkhorn_gp.jpg?v=1737666865&width=533
zoid,model_kit,Gundam Planet,retailer,us,HMM Zoids EZ-036 Death Stinger ZS,149.95,,,USD,New,https://www.gundamplanet.com/products/hmm-zoids-ez-036-death-stinger-zs?_pos=152&_sid=654d919f2&_ss=r&_fid=895ffec87,https://www.gundamplanet.com/cdn/shop/files/hmm-zoids-ez-036-death-stinger-zs-gp.jpg?v=1737689551&width=533
zoid,model_kit,Gundam Planet,retailer,us,HMM Zoids Green Horn AB,109.95,,,USD,New,https://www.gundamplanet.com/products/hmm-zoids-green-horn-ab?_pos=153&_sid=654d919f2&_ss=r&_fid=895ffec87,https://www.gundamplanet.com/cdn/shop/files/hmm-zoids-green-horn-ab-gp2.jpg?v=1737720775&width=533
zoid,model_kit,Gundam Planet,retailer,us,HMM Zoids RZ-053 König Wolf (Damaged Box Item),104.95,,,USD,New,https://www.gundamplanet.com/products/hmm-zoids-rz-053-konig-wolf-damaged-box?_pos=154&_sid=654d919f2&_ss=r&_fid=895ffec87,https://www.gundamplanet.com/cdn/shop/files/hmm-zoids-konig-wolf-gp.jpg?v=1737718356&width=533
zoid,model_kit,Gundam Planet,retailer,us,Zoids 1/72 AZ-01EX Blade Liger Leon Toros Ver.,85.95,,,USD,New,https://www.gundamplanet.com/products/zoids-1-72-az-01ex-blade-liger-leon-toros-ver?_pos=155&_sid=654d919f2&_ss=r&_fid=895ffec87,https://www.gundamplanet.com/cdn/shop/files/zoids-1-72-az-01ex-blade-liger-leon-toros-ver-fr_1.jpg?v=1739901200&width=533
zoid,model_kit,Gundam Planet,retailer,us,HMM Zoids RZ-007 Shield Liger (Marking Plus Ver.),59.95,,,USD,New,https://www.gundamplanet.com/products/hmm-zoids-rz-007-shield-liger-marking-plus-ver?_pos=156&_sid=654d919f2&_ss=r&_fid=895ffec87,https://www.gundamplanet.com/cdn/shop/files/hmm-zoids-rz-007-shield-liger-marking-plus-ver-box-rgp.jpg?v=1737703445&width=533
zoid,model_kit,Gundam Planet,retailer,us,HMM Zoids EZ-026 Geno Saurer (Repackage Ver.),89.95,,,USD,New,https://www.gundamplanet.com/products/hmm-zoids-ez-026-geno-saurer-repackage-ver?_pos=157&_sid=654d919f2&_ss=r&_fid=895ffec87,https://www.gundamplanet.com/cdn/shop/files/zd118_genosaurer_repackagever_gp.jpg?v=1737679568&width=533
zoid,model_kit,Gundam Planet,retailer,us,HMM Zoids AZ-03 Murasame Liger,139.95,,,USD,New,https://www.gundamplanet.com/products/hmm-zoids-az-03-murasame-liger?_pos=158&_sid=654d919f2&_ss=r&_fid=895ffec87,https://www.gundamplanet.com/cdn/shop/files/zoids-az-03-murasame-liger-gp.jpg?v=1737725375&width=533
zoid,model_kit,Gundam Planet,retailer,us,HMM Zoids RZ-010 Pteras Bomber (Marking Plus Ver.),55.95,,,USD,New,https://www.gundamplanet.com/products/hmm-zoids-rz-010-pteras-bomber-marking-plus-ver?_pos=159&_sid=654d919f2&_ss=r&_fid=895ffec87,https://www.gundamplanet.com/cdn/shop/files/hmm-zoids-rz-010-pteras-bomber-marking-plus-ver-gp.jpg?v=1738029471&width=533
zoid,model_kit,Gundam Planet,retailer,us,HMM Zoids EZ-034 Geno Breaker (Repackage Ver.),120.95,,,USD,New,https://www.gundamplanet.com/products/hmm-zoids-ez-034-geno-breaker-repackage-ver?_pos=160&_sid=654d919f2&_ss=r&_fid=895ffec87,https://www.gundamplanet.com/cdn/shop/files/hmm-zoids-ez-034-geno-breaker-repackage-ver-gp.jpg?v=1737691048&width=533
zoid,model_kit,Gundam Planet,retailer,us,Zoids ZW28 Bazootle,35.95,,,USD,New,https://www.gundamplanet.com/products/zoids-zw28-bazootle?_pos=161&_sid=654d919f2&_ss=r&_fid=895ffec87,https://www.gundamplanet.com/cdn/shop/files/zoids-bazootle-gp.jpg?v=1739901165&width=533
zoid,model_kit,Gundam Planet,retailer,us,HMM Zoids EZ-049 Sturm Tyrann,149.95,,,USD,New,https://www.gundamplanet.com/products/hmm-zoids-ez-049-sturm-tyrann?_pos=162&_sid=654d919f2&_ss=r&_fid=895ffec87,https://www.gundamplanet.com/cdn/shop/files/hmm-zoids-ez-049-sturm-tyrann-00.jpg?v=1738029352&width=533
zoid,model_kit,Gundam Planet,retailer,us,Adamas Machina Zoids 1/72 AMZ-01 Berserk Führer,329.95,,,USD,New,https://www.gundamplanet.com/products/adamas-machina-zoids-1-72-amz-01-berserk-fuhrer?_pos=163&_sid=654d919f2&_ss=r&_fid=895ffec87,https://www.gundamplanet.com/cdn/shop/files/adamas-machina-zoids-1-72-amz-01-berserk-fuhrer-fr.jpg?v=1737747328&width=533
zoid,model_kit,Gundam Planet,retailer,us,Realize Model Zoids 1/100 RMZ-013 Shield Liger Bang Special,64.95,,,USD,New,https://www.gundamplanet.com/products/realize-model-zoids-1-100-rmz-013-shield-liger-bang-special?_pos=164&_sid=654d919f2&_ss=r&_fid=895ffec87,https://www.gundamplanet.com/cdn/shop/files/realize-model-zoids-1-100-rmz-013-shield-liger-bang-special-base.jpg?v=1754596046&width=533
zoid,model_kit,Gundam Planet,retailer,us,HMM Zoids Liger Zero Schneider Unit Marking Plus Ver.,45.95,,,USD,New,https://www.gundamplanet.com/products/hmm-zoids-liger-zero-schneider-unit?_pos=165&_sid=654d919f2&_ss=r&_fid=895ffec87,https://www.gundamplanet.com/cdn/shop/files/hmm-zoids-liger-zero-schneider-unit-00.jpg?v=1737666951&width=533
zoid,model_kit,Gundam Planet,retailer,us,HMM Zoids RZ-041 Liger Zero Panzer Unit (Marking Plus Ver.),47.95,,,USD,New,https://www.gundamplanet.com/products/hmm-zoids-rz-041-liger-zero-panzer-unit-marking-plus-ver?_pos=166&_sid=654d919f2&_ss=r&_fid=895ffec87,https://www.gundamplanet.com/cdn/shop/files/hmm-zoids-rz-041-liger-zero-panzer-unit-marking-plus-ver-fr.jpg?v=1743631671&width=533
zoid,model_kit,Gundam Planet,retailer,us,Synergenex Zoids x Monster Hunter: Gatling Fox Mizutsune,69.95,,,USD,New,https://www.gundamplanet.com/products/synergenex-zoids-x-monster-hunter-gatling-fox-mizutsune?_pos=167&_sid=654d919f2&_ss=r&_fid=895ffec87,https://www.gundamplanet.com/cdn/shop/files/monster-hunter-x-zoids-gatling-fox-mizutsune_1.jpg?v=1742519345&width=533
zoid,model_kit,Gundam Planet,retailer,us,HMM Zoids EMZ-15 Molga AA And Molga Carrier,52.95,,,USD,New,https://www.gundamplanet.com/products/hmm-zoids-emz-15-molga-aa-and-molga-carrier?_pos=168&_sid=654d919f2&_ss=r&_fid=895ffec87,https://www.gundamplanet.com/cdn/shop/files/hmm-zoids-emz-15-molga-aa-and-molga-carrier-gp.jpg?v=1737680165&width=533
zoid,model_kit,Gundam Planet,retailer,us,Synergenex Zoids x Monster Hunter: Beast Liger Sinister Armor,59.95,,,USD,New,https://www.gundamplanet.com/products/synergenex-zoids-x-monster-hunter-beast-liger-sinister-armor?_pos=169&_sid=654d919f2&_ss=r&_fid=895ffec87,https://www.gundamplanet.com/cdn/shop/files/zoids-x-monster-hunter-beast-liger-sinister-armor-fr.jpg?v=1739901178&width=533
zoid,model_kit,Gundam Planet,retailer,us,Synergenex Zoids x Monster Hunter: Sonic Bird Rathalos Armor,59.95,,,USD,New,https://www.gundamplanet.com/products/synergenex-zoids-x-monster-hunter-sonic-bird-rathalos-armor?_pos=170&_sid=654d919f2&_ss=r&_fid=895ffec87,https://www.gundamplanet.com/cdn/shop/files/zoids-x-monster-hunter-sonic-bird-rathalos-armor-fr.jpg?v=1739901177&width=533
zoid,model_kit,Gundam Planet,retailer,us,Realize Model Zoids 1/100 RMZ-002 Geno Saurer,54.95,,,USD,New,https://www.gundamplanet.com/products/realize-model-zoids-1-100-rmz-002-geno-saurer?_pos=171&_sid=654d919f2&_ss=r&_fid=895ffec87,https://www.gundamplanet.com/cdn/shop/files/realize-model-zoids-1-100-rmz-002-geno-saurer-gp2.jpg?v=1737744843&width=533
zoid,model_kit,Gundam Planet,retailer,us,HMM Zoids EZ-015 Iron Kong PK (Prozen Knights Ver.),195.95,,,USD,New,https://www.gundamplanet.com/products/hmm-zoids-ez-015-iron-kong-pk-prozen-knights-ver?_pos=172&_sid=654d919f2&_ss=r&_fid=895ffec87,https://www.gundamplanet.com/cdn/shop/files/hmm-zoids-ez-015-iron-kong-pk-prozen-knights-ver-00.jpg?v=1737667007&width=533
zoid,model_kit,Gundam Planet,retailer,us,HMM Zoids RMZ-04 Gurantula,45.95,,,USD,New,https://www.gundamplanet.com/products/hmm-zoids-rmz-04-gurantula?_pos=173&_sid=654d919f2&_ss=r&_fid=895ffec87,https://www.gundamplanet.com/cdn/shop/files/hmm-zoids-rmz-04-gurantula-gp2.jpg?v=1737746528&width=533
zoid,model_kit,Gundam Planet,retailer,us,Realize Model Zoids 1/100 RMZ-010 Cannoly Molga & Hell Cat Base Guards,66.95,,,USD,New,https://www.gundamplanet.com/products/realize-model-zoids-1-100-rmz-010-cannoly-molga-hell-cat-base-guards?_pos=174&_sid=654d919f2&_ss=r&_fid=895ffec87,https://www.gundamplanet.com/cdn/shop/files/realize-model-zoids-1-100-rmz-010-canory-molga-hell-cat-base-guards-gp.jpg?v=1748365550&width=533
zoid,model_kit,Gundam Planet,retailer,us,Synergenex Zoids x Monster Hunter: Knuckle Kong Rajang,69.95,,,USD,New,https://www.gundamplanet.com/products/synergenex-zoids-x-monster-hunter-knuckle-kong-rajang?_pos=175&_sid=654d919f2&_ss=r&_fid=895ffec87,https://www.gundamplanet.com/cdn/shop/files/monster-hunter-x-zoids-1-35-knuckle-kong-rajang_1.jpg?v=1742519291&width=533
zoid,model_kit,Gundam Planet,retailer,us,HMM Zoids Customize Parts Dual Sniper Rifle & AZ Five Launch Missile System Set,36.95,,,USD,New,https://www.gundamplanet.com/products/hmm-zoids-customize-parts-dual-sniper-rifle-az-five-launch-missile-system-set?_pos=176&_sid=654d919f2&_ss=r&_fid=895ffec87,https://www.gundamplanet.com/cdn/shop/files/hmm-zoids-dual-sniper-rifle-az-five-launch-missile-system-set-gp.jpg?v=1737718378&width=533
zoid,model_kit,Gundam Planet,retailer,us,HMM Zoids Customize Parts Attack Booster Set,23.95,,,USD,New,https://www.gundamplanet.com/products/hmm-zoids-customize-parts-attack-booster-set?_pos=177&_sid=654d919f2&_ss=r&_fid=895ffec87,https://www.gundamplanet.com/cdn/shop/files/hmm-zoids-customize-parts-attack-booster-set-gp.jpg?v=1737720749&width=533
zoid,model_kit,Gundam Planet,retailer,us,HMM Zoids Customize Parts Booster Cannon Set,24.95,,,USD,New,https://www.gundamplanet.com/products/hmm-zoids-customize-parts-booster-cannon-set?_pos=178&_sid=654d919f2&_ss=r&_fid=895ffec87,https://www.gundamplanet.com/cdn/shop/files/hmm-zoids-customize-parts-booster-cannon-set-gp2.jpg?v=1737712530&width=533
zoid,model_kit,HLJ.com,retailer,,1/100 Realize Model Zoids RMZ-005 Molga Guylos Color,18.48,,,USD,New,https://www.hlj.com/1-100-scale-realize-model-zoids-rmz-005-molga-guylos-color-tkt93973,https://www.hlj.com/productthumbs/tkt/tkt93973_0_1725246607.jpg?v=1725246607
zoid,model_kit,HLJ.com,retailer,,1/100 Realize Model Zoids RMZ-004 Hell Cat Guylos Color,19.96,,,USD,New,https://www.hlj.com/1-100-scale-realize-model-zoids-rmz-004-hell-cat-guylos-color-tkt93970,https://www.hlj.com/productthumbs/tkt/tkt93970_0_1725246674.jpg?v=1725246674
zoid,model_kit,HLJ.com,retailer,,1/100 Realize Model Zoids RMZ-026 Gustav Moonbey Special Insect Type,50.27,,,USD,New,https://www.hlj.com/1-100-scale-realize-model-zoids-rmz-026-gustav-moonbey-special-insect-type-tkt09258,https://www.hlj.com/productthumbs/tkt/tkt09258_0_1788777638.jpg?v=1788777638
zoid,model_kit,HLJ.com,retailer,,1/35 SPIDER ZOIDS SPIDER-MAN Special,31.12,,,USD,New,https://www.hlj.com/1-35-scale-spider-zoids-spider-man-special-tkt94855,https://www.hlj.com/productthumbs/tkt/tkt94855_0_1725246605.jpg?v=1725246605
zoid,model_kit,HLJ.com,retailer,,1/72 Zoids Iron Kong Schwarz Special 1999 -Recolor-,144.14,,,USD,New,https://www.hlj.com/1-72-scale-zoids-iron-kong-schwarz-special-1999-recolor-kbyzd195,https://www.hlj.com/productthumbs/kby/kbyzd195_0_1770690630.jpg?v=1770690630
zoid,model_kit,HLJ.com,retailer,,1/72 Zoids LIGHTNING SAIX Irvine Special 2000 -Recolor-,63.57,,,USD,New,https://www.hlj.com/1-72-scale-zoids-lightning-saix-irvine-special-2000-recolor-kbyzd192,https://www.hlj.com/productthumbs/kby/kbyzd192_0_1765852832.jpg?v=1765852832
zoid,model_kit,HLJ.com,retailer,,1/72 Zoids: RZ-030 Gun Sniper W2 (Reissue),40.46,,,USD,New,https://www.hlj.com/1-72-scale-zoids-rz-030-gun-sniper-w2-reissue-kbyzd146x,https://www.hlj.com/productthumbs/kby/kbyzd146x_0_1712629231.jpg?v=1712629231
zoid,model_kit,HLJ.com,retailer,,1/72 Zoids: RZ-028 Blade Liger AB (Reissue),56.02,,,USD,New,https://www.hlj.com/1-72-scale-zoids-rz-028-blade-liger-ab-reissue-kbyzd131r,https://www.hlj.com/productthumbs/kby/kbyzd131r_0_1739848827.jpg?v=1739848827
zoid,model_kit,HLJ.com,retailer,,1/100 Realize Model Zoids RMZ-007 Trinity Liger,44.35,,,USD,New,https://www.hlj.com/1-100-scale-realize-model-zoids-rmz-007-trinity-liger-tkt93968,https://www.hlj.com/productthumbs/tkt/tkt93968_0_1736829611.jpg?v=1736829611
zoid,model_kit,HLJ.com,retailer,,1/72 Zoids: EZ-006 Molga Full Option Set,48.05,,,USD,New,https://www.hlj.com/1-72-scale-zoids-ez-006-molga-full-option-set-kbyzd186,https://www.hlj.com/productthumbs/kby/kbyzd186_0_1733970608.jpg?v=1733970608
zoid,model_kit,HLJ.com,retailer,,1/72 Zoids AZ-13 Canory Molga Insect Type,40.66,,,USD,New,https://www.hlj.com/1-72-scale-zoids-az-13-canory-molga-insect-type-tkt09684,https://www.hlj.com/productthumbs/tkt/tkt09684_0_1759716015.jpg?v=1759716015
zoid,model_kit,HLJ.com,retailer,,1/35 SPIDER ZOIDS BLACK SPIDER-MAN Special,31.12,,,USD,New,https://www.hlj.com/1-35-scale-spider-zoids-black-spider-man-special-tkt95596,https://www.hlj.com/productthumbs/tkt/tkt95596_0_1725246682.jpg?v=1725246682
zoid,model_kit,HLJ.com,retailer,,1/72 Zoids: EHI-7 Reddra Zenebus Empire Ver. (Reissue),46.69,,,USD,New,https://www.hlj.com/1-72-scale-zoids-ehi-7-reddra-zenebus-empire-ver-reissue-kbyzd152x,https://www.hlj.com/productthumbs/kby/kbyzd152x_0_1729737005.jpg?v=1729737005
zoid,model_kit,HLJ.com,retailer,,Zoids D-Style Shield Liger [Clear Parts Append],22.18,,,USD,New,https://www.hlj.com/zoids-d-style-shield-liger-clear-parts-append-kbykp-871,https://www.hlj.com/productthumbs/kby/kbykp-871_0_1775529008.jpg?v=1775529008
zoid,model_kit,HLJ.com,retailer,,ZOIDS: Liger Zero Jager Marking Plus Ver. (Reissue),57.42,,,USD,New,https://www.hlj.com/zoids-liger-zero-jager-marking-plus-ver-reissue-kbyzd122r,https://www.hlj.com/productthumbs/kby/kbyzd122r_0_1738821628.jpg?v=1738821628
zoid,model_kit,HLJ.com,retailer,,1/72 Zoids: EZ-005 Redler Guyros Empire Ver. (Reissue),46.69,,,USD,New,https://www.hlj.com/1-72-scale-zoids-ez-005-redler-guyros-empire-ver-reissue-kbyzd153x,https://www.hlj.com/productthumbs/kby/kbyzd153x_0_1729737009.jpg?v=1729737009
zoid,model_kit,HLJ.com,retailer,,1/72 Zoids: RZ-014 Godos Marking Plus Ver. (Reissue),41.18,,,USD,New,https://www.hlj.com/1-72-scale-zoids-rz-014-godos-marking-plus-ver-reissue-kbyzd157x,https://www.hlj.com/productthumbs/kby/kbyzd157x_0_1729737012.jpg?v=1729737012
zoid,model_kit,HLJ.com,retailer,,ZOIDS: RZ-007 Shield Liger DCS-J (Reissue),56.02,,,USD,New,https://www.hlj.com/zoids-rz-007-shield-liger-dcs-j-reissue-kbyzd129r,https://www.hlj.com/productthumbs/kby/kbyzd129r_0_1738821606.jpg?v=1738821606
zoid,model_kit,HLJ.com,retailer,,1/72 Zoids Gun Sniper Leena Special 2001 Re/color,45.83,,,USD,New,https://www.hlj.com/1-72-scale-zoids-gun-sniper-leena-special-2001-re-color-kbyzd193,https://www.hlj.com/productthumbs/kby/kbyzd193_0_1762396219.jpg?v=1762396219
zoid,model_kit,HLJ.com,retailer,,1/35 Monster Hunter x Zoids Knuckle Kong Rajang,42.48,,,USD,New,https://www.hlj.com/1-35-scale-monster-hunter-x-zoids-knuckle-kong-rajang-tkt99519,https://www.hlj.com/productthumbs/tkt/tkt99519_0_1741077635.jpg?v=1741077635
zoid,model_kit,HLJ.com,retailer,,1/100 Realize Model Zoids RMZ-013 Shield Liger Bang Special,44.35,,,USD,New,https://www.hlj.com/1-100-scale-realize-model-zoids-rmz-013-shield-liger-bang-special-tkt99552,https://www.hlj.com/productthumbs/tkt/tkt99552_0_1754275269.jpg?v=1754275269
zoid,model_kit,HLJ.com,retailer,,1/35 Monster Hunter x Zoids Gatling Fox Mizutsune,42.48,,,USD,New,https://www.hlj.com/1-35-scale-monster-hunter-x-zoids-gatling-fox-mizutsune-tkt99520,https://www.hlj.com/productthumbs/tkt/tkt99520_0_1741078211.jpg?v=1741078211
zoid,model_kit,HLJ.com,retailer,,1/100 Realize Model Zoids RMZ-006 Saber Tiger Schwalz Special,44.35,,,USD,New,https://www.hlj.com/1-100-scale-realize-model-zoids-rmz-006-saber-tiger-schwalz-special-tkt93971,https://www.hlj.com/productthumbs/tkt/tkt93971_0_1730456429.jpg?v=1730456429
zoid,model_kit,HLJ.com,retailer,,1/72 Zoids: Liger Zero Schneider Unit Marking Plus Ver. (Reissue),26.61,,,USD,New,https://www.hlj.com/1-72-scale-zoids-liger-zero-schneider-unit-marking-plus-ver-reissue-kbyzd143r,https://www.hlj.com/productthumbs/kby/kbyzd143r_0_1739848810.jpg?v=1739848810
zoid,model_kit,HLJ.com,retailer,,1/72 Zoids: LIGER ZERO PANZER UNIT MARKING PLUS Ver. (Reissue),29.41,,,USD,New,https://www.hlj.com/1-72-scale-zoids-liger-zero-panzer-unit-marking-plus-ver-reissue-kbyzd144r,https://www.hlj.com/productthumbs/kby/kbyzd144r_0_1743475812.jpg?v=1743475812
zoid,model_kit,HLJ.com,retailer,,1/72 Zoids: EPZ-003 Great Sabre Marking Plus Ver. (Reissue),56.02,,,USD,New,https://www.hlj.com/1-72-scale-zoids-epz-003-great-sabre-marking-plus-ver-reissue-kbyzd135r,https://www.hlj.com/productthumbs/kby/kbyzd135r_0_1747883415.jpg?v=1747883415
zoid,model_kit,HLJ.com,retailer,,1/100 Realize Model Zoids RMZ-009 Iron Kong Guylos Color,61.63,,,USD,New,https://www.hlj.com/1-100-scale-realize-model-zoids-rmz-009-iron-kong-guylos-color-tkt93972,https://www.hlj.com/productthumbs/tkt/tkt93972_0_1743496224.jpg?v=1743496224
zoid,model_kit,HLJ.com,retailer,,ZOIDS: Jager Unit Marking Plus Ver. For Liger Zero (Reissue),26.61,,,USD,New,https://www.hlj.com/zoids-jager-unit-marking-plus-ver-for-liger-zero-reissue-kbyzd147r,https://www.hlj.com/productthumbs/kby/kbyzd147r_0_1738822204.jpg?v=1738822204
zoid,model_kit,HLJ.com,retailer,,1/72 Zoids: RZ-041 Liger Zero Schneider Marking Plus Ver. (Reissue),57.42,,,USD,New,https://www.hlj.com/1-72-scale-zoids-rz-041-liger-zero-schneider-marking-plus-ver-reissue-kbyzd123r,https://www.hlj.com/productthumbs/kby/kbyzd123r_0_1739848207.jpg?v=1739848207
zoid,model_kit,HLJ.com,retailer,,1/100 Realize Model Zoids RMZ-014 Red Horn Guylos Color Styracosaurus Type,44.35,,,USD,New,https://www.hlj.com/1-100-scale-realize-model-zoids-rmz-014-red-horn-guylos-color-styracosaurus-type-tkt93974,https://www.hlj.com/productthumbs/tkt/tkt93974_0_1759715458.jpg?v=1759715458
zoid,model_kit,HLJ.com,retailer,,1/100 Realize Model Zoids RMZ-015 Saber Tiger Raven Special Tiger Type,48.05,,,USD,New,https://www.hlj.com/1-100-scale-realize-model-zoids-rmz-015-saber-tiger-raven-special-tiger-type-tkt09253,https://www.hlj.com/productthumbs/tkt/tkt09253_0_1762228209.jpg?v=1762228209
zoid,model_kit,HLJ.com,retailer,,1/100 Realize Model Zoids RMZ-017 Command Wolf Urban Warfare Special Wolf Type,39.92,,,USD,New,https://www.hlj.com/1-100-scale-realize-model-zoids-rmz-017-command-wolf-urban-warfare-special-wolf-type-tkt91877,https://www.hlj.com/productthumbs/tkt/tkt91877_0_1768281622.jpg?v=1768281622
zoid,model_kit,HLJ.com,retailer,,Zoids Concept Art III,22.23,,,USD,New,https://www.hlj.com/zoids-concept-art-iii-hbj60435,https://www.hlj.com/productthumbs/hbj/hbj60435_0.jpg?v=
zoid,model_kit,HLJ.com,retailer,,Zoids Wild EX-Zero,23.34,,,USD,New,https://www.hlj.com/zoids-wild-ex-zero-hbj62542,https://www.hlj.com/productthumbs/hbj/hbj62542_0_1627644631.jpg?v=1627644631
zoid,model_kit,HLJ.com,retailer,,40th Anniversary Zoids Encyclopedia,35.01,,,USD,New,https://www.hlj.com/40th-anniversary-zoids-encyclopedia-hbj63376,https://www.hlj.com/productthumbs/hbj/hbj63376_0_1711432206.jpg?v=1711432206
zoid,model_kit,HLJ.com,retailer,,ZOIDS Dark Forces Invasion,22.23,,,USD,New,https://www.hlj.com/zoids-dark-forces-invasion-hbj60648,https://www.hlj.com/productthumbs/hbj/hbj60648_0.jpg?v=
zoid,other,HLJ.com,retailer,,Zoids Republic Decal Set 1,4.2,,,USD,New,https://www.hlj.com/zoids-republic-decal-set-1-wavpt-06,https://www.hlj.com/productthumbs/wav/wavpt-06.jpg?v=
zoid,other,HLJ.com,retailer,,Zoids Empire Decal Set 1,4.2,,,USD,New,https://www.hlj.com/zoids-empire-decal-set-1-wavpt-07,https://www.hlj.com/productthumbs/wav/wavpt-07.jpg?v=
zoid,model_kit,HLJ.com,retailer,,1/72 Zoid: RZ-029 Storm Sworder (Reissue),71.59,,,USD,New,https://www.hlj.com/1-72-scale-zoid-rz-029-storm-sworder-reissue-kbyzd101y,https://www.hlj.com/productthumbs/kby/kbyzd101y_0_1720671621.jpg?v=1720671621
zoid,model_kit,HLJ.com,retailer,,Zoid Anthology High-end Master File,18.67,,,USD,New,https://www.hlj.com/zoid-anthology-high-end-master-file-hbj60881,https://www.hlj.com/productthumbs/hbj/hbj60881_0_1484513865.jpg?v=1484513865
zoid,model_kit,HLJ.com,retailer,,EZ-034 Geno Breaker Repackage Ver. (Reissue),71.43,,,USD,New,https://www.hlj.com/ez-034-geno-breaker-repackage-ver-reissue-kbyzd140x-2,https://www.hlj.com/productthumbs/kby/kbyzd140x-2_0_1738821623.jpg?v=1738821623
zoid,model_kit,Gundam Place Store,retailer,us,Zoids Highend Master Model RZ-029 Storm Sworder,112.99,,,USD,New,https://gundamplacestore.com/products/zoids-highend-master-model-rz-029-storm-sworder?q=zoids,https://cdn.shopify.com/s/files/1/0579/0095/7832/files/7ac24283-c0f3-484a-b5cd-878563eb3a7d.jpg?v=1683227765
zoid,model_kit,Gundam Place Store,retailer,us,"Zoids Highend Master Model
EPZ-003 Great Saber
(Marking Plus Ver.) 1/72 Scale
Model Kit",94.99,,,USD,New,https://gundamplacestore.com/products/zoids-highend-master-model-epz-003-berserk-fuhrer-repackage-ver?q=zoids,https://cdn.shopify.com/s/files/1/0579/0095/7832/files/FA830B06-BF5F-499E-9286-04D59B60C00B.webp?v=1772055429
zoid,model_kit,Gundam Place Store,retailer,us,Zoids Lightning Saix (Irvine Special) 2000 -Recolor-,69.99,,,USD,New,https://gundamplacestore.com/products/zoids-highend-master-model-ez-035-lightning-saix-marking-plus-ver-20-copy?q=zoids,https://cdn.shopify.com/s/files/1/0579/0095/7832/files/F05C3112-788B-4FB2-87EE-E34AB3461AB5.webp?v=1783455718
zoid,model_kit,Gundam Place Store,retailer,us,Zoids Highend Master Model RZ-002 Guysak 1/72 Scale Model Kit #061,54.99,,,USD,New,https://gundamplacestore.com/products/zoids-highend-master-model-rz-002-guysak-1-72-scale-model-kit?q=zoids,https://cdn.shopify.com/s/files/1/0579/0095/7832/files/1AC94B96-BCE0-49C4-AD13-0F6FC10666C5.webp?v=1726884135
zoid,model_kit,Gundam Place Store,retailer,us,Zoids Advanced Zi AZ-12 Geno Breaker (Motorized Model) 1/72,159.99,,,USD,New,https://gundamplacestore.com/products/zoids-az-02ex2-ez-054-liger-zero-lion-type-empire-ver-motorized-model-1-72-copy?q=zoids,https://cdn.shopify.com/s/files/1/0579/0095/7832/files/BA448151-242B-4B71-87EF-DCC70AB0DA56.webp?v=1780430354
zoid,model_kit,Gundam Place Store,retailer,us,Zoids Realize Model RMZ-012 Hell Cat Tirol 1/100 Scale Model Kit,44.99,,,USD,New,https://gundamplacestore.com/products/zoids-realize-model-rmz-012-hell-cat-tirol-1-100-scale-model-kit?q=zoids,https://cdn.shopify.com/s/files/1/0579/0095/7832/files/C2608C36-8B0F-460E-847B-E80EEA14F887.webp?v=1777493333
zoid,model_kit,Gundam Place Store,retailer,us,Zoids x Metamor Verse MV-01 Ao Kiriyama & Blade Liger 1/10 Scale Model Kit,119.99,,,USD,New,https://gundamplacestore.com/products/neon-genesis-evangelion-x-zoids-t-spark-xeno-rex-production-model-02-model-kit-copy?q=zoids,https://cdn.shopify.com/s/files/1/0579/0095/7832/files/CB964387-3230-4DBD-BD8F-97C3CE5C929E.webp?v=1777491377
zoid,model_kit,Gundam Place Store,retailer,us,Zoids Realize Model RMZ-016 Blade Liger Panzer (ZBF) Lion Type 1/100 Scale Model Kit,71.99,,,USD,New,https://gundamplacestore.com/products/zoids-realize-model-rmz-016-blade-liger-panzer-zbf-lion-type-1-100-scale-model-kit?q=zoids,https://cdn.shopify.com/s/files/1/0579/0095/7832/files/54F2E078-FBAE-4F99-85AD-553C96C99F02.webp?v=1787595210
zoid,model_kit,Gundam Place Store,retailer,us,Zoids Highend Master Model EZ-054 Liger Zero X 1/72 Scale Model Kit,99.99,,,USD,New,https://gundamplacestore.com/products/zoids-highend-master-model-ez-054-liger-zero-x-1-72-scale-model-kit?q=zoids,https://cdn.shopify.com/s/files/1/0579/0095/7832/files/DE770B6A-AB6B-49E0-AC86-CF210E3FDD83.jpg?v=1769787856
zoid,model_kit,Gundam Place Store,retailer,us,Zoids Realize Model RMZ-014 Red Horn Styracosaurus Type 1/100 Scale Model Kit,54.99,,,USD,New,https://gundamplacestore.com/products/zoids-highend-master-model-017-ez-004-red-horn-marking-plus-ver-1-72-scale-model-kit-copy?q=zoids,https://cdn.shopify.com/s/files/1/0579/0095/7832/files/0914AE38-7C87-4C5E-8B56-9769A5AC7614.webp?v=1783832754
zoid,model_kit,Gundam Place Store,retailer,us,Zoids Highend Master Model Iron Kong (Schwarz Special 1999 -Recolor- Ver.) 1/72 Scale Model Kit,159.99,,,USD,New,https://gundamplacestore.com/products/zoids-iron-kong-schwarz-sp?q=zoids,https://cdn.shopify.com/s/files/1/0579/0095/7832/files/A56BB626-DB8F-4582-A7DC-1B542A127002.webp?v=1788299116
zoid,model_kit,Gundam Place Store,retailer,us,Zoids AZ-08 EZ-006 Molga Insect Type (Motorized Model) 1/72,50.99,,,USD,New,https://gundamplacestore.com/products/zoids-az-08-ez-006-molga-insect-type-motorized-model-1-72?q=zoids,https://cdn.shopify.com/s/files/1/0579/0095/7832/files/a7e39463-0aa1-4bc7-a038-89b6e6d4d484.webp?v=1748639545
zoid,model_kit,Gundam Place Store,retailer,us,Zoids Highend Master Model #55 EZ-005 Redler (Guyros Empire Ver.)1/72 Scale Model Kit (Reissue),59.99,,,USD,New,https://gundamplacestore.com/products/copy-zoids-highend-master-model-rz-010-pteras-bomber-marking-plus-ver-1-72-scale-model-kit?q=zoids,https://cdn.shopify.com/s/files/1/0579/0095/7832/files/6D978AC1-4AE4-4F92-9BAA-C482BF4CB290.webp?v=1705512308
zoid,model_kit,Gundam Place Store,retailer,us,Zoids Realize Model RMZ-015 Saber Tiger Raven Special Tiger Type 1/100 Scale Model Kit,48.99,,,USD,New,https://gundamplacestore.com/products/zoids-realize-model-rmz-015-saber-tiger-raven-special-tiger-type-1-100-scale-model-kit?q=zoids,https://cdn.shopify.com/s/files/1/0579/0095/7832/files/rn-image_picker_lib_temp_798ba2d0-1d98-46ea-a3a8-05844b85ad98.jpg?v=1787067055
zoid,model_kit,Gundam Place Store,retailer,us,Zoids Adamas Machina AM-Z01EX Berserk Fury (Elementary Body) Model Kit,229.99,,,USD,New,https://gundamplacestore.com/products/zoids-advanced-zi-az-12-geno-breaker-1-72-scale-model-kit-copy?q=zoids,https://cdn.shopify.com/s/files/1/0579/0095/7832/files/66FE9756-B01F-4B28-9E00-6AE689004C3D.webp?v=1780430713
zoid,model_kit,Gundam Place Store,retailer,us,Zoids #46 RZ-007 Shield Liger Dcs-J,99.99,,,USD,New,https://gundamplacestore.com/products/rz-007-shield-liger?q=zoids,https://cdn.shopify.com/s/files/1/0579/0095/7832/products/img_6738_d89b8444-7959-4bc2-a15f-dbc7383b3e8a.jpg?v=1657271015
zoid,other,USA Gundam Store,retailer,us,CS532 Mr Color HMM Zoids Color Set,12.99,,,USD,New,https://www.usagundamstore.com/products/cs532-mr-color-hmm-zoids-color-set,https://cdn.shopify.com/s/files/1/0727/8355/products/gsi-creos-mr-hobby-cs532-mr-frame-hmm-zoids-republic-empire-color-set__57116_600x600.jpg?v=1759295716
zoid,model_kit,USA Gundam Store,retailer,us,Zoids Advanced Zi AZ-17DX Ultra Saurus Gravity Cannon (Deluxe Ver.) 1/72 Scale Weapon Set,399.99,,,USD,New,https://www.usagundamstore.com/products/zoids-realize-model-zoids-advanced-series-az-17dx-ultra-saurus-gravity-cannon-deluxe-version-1-72-scale-model-kit-copy,https://cdn.shopify.com/s/files/1/0727/8355/files/GN343_11_600x600.jpg?v=1783517229
zoid,model_kit,USA Gundam Store,retailer,us,Zoids Realize Model RMZ-025 Liger Zero Falcon (ZBF) 1/100 Scale Model Kit,79.99,,,USD,New,https://www.usagundamstore.com/products/zoids-realize-model-rmz-025-liger-zero-falcon-zbf-1-100-scale-model-kit,https://cdn.shopify.com/s/files/1/0727/8355/files/092551_outline_11_600x600.jpg?v=1785931359
zoid,model_kit,USA Gundam Store,retailer,us,Zoids Chaotic Century D-Style Command Wolf Irvine Special (Clear Parts Append) Model Kit,24.99,,,USD,New,https://www.usagundamstore.com/products/zoids-chaotic-century-d-style-command-wolf-irvine-special-clear-parts-append-model-kit,https://cdn.shopify.com/s/files/1/0727/8355/files/original_4_6c500efc-12a1-49b5-93e7-31620e427459_600x600.webp?v=1776958352
zoid,model_kit,USA Gundam Store,retailer,us,Zoids x Monster Hunter Synergenex Wild Liger Zinogre Model Kit,58.99,,,USD,New,https://www.usagundamstore.com/products/zoids-x-monster-hunter-synergenex-series-wild-liger-zinogre-model-kit,https://cdn.shopify.com/s/files/1/0727/8355/files/GN322_9_600x600.jpg?v=1780664552
zoid,model_kit,USA Gundam Store,retailer,us,Zoids Chaotic Century D-Style Gustav Moonbay Special (Clear Parts Append) Model Kit,26.99,,,USD,New,https://www.usagundamstore.com/products/zoids-chaotic-century-d-style-gustav-moonbay-special-clear-parts-append-model-kit,https://cdn.shopify.com/s/files/1/0727/8355/files/768w_14_9bebf358-ec38-4096-80f1-74dea43e1520_600x600.webp?v=1779370805
zoid,model_kit,USA Gundam Store,retailer,us,Zoids Realize Model RMZ-016 Blade Liger Panzer (ZBF) Lion Type 1/100 Scale Model Kit,71.99,,,USD,New,https://www.usagundamstore.com/products/zoids-realize-model-rmz-016-blade-liger-panther-zbf-1-100-scale-model-kit,https://cdn.shopify.com/s/files/1/0727/8355/files/dc00ee8c-0ecb-43db-919c-1c2cc3dc45a6_600x600.webp?v=1764952465
zoid,model_kit,USA Gundam Store,retailer,us,Zoids New Century Zero Highend Master Model RZ-030 Gun Sniper (Leena Special 2001 Re/color Ver.) 1/72 Scale Model Kit,59.99,,,USD,New,https://www.usagundamstore.com/products/zoids-highend-master-model-gun-sniper-leena-special-2001-re-color-1-72-scale-model-kit,https://cdn.shopify.com/s/files/1/0727/8355/files/90fd4abb-7b99-46b1-9839-9c0b97dd000e_600x600.jpg?v=1762451971
zoid,model_kit,USA Gundam Store,retailer,us,Zoids Chaotic Century D-Style Shield Liger (Clear Parts Append) Model Kit,24.99,,,USD,New,https://www.usagundamstore.com/products/zoids-chaotic-century-d-style-shield-liger-clear-parts-append-model-kit,https://cdn.shopify.com/s/files/1/0727/8355/files/768w-2026-04-07T093613.465_600x600.webp?v=1775568984
zoid,model_kit,USA Gundam Store,retailer,us,Zoids New Century Highend Master Model Dark Horn Harry Special (2001 Re/Color) 1/72 Scale Model Kit,129.99,,,USD,New,https://www.usagundamstore.com/products/zoids-new-century-highend-master-model-dark-horn-harry-special-2001-re-color-1-72-scale-model-kit,https://cdn.shopify.com/s/files/1/0727/8355/files/768w_12_c9efab77-0405-449d-bacc-511386f32517_600x600.webp?v=1783021978
zoid,model_kit,USA Gundam Store,retailer,us,Zoids x Monster Hunter Synergenex Wild Liger Stygian Zinogre Model Kit,58.99,,,USD,New,https://www.usagundamstore.com/products/zoids-x-monster-hunter-synergenex-series-wild-liger-stygian-zinogre-model-kit,https://cdn.shopify.com/s/files/1/0727/8355/files/GN323_9_600x600.jpg?v=1780664808
zoid,model_kit,USA Gundam Store,retailer,us,Zoids Realize Model RMZ-023 Lightning Saix Irvine Special 1/100 Scale Model Kit,58.99,,,USD,New,https://www.usagundamstore.com/products/zoids-realize-model-rmz-023-lightning-saix-irvine-special-1-100-scale-model-kit,https://cdn.shopify.com/s/files/1/0727/8355/files/GN321_10_600x600.jpg?v=1780664078
zoid,model_kit,USA Gundam Store,retailer,us,Zoids Realize Model RMZ-024 Storm Sworder 1/100 Scale Model Kit,56.99,,,USD,New,https://www.usagundamstore.com/products/zoids-realize-model-zoids-advanced-series-rmz-024-storm-sworder-1-100-scale-model-kit,https://cdn.shopify.com/s/files/1/0727/8355/files/GN330_10_600x600.jpg?v=1783517593
zoid,model_kit,USA Gundam Store,retailer,us,Zoids Chaotic Century Highend Master Model Storm Sworder (Ala Barone Special 2000 - Recolor-) 1/72 Scale Model Kit,85.99,,,USD,New,https://www.usagundamstore.com/products/zoids-chaotic-century-highend-master-model-storm-sworder-ala-barone-special-2000-recolor-1-72-scale-model-kit,https://cdn.shopify.com/s/files/1/0727/8355/files/b2cee152-bc21-4b17-acdd-8cd2fd919146_600x600.webp?v=1773927389
zoid,model_kit,USA Gundam Store,retailer,us,Zoids Chaotic Century Highend Master Model Death Stinger Hiltz (Special 2000 - Recolor-) Model Kit,159.99,,,USD,New,https://www.usagundamstore.com/products/zoids-chaotic-century-highend-master-model-death-stinger-hiltz-special-2000-recolor-model-kit,https://cdn.shopify.com/s/files/1/0727/8355/files/ac225908-9b54-4261-9485-c8de3d12f3f2_600x600.webp?v=1771614137
zoid,model_kit,USA Gundam Store,retailer,us,Zoids x Monster Hunter Synergenex Series Knuckle Kong Rajang Model Kit,55.99,,,USD,New,https://www.usagundamstore.com/products/monster-hunter-x-zoids-knuckle-kong-rajang-1-35-scale-model-kit,https://cdn.shopify.com/s/files/1/0727/8355/files/8e95bc9c-4ab2-4997-b8ad-fbb02b0ada06_600x600.webp?v=1762287562
zoid,model_kit,USA Gundam Store,retailer,us,Zoids Adamas Machina AM-Z02 Blade Liger Action Figure,294.99,,,USD,New,https://www.usagundamstore.com/products/zoids-adamas-machina-am-z02-blade-liger-action-figure,https://cdn.shopify.com/s/files/1/0727/8355/files/946632_outline_11_600x600.jpg?v=1785931742
zoid,model_kit,USA Gundam Store,retailer,us,Zoids Realize Model RMZ-011 Geno Saurer Raven Special 1/100 Scale Model Kit,59.99,,,USD,New,https://www.usagundamstore.com/products/zoids-realize-model-zoids-advanced-series-rmz-011-geno-saurer-raven-special-1-100-scale-model-kit,https://cdn.shopify.com/s/files/1/0727/8355/files/GN342_10_600x600.jpg?v=1783517486
zoid,model_kit,USA Gundam Store,retailer,us,Zoids Advanced Zi AZ-17 Ultra Saurus 1/72 Scale Model Kit,299.99,,,USD,New,https://www.usagundamstore.com/products/zoids-realize-model-az-17-ultra-saurus-1-72-scale-model-kit,https://cdn.shopify.com/s/files/1/0727/8355/files/GN328_11_600x600.jpg?v=1783516813
zoid,model_kit,USA Gundam Store,retailer,us,Zoids Highend Master Model RPZ-14 Salamander F2 1/72 Scale Model Kit,299.99,,,USD,New,https://www.usagundamstore.com/products/zoids-highend-master-model-rpz-14-salamander-f2-1-72-scale-model-kit,https://cdn.shopify.com/s/files/1/0727/8355/files/original_78_3741bc41-5492-40a4-af3a-673ed1196019_600x600.webp?v=1782400854
zoid,model_kit,USA Gundam Store,retailer,us,Zoids x Patlabor Synergenex Fangriffon Model Kit,59.99,,,USD,New,https://www.usagundamstore.com/products/zoids-x-patlabor-synergenex-fangriffon-model-kit,https://cdn.shopify.com/s/files/1/0727/8355/files/GN331_10_600x600.jpg?v=1783525682
zoid,model_kit,USA Gundam Store,retailer,us,Zoids Advanced Zi AZ-16 Liger Zero Jager 1/72 Scale Model Kit,114.99,,,USD,New,https://www.usagundamstore.com/products/zoids-advanced-zi-az-16-liger-zero-jager-1-72-scale-model-kit,https://cdn.shopify.com/s/files/1/0727/8355/files/768w_2_0fefd03f-9f53-4752-85b2-ebe31cde4665_600x600.webp?v=1778691823
zoid,model_kit,USA Gundam Store,retailer,us,Zoids Advanced Zi AZ-10EX Sea Panther (Guylos Specification Ver.) 1/72 Scale Model Kit,47.99,,,USD,New,https://www.usagundamstore.com/products/zoids-advanced-zi-az-10ex-sea-panther-guylos-specification-ver-1-72-scale-model-kit,https://cdn.shopify.com/s/files/1/0727/8355/files/121f321a-8184-4fb3-9479-6fc1e4476425_600x600.webp?v=1768420642
zoid,model_kit,USA Gundam Store,retailer,us,Zoids AZ-01 Blade Liger 1/72 Scale Model Kit,87.99,,,USD,New,https://www.usagundamstore.com/products/zoids-az-01-blade-liger-1-72-scale-model-kit,https://cdn.shopify.com/s/files/1/0727/8355/files/de4ef9b8-f6d1-4ffa-b573-d7cb47f438df_600x600.jpg?v=1762281953
zoid,model_kit,USA Gundam Store,retailer,us,Zoids Realize Model RMZ-022 Murasame Liger 1/100 Scale Model Kit,56.99,,,USD,New,https://www.usagundamstore.com/products/zoids-realize-model-rmz-022-murasame-liger-1-100-scale-model-kit,https://cdn.shopify.com/s/files/1/0727/8355/files/768w_1_1a170a51-7df4-466b-8c1e-115cb4598fc2_600x600.jpg?v=1778691764
zoid,model_kit,USA Gundam Store,retailer,us,Zoids Realize Model RMZ-021 Shield Liger MK-2 1/100 Scale Model Kit,54.99,,,USD,New,https://www.usagundamstore.com/products/zoids-realize-model-rmz-021-shield-liger-mk-2-1-100-scale-model-kit,https://cdn.shopify.com/s/files/1/0727/8355/files/original-2026-04-03T133049.577_600x600.webp?v=1775237466
zoid,model_kit,USA Gundam Store,retailer,us,Zoids x Metamor Verse MV-01A Ao Kiriyama &amp; Blade Liger (Dress Code #Scarlet) 1/10 Scale Model Kit,107.99,,,USD,New,https://www.usagundamstore.com/products/mv-01a-ao-kiriyama-blade-liger-dress-code-scarlet,https://cdn.shopify.com/s/files/1/0727/8355/files/1a9c1883-2108-48ff-88c2-3db218ec4554_600x600.webp?v=1773143999
zoid,model_kit,USA Gundam Store,retailer,us,Zoids Realize Model RMZ-020F Zabat Full Option Set 1/100 Scale Model Kit,47.99,,,USD,New,https://www.usagundamstore.com/products/zoids-realize-model-rmz-020f-zabat-full-option-set-1-100-scale-model-kit,https://cdn.shopify.com/s/files/1/0727/8355/files/2274f852-b77a-4564-9b9c-63308592ebc9_600x600.webp?v=1771303919
zoid,model_kit,USA Gundam Store,retailer,us,Zoids 2 Helic Republic vs. Guylos Empire Realize Model RMZ-018 Trinity Liger (Captured Color) 1/100 Scale Model Kit,47.99,,,USD,New,https://www.usagundamstore.com/products/zoids-2-helic-republic-vs-guylos-empire-realize-model-rmz-018-trinity-liger-captured-color-1-100-scale-model-kit,https://cdn.shopify.com/s/files/1/0727/8355/files/ff43fcd2-e65d-464f-b125-2674ca5049bf_600x600.webp?v=1771302966
zoid,model_kit,USA Gundam Store,retailer,us,Zoids ADVANCED Zi AZ-06EX Phoenix Republic Ver. 1/72 Scale Exclusive Model Kit,44.99,,,USD,New,https://www.usagundamstore.com/products/zoids-az-06ex-phoenix-republic-ver-1-72-scale-model-kit,https://cdn.shopify.com/s/files/1/0727/8355/files/5e2f6b72-56a9-4b11-8702-a7fc558baf9b_600x600.webp?v=1762286329
zoid,model_kit,USA Gundam Store,retailer,us,Zoids Realize Model RMZ-001 Blade Liger 1/100 Scale Model Kit,39.99,,,USD,New,https://www.usagundamstore.com/products/zoids-rmz-001-blade-liger-1-100-scale-model-kit,https://cdn.shopify.com/s/files/1/0727/8355/files/918752_11_000eb2ab-fdcf-4856-b5a2-9317ff219724_600x600.jpg?v=1762284328
zoid,model_kit,USA Gundam Store,retailer,us,Zoids Highend Master Model EHI-7 Reddra Zenebus (Empire Ver.) 1/72 Scale Model Kit (Reissue),59.99,,,USD,New,https://www.usagundamstore.com/products/zoids-highend-master-model-ehi-7-reddra-zenebus-empire-ver-1-72-scale-model-kit,https://cdn.shopify.com/s/files/1/0727/8355/products/ff8f38f8-848c-4922-92df-cb059f1f0f83_600x600.jpg?v=1762278707
zoid,model_kit,USA Gundam Store,retailer,us,Zoids Highend Master Model RZ-014 Godos (Marking Plus Ver.) 1/72 Scale Model Kit,41.29,,,USD,New,https://www.usagundamstore.com/products/zoids-highend-master-model-1-72-rz-014-godos-marking-plus-ver,https://cdn.shopify.com/s/files/1/0727/8355/products/cbac7f51-3efa-4129-b8bb-46c907b7b4fa_600x600.jpg?v=1762275382
zoid,model_kit,USA Gundam Store,retailer,us,1/72 ZOIDS EZ-027 RAVEN RAPTOR,55.99,,,USD,New,https://www.usagundamstore.com/products/1-72-zoids-ez-027-raven-raptor,https://cdn.shopify.com/s/files/1/0727/8355/products/kbyzd109_2_1_600x600.jpg?v=1762274538
zoid,model_kit,USA Gundam Store,retailer,us,Zoids Advanced Zi AZ-17EX Ultra Saurus Gravity Cannon 1/72 Scale Weapon Set,99.99,,,USD,New,https://www.usagundamstore.com/products/zoids-realize-model-az-17ex-ultra-saurus-gravity-cannon-1-72-scale-model-kit,https://cdn.shopify.com/s/files/1/0727/8355/files/GN329_6_600x600.jpg?v=1783517081
zoid,model_kit,USA Gundam Store,retailer,us,Zoids Advanced Zi AZ-15 Psycho Geno Saurer 1/72 Scale Model Kit,119.99,,,USD,New,https://www.usagundamstore.com/products/zoids-advanced-zi-az-15-psycho-geno-saurer-1-72-scale-model-kit,https://cdn.shopify.com/s/files/1/0727/8355/files/256625a2-04af-46c3-abeb-a5ef491208ac_600x600.webp?v=1771302654
zoid,model_kit,USA Gundam Store,retailer,us,Zoids Adamas Machina AM-Z01EX Berserk Fury (Elementary Body) Model Kit,226.99,,,USD,New,https://www.usagundamstore.com/products/zoids-adamas-machina-am-z01ex-berserk-fury-elementary-body-model-kit,https://cdn.shopify.com/s/files/1/0727/8355/files/e54f2598-aa17-4cf6-9544-6d9f86f803de_600x600.webp?v=1759944451
zoid,model_kit,USA Gundam Store,retailer,us,Zoids RMZ-007 Trinity Liger 1/100 Scale Model Kit,45.99,,,USD,New,https://www.usagundamstore.com/products/zoids-rmz-007-trinity-liger-1-100-scale-model-kit,https://cdn.shopify.com/s/files/1/0727/8355/files/8ec23d77-1cdb-45f9-a532-d607b9e62193_600x600.webp?v=1762286785
zoid,model_kit,USA Gundam Store,retailer,us,Zoids Fine Graph RZ-028 Blade Liger (AB Bang Ver.) Frame,199.99,,,USD,New,https://www.usagundamstore.com/products/zoids-fine-graph-rz-028-blade-liger-ab-bang-ver-frame,https://cdn.shopify.com/s/files/1/0727/8355/files/GV220_CFG_BLADE_LIGER_AB_01_600x600.webp?v=1786105275
zoid,model_kit,USA Gundam Store,retailer,us,Zoids Realize Model RMZ-017 Command Wolf (Urban Warfare Special Ver.) 1/100 Scale Model Kit,47.99,,,USD,New,https://www.usagundamstore.com/products/zoids-realize-model-rmz-017-command-wolf-urban-warfare-special-ver-1-100-scale-model-kit,https://cdn.shopify.com/s/files/1/0727/8355/files/e3920dd7-f6b8-442d-8232-822188c50259_600x600.webp?v=1768420394
zoid,model_kit,USA Gundam Store,retailer,us,Zoids Advanced Zi AZ-03EX Murasame Liger (Original Color Ver.) 1/72 Scale Model Kit,103.99,,,USD,New,https://www.usagundamstore.com/products/zoids-advanced-zi-az-03ex-murasame-liger-original-color-1-72-scale-model-kit,https://cdn.shopify.com/s/files/1/0727/8355/files/734a6362-8ef7-4375-80c5-e30c278f6a12_600x600.webp?v=1764952513
zoid,model_kit,USA Gundam Store,retailer,us,Zoids Realize Model RMZ-004 Hellcat (Guylos Color Ver.) 1/100 Scale Model Kit,24.99,,,USD,New,https://www.usagundamstore.com/products/zoids-realize-model-rmz-004-hellcat-guylos-color-ver-1-100-scale-model-kit,https://cdn.shopify.com/s/files/1/0727/8355/files/083f7bce-ccd7-464e-af27-f23f2db44053_600x600.webp?v=1762285183
zoid,model_kit,USA Gundam Store,retailer,us,Zoids Highend Master Model EZ017 Iguan (Marking Plus Ver.) Model Kit,42.99,,,USD,New,https://www.usagundamstore.com/products/zoids-highend-master-model-ez017-iguan-marking-plus-ver-model-kit,https://cdn.shopify.com/s/files/1/0727/8355/products/c340b830-de85-48c8-afd6-683fd6b5d130_600x600.jpg?v=1762275596
zoid,model_kit,USA Gundam Store,retailer,us,Zoids Genesis Spark Fig Grande SF-G01 Kotona Elegance 1/7 Scale Figure,169.99,,,USD,New,https://www.usagundamstore.com/products/zoids-genesis-spark-fig-grande-sf-g01-kotona-elegance-1-7-scale-figure,https://cdn.shopify.com/s/files/1/0727/8355/files/768w_15_5486871c-076f-465b-ab63-1f79cad2e487_600x600.webp?v=1778699105
zoid,model_kit,USA Gundam Store,retailer,us,Zoids Advanced Zi AZ-02EX3 Liger Zero Type Zero Armor 1/72 Scale Armor Parts Set,20.99,,,USD,New,https://www.usagundamstore.com/products/zoids-advanced-zi-az-02ex3-liger-zero-type-zero-armor-1-72-scale-model-kit,https://cdn.shopify.com/s/files/1/0727/8355/files/768w_d7745d16-bff1-47df-af1c-76b1760a0497_600x600.webp?v=1778691903
zoid,model_kit,USA Gundam Store,retailer,us,Zoids Realize Model RMZ-020 Zabat 1/100 Scale Model Kit,32.99,,,USD,New,https://www.usagundamstore.com/products/zoids-realize-model-rmz-020-zabat-1-100-scale-model-kit,https://cdn.shopify.com/s/files/1/0727/8355/files/46e2fa82-c42d-4353-989c-4933f07e5570_600x600.webp?v=1771302790
zoid,model_kit,USA Gundam Store,retailer,us,Zoids Advanced Zi AZ-14EX Liger Zero X Unit 1/72 Scale Armor Parts Set,47.99,,,USD,New,https://www.usagundamstore.com/products/zoids-advanced-zi-az-14ex-liger-zero-x-unit-1-72-scale-armor-parts-set,https://cdn.shopify.com/s/files/1/0727/8355/files/14a632fb-405c-45ab-b4f0-913e349369be_600x600.webp?v=1771302510
zoid,model_kit,USA Gundam Store,retailer,us,Zoids Realize Model RMZ-006 Saber Tiger (Schwarz Special Ver.) 1/100 Scale Model Kit,49.99,,,USD,New,https://www.usagundamstore.com/products/zoids-realize-model-rmz-006-saber-tiger-schwarz-special-ver-1-100-scale-model-kit,https://cdn.shopify.com/s/files/1/0727/8355/files/9bddc768-2545-4605-82b1-0c477a7e6680_600x600.webp?v=1762285721
zoid,model_kit,USA Gundam Store,retailer,us,Zoids Highend Master Model EZ-005 Redler (Guyros Empire Ver.) 1/72 Scale Model Kit,59.99,,,USD,New,https://www.usagundamstore.com/products/zoids-highend-master-model-ez-005-redler-guyros-empire-ver-1-72-scale-model-kit,https://cdn.shopify.com/s/files/1/0727/8355/products/a728c2a0-7709-407a-9bd9-dae35edfc46b_600x600.jpg?v=1762278707
zoid,model_kit,USA Gundam Store,retailer,us,Zoids Highend Master Model Customize Parts Pile Bunker Unit,10.99,,,USD,New,https://www.usagundamstore.com/products/zoids-highend-master-model-customize-parts-pile-bunker-unit,https://cdn.shopify.com/s/files/1/0727/8355/products/8c8f5943-5a08-4506-9a41-7199aa19a35f_600x600.jpg?v=1762274549
zoid,model_kit,USA Gundam Store,retailer,us,Zoids Realize Model RMZ-026 Gustav Moonbey Special 1/100 Scale Model Kit,64.99,,,USD,New,https://www.usagundamstore.com/products/zoids-realize-model-rmz-026-gustav-moonbey-special-1-100-scale-model-kit,https://cdn.shopify.com/s/files/1/0727/8355/files/768w-2026-09-11T080112.877_600x600.webp?v=1789128110
zoid,model_kit,USA Gundam Store,retailer,us,Zoids Advanced Zi AZ-16EX Liger Zero Jager (Unit Original Color) 1/72 Scale Armor Parts Set,41.99,,,USD,New,https://www.usagundamstore.com/products/zoids-advanced-zi-az-16ex-liger-zero-jager-unit-original-color-ver-1-72-scale-model-kit,https://cdn.shopify.com/s/files/1/0727/8355/files/768w_3_412877e1-d2d2-438f-8158-3799b3b5badc_600x600.webp?v=1778691867
zoid,model_kit,USA Gundam Store,retailer,us,Zoids Realize Model RMZ-019 Hell Cat &amp; Molga (Zenebus Color) 1/100 Scale Model Kit Set,42.99,,,USD,New,https://www.usagundamstore.com/products/zoids-realize-model-rmz-019-hell-cat-molga-zenebus-color-1-100-scale-model-kit-set,https://cdn.shopify.com/s/files/1/0727/8355/files/3945d973-f7cb-4bae-9f14-22d45ba9e832_600x600.webp?v=1771303743
zoid,model_kit,USA Gundam Store,retailer,us,Transformers x Zoids X Diaclone Synergenex Series Shield-D-Prime Action Figure,399.99,,,USD,New,https://www.usagundamstore.com/products/transformers-x-zoids-x-diaclone-synergenex-series-shield-d-prime-action-figure,https://cdn.shopify.com/s/files/1/0727/8355/files/68fdc646-bd79-4033-b94b-f7123e841c35_600x600.webp?v=1762288945
zoid,model_kit,USA Gundam Store,retailer,us,Zoids Realize Model RMZ-005 Molga (Guylos Color Ver.) 1/100 Scale Model Kit,22.99,,,USD,New,https://www.usagundamstore.com/products/zoids-realize-model-rmz-005-molga-guylos-color-ver-1-100-scale-model-kit,https://cdn.shopify.com/s/files/1/0727/8355/files/8a7445f1-b218-420c-a6d7-e5d791722f74_600x600.webp?v=1762285183
zoid,model_kit,USA Gundam Store,retailer,us,Zoids Highend Master Model EZ027 Rev Raptor (Night Patrol Ver.) 1/72 Scale Model Kit,79.99,,,USD,New,https://www.usagundamstore.com/products/zoids-highend-master-model-ez-027-rev-raptor-night-patrol,https://cdn.shopify.com/s/files/1/0727/8355/products/3f4f3d19-625b-441d-a873-28c7c31357cc_600x600.jpg?v=1762280041
zoid,model_kit,USA Gundam Store,retailer,us,Zoids Highend Master Model Changing Armor System Liger Zero X Unit (Empire Ver.) Model Kit,39.99,,,USD,New,https://www.usagundamstore.com/products/zoids-highend-master-model-changing-armor-system-liger-zero-x-unit-empire-ver-model-kit,https://cdn.shopify.com/s/files/1/0727/8355/products/94d1de33-8e0a-4d0b-8852-2a9e81470be1_600x600.jpg?v=1762274760
zoid,model_kit,Kotobukiya USA,retailer,us,EZ-005 REDLER GUYROS EMPIRE Ver.,59.99,,,USD,New,https://kotobukiya-us.com/products/190526063679,https://kotobukiya-us.com/cdn/shop/files/ZD153X_Redler_GuyrosEmpire_eye.jpg?v=1735173499&width=460
zoid,model_kit,Kotobukiya USA,retailer,us,ZOIDS CUSTOMIZE PARTS GOJULAS CANNON SET,53.99,,,USD,New,https://kotobukiya-us.com/products/190526052635,https://kotobukiya-us.com/cdn/shop/files/ZD100X_gojulascannonset_eye.jpg?v=1752726960&width=460
zoid,model_kit,Kotobukiya USA,retailer,us,ZOIDS CUSTOMIZE PARTS PILE BUNKER UNIT,14.99,,,USD,New,https://kotobukiya-us.com/products/190526008540,https://kotobukiya-us.com/cdn/shop/files/ZD110_CP_PilebunkerUnit_eye.jpg?v=1735173318&width=460
zoid,model_kit,Kotobukiya USA,retailer,us,ZOIDS ADVANCED SERIES AZ-17DX ULTRA S...,399.99,,,USD,New,https://kotobukiya-us.com/products/190526083936,https://kotobukiya-us.com/cdn/shop/files/GN343_eye.jpg?v=1783400110&width=460
zoid,model_kit,Kotobukiya USA,retailer,us,EZ-027 RAVEN RAPTOR,64.99,,,USD,New,https://kotobukiya-us.com/products/190526008533,https://kotobukiya-us.com/cdn/shop/files/ZD109_RavenRaptor_eye.jpg?v=1735173258&width=460
zoid,model_kit,Kotobukiya USA,retailer,us,ZOIDS BEAST LIGER Magnamalo ver.,54.99,,,USD,New,https://kotobukiya-us.com/products/190526059856,https://kotobukiya-us.com/cdn/shop/files/939757__eye.jpg?v=1735177296&width=460
zoid,model_kit,Kotobukiya USA,retailer,us,ZOIDS SONIC BIRD Rathalos ver.,54.99,,,USD,New,https://kotobukiya-us.com/products/190526059863,https://kotobukiya-us.com/cdn/shop/files/939764_eye.jpg?v=1735177648&width=460
zoid,model_kit,Kotobukiya USA,retailer,us,EZ-049 STURM TYRANN BERSERK UNIT SET,159.99,,,USD,New,https://kotobukiya-us.com/products/190526062597,https://kotobukiya-us.com/cdn/shop/files/ZD106X_sturmtyannBUset_eye.jpg?v=1735172624&width=460
zoid,model_kit,Kotobukiya USA,retailer,us,SF-G01 SPARK Fig GRANDE Zoids Genesis...,169.99,,,USD,New,https://kotobukiya-us.com/products/190526081949,https://kotobukiya-us.com/cdn/shop/files/065487-eye.jpg?v=1778472971&width=460
zoid,model_kit,Kotobukiya USA,retailer,us,RZ-014 GODOS MARKING PLUS Ver.,49.99,,,USD,New,https://kotobukiya-us.com/products/190526039230,https://kotobukiya-us.com/cdn/shop/files/ZD157_godosMK_eye.jpg?v=1739150303&width=460
zoid,model_kit,Kotobukiya USA,retailer,us,RZ-013 BUSTER TORTOISE,49.99,,,USD,New,https://kotobukiya-us.com/products/190526056183,https://kotobukiya-us.com/cdn/shop/files/ZD025X_bustertortoise_eye.jpg?v=1735172496&width=460
zoid,model_kit,Kotobukiya USA,retailer,us,EZ-027 REV RAPTOR,49.99,,,USD,New,https://kotobukiya-us.com/products/190526008557,https://kotobukiya-us.com/cdn/shop/files/ZD111_revraptor_eye.jpg?v=1735173380&width=460
zoid,model_kit,Kotobukiya USA,retailer,us,RZ-028 BLADE LIGER AB,79.99,,,USD,New,https://kotobukiya-us.com/products/190526068537,https://kotobukiya-us.com/cdn/shop/files/ZD131R_bladeliger_AB_eye.jpg?v=1740470426&width=460
zoid,model_kit,Kotobukiya USA,retailer,us,Monster Hunter X Zoids Knuckle Kong R...,56.99,,,USD,New,https://kotobukiya-us.com/products/190526070998,https://kotobukiya-us.com/cdn/shop/files/995197_eye.jpg?v=1742886442&width=460
zoid,model_kit,Kotobukiya USA,retailer,us,RZ-053 KÖNIG WOLF,119.99,,,USD,New,https://kotobukiya-us.com/products/190526013209,https://kotobukiya-us.com/cdn/shop/files/ZD112_KonigWolf_eye.jpg?v=1735173447&width=460
zoid,model_kit,Kotobukiya USA,retailer,us,RZ-045 SALAMANDER,229.99,,,USD,New,https://kotobukiya-us.com/products/190526049758,https://kotobukiya-us.com/cdn/shop/files/ZD171_salamander_eye.jpg?v=1752726090&width=460
zoid,model_kit,Kotobukiya USA,retailer,us,RZ-013 CANNON TORTOISE Marking Plus Ver.,47.99,,,USD,New,https://kotobukiya-us.com/products/190526066441,https://kotobukiya-us.com/cdn/shop/files/ZD189_cannontortoise_mp_eye.jpg?v=1745456859&width=460
zoid,model_kit,Kotobukiya USA,retailer,us,EZ-054 LIGER ZERO X,88.99,,,USD,New,https://kotobukiya-us.com/products/190526068704,https://kotobukiya-us.com/cdn/shop/files/ZD107R_ligerzeroX_eye.jpg?v=1745456407&width=460
zoid,model_kit,Kotobukiya USA,retailer,us,RZ-041 LIGER ZERO Marking Plus Ver.,65.99,,,USD,New,https://kotobukiya-us.com/products/190526067264,https://kotobukiya-us.com/cdn/shop/files/ZD121R_ligerzeroMP_eye.jpg?v=1737703163&width=460
zoid,model_kit,Kotobukiya USA,retailer,us,RZ-007 SHIELD LIGER MARKING PLUS Ver.,59.99,,,USD,New,https://kotobukiya-us.com/products/190526042476,https://kotobukiya-us.com/cdn/shop/files/ZD159_ShieldLiger_eye.jpg?v=1735173685&width=460
zoid,model_kit,Kotobukiya USA,retailer,us,EZ-036 DEATH STINGER,134.99,,,USD,New,https://kotobukiya-us.com/products/190526024144,https://kotobukiya-us.com/cdn/shop/files/ZD086R_deathstinger_eye.jpg?v=1735172545&width=460
zoid,model_kit,Kotobukiya USA,retailer,us,RZ-007 SHIELD LIGER DCS-J,77.99,,,USD,New,https://kotobukiya-us.com/products/190526068490,https://kotobukiya-us.com/cdn/shop/files/ZD129R_ShieldLiger_DCSJ_eye.jpg?v=1738808283&width=460
zoid,model_kit,Kotobukiya USA,retailer,us,EZ-017 IGUAN MARKING PLUS Ver.,44.99,,,USD,New,https://kotobukiya-us.com/products/190526042445,https://kotobukiya-us.com/cdn/shop/files/ZD158_iguanMK_eye.jpg?v=1735173630&width=460
zoid,model_kit,Kotobukiya USA,retailer,us,RZ-046 SHADOW FOX  MARKING PLUS Ver.,54.99,,,USD,New,https://kotobukiya-us.com/products/190526051638,https://kotobukiya-us.com/cdn/shop/files/ZD145X_ShadowFOX_Mplus_eye.jpg?v=1747638152&width=460
zoid,model_kit,Kotobukiya USA,retailer,us,EZ-006 MOLGA FULL OPTION SET,64.99,,,USD,New,https://kotobukiya-us.com/products/190526060357,https://kotobukiya-us.com/cdn/shop/files/ZD186_molga_fulloptionset_eye.jpg?v=1737619971&width=460
zoid,model_kit,Kotobukiya USA,retailer,us,RZ-009 COMMAND WOLF AC & LC MARKING P...,69.99,,,USD,New,https://kotobukiya-us.com/products/190526060401,https://kotobukiya-us.com/cdn/shop/files/ZD187_commandwolf_ac_and_lc_mpver_eye.jpg?v=1738213936&width=460
zoid,model_kit,Kotobukiya USA,retailer,us,Monster Hunter X Zoids Gatling Fox Mi...,56.99,,,USD,New,https://kotobukiya-us.com/products/190526070981,https://kotobukiya-us.com/cdn/shop/files/995203_eye.jpg?v=1742886442&width=460
zoid,model_kit,Kotobukiya USA,retailer,us,EHI-7 REDDRA ZENEBUS EMPIRE Ver.,59.99,,,USD,New,https://kotobukiya-us.com/products/190526063662,https://kotobukiya-us.com/cdn/shop/files/ZD152X_Redler_ZenebusEmpire_eye.jpg?v=1738214006&width=460
zoid,model_kit,Kotobukiya USA,retailer,us,RZ-041 LIGER ZERO SCHNEIDER Marking P...,80.99,,,USD,New,https://kotobukiya-us.com/products/190526068520,https://kotobukiya-us.com/cdn/shop/files/ZD123R_ligerzero_schneider_Mplus_eye.jpg?v=1740470321&width=460
zoid,model_kit,Kotobukiya USA,retailer,us,RZ-041 LIGER ZERO JAGER Marking Plus ...,80.99,,,USD,New,https://kotobukiya-us.com/products/190526068483,https://kotobukiya-us.com/cdn/shop/files/ZD122R_ligerzero_jagerMP_eye.jpg?v=1738808215&width=460
zoid,model_kit,Kotobukiya USA,retailer,us,RZ-041 LIGER ZERO PANZER Marking Plus...,84.99,,,USD,New,https://kotobukiya-us.com/products/190526068681,https://kotobukiya-us.com/cdn/shop/files/ZD124R_ligerzero_panzerMP_eye.jpg?v=1743066611&width=460
