category,product_type,site,site_type,ships_from,title,price,shipping,pickup,currency,condition,url,image_url
gundam,model_kit,eBay,marketplace,us,Bandai Gundam Stardust Memory HGUC MS-06F Zaku II FZ HG 1/144 Model Kit USA,25.44,0.0,False,USD,New,https://www.ebay.com/itm/137620839610?_skw=gundam&hash=item200ad75cba:g:5m8AAeSwRHNqivch,https://i.ebayimg.com/images/g/5m8AAeSwRHNqivch/s-l225.jpg
gundam,cards,eBay,marketplace,us,Gundam Card Game Improved Technique GD03 - GD03-109 - Near Mint - EN,5.99,,False,USD,Ungraded,https://www.ebay.com/itm/318767580846?_skw=gundam&hash=item4a380746ae:g:OggAAeSwMtZqijSA,https://i.ebayimg.com/images/g/OggAAeSwMtZqijSA/s-l225.jpg
gundam,cards,eBay,marketplace,international,Gundam Card Game GD05-097 Domon Kasshu Promo X 4 Illustration by Toyotar Japan,24.91,4.0,False,USD,Ungraded,https://www.ebay.com/itm/407160149071?_skw=gundam&hash=item5ecca2d44f:g:fR4AAeSwv9Nqh981,https://i.ebayimg.com/images/g/fR4AAeSwv9Nqh981/s-l225.jpg
gundam,cards,eBay,marketplace,international,Domon Kasshu R GD05-097 Promo V Jump Freedom Ascension Gundam Card Game Japanese,7.99,0.0,False,USD,Ungraded,https://www.ebay.com/itm/398310756292?_skw=gundam&hash=item5cbd2bcfc4:g:u0kAAeSwpEtqiA6V,https://i.ebayimg.com/images/g/u0kAAeSwpEtqiA6V/s-l225.jpg
gundam,model_kit,eBay,marketplace,us,"#269 Gouf Ignited (Heine Westenfluss Custom) Mobile Suit Gundam SEED DESTINY, B",34.0,0.0,False,USD,New,https://www.ebay.com/itm/178251688941?_skw=gundam&hash=item2980a0ebed:g:AqQAAeSwiRFqO~Gn,https://i.ebayimg.com/images/g/AqQAAeSwiRFqO~Gn/s-l225.jpg
gundam,model_kit,eBay,marketplace,us,"#6 Z'Gok Mobile Suit Gundam, Bandai Hobby HGUC 1/144",12.0,0.0,False,USD,New,https://www.ebay.com/itm/178251688855?_skw=gundam&hash=item2980a0eb97:g:eFEAAeSwBsFqO~It,https://i.ebayimg.com/images/g/eFEAAeSwBsFqO~It/s-l225.jpg
gundam,model_kit,eBay,marketplace,us,"#128 Master Gundam & Fuunsaiki G Gundam, Bandai Hobby 1/144 HGFC",35.0,0.0,False,USD,New,https://www.ebay.com/itm/178251688945?_skw=gundam&hash=item2980a0ebf1:g:GAsAAeSwj-dqO~Ru,https://i.ebayimg.com/images/g/GAsAAeSwj-dqO~Ru/s-l225.jpg
gundam,cards,eBay,marketplace,us,Gundam Barbatos Adapt GD03-056 Rare Steel Requiem NM Gundam Card Game,9.25,,False,USD,Ungraded,https://www.ebay.com/itm/318767572066?_skw=gundam&hash=item4a38072462:g:KZgAAeSw5B5qijOO,https://i.ebayimg.com/images/g/KZgAAeSw5B5qijOO/s-l225.jpg
gundam,model_kit,eBay,marketplace,us,Bandai HGGT Zaku II + Big Gun Set (Gundam Thunderbolt Ver.) 1/144 Model Kit - US,61.95,0.0,False,USD,New,https://www.ebay.com/itm/177850491020?_skw=gundam&hash=item2968b7208c:g:-iAAAeSwcPZpisYb,https://i.ebayimg.com/images/g/-iAAAeSwcPZpisYb/s-l225.jpg
gundam,cards,eBay,marketplace,us,Gundam Card Game Argama [GD02 - GD02-129] Near Mint - EN RARE,11.0,,False,USD,Ungraded,https://www.ebay.com/itm/318767565672?_skw=gundam&hash=item4a38070b68:g:e8sAAeSwbS9qijKN,https://i.ebayimg.com/images/g/e8sAAeSwbS9qijKN/s-l225.jpg
gundam,other,eBay,marketplace,us,Strike Freedom Gundam ZGMF-X20A GU-28 Bandai Gundam Universe New Sealed,19.99,7.49,False,USD,New,https://www.ebay.com/itm/820037776836?_skw=gundam&hash=itembeee0f75c4:g:QMcAAeSw5Tlqgbxv,https://i.ebayimg.com/images/g/QMcAAeSw5Tlqgbxv/s-l225.jpg
gundam,model_kit,eBay,marketplace,us,Bandai Hobby Gundam MSN-04 Sazabi Version Ver. Ka MG 1/100 Model Kit USA Seller,115.0,0.0,False,USD,New,https://www.ebay.com/itm/147493295013?_skw=gundam&hash=item22574913a5:g:cE4AAeSwHQBqiqFS,https://i.ebayimg.com/images/g/cE4AAeSwHQBqiqFS/s-l225.jpg
gundam,cards,eBay,marketplace,international,Gundam Card Game: Card Case Set with Dice Case [EVX09] Japanese New,229.0,28.0,False,USD,New,https://www.ebay.com/itm/198565711172?_skw=gundam&hash=item2e3b704d44:g:gTAAAeSwjSBqfGSr&amdata=enc%3AAQALAAAA4ACCtXRWQnOEpyOqnQQ8KGay%2FYehNGeByjJasRWuYNAnzNX8Sz9cV8Ni26K0i%2B%2BuRfYVg%2FY4f%2BqGOIR0ay%2FXAy1WOKcu6cHcV2Ao7EOkZi4qbynKM8V5kxyIbhRw5f7mvU%2BjDoyHULO%2BzABvX2kGI1x2IePc%2BV9hbip9%2BCFWZMd4wndsI1gVumesV6aK4U65dCAGrvFf1qi504vT%2Fqzpgu2PTk2X1REDB04QLd2iFDVbMqg3f7af0WkEgc6PoVizLF6HZqyxgvnHSueBkbm92GZWuzneI7uYvILs4YbTo5WM,https://i.ebayimg.com/images/g/gTAAAeSwjSBqfGSr/s-l225.jpg
gundam,other,eBay,marketplace,us,Metal Build Gundam Astrea Type-X Finsternis Black/Purple,200.0,,True,USD,Used,https://www.ebay.com/itm/147521908338?_skw=gundam&hash=item2258fdae72:g:KPcAAeSwgwRqiWWU&amdata=enc%3AAQALAAAA4ACCtXRWQnOEpyOqnQQ8KGYMX9BOe1s6qaaIZTkgeY%2B%2BDMOdLA0TI3Pc52ttCqCBSaXkuMuOcVECtNTZN6U7p1R0zwdRbf%2FtqAtA4tdPLkLv7HuDnTJJnSeUIgOBPrV3dBTryJhfcZyDAwrFNzpJxQhTHANzcZW6nxEmGoPnEpVG8yhbJ73igMaVnLU43jbKhQ6ZvIfsSagNY7R8sZhwYr4%2FCzS4OAWnX2T3ZV15y1yuwpP5FJjzeNjXtmc65RTxvEtqb52z%2BMxD8lshSiseNWAtOx2vtbX7vBxbSj1DcGBX,https://i.ebayimg.com/images/g/KPcAAeSwgwRqiWWU/s-l225.jpg
gundam,cards,eBay,marketplace,us,US STOCK GUNDAM CARD GAME 2026 Chinese New Year Red Pocket Promo SEALED EXRP-014,24.99,0.0,False,USD,New,https://www.ebay.com/itm/206099667027?_skw=gundam&hash=item2ffc7f5853:g:xEoAAeSwdAxpoiCP&amdata=enc%3AAQALAAAA4ACCtXRWQnOEpyOqnQQ8KGZy5mx79cG%2FxgduiaBqaIS%2Bsm5%2FoossTWTzvMJxad9y%2BRMxFYeu5Wc562HruJYQ%2Btw3yMfiPUrYvRu8TIotRMsLMfE%2FFmLNp4lE1BsnvEGSYdr480WWyfnUCIyda8%2F631Dq43PVHJeN2LLPJQjHmkNsBWokQ3eTM8PC7Zsd9yhHre5zfnV0oC6DAcTw5BZMwI3y9cbTghuBsZ6lLD7fVW78s9WlOkSgtvOosAdL9LKUnirhkI6Uqp0YsZ1Xqy%2FmI73mA4xW7kaCNU5FXG63Xc6A,https://i.ebayimg.com/images/g/xEoAAeSwdAxpoiCP/s-l225.jpg
gundam,cards,eBay,marketplace,us,GUNDAM TCG FREEDOM ASCENSION GD05 BOOSTER BOX Factory Sealed 24 Packs English,209.95,0.0,False,USD,New/Factory Sealed,https://www.ebay.com/itm/168611055113?_skw=gundam&hash=item2742008609:g:v38AAeSweu9qfdB7,https://i.ebayimg.com/images/g/v38AAeSweu9qfdB7/s-l225.jpg
gundam,cards,eBay,marketplace,us,Bandai Wing Gundam Zero (EW) GD05-067 Gundam Card Game Holo Unit EN Heero,5.0,1.36,False,USD,Ungraded,https://www.ebay.com/itm/800511051096?_skw=gundam&hash=itemba622d4558:g:7fMAAeSwxthqgANF,https://i.ebayimg.com/images/g/7fMAAeSwxthqgANF/s-l225.jpg
gundam,model_kit,eBay,marketplace,us,"#19 Char's Z'Gok Mobile Suit Gundam, Bandai Hobby HGUC 1/144",12.0,0.0,False,USD,New,https://www.ebay.com/itm/178251688883?_skw=gundam&hash=item2980a0ebb3:g:dFMAAeSwlmBqO~Ii,https://i.ebayimg.com/images/g/dFMAAeSwlmBqO~Ii/s-l225.jpg
gundam,model_kit,eBay,marketplace,international,RG 1/144 RX-78-2 Gundam RG 1/144 MS-06S Zaku II Hatsune Miku Ver. Set of 2,170.0,0.0,False,USD,New,https://www.ebay.com/itm/227364928600?_skw=gundam&hash=item34f0017c58:g:V70AAeSwrWBqGwuX,https://i.ebayimg.com/images/g/V70AAeSwrWBqGwuX/s-l225.jpg
gundam,cards,eBay,marketplace,international,Gundam Card Game EX Base ~ EXBP-032 Amuro & Gundam Ace Promo Japanese PSL,33.33,0.0,False,USD,Ungraded,https://www.ebay.com/itm/407149095181?_skw=gundam&hash=item5ecbfa290d:g:lckAAeSwjRtqgd06,https://i.ebayimg.com/images/g/lckAAeSwjRtqgd06/s-l225.jpg
gundam,cards,eBay,marketplace,international,Presale Gundam Card Game ~ EX Base EXBP-033 Char & MSN-02 Zeong Promo Card 9/26,33.33,0.0,False,USD,Ungraded,https://www.ebay.com/itm/407149107183?_skw=gundam&hash=item5ecbfa57ef:g:8s0AAeSwvLhqgd4s,https://i.ebayimg.com/images/g/8s0AAeSwvLhqgd4s/s-l225.jpg
gundam,cards,eBay,marketplace,us,EX Base Custom Rain RW - Gundam TCG,10.25,6.0,False,USD,Ungraded,https://www.ebay.com/itm/257625804257?_skw=gundam&hash=item3bfbb1cde1:g:AHYAAeSwRo9qYeip,https://i.ebayimg.com/images/g/AHYAAeSwRo9qYeip/s-l225.jpg
gundam,cards,eBay,marketplace,us,Gundam Card Game Freedom Ascension Booster Box GD05 BANDAI English *SHIPS NOW*,224.99,0.0,False,USD,New/Factory Sealed,https://www.ebay.com/itm/318735485830?_skw=gundam&hash=item4a361d8b86:g:q1AAAeSw86VqZo6m,https://i.ebayimg.com/images/g/q1AAAeSw86VqZo6m/s-l225.jpg
gundam,cards,eBay,marketplace,international,Gundam Card Game Official Card Sleeves 02 Set of 4 New Japan,57.0,0.0,False,USD,New,https://www.ebay.com/itm/137602119648?_skw=gundam&hash=item2009b9b7e0:g:Z4YAAeSwCsZqeIUt,https://i.ebayimg.com/images/g/Z4YAAeSwCsZqeIUt/s-l225.jpg
gundam,model_kit,eBay,marketplace,us,Bandai Gundam UC Gouf Ignited (Heine Westenfluss Custom) HG 1/144 Model Kit,39.18,0.0,False,USD,New,https://www.ebay.com/itm/147504789111?_skw=gundam&hash=item2257f87677:g:UtoAAeSwUjRqitYg,https://i.ebayimg.com/images/g/UtoAAeSwUjRqitYg/s-l225.jpg
gundam,model_kit,eBay,marketplace,us,Bandai HG 1/144 Ξ XI Gundam (The Sorcery Of Nymph Circe),84.99,5.99,False,USD,New,https://www.ebay.com/itm/198454183668?_skw=gundam&hash=item2e34ca86f4:g:068AAeSwnCNqOjin,https://i.ebayimg.com/images/g/068AAeSwnCNqOjin/s-l225.jpg
gundam,model_kit,eBay,marketplace,international,Mobile Suit Ensemble 23 Bandai Gundam Capsule Assembly Model Kits Collectible,10.99,10.99,False,USD,New,https://www.ebay.com/itm/398289082425?_skw=gundam&hash=item5cbbe11839:g:oGUAAeSwjSBqgDmZ&amdata=enc%3AAQALAAAA4ACCtXRWQnOEpyOqnQQ8KGZlq2aJ5I652QYwTr1hYkrragGCvwgZAiTP0k96bG0p8JPGVdPf3uaIkZ09PJtX6ib%2Bdb5yoSz5vi86XAyK7XHq%2FjiYram74vD8iNaz7C6tZ1aiJZn5AKRC%2FJ7zKeav8%2BlrFyY21Mulvg9K26iXUnG4Z7NclgbSl34nPfZnqqqxUoTJWbr%2Fv765UyfTbA%2FyreTisVwlG15YfQdzYtM123A9ARNVte60cDb%2BgLLSaDFuQaoZoOgEibfSptPua7Gj19YR3pYAz8d6vh91pawQKkql,https://i.ebayimg.com/images/g/oGUAAeSwjSBqgDmZ/s-l225.jpg
gundam,model_kit,eBay,marketplace,international,Bandai Mobile Suit Gundam Wing Hero Collection 7-Figures Pilots Set Toy W 2002,39.9,25.6,False,USD,New,https://www.ebay.com/itm/115920289497?_skw=gundam&hash=item1afd633ed9:g:eWsAAOSwnNBXYP-M&amdata=enc%3AAQALAAAA4ACCtXRWQnOEpyOqnQQ8KGbrMuQjozEQ%2Fbg%2F5XtTmAPsPwu%2Ff7Hk8qL8Urx9JlYqoQQjdOBWjH0%2BTbzMPDP22jf9OUm%2B7kvtYrzlWZzR3pOSQIHmzW4uN40gyCppf2Zpf755kTiohNvXWo6E0HZoRsnhKw1eStwkAWF2VswOq1sVei5vLyXTrtyCpplT%2By7UNQxP4JFwZW4R1tsc2tbGblYpWvWzZfqSJk9KF0TvFNTrs%2FNLokkdEnIhRs1iHc8hFVUMfrxLWV5xcRHJ0SAFfvvCgjzKV5NI1yjmP0Mu%2BTFW,https://i.ebayimg.com/images/g/eWsAAOSwnNBXYP-M/s-l225.jpg
gundam,model_kit,eBay,marketplace,us,Gundam: Requiem for Vengeance Gundam EX High Grade 1:144 Scale Model Kit,33.99,5.0,False,USD,New,https://www.ebay.com/itm/226658223339?_skw=gundam&hash=item34c5e204eb:g:NV0AAOSwa09n3biD,https://i.ebayimg.com/images/g/NV0AAOSwa09n3biD/s-l225.jpg
gundam,model_kit,eBay,marketplace,us,Bandai Action Base #5 Clear (For 1/144 & 1/100 Gundam) Model Kit Bandai Hobby,9.0,0.0,False,USD,New,https://www.ebay.com/itm/185845582834?_skw=gundam&hash=item2b45428bf2:g:qnsAAeSw10tqO~Eq,https://i.ebayimg.com/images/g/qnsAAeSw10tqO~Eq/s-l225.jpg
gundam,model_kit,eBay,marketplace,us,Bandai Gundam Hyaku-Shiki Ver. 2.0 MG 1/100 Model Kit USA Seller,84.95,0.0,False,USD,New,https://www.ebay.com/itm/137461374030?_skw=gundam&hash=item2001561c4e:g:SxQAAeSwSUlqimVj,https://i.ebayimg.com/images/g/SxQAAeSwSUlqimVj/s-l225.jpg
gundam,model_kit,eBay,marketplace,us,BAN2535355 Bandai SD-EX Standard Hello Kitty & RX-78-2 Gundam 'Gundam',25.2,,False,USD,New,https://www.ebay.com/itm/198514999088?_skw=gundam&hash=item2e386a7f30:g:tfUAAeSwzDRqaOmK,https://i.ebayimg.com/images/g/tfUAAeSwzDRqaOmK/s-l225.jpg
gundam,model_kit,eBay,marketplace,us,Bandai Hobby Gundam SEED Freedom Gundam Version Ver. 2.0 MG 1/100 Model Kit USA,58.95,0.0,False,USD,New,https://www.ebay.com/itm/137098070232?_skw=gundam&hash=item1febae88d8:g:I~UAAeSw~gJqitwS,https://i.ebayimg.com/images/g/I~UAAeSw~gJqitwS/s-l225.jpg
gundam,model_kit,eBay,marketplace,us,Gundam Sandrock EW Gundam Wing: Endless Waltz Bandai Hobby MG 1/100,48.0,0.0,False,USD,New,https://www.ebay.com/itm/128011804474?_skw=gundam&hash=item1dce191f3a:g:FRMAAeSwlDZqcvyh,https://i.ebayimg.com/images/g/FRMAAeSwlDZqcvyh/s-l225.jpg
gundam,cards,eBay,marketplace,us,Gundam Card Game Store Tournament Kit 2026 Vol. 2 (GD 26-②) - New Sealed English,24.99,0.0,False,USD,New/Factory Sealed,https://www.ebay.com/itm/800488852271?_skw=gundam&hash=itemba60da8b2f:g:n9IAAeSwB7tqenjZ,https://i.ebayimg.com/images/g/n9IAAeSwB7tqenjZ/s-l225.jpg
gundam,model_kit,eBay,marketplace,us,Bandai Gundam HGUC MS-14A Mass Production Gelgoog Cannon HG 1/144 Kit USA Seller,29.45,0.0,False,USD,New,https://www.ebay.com/itm/137607195679?_skw=gundam&hash=item200a072c1f:g:EKQAAeSw3h9qitZM,https://i.ebayimg.com/images/g/EKQAAeSw3h9qitZM/s-l225.jpg
gundam,cards,eBay,marketplace,us,EX Resource Custom Miku x Gundam - Gundam TCG,9.25,6.0,False,USD,Ungraded,https://www.ebay.com/itm/257624547598?_skw=gundam&hash=item3bfb9ea10e:g:qDAAAeSwKuRqDJqp,https://i.ebayimg.com/images/g/qDAAAeSwKuRqDJqp/s-l225.jpg
gundam,model_kit,eBay,marketplace,us,Bandai G-Gundam GOD GUNDAM RG 1/144 Model Kit USA Seller,45.95,0.0,False,USD,New,https://www.ebay.com/itm/137549333057?_skw=gundam&hash=item2006944241:g:U8UAAeSwhthqg~gU,https://i.ebayimg.com/images/g/U8UAAeSwhthqg~gU/s-l225.jpg
gundam,model_kit,eBay,marketplace,us,"#70 MS-14S Char's Gelgoog Mobile Suit Gundam, Bandai Hobby HGUC",20.0,0.0,False,USD,New,https://www.ebay.com/itm/188555189100?_skw=gundam&hash=item2be6c3db6c:g:FTQAAeSwKXpqO~GC,https://i.ebayimg.com/images/g/FTQAAeSwKXpqO~GC/s-l225.jpg
gundam,model_kit,eBay,marketplace,us,Bandai HG IBO 1/144 Gundam Vidar,16.99,5.99,False,USD,New,https://www.ebay.com/itm/198404217338?_skw=gundam&hash=item2e31d019fa:g:JGwAAeSwhCtqIkVN,https://i.ebayimg.com/images/g/JGwAAeSwhCtqIkVN/s-l225.jpg
gundam,model_kit,eBay,marketplace,us,"MOBILE FIGHTER G-GUNDAM: DVD COMPLETE SERIES, Episode 1-49- English Dub",44.99,0.0,False,USD,Like New,https://www.ebay.com/itm/128039950489?_skw=gundam&hash=item1dcfc69899:g:RHoAAeSwySZpZcnY,https://i.ebayimg.com/images/g/RHoAAeSwySZpZcnY/s-l225.jpg
gundam,cards,eBay,marketplace,us,gundam card Game brand new never opened collector edition,200.0,5.68,False,USD,New,https://www.ebay.com/itm/188831133092?_skw=gundam&hash=item2bf7366da4:g:LowAAeSwbLhqivWq,https://i.ebayimg.com/images/g/LowAAeSwbLhqivWq/s-l225.jpg
gundam,other,eBay,marketplace,us,64Pcs Modeler Basic Tools Craft Set Hobby Building Tools Kit Gundam Model Tools,78.6,0.0,False,USD,New,https://www.ebay.com/itm/178426544097?_skw=gundam&hash=item298b0cffe1:g:WY8AAeSw2rZqhva2&amdata=enc%3AAQALAAAA4ACCtXRWQnOEpyOqnQQ8KGY8Lcos1MNnnDcbd8RV%2BYQ1XWe7eqpKuh6BLbJDGMwYxTvY34kvzjYbr7iyzGQGY6FjPrYB0SmGf35GbrFNdf95m4BWjRBCt6k0r7GMs82LpoRk3aYjxiHcbCW31h3Eo3AKuq8N2Cd%2FMLN6TW1zVmnXlh2%2Bt1KfZnlc1yu%2BEZBG%2BklhOg0K%2F8W%2FTDeI4hXS8h0iI4ECgs4Jf5M8X4My7FrjSNQFl3Zm1UzkLzLTyafklUdlBpKOUwYosJJAcNuPL9nu2OOVEcLIDZo4NhFbfotP,https://i.ebayimg.com/images/g/WY8AAeSw2rZqhva2/s-l225.jpg
gundam,model_kit,eBay,marketplace,international,Mobile Suit Ensemble 19 Bandai Gundam Capsule Assembly Model Kit Collectible,12.99,10.99,False,USD,New,https://www.ebay.com/itm/398296569294?_skw=gundam&hash=item5cbc5355ce:g:8LkAAeSwIVVqgpV5&amdata=enc%3AAQALAAAA4ACCtXRWQnOEpyOqnQQ8KGYZ1aFUWZR8aFpKoOsWjDT%2BootOZl3lQho3DKn8RPzOfUH%2BL5gnZ1Kaz4D8ut2DoWt0bSnvHDfJ51eqkKoENSxBxtowsorvpLG01ukLkAQlUubWYy3dwFkrgeAft69%2B5kvnUaOHnP%2FTHbbhbid7hTIOD3yIyONYu%2BzKTGw7UuYx0tHn61CRlmDmqZAN%2B29CnWsqPRkmYVn2VxrpoJaDcmkr5p97c674tBs6IqDrVVwxhcwIMcN1eN3nnxyoexFdGPWoMaaI6sgL7heGo1GrS1ck,https://i.ebayimg.com/images/g/8LkAAeSwIVVqgpV5/s-l225.jpg
gundam,cards,eBay,marketplace,international,Gundam card game 1st anniversary Archive promo Amuro Ray Resource,49.99,13.0,False,USD,Brand New,https://www.ebay.com/itm/298549981603?_skw=gundam&hash=item4582f731a3:g:O8kAAeSwYrtqba5n&amdata=enc%3AAQALAAAA4ACCtXRWQnOEpyOqnQQ8KGascLBl87BqdP%2Bk5yceXsD0zrQ1sg4lpCE4quJDzf--PJfB8zDwGuTpZ1cx8CFl123Zcv5HgDoTsjjHJPAp1QBXOj%2FqumiecX7yMkOZgJs3c1GDMmb4rZFJ2EHB4Iy6rupj8JiBbxQIekHoY8Najz%2FhSj90P5ss0RbWcSbi0FGpEnb%2FmlMYDp9yEVmAtZ92E72SIEZLpS72MLlxUgpv7dEc9OQiX%2FZqZqMMtnsAtBx9xnSKZCKAdWFFJxdS9zJ33iTNhSpey09tjl%2BOHVLbxsln,https://i.ebayimg.com/images/g/O8kAAeSwYrtqba5n/s-l225.jpg
gundam,other,eBay,marketplace,us,Gundam The Origin Zaku II Type C-6 MS-06C-6/R6 HG 1/144 Model Kit Toy,17.33,1.99,False,USD,New,https://www.ebay.com/itm/227370577814?_skw=gundam&hash=item34f057af96:g:mfUAAeSw51NqH-tt&amdata=enc%3AAQALAAAA4ACCtXRWQnOEpyOqnQQ8KGacsGSFNERBGHT%2FPOfuPXJHh%2FHtiT1hxz%2BQm5uJnQ6aMFUVSq6xl3VgRh4Y7DT5NEgqJkakTVo1k%2BdgW%2FpXbxWXLQMvfxxJ4wSfpc1rOAgtfRglfj%2BZs4EHalSkojjecAYMGTgSqsIsaJ58Xr5SWqpeN5tNfv1MKYrvRLMqRkq%2FvzMAz%2BL7IjjtliDZJjOiwxXXHVpe8kl5JVPNEqAqZIw%2Fr4GyeWNMS1Ig%2BmViZV06VvutcKedUTFXWmi2qF3ijKcxmYkLv78gH55%2FEYm4efLM,https://i.ebayimg.com/images/g/mfUAAeSw51NqH-tt/s-l225.jpg
gundam,cards,eBay,marketplace,international,Genuine Bandai - Gundam Tcg Beta version Card Sleeves 70pcs Sealed,99.95,0.0,False,USD,New,https://www.ebay.com/itm/227385592983?_skw=gundam&hash=item34f13ccc97:g:VQgAAeSw~U1qEMgw&amdata=enc%3AAQALAAAA4ACCtXRWQnOEpyOqnQQ8KGamw3ecbWgm1fdomd4C6zRV1z8HRnADk2TQDtVjgrXtVa6qLfzMEXRwLnZaJZpd7zANDn572vO6mtE6ECJhBwMif0IIkiyImLEmu3O2u67Z1cCu1LbDweWUsFyEcIkYCuRTgQ8Rvm2ADNs4SyHtZ1FXtrIYEXuU6vN4s0b99eNCXhMy5SjLgK5vCfhCHaSg%2BnmHOfG8hquYcqGA63rga%2FraBOILjqReF3YWr3N4lRP8ca%2B1Lyhj4fTMBuXxUWkh7jCoyBs0UqVUXr9vhwvDnB4l,https://i.ebayimg.com/images/g/VQgAAeSw~U1qEMgw/s-l225.jpg
gundam,model_kit,eBay,marketplace,international,Mobile Suit Ensemble 26 Bandai Gundam Capsule Assembly Model Kits Collectible,24.99,10.99,False,USD,New,https://www.ebay.com/itm/398307998875?_skw=gundam&hash=item5cbd01bc9b:g:qcIAAeSwFLNqhwsj&amdata=enc%3AAQALAAAA4ACCtXRWQnOEpyOqnQQ8KGZzpIAVQov8tJfZ5bfyFSIwXtkYish6BP7Pi7ESTou55yrlGeIEjCDA3uWG8q2DY8bfjmZD5rZnPYOmc7U7z0ldoWsTLD6Uoo3U5klnJUe9rIg8qm73bkzzhKW8lpZ7lBUP2oUGeCMnVDQn09fSpddg0ZfUzx1hTC5KjfdEumZyUlf8wKdeP3JDy0P0gTf9SYfJtbkgqap336CoX6i9UVijzxXA8ySmNzMw7czF%2F2sz1GvtNhig%2FG%2FANtQIwJxRpKUrZTjjONzCLQ2NImcfddU%2F,https://i.ebayimg.com/images/g/qcIAAeSwFLNqhwsj/s-l225.jpg
gundam,cards,eBay,marketplace,us,Gundam Deathscythe Hell Store Tournament 03 R Holo Gundam Promo Card GD03-021 NM,9.98,0.0,False,USD,Ungraded,https://www.ebay.com/itm/177944135414?_skw=gundam&hash=item296e4c06f6:g:ZWUAAeSwBDppr4Vj,https://i.ebayimg.com/images/g/ZWUAAeSwBDppr4Vj/s-l225.jpg
gundam,cards,eBay,marketplace,us,Gundam Card Game Darkness Finger GD05-110 R Rare NM Master Gundam Command,3.0,,False,USD,Ungraded,https://www.ebay.com/itm/800546964022?_skw=gundam&hash=itemba64514236:g:f6EAAeSwhrBqgSLA,https://i.ebayimg.com/images/g/f6EAAeSwhrBqgSLA/s-l225.jpg
gundam,model_kit,eBay,marketplace,us,Bandai Hobby Gundam 00 Gundam Exia Repair II HG 1/144 Model Kit USA Seller,22.89,0.0,False,USD,New,https://www.ebay.com/itm/147474099562?_skw=gundam&hash=item2256242d6a:g:xdcAAeSwkNxqdojS,https://i.ebayimg.com/images/g/xdcAAeSwkNxqdojS/s-l225.jpg
gundam,cards,eBay,marketplace,international,NEW Gundam Card Game Official Card Sleeves 02 Set of 4 JP FS,55.28,0.0,False,USD,New,https://www.ebay.com/itm/206446955276?_skw=gundam&hash=item3011328b0c:g:QloAAeSw8fBqaB2~,https://i.ebayimg.com/images/g/QloAAeSw8fBqaB2~/s-l225.jpg
gundam,model_kit,eBay,marketplace,us,Bandai HGUC 1/144 RX-79[G] Ground Gundam Type,21.99,5.99,False,USD,New,https://www.ebay.com/itm/198579026318?_skw=gundam&hash=item2e3c3b798e:g:Y~AAAeSwhVlqhQgN,https://i.ebayimg.com/images/g/Y~AAAeSwhVlqhQgN/s-l225.jpg
gundam,model_kit,eBay,marketplace,us,Bandai MG Aile Strike Gundam Ver. RM 1/100 Scale Action Figure Model Kit,45.0,0.0,False,USD,New,https://www.ebay.com/itm/377362387764?_skw=gundam&hash=item57dc8d1334:g:u~AAAeSwx7pqYPJa,https://i.ebayimg.com/images/g/u~AAAeSwx7pqYPJa/s-l225.jpg
gundam,cards,eBay,marketplace,us,Gundam Card Game Official Card Sleeves - Shinning Gundam vs Master Gundam Sealed,31.99,0.0,False,USD,Ungraded,https://www.ebay.com/itm/398289975509?_skw=gundam&hash=item5cbbeeb8d5:g:6s0AAeSw0hNqgNZq,https://i.ebayimg.com/images/g/6s0AAeSw0hNqgNZq/s-l225.jpg
gundam,model_kit,eBay,marketplace,us,Bandai Hobby Gundam MS-07B Gouf Ver 2.0 MG 1/100 Scale Model Kit USA Seller,50.47,0.0,False,USD,New,https://www.ebay.com/itm/137549755469?_skw=gundam&hash=item20069ab44d:g:-pQAAeSw2G9qigql,https://i.ebayimg.com/images/g/-pQAAeSw2G9qigql/s-l225.jpg
gundam,model_kit,eBay,marketplace,us,HG 1/144 MS-07H-8 Gouf Flight Type Model Kit Anime Action Figure Toy Gift,29.9,0.0,False,USD,New,https://www.ebay.com/itm/389966307054?_skw=gundam&hash=item5acbcd9eee:g:wuQAAeSwI-5p9lHJ&amdata=enc%3AAQALAAAA4ACCtXRWQnOEpyOqnQQ8KGad3ZpiaSeR1G1%2FltR8Yn6LCibbPz9KXTeQJ0VIt11csO8m81%2BJNs2zM3X2c%2BJjdAUogYte2P5oXdJpjkNT2bRdq1kALhxWL3D0C5mmCG3lQIXwykFTNx7bnNWrO2Q5vrslhk9u4lqqDuDedWHIv0RUn2nwAdmz9A5b0mlFJ7QkWgfrmc7288w68J9jrpOGEZ6c4is7MCQsXkEzxCJsSgbsocpmDPhmj8v1IRq0RT8NYlLzFPkc4OCpfrHyBdJlmKbvHvkOt64CUICyUUPhyk%2F%2B,https://i.ebayimg.com/images/g/wuQAAeSwI-5p9lHJ/s-l225.jpg
gundam,model_kit,eBay,marketplace,us,Bandai Namco Mobile Suit Wing Gundam Zero EW XXXG-00W0 Ver. KA MG Model Kit,74.99,0.0,False,USD,New,https://www.ebay.com/itm/327102946060?_skw=gundam&hash=item4c28dadb0c:g:VAYAAeSwCy1p3oDu&amdata=enc%3AAQALAAAA4ACCtXRWQnOEpyOqnQQ8KGaS2kKobObW7ZTvWCHwx8GYT5OziNV2X9Ul3OE5bqofCJP5pXfeUexCednBn%2Bn2RHC2JuhERa4jSeZx0NLzRUVCbLU2W49PfL91b0TTit1VDSQxWm3dGJk7d48kO7XZa%2FnOyUHzCTDKjc7mjoN--%2BAMM%2Fe701b5Io3la087t4oxaVw%2Fb3bvFFUPTzXuQzRs4EQZlQwogJvzGfXJPYabJKufCTPCHuJ1hdoEtlCCXAzjGwuCqwNezYLaFY1mVc%2BS0fBJvNro0pVU0i183%2FIGwM1p,https://i.ebayimg.com/images/g/VAYAAeSwCy1p3oDu/s-l225.jpg
gundam,cards,eBay,marketplace,us,Bandai V2 Gundam GD01-JOTLR Gundam Card Game Full Art Foil Unit ENG,15.0,,False,USD,Ungraded,https://www.ebay.com/itm/800542056034?_skw=gundam&hash=itemba64065e62:g:4w0AAeSw19lqf~s~,https://i.ebayimg.com/images/g/4w0AAeSw19lqf~s~/s-l225.jpg
gundam,cards,eBay,marketplace,us,Gundam Barbatos Lupus LR Gd03-050 Steel Requiem Gundam TCG English NM,4.0,,False,USD,Ungraded,https://www.ebay.com/itm/398309269331?_skw=gundam&hash=item5cbd151f53:g:~L4AAeSwgW9qh4hw,https://i.ebayimg.com/images/g/~L4AAeSwgW9qh4hw/s-l225.jpg
gundam,cards,eBay,marketplace,us,EX Resource Custom G Fighter Rain/Allenby - Gundam TCG,9.25,6.0,False,USD,Ungraded,https://www.ebay.com/itm/257659431519?_skw=gundam&hash=item3bfdb2ea5f:g:fYMAAeSwYwRqcPV6,https://i.ebayimg.com/images/g/fYMAAeSwYwRqcPV6/s-l225.jpg
gundam,model_kit,eBay,marketplace,us,"#89 MS-18E Kampfer Gundam 0080, Bandai Hobby HGUC",26.0,0.0,False,USD,New,https://www.ebay.com/itm/177706640897?_skw=gundam&hash=item2960242601:g:UxgAAeSwQERqO~Is,https://i.ebayimg.com/images/g/UxgAAeSwQERqO~Is/s-l225.jpg
gundam,model_kit,eBay,marketplace,us,"#7 Union Flag Graham Custom Gundam 00, Bandai Hobby HG 00",16.0,0.0,False,USD,New,https://www.ebay.com/itm/188555189087?_skw=gundam&hash=item2be6c3db5f:g:YBkAAeSwA8BqO~IZ,https://i.ebayimg.com/images/g/YBkAAeSwA8BqO~IZ/s-l225.jpg
gundam,cards,eBay,marketplace,international,Gundam Card Game EVX09 Version Official Deck Case w/ Dice Case Set Chinese,169.9,3.99,False,USD,New,https://www.ebay.com/itm/298606097824?_skw=gundam&hash=item45864f75a0:g:eRAAAeSwyTVqh~VE,https://i.ebayimg.com/images/g/eRAAAeSwyTVqh~VE/s-l225.jpg
gundam,model_kit,eBay,marketplace,us,Bandai Hobby HGCC #177 Turn A Gundam HG 1/144 Model Kit USA Seller,19.95,0.0,False,USD,New,https://www.ebay.com/itm/147447355782?_skw=gundam&hash=item22548c1986:g:bHEAAeSwskFqiKXB,https://i.ebayimg.com/images/g/bHEAAeSwskFqiKXB/s-l225.jpg
gundam,model_kit,eBay,marketplace,us,Bandai Hobby Gundam SEED Freedom Mighty Strike Freedom Gundam HG 1/144 Model Kit,33.95,0.0,False,USD,New,https://www.ebay.com/itm/136934597829?_skw=gundam&hash=item1fe1f024c5:g:3l8AAeSwoAJqikxG,https://i.ebayimg.com/images/g/3l8AAeSwoAJqikxG/s-l225.jpg
gundam,model_kit,eBay,marketplace,us,"#26 Gundam Calibarn The Witch from Mercury, Bandai Hobby HG 1/144",24.0,0.0,False,USD,New,https://www.ebay.com/itm/188555189079?_skw=gundam&hash=item2be6c3db57:g:ag4AAeSwtcVqO~G8,https://i.ebayimg.com/images/g/ag4AAeSwtcVqO~G8/s-l225.jpg
gundam,model_kit,eBay,marketplace,us,BAN2156349 Bandai MG Gundam AGE-2 Normal 'Gundam AGE',35.99,0.0,False,USD,New,https://www.ebay.com/itm/117307586146?_skw=gundam&hash=item1b5013b662:g:M0MAAeSw-1dqWmU0,https://i.ebayimg.com/images/g/M0MAAeSw-1dqWmU0/s-l225.jpg
gundam,cards,eBay,marketplace,us,Freedom Gundam Resource (R-008) (C+) - Newtype Rising (GD01),19.99,,False,USD,Ungraded,https://www.ebay.com/itm/188809563725?_skw=gundam&hash=item2bf5ed4e4d:g:-t4AAeSw9fJqg8pq,https://i.ebayimg.com/images/g/-t4AAeSw9fJqg8pq/s-l225.jpg
gundam,model_kit,eBay,marketplace,us,"#78 MSN-04 Acguy Mobile Suit Gundam, Bandai Hobby HGUC",20.0,0.0,False,USD,New,https://www.ebay.com/itm/187571438544?_skw=gundam&hash=item2bac2103d0:g:g84AAeSwbyJqO~FA,https://i.ebayimg.com/images/g/g84AAeSwbyJqO~FA/s-l225.jpg
gundam,cards,eBay,marketplace,us,8x Gundam TCG 1st Anniversary Resource Card Pack SEALED 8 PACKS TOTAL,80.0,,False,USD,New/Factory Sealed,https://www.ebay.com/itm/820036975992?_skw=gundam&hash=itembeee033d78:g:aL8AAeSw7IhqQOSQ&amdata=enc%3AAQALAAAA4ACCtXRWQnOEpyOqnQQ8KGZBxbZPwKfr0x9pPeTxjk8PIolJN0ggyox13ZI1hlAq5zRV5jbaFKt67Ygsp9JJxL6%2FylgckV8fAmZyLX49bUSa21TLNhcgQ5rZMOa6G%2FRVbQh4mENv2OyE3uq53X3vb6iwKIu7m%2B1Es8BB1jYHrirE2JVu3XFM%2Bla4wtdEEZZfuUGJlJDLuaElp9wlBFs8Xl7gs5NHI3DcDzk1cY3z7wyUB5ZZ1FPocmd%2BpucuvYB%2BZALCM8yU4%2BhoZb1M2s8eYPrZeOtYfl3wdIecFFAua761,https://i.ebayimg.com/images/g/aL8AAeSw7IhqQOSQ/s-l225.jpg
gundam,model_kit,eBay,marketplace,us,Bandai Hobby Gundam Wing Tallgeese I Ver. EW MG 1/100 Model Kit USA Seller,59.95,0.0,False,USD,New,https://www.ebay.com/itm/137501982767?_skw=gundam&hash=item2003c1c02f:g:jUkAAeSw-MtqiK7Y&amdata=enc%3AAQALAAAA4ACCtXRWQnOEpyOqnQQ8KGYnnA051OqGT0fHYEXR8KmlN2pX1hrWjRWjWhlw75JJAORnWXaWUvQXMSoFY2NLTlK3Ww3z4dwYD4EHJOhS0Bdi0d1w4i%2BvBAdiRUPHHWfDRpv%2FNcoehnqu0k%2FAFoLnHTrpwPDjkCmqKPInndXfpGwKBZ1iTEml4TKX3HsVMakeuavA0cHw9hq3sP363s7THsR0tSibfudtEVN1CNEfiCq%2B78LCRMWS06QMa9lNb4RjtyN3ahfp3dLKyoVaGAJKHS8sqcOwiCoTgxOQ4uE6W%2Fr7,https://i.ebayimg.com/images/g/jUkAAeSw-MtqiK7Y/s-l225.jpg
gundam,other,eBay,marketplace,us,"GUNDAM ON A SHAKA HEAVYWEIGHT GARMET DYED T SHIRT ""MODERN""",36.0,5.99,False,USD,New without tags,https://www.ebay.com/itm/168048964597?_skw=gundam&hash=item27207fb3f5:g:e~8AAeSwPWlpVsbN&amdata=enc%3AAQALAAAA4ACCtXRWQnOEpyOqnQQ8KGaWxMSXnPduv1rTbZXp7jee%2B050R7hwMLaNvDzyLlJXA3E8P%2BsvKRTLpbNcykWbgIFbt7uyKSrS4%2BlbCHcXkgtLCZEtXW8qeKkBHL%2FX6LGssex57onKoO95qDj1w38GK60IjkLf4GbUoEwmaOE%2FXE7fMEPAmAVBjL5klkJ%2FlnQMCWdeX06P9lVMq6ltlmajiKz4DQMQu5%2FTVnYBOF70rFH%2FCY%2FjjOQuqEBCR9gopVyIVFQf%2F8I%2B1TL3jyez5Ue86jUiS3pP9hS%2FjGWBRj12w%2FIa,https://i.ebayimg.com/images/g/e~8AAeSwPWlpVsbN/s-l225.jpg
gundam,model_kit,eBay,marketplace,us,Bandai HG Strike Noir Gundam,19.99,5.99,False,USD,New,https://www.ebay.com/itm/198512677862?_skw=gundam&hash=item2e384713e6:g:vOAAAeSwAzZqW~Cz,https://i.ebayimg.com/images/g/vOAAAeSwAzZqW~Cz/s-l225.jpg
gundam,model_kit,eBay,marketplace,international,RG 1/144 RX-78-2 Gundam Ver.2.0 [Hatsune Miku Ver.] Model Kit Premium Bandai,89.5,0.0,False,USD,New,https://www.ebay.com/itm/227364922128?_skw=gundam&hash=item34f0016310:g:khAAAeSw8xJqGwpW,https://i.ebayimg.com/images/g/khAAAeSw8xJqGwpW/s-l225.jpg
gundam,model_kit,eBay,marketplace,us,Bandai 1/144 Gunpla Option Parts Set #11: Smoothbore Gun for Barbatos Gundam,4.41,2.99,False,USD,New,https://www.ebay.com/itm/404953417636?_skw=gundam&hash=item5e491ac7a4:g:mVoAAeSwcxBprbD~,https://i.ebayimg.com/images/g/mVoAAeSwcxBprbD~/s-l225.jpg
gundam,model_kit,eBay,marketplace,us,"Lunamaria Hawke ""Mobile Suit Gundam SEED FREEDOM"", Bandai Figure-Rise Standard",40.0,0.0,False,USD,New,https://www.ebay.com/itm/176395835539?_skw=gundam&hash=item291202d893:g:dfYAAeSwt5tqO~Gn,https://i.ebayimg.com/images/g/dfYAAeSwt5tqO~Gn/s-l225.jpg
gundam,model_kit,eBay,marketplace,us,"#1 Gundam Exia Gundam 00, Bandai Hobby HG 00",18.0,0.0,False,USD,New,https://www.ebay.com/itm/187571438526?_skw=gundam&hash=item2bac2103be:g:KQcAAeSwBO5qO~Hh,https://i.ebayimg.com/images/g/KQcAAeSwBO5qO~Hh/s-l225.jpg
gundam,model_kit,eBay,marketplace,us,Bandai Spirits Gundam Hathaway's Flash HGUC Messer F-1 HG 1/144 Model Kit USA,38.95,0.0,False,USD,New,https://www.ebay.com/itm/147459028566?_skw=gundam&hash=item22553e3656:g:nkQAAeSwC5xqikjJ,https://i.ebayimg.com/images/g/nkQAAeSwC5xqikjJ/s-l225.jpg
gundam,model_kit,eBay,marketplace,international,Bandai GUNDAM FIX Legend ZGMF-X666S action figure 7007 Japan Version,51.69,20.9,False,USD,New,https://www.ebay.com/itm/336493875666?_skw=gundam&hash=item4e589911d2:g:vWEAAeSwif9pvzGq&amdata=enc%3AAQALAAAA4ACCtXRWQnOEpyOqnQQ8KGbb9h0Qt1Cw0EC9YJC3dct67dsD475rkEKVGTL%2F1UGMrn6%2BlEYj39qrhUYE9qtj5I%2FX6fQKY%2B82VVx2KUN6WOVSCXWenMosIU5jYAVITgs9jHAggvSVFoRsyo5RZgDGQhEekEmeXbSxTci020a0lG6oiX7sAeSJdqDATYyjC647%2BhJdpBHi4AeQTf4TtGCQIj1VZ2m%2Bipmv%2BvrBeOL7oPfH14zXv%2BpZB6oPX6aRKG5BCWKLar3bPdleR%2BZi%2B08OtX2Minci5amDRnT26u%2BYm2Zt,https://i.ebayimg.com/images/g/vWEAAeSwif9pvzGq/s-l225.jpg
gundam,model_kit,eBay,marketplace,us,HG 1/144 Red Comet Zaku Gundam Model Kit Assembly Action Figure Collectible Toy,13.99,0.0,False,USD,New,https://www.ebay.com/itm/366434240113?_skw=gundam&hash=item55512ec671:g:VmoAAeSwkuZqFQ1u,https://i.ebayimg.com/images/g/VmoAAeSwkuZqFQ1u/s-l225.jpg
gundam,model_kit,eBay,marketplace,us,"#15 Gundam Exia ""Gundam 00"", Bandai  Hobby RG 1/144 Model Kit",31.0,0.0,False,USD,New,https://www.ebay.com/itm/127882168567?_skw=gundam&hash=item1dc65f08f7:g:w8QAAeSwwatqEqgn,https://i.ebayimg.com/images/g/w8QAAeSwwatqEqgn/s-l225.jpg
gundam,model_kit,eBay,marketplace,us,MG 1/100 Dom (New Ver.) Mobile Suit Gundam Model Kit Bandai Hobby,44.99,0.0,False,USD,New,https://www.ebay.com/itm/287484536105?_skw=gundam&hash=item42ef69e529:g:KJEAAeSwxMpqZYx~,https://i.ebayimg.com/images/g/KJEAAeSwxMpqZYx~/s-l225.jpg
gundam,model_kit,eBay,marketplace,us,Bandai Hobby Gundam Wing: Endless Waltz Sandrock Custom EW HG 1/144 Model Kit,49.95,0.0,False,USD,New,https://www.ebay.com/itm/147468676288?_skw=gundam&hash=item2255d16cc0:g:b98AAeSwfPFqh2lj,https://i.ebayimg.com/images/g/b98AAeSwfPFqh2lj/s-l225.jpg
gundam,other,eBay,marketplace,us,HG 1/144 Gundam Model Kit Parts #02 - Replacement Spare Kitbashing - USA Seller,2.6,,True,USD,New,https://www.ebay.com/itm/117251015640?_skw=gundam&hash=item1b4cb483d8:g:DKwAAeSw0jpqiNur,https://i.ebayimg.com/images/g/DKwAAeSw0jpqiNur/s-l225.jpg
gundam,model_kit,eBay,marketplace,us,MG 1/100 Wing Gundam Proto Zero EW ver. Endless Waltz Model Kit Bandai Hobby,59.0,0.0,False,USD,New,https://www.ebay.com/itm/188075009221?_skw=gundam&hash=item2bca24e4c5:g:XD4AAeSwAdhqO~Ge,https://i.ebayimg.com/images/g/XD4AAeSwAdhqO~Ge/s-l225.jpg
gundam,cards,eBay,marketplace,us,Sealed Phantom Aria Booster Box GD04 Gundam Card Game -Kid Icarus-,129.99,0.0,False,USD,New/Factory Sealed,https://www.ebay.com/itm/366367383113?_skw=gundam&hash=item554d329e49:g:8PcAAeSwh5lp647i,https://i.ebayimg.com/images/g/8PcAAeSwh5lp647i/s-l225.jpg
gundam,other,eBay,marketplace,international,Built & Painted HG 1/144 Alyzeus & Messer Type-M01 Gundam Hathaway Pro-Painted,400.0,0.0,False,USD,Used,https://www.ebay.com/itm/800256232038?_skw=gundam&hash=itemba52fd0a66:g:BkEAAeSwSHJqQQqT&amdata=enc%3AAQALAAAA4ACCtXRWQnOEpyOqnQQ8KGbszZajqL8JDslZZ9fbPhZnVpxJpkj0e2P7jZIL1i9q7zIK221B%2BDoUjudmHWfieyQ0OlsUIxt5huGJnk2TtyL2jCcIjI7biHMhKjDUcTY07rtfdvrDz%2BuVMcF%2FBVXAFKMSDCkyoVdkXfVM10SbPNkCZs0sdZpbJn2sYQ6%2Fi15OoVXyAWfHA8vBRkafjfL37xVX4Dlj4tE9e246d7s%2BrJlIKkRv8Yar1mDIGYWZSRzMs1HJX9gamcPXL6%2BKw8U9yowwDtiSpZezWFGNMdvsQr9s,https://i.ebayimg.com/images/g/BkEAAeSwSHJqQQqT/s-l225.jpg
gundam,other,eBay,marketplace,international,Built & Painted HG 1/144 Alyzeus & Messer Type-M01 Gundam Hathaway Pro-Painted,400.0,0.0,False,USD,Used,https://www.ebay.com/itm/800256232038?_skw=gundam&hash=itemba52fd0a66:g:BkEAAeSwSHJqQQqT&amdata=enc%3AAQALAAAA4ACCtXRWQnOEpyOqnQQ8KGbszZajqL8JDslZZ9fbPhZnVpxJpkj0e2P7jZIL1i9q7zIK221B%2BDoUjudmHWfieyQ0OlsUIxt5huGJnk2TtyL2jCcIjI7biHMhKjDUcTY07rtfdvrDz%2BuVMcF%2FBVXAFKNNNTHDU3boPR3OLSqDgz55cQpYw2964NiHXnPaszYwG%2Fv5mXmgdXemsMCsmRTuYP%2BK0AsX3tXmiZkvgmIpuRE8Vm%2FjzJ3gejjNxIkuqxwr2TJ0rews778u9g3aBe2iFGbrxSp%2Fs5dQ5moZLjaL2p8n,https://i.ebayimg.com/images/g/BkEAAeSwSHJqQQqT/s-l225.jpg
gundam,model_kit,eBay,marketplace,international,Bandai PB FW Gundam Converge Core DESTINY GUNDAM SPECII & ZEUS SILHOUETTE SET,79.99,8.0,False,USD,New,https://www.ebay.com/itm/800395096977?_skw=gundam&hash=itemba5b43f391:g:Jo8AAeSwvw1qYjDq&amdata=enc%3AAQALAAAA4ACCtXRWQnOEpyOqnQQ8KGZrH3dyqZ%2By%2FASbMjtKp9uOUSoY69FsKmUuowthculkasHg%2Fufk4eLiBBIgthErFlFTNhGujJVBjlheNyQZZmVpgAXkCtd%2BdRzBQt%2BL3tyuPSg60X3sVFeRP6UIoYG8CPnD18IQRtI2TbR8J16U0guO98zJsoFjUv3gKO3BCucLuZX%2BQCU2II6xvpuvMtYnSkXs0w0s2EUbR%2BbIJ4VfAXqkDQuVVY36J0a211bGZG%2F4D%2F4K0uW%2FcDGoVpRGAL5jmzCtC%2FIJoQYi5sekUBkZy7DG,https://i.ebayimg.com/images/g/Jo8AAeSwvw1qYjDq/s-l225.jpg
gundam,model_kit,eBay,marketplace,us,Bandai Hobby Gundam U.C. Hard Graph EFSF FF-X7 Core Fighter 1/35 Model Kit,69.95,0.0,False,USD,New,https://www.ebay.com/itm/137546188414?_skw=gundam&hash=item200664467e:g:6BYAAeSwN0tqh46P&amdata=enc%3AAQALAAAA4ACCtXRWQnOEpyOqnQQ8KGYBCXhzrMK%2Fk8YFzre1B%2BbeElF6WA6qPESv3DPTbrlrOVwFze8yyNZIpASN8MTrPN0%2B78I3u%2FlImYLIt02%2FIuet7x%2Fkg7YjfxgYiF2KTvqYQDB3bo3UwuAAg46d6e%2FaqoQ065KaDUKueJE0awouf%2B2Bd4uGdlr3vCMBSAPZLtraHVyDRtwmAlBHAY1wlspT1oxy9sbQG2KBnAw84EHWH7z29WSH3ifRolgFBrrvX3%2FdA3Y8QSSM9LK6XDxcmU%2FAzZfb7y04Pz7JIRxQ63Wbv69e,https://i.ebayimg.com/images/g/6BYAAeSwN0tqh46P/s-l225.jpg
gundam,cards,eBay,marketplace,us,2025 Bandai Gundam Card Game Dual Impact (GD02) Sleeved Booster Case – 144 Packs,899.99,,True,USD,New/Factory Sealed,https://www.ebay.com/itm/188671059695?_skw=gundam&hash=item2bedabe6ef:g:RdgAAeSwGs1qWRZh,https://i.ebayimg.com/images/g/RdgAAeSwGs1qWRZh/s-l225.jpg
gundam,model_kit,eBay,marketplace,us,"#33 Gundam Barbatos Lupus Rex Gundam IBO, Bandai Hobby HG IBO 1/144",20.0,0.0,False,USD,New,https://www.ebay.com/itm/177706640889?_skw=gundam&hash=item29602425f9:g:P3MAAeSwSX9qO~Fu,https://i.ebayimg.com/images/g/P3MAAeSwSX9qO~Fu/s-l225.jpg
gundam,model_kit,eBay,marketplace,us,"#42 Shining Gundam ""G Gundam"", Bandai  Hobby RG 1/144 Model Kit",43.0,0.0,False,USD,New,https://www.ebay.com/itm/127883993852?_skw=gundam&hash=item1dc67ae2fc:g:a-MAAeSwh5VqEqoY,https://i.ebayimg.com/images/g/a-MAAeSwh5VqEqoY/s-l225.jpg
gundam,model_kit,eBay,marketplace,international,HG 1/144 Gundam Lfrith Jiu The Witch from Mercury Assembly Model Kit Action Figu,13.38,0.0,False,USD,New,https://www.ebay.com/itm/206186730536?_skw=gundam&hash=item3001afd428:g:Rf4AAeSwlONpz3~A,https://i.ebayimg.com/images/g/Rf4AAeSwlONpz3~A/s-l225.jpg
gundam,model_kit,eBay,marketplace,us,"#118 Gundam X Divider Gundam X, Bandai Hobby HGAW",25.0,0.0,False,USD,New,https://www.ebay.com/itm/188555189112?_skw=gundam&hash=item2be6c3db78:g:lu0AAeSwpfdqO~IE,https://i.ebayimg.com/images/g/lu0AAeSwpfdqO~IE/s-l225.jpg
gundam,model_kit,eBay,marketplace,us,HG 1/144 Nobell Gundam Model Kit GF13-050NSW Bandai Gunpla Figure Toy,18.99,0.0,False,USD,New,https://www.ebay.com/itm/137428886260?_skw=gundam&hash=item1fff6662f4:g:62QAAeSwMWtqM7xp,https://i.ebayimg.com/images/g/62QAAeSwMWtqM7xp/s-l225.jpg
gundam,model_kit,eBay,marketplace,us,#19 Gundam Astaroth,15.0,0.0,False,USD,New,https://www.ebay.com/itm/177706640936?_skw=gundam&hash=item2960242628:g:CdsAAeSw4PlqO~FI,https://i.ebayimg.com/images/g/CdsAAeSw4PlqO~FI/s-l225.jpg
gundam,cards,eBay,marketplace,us,Gundam Deathscythe  - GD01-025 NM - Gundam TCG Card Game,3.8,0.0,False,USD,Ungraded,https://www.ebay.com/itm/147467469427?_skw=gundam&hash=item2255bf0273:g:mXMAAeSwimlqaPjK,https://i.ebayimg.com/images/g/mXMAAeSwimlqaPjK/s-l225.jpg
gundam,model_kit,eBay,marketplace,us,Bandai Hobby Gundam Haropla Haro Pla 02 Haro Basic Green New Ver. Model Kit USA,18.0,0.0,False,USD,New,https://www.ebay.com/itm/376588636242?_skw=gundam&hash=item57ae6e9052:g:WdYAAeSwt~Bo3Mla,https://i.ebayimg.com/images/g/WdYAAeSwt~Bo3Mla/s-l225.jpg
gundam,cards,eBay,marketplace,international,Lacus Clyne First Anniversary Gundam TCG Playmat  - Deskmat,40.0,5.0,False,USD,New,https://www.ebay.com/itm/307125000061?_skw=gundam&hash=item478213977d:g:hoAAAeSwO2lqfgkj&amdata=enc%3AAQALAAAA4ACCtXRWQnOEpyOqnQQ8KGZubq87KJq%2FfOyHU2taArsc2mB8iNMr3413e4TTlnPT8DTHFev1Y1fHWWjud2HzJztboWQLgYVEgs96fM2NBfQqkeSv6tO47%2BjxK0VwXuF%2BWtYuM%2Fo2xDtcJh8a1A%2BYUVFyTuW8NslrEyU%2B2olaY4bUfeef5u09QmGOs%2F4WZ1Zl1mIm59txaJykXmpTo%2F9baQ00M%2FqLqwIqHutTYMkze1%2BkxvKzkK33HdxsNcxVX8uFajtPkj7FQb6UvcEJ0hVxwrYvbgnl%2BN33sVC6t3A7SUCG,https://i.ebayimg.com/images/g/hoAAAeSwO2lqfgkj/s-l225.jpg
gundam,model_kit,eBay,marketplace,us,HG 1/144 RX-0 Unicorn Destruction Mode Model Kit,49.99,0.0,False,USD,New,https://www.ebay.com/itm/358243627055?_skw=gundam&hash=item5368fbf02f:g:SX4AAeSw5llpmf0n&amdata=enc%3AAQALAAAA4ACCtXRWQnOEpyOqnQQ8KGYL%2BzqeV1HpmdcCsw84cB8G49I52J%2BVsEqmSFwdQ3am5UnknwBXzPUxSAPrM%2FFBfu5feNApNSAAZatYVzPKLmlkS6uLlZsR32aDgWs14KyvOB%2FKheqt2s9d3h37dpSrbb9jvMryVENCPKJ%2B4ca6VheSe4yfXetU3gARBagNawuyMQO2bSGzC%2FzhSzo2dfXz4Mym53Jz4EHJ%2BASTKo6eRT%2BJcpUdSCLng4M9LwoiVAoNH2vpVtFu4U0I7gQTgnujxs9A%2BlfMuu8xS3zfXr94hHIR,https://i.ebayimg.com/images/g/SX4AAeSw5llpmf0n/s-l225.jpg
gundam,model_kit,eBay,marketplace,us,#36 Hi-Nu Gundam Char's Counterattack Beltorchika Children Bandai Hobby RG 1/14,61.0,0.0,False,USD,New,https://www.ebay.com/itm/178251688976?_skw=gundam&hash=item2980a0ec10:g:c9QAAeSwzm9qO~Fm,https://i.ebayimg.com/images/g/c9QAAeSwzm9qO~Fm/s-l225.jpg
gundam,model_kit,eBay,marketplace,us,Bandai Hobby The Witch From Mercury Gundam Aerial HG 1/144 Scale Model Kit,19.95,0.0,False,USD,New,https://www.ebay.com/itm/147106937892?_skw=gundam&hash=item224041bc24:g:ge4AAeSwHrZqij~m,https://i.ebayimg.com/images/g/ge4AAeSwHrZqij~m/s-l225.jpg
gundam,model_kit,eBay,marketplace,us,Bandai Hobby Gundam #36 PMX-003 The-O HGUC HG 1/144 Model Kit USA Seller,45.95,0.0,False,USD,New,https://www.ebay.com/itm/147489126879?_skw=gundam&hash=item22570979df:g:6woAAeSwGDJqitZr,https://i.ebayimg.com/images/g/6woAAeSwGDJqitZr/s-l225.jpg
gundam,model_kit,eBay,marketplace,us,Bandai Mega Size Model 1/48 Unicorn Gundam Destroy Mode,119.99,5.99,False,USD,New,https://www.ebay.com/itm/198229605818?_skw=gundam&hash=item2e2767bdba:g:UQsAAeSwNiRpxrwN,https://i.ebayimg.com/images/g/UQsAAeSwNiRpxrwN/s-l225.jpg
gundam,model_kit,eBay,marketplace,us,Bandai Osaka Expo2025 RX-78F00/E Gundam EX-001 Glass Feather 1/144 Model Kit USA,42.95,0.0,False,USD,New,https://www.ebay.com/itm/147494555916?_skw=gundam&hash=item22575c510c:g:5UIAAeSwhPJqik0G,https://i.ebayimg.com/images/g/5UIAAeSwhPJqik0G/s-l225.jpg
gundam,cards,eBay,marketplace,us,Gundam Aerial Rebuild GD01-067 LR,9.0,0.0,False,USD,Ungraded,https://www.ebay.com/itm/137652092192?_skw=gundam&hash=item200cb43d20:g:OXsAAeSwh8lqPt05,https://i.ebayimg.com/images/g/OXsAAeSwh8lqPt05/s-l225.jpg
gundam,model_kit,eBay,marketplace,us,Bandai Gundam HGUC LM312V04 Victory Gundam HG 1/144 Scale Model Kit USA Seller,21.95,0.0,False,USD,New,https://www.ebay.com/itm/137543796896?_skw=gundam&hash=item20063fc8a0:g:~QcAAeSwqX5qidMc,https://i.ebayimg.com/images/g/~QcAAeSwqX5qidMc/s-l225.jpg
gundam,cards,eBay,marketplace,international,Barbatos EX Base P EXBP-023 Starter Campaign Pack Gundam Card Game Japanese,4.65,0.0,False,USD,Ungraded,https://www.ebay.com/itm/397711856469?_skw=gundam&hash=item5c99795355:g:YR0AAeSwyTVqiqei,https://i.ebayimg.com/images/g/YR0AAeSwyTVqiqei/s-l225.jpg
gundam,model_kit,eBay,marketplace,international,BANDAI RG 1/144 GUNDAM SIDE-F Limited RX-93ff Nu Gundam Mobile Suit Gundam,70.35,0.0,False,USD,New,https://www.ebay.com/itm/297461044259?_skw=gundam&hash=item45420f5423:g:nwgAAeSw9qdob-jr,https://i.ebayimg.com/images/g/nwgAAeSw9qdob-jr/s-l225.jpg
gundam,model_kit,eBay,marketplace,us,"#59 Dom/Rick-Dom Mobile Suit Gundam, Bandai Hobby HGUC 1/144",24.0,0.0,False,USD,New,https://www.ebay.com/itm/187571438531?_skw=gundam&hash=item2bac2103c3:g:lIsAAeSwMPVqO~Gv,https://i.ebayimg.com/images/g/lIsAAeSwMPVqO~Gv/s-l225.jpg
gundam,model_kit,eBay,marketplace,us,Bandai 11 Gundam Amazing Barbatos Lupus HGGBM 1/144 Model Kit - US,33.95,0.0,False,USD,New,https://www.ebay.com/itm/186670102658?_skw=gundam&hash=item2b7667b882:g:0f0AAOSwN0dm2IFP,https://i.ebayimg.com/images/g/0f0AAOSwN0dm2IFP/s-l225.jpg
gundam,model_kit,eBay,marketplace,us,Bandai Hobby Gundam MS-06F Zaku II RG 1/144 Model Kit USA Seller,38.3,0.0,False,USD,New,https://www.ebay.com/itm/137576181708?_skw=gundam&hash=item20082defcc:g:N4oAAeSwBD9qiqlT,https://i.ebayimg.com/images/g/N4oAAeSwBD9qiqlT/s-l225.jpg
gundam,cards,eBay,marketplace,us,Gundam Silver Bullet GD04-068 (R) - Phantom Aria (GD04),1.99,,False,USD,Ungraded,https://www.ebay.com/itm/227468902008?_skw=gundam&hash=item34f633fe78:g:ZEAAAeSwMyRqeOs1&amdata=enc%3AAQALAAAA4ACCtXRWQnOEpyOqnQQ8KGa6eqD3K9RNvaj9JsG7QW%2Bz9nES%2FNUg7sid2X6JJAJ3cn3Ks9iRONwKzYEg00ecf90duNOTiE%2FUmx3cag6RKNMX5TdubMavf1md%2FGzqJFg5SS0XOECqIXejSC4R8QxtpuPXjlg3EuEl1gaXGtbXK%2FJ4pV2qWmQw9ErdDWISh89v0RqYZgSet1C1xkief%2FUhxx1g%2FN6j4MlVjgxwaIKRGeQA3DUVUM%2F83nmzz6ra33ma6qTTAvXclGg--VJ4npurBTp1%2FYqrKa3E%2Fc7RyIAUP%2F0S,https://i.ebayimg.com/images/g/ZEAAAeSwMyRqeOs1/s-l225.jpg
gundam,other,eBay,marketplace,international,1/100 Solomon Studio RX-78GP02A Gundam Physalis - Model In Stock,126.76,13.98,False,USD,New,https://www.ebay.com/itm/336072160229?_skw=gundam&hash=item4e3f7633e5:g:WrUAAeSwcUhoeL95&amdata=enc%3AAQALAAAA4ACCtXRWQnOEpyOqnQQ8KGZNBTktsEcXDXRWopdL%2BmP7jZY2lJK2J%2F94QnkpHC7DdqCy0B%2F6cSHE%2FiU%2FYFdazUA036grM%2BIBrKkFBFn9lgAEWf93LYB0Zsi6FIuiPICa%2FTaTbMGRnfGw4hHREHrExpwI80jBGPP5jxnsem9xfbjV5I2XgAfGDcZkqGvJo%2BTeLEPB4uoDw26BHY017Mj0JnyXrDV%2Byq%2BOAL%2FB3yOb5NY5RMB%2BXmukiOvU5jOz%2FdU0Xfe9LE4u2JMa0EF2jkNW9Acj0RAnaS7HCVc84EXTrha1,https://i.ebayimg.com/images/g/WrUAAeSwcUhoeL95/s-l225.jpg
gundam,model_kit,eBay,marketplace,us,HG 1/144 RX-178 MK-II Real Color Model Kit Action Figure Toy ,21.99,0.0,False,USD,New,https://www.ebay.com/itm/358676410340?_skw=gundam&hash=item5382c7afe4:g:1AEAAeSwQhRqLeMc&amdata=enc%3AAQALAAAA4ACCtXRWQnOEpyOqnQQ8KGZLhIEMUbaeYpT0NkL6FE98Ay8isbkcvSJP3fOXNQO8Vo4%2BVHzWfnKNfnGrfpfot2qYB2YeeCher%2FNq0QdfToufiWnmgwcbCaVsNYWMc2dJG9qij7Gf5Jf4IeKvunazltQmcfW5%2BltlETF5jprcE5o7JCq3RL4CjBJL44yOGKu5fnMpp6lZtWrE9VTHsBBJLUmP36yqPuPGj2s3C0vuNExwAGoo4FanROAItTPXkiGzDMTkBmG0sdkcnp5Vu3VBhKm7g%2F%2BObCALUTcTqwDdR4si,https://i.ebayimg.com/images/g/1AEAAeSwQhRqLeMc/s-l225.jpg
gundam,model_kit,eBay,marketplace,international,NEW MOBILE SUIT GUNDAM The 08th MS Team Blu-ray U.C. Libraries subtitle English,128.89,22.0,False,USD,Brand New,https://www.ebay.com/itm/178115600117?_skw=gundam&hash=item2978845ef5:g:AUcAAeSwkxVp~W9f&amdata=enc%3AAQALAAAA4ACCtXRWQnOEpyOqnQQ8KGbP6sY60z2464XPZ5sf3pJh9GmhdtMXdbSpSjsiqJz78MubpkfH112uwDsI1zBvi6PNMgc3Y6KIB%2B1uthlcatHeL2RCLBB%2B8sFfym66Ja7olgyzkSqw%2F2W8KD1P0YhMmiTje5xH9VamWNAuGqVLbjYMlbRL2Odu5LOug9BxB1xyj%2B%2B2fK554wtRNApoLEb%2F53Fh6QtS9xnrHd1ZTttMWJDb%2BDdg%2BdRcNynelMKQbd%2F4ZFkjer9Ry78zA8HDaW7mMxHdjHA2lwMtRUcGoIgyoN3s,https://i.ebayimg.com/images/g/AUcAAeSwkxVp~W9f/s-l225.jpg
gundam,model_kit,eBay,marketplace,us,Bandai Hobby #07 RX-178 Gundam MK II Titans RG 1/144 Model Kit,33.0,0.0,False,USD,New,https://www.ebay.com/itm/198587657515?_skw=gundam&hash=item2e3cbf2d2b:g:WMwAAeSwoAJqiQuE,https://i.ebayimg.com/images/g/WMwAAeSwoAJqiQuE/s-l225.jpg
gundam,cards,eBay,marketplace,international,Presale Gundam Card Game ~ EX Base EXBP-033 Char & MSN-02 Zeong Promo Card 9/26,35.0,0.0,False,USD,Ungraded,https://www.ebay.com/itm/398279625437?_skw=gundam&hash=item5cbb50cadd:g:XVoAAeSwUZFqfSlz,https://i.ebayimg.com/images/g/XVoAAeSwUZFqfSlz/s-l225.jpg
gundam,model_kit,eBay,marketplace,us,Bandai Hobby HGAC XXXG-01D2 Gundam Deathscythe Hell HG 1/144 Scale Model Kit,25.95,0.0,False,USD,New,https://www.ebay.com/itm/137549270934?_skw=gundam&hash=item2006934f96:g:QKgAAeSw2npqiriK,https://i.ebayimg.com/images/g/QKgAAeSw2npqiriK/s-l225.jpg
gundam,other,eBay,marketplace,us,"Bandai 1/100 Builders Parts HD MS Vernier #01 ""Gundam"" Plastic Model Kit",4.9,2.99,False,USD,New,https://www.ebay.com/itm/127557536937?_skw=gundam&hash=item1db3058ca9:g:LZ0AAeSwy85prcZL,https://i.ebayimg.com/images/g/LZ0AAeSwy85prcZL/s-l225.jpg
gundam,cards,eBay,marketplace,international,Gundam Card Game EX Base EXBP-033 Char & MSN-02 Zeong Promo Card Japan Presale,31.91,4.0,False,USD,Ungraded,https://www.ebay.com/itm/407139555951?_skw=gundam&hash=item5ecb689a6f:g:z8IAAeSwmiFqfLKy,https://i.ebayimg.com/images/g/z8IAAeSwmiFqfLKy/s-l225.jpg
gundam,cards,eBay,marketplace,us,Gundam TCG -  Store Tournament Kit 2026 Vol 3 [Sealed],50.0,0.0,False,USD,New/Factory Sealed,https://www.ebay.com/itm/206480298050?_skw=gundam&hash=item30132f5042:g:SrEAAeSwdixqedVe,https://i.ebayimg.com/images/g/SrEAAeSwdixqedVe/s-l225.jpg
gundam,model_kit,eBay,marketplace,us,for RG 1/144 RX-0 Banshee Unicorn Full Armor Model 2PCs Metal Replace Parts G35,9.38,0.0,False,USD,New,https://www.ebay.com/itm/355387858042?_skw=gundam&hash=item52bec45c7a:g:e14AAOSwvs5lp-QY&amdata=enc%3AAQALAAAA4ACCtXRWQnOEpyOqnQQ8KGZYq44759j5g0O0NrDMtXRlZIehWeB4qbVRoo%2BSXfjvEdu1S%2FBFVkP1D7kxuHkqG9pRE62kgB8m37Gbnwx5mjdfpXthuw9hw%2BBr9NMbiQga7k2JH9kqO0TlJZesXud3XqBl4p4HGhOZaZYMLJdz8QjlX%2FGnlJVo6UruoksA4oq585r75mIMl5gzVF9NljLs6m4%2FbwB1O6n43dgDgAwicbW7EtKVrf%2BXcvP%2FEJsxAK%2B2DsZbYCGPP43LulpSZVZm9mADfjzli%2Bv9m2oI3oeonP1h,https://i.ebayimg.com/images/g/e14AAOSwvs5lp-QY/s-l225.jpg
gundam,model_kit,eBay,marketplace,us,Premium Bandai SD GUNDAM LEGEND BB MUSHA GUNDAM SUPER HAGANE Ver. Model Kit JPN,69.99,0.0,False,USD,New,https://www.ebay.com/itm/257635618407?_skw=gundam&hash=item3bfc478e67:g:07kAAeSw9h1qYEq-&amdata=enc%3AAQALAAAA4ACCtXRWQnOEpyOqnQQ8KGaI%2BvrxX%2F5nNjfKEiFOJXxp8hGQlFVG2Czk3sUFo1CJSbAWX3461B%2Bo%2BBN1ELzWkb4hTEYg13K43374oagwW4OE5svSOj%2BWmPjEnsB4joiVPjbePyagdmVTVKgqNGUfn%2BZ2ntk8ZmHBkmig4XOeXPFxhOfhVmcX1duFcJ65TZtBFK3et1mhOm%2F7RfJ3bCVT%2BfRcYlqETk9mCmefNf7%2BAqoMDMu1Q5DJO5FJ2tBhU3269YbqQzx%2FN%2B%2FWYbmcONLRtWeZmd78ru0ShEW0FH5UEkt%2B,https://i.ebayimg.com/images/g/07kAAeSw9h1qYEq-/s-l225.jpg
gundam,other,eBay,marketplace,us,GSI Creos Gundam Marker Sets of Six. 13 Different Sets Buy Two Or More And Save ,21.99,0.0,False,USD,New,https://www.ebay.com/itm/154779592250?_skw=gundam&hash=item240995263a:g:1hUAAOSwPHJh04-x,https://i.ebayimg.com/images/g/1hUAAOSwPHJh04-x/s-l225.jpg
gundam,cards,eBay,marketplace,international,EX Base P EXBP-026 Shining Gundam Custom Deck Box Freedom Ascension Japanese,7.27,0.0,False,USD,Ungraded,https://www.ebay.com/itm/398213521839?_skw=gundam&hash=item5cb76021af:g:ijsAAeSwR7pqiqdf,https://i.ebayimg.com/images/g/ijsAAeSwR7pqiqdf/s-l225.jpg
gundam,model_kit,eBay,marketplace,international,HG 1/144 Mighty Strike Freedom Gundam Assembly Model Kit Action Figure Toy Gift,13.99,0.0,False,USD,New,https://www.ebay.com/itm/206177136369?_skw=gundam&hash=item30011d6ef1:g:v~UAAeSwcVRpyil4,https://i.ebayimg.com/images/g/v~UAAeSwcVRpyil4/s-l225.jpg
gundam,model_kit,eBay,marketplace,us,HG 1/144 Gundam Build fighters Rick-do Gyanko Premium Bandai Online Limited,55.0,0.0,False,USD,New,https://www.ebay.com/itm/227474305796?_skw=gundam&hash=item34f6867304:g:1h8AAeSwUURqKuLe,https://i.ebayimg.com/images/g/1h8AAeSwUURqKuLe/s-l225.jpg
gundam,cards,eBay,marketplace,us,Gundam Card Game Dual Impact Zeta Gundam LR GD02-069,4.99,0.0,False,USD,Ungraded,https://www.ebay.com/itm/177850516578?_skw=gundam&hash=item2968b78462:g:8AoAAeSwxghpisIE,https://i.ebayimg.com/images/g/8AoAAeSwxghpisIE/s-l225.jpg
gundam,model_kit,eBay,marketplace,us,Bandai HG HGBF Gundam 1/144  Plastic Model Kit lot of 3 all complete,34.95,8.0,False,USD,New,https://www.ebay.com/itm/278240031877?_skw=gundam&hash=item40c865f485:g:RZsAAeSwsMJqSVn8,https://i.ebayimg.com/images/g/RZsAAeSwsMJqSVn8/s-l225.jpg
gundam,cards,eBay,marketplace,us,Gundam TCG-Freedom Ascension-144 Packs (6 Boxes)-ENGLISH-GD05 Mass-Sealed Case,950.0,,False,USD,New/Factory Sealed,https://www.ebay.com/itm/198589811967?_skw=gundam&hash=item2e3ce00cff:g:0msAAeSwjhxqiZiD,https://i.ebayimg.com/images/g/0msAAeSwjhxqiZiD/s-l225.jpg
gundam,cards,eBay,marketplace,us,"Gundam Card Game GD04 Phantom Aria ""You Pick"" C & U Cards Up to 50% off *READ*",1.19,0.0,False,USD,Ungraded,https://www.ebay.com/itm/278015355773?_skw=gundam&hash=item40bb01ab7d:g:qmIAAeSwpAlqeJbs,https://i.ebayimg.com/images/g/qmIAAeSwpAlqeJbs/s-l225.jpg
gundam,model_kit,eBay,marketplace,us,HG 1/144 Gundam Lfrith Jiu XGF-01 The Witch From Mercury Model Kit Figure Toy,24.99,0.0,False,USD,New,https://www.ebay.com/itm/298469443094?_skw=gundam&hash=item457e2a4616:g:XnQAAeSwCOdqROJc&amdata=enc%3AAQALAAAA4ACCtXRWQnOEpyOqnQQ8KGb0YMMjq1rt0DoIUk3kV7kqEuBiiuOAfQ%2BGygpW8eVsglClVF341wo616YviRCJriMq3nOlGcwz2nGjSvH8f2iSFTGjDc1zo16TJ9Ccgu%2FWcbPzy6SSCvXLsuiAyOwF7tlriI6eg3IltdY0uhshPElVVg9Qqg0kAJnsoS60MOSTaYsHz8Xhn2eP%2FjPf0Clzc87IdRH4SFbEDQRrTyuzvzzALo0Dm502cDCslUQsEk%2BVVr0x5%2FBQQ63ZG3xq7CiKoNwC0Tu7cMneLOhBn53HeczP,https://i.ebayimg.com/images/g/XnQAAeSwCOdqROJc/s-l225.jpg
gundam,model_kit,eBay,marketplace,international,Super Nova Heavy Arms Custom IGEL MG 1/100 XXXG-01H2 Endless Waltz Model Kit,189.2,29.99,False,USD,New,https://www.ebay.com/itm/236938063403?_skw=gundam&hash=item372a9bee2b:g:iR0AAeSwmA5qVeSY&amdata=enc%3AAQALAAAA4ACCtXRWQnOEpyOqnQQ8KGYt3Q9f5FTteVtywfTGztrBqge%2BdAfjPgzOiWJWmVwrbV1UhVGX5ck%2FszeWhbj1RJ%2Bu6iyqnPBbplq2SKxAPYTTe3hR4UZQC8SwMHqYDGeSJq6FbukguhjiXuJ4e3MvwsxKWzAtDwUCH6RG25BhIxkDL53fGrdv77zlXmqJ%2Bm61W7NbtZx61tB%2BCXcrTo%2BW6euKe9PPUY%2BDa1npFaSbW04x9OLkfK50MumrH%2Fkgnx%2FcG2Dd4hfjv8e7Aodwdxy520nhAO2ev%2FvoI2r0Rhq217H8,https://i.ebayimg.com/images/g/iR0AAeSwmA5qVeSY/s-l225.jpg
gundam,model_kit,Plaza Japan,retailer,,Gundam Artifact Pro High Mobility Zaku II (Black Tri-stars Specification),37.1,,,USD,New,https://www.plazajapan.com/4570117932403,https://cdn11.bigcommerce.com/s-89ffd/products/206898/images/948157/4570117932403_6e62cb7cbee83fb84ee281a7fa701f21__36725.1779340731.350.350.png?c=2
gundam,model_kit,Plaza Japan,retailer,,Bandai HG 1/144 Gundam Calibarn Plastic Model (Gundam: The Witch from Mercury),16.28,,,USD,New,https://www.plazajapan.com/4573102653222,https://cdn11.bigcommerce.com/s-89ffd/products/128634/images/476237/4573102653222_26fd14afde2861f0d16a152a769b9971__27957.1689662682.350.350.jpg?c=2
gundam,model_kit,Plaza Japan,retailer,,Bandai Candy Gundam Gunpla Package Art Gummy Vol.3 BOX (20pcs),29.13,,,USD,New,https://www.plazajapan.com/4570117927089,https://cdn11.bigcommerce.com/s-89ffd/products/185217/images/821414/4570117927089_f49412a80f31db17289d21ae205eb94d__50044.1758782377.350.350.png?c=2
gundam,model_kit,Plaza Japan,retailer,,Bandai HG 1/144 Mighty Strike Freedom Gundam Plastic Model (Gundam SEED Freedom),19.34,,,USD,New,https://www.plazajapan.com/4573102663849,https://cdn11.bigcommerce.com/s-89ffd/products/168030/images/680400/bandai-hg-1144-mighty-strike-freedom-gundam-plastic-model-gundam-seed-freedom__31420.1737739417.350.350.jpg?c=2
gundam,model_kit,Plaza Japan,retailer,,Bandai Spirits Figure-Rise Standard Amate Yuzuriha (Mobile Suit Gundam GQuuuuuuX),17.1,,,USD,New,https://www.plazajapan.com/4573102685674,https://cdn11.bigcommerce.com/s-89ffd/products/173392/images/740004/bandai-spirits-figure-rise-standard-amate-yuzuriha-mobile-suit-gundam-gquuuuuux__23607.1776663477.350.350.jpg?c=2
gundam,model_kit,Plaza Japan,retailer,,Bandai RG-32 v (Nu) Gundam 1/144 Scale Kit,44.02,,,USD,New,https://www.plazajapan.com/4573102578426,https://cdn11.bigcommerce.com/s-89ffd/products/55735/images/204101/4573102578426_62501de6484498488dd9ef48945339a7__05924.1565247756.350.350.jpg?c=2
gundam,cards,Plaza Japan,retailer,,Bandai Gundam Card Game -Newtype Rising- [GD01] Booster Pack BOX (24 Packs),61.37,,,USD,New,https://www.plazajapan.com/4582769825279,https://cdn11.bigcommerce.com/s-89ffd/products/181501/images/802676/bandai-gundam-card-game-newtype-rising-gd01-booster-pack-box-24-packs__93373.1755490429.350.350.jpg?c=2
gundam,model_kit,Plaza Japan,retailer,,Bandai Full Mechanics 1/100 Gundam Aerial Plastic Model,34.67,,,USD,New,https://www.plazajapan.com/4573102650900,https://cdn11.bigcommerce.com/s-89ffd/products/119102/images/464570/4573102650900_f38c142a6729d617cc33b5cbcee8b647__25759.1683787472.350.350.jpg?c=2
gundam,model_kit,Plaza Japan,retailer,,Bandai MG 1/100 Eclipse Gundam Plastic Model,40.75,,,USD,New,https://www.plazajapan.com/4573102619198,https://cdn11.bigcommerce.com/s-89ffd/products/106742/images/361117/4573102619198_fbf46a858de2444f90d7c1f0c7cd386a__79569.1645427954.350.350.jpg?c=2
gundam,model_kit,Plaza Japan,retailer,,Bandai Perfect Grade 1/60 Unleashed RX-78-2 Gundam Plastic Model,377.01,,,USD,New,https://www.plazajapan.com/4573102607652,https://cdn11.bigcommerce.com/s-89ffd/products/84279/images/283926/607652-1__68657.1608194703.350.350.jpg?c=2
gundam,model_kit,Plaza Japan,retailer,,Bandai RG-17 Gundam Wing Gundam Zero EW 1/144 Scale Kit,55.48,,,USD,New,https://www.plazajapan.com/4573102616029,https://cdn11.bigcommerce.com/s-89ffd/products/8268/images/31996/174_a__43915.1419475304.350.350.jpg?c=2
gundam,model_kit,Plaza Japan,retailer,,Gundam Artifact PRO Full Armor Gundam Full Box,41.58,,,USD,New,https://www.plazajapan.com/4570117932397,https://cdn11.bigcommerce.com/s-89ffd/products/206943/images/948422/4570117932397_62a8934a620fec31cc94b1b1341d0fe7__83589.1779408952.350.350.png?c=2
gundam,model_kit,Plaza Japan,retailer,,Bandai Iron-Blooded Orphans 001 Gundam BARBATOS 1/144 Scale Kit,11.96,,,USD,New,https://www.plazajapan.com/4573102579775,https://cdn11.bigcommerce.com/s-89ffd/products/9234/images/38861/1__95638.1446095727.350.350.jpg?c=2
gundam,model_kit,Plaza Japan,retailer,,Bandai HGUC 190 Gundam RX-77-2 GUNCANNON 1/144 Scale Kit,8.08,,,USD,New,https://www.plazajapan.com/4573102574022,https://cdn11.bigcommerce.com/s-89ffd/products/8805/images/35566/1__56069.1434691644.350.350.jpg?c=2
gundam,model_kit,Plaza Japan,retailer,,Bandai MG Gundam XXXG-01SR Sandrock (Endless Waltz) 1/100 Scale Kit,43.86,,,USD,New,https://www.plazajapan.com/4573102630438,https://cdn11.bigcommerce.com/s-89ffd/products/5579/images/15159/MG_715364_a__27570.1634720829.350.350.jpg?c=2
gundam,model_kit,Plaza Japan,retailer,,Bandai MG Gundam Epyon Mobile Suit OZ-13MS 1/100 Scale Kit,53.18,,,USD,New,https://www.plazajapan.com/4573102630421,https://cdn11.bigcommerce.com/s-89ffd/products/5576/images/14467/1__25577.1634720272.350.350.jpg?c=2
gundam,model_kit,Plaza Japan,retailer,,Bandai MG Gundam-W Endless Waltz Wing Gundam Zero EW Ver.Ka 1/100 scale kit,76.09,,,USD,New,https://www.plazajapan.com/4573102607607,https://cdn11.bigcommerce.com/s-89ffd/products/78764/images/282095/607607-1__93966.1606813130.350.350.jpg?c=2
gundam,model_kit,Plaza Japan,retailer,,Bandai MG Gundam Neo Zeon MSN-04 Sazabi Version Ka 1/100 Scale Kit,108.01,,,USD,New,https://www.plazajapan.com/4573102554574,https://cdn11.bigcommerce.com/s-89ffd/products/7137/images/184299/4543112851352-1__40472.1554369066.350.350.jpg?c=2
gundam,model_kit,Plaza Japan,retailer,,Bandai MG 582225 Gundam Barbatos 1/100 Scale Kit,58.91,,,USD,New,https://www.plazajapan.com/4573102582225,https://cdn11.bigcommerce.com/s-89ffd/products/60925/images/484810/4573102582225_0dd82deb6a65f5437e782d4c0ef26bdc__74931__09209.1693967828.350.350.jpg?c=2
gundam,model_kit,Plaza Japan,retailer,,Bandai RG-29 Gundam MSN-04 Sazabi 1/144 Scale Kit,61.37,,,USD,New,https://www.plazajapan.com/4573102616050,https://cdn11.bigcommerce.com/s-89ffd/products/40858/images/389713/4549660303633_1__50795.1655358434.350.350.jpg?c=2
gundam,model_kit,Plaza Japan,retailer,,Bandai MG 321558 Gundam RX-78-2 Version One Year War 0079 1/100 Scale Kit,72.01,,,USD,New,https://www.plazajapan.com/4543112321558,https://cdn11.bigcommerce.com/s-89ffd/products/6205/images/22957/321558_a__98384.1379672921.350.350.jpg?c=2
gundam,model_kit,Plaza Japan,retailer,,Bandai Iron-Blooded Orphans 018865 Gundam BARBATOS 1/100 Scale Kit,55.48,,,USD,New,https://www.plazajapan.com/4549660018865,https://cdn11.bigcommerce.com/s-89ffd/products/9405/images/39599/1__32087.1448520148.350.350.jpg?c=2
gundam,model_kit,Plaza Japan,retailer,,Bandai MG Gundam MS-06J ZAKU II Ver 2.0 1/100 Scale Kit,58.09,,,USD,New,https://www.plazajapan.com/4573102615800,https://cdn11.bigcommerce.com/s-89ffd/products/5533/images/22965/492524_a__87699.1379673151.350.350.jpg?c=2
gundam,model_kit,Plaza Japan,retailer,,Bandai Gundam Universe ASW-G-08 Gundam Barbatos Lupus Rex (Mobile Suit Gundam: Iron-Blooded Orphans),71.98,,,USD,New,https://www.plazajapan.com/4573102649973,https://cdn11.bigcommerce.com/s-89ffd/products/126846/images/448138/4573102649973_224f1d67b06c5be6f8c0bfcd8c1a1fe0__64679.1676009548.350.350.jpg?c=2
gundam,model_kit,Plaza Japan,retailer,,Bandai HG Gundam The Origin Zaku II Type C6/R6 1/144 Scale Kit,33.54,,,USD,New,https://www.plazajapan.com/4573102575760,https://cdn11.bigcommerce.com/s-89ffd/products/54171/images/185951/4573102575760_5c64370270765708515547c5db7e12d9__53234.1556264588.350.350.jpg?c=2
gundam,model_kit,Plaza Japan,retailer,,Bandai HGUC 203 GUNPLA Evolution Project Series MSZ-006 ZETA Gundam 1/144 Scale Kit,26.02,,,USD,New,https://www.plazajapan.com/4573102556110,https://cdn11.bigcommerce.com/s-89ffd/products/20493/images/88805/HGUC_203_a__44581.1492762113.350.350.jpg?c=2
gundam,cards,Plaza Japan,retailer,,Bandai Gundam Card Game Extra Booster - Eternal Nexus [EB01] BOX (24-pack),34.14,,,USD,New,https://www.plazajapan.com/4582770012316,https://cdn11.bigcommerce.com/s-89ffd/products/210852/images/972372/4582770012316_38386bc99561f11bdecc4c0e21b709da__93514.1782976092.350.350.jpg?c=2
gundam,model_kit,Plaza Japan,retailer,,Bandai Candy Gundam Gunpla Package Art Gummy Vol.4 BOX (20pcs),28.47,,,USD,New,https://www.plazajapan.com/4570117932007,https://cdn11.bigcommerce.com/s-89ffd/products/198661/images/900440/4570117932007_c163879c821540ad1e5acb1c8c84103e__20517.1772508642.350.350.png?c=2
gundam,model_kit,Plaza Japan,retailer,,1 JPY SUPER SALE Gundam Poteko Black Pepper Flavor SINGLE (AUGUST 3rd EXPIRY DATE),0.01,,,USD,New,https://www.plazajapan.com/45496608857881,https://cdn11.bigcommerce.com/s-89ffd/products/216038/images/1006418/bandai-candy-1-jpy-super-sale-gundam-poteko-black-pepper-flavor-single-august-3rd-expiry-date__13015.1787034880.350.350.jpg?c=2
gundam,model_kit,Plaza Japan,retailer,,Bandai MG Gundam XXXG-1H Heavy Arms (Endless Waltz) 1/100 Scale Kit,55.48,,,USD,New,https://www.plazajapan.com/4573102630445,https://cdn11.bigcommerce.com/s-89ffd/products/5602/images/23021/739032_a__86216.1634893687.350.350.jpg?c=2
gundam,model_kit,Plaza Japan,retailer,,Bandai MG Gundam MS-07B-3 GOUF CUSTOM 1/100 Scale Kit,43.28,,,USD,New,https://www.plazajapan.com/4573102615756,https://cdn11.bigcommerce.com/s-89ffd/products/5479/images/15147/MG_005670_a__72531.1348407057.350.350.jpg?c=2
gundam,model_kit,Plaza Japan,retailer,,Bandai MG Gundam Deathscythe Endless Waltz 1/100 Scale Kit,41.22,,,USD,New,https://www.plazajapan.com/4573102628411,https://cdn11.bigcommerce.com/s-89ffd/products/5572/images/14447/1__52265.1626248290.350.350.jpg?c=2
gundam,model_kit,Plaza Japan,retailer,,Bandai MG Gundam MSN-06S Sinanju with Bazooka 1/100 Scale Kit,72.82,,,USD,New,https://www.plazajapan.com/4573102616098,https://cdn11.bigcommerce.com/s-89ffd/products/6328/images/19974/1__84742.1365496279.350.350.jpg?c=2
gundam,model_kit,Plaza Japan,retailer,,Bandai PG (Perfect Grade Gundam) Gundam Exia 1/60 Scale Kit,313.44,,,USD,New,https://www.plazajapan.com/4573102630575,https://cdn11.bigcommerce.com/s-89ffd/products/26881/images/118606/222491_a__10728.1635757087.350.350.jpg?c=2
gundam,model_kit,Plaza Japan,retailer,,Bandai MG 567673 GUNDAM Gundam Dynames 1/100 Scale Kit,85.75,,,USD,New,https://www.plazajapan.com/4573102567673,https://cdn11.bigcommerce.com/s-89ffd/products/52578/images/180446/4573102567673_3d93792ce3cd529cbd46cf2266a7e44a__89470.1553232827.350.350.JPG?c=2
gundam,model_kit,Plaza Japan,retailer,,Bandai RE/100 1/100 Gundam Prototype Unit 4 Gerbera,27.0,,,USD,New,https://www.plazajapan.com/4573102667335,https://cdn11.bigcommerce.com/s-89ffd/products/210014/images/968601/4573102667335_770801c25cd60a9ae303b2bc303a44fc__26440.1782437421.350.350.jpg?c=2
gundam,model_kit,Plaza Japan,retailer,,Bandai Gundam Universe MSN-04 Sazabi Figure,61.37,,,USD,New,https://www.plazajapan.com/4573102632906,https://cdn11.bigcommerce.com/s-89ffd/products/105275/images/392035/4573102632906_6c39a52d68bbd26ef0bb8665977dbdd2__60612.1656044301.350.350.jpg?c=2
gundam,model_kit,Plaza Japan,retailer,,Bandai GUNDAM UNIVERSE ASW-G-08 Gundam Barbatos Lupus (Mobile Suit Gundam: Iron-Blooded Orphans),44.18,,,USD,New,https://www.plazajapan.com/4573102664228,https://cdn11.bigcommerce.com/s-89ffd/products/146372/images/692249/bandai-gundam-universe-asw-g-08-gundam-barbatos-lupus-mobile-suit-gundam-iron-blooded-orphans__22717.1737958604.350.350.jpg?c=2
gundam,model_kit,Plaza Japan,retailer,,Bandai MG Gundam RX-78-4 G04 1/100 Scale Kit,39.6,,,USD,New,https://www.plazajapan.com/4573102628374,https://cdn11.bigcommerce.com/s-89ffd/products/5504/images/14109/1__79415.1626251164.350.350.jpg?c=2
gundam,model_kit,Plaza Japan,retailer,,Bandai MG Gundam WING Gundam VersionKa XXXG-01W 1/100 Scale Kit,42.52,,,USD,New,https://www.plazajapan.com/4573102628398,https://cdn11.bigcommerce.com/s-89ffd/products/5510/images/18774/MG_237149_a__99735.1359111033.350.350.jpg?c=2
gundam,model_kit,Plaza Japan,retailer,,Bandai MG Gundam MS-07B GOUF Version2.0 1/100 Scale Kit,44.76,,,USD,New,https://www.plazajapan.com/4573102615855,https://cdn11.bigcommerce.com/s-89ffd/products/5555/images/19436/587565_a__59307.1362738965.350.350.jpg?c=2
gundam,model_kit,Plaza Japan,retailer,,Bandai MG Gundam MBF-P02 Astray Red Frame 1/100 Scale Kit,63.82,,,USD,New,https://www.plazajapan.com/4573102616074,https://cdn11.bigcommerce.com/s-89ffd/products/5565/images/18776/MG_620477_a__91740.1359111097.350.350.jpg?c=2
gundam,model_kit,Plaza Japan,retailer,,Bandai MG Gundam Unicorn Gundam 1/100 Scale Kit,51.21,,,USD,New,https://www.plazajapan.com/4573102616081,https://cdn11.bigcommerce.com/s-89ffd/products/5566/images/17262/620538_a__79742.1355733190.350.350.jpg?c=2
gundam,model_kit,Plaza Japan,retailer,,Bandai MG Gundam Freedom Gundam Version2.0 1/100 Scale Kit,71.51,,,USD,New,https://www.plazajapan.com/4573102616111,https://cdn11.bigcommerce.com/s-89ffd/products/9863/images/115140/048831_a__38881.1462178110.1280.1280__12961.1510208312.350.350.jpg?c=2
gundam,model_kit,Plaza Japan,retailer,,Bandai Spirits Gundam Universe GMS-Alpha Red Gundam Figure (Gundam GQuuuuuuX),21.12,,,USD,New,https://www.plazajapan.com/4573102687685,https://cdn11.bigcommerce.com/s-89ffd/products/181763/images/800152/bandai-spirits-gundam-universe-gms-alpha-red-gundam-figure-gundam-gquuuuuux__91693.1776663492.350.350.jpg?c=2
gundam,model_kit,Plaza Japan,retailer,,Bandai Candy Gundam Artifact Best Selection Plastic Model Collection BOX(10pcs),31.99,,,USD,New,https://www.plazajapan.com/4570117933677,https://cdn11.bigcommerce.com/s-89ffd/products/209307/images/965166/4570117933677_af77f7a876bd5635a5d188cf95048ea8__83550.1782195368.350.350.png?c=2
gundam,model_kit,Plaza Japan,retailer,,Bandai HGUC 025 Gundam RX-78GP03S GP03S 1/144  Scale Kit,31.04,,,USD,New,https://www.plazajapan.com/4573102609670,https://cdn11.bigcommerce.com/s-89ffd/products/506/images/892/0460_1__78966.1298119000.350.350.jpg?c=2
gundam,model_kit,Plaza Japan,retailer,,Bandai HGUC 059 GUNDAM MS-09 DOM MS-09R RICK DOM 1/144 scale kit,31.42,,,USD,New,https://www.plazajapan.com/4573102558770,https://cdn11.bigcommerce.com/s-89ffd/products/539/images/184082/4543112410375-1__86272.1554286545.350.350.jpg?c=2
gundam,model_kit,Plaza Japan,retailer,,Bandai Metal Build Gundam SEED Aile Strike Gundam Figure,270.01,,,USD,New,https://www.plazajapan.com/4549660247791,https://cdn11.bigcommerce.com/s-89ffd/products/40161/images/158989/4549660247791_1__40471.1533885754.350.350.jpg?c=2
gundam,model_kit,Plaza Japan,retailer,,Bandai Metal Build Gundam Astray Red Frame KAI Figure (Alternative Strike Ver.),361.11,,,USD,New,https://www.plazajapan.com/4573102581679,https://cdn11.bigcommerce.com/s-89ffd/products/67685/images/250987/4573102581679_644da8d5b63de0fd6d20a0e270c6475e__56080.1587704883.350.350.jpg?c=2
gundam,model_kit,Plaza Japan,retailer,,Bandai Mobile Suit Gundam 00 MG 1/100 Gundam Virtue Plastic Model,90.0,,,USD,New,https://www.plazajapan.com/4573102617880,https://cdn11.bigcommerce.com/s-89ffd/products/94355/images/342610/4573102617880_fae75c4bfb39e470dd464c1a00f8d79d__75973.1638346887.350.350.jpg?c=2
gundam,model_kit,Plaza Japan,retailer,,Bandai HG 1/144 Gundam Pharact Plastic Model (Gundam: The Witch from Mercury),14.54,,,USD,New,https://www.plazajapan.com/4573102633545,https://cdn11.bigcommerce.com/s-89ffd/products/118529/images/414289/4573102633545_6d275ce7042d837a6f060bc72b56ee1e__90162.1664441376.350.350.jpg?c=2
gundam,model_kit,Plaza Japan,retailer,,Bandai Candy Mobile Suit Gundam SEED Memorial Anime Card Collection + Wafer (FULL BOX),20.47,,,USD,New,https://www.plazajapan.com/4570117932953,https://cdn11.bigcommerce.com/s-89ffd/products/217148/images/1010032/4570117932953_99b2b5ba67e00549bbd4d672781212e9__24335.1787217388.350.350.png?c=2
gundam,model_kit,Plaza Japan,retailer,,Bandai Iron-Blooded Orphans 037 Gundam Gundam VUAL 1/144 Scale Kit,32.32,,,USD,New,https://www.plazajapan.com/4573102603890,https://cdn11.bigcommerce.com/s-89ffd/products/20495/images/375715/4573102603890_a4c1832d37efb6990dcce4eb493c39b9__13752.1650614336.350.350.jpg?c=2
gundam,model_kit,Plaza Japan,retailer,,Bandai MG 1/100 Turn X Gundam Plastic Model,73.64,,,USD,New,https://www.plazajapan.com/4543112895080,https://cdn11.bigcommerce.com/s-89ffd/products/7650/images/28056/1__70121.1402640179.350.350.jpg?c=2
gundam,model_kit,Plaza Japan,retailer,,Bandai MG 1/100 RMS-099 Rick Diaz Plastic Model (Mobile Suit Zeta Gundam),22.52,,,USD,New,https://www.plazajapan.com/4573102641267,https://cdn11.bigcommerce.com/s-89ffd/products/181270/images/795566/4573102641267_3661d8bdb76eb413bf6cf11164682947__24542.1753412321.350.350.jpg?c=2
gundam,model_kit,Plaza Japan,retailer,,Bandai Gundam RX-78-3 Gundam + MS-09RS RICK-DOM 1/144 Scale Kit,58.91,,,USD,New,https://www.plazajapan.com/4573102609601,https://cdn11.bigcommerce.com/s-89ffd/products/1415/images/2602/4543112537065_a__91272.1612425726.350.350.jpg?c=2
gundam,model_kit,Plaza Japan,retailer,,Bandai Gundam RX-93 Nu Gundam Metallic Coating Version 1/144  Scale Kit,63.82,,,USD,New,https://www.plazajapan.com/4573102556134,https://cdn11.bigcommerce.com/s-89ffd/products/2028/images/4109/4543112615671_a__73369.1300607993.350.350.jpg?c=2
gundam,model_kit,Plaza Japan,retailer,,Bandai Gundam HG AGE-01 Normal Model 1/144 Scale Kit,18.0,,,USD,New,https://www.plazajapan.com/4573102582706,https://cdn11.bigcommerce.com/s-89ffd/products/2498/images/5374/1__25799.1327659793.350.350.jpg?c=2
gundam,model_kit,Plaza Japan,retailer,,Bandai Gundam HG AGE-04 GENOACE CUSTOM(RGE-B790CW) 1/144 Scale Kit,28.8,,,USD,New,https://www.plazajapan.com/4543112716262,https://cdn11.bigcommerce.com/s-89ffd/products/2501/images/5408/1__75971.1327663056.350.350.jpg?c=2
gundam,model_kit,Plaza Japan,retailer,,Bandai Gundam HG AGE-05 Gundam AGE-1 TITUS 1/144 Scale Kit,22.91,,,USD,New,https://www.plazajapan.com/4543112716231,https://cdn11.bigcommerce.com/s-89ffd/products/2502/images/5412/1__24791.1327663151.350.350.jpg?c=2
gundam,model_kit,Plaza Japan,retailer,,Bandai Gundam HG AGE-06 ZEDAS (XVV-XC) 1/144 Scale Kit,38.29,,,USD,New,https://www.plazajapan.com/4543112716248,https://cdn11.bigcommerce.com/s-89ffd/products/2503/images/5416/1__37998.1327663249.350.350.jpg?c=2
gundam,model_kit,Plaza Japan,retailer,,Bandai Gundam HG AGE-07 SPALLOW (AGE-1S) 1/144 Scale Kit,19.64,,,USD,New,https://www.plazajapan.com/4543112728203,https://cdn11.bigcommerce.com/s-89ffd/products/2504/images/5422/1__82214.1327663337.350.350.jpg?c=2
gundam,model_kit,Plaza Japan,retailer,,Bandai Gundam HG AGE-08 BAQTO (OVV-a) 1/144 Scale Kit,35.02,,,USD,New,https://www.plazajapan.com/4543112728210,https://cdn11.bigcommerce.com/s-89ffd/products/2505/images/5428/1__96829.1327663431.350.350.jpg?c=2
gundam,model_kit,Plaza Japan,retailer,,Bandai Gundam HG AGE-09 G-EXES (WMS-GEX1) 1/144 Scale Kit,32.73,,,USD,New,https://www.plazajapan.com/4573102603661,https://cdn11.bigcommerce.com/s-89ffd/products/2506/images/15145/AGE09_a__35486.1348406979.350.350.jpg?c=2
gundam,model_kit,Plaza Japan,retailer,,Bandai Gundam HG AGE-10 Gundam AGE-2 Normal 1/144 Scale Kit,45.0,,,USD,New,https://www.plazajapan.com/4573102582713,https://cdn11.bigcommerce.com/s-89ffd/products/2507/images/5438/1__70723.1327663587.350.350.jpg?c=2
gundam,model_kit,Plaza Japan,retailer,,Bandai Gundam HG AGE-13 ADELE (RGE-G1100) 1/144 Scale Kit,32.32,,,USD,New,https://www.plazajapan.com/4573102628251,https://cdn11.bigcommerce.com/s-89ffd/products/3782/images/8556/1__84159.1626252374.350.350.jpg?c=2
gundam,model_kit,Plaza Japan,retailer,,Bandai Gundam HG AGE-18 AGE-2 SHALDOLL CUSTOM (RGE-C350) 1/144 Scale Kit,30.11,,,USD,New,https://www.plazajapan.com/4573102628275,https://cdn11.bigcommerce.com/s-89ffd/products/5167/images/12216/1__41267.1626252283.350.350.jpg?c=2
gundam,model_kit,Plaza Japan,retailer,,Bandai Gundam HG AGE-25 G-EXES Jackedge (BMS-004) 1/144 Scale Kit,32.27,,,USD,New,https://www.plazajapan.com/4573102628299,https://cdn11.bigcommerce.com/s-89ffd/products/5232/images/13444/1__55788.1626251534.350.350.jpg?c=2
gundam,model_kit,Plaza Japan,retailer,,Bandai Gundam HG AGE-21 Gundam Normal AGE-3 1/144 Scale Kit,28.47,,,USD,New,https://www.plazajapan.com/4573102573865,https://cdn11.bigcommerce.com/s-89ffd/products/5254/images/12602/1__01955.1336742119.350.350.jpg?c=2
gundam,model_kit,Plaza Japan,retailer,,Bandai Gundam HG AGE-23 GHIRARGA (xvt-zgc) 1/144 Scale Kit,26.18,,,USD,New,https://www.plazajapan.com/4573102629098,https://cdn11.bigcommerce.com/s-89ffd/products/5371/images/13251/1__25447.1341922032.350.350.jpg?c=2
gundam,model_kit,Plaza Japan,retailer,,Bandai Gundam HG AGE-20 FARSIA (xvb-xd) 1/144 Scale Kit,36.82,,,USD,New,https://www.plazajapan.com/4573102628282,https://cdn11.bigcommerce.com/s-89ffd/products/5393/images/13450/1__81131.1626251584.350.350.jpg?c=2
gundam,model_kit,Plaza Japan,retailer,,Bandai  Gundam MS-06 ZAKU GROUND WAR SET 1/144 Scale Kit,52.37,,,USD,New,https://www.plazajapan.com/4573102628350,https://cdn11.bigcommerce.com/s-89ffd/products/5454/images/19628/577320_a__96428.1626251276.350.350.jpg?c=2
gundam,model_kit,Plaza Japan,retailer,,Bandai Gundam MSN-04 Sazabi Metallic Coating Version 1/144  Scale Kit,81.82,,,USD,New,https://www.plazajapan.com/4573102556127,https://cdn11.bigcommerce.com/s-89ffd/products/5455/images/95333/615688_a__76244.1496789044.350.350.jpg?c=2
gundam,model_kit,Plaza Japan,retailer,,Bandai Gundam HG AGE-27 Gundam AGE-FX 1/144 Scale Kit,21.46,,,USD,New,https://www.plazajapan.com/4573102573889,https://cdn11.bigcommerce.com/s-89ffd/products/5589/images/14535/1__49600.1345793103.350.350.jpg?c=2
gundam,model_kit,Plaza Japan,retailer,,Bandai Gundam HG AGE-29 Gundam Legilis (xvm-fzc) 1/144 Scale Kit,21.6,,,USD,New,https://www.plazajapan.com/4573102603708,https://cdn11.bigcommerce.com/s-89ffd/products/5683/images/15377/1__41421.1349412615.350.350.jpg?c=2
gundam,model_kit,Plaza Japan,retailer,,Bandai Gundam OPERATION V RX-78-2 1/144 Scale Kit,50.73,,,USD,New,https://www.plazajapan.com/4573102604040,https://cdn11.bigcommerce.com/s-89ffd/products/6326/images/80339/1__49352.1365495636.1280.1280__05027.1490229634.350.350.jpg?c=2
gundam,model_kit,Plaza Japan,retailer,,Bandai Gundam HG AGE-33 Shaldoll Rogue (BMS-003) 1/144 Scale Kit,32.73,,,USD,New,https://www.plazajapan.com/4543112813541,https://cdn11.bigcommerce.com/s-89ffd/products/6376/images/20276/1__24145.1626251322.350.350.jpg?c=2
gundam,model_kit,Plaza Japan,retailer,,Bandai Gundam The Origin 002 RTX-65 GUNTANK Early Type 1/144 Scale Kit,36.0,,,USD,New,https://www.plazajapan.com/4573102577313,https://cdn11.bigcommerce.com/s-89ffd/products/8708/images/78830/bandai-965288-gundam-the-origin__61197.1489506120.350.350.jpg?c=2
gundam,model_kit,Plaza Japan,retailer,,Bandai Gundam HG AGE-35 AGE-1 Full Glansa (Age-1G)1/144 Scale Kit,29.89,,,USD,New,https://www.plazajapan.com/4573102573902,https://cdn11.bigcommerce.com/s-89ffd/products/8802/images/37608/4543112813381_a__41328.1441623011.350.350.jpg?c=2
gundam,model_kit,Plaza Japan,retailer,,Bandai Gundam The Origin 004 YMS-07B-0 PROTOTYPE GOUF (Tactical Demonstrator) 1/144 Scale Kit,47.29,,,USD,New,https://www.plazajapan.com/4573102577337,https://cdn11.bigcommerce.com/s-89ffd/products/9168/images/78794/bandai-006404-gundam-the-origin__43585.1489493339.350.350.jpg?c=2
gundam,model_kit,Plaza Japan,retailer,,Bandai Gundam The Origin 007 YMS-08B DOM Test Type 1/144 Scale Kit,38.48,,,USD,New,https://www.plazajapan.com/4573102590251,https://cdn11.bigcommerce.com/s-89ffd/products/9702/images/41781/Origin_007_a__87216.1456557007.350.350.jpg?c=2
gundam,model_kit,Plaza Japan,retailer,,Bandai Gundam OO GN-001 Gundam EXIA 1/100 Scale Kit,37.47,,,USD,New,https://www.plazajapan.com/4573102579362,https://cdn11.bigcommerce.com/s-89ffd/products/19789/images/120845/522276_a__46873.1514368503.350.350.jpg?c=2
gundam,model_kit,Plaza Japan,retailer,,Bandai Gundam OO 574671 GN-006 CHERUDIM Gundam 1/100 Scale Kit,62.18,,,USD,New,https://www.plazajapan.com/4543112574671,https://cdn11.bigcommerce.com/s-89ffd/products/19794/images/73820/1__60568.1487062105.350.350.jpg?c=2
gundam,model_kit,Plaza Japan,retailer,,Bandai Gundam OO 587534 OO RAISER DESIGNER'S COLOR Version 1/100 Scale Kit,57.11,,,USD,New,https://www.plazajapan.com/4543112587534,https://cdn11.bigcommerce.com/s-89ffd/products/19795/images/73831/1__94919.1487062631.350.350.jpg?c=2
gundam,model_kit,Plaza Japan,retailer,,Bandai Gundam MEGA Size Model ZAKU II 1/48 Scale Kit,135.82,,,USD,New,https://www.plazajapan.com/4573102575937,https://cdn11.bigcommerce.com/s-89ffd/products/20010/images/200666/4543112656636-1__47724.1563253463.350.350.jpg?c=2
gundam,model_kit,Plaza Japan,retailer,,Bandai Gundam OO GN-002 Gundam DYNAMES 1/100 Scale Kit,46.47,,,USD,New,https://www.plazajapan.com/4573102579379,https://cdn11.bigcommerce.com/s-89ffd/products/20728/images/79281/1__74704.1489648091.350.350.jpg?c=2
gundam,model_kit,Plaza Japan,retailer,,Bandai Gundam OO 569066 GN-0000 OO Gundam 1/100 Scale Kit,33.55,,,USD,New,https://www.plazajapan.com/4543112569066,https://cdn11.bigcommerce.com/s-89ffd/products/20749/images/79627/2__03131.1489740523.350.350.jpg?c=2
gundam,model_kit,Plaza Japan,retailer,,Bandai Gundam MEGA Size Model RX-78-2 Gundam 1/48 Scale Kit,81.82,,,USD,New,https://www.plazajapan.com/4573102588906,https://cdn11.bigcommerce.com/s-89ffd/products/24279/images/238539/4543112620279-1__38886.1584930871.350.350.jpg?c=2
gundam,model_kit,Plaza Japan,retailer,,Bandai Gundam Decal No.115 for RG 1/144 Scale Shinanju,16.77,,,USD,New,https://www.plazajapan.com/4573102611734,https://cdn11.bigcommerce.com/s-89ffd/products/27736/images/162384/4549660249146_1__38373.1536910223.350.350.jpg?c=2
gundam,model_kit,Plaza Japan,retailer,,Bandai Gundam Decal No.117 for RG 1/144 Scale OO QANT (249160),21.9,,,USD,New,https://www.plazajapan.com/4549660249160,https://cdn11.bigcommerce.com/s-89ffd/products/27738/images/119052/3__10936.1512630684.350.350.jpg?c=2
gundam,model_kit,Plaza Japan,retailer,,Bandai Gundam Decal No.119 for 1/144 Scale The Gundam Origin Series 3,8.18,,,USD,New,https://www.plazajapan.com/4573102611765,https://cdn11.bigcommerce.com/s-89ffd/products/27740/images/158427/4549660249184_1__79637.1533282407.350.350.jpg?c=2
gundam,model_kit,Plaza Japan,retailer,,Bandai Gundam Decal No.104 for 1/144 & 1/100 Iron-Blooded Orphans Series 2 (196037),2.89,,,USD,New,https://www.plazajapan.com/4573102611680,https://cdn11.bigcommerce.com/s-89ffd/products/27750/images/119093/1__22811.1512633949.350.350.jpg?c=2
gundam,model_kit,Plaza Japan,retailer,,Bandai Gundam Decal No.105 for 1/100 & 1/144 Gundam Origin Series 1,8.01,,,USD,New,https://www.plazajapan.com/4573102579690,https://cdn11.bigcommerce.com/s-89ffd/products/27751/images/119096/1__45306.1512634092.350.350.jpg?c=2
gundam,model_kit,Plaza Japan,retailer,,Bandai Gundam Decal No.106 for RG 1/144 Scale Gundam Exia (196051),143.35,,,USD,New,https://www.plazajapan.com/4549660196051,https://cdn11.bigcommerce.com/s-89ffd/products/27752/images/119098/1__42931.1512634400.350.350.jpg?c=2
gundam,model_kit,Plaza Japan,retailer,,Bandai Gundam Decal No.107 for 1/100 & 1/144 Gundam UC Series 1,8.37,,,USD,New,https://www.plazajapan.com/4573102579706,https://cdn11.bigcommerce.com/s-89ffd/products/27753/images/119100/1__62429.1512634569.350.350.jpg?c=2
gundam,model_kit,Plaza Japan,retailer,,Bandai Gundam Decal No.108 for 1/100 & 1/144 Z & ZZ Gundam Series 1 (196075),10.7,,,USD,New,https://www.plazajapan.com/4573102611697,https://cdn11.bigcommerce.com/s-89ffd/products/27754/images/119102/1__97519.1512634683.350.350.jpg?c=2
gundam,model_kit,Plaza Japan,retailer,,Bandai Gundam The Origin 021 Gundam FSD 1/144 Scale Kit,44.84,,,USD,New,https://www.plazajapan.com/4573102591548,https://cdn11.bigcommerce.com/s-89ffd/products/38767/images/141843/4549660257301_1__29323.1527744436.350.350.jpg?c=2
gundam,model_kit,Plaza Japan,retailer,,Bandai Gundam Decal No.110 for 1/144 Gundam MSV General Purpose 1,10.07,,,USD,New,https://www.plazajapan.com/4573102611703,https://cdn11.bigcommerce.com/s-89ffd/products/40680/images/141367/4549660212904-1__41010.1527225367.350.350.jpg?c=2
gundam,model_kit,Plaza Japan,retailer,,Bandai Gundam Decal No.112 for RG 1/144 Scale Unicorn Gundam,13.91,,,USD,New,https://www.plazajapan.com/4573102579713,https://cdn11.bigcommerce.com/s-89ffd/products/40682/images/162383/4549660212928_1__69708.1536910217.350.350.jpg?c=2
gundam,model_kit,Plaza Japan,retailer,,Bandai Gundam Decal No.113 for 1/144 Scale Gundam The Origin Multiuse 2,2.89,,,USD,New,https://www.plazajapan.com/4573102579720,https://cdn11.bigcommerce.com/s-89ffd/products/40690/images/141383/4549660212935-1__52569.1527226490.350.350.jpg?c=2
gundam,model_kit,Plaza Japan,retailer,,Bandai Gundam OO 05 Tieren Ground Type 1/144 Scale Kit,23.56,,,USD,New,https://www.plazajapan.com/4573102606396,https://cdn11.bigcommerce.com/s-89ffd/products/40729/images/578032/4573102606396_31d69776325f37caf83d5ab7d42ebf43__64978.1725858125.350.350.jpg?c=2
gundam,model_kit,Plaza Japan,retailer,,Bandai Gundam Build Divers 013 Gundam SD RX-Zeromaru Non-Scale Kit,25.69,,,USD,New,https://www.plazajapan.com/4549660303619,https://cdn11.bigcommerce.com/s-89ffd/products/42835/images/159936/4549660303619_1__06693.1535103279.350.350.jpg?c=2
gundam,model_kit,Plaza Japan,retailer,,Bandai Gundam Build Divers 018 Impulse Gundam Lancier 1/144 Scale Kit,32.57,,,USD,New,https://www.plazajapan.com/4573102553379,https://cdn11.bigcommerce.com/s-89ffd/products/45832/images/163473/4573102553379_1__68181.1538129552.350.350.jpg?c=2
gundam,model_kit,Plaza Japan,retailer,,Bandai Gundam Build Divers 023 Mobile Doll Sarah 1/144 Scale Kit,28.39,,,USD,New,https://www.plazajapan.com/4573102555816,https://cdn11.bigcommerce.com/s-89ffd/products/50515/images/173768/4573102555816-1__13766.1547028220.350.350.jpg?c=2
gundam,model_kit,Plaza Japan,retailer,,SD Gundam BB senshi 290 ZGMF-X42S Destiny Gundam,22.74,,,USD,New,https://www.plazajapan.com/4573102604118,https://cdn11.bigcommerce.com/s-89ffd/products/52261/images/172794/4543112434203-1__84844.1545107910.350.350.jpg?c=2
gundam,model_kit,Plaza Japan,retailer,,Bandai Gundam Seed Ginn Type High-Maneuver  1/144 Scale Kit,20.86,,,USD,New,https://www.plazajapan.com/4573102568113,https://cdn11.bigcommerce.com/s-89ffd/products/52908/images/184323/4543112256553-1__48768.1554369433.350.350.jpg?c=2
gundam,model_kit,Plaza Japan,retailer,,Bandai Gundam EW-6 Gundam Sandrock Custom 1/100 Scale Kit,45.66,,,USD,New,https://www.plazajapan.com/4902425606262,https://cdn11.bigcommerce.com/s-89ffd/products/55397/images/183900/4902425606262-1__43777.1554273588.350.350.jpg?c=2
gundam,model_kit,Plaza Japan,retailer,,Bandai Gundam SD-238 Gogg & Acguy & Zock Set,36.0,,,USD,New,https://www.plazajapan.com/4573102574138,https://cdn11.bigcommerce.com/s-89ffd/products/55416/images/183928/4543112128232-1__50452.1554274438.350.350.jpg?c=2
gundam,model_kit,Plaza Japan,retailer,,Bandai Gundam Decal No.18 for MG 1/100 Scale Gundam Seed,8.81,,,USD,New,https://www.plazajapan.com/4573102574909,https://cdn11.bigcommerce.com/s-89ffd/products/55479/images/184309/4543112341365-1__18517.1554369228.350.350.jpg?c=2
gundam,model_kit,Plaza Japan,retailer,,Bandai GUNDAM MSN-06S SINANJU Titanium Finish 1/144 Scale Kit,75.99,,,USD,New,https://www.plazajapan.com/4573102557353,https://cdn11.bigcommerce.com/s-89ffd/products/55493/images/184355/4543112694836-1__56285.1554371961.350.350.jpg?c=2
gundam,model_kit,Plaza Japan,retailer,,Bandai Gundam Universe ASW-G-08 GUNDAM BARBATOS Figure,28.47,,,USD,New,https://www.plazajapan.com/4573102554932,https://cdn11.bigcommerce.com/s-89ffd/products/58108/images/217421/4573102554932_f4e0e2ba9868ff7b2dd519bf5de5ea88__70079.1571382429.350.350.jpg?c=2
gundam,model_kit,Plaza Japan,retailer,,Bandai Gundam The Origin 026 RX-78-02 Gundam (Gundam The Origin Ver.) 1/144 Scale Kit,15.69,,,USD,New,https://www.plazajapan.com/4573102589293,https://cdn11.bigcommerce.com/s-89ffd/products/68838/images/237346/4573102589293_83f79a0f3f6da4a9f0259986531f55e7__40108.1584083388.350.350.jpg?c=2
gundam,model_kit,Plaza Japan,retailer,,Bandai Gundam SD-259 Strike Gundam Striker Weapon System,22.12,,,USD,New,https://www.plazajapan.com/4573102574169,https://cdn11.bigcommerce.com/s-89ffd/products/77025/images/249500/4543112237163-1__60517.1586495068.350.350.jpg?c=2
gundam,model_kit,Plaza Japan,retailer,,Bandai Gundam Universe Wing Gundam Figure,40.75,,,USD,New,https://www.plazajapan.com/4573102554918,https://cdn11.bigcommerce.com/s-89ffd/products/81054/images/270876/4573102554918_af40fcb8a3b97c493d803c05168060ef__12300.1600143970.350.350.jpg?c=2
gundam,model_kit,Plaza Japan,retailer,,Bandai Gundam Universe RX-0 Unicorn Gundam 02 Banshee Figure,40.75,,,USD,New,https://www.plazajapan.com/4573102574695,https://cdn11.bigcommerce.com/s-89ffd/products/81055/images/270882/4573102574695_ced72fa15e02416ac4c65280fe427895__45620.1600144030.350.350.jpg?c=2
gundam,model_kit,Plaza Japan,retailer,,Bandai Gundam Universe XXXG-01D Gundam Deathscythe Figure,40.5,,,USD,New,https://www.plazajapan.com/4573102554949,https://cdn11.bigcommerce.com/s-89ffd/products/81056/images/564752/4573102554949_24ca5ac1d10084cec2e0753a8590ea99__49842.1721611628.350.350.jpg?c=2
gundam,model_kit,Plaza Japan,retailer,,Bandai Gundam Universe MS-06 Char's Zaku II Figure,48.93,,,USD,New,https://www.plazajapan.com/4573102612717,https://cdn11.bigcommerce.com/s-89ffd/products/84766/images/285734/4573102612717_33743f7ffeb23e9bdb19378d9a8421c4__05083.1610509089.350.350.jpg?c=2
gundam,model_kit,Plaza Japan,retailer,,Bandai Gundam Universe RX-93 Nu Gundam Figure,90.25,,,USD,New,https://www.plazajapan.com/4573102612731,https://cdn11.bigcommerce.com/s-89ffd/products/84768/images/356714/4573102612731_eb57b567b8456f4a301d1b94048efd6a__30587.1643602242.350.350.jpg?c=2
gundam,model_kit,Plaza Japan,retailer,,Bandai Gundam Decal No.17 for MG 1/100 MS Principality of Zeon (1),2.89,,,USD,New,https://www.plazajapan.com/4573102574893,https://cdn11.bigcommerce.com/s-89ffd/products/85560/images/287436/4573102574893_2c7f36ee3364e29be6de3e2e1326c9ae__92521.1611214216.350.350.jpg?c=2
gundam,model_kit,Plaza Japan,retailer,,Bandai Gundam Decal No.22 for MG 1/100 Zeta Gundam Series,9.13,,,USD,New,https://www.plazajapan.com/4573102611352,https://cdn11.bigcommerce.com/s-89ffd/products/85561/images/287438/4573102611352_8fdc9c0e94b698247d0f4a627a3a288a__51088.1611214244.350.350.jpg?c=2
gundam,model_kit,Plaza Japan,retailer,,Bandai Gundam Decal No.28 for HGUC 1/144 MS Principality of Zeon (1),2.89,,,USD,New,https://www.plazajapan.com/4573102574961,https://cdn11.bigcommerce.com/s-89ffd/products/85562/images/287439/4573102574961_a9ab8ca4a21306faff618c1661127c10__50692.1611214266.350.350.jpg?c=2
gundam,model_kit,Plaza Japan,retailer,,Bandai Gundam Decal No.30 for HGUC 1/144 MS Earth Federation Space Force (1) (Anaheim MS),2.89,,,USD,New,https://www.plazajapan.com/4573102574985,https://cdn11.bigcommerce.com/s-89ffd/products/85564/images/287441/4573102574985_3cdd95291b7e52199e57f6c2a21e90db__40174.1611214308.350.350.jpg?c=2
gundam,model_kit,Plaza Japan,retailer,,Bandai Gundam Decal No.37 for HGUC 1/144 MS Earth Federation Space Force (2),2.89,,,USD,New,https://www.plazajapan.com/4573102611390,https://cdn11.bigcommerce.com/s-89ffd/products/85565/images/287442/4573102611390_a730707c2caf0aeb9d65d90036f06a19__45759.1611214341.350.350.jpg?c=2
gundam,model_kit,Plaza Japan,retailer,,Bandai Gundam Decal No.38 for HGUC 1/144 MS Principality of Zeon (3),2.57,,,USD,New,https://www.plazajapan.com/4573102611406,https://cdn11.bigcommerce.com/s-89ffd/products/85566/images/287443/4573102611406_5856d9a3991e3a282ed20f9ee13bd1d8__73951.1611214379.350.350.jpg?c=2
gundam,model_kit,Plaza Japan,retailer,,Bandai Gundam Decal No.39 for HGUC 1/144 MS Principality of Zeon (4),2.89,,,USD,New,https://www.plazajapan.com/4573102611413,https://cdn11.bigcommerce.com/s-89ffd/products/85567/images/287444/4573102611413_8a3d8c124fea5030b445b53eee1d6b50__85665.1611214408.350.350.jpg?c=2
gundam,model_kit,Plaza Japan,retailer,,Bandai Gundam Decal No.53 for 1/100 1/144 MS Gundam 0080 Series (1),7.32,,,USD,New,https://www.plazajapan.com/4573102611482,https://cdn11.bigcommerce.com/s-89ffd/products/85570/images/287447/4573102611482_a0641cf3cb1bda1fba4aaa593847cb06__08186.1611214536.350.350.jpg?c=2
gundam,model_kit,Plaza Japan,retailer,,Bandai Gundam Decal No.54 for 1/100 1/144 MS Gundam 0080 Series (2),2.89,,,USD,New,https://www.plazajapan.com/4573102611499,https://cdn11.bigcommerce.com/s-89ffd/products/85571/images/287448/4573102611499_27ff2672ee055b38dcd3474e8e59c84c__65358.1611214571.350.350.jpg?c=2
gundam,model_kit,Plaza Japan,retailer,,Bandai Gundam Decal No.16 for MG 1/100 MS EFSF Multiuse (1),2.89,,,USD,New,https://www.plazajapan.com/4573102574886,https://cdn11.bigcommerce.com/s-89ffd/products/85574/images/287451/4543112341341-1__29080.1611215421.350.350.jpg?c=2
gundam,model_kit,Plaza Japan,retailer,,Bandai Gundam Decal No.23 for MG 1/100 Char's Counterattack Multiuse,2.89,,,USD,New,https://www.plazajapan.com/4573102574930,https://cdn11.bigcommerce.com/s-89ffd/products/85575/images/287452/4543112341501-1__39285.1611215464.350.350.jpg?c=2
gundam,model_kit,Plaza Japan,retailer,,Bandai Gundam Decal No.47 for 1/144 Gundam 00 Multiuse (2),2.89,,,USD,New,https://www.plazajapan.com/4573102611451,https://cdn11.bigcommerce.com/s-89ffd/products/85576/images/287453/4543112537133-1__58184.1611215510.350.350.jpg?c=2
gundam,model_kit,Plaza Japan,retailer,,Bandai Gundam Decal No.71 for HGUC 1/144 Char's Counterattack,2.89,,,USD,New,https://www.plazajapan.com/4573102575111,https://cdn11.bigcommerce.com/s-89ffd/products/85577/images/287454/4543112602350-1__08851.1611215545.350.350.jpg?c=2
gundam,model_kit,Plaza Japan,retailer,,Bandai Gundam Decal No.72 for HGUC 1/144 Char's Counterattack,2.89,,,USD,New,https://www.plazajapan.com/4573102575128,https://cdn11.bigcommerce.com/s-89ffd/products/85578/images/287455/4543112602367-1__50042.1611215610.350.350.jpg?c=2
gundam,model_kit,Plaza Japan,retailer,,Bandai Gundam Universe GN-001 Gundam Exia Figure,54.66,,,USD,New,https://www.plazajapan.com/4573102615183,https://cdn11.bigcommerce.com/s-89ffd/products/90586/images/333542/615183-1__52491.1633916620.350.350.jpg?c=2
gundam,model_kit,Plaza Japan,retailer,,Bandai Gundam Universe ZGMF-X10A Freedom Gundam Figure,48.93,,,USD,New,https://www.plazajapan.com/4573102615190,https://cdn11.bigcommerce.com/s-89ffd/products/90587/images/333543/615190-1__28670.1633916758.350.350.jpg?c=2
gundam,model_kit,Plaza Japan,retailer,,Bandai Gundam Breaker Battlogue HG 1/144 Gundam Live Lance Haven Plastic Model,30.68,,,USD,New,https://www.plazajapan.com/4573102620248,https://cdn11.bigcommerce.com/s-89ffd/products/94331/images/338786/620248-1__90188.1636419667.350.350.jpg?c=2
gundam,model_kit,Plaza Japan,retailer,,Bandai Gundam Breaker Battlogue HG 1/144 Gundam Perfect Strike Freedom Plastic Model,53.18,,,USD,New,https://www.plazajapan.com/4573102620262,https://cdn11.bigcommerce.com/s-89ffd/products/94361/images/389746/4573102620262_7c4ecca0ddc2bbcff2f1afaec35703b9__67955.1655370138.350.350.jpg?c=2
gundam,model_kit,Plaza Japan,retailer,,Bandai Gundam Breaker Battlogue HG 1/144 Blazing Gundam Plastic Model,65.02,,,USD,New,https://www.plazajapan.com/4573102620279,https://cdn11.bigcommerce.com/s-89ffd/products/94363/images/345648/4573102620279_557750b85b0a41ec7d954990764d88e7__15167.1639384152.350.350.jpg?c=2
gundam,model_kit,Plaza Japan,retailer,,Bandai Gundam Decal RG For MSZ-006 Zeta Gundam,44.0,,,USD,New,https://www.plazajapan.com/4573102575265,https://cdn11.bigcommerce.com/s-89ffd/products/98516/images/325826/4573102575265_eb0b54b1044fca18a5d65dd21c7ac2d2__59343.1630295300.350.350.jpg?c=2
gundam,model_kit,Plaza Japan,retailer,,Bandai Gundam Breaker Battlogue HG 1/144 Gundam Barbataurus Plastic Model,44.18,,,USD,New,https://www.plazajapan.com/4573102620255,https://cdn11.bigcommerce.com/s-89ffd/products/99786/images/389736/4573102620255_de8198d6c5609f5af11ffd586823da94__17532.1655370005.350.350.jpg?c=2
gundam,model_kit,Plaza Japan,retailer,,Bandai Gundam Universe XXXG-01S Shenlong Gundam Figure,39.11,,,USD,New,https://www.plazajapan.com/4573102632760,https://cdn11.bigcommerce.com/s-89ffd/products/105273/images/391980/4573102632760_0691b4eb81b48edd8d17451033418184__43096.1656044095.350.350.jpg?c=2
gundam,model_kit,Plaza Japan,retailer,,Bandai Gundam Universe GF13-001 NHII Master Gundam Figure,57.11,,,USD,New,https://www.plazajapan.com/4573102632777,https://cdn11.bigcommerce.com/s-89ffd/products/105274/images/391992/4573102632777_f729923cacb805691a0db4a38761f7f6__75541.1656044152.350.350.jpg?c=2
gundam,model_kit,Plaza Japan,retailer,,Bandai Gundam Universe GN-0000+GNR-010 00 RAISER 'Mobile Suit' (Gundam 00),63.74,,,USD,New,https://www.plazajapan.com/4573102637871,https://cdn11.bigcommerce.com/s-89ffd/products/109573/images/373655/4573102637871_f6c42c23b9a6df60157417bc066ea66c__66839.1649925919.350.350.jpg?c=2
gundam,model_kit,Plaza Japan,retailer,,Bandai Gundam Universe OZ-06MS LEO 'Mobile Suit Gundam Wing' Figure (Gundam W),36.0,,,USD,New,https://www.plazajapan.com/4573102637864,https://cdn11.bigcommerce.com/s-89ffd/products/109574/images/373666/4573102637864_ea7679bdb365441a66eb5e72c1947fdc__94391.1649926006.350.350.jpg?c=2
gundam,model_kit,Plaza Japan,retailer,,Bandai Gundam Universe RX-78GP01Fb Gundam Full Burnern (Mobile Suit Gundam 0083: STARDUST MEMORY),60.35,,,USD,New,https://www.plazajapan.com/4573102637857,https://cdn11.bigcommerce.com/s-89ffd/products/109575/images/413167/4573102637857_d6a4ca7579a23d73cceca6e11b685e79__94871.1663818200.350.350.jpg?c=2
gundam,model_kit,Plaza Japan,retailer,,Bandai Gundam Decal No.121 for 1/144 Gundam AGE Multiuse (1),8.06,,,USD,New,https://www.plazajapan.com/4573102619853,https://cdn11.bigcommerce.com/s-89ffd/products/109904/images/374602/4573102619853_554fa13734fc271cdce5f46ea42ba3bd__89902.1650258805.350.350.jpg?c=2
gundam,model_kit,Plaza Japan,retailer,,Bandai Gundam Decal No.129 for 1/144 Nightingale,2.89,,,USD,New,https://www.plazajapan.com/4573102621627,https://cdn11.bigcommerce.com/s-89ffd/products/109905/images/374603/4573102621627_55468cac8bcfda6de6feafe0b8cdbf5d__79309.1650259000.350.350.jpg?c=2
gundam,model_kit,Plaza Japan,retailer,,Bandai Gundam Decal No.122 for 1/144 Mobile Suit Gundam Hathaway Multiuse (1),20.29,,,USD,New,https://www.plazajapan.com/4573102619860,https://cdn11.bigcommerce.com/s-89ffd/products/112934/images/428602/4573102619860_838fa048bc90453a78ac27c3bd0fcefc__88216.1668556225.350.350.jpg?c=2
gundam,model_kit,Plaza Japan,retailer,,Bandai Gundam Decal No.131 for RG 1/144 Zeong,2.89,,,USD,New,https://www.plazajapan.com/4573102621641,https://cdn11.bigcommerce.com/s-89ffd/products/112977/images/409312/4573102621641_2f5374a74fc7fd8281caa63efcaaa368__34853.1662520730.350.350.jpg?c=2
gundam,model_kit,Plaza Japan,retailer,,Bandai Gundam Decal No.126 for RG 1/144 Sazabi,12.13,,,USD,New,https://www.plazajapan.com/4573102619907,https://cdn11.bigcommerce.com/s-89ffd/products/113735/images/409314/4573102619907_39710debdba8e3074bb2cee4d70681f2__75554.1662520815.350.350.jpg?c=2
gundam,model_kit,Plaza Japan,retailer,,Bandai Gundam Universe XVX-016 Gundam Aerial (Mobile Suit Gundam: the Witch from Mercury),34.2,,,USD,New,https://www.plazajapan.com/4573102649966,https://cdn11.bigcommerce.com/s-89ffd/products/126847/images/448144/4573102649966_24abdaf40d4570e290ccba86165eae78__70704.1676009857.350.350.jpg?c=2
gundam,model_kit,Plaza Japan,retailer,,Bandai Gundam Universe GF13-017 NJ Shining Gundam (G Gundam),48.93,,,USD,New,https://www.plazajapan.com/4573102649942,https://cdn11.bigcommerce.com/s-89ffd/products/126849/images/448159/4573102649942_442180c8150749c497d4b2f3420aecbd__80761.1676011169.350.350.jpg?c=2
gundam,model_kit,Plaza Japan,retailer,,Bandai Gundam Universe OZ-00MS2 Tall Geese II (Gundam Wing),39.27,,,USD,New,https://www.plazajapan.com/4573102649959,https://cdn11.bigcommerce.com/s-89ffd/products/126850/images/448166/4573102649959_ab390a4629857f5c9706aea168168cd1__31646.1676011402.350.350.jpg?c=2
gundam,model_kit,Plaza Japan,retailer,,Bandai Gundam Universe GNT-0000 00 QAN-T (Mobile Suit Gundam 00),40.09,,,USD,New,https://www.plazajapan.com/4573102640253,https://cdn11.bigcommerce.com/s-89ffd/products/129225/images/459143/4573102640253_ef05333b5e05a6f225d2c6b834e7375e__38797.1680852161.350.350.jpg?c=2
gundam,model_kit,Plaza Japan,retailer,,Bandai Gundam Universe ZGMF-X20A STRIKE FREEDOM GUNDAM (Gundam SEED Destiny),40.9,,,USD,New,https://www.plazajapan.com/4573102640260,https://cdn11.bigcommerce.com/s-89ffd/products/129226/images/459150/4573102640260_5c8ac57da2e2e55690d63966104b2b56__12402.1680852947.350.350.jpg?c=2
gundam,model_kit,Plaza Japan,retailer,,Bandai Gundam Decal No.134 for 1/144 Gundam: The Witch from Mercury Multiuse (2),5.56,,,USD,New,https://www.plazajapan.com/4573102650825,https://cdn11.bigcommerce.com/s-89ffd/products/129531/images/460194/4573102650825_deb766918ea26cfcb97198c8e469fbfd__38640.1681346517.350.350.jpg?c=2
gundam,model_kit,Plaza Japan,retailer,,Bandai GUNDAM UNIVERSE RX-0[N] UNICORN GUNDAM 02 BANSHEE NORN (Gundam Unicorn),52.37,,,USD,New,https://www.plazajapan.com/4573102661852,https://cdn11.bigcommerce.com/s-89ffd/products/138190/images/496481/4573102661852_7c0ab74764ca942e73a9fea69d75eff3__13312.1699421565.350.350.jpg?c=2
gundam,model_kit,Plaza Japan,retailer,,Bandai GUNDAM UNIVERSE X-EX01 GUNDAM CALIBARN (Gundam: The Witch from Mercury),35.64,,,USD,New,https://www.plazajapan.com/4573102661869,https://cdn11.bigcommerce.com/s-89ffd/products/138192/images/496492/4573102661869_dc714beb594ed741b2dca7f0477481c8__37190.1699421781.350.350.jpg?c=2
gundam,model_kit,Plaza Japan,retailer,,Bandai GUNDAM UNIVERSE Gundam EX (Gundam: Requiem for Vengeance),40.75,,,USD,New,https://www.plazajapan.com/4573102662170,https://cdn11.bigcommerce.com/s-89ffd/products/144937/images/687989/bandai-gundam-universe-gundam-ex-gundam-requiem-for-vengeance__10454.1737951943.350.350.jpg?c=2
gundam,model_kit,Plaza Japan,retailer,,Bandai GUNDAM UNIVERSE ZGMF/A-262B Strike Freedom Gundam Type II (Gundam SEED Freedom),38.29,,,USD,New,https://www.plazajapan.com/4573102664235,https://cdn11.bigcommerce.com/s-89ffd/products/146370/images/699687/bandai-gundam-universe-zgmfa-262b-strike-freedom-gundam-type-ii-gundam-seed-freedom__91011.1738574616.350.350.jpg?c=2
gundam,model_kit,Plaza Japan,retailer,,Bandai GUNDAM UNIVERSE MBF-P02 Gundam Astray Red Frame (Gundam SEED Astray),32.85,,,USD,New,https://www.plazajapan.com/4573102664242,https://cdn11.bigcommerce.com/s-89ffd/products/146371/images/687974/bandai-gundam-universe-mbf-p02-gundam-astray-red-frame-gundam-seed-astray__95457.1737951928.350.350.jpg?c=2
gundam,model_kit,Plaza Japan,retailer,,Bandai Gundam Option Parts Gunpla 08 (Bolden Arm Arms) (Gundam),7.67,,,USD,New,https://www.plazajapan.com/4573102671448,https://cdn11.bigcommerce.com/s-89ffd/products/154223/images/675346/bandai-gundam-option-parts-gunpla-08-bolden-arm-arms-gundam__26250.1737731308.350.350.jpg?c=2
gundam,model_kit,Plaza Japan,retailer,,Bandai Gundam Option Parts Gunpla 09 (Giant Gatling) (Gundam),6.96,,,USD,New,https://www.plazajapan.com/4573102671479,https://cdn11.bigcommerce.com/s-89ffd/products/154224/images/670814/bandai-gundam-option-parts-gunpla-09-giant-gatling-gundam__07141.1737724062.350.350.jpg?c=2
gundam,model_kit,Plaza Japan,retailer,,Bandai Gundam Option Parts Gunpla 10 (Galaxy Booster) (Gundam),8.25,,,USD,New,https://www.plazajapan.com/4573102671486,https://cdn11.bigcommerce.com/s-89ffd/products/154225/images/661144/bandai-gundam-option-parts-gunpla-10-galaxy-booster-gundam__72695.1737708699.350.350.jpg?c=2
gundam,model_kit,Plaza Japan,retailer,,Bandai Gundam Option Parts Gunpla 07 (Powered Arms Powereder) (Gundam),12.27,,,USD,New,https://www.plazajapan.com/4573102671462,https://cdn11.bigcommerce.com/s-89ffd/products/154226/images/674576/bandai-gundam-option-parts-gunpla-07-powered-arms-powereder-gundam__93606.1737730078.350.350.jpg?c=2
gundam,model_kit,Plaza Japan,retailer,,Bandai Gundam Option Parts Set 04 1/144 Build Hands Round Shape Plastic Model (Gundam SEED),7.3,,,USD,New,https://www.plazajapan.com/4573102667069,https://cdn11.bigcommerce.com/s-89ffd/products/154227/images/662025/bandai-gundam-option-parts-set-04-1144-build-hands-round-shape-plastic-model-gundam-seed__82252.1737710113.350.350.jpg?c=2
gundam,model_kit,Plaza Japan,retailer,,Bandai Gundam Option Parts Gunpla 05 (Universe Booster Plavsky Power Gate) (Gundam),9.43,,,USD,New,https://www.plazajapan.com/4573102671424,https://cdn11.bigcommerce.com/s-89ffd/products/154229/images/683323/bandai-gundam-option-parts-gunpla-05-universe-booster-plavsky-power-gate-gundam__41418.1737744135.350.350.jpg?c=2
gundam,model_kit,Plaza Japan,retailer,,Bandai Gundam Option Parts Gunpla 06 (Valuable Pod) (Gundam),8.69,,,USD,New,https://www.plazajapan.com/4573102671431,https://cdn11.bigcommerce.com/s-89ffd/products/154230/images/663108/bandai-gundam-option-parts-gunpla-06-valuable-pod-gundam__91868.1737711762.350.350.jpg?c=2
gundam,model_kit,Plaza Japan,retailer,,Bandai Gundam Option Parts Gunpla 11 (Barbatos Smoothbore Gun) (Gundam),10.49,,,USD,New,https://www.plazajapan.com/4573102671523,https://cdn11.bigcommerce.com/s-89ffd/products/155697/images/642259/bandai-gundam-option-parts-gunpla-11-barbatos-smoothbore-gun-gundam__87989.1737449063.350.350.jpg?c=2
gundam,model_kit,Plaza Japan,retailer,,Bandai GUNDAM UNIVERSE Zaku II (Unidentified Type) Solari (Gundam: Requiem for Vengeance),32.57,,,USD,New,https://www.plazajapan.com/4573102667571,https://cdn11.bigcommerce.com/s-89ffd/products/155811/images/675706/bandai-gundam-universe-zaku-ii-unidentified-type-solari-gundam-requiem-for-vengeance__50416.1737731931.350.350.jpg?c=2
gundam,model_kit,Plaza Japan,retailer,,Bandai Gundam Option Parts Gunpla 13 (Battle Arm Arms),10.62,,,USD,New,https://www.plazajapan.com/4573102674296,https://cdn11.bigcommerce.com/s-89ffd/products/164733/images/629292/bandai-gundam-option-parts-gunpla-13-battle-arm-arms__46743.1737080810.350.350.jpg?c=2
gundam,model_kit,Plaza Japan,retailer,,Bandai GUNDAM UNIVERSE XXXG-00W0 Wing Gundam Zero (Mobile Suit Gundam Wing),29.81,,,USD,New,https://www.plazajapan.com/4573102675279,https://cdn11.bigcommerce.com/s-89ffd/products/167481/images/618586/bandai-gundam-universe-xxxg-00w0-wing-gundam-zero-mobile-suit-gundam-wing__86328.1736919369.350.350.jpg?c=2
gundam,model_kit,Plaza Japan,retailer,,Bandai Gundam Decal No.139 (Mobile Suit Gundam GQuuuuuuX),5.16,,,USD,New,https://www.plazajapan.com/4573102686916,https://cdn11.bigcommerce.com/s-89ffd/products/175558/images/750335/4573102686916_4a09f7ea218c11f87aea5675526af223__23672.1746682793.350.350.jpg?c=2
gundam,model_kit,Plaza Japan,retailer,,Bandai Gundam Decal No. 140 (Mobile Suit Gundam GQuuuuuuX),5.16,,,USD,New,https://www.plazajapan.com/4573102686923,https://cdn11.bigcommerce.com/s-89ffd/products/175559/images/750337/4573102686923_3389bdc80195063d89e4a5e901be89de__30562.1746682843.350.350.jpg?c=2
gundam,model_kit,Plaza Japan,retailer,,Bandai Gundam Decal No. 141 (Gundam SEED Freedom),9.16,,,USD,New,https://www.plazajapan.com/4573102688767,https://cdn11.bigcommerce.com/s-89ffd/products/175560/images/750339/4573102688767_fa383029059a0e5a62880f14ce9adb94__00251.1746682934.350.350.jpg?c=2
gundam,model_kit,Plaza Japan,retailer,,Bandai Gundam Universe gMS GQuuuuuuX Figure (Mobile Suit Gundam GQuuuuuuX),21.12,,,USD,New,https://www.plazajapan.com/4573102687678,https://cdn11.bigcommerce.com/s-89ffd/products/178357/images/778342/bandai-gundam-universe-gms-w-gquuuuuux-figure-mobile-suit-gundam-gquuuuuux__80804.1776663486.350.350.jpg?c=2
gundam,model_kit,Plaza Japan,retailer,,Bandai Gundam Option Parts Set Gunpla 16 (Meteor Hopper) Plastic Model,4.11,,,USD,New,https://www.plazajapan.com/4573102685681,https://cdn11.bigcommerce.com/s-89ffd/products/179232/images/779802/bandai-gundam-option-parts-set-gunpla-16-meteor-hopper-plastic-model__59872.1750386398.350.350.jpg?c=2
gundam,cards,Plaza Japan,retailer,,Bandai Gundam Card Game Start Deck GUNDAM ASSEMBLE Set Heroic Beginnings [ST01A],18.82,,,USD,New,https://www.plazajapan.com/4582769843624,https://cdn11.bigcommerce.com/s-89ffd/products/180553/images/789055/bandai-gundam-card-game-start-deck-gundam-assemble-set-heroic-beginnings-st01a__26500.1752804317.350.350.jpg?c=2
gundam,cards,Plaza Japan,retailer,,Bandai Gundam Card Game Start Deck GUNDAM ASSEMBLE Set Wings of Advance [ST02A],16.77,,,USD,New,https://www.plazajapan.com/4582769843648,https://cdn11.bigcommerce.com/s-89ffd/products/180554/images/789835/bandai-gundam-card-game-start-deck-gundam-assemble-set-wings-of-advance-st02a__32890.1752805543.350.350.jpg?c=2
gundam,cards,Plaza Japan,retailer,,Bandai Gundam Card Game Start Deck GUNDAM ASSEMBLE Set Zeon's Rush [ST03A],29.16,,,USD,New,https://www.plazajapan.com/4582769843662,https://cdn11.bigcommerce.com/s-89ffd/products/180555/images/793875/bandai-gundam-card-game-start-deck-gundam-assemble-set-zeons-rush-st03a__33735.1752811706.350.350.jpg?c=2
gundam,model_kit,Gundam Planet,retailer,us,MGEX ZGMF-X20A Strike Freedom Gundam,184.95,,,USD,New,https://www.gundamplanet.com/products/mgex-zgmf-x20a-strike-freedom-gundam?_pos=1&_sid=2afac77c8&_ss=r&_fid=10afcbe6f,https://www.gundamplanet.com/cdn/shop/files/mgex-zgmf-x20a-strike-freedom-gundam-gp.jpg?v=1737709982&width=533
gundam,model_kit,Gundam Planet,retailer,us,MG ASW-G-08 Gundam Barbatos Lupus,84.95,,,USD,New,https://www.gundamplanet.com/products/mg-asw-g-08-gundam-barbatos-lupus?_pos=2&_sid=2afac77c8&_ss=r&_fid=10afcbe6f,https://www.gundamplanet.com/cdn/shop/files/mg-asw-g-08-gundam-barbatos-lupus-base.jpg?v=1763409928&width=533
gundam,model_kit,Gundam Planet,retailer,us,HG gMS-α Red Gundam,30.95,,,USD,New,https://www.gundamplanet.com/products/hg-red-gundam?_pos=3&_sid=2afac77c8&_ss=r&_fid=10afcbe6f,https://www.gundamplanet.com/cdn/shop/files/hg-red-gundam-base.jpg?v=1748295768&width=533
gundam,model_kit,Gundam Planet,retailer,us,MGSD Gundam Aerial,50.95,,,USD,New,https://www.gundamplanet.com/products/mgsd-gundam-aerial?_pos=4&_sid=2afac77c8&_ss=r&_fid=10afcbe6f,https://www.gundamplanet.com/cdn/shop/files/mgsd-gundam-aerial-base2.jpg?v=1755541555&width=533
gundam,model_kit,Gundam Planet,retailer,us,PG Unleashed RX-78-2 Gundam,298.95,,,USD,New,https://www.gundamplanet.com/products/pg-unleashed-rx-78-2-gundam?_pos=5&_sid=2afac77c8&_ss=r&_fid=10afcbe6f,https://www.gundamplanet.com/cdn/shop/files/pg-unleashed-rx-78-2-gundam-gp.jpg?v=1737685585&width=533
gundam,model_kit,Gundam Planet,retailer,us,RG RX-93-2 Hi-Nu Gundam,62.95,,,USD,New,https://www.gundamplanet.com/products/rg-rx-93-2-hi-nu-gundam?_pos=6&_sid=2afac77c8&_ss=r&_fid=10afcbe6f,https://www.gundamplanet.com/cdn/shop/files/rg-rx-93-2-hi-nu-gundam-gp.jpg?v=1737691601&width=533
gundam,model_kit,Gundam Planet,retailer,us,RG XXXG-00W0 Wing Gundam Zero,54.95,,,USD,New,https://www.gundamplanet.com/products/rg-xxxg-00w0-wing-gundam-zero?_pos=7&_sid=2afac77c8&_ss=r&_fid=10afcbe6f,https://www.gundamplanet.com/cdn/shop/files/rg-xxxg-00w0-wing-gundam-zero-base.jpg?v=1758835725&width=533
gundam,model_kit,Gundam Planet,retailer,us,Entry Grade RX-78-2 Gundam,9.95,,,USD,New,https://www.gundamplanet.com/products/entry-grade-rx-78-2-gundam?_pos=8&_sid=2afac77c8&_ss=r&_fid=10afcbe6f,https://www.gundamplanet.com/cdn/shop/files/eg-rx-78-2-gundam-gpr.jpg?v=1737683082&width=533
gundam,model_kit,Gundam Planet,retailer,us,HGAC XXXG-01D2 Gundam Deathscythe Hell,28.95,,,USD,New,https://www.gundamplanet.com/products/hgac-xxxg-01d2-gundam-deathscythe-hell?_pos=9&_sid=2afac77c8&_ss=r&_fid=10afcbe6f,https://www.gundamplanet.com/cdn/shop/files/hgac-xxxg-01d2-gundam-deathscythe-hell-gp.jpg?v=1741724976&width=533
gundam,model_kit,Gundam Planet,retailer,us,HG RX-78-02 Gundam (Gundam The Origin Ver.),32.95,,,USD,New,https://www.gundamplanet.com/products/hg-rx-78-02-gundam-gundam-the-origin-ver?_pos=10&_sid=2afac77c8&_ss=r&_fid=10afcbe6f,https://www.gundamplanet.com/cdn/shop/files/hg-gundam-the-origin-ver-gp.jpg?v=1737680628&width=533
gundam,model_kit,Gundam Planet,retailer,us,RG GF13-017NJ Shining Gundam,42.95,,,USD,New,https://www.gundamplanet.com/products/rg-gf13-017nj-shining-gundam?_pos=11&_sid=2afac77c8&_ss=r&_fid=10afcbe6f,https://www.gundamplanet.com/cdn/shop/files/rg-gf13-017nj-shining-gundam-base.jpg?v=1750793537&width=533
gundam,model_kit,Gundam Planet,retailer,us,MGSD Freedom Gundam,54.95,,,USD,New,https://www.gundamplanet.com/products/mgsd-freedom-gundam?_pos=12&_sid=2afac77c8&_ss=r&_fid=10afcbe6f,https://www.gundamplanet.com/cdn/shop/files/mgsd-freedom-gundam-gp.jpg?v=1737713039&width=533
gundam,model_kit,Gundam Planet,retailer,us,MG FA-78-1 Full Armor Gundam,68.95,,,USD,New,https://www.gundamplanet.com/products/mg-fa-78-1-full-armor-gundam?_pos=13&_sid=2afac77c8&_ss=r&_fid=10afcbe6f,https://www.gundamplanet.com/cdn/shop/files/mg-fa-78-1-full-armor-gundam-00.jpg?v=1737660003&width=533
gundam,model_kit,Gundam Planet,retailer,us,HG RX-78-02 White Gundam,26.95,,,USD,New,https://www.gundamplanet.com/products/hg-rx-78-02-white-gundam?_pos=14&_sid=2afac77c8&_ss=r&_fid=10afcbe6f,https://www.gundamplanet.com/cdn/shop/files/hg-rx-78-02-white-gundam-base_859b37e0-e443-4052-bd81-fa2dbee0d190.jpg?v=1764626591&width=533
gundam,model_kit,Gundam Planet,retailer,us,MG WD-M01 Turn A Gundam,52.95,,,USD,New,https://www.gundamplanet.com/products/mg-wd-m01-turn-a-gundam?_pos=15&_sid=2afac77c8&_ss=r&_fid=10afcbe6f,https://www.gundamplanet.com/cdn/shop/files/mg-wd-m01-turn-a-gundam-00.jpg?v=1737659417&width=533
gundam,model_kit,Gundam Planet,retailer,us,HGAC XXXG-01S2 Altron Gundam,28.95,,,USD,New,https://www.gundamplanet.com/products/hgac-xxxg-01s2-altron-gundam?_pos=16&_sid=2afac77c8&_ss=r&_fid=10afcbe6f,https://www.gundamplanet.com/cdn/shop/files/hgac-xxxg-01s2-altron-gundam-gp2.jpg?v=1741724547&width=533
gundam,model_kit,Gundam Planet,retailer,us,HG Gundam Aerial Rebuild,24.95,,,USD,New,https://www.gundamplanet.com/products/hg-gundam-aerial-rebuild?_pos=17&_sid=2afac77c8&_ss=r&_fid=10afcbe6f,https://www.gundamplanet.com/cdn/shop/files/hg-gundam-aerial-rebuild-gp.jpg?v=1737714568&width=533
gundam,model_kit,Gundam Planet,retailer,us,Entry Grade Wing Gundam,12.95,,,USD,New,https://www.gundamplanet.com/products/entry-grade-wing-gundam?_pos=18&_sid=2afac77c8&_ss=r&_fid=10afcbe6f,https://www.gundamplanet.com/cdn/shop/files/entry-grade-wing-gundam-base.jpg?v=1760370118&width=533
gundam,model_kit,Gundam Planet,retailer,us,1/144 RX-78F00/E Gundam (EX-001 G.L.R.S.S. Feather Unit),46.95,,,USD,New,https://www.gundamplanet.com/products/1-144-rx-78f00-e-gundam-ex-001-g-l-r-s-s-feather-unit?_pos=19&_sid=2afac77c8&_ss=r&_fid=10afcbe6f,https://www.gundamplanet.com/cdn/shop/files/1-144-rx-78f00-e-gundam-ex-001-g-l-r-s-s-feather-unit-base.jpg?v=1763661827&width=533
gundam,model_kit,Gundam Planet,retailer,us,HGAC XXXG-01H2 Gundam Heavyarms Custom,24.95,,,USD,New,https://www.gundamplanet.com/products/hgac-xxxg-01h2-gundam-heavyarms-custom?_pos=20&_sid=2afac77c8&_ss=r&_fid=10afcbe6f,https://www.gundamplanet.com/cdn/shop/files/hgac-xxxg-01h2-gundam-heavyarms-custom-gp.jpg?v=1741725257&width=533
gundam,model_kit,Gundam Planet,retailer,us,MG XXXG-00W0 Wing Gundam Zero Custom Ver.Ka,74.95,,,USD,New,https://www.gundamplanet.com/products/mg-xxxg-00w0-wing-gundam-zero-custom-ver-ka?_pos=21&_sid=2afac77c8&_ss=r&_fid=10afcbe6f,https://www.gundamplanet.com/cdn/shop/files/mg-xxxg-00w0-wing-gundam-zero-custom-ver-ka-gpr.jpg?v=1737682848&width=533
gundam,model_kit,Gundam Planet,retailer,us,Entry Grade RX-78F00/E Gundam,16.95,,,USD,New,https://www.gundamplanet.com/products/entry-grade-rx-78f00-e-gundam?_pos=22&_sid=2afac77c8&_ss=r&_fid=10afcbe6f,https://www.gundamplanet.com/cdn/shop/files/entry-grade-rx-78f00-e-gundam-base.jpg?v=1763661592&width=533
gundam,model_kit,Gundam Planet,retailer,us,HG Gundam Aerial,18.95,,,USD,New,https://www.gundamplanet.com/products/hg-gundam-aerial?_pos=23&_sid=2afac77c8&_ss=r&_fid=10afcbe6f,https://www.gundamplanet.com/cdn/shop/files/hg-gundam-aerial-gp.jpg?v=1737712893&width=533
gundam,model_kit,Gundam Planet,retailer,us,PG Unleashed RX-93 Nu Gundam,689.95,,,USD,New,https://www.gundamplanet.com/products/pg-unleashed-rx-93-nu-gundam?_pos=24&_sid=2afac77c8&_ss=r&_fid=10afcbe6f,https://www.gundamplanet.com/cdn/shop/files/pg-unleashed-rx-93-nu-gundam-base2.jpg?v=1769728142&width=533
gundam,model_kit,Gundam Planet,retailer,us,HG gMS-κ GFreD (Gundam FreD),28.95,,,USD,New,https://www.gundamplanet.com/products/hg-gms-k-gfred-gundam-fred?_pos=25&_sid=2afac77c8&_ss=r&_fid=10afcbe6f,https://www.gundamplanet.com/cdn/shop/files/hg-gfred-gundam-fred-base.jpg?v=1753721601&width=533
gundam,model_kit,Gundam Planet,retailer,us,HGCE ZGMF-X666S Legend Gundam,36.95,,,USD,New,https://www.gundamplanet.com/products/hgce-zgmf-x666s-legend-gundam?_pos=26&_sid=2afac77c8&_ss=r&_fid=10afcbe6f,https://www.gundamplanet.com/cdn/shop/files/hgce-zgmf-x666s-legend-gundam-base.jpg?v=1769453714&width=533
gundam,model_kit,Gundam Planet,retailer,us,MG FA-010S Full Armor ZZ Gundam Ver.Ka,144.95,,,USD,New,https://www.gundamplanet.com/products/mg-fa-010s-full-armor-zz-gundam-ver-ka?_pos=27&_sid=2afac77c8&_ss=r&_fid=10afcbe6f,https://www.gundamplanet.com/cdn/shop/files/mg-full-armor-zz-gundam-base.jpg?v=1771440060&width=533
gundam,model_kit,Gundam Planet,retailer,us,HGAC XXXG-01SR2 Gundam Sandrock Custom,24.95,,,USD,New,https://www.gundamplanet.com/products/hgac-xxxg-01sr2-gundam-sandrock-custom?_pos=28&_sid=2afac77c8&_ss=r&_fid=10afcbe6f,https://www.gundamplanet.com/cdn/shop/files/hgac-xxxg-01sr2-gundam-sandrock-custom-gp.jpg?v=1741725469&width=533
gundam,model_kit,Gundam Planet,retailer,us,HG IBO Gundam Zagan,36.95,,,USD,New,https://www.gundamplanet.com/products/hg-ibo-gundam-zagan?_pos=29&_sid=2afac77c8&_ss=r&_fid=10afcbe6f,https://www.gundamplanet.com/cdn/shop/files/hg-ibo-gundam-zagan-base2.jpg?v=1764627317&width=533
gundam,model_kit,Gundam Planet,retailer,us,MG LM312V04 V Dash Gundam Ver.Ka,76.95,,,USD,New,https://www.gundamplanet.com/products/mg-lm312v04-v-dash-gundam-ver-ka?_pos=30&_sid=2afac77c8&_ss=r&_fid=10afcbe6f,https://www.gundamplanet.com/cdn/shop/files/mg-lm312v04-v-dash-gundam-ver-ka-00.jpg?v=1737660010&width=533
gundam,model_kit,Gundam Planet,retailer,us,Metal Build Strike Freedom Gundam Revival Ver.,350.95,,,USD,New,https://www.gundamplanet.com/products/metal-build-strike-freedom-gundam-revival-ver?_pos=33&_sid=2afac77c8&_ss=r&_fid=10afcbe6f,https://www.gundamplanet.com/cdn/shop/files/metal-build-strike-freedom-gundam-revival-ver1.jpg?v=1772591771&width=533
gundam,model_kit,Gundam Planet,retailer,us,MGSD Destiny Gundam,54.95,,,USD,New,https://www.gundamplanet.com/products/mgsd-destiny-gundam?_pos=34&_sid=2afac77c8&_ss=r&_fid=10afcbe6f,https://www.gundamplanet.com/cdn/shop/files/mgsd-destiny-gundam-base.jpg?v=1771440407&width=533
gundam,model_kit,Gundam Planet,retailer,us,1/144 RX-78F00/E Gundam (EX-001 G.L.R.S.S. Feather Unit) Chemical Recycle Ver.,46.95,,,USD,New,https://www.gundamplanet.com/products/1-144-rx-78f00-e-gundam-ex-001-g-l-r-s-s-feather-unit-chemical-recycle-ver?_pos=35&_sid=2afac77c8&_ss=r&_fid=10afcbe6f,https://www.gundamplanet.com/cdn/shop/files/1-144-rx-78f00-e-gundam-ex-001-g-l-r-s-s-feather-unit-chemical-recycle-ver-base2.jpg?v=1763662521&width=533
gundam,model_kit,Gundam Planet,retailer,us,HG Gundam Schwarzette,24.95,,,USD,New,https://www.gundamplanet.com/products/hg-gundam-schwarzette?_pos=36&_sid=2afac77c8&_ss=r&_fid=10afcbe6f,https://www.gundamplanet.com/cdn/shop/files/hg-gundam-schwarzette-gp.jpg?v=1737716032&width=533
gundam,model_kit,Gundam Planet,retailer,us,HG Gundam Calibarn,24.95,,,USD,New,https://www.gundamplanet.com/products/hg-gundam-calibarn?_pos=37&_sid=2afac77c8&_ss=r&_fid=10afcbe6f,https://www.gundamplanet.com/cdn/shop/files/hg-gundam-calibarn-gp.jpg?v=1737719019&width=533
gundam,model_kit,Gundam Planet,retailer,us,MG RX-78-2 Gundam Ver 3.0,62.95,,,USD,New,https://www.gundamplanet.com/products/mg-rx-78-2-gundam-ver-3-0?_pos=38&_sid=2afac77c8&_ss=r&_fid=10afcbe6f,https://www.gundamplanet.com/cdn/shop/files/mg-rx-78-2-gundam-ver-3-0-00_1.jpg?v=1737662037&width=533
gundam,model_kit,Gundam Planet,retailer,us,HG MS-06 Zaku (GQ Ver.),26.95,,,USD,New,https://www.gundamplanet.com/products/hg-ms-06-zaku-gq-ver?_pos=39&_sid=2afac77c8&_ss=r&_fid=10afcbe6f,https://www.gundamplanet.com/cdn/shop/files/hg-ms-06-zaku-gq-ver-base.jpg?v=1762208295&width=533
gundam,model_kit,Gundam Planet,retailer,us,RG RX-0 Unicorn Gundam,52.95,,,USD,New,https://www.gundamplanet.com/products/rg-rx-0-unicorn-gundam?_pos=41&_sid=2afac77c8&_ss=r&_fid=10afcbe6f,https://www.gundamplanet.com/cdn/shop/files/rg-rx-0-unicorn-gundam-00.jpg?v=1737669356&width=533
gundam,model_kit,Gundam Planet,retailer,us,HGAC XXXG-01SR2 Gundam Sandrock Custom (EW Ver.),46.95,,,USD,New,https://www.gundamplanet.com/products/hgac-xxxg-01sr2-gundam-sandrock-custom-ew-ver?_pos=42&_sid=2afac77c8&_ss=r&_fid=10afcbe6f,https://www.gundamplanet.com/cdn/shop/files/hgac-xxxg-01sr2-gundam-sandrock-custom-ew-ver-base.jpg?v=1780335427&width=533
gundam,model_kit,Gundam Planet,retailer,us,HG Strike Noir Gundam,20.95,,,USD,New,https://www.gundamplanet.com/products/hg-strike-noir-gundam?_pos=43&_sid=2afac77c8&_ss=r&_fid=10afcbe6f,https://www.gundamplanet.com/cdn/shop/files/hg-strike-noir-gundam-00.jpg?v=1737663511&width=533
gundam,model_kit,Gundam Planet,retailer,us,HGUC MRX-009 Psycho Gundam,68.95,,,USD,New,https://www.gundamplanet.com/products/hguc-mrx-009-psycho-gundam?_pos=44&_sid=2afac77c8&_ss=r&_fid=10afcbe6f,https://www.gundamplanet.com/cdn/shop/files/hguc-mrx-009-psycho-gundam-gp.jpg?v=1737658783&width=533
gundam,model_kit,Gundam Planet,retailer,us,MG RX-0 Unicorn Gundam,66.95,,,USD,New,https://www.gundamplanet.com/products/mg-rx-0-unicorn-gundam?_pos=45&_sid=2afac77c8&_ss=r&_fid=10afcbe6f,https://www.gundamplanet.com/cdn/shop/files/mg-rx-0-unicorn-gundam-00.jpg?v=1737659864&width=533
gundam,model_kit,Gundam Planet,retailer,us,HG IBO Gundam Barbatos Lupus Rex,18.95,,,USD,New,https://www.gundamplanet.com/products/hg-ibo-gundam-barbatos-lupus-rex?_pos=46&_sid=2afac77c8&_ss=r&_fid=10afcbe6f,https://www.gundamplanet.com/cdn/shop/files/hg-ibo-gundam-barbatos-lupus-rex-00.jpg?v=1737665289&width=533
gundam,model_kit,Gundam Planet,retailer,us,MG RX-93 Nu Gundam Ver.Ka,88.95,,,USD,New,https://www.gundamplanet.com/products/mg-rx-93-nu-gundam-ver-ka?_pos=47&_sid=2afac77c8&_ss=r&_fid=10afcbe6f,https://www.gundamplanet.com/cdn/shop/files/mg-rx-93-nu-gundam-ver-ka-00.jpg?v=1737661748&width=533
gundam,model_kit,Gundam Planet,retailer,us,SD Gundam EX-Standard RX-78-2 Gundam / Hello Kitty Set,32.95,,,USD,New,https://www.gundamplanet.com/products/sd-gundam-ex-standard-rx-78-2-gundam-hello-kitty-set?_pos=48&_sid=2afac77c8&_ss=r&_fid=10afcbe6f,https://www.gundamplanet.com/cdn/shop/files/sdex-gundam-gundam-hello-kitty-set-gp.jpg?v=1737679324&width=533
gundam,model_kit,Gundam Planet,retailer,us,HGBF Lightning Zeta Gundam,28.95,,,USD,New,https://www.gundamplanet.com/products/hgbf-lightning-zeta-gundam?_pos=50&_sid=2afac77c8&_ss=r&_fid=10afcbe6f,https://www.gundamplanet.com/cdn/shop/files/hgbf-lightning-zeta-gundam-00.jpg?v=1737663580&width=533
gundam,model_kit,Gundam Planet,retailer,us,MG RX-93-2 Hi-Nu Gundam Ver.Ka,90.95,,,USD,New,https://www.gundamplanet.com/products/mg-rx-93-2-hi-nu-gundam-ver-ka?_pos=51&_sid=2afac77c8&_ss=r&_fid=10afcbe6f,https://www.gundamplanet.com/cdn/shop/files/mg-rx-93-2-hi-nu-gundam-ver-ka-00_1.jpg?v=1737663005&width=533
gundam,model_kit,Gundam Planet,retailer,us,HG Gundam 00 Diver Arc,32.95,,,USD,New,https://www.gundamplanet.com/products/hg-gundam-00-diver-arc?_pos=52&_sid=2afac77c8&_ss=r&_fid=10afcbe6f,https://www.gundamplanet.com/cdn/shop/files/hg-gundam-00-diver-arc-gp.jpg?v=1737723208&width=533
gundam,model_kit,Gundam Planet,retailer,us,HGUC MRX-010 Psycho Gundam Mk-II,120.95,,,USD,New,https://www.gundamplanet.com/products/hguc-mrx-010-psycho-gundam-mk-ii?_pos=53&_sid=2afac77c8&_ss=r&_fid=10afcbe6f,https://www.gundamplanet.com/cdn/shop/files/hguc-mrx-010-psycho-gundam-mk-ii-gp.jpg?v=1742224904&width=533
gundam,model_kit,Gundam Planet,retailer,us,MG RX-0 Full Armor Unicorn Gundam Ver.Ka,104.95,,,USD,New,https://www.gundamplanet.com/products/mg-rx-0-full-armor-unicorn-gundam-ver-ka?_pos=54&_sid=2afac77c8&_ss=r&_fid=10afcbe6f,https://www.gundamplanet.com/cdn/shop/files/mg-rx-0-full-armor-unicorn-gundam-ver-ka-00.jpg?v=1737661298&width=533
gundam,model_kit,Gundam Planet,retailer,us,MG MSN-04 Sazabi Ver.Ka,118.95,,,USD,New,https://www.gundamplanet.com/products/mg-msn-04-sazabi-ver-ka?_pos=55&_sid=2afac77c8&_ss=r&_fid=10afcbe6f,https://www.gundamplanet.com/cdn/shop/files/mg-msn-04-sazabi-ver-ka-00.jpg?v=1737662453&width=533
gundam,model_kit,Gundam Planet,retailer,us,HG IBO Gundam Barbatos,14.95,,,USD,New,https://www.gundamplanet.com/products/hg-ibo-gundam-barbatos?_pos=56&_sid=2afac77c8&_ss=r&_fid=10afcbe6f,https://www.gundamplanet.com/cdn/shop/files/hg-ibo-gundam-barbatos-00.jpg?v=1737663993&width=533
gundam,model_kit,Gundam Planet,retailer,us,MG GAT-X105 Aile Strike Gundam Ver.RM,56.95,,,USD,New,https://www.gundamplanet.com/products/mg-gat-x105-aile-strike-gundam-ver-rm?_pos=58&_sid=2afac77c8&_ss=r&_fid=10afcbe6f,https://www.gundamplanet.com/cdn/shop/files/mg-gat-x105-aile-strike-gundam-ver-rm-00.jpg?v=1737661954&width=533
gundam,model_kit,Gundam Planet,retailer,us,MG OZ-13MS Gundam Epyon EW Ver.,56.95,,,USD,New,https://www.gundamplanet.com/products/mg-oz-13ms-gundam-epyon-ew-ver?_pos=59&_sid=2afac77c8&_ss=r&_fid=10afcbe6f,https://www.gundamplanet.com/cdn/shop/files/mg-oz-13ms-gundam-epyon-ew-ver-00.jpg?v=1737660891&width=533
gundam,model_kit,Gundam Planet,retailer,us,Mega Size 1/48 RX-78-2 Gundam,100.95,,,USD,New,https://www.gundamplanet.com/products/mega-size-1-48-rx-78-2-gundam?_pos=60&_sid=2afac77c8&_ss=r&_fid=10afcbe6f,https://www.gundamplanet.com/cdn/shop/files/mega-size-1-48-rx-78-2-gundam-00.jpg?v=1737659920&width=533
gundam,model_kit,Gundam Planet,retailer,us,HGUC AMS-123X-X Moon Gundam,42.95,,,USD,New,https://www.gundamplanet.com/products/hguc-ams-123x-x-moon-gundam?_pos=61&_sid=2afac77c8&_ss=r&_fid=10afcbe6f,https://www.gundamplanet.com/cdn/shop/files/hguc-moon-gundam-gp.jpg?v=1737673129&width=533
gundam,model_kit,Gundam Planet,retailer,us,MG RX-178 Gundam Mk-II Titans Ver 2.0,48.95,,,USD,New,https://www.gundamplanet.com/products/mg-rx-178-gundam-mk-ii-titans-ver-2-0?_pos=62&_sid=2afac77c8&_ss=r&_fid=10afcbe6f,https://www.gundamplanet.com/cdn/shop/files/mg-rx-178-gundam-mk-ii-titans-ver-2-0-00.jpg?v=1737659311&width=533
gundam,model_kit,Gundam Planet,retailer,us,MG MSZ-010 ZZ Gundam Ver.Ka,78.95,,,USD,New,https://www.gundamplanet.com/products/mg-msz-010-zz-gundam-ver-ka?_pos=63&_sid=2afac77c8&_ss=r&_fid=10afcbe6f,https://www.gundamplanet.com/cdn/shop/files/mg-msz-010-zz-gundam-ver-ka-00.jpg?v=1737669692&width=533
gundam,model_kit,Gundam Planet,retailer,us,HG RX-78-2 Gundam (Beyond Global),28.95,,,USD,New,https://www.gundamplanet.com/products/hg-rx-78-2-gundam-beyond-global?_pos=64&_sid=2afac77c8&_ss=r&_fid=10afcbe6f,https://www.gundamplanet.com/cdn/shop/files/hg-gundam-beyond-global-ver-gp.jpg?v=1737680783&width=533
gundam,model_kit,Gundam Planet,retailer,us,HG IBO Gundam Bael,20.95,,,USD,New,https://www.gundamplanet.com/products/hg-ibo-gundam-bael?_pos=65&_sid=2afac77c8&_ss=r&_fid=10afcbe6f,https://www.gundamplanet.com/cdn/shop/files/hg-ibo-gundam-bael-00.jpg?v=1737665373&width=533
gundam,model_kit,Gundam Planet,retailer,us,HG IBO Gundam Kimaris Vidar,18.95,,,USD,New,https://www.gundamplanet.com/products/hg-ibo-gundam-kimaris-vidar?_pos=66&_sid=2afac77c8&_ss=r&_fid=10afcbe6f,https://www.gundamplanet.com/cdn/shop/files/hg-ibo-gundam-kimaris-vidar-00.jpg?v=1737665388&width=533
gundam,model_kit,Gundam Planet,retailer,us,HGAC XXXG-00W0 Wing Gundam Zero,20.95,,,USD,New,https://www.gundamplanet.com/products/hgac-xxxg-00w0-wing-gundam-zero?_pos=67&_sid=2afac77c8&_ss=r&_fid=10afcbe6f,https://www.gundamplanet.com/cdn/shop/files/hgac-xxxg-00w0-wing-gundam-zero-00.jpg?v=1737662366&width=533
gundam,model_kit,Gundam Planet,retailer,us,MGSD Gundam Barbatos,54.95,,,USD,New,https://www.gundamplanet.com/products/mgsd-gundam-barbatos?_pos=68&_sid=2afac77c8&_ss=r&_fid=10afcbe6f,https://www.gundamplanet.com/cdn/shop/files/mgsd-gundam-barbatos-gp.jpg?v=1737724361&width=533
gundam,model_kit,Gundam Planet,retailer,us,RG GF13-017NJII God Gundam (Burning Gundam),50.95,,,USD,New,https://www.gundamplanet.com/products/rg-gf13-017njii-god-gundam?_pos=69&_sid=2afac77c8&_ss=r&_fid=10afcbe6f,https://www.gundamplanet.com/cdn/shop/files/rg-gf13-017njii-god-gundam-gp.jpg?v=1737702404&width=533
gundam,model_kit,Gundam Planet,retailer,us,HG00 Gundam Throne Eins,22.95,,,USD,New,https://www.gundamplanet.com/products/hg00-gundam-throne-eins?_pos=70&_sid=2afac77c8&_ss=r&_fid=10afcbe6f,https://www.gundamplanet.com/cdn/shop/files/hg00-gundam-throne-eins-00.jpg?v=1737660052&width=533
gundam,model_kit,Gundam Planet,retailer,us,MG G-Armor (RX-78-2 Gundam + G-Fighter) Real Type Color Ver.,124.95,,,USD,New,https://www.gundamplanet.com/products/mg-g-armor-rx-78-2-gundam-g-fighter-real-type-color-ver?_pos=71&_sid=2afac77c8&_ss=r&_fid=10afcbe6f,https://www.gundamplanet.com/cdn/shop/files/mg-g-armor-rx-78-2-gundam-g-fighter-real-type-color-ver-00.jpg?v=1737659968&width=533
gundam,model_kit,Gundam Planet,retailer,us,HG IBO Gundam Vidar,16.95,,,USD,New,https://www.gundamplanet.com/products/hg-ibo-gundam-vidar?_pos=72&_sid=2afac77c8&_ss=r&_fid=10afcbe6f,https://www.gundamplanet.com/cdn/shop/files/hg-ibo-gundam-vidar-00.jpg?v=1737665032&width=533
gundam,model_kit,Gundam Planet,retailer,us,MG MSZ-006 Zeta Gundam Ver.Ka,86.95,,,USD,New,https://www.gundamplanet.com/products/mg-msz-006-zeta-gundam-ver-ka?_pos=73&_sid=2afac77c8&_ss=r&_fid=10afcbe6f,https://www.gundamplanet.com/cdn/shop/files/mg-msz-006-zeta-gundam-ver-ka-gpt.jpg?v=1737713212&width=533
gundam,model_kit,Gundam Planet,retailer,us,HGUC MS-06 Zaku II Revive,20.95,,,USD,New,https://www.gundamplanet.com/products/hguc-ms-06-zaku-ii-revive?_pos=74&_sid=2afac77c8&_ss=r&_fid=10afcbe6f,https://www.gundamplanet.com/cdn/shop/files/hguc-ms-06-zaku-ii-revive-gp.jpg?v=1737695180&width=533
gundam,model_kit,Gundam Planet,retailer,us,HG Gaia Gundam,20.95,,,USD,New,https://www.gundamplanet.com/products/hg-gaia-gundam?_pos=75&_sid=2afac77c8&_ss=r&_fid=10afcbe6f,https://www.gundamplanet.com/cdn/shop/files/hg-gaia-gundam-00.jpg?v=1737664759&width=533
gundam,model_kit,Gundam Planet,retailer,us,HG Gaia Gundam,20.95,,,USD,New,https://www.gundamplanet.com/products/hg-gaia-gundam?_pos=76&_sid=2afac77c8&_ss=r&_fid=10afcbe6f,https://www.gundamplanet.com/cdn/shop/files/hg-gaia-gundam-00.jpg?v=1737664759&width=533
gundam,model_kit,Gundam Planet,retailer,us,MG GX-9900 Gundam X,52.95,,,USD,New,https://www.gundamplanet.com/products/mg-gx-9900-gundam-x?_pos=77&_sid=2afac77c8&_ss=r&_fid=10afcbe6f,https://www.gundamplanet.com/cdn/shop/files/mg-gx-9900-gundam-x-base.jpg?v=1785790150&width=533
gundam,model_kit,Gundam Planet,retailer,us,MG ZGMF-X10A Freedom Gundam Ver 2.0,60.95,,,USD,New,https://www.gundamplanet.com/products/mg-zgmf-x10a-freedom-gundam-ver-2-0?_pos=78&_sid=2afac77c8&_ss=r&_fid=10afcbe6f,https://www.gundamplanet.com/cdn/shop/files/mg-zgmf-x10a-freedom-gundam-ver-2-0-00_1.jpg?v=1737664278&width=533
gundam,model_kit,Gundam Planet,retailer,us,[DX03] Gundam Assemble Deluxe Set 03,162.95,,,USD,New,https://www.gundamplanet.com/products/dx03-gundam-assemble-deluxe-set-03?_pos=79&_sid=2afac77c8&_ss=r&_fid=10afcbe6f,https://www.gundamplanet.com/cdn/shop/files/dx03-gundam-assemble-deluxe-set-03-gp.jpg?v=1784315437&width=533
gundam,model_kit,Gundam Planet,retailer,us,MG MS-06J Zaku II Ver 2.0,48.95,,,USD,New,https://www.gundamplanet.com/products/mg-ms-06j-zaku-ii-ver-2-0?_pos=80&_sid=2afac77c8&_ss=r&_fid=10afcbe6f,https://www.gundamplanet.com/cdn/shop/files/mg-ms-06j-zaku-ii-ver-2-0-00_1.jpg?v=1737659371&width=533
gundam,model_kit,Gundam Planet,retailer,us,HG MS-06-SSP Police Zaku,24.95,,,USD,New,https://www.gundamplanet.com/products/hg-ms-06-ssp-police-zaku?_pos=81&_sid=2afac77c8&_ss=r&_fid=10afcbe6f,https://www.gundamplanet.com/cdn/shop/files/hg-police-zaku-base2.jpg?v=1744075513&width=533
gundam,model_kit,Gundam Planet,retailer,us,MG PF-78-1 Perfect Gundam,54.95,,,USD,New,https://www.gundamplanet.com/products/mg-pf-78-1-perfect-gundam?_pos=82&_sid=2afac77c8&_ss=r&_fid=10afcbe6f,https://www.gundamplanet.com/cdn/shop/files/mg-pf-78-1-perfect-gundam-00.jpg?v=1737659196&width=533
gundam,model_kit,Gundam Planet,retailer,us,HG Gundam Helios,28.95,,,USD,New,https://www.gundamplanet.com/products/hg-gundam-helios?_pos=83&_sid=2afac77c8&_ss=r&_fid=10afcbe6f,https://www.gundamplanet.com/cdn/shop/files/hg-gundam-helios-gp.jpg?v=1737694501&width=533
gundam,model_kit,Gundam Planet,retailer,us,MG XM-X1 Crossbone Gundam Full Cloth,54.95,,,USD,New,https://www.gundamplanet.com/products/mg-xm-x1-crossbone-gundam-full-cloth?_pos=84&_sid=2afac77c8&_ss=r&_fid=10afcbe6f,https://www.gundamplanet.com/cdn/shop/files/mg-xm-x1-crossbone-gundam-full-cloth-00.jpg?v=1737659444&width=533
gundam,model_kit,Gundam Planet,retailer,us,Gundam Universe GNT-0000 00 QAN[T],24.95,,,USD,New,https://www.gundamplanet.com/products/gundam-universe-gnt-0000-00-qan-t?_pos=85&_sid=2afac77c8&_ss=r&_fid=10afcbe6f,https://www.gundamplanet.com/cdn/shop/files/gundam-universe-gnt-0000-00-qan-t7.jpg?v=1737721989&width=533
gundam,model_kit,Gundam Planet,retailer,us,HG MS-06S Char's Zaku (GQ Ver.),26.95,,,USD,New,https://www.gundamplanet.com/products/hg-ms-06s-chars-zaku-gq-ver?_pos=86&_sid=2afac77c8&_ss=r&_fid=10afcbe6f,https://www.gundamplanet.com/cdn/shop/files/hg-ms-06s-chars-zaku-gq-ver-base.jpg?v=1764626966&width=533
gundam,model_kit,Gundam Planet,retailer,us,HGAC XXXG-01D Gundam Deathscythe,20.95,,,USD,New,https://www.gundamplanet.com/products/hgac-xxxg-01d-gundam-deathscythe?_pos=88&_sid=2afac77c8&_ss=r&_fid=10afcbe6f,https://www.gundamplanet.com/cdn/shop/files/hgac-xxxg-01d-gundam-deathscythe-gp.jpg?v=1737689398&width=533
gundam,model_kit,Gundam Planet,retailer,us,HGUC RX-78GP02 Gundam GP02 Type MLRS,30.95,,,USD,New,https://www.gundamplanet.com/products/hguc-rx-78gp02-gundam-gp02-type-mlrs?_pos=89&_sid=2afac77c8&_ss=r&_fid=10afcbe6f,https://www.gundamplanet.com/cdn/shop/files/hguc-rx-78gp02-gundam-gp02-type-mlrs-00.jpg?v=1781201074&width=533
gundam,model_kit,Gundam Planet,retailer,us,MG MVF-X08 Eclipse Gundam,68.95,,,USD,New,https://www.gundamplanet.com/products/mg-mvf-x08-eclipse-gundam?_pos=90&_sid=2afac77c8&_ss=r&_fid=10afcbe6f,https://www.gundamplanet.com/cdn/shop/files/mg-mvf-x08-eclipse-gundam-gp.jpg?v=1737692033&width=533
gundam,model_kit,Gundam Planet,retailer,us,MG XXXG-01W Wing Gundam,54.95,,,USD,New,https://www.gundamplanet.com/products/mg-xxxg-01w-wing-gundam?_pos=91&_sid=2afac77c8&_ss=r&_fid=10afcbe6f,https://www.gundamplanet.com/cdn/shop/files/mg-xxxg-01w-wing-gundam-00.jpg?v=1737659880&width=533
gundam,model_kit,Gundam Planet,retailer,us,FG RX-78-2 Gundam,10.0,,,USD,New,https://www.gundamplanet.com/products/fg-rx-78-2-gundam?_pos=92&_sid=2afac77c8&_ss=r&_fid=10afcbe6f,https://www.gundamplanet.com/cdn/shop/files/fg-rx-78-2-gundam-01.jpg?v=1737661420&width=533
gundam,model_kit,Gundam Planet,retailer,us,MG XXXG-01W Wing Gundam EW Ver.,42.95,,,USD,New,https://www.gundamplanet.com/products/mg-xxxg-01w-wing-gundam-ew-ver?_pos=93&_sid=2afac77c8&_ss=r&_fid=10afcbe6f,https://www.gundamplanet.com/cdn/shop/files/mg-xxxg-01w-wing-gundam-ew-ver-gp.jpg?v=1737660805&width=533
gundam,model_kit,Gundam Planet,retailer,us,HG Shin Burning Gundam,34.95,,,USD,New,https://www.gundamplanet.com/products/hg-shin-burning-gundam?_pos=94&_sid=2afac77c8&_ss=r&_fid=10afcbe6f,https://www.gundamplanet.com/cdn/shop/files/hg-shin-burning-gundam-gp.jpg?v=1737724482&width=533
gundam,model_kit,Gundam Planet,retailer,us,HGUC MSN-04 II Nightingale,90.95,,,USD,New,https://www.gundamplanet.com/products/hguc-msn-04-ii-nightingale?_pos=95&_sid=2afac77c8&_ss=r&_fid=10afcbe6f,https://www.gundamplanet.com/cdn/shop/files/hguc-msn-04-ii-nightingale-gp.jpg?v=1737692548&width=533
gundam,model_kit,Gundam Planet,retailer,us,HGUC RX-78-2 Gundam Revive,14.95,,,USD,New,https://www.gundamplanet.com/products/hguc-rx-78-2-gundam-revive?_pos=96&_sid=2afac77c8&_ss=r&_fid=10afcbe6f,https://www.gundamplanet.com/cdn/shop/files/hguc-rx-78-2-gundam-revive-00_1.jpg?v=1737663235&width=533
gundam,model_kit,Gundam Planet,retailer,us,PG XXXG-00W0 Wing Gundam Zero Custom,194.95,,,USD,New,https://www.gundamplanet.com/products/pg-xxxg-00w0-wing-gundam-zero-custom?_pos=97&_sid=2afac77c8&_ss=r&_fid=10afcbe6f,https://www.gundamplanet.com/cdn/shop/files/pg-xxxg-00w0-wing-gundam-zero-custom-00.jpg?v=1737659703&width=533
gundam,model_kit,Gundam Planet,retailer,us,HGCE ZGMF-X191M2 Infinite Justice Gundam Type II,32.95,,,USD,New,https://www.gundamplanet.com/products/hgce-zgmf-x191m2-infinite-justice-gundam-type-ii?_pos=98&_sid=2afac77c8&_ss=r&_fid=10afcbe6f,https://www.gundamplanet.com/cdn/shop/files/hgce-zgmf-x191m2-infinite-justice-gundam-type-ii-gp.jpg?v=1737734542&width=533
gundam,model_kit,Gundam Planet,retailer,us,HGBF Build Strike Gundam Full Package,18.95,,,USD,New,https://www.gundamplanet.com/products/hgbf-build-strike-gundam-full-package?_pos=99&_sid=2afac77c8&_ss=r&_fid=10afcbe6f,https://www.gundamplanet.com/cdn/shop/files/hgbf-build-strike-gundam-full-package-00.jpg?v=1737662096&width=533
gundam,model_kit,Gundam Planet,retailer,us,HG IBO Gundam Barbatos Lupus,16.95,,,USD,New,https://www.gundamplanet.com/products/hg-ibo-gundam-barbatos-lupus?_pos=100&_sid=2afac77c8&_ss=r&_fid=10afcbe6f,https://www.gundamplanet.com/cdn/shop/files/hg-ibo-gundam-barbatos-lupus-00.jpg?v=1737664944&width=533
gundam,model_kit,Gundam Planet,retailer,us,HGCC WD-M01 Turn A Gundam,20.95,,,USD,New,https://www.gundamplanet.com/products/hgcc-wd-m01-turn-a-gundam?_pos=101&_sid=2afac77c8&_ss=r&_fid=10afcbe6f,https://www.gundamplanet.com/cdn/shop/files/hgcc-wd-m01-turn-a-gundam-00.jpg?v=1737662353&width=533
gundam,model_kit,Gundam Planet,retailer,us,Metal Build Gundam Barbatos (4th Form) + Boomerang Mace,350.95,,,USD,New,https://www.gundamplanet.com/products/metal-build-gundam-barbatos-4th-form-boomerang-mace?_pos=102&_sid=2afac77c8&_ss=r&_fid=10afcbe6f,https://www.gundamplanet.com/cdn/shop/files/metal-build-gundam-barbatos-4th-form-boomerang-mace-base2.jpg?v=1765238522&width=533
gundam,model_kit,Gundam Planet,retailer,us,SD Gundam EX-Standard Wing Gundam Zero,12.95,,,USD,New,https://www.gundamplanet.com/products/sd-gundam-ex-standard-wing-gundam-zero?_pos=103&_sid=2afac77c8&_ss=r&_fid=10afcbe6f,https://www.gundamplanet.com/cdn/shop/files/sd-gundam-ex-standard-wing-gundam-zero-gp.jpg?v=1737691851&width=533
gundam,model_kit,Gundam Planet,retailer,us,HGAC XXXG-01S Shenlong Gundam,20.95,,,USD,New,https://www.gundamplanet.com/products/hgac-xxxg-01s-shenlong-gundam?_pos=104&_sid=2afac77c8&_ss=r&_fid=10afcbe6f,https://www.gundamplanet.com/cdn/shop/files/hgac-xxxg-01s-shenlong-gundam-gp.jpg?v=1737706441&width=533
gundam,model_kit,Gundam Planet,retailer,us,Best Mecha Collection 1/144 RX-78-2 Gundam (Revival Ver.),14.95,,,USD,New,https://www.gundamplanet.com/products/best-mecha-collection-1-144-rx-78-2-gundam-revival-ver?_pos=107&_sid=2afac77c8&_ss=r&_fid=10afcbe6f,https://www.gundamplanet.com/cdn/shop/files/best-mecha-collection-1-144-rx-78-2-gundam-revival-ver-gp_1.jpg?v=1737742344&width=533
gundam,model_kit,Gundam Planet,retailer,us,HGBF Gundam Lightning Black Warrior,24.95,,,USD,New,https://www.gundamplanet.com/products/hgbf-gundam-lightning-black-warrior?_pos=108&_sid=2afac77c8&_ss=r&_fid=10afcbe6f,https://www.gundamplanet.com/cdn/shop/files/hgbf-gundam-lightning-black-warrior-00.jpg?v=1737669867&width=533
gundam,model_kit,Gundam Planet,retailer,us,HGBF Kamiki Burning Gundam,24.95,,,USD,New,https://www.gundamplanet.com/products/hgbf-kamiki-burning-gundam?_pos=109&_sid=2afac77c8&_ss=r&_fid=10afcbe6f,https://www.gundamplanet.com/cdn/shop/files/hgbf-kamiki-burning-gundam-base1.jpg?v=1748534857&width=533
gundam,model_kit,Gundam Planet,retailer,us,MG LM312V04 Victory Gundam Ver.Ka,52.95,,,USD,New,https://www.gundamplanet.com/products/mg-lm312v04-victory-gundam-ver-ka?_pos=110&_sid=2afac77c8&_ss=r&_fid=10afcbe6f,https://www.gundamplanet.com/cdn/shop/files/mg-lm312v04-victory-gundam-ver-ka-00.jpg?v=1737664662&width=533
gundam,model_kit,Gundam Planet,retailer,us,HG Gundam Lfrith,22.95,,,USD,New,https://www.gundamplanet.com/products/hg-gundam-lfrith?_pos=111&_sid=2afac77c8&_ss=r&_fid=10afcbe6f,https://www.gundamplanet.com/cdn/shop/files/hg-gundam-lfrith-gp3.jpg?v=1737711066&width=533
gundam,model_kit,Gundam Planet,retailer,us,HGUC RX-78AN-01 Gundam AN-01 Tristan,20.95,,,USD,New,https://www.gundamplanet.com/products/hguc-rx-78an-01-gundam-an-01-tristan?_pos=112&_sid=2afac77c8&_ss=r&_fid=10afcbe6f,https://www.gundamplanet.com/cdn/shop/files/hguc-rx-78an-01-gundam-an-01-tristan-00_1.jpg?v=1737669274&width=533
gundam,model_kit,Gundam Planet,retailer,us,HG MS-05B Zaku I (Gundam Thunderbolt Anime Ver.),26.95,,,USD,New,https://www.gundamplanet.com/products/hg-ms-05b-zaku-i-gundam-thunderbolt-anime-ver?_pos=113&_sid=2afac77c8&_ss=r&_fid=10afcbe6f,https://www.gundamplanet.com/cdn/shop/files/hg-ms-05b-zaku-i-gundam-thunderbolt-anime-ver-00.jpg?v=1781202371&width=533
gundam,model_kit,Gundam Planet,retailer,us,HGFC GF13-017NJII God Gundam (Burning Gundam),24.95,,,USD,New,https://www.gundamplanet.com/products/hgfc-gf13-017njii-god-gundam?_pos=114&_sid=2afac77c8&_ss=r&_fid=10afcbe6f,https://www.gundamplanet.com/cdn/shop/files/hgfc-gf13-017njii-god-gundam-00.jpg?v=1737659953&width=533
gundam,other,Gundam Planet,retailer,us,[PA01] Gundam Assemble Paint Pack 01,48.95,,,USD,New,https://www.gundamplanet.com/products/pa01-gundam-assemble-paint-pack-01?_pos=115&_sid=2afac77c8&_ss=r&_fid=10afcbe6f,https://www.gundamplanet.com/cdn/shop/files/pa01-gundam-assemble-paint-pack-011.jpg?v=1772584829&width=533
gundam,model_kit,Gundam Planet,retailer,us,MG ASW-G-08 Gundam Barbatos,60.95,,,USD,New,https://www.gundamplanet.com/products/mg-asw-g-08-gundam-barbatos?_pos=116&_sid=2afac77c8&_ss=r&_fid=10afcbe6f,https://www.gundamplanet.com/cdn/shop/files/mg-asw-g-08-gundam-barbatos-gp.jpg?v=1737677587&width=533
gundam,model_kit,Gundam Planet,retailer,us,HGUC MSZ-010 ZZ Gundam,32.95,,,USD,New,https://www.gundamplanet.com/products/hguc-msz-010-zz-gundam?_pos=117&_sid=2afac77c8&_ss=r&_fid=10afcbe6f,https://www.gundamplanet.com/cdn/shop/files/hguc-msz-010-zz-gundam-00.jpg?v=1737660275&width=533
gundam,model_kit,Gundam Planet,retailer,us,HG Gundam G-Lucifer,26.95,,,USD,New,https://www.gundamplanet.com/products/hg-gundam-g-lucifer?_pos=118&_sid=2afac77c8&_ss=r&_fid=10afcbe6f,https://www.gundamplanet.com/cdn/shop/files/hg-gundam-g-lucifer-00.jpg?v=1737663182&width=533
gundam,model_kit,Gundam Planet,retailer,us,MG ZGMF-X09A Justice Gundam,64.95,,,USD,New,https://www.gundamplanet.com/products/mg-zgmf-x09a-justice-gundam?_pos=119&_sid=2afac77c8&_ss=r&_fid=10afcbe6f,https://www.gundamplanet.com/cdn/shop/files/mg-zgmf-x09a-justice-gundam-00.jpg?v=1737668792&width=533
gundam,model_kit,Gundam Planet,retailer,us,MG GAT-X303 Aegis Gundam,58.95,,,USD,New,https://www.gundamplanet.com/products/mg-gat-x303-aegis-gundam?_pos=120&_sid=2afac77c8&_ss=r&_fid=10afcbe6f,https://www.gundamplanet.com/cdn/shop/files/mg-gat-x303-aegis-gundam-00_1.jpg?v=1737661851&width=533
gundam,model_kit,Gundam Planet,retailer,us,HG Gundam Ground Urban Combat Type,24.95,,,USD,New,https://www.gundamplanet.com/products/hg-gundam-ground-urban-combat-type?_pos=122&_sid=2afac77c8&_ss=r&_fid=10afcbe6f,https://www.gundamplanet.com/cdn/shop/files/hg-gundam-ground-urban-combat-type-gp.jpg?v=1737695033&width=533
gundam,model_kit,Gundam Planet,retailer,us,MG XXXG-01D Gundam Deathscythe EW Ver.,44.95,,,USD,New,https://www.gundamplanet.com/products/mg-xxxg-01d-gundam-deathscythe-ew-ver?_pos=123&_sid=2afac77c8&_ss=r&_fid=10afcbe6f,https://www.gundamplanet.com/cdn/shop/files/mg-xxxg-01d-gundam-deathscythe-ew-ver-00.jpg?v=1737659951&width=533
gundam,model_kit,Gundam Planet,retailer,us,MG Gundam AGE-1 Titus,48.95,,,USD,New,https://www.gundamplanet.com/products/mg-gundam-age-1-titus?_pos=124&_sid=2afac77c8&_ss=r&_fid=10afcbe6f,https://www.gundamplanet.com/cdn/shop/files/mg-gundam-age-1-titus-00.jpg?v=1737661464&width=533
gundam,model_kit,Gundam Planet,retailer,us,RG MSN-04 Sazabi,62.95,,,USD,New,https://www.gundamplanet.com/products/rg-msn-04-sazabi?_pos=125&_sid=2afac77c8&_ss=r&_fid=10afcbe6f,https://www.gundamplanet.com/cdn/shop/files/rg-msn-04-sazabi-gp.jpg?v=1737672466&width=533
gundam,model_kit,Gundam Planet,retailer,us,HG Gundam Lfrith Thorn,22.95,,,USD,New,https://www.gundamplanet.com/products/hg-gundam-lfrith-thorn?_pos=126&_sid=2afac77c8&_ss=r&_fid=10afcbe6f,https://www.gundamplanet.com/cdn/shop/files/hg-gundam-lfrith-thorn-gp.jpg?v=1737714551&width=533
gundam,model_kit,Gundam Planet,retailer,us,HGUC MSN-001 Delta Gundam,52.95,,,USD,New,https://www.gundamplanet.com/products/hguc-msn-001-delta-gundam?_pos=127&_sid=2afac77c8&_ss=r&_fid=10afcbe6f,https://www.gundamplanet.com/cdn/shop/files/hguc-msn-001-delta-gundam-base.jpg?v=1754699521&width=533
gundam,model_kit,Gundam Planet,retailer,us,HGUC MSA-0011[Ext] Ex-S Gundam,32.95,,,USD,New,https://www.gundamplanet.com/products/hguc-msa-0011-ext-ex-s-gundam?_pos=128&_sid=2afac77c8&_ss=r&_fid=10afcbe6f,https://www.gundamplanet.com/cdn/shop/files/hguc-msa-0011-ext-ex-s-gundam-00.jpg?v=1781306701&width=533
gundam,model_kit,Gundam Planet,retailer,us,[ST01] Gundam Assemble Starter Set 01,34.95,,,USD,New,https://www.gundamplanet.com/products/st01-gundam-assemble-starter-set-01?_pos=129&_sid=2afac77c8&_ss=r&_fid=10afcbe6f,https://www.gundamplanet.com/cdn/shop/files/st01-gundam-assemble-starter-set-011.jpg?v=1772584809&width=533
gundam,model_kit,Gundam Planet,retailer,us,Gundam Universe - Mighty Strike Freedom Gundam,35.95,,,USD,New,https://www.gundamplanet.com/products/gundam-universe-mighty-strike-freedom-gundam?_pos=130&_sid=2afac77c8&_ss=r&_fid=10afcbe6f,https://www.gundamplanet.com/cdn/shop/files/gundam-universe-mighty-strike-freedom-gundam_1.jpg?v=1765078177&width=533
gundam,model_kit,Gundam Planet,retailer,us,MG MSN-00100 Hyaku-Shiki Ver 2.0,88.95,,,USD,New,https://www.gundamplanet.com/products/mg-msn-00100-hyaku-shiki-ver-2-0?_pos=131&_sid=2afac77c8&_ss=r&_fid=10afcbe6f,https://www.gundamplanet.com/cdn/shop/files/mg-msn-00100-hyaku-shiki-ver-2-0-00_1.jpg?v=1737663274&width=533
gundam,model_kit,Gundam Planet,retailer,us,MG F-91 Gundam F91 Ver 2.0,54.95,,,USD,New,https://www.gundamplanet.com/products/mg-f-91-gundam-f91-ver-2-0?_pos=132&_sid=2afac77c8&_ss=r&_fid=10afcbe6f,https://www.gundamplanet.com/cdn/shop/files/mg-gundam-f91-ver-2-gp.jpg?v=1737671977&width=533
gundam,model_kit,Gundam Planet,retailer,us,HG Plutine Gundam,30.95,,,USD,New,https://www.gundamplanet.com/products/hg-plutine-gundam?_pos=133&_sid=2afac77c8&_ss=r&_fid=10afcbe6f,https://www.gundamplanet.com/cdn/shop/files/hg-plutine-gundam-gp.jpg?v=1737723186&width=533
gundam,model_kit,Gundam Planet,retailer,us,NXEDGE Style Xi Gundam,59.95,,,USD,New,https://www.gundamplanet.com/products/nxedge-style-xi-gundam?_pos=136&_sid=2afac77c8&_ss=r&_fid=10afcbe6f,https://www.gundamplanet.com/cdn/shop/files/nxedge-style-xi-gundam-fr.jpg?v=1737690459&width=533
gundam,model_kit,Gundam Planet,retailer,us,MG RX-78-2 Gundam Ver.Ka,38.95,,,USD,New,https://www.gundamplanet.com/products/mg-rx-78-2-gundam-ver-ka?_pos=137&_sid=2afac77c8&_ss=r&_fid=10afcbe6f,https://www.gundamplanet.com/cdn/shop/files/mg-rx-78-2-gundam-ver-ka-00_1.jpg?v=1737659242&width=533
gundam,model_kit,Gundam Planet,retailer,us,Gundam Universe Gundam Epyon (Mobile Suit Gundam Wing),38.95,,,USD,New,https://www.gundamplanet.com/products/gundam-universe-gundam-epyon-mobile-suit-gundam-wing?_pos=138&_sid=2afac77c8&_ss=r&_fid=10afcbe6f,https://www.gundamplanet.com/cdn/shop/files/gundam-universe-gundam-epyon-mobile-suit-gundam-wing-base.jpg?v=1750175467&width=533
gundam,model_kit,Gundam Planet,retailer,us,MG MS-09 Dom (Update),60.95,,,USD,New,https://www.gundamplanet.com/products/mg-ms-09-dom-update?_pos=139&_sid=2afac77c8&_ss=r&_fid=10afcbe6f,https://www.gundamplanet.com/cdn/shop/files/mg-dom-revive-gp.jpg?v=1737699579&width=533
gundam,model_kit,Gundam Planet,retailer,us,Metal Build Freedom Gundam Concept 2,350.95,,,USD,New,https://www.gundamplanet.com/products/metal-build-freedom-gundam-concept-2?_pos=140&_sid=2afac77c8&_ss=r&_fid=10afcbe6f,https://www.gundamplanet.com/cdn/shop/files/metal-build-freedom-gundam-concept-2.jpg?v=1754076343&width=533
gundam,model_kit,Gundam Planet,retailer,us,HG Chaos Gundam,20.95,,,USD,New,https://www.gundamplanet.com/products/hg-chaos-gundam?_pos=141&_sid=2afac77c8&_ss=r&_fid=10afcbe6f,https://www.gundamplanet.com/cdn/shop/files/hg-chaos-gundam-00.jpg?v=1737664755&width=533
gundam,model_kit,Gundam Planet,retailer,us,HGUC MSZ-006 Zeta Gundam Revive,24.95,,,USD,New,https://www.gundamplanet.com/products/hguc-msz-006-zeta-gundam-revive?_pos=143&_sid=2afac77c8&_ss=r&_fid=10afcbe6f,https://www.gundamplanet.com/cdn/shop/files/hguc-msz-006-zeta-gundam-revive-00_1.jpg?v=1737665427&width=533
gundam,model_kit,Gundam Planet,retailer,us,MG RX-78GP01Fb Gundam GP01Fb Full Burnern,42.95,,,USD,New,https://www.gundamplanet.com/products/mg-rx-78gp01fb-gundam-gp01fb-full-burnern?_pos=144&_sid=2afac77c8&_ss=r&_fid=10afcbe6f,https://www.gundamplanet.com/cdn/shop/files/mg-gundam-gp01fb-full-burnern-gp.jpg?v=1737659103&width=533
gundam,model_kit,Gundam Planet,retailer,us,Metal Build God Gundam & God Gundam II (Burning Gundam),434.95,,,USD,New,https://www.gundamplanet.com/products/metal-build-god-gundam-god-gundam-ii-burning-gundam?_pos=145&_sid=2afac77c8&_ss=r&_fid=10afcbe6f,https://www.gundamplanet.com/cdn/shop/files/metal-build-burning-gundam-burning-gundam-second-god-gundam-base.jpg?v=1743375167&width=533
gundam,model_kit,Gundam Planet,retailer,us,PG GAT-X105+AQM/E-YM1 Perfect Strike Gundam,298.95,,,USD,New,https://www.gundamplanet.com/products/pg-gat-x105-aqm-e-ym1-perfect-strike-gundam?_pos=146&_sid=2afac77c8&_ss=r&_fid=10afcbe6f,https://www.gundamplanet.com/cdn/shop/files/pg-perfect-strike-gundam-gp.jpg?v=1737679378&width=533
gundam,model_kit,Gundam Planet,retailer,us,HGUC RX-121-1 Gundam TR-1 [Hazel Custom],18.95,,,USD,New,https://www.gundamplanet.com/products/hguc-rx-121-1-gundam-tr-1-hazel-custom?_pos=147&_sid=2afac77c8&_ss=r&_fid=10afcbe6f,https://www.gundamplanet.com/cdn/shop/files/hguc-rx-121-1-gundam-tr-1-hazel-custom-gp.jpg?v=1737658824&width=533
gundam,model_kit,Gundam Planet,retailer,us,[EX07] Gundam Assemble Expansion Pack 07,39.95,,,USD,New,https://www.gundamplanet.com/products/ex07-gundam-assemble-expansion-pack-07?_pos=148&_sid=2afac77c8&_ss=r&_fid=10afcbe6f,https://www.gundamplanet.com/cdn/shop/files/ex07-gundam-assemble-expansion-set-07-gp.jpg?v=1784315180&width=533
gundam,model_kit,Gundam Planet,retailer,us,MG ZGMF-X42S Destiny Gundam,58.95,,,USD,New,https://www.gundamplanet.com/products/mg-zgmf-x42s-destiny-gundam?_pos=149&_sid=2afac77c8&_ss=r&_fid=10afcbe6f,https://www.gundamplanet.com/cdn/shop/files/mg-zgmf-x42s-destiny-gundam-00.jpg?v=1737659477&width=533
gundam,model_kit,Gundam Planet,retailer,us,Metal Robot Spirits Wing Gundam,210.95,,,USD,New,https://www.gundamplanet.com/products/metal-robot-spirits-wing-gundam?_pos=152&_sid=2afac77c8&_ss=r&_fid=10afcbe6f,https://www.gundamplanet.com/cdn/shop/files/metal-robot-spirits-wing-gundam-fr.jpg?v=1753476389&width=533
gundam,model_kit,Gundam Planet,retailer,us,1/144 Machine Build Budd-Carrier (Mobile Fighter G Gundam),129.95,,,USD,New,https://www.gundamplanet.com/products/1-144-machine-build-budd-carrier-mobile-fighter-g-gundam?_pos=153&_sid=2afac77c8&_ss=r&_fid=10afcbe6f,https://www.gundamplanet.com/cdn/shop/files/1-144-machine-build-budd-carrier-gp2.jpg?v=1737752464&width=533
gundam,model_kit,Gundam Planet,retailer,us,HG00 Gundam Dynames,18.95,,,USD,New,https://www.gundamplanet.com/products/hg00-gundam-dynames?_pos=154&_sid=2afac77c8&_ss=r&_fid=10afcbe6f,https://www.gundamplanet.com/cdn/shop/files/hg00-gundam-dynames-01.jpg?v=1737659987&width=533
gundam,model_kit,Gundam Planet,retailer,us,HG IBO Gundam Astaroth,14.95,,,USD,New,https://www.gundamplanet.com/products/hg-ibo-gundam-astaroth?_pos=155&_sid=2afac77c8&_ss=r&_fid=10afcbe6f,https://www.gundamplanet.com/cdn/shop/files/hg-ibo-gundam-astaroth-00.jpg?v=1737664518&width=533
gundam,model_kit,Gundam Planet,retailer,us,MG GF13-017NJII God Gundam (Burning Gundam),34.95,,,USD,New,https://www.gundamplanet.com/products/mg-gf13-017njii-god-gundam?_pos=156&_sid=2afac77c8&_ss=r&_fid=10afcbe6f,https://www.gundamplanet.com/cdn/shop/files/mg-gf13-017njii-god-gundam-00.jpg?v=1737659210&width=533
gundam,model_kit,Gundam Planet,retailer,us,HGUC RX-178 Gundam Mk-II Titans Revive,20.95,,,USD,New,https://www.gundamplanet.com/products/hguc-rx-178-gundam-mk-ii-titans-revive?_pos=157&_sid=2afac77c8&_ss=r&_fid=10afcbe6f,https://www.gundamplanet.com/cdn/shop/files/hguc-rx-178-gundam-mk-ii-titans-revive-00.jpg?v=1737664086&width=533
gundam,model_kit,Gundam Planet,retailer,us,HG00 Gundam Virtue,20.95,,,USD,New,https://www.gundamplanet.com/products/hg00-gundam-virtue?_pos=158&_sid=2afac77c8&_ss=r&_fid=10afcbe6f,https://www.gundamplanet.com/cdn/shop/files/hg00-gundam-virtue-01.jpg?v=1737660036&width=533
gundam,model_kit,Gundam Planet,retailer,us,MG GF13-001NHII Master Gundam,38.95,,,USD,New,https://www.gundamplanet.com/products/mg-gf13-001nhii-master-gundam?_pos=160&_sid=2afac77c8&_ss=r&_fid=10afcbe6f,https://www.gundamplanet.com/cdn/shop/files/mg-gf13-001nhii-master-gundam-00.jpg?v=1737659227&width=533
gundam,model_kit,Gundam Planet,retailer,us,Gundam Artifact PRO Zaku II High Mobility Type (Black Tri-Stars Custom),70.95,,,USD,New,https://www.gundamplanet.com/products/gundam-artifact-pro-zaku-ii-high-mobility-type-black-tri-stars-custom?_pos=161&_sid=2afac77c8&_ss=r&_fid=10afcbe6f,https://www.gundamplanet.com/cdn/shop/files/gundam-artifact-pro-zaku-ii-high-mobility-type-black-tri-stars-custom1.jpg?v=1779485905&width=533
gundam,model_kit,Gundam Planet,retailer,us,HG Gundam Perfect Strike Freedom,28.95,,,USD,New,https://www.gundamplanet.com/products/hg-gundam-perfect-strike-freedom?_pos=162&_sid=2afac77c8&_ss=r&_fid=10afcbe6f,https://www.gundamplanet.com/cdn/shop/files/hg-gundam-perfect-strike-freedom-gp.jpg?v=1737694529&width=533
gundam,model_kit,Gundam Planet,retailer,us,MG XXXG-01H Gundam Heavyarms EW Ver.,44.95,,,USD,New,https://www.gundamplanet.com/products/mg-xxxg-01h-gundam-heavyarms-ew-ver?_pos=163&_sid=2afac77c8&_ss=r&_fid=10afcbe6f,https://www.gundamplanet.com/cdn/shop/files/mg-xxxg-01h-gundam-heavyarms-ew-ver-00.jpg?v=1737661433&width=533
gundam,model_kit,Gundam Planet,retailer,us,MG XM-X1 Crossbone Gundam X1 Ver.Ka,44.95,,,USD,New,https://www.gundamplanet.com/products/mg-xm-x1-crossbone-gundam-x1-ver-ka?_pos=164&_sid=2afac77c8&_ss=r&_fid=10afcbe6f,https://www.gundamplanet.com/cdn/shop/files/mg-xm-x1-crossbone-gundam-x1-ver-ka-00.jpg?v=1737659377&width=533
gundam,model_kit,Gundam Planet,retailer,us,MG Gundam AGE-2 Normal,54.95,,,USD,New,https://www.gundamplanet.com/products/mg-gundam-age-2-normal?_pos=166&_sid=2afac77c8&_ss=r&_fid=10afcbe6f,https://www.gundamplanet.com/cdn/shop/files/mg-gundam-age-2-normal-00.jpg?v=1737661784&width=533
gundam,model_kit,Gundam Planet,retailer,us,HG00 Gundam Kyrios,20.95,,,USD,New,https://www.gundamplanet.com/products/hg00-gundam-kyrios?_pos=167&_sid=2afac77c8&_ss=r&_fid=10afcbe6f,https://www.gundamplanet.com/cdn/shop/files/hg00-gundam-kyrios-00.jpg?v=1737659993&width=533
gundam,model_kit,Gundam Planet,retailer,us,MG RX-78-4 Gundam Unit 4,40.95,,,USD,New,https://www.gundamplanet.com/products/mg-rx-78-4-gundam-unit-4?_pos=169&_sid=2afac77c8&_ss=r&_fid=10afcbe6f,https://www.gundamplanet.com/cdn/shop/files/mg-rx-78-4-gundam-unit-4-00.jpg?v=1737659281&width=533
gundam,model_kit,Gundam Planet,retailer,us,[EX08] Gundam Assemble Expansion Pack 08,39.95,,,USD,New,https://www.gundamplanet.com/products/ex08-gundam-assemble-expansion-pack-08?_pos=171&_sid=2afac77c8&_ss=r&_fid=10afcbe6f,https://www.gundamplanet.com/cdn/shop/files/ex08-gundam-assemble-expansion-set-08-gp.jpg?v=1784315309&width=533
gundam,model_kit,Gundam Planet,retailer,us,PG Unleashed Nu Gundam LED Unit Set,179.95,,,USD,New,https://www.gundamplanet.com/products/pg-unleashed-nu-gundam-led-unit-set?_pos=172&_sid=2afac77c8&_ss=r&_fid=10afcbe6f,https://www.gundamplanet.com/cdn/shop/files/pg-unleashed-nu-gundam-led-unit-set-base-t.jpg?v=1749511459&width=533
gundam,model_kit,Gundam Planet,retailer,us,MG LM314V21 V2 Gundam Ver.Ka,60.95,,,USD,New,https://www.gundamplanet.com/products/mg-lm314v21-v2-gundam-ver-ka?_pos=173&_sid=2afac77c8&_ss=r&_fid=10afcbe6f,https://www.gundamplanet.com/cdn/shop/files/mg-lm314v21-v2-gundam-ver-ka-00_2.jpg?v=1737664122&width=533
gundam,model_kit,Gundam Planet,retailer,us,HGAW NRX-0015 Gundam Ashtaron,43.95,,,USD,New,https://www.gundamplanet.com/products/hgaw-nrx-0015-gundam-ashtaron?_pos=174&_sid=2afac77c8&_ss=r&_fid=10afcbe6f,https://www.gundamplanet.com/cdn/shop/files/hgaw-test-gundam-ashtaron-base.jpg?v=1780078170&width=533
gundam,model_kit,Gundam Planet,retailer,us,RG ZGMF-X42S Destiny Gundam,30.95,,,USD,New,https://www.gundamplanet.com/products/rg-zgmf-x42s-destiny-gundam?_pos=175&_sid=2afac77c8&_ss=r&_fid=10afcbe6f,https://www.gundamplanet.com/cdn/shop/files/rg-zgmf-x42s-destiny-gundam-00.jpg?v=1737661900&width=533
gundam,model_kit,Gundam Planet,retailer,us,HGAC XXXG-01H Gundam Heavyarms,20.95,,,USD,New,https://www.gundamplanet.com/products/hgac-xxxg-01h-gundam-heavyarms?_pos=176&_sid=2afac77c8&_ss=r&_fid=10afcbe6f,https://www.gundamplanet.com/cdn/shop/files/hgac-xxxg-01h-gundam-heavyarms-gp2.jpg?v=1737682909&width=533
gundam,model_kit,Gundam Planet,retailer,us,HG00 Arche Gundam,20.95,,,USD,New,https://www.gundamplanet.com/products/hg00-arche-gundam?_pos=177&_sid=2afac77c8&_ss=r&_fid=10afcbe6f,https://www.gundamplanet.com/cdn/shop/files/hg00-arche-gundam-00.jpg?v=1737660211&width=533
gundam,model_kit,Gundam Planet,retailer,us,PG ZGMF-X20A Strike Freedom Gundam,324.95,,,USD,New,https://www.gundamplanet.com/products/pg-zgmf-x20a-strike-freedom-gundam?_pos=178&_sid=2afac77c8&_ss=r&_fid=10afcbe6f,https://www.gundamplanet.com/cdn/shop/files/pg-zgmf-x20a-strike-freedom-gundam-gp.jpg?v=1737660523&width=533
gundam,model_kit,Gundam Planet,retailer,us,HGAW GT-9600 Gundam Leopard,30.95,,,USD,New,https://www.gundamplanet.com/products/hgaw-gt-9600-gundam-leopard?_pos=179&_sid=2afac77c8&_ss=r&_fid=10afcbe6f,https://www.gundamplanet.com/cdn/shop/files/hgaw-gt-9600-gundam-leopard-base.jpg?v=1785789540&width=533
gundam,model_kit,Gundam Planet,retailer,us,[DX02] Gundam Assemble Deluxe Set 02,162.95,,,USD,New,https://www.gundamplanet.com/products/dx02-gundam-assemble-deluxe-set-02?_pos=180&_sid=2afac77c8&_ss=r&_fid=10afcbe6f,https://www.gundamplanet.com/cdn/shop/files/dx02-gundam-assemble-deluxe-set-021.jpg?v=1772584843&width=533
gundam,model_kit,Gundam Planet,retailer,us,Gundam Universe Unicorn Gundam Renewal (Mobile Suit Gundam Unicorn),38.95,,,USD,New,https://www.gundamplanet.com/products/gundam-universe-unicorn-gundam-renewal-mobile-suit-gundam-unicorn?_pos=182&_sid=2afac77c8&_ss=r&_fid=10afcbe6f,https://www.gundamplanet.com/cdn/shop/files/gundam-universe-unicorn-gundam-renewal13.jpg?v=1737758679&width=533
gundam,model_kit,Gundam Planet,retailer,us,Metal Robot Spirits (Ka Signature) Ex-S Gundam,250.95,,,USD,New,https://www.gundamplanet.com/products/metal-robot-spirits-ka-signature-ex-s-gundam?_pos=183&_sid=2afac77c8&_ss=r&_fid=10afcbe6f,https://www.gundamplanet.com/cdn/shop/files/metal-robot-spirits-ka-signature-ex-s-gundam1.jpg?v=1768249113&width=533
gundam,model_kit,Gundam Planet,retailer,us,RG MBF-P02 Gundam Astray Red Frame,34.95,,,USD,New,https://www.gundamplanet.com/products/rg-mbf-p02-gundam-astray-red-frame?_pos=185&_sid=2afac77c8&_ss=r&_fid=10afcbe6f,https://www.gundamplanet.com/cdn/shop/files/rg-mbf-p02-gundam-astray-red-frame-00.jpg?v=1737663597&width=533
gundam,model_kit,Gundam Planet,retailer,us,[SC01] Gundam Assemble Scenario Pack 01,53.95,,,USD,New,https://www.gundamplanet.com/products/sc01-gundam-assemble-scenario-pack-01?_pos=188&_sid=2afac77c8&_ss=r&_fid=10afcbe6f,https://www.gundamplanet.com/cdn/shop/files/sc01-gundam-assemble-scenario-pack-01-gp.jpg?v=1784315349&width=533
gundam,model_kit,Gundam Planet,retailer,us,HG00 Gundam Zabanya,24.95,,,USD,New,https://www.gundamplanet.com/products/hg00-gundam-zabanya?_pos=189&_sid=2afac77c8&_ss=r&_fid=10afcbe6f,https://www.gundamplanet.com/cdn/shop/files/hg00-gundam-zabanya-00.jpg?v=1737660374&width=533
gundam,model_kit,Gundam Planet,retailer,us,HGCE ZGMF-X42S Destiny Gundam,28.95,,,USD,New,https://www.gundamplanet.com/products/hgce-zgmf-x42s-destiny-gundam?_pos=191&_sid=2afac77c8&_ss=r&_fid=10afcbe6f,https://www.gundamplanet.com/cdn/shop/files/hgce-destiny-gundam-revive-gp.jpg?v=1737675241&width=533
gundam,model_kit,Gundam Planet,retailer,us,MG FXA-05D/RX-178 Super Gundam,54.95,,,USD,New,https://www.gundamplanet.com/products/mg-fxa-05d-rx-178-super-gundam?_pos=192&_sid=2afac77c8&_ss=r&_fid=10afcbe6f,https://www.gundamplanet.com/cdn/shop/files/mg-fxa-05d-rx-178-super-gundam-00.jpg?v=1781310136&width=533
gundam,model_kit,Gundam Planet,retailer,us,[DX01] Gundam Assemble Deluxe Set 01,96.95,,,USD,New,https://www.gundamplanet.com/products/dx01-gundam-assemble-deluxe-set-01?_pos=193&_sid=2afac77c8&_ss=r&_fid=10afcbe6f,https://www.gundamplanet.com/cdn/shop/files/dx01-gundam-assemble-deluxe-set-011.jpg?v=1772584815&width=533
gundam,model_kit,Gundam Planet,retailer,us,MG ZGMF-19A Infinite Justice Gundam,60.95,,,USD,New,https://www.gundamplanet.com/products/mg-zgmf-19a-infinite-justice-gundam?_pos=194&_sid=2afac77c8&_ss=r&_fid=10afcbe6f,https://www.gundamplanet.com/cdn/shop/files/mg-zgmf-19a-infinite-justice-gundam-00.jpg?v=1737659493&width=533
gundam,model_kit,Gundam Planet,retailer,us,[EX01] Gundam Assemble Expansion Pack 01,39.95,,,USD,New,https://www.gundamplanet.com/products/ex01-gundam-assemble-expansion-pack-01?_pos=195&_sid=2afac77c8&_ss=r&_fid=10afcbe6f,https://www.gundamplanet.com/cdn/shop/files/ex01-gundam-assemble-expansion-pack-011.jpg?v=1772584821&width=533
gundam,model_kit,Gundam Planet,retailer,us,HGUC RX-160 Byarlant,36.95,,,USD,New,https://www.gundamplanet.com/products/hguc-rx-160-byarlant?_pos=197&_sid=2afac77c8&_ss=r&_fid=10afcbe6f,https://www.gundamplanet.com/cdn/shop/files/hguc-rx-160-byarlant-gp2.jpg?v=1737671934&width=533
gundam,model_kit,Gundam Planet,retailer,us,RG OZ-00MS Tallgeese EW Ver.,34.95,,,USD,New,https://www.gundamplanet.com/products/rg-oz-00ms-tallgeese-ew-ver?_pos=198&_sid=2afac77c8&_ss=r&_fid=10afcbe6f,https://www.gundamplanet.com/cdn/shop/files/rg-oz-00ms-tallgeese-ew-ver-gp.jpg?v=1737671550&width=533
gundam,model_kit,Gundam Planet,retailer,us,MG RX-178 Gundam Mk-II AEUG Ver 2.0,54.95,,,USD,New,https://www.gundamplanet.com/products/mg-rx-178-gundam-mk-ii-aeug-ver-2-0?_pos=201&_sid=2afac77c8&_ss=r&_fid=10afcbe6f,https://www.gundamplanet.com/cdn/shop/files/mg-rx-178-gundam-mk-ii-aeug-ver-2-0-00.jpg?v=1737659276&width=533
gundam,model_kit,Gundam Planet,retailer,us,Robot Spirits Sword Impulse Gundam Spec II,180.95,,,USD,New,https://www.gundamplanet.com/products/robot-spirits-sword-impulse-gundam-spec-ii?_pos=202&_sid=2afac77c8&_ss=r&_fid=10afcbe6f,https://www.gundamplanet.com/cdn/shop/files/robot-spirits-sword-impulse-gundam-spec-ii-base.jpg?v=1763603749&width=533
gundam,model_kit,Gundam Planet,retailer,us,MG XXXG-00W0 Wing Gundam Zero Custom,48.95,,,USD,New,https://www.gundamplanet.com/products/mg-xxxg-00w0-wing-gundam-zero-custom?_pos=203&_sid=2afac77c8&_ss=r&_fid=10afcbe6f,https://www.gundamplanet.com/cdn/shop/files/mg-xxxg-00w0-wing-gundam-zero-custom-00.jpg?v=1737659319&width=533
gundam,model_kit,Gundam Planet,retailer,us,HGCE STTS-909 Rising Freedom Gundam,28.95,,,USD,New,https://www.gundamplanet.com/products/hgce-stts-909-rising-freedom-gundam?_pos=205&_sid=2afac77c8&_ss=r&_fid=10afcbe6f,https://www.gundamplanet.com/cdn/shop/files/hg-rising-freedom-gundam-gp2_1.jpg?v=1737728182&width=533
gundam,model_kit,Gundam Planet,retailer,us,MG MS-09R Rick Dom (Update),68.95,,,USD,New,https://www.gundamplanet.com/products/mg-ms-09r-rick-dom-update?_pos=207&_sid=2afac77c8&_ss=r&_fid=10afcbe6f,https://www.gundamplanet.com/cdn/shop/files/mg-rick-dom-revive-gp.jpg?v=1737699597&width=533
gundam,model_kit,Gundam Planet,retailer,us,HG Blazing Gundam,24.95,,,USD,New,https://www.gundamplanet.com/products/hg-blazing-gundam?_pos=208&_sid=2afac77c8&_ss=r&_fid=10afcbe6f,https://www.gundamplanet.com/cdn/shop/files/hg-blazing-gundam-gp_1.jpg?v=1737694544&width=533
gundam,model_kit,Gundam Planet,retailer,us,HGUC RX-178 Gundam Mk-II AEUG Revive,20.95,,,USD,New,https://www.gundamplanet.com/products/hguc-rx-178-gundam-mk-ii-aeug-revive?_pos=209&_sid=2afac77c8&_ss=r&_fid=10afcbe6f,https://www.gundamplanet.com/cdn/shop/files/hguc-rx-178-gundam-mk-ii-aeug-revive-00.jpg?v=1737664069&width=533
gundam,model_kit,Gundam Planet,retailer,us,Metal Robot Spirits Gundam (GQ Ver.),160.95,,,USD,New,https://www.gundamplanet.com/products/metal-robot-spirits-gundam-gq-ver?_pos=212&_sid=2afac77c8&_ss=r&_fid=10afcbe6f,https://www.gundamplanet.com/cdn/shop/files/metal-robot-spirits-gundam-mobile-suit-gundam-gquuuuuux-gp.jpg?v=1751068394&width=533
gundam,model_kit,Gundam Planet,retailer,us,PG GN-0000 00 Gundam + GNR-010 00 Raiser,298.95,,,USD,New,https://www.gundamplanet.com/products/pg-gn-0000-00-gundam-gnr-010-00-raiser?_pos=213&_sid=2afac77c8&_ss=r&_fid=10afcbe6f,https://www.gundamplanet.com/cdn/shop/files/pg-gn-0000-00-gundam-gnr-010-0-raiser-00.jpg?v=1737659712&width=533
gundam,model_kit,Gundam Planet,retailer,us,HGCE GAT-X105 Aile Strike Gundam,18.95,,,USD,New,https://www.gundamplanet.com/products/hgce-gat-x105-aile-strike-gundam?_pos=214&_sid=2afac77c8&_ss=r&_fid=10afcbe6f,https://www.gundamplanet.com/cdn/shop/files/hgce-gat-x105-aile-strike-gundam-00.jpg?v=1737662295&width=533
gundam,model_kit,Gundam Planet,retailer,us,HGUC F-91 Gundam F91,16.95,,,USD,New,https://www.gundamplanet.com/products/hguc-f-91-gundam-f91?_pos=215&_sid=2afac77c8&_ss=r&_fid=10afcbe6f,https://www.gundamplanet.com/cdn/shop/files/hguc-f-91-gundam-f91-00.jpg?v=1737662438&width=533
gundam,model_kit,Gundam Planet,retailer,us,MG MS-06S Zaku II Char Custom Ver 2.0,48.95,,,USD,New,https://www.gundamplanet.com/products/mg-ms-06s-zaku-ii-char-custom-ver-2-0?_pos=217&_sid=2afac77c8&_ss=r&_fid=10afcbe6f,https://www.gundamplanet.com/cdn/shop/files/mg-ms-06s-zaku-ii-char-custom-ver-2-0-00.jpg?v=1737659390&width=533
gundam,model_kit,Gundam Planet,retailer,us,MG XXXG-01SR Gundam Sandrock EW Ver.,48.95,,,USD,New,https://www.gundamplanet.com/products/mg-xxxg-01sr-gundam-sandrock-ew-ver?_pos=219&_sid=2afac77c8&_ss=r&_fid=10afcbe6f,https://www.gundamplanet.com/cdn/shop/files/mg-xxxg-01sr-gundam-sandrock-ew-ver-00.jpg?v=1737661076&width=533
gundam,model_kit,Gundam Planet,retailer,us,HGCE ZGMF-X20A Strike Freedom Gundam,28.95,,,USD,New,https://www.gundamplanet.com/products/hgce-zgmf-x20a-strike-freedom-gundam?_pos=220&_sid=2afac77c8&_ss=r&_fid=10afcbe6f,https://www.gundamplanet.com/cdn/shop/files/hgce-zgmf-x20a-strike-freedom-gundam-revive-00.jpg?v=1737665028&width=533
gundam,model_kit,Gundam Planet,retailer,us,HGBD Gundam Jiyan Altron,24.95,,,USD,New,https://www.gundamplanet.com/products/hgbd-gundam-jiyan-altron?_pos=221&_sid=2afac77c8&_ss=r&_fid=10afcbe6f,https://www.gundamplanet.com/cdn/shop/files/hgbd-gundam-jiyan-altron-gpr.jpg?v=1737672502&width=533
gundam,model_kit,Gundam Planet,retailer,us,Gundam Artifact PRO Full Armor Gundam,80.95,,,USD,New,https://www.gundamplanet.com/products/gundam-artifact-pro-full-armor-gundam?_pos=222&_sid=2afac77c8&_ss=r&_fid=10afcbe6f,https://www.gundamplanet.com/cdn/shop/files/gundam-artifact-pro-full-armor-gundam.jpg?v=1779486157&width=533
gundam,model_kit,Gundam Planet,retailer,us,HGCE ZGMF-X10A Freedom Gundam,24.95,,,USD,New,https://www.gundamplanet.com/products/hgce-zgmf-x10a-freedom-gundam?_pos=224&_sid=2afac77c8&_ss=r&_fid=10afcbe6f,https://www.gundamplanet.com/cdn/shop/files/hgce-zgmf-x10a-freedom-gundam-revive-00.jpg?v=1737663646&width=533
gundam,model_kit,HLJ.com,retailer,,Gundam Cross Freedom Gundam & Kira Yamato,22.56,,,USD,New,https://www.hlj.com/gundam-cross-freedom-gundam-kira-yamato-bant017557,https://www.hlj.com/productthumbs/ban/bant017557_0_1787197810.jpg?v=1787197810
gundam,model_kit,HLJ.com,retailer,,Gundam Miximize ZGMF-X10A Freedom Gundam,20.3,,,USD,New,https://www.hlj.com/gundam-miximize-zgmf-x10a-freedom-gundam-bant908002,https://www.hlj.com/productthumbs/ban/bant908002_0_1787198432.jpg?v=1787198432
gundam,model_kit,HLJ.com,retailer,,Gundam Miximize RX-78-2 Gundam,18.8,,,USD,New,https://www.hlj.com/gundam-miximize-rx-78-2-gundam-bant908019,https://www.hlj.com/productthumbs/ban/bant908019_0_1787198434.jpg?v=1787198434
gundam,model_kit,HLJ.com,retailer,,Gundam Cross Wing Gundam & Heero Yuy,22.56,,,USD,New,https://www.hlj.com/gundam-cross-wing-gundam-heero-yuy-bant017564,https://www.hlj.com/productthumbs/ban/bant017564_0_1787197815.jpg?v=1787197815
gundam,model_kit,HLJ.com,retailer,,Gundam Cross RX-78-2 Gundam & Amuro Ray,22.56,,,USD,New,https://www.hlj.com/gundam-cross-rx-78-2-gundam-amuro-ray-bant908026,https://www.hlj.com/productthumbs/ban/bant908026_0_1787198418.jpg?v=1787198418
gundam,model_kit,HLJ.com,retailer,,Gundam Superior Define No.01: 1Box (10pcs),37.6,,,USD,New,https://www.hlj.com/gundam-superior-define-no-01-1box-10pcs-banf917806,https://www.hlj.com/productthumbs/ban/banf917806_0_1742371807.jpg?v=1742371807
gundam,model_kit,HLJ.com,retailer,,Gundam Miximize MS-06S Char's Zaku,18.8,,,USD,New,https://www.hlj.com/gundam-miximize-ms-06s-char-s-zaku-bant017540,https://www.hlj.com/productthumbs/ban/bant017540_0_1787197807.jpg?v=1787197807
gundam,model_kit,HLJ.com,retailer,,Mobile Suit Gundam GQuuuuuuX: PAPER THEATER PT-L106 GQuuuuuuX / Red Gundam,25.57,,,USD,New,https://www.hlj.com/mobile-suit-gundam-gquuuuuux-paper-theater-pt-l106-gquuuuuux-red-gundam-amd53078,https://www.hlj.com/productthumbs/amd/amd53078_0_1775201443.jpg?v=1775201443
gundam,model_kit,HLJ.com,retailer,,bitlot Gundam 3 1Box 10pcs,58.66,,,USD,New,https://www.hlj.com/bitlot-gundam-3-1box-10pcs-banf934308,https://www.hlj.com/productthumbs/ban/banf934308_0_1787218807.jpg?v=1787218807
gundam,model_kit,HLJ.com,retailer,,Mobile Suit Gundam New Translation MS Complete Collection U.C.0068-0080,31.59,,,USD,New,https://www.hlj.com/mobile-suit-gundam-new-translation-ms-complete-collection-u-c-0068-0080-kdk14754,https://www.hlj.com/media/original_images/noImage.png
gundam,model_kit,HLJ.com,retailer,,bitlot Gundam 1 1Box 10pcs (Reissue),58.66,,,USD,New,https://www.hlj.com/bitlot-gundam-1-1box-10pcs-reissue-banf934315,https://www.hlj.com/productthumbs/ban/banf934315_0_1787218856.jpg?v=1787218856
gundam,model_kit,HLJ.com,retailer,,Gundam Universe MS-06S Char's Zaku II Renewal,29.18,,,USD,New,https://www.hlj.com/gundam-universe-ms-06s-char-s-zaku-ii-renewal-banc721440,https://www.hlj.com/productthumbs/ban/banc721440_0_1780048217.jpg?v=1780048217
gundam,other,HLJ.com,retailer,,Mobile Suit Gundam 00 Plush Toy Haro,24.07,,,USD,New,https://www.hlj.com/mobile-suit-gundam-00-plush-toy-haro-bnu70108,https://www.hlj.com/productthumbs/bnu/bnu70108_0_1787199009.jpg?v=1787199009
gundam,model_kit,HLJ.com,retailer,,Mobility Joint Gundam Vol.13: 1Box (10pcs),51.14,,,USD,New,https://www.hlj.com/mobility-joint-gundam-vol-13-1box-10pcs-banf928765,https://www.hlj.com/productthumbs/ban/banf928765_0_1784290235.jpg?v=1784290235
gundam,model_kit,HLJ.com,retailer,,Gundam Archives: PG Unleashed v Gundam (Nu Gundam) Edition,30.08,,,USD,New,https://www.hlj.com/gundam-archives-pg-unleashed-v-gundam-nu-gundam-edition-mdg23450,https://www.hlj.com/media/original_images/noImage.png
gundam,model_kit,HLJ.com,retailer,,Gundam Weapons Gundam Build Fighters Try,18.65,,,USD,New,https://www.hlj.com/gundam-weapons-gundam-build-fighters-try-hbj61021,https://www.hlj.com/productthumbs/hbj/hbj61021_0_1432792138.jpg?v=1432792138
gundam,model_kit,HLJ.com,retailer,,Gundam Weapons Gundam Build Series Best Selection,21.81,,,USD,New,https://www.hlj.com/gundam-weapons-gundam-build-series-best-selection-hbj63351,https://www.hlj.com/productthumbs/hbj/hbj63351_1_1697077805.jpg?v=1697077805
gundam,other,HLJ.com,retailer,,Mobile Suit Gundam GQuuuuuuX: Sticker Pomeranians B,3.01,,,USD,New,https://www.hlj.com/mobile-suit-gundam-gquuuuuux-sticker-pomeranians-b-sbn01338,https://www.hlj.com/productthumbs/sbn/sbn01338_0_1779255603.jpg?v=1779255603
gundam,other,HLJ.com,retailer,,Mobile Suit Gundam GQuuuuuuX: Acrylic Stand GQuuuuuuX,11.28,,,USD,New,https://www.hlj.com/mobile-suit-gundam-gquuuuuux-acrylic-stand-gquuuuuux-sbn98826,https://www.hlj.com/productthumbs/sbn/sbn98826_0_1779255010.jpg?v=1779255010
gundam,model_kit,HLJ.com,retailer,,SD Gundam EX Standard Gundam Exia,4.51,,,USD,New,https://www.hlj.com/sd-gundam-ex-standard-gundam-exia-bann02753,https://www.hlj.com/productthumbs/ban/bann02753_0_1468976973.jpg?v=1468976973
gundam,model_kit,HLJ.com,retailer,,SD Gundam EX Standard 00 Gundam,4.51,,,USD,New,https://www.hlj.com/sd-gundam-ex-standard-00-gundam-bann04936,https://www.hlj.com/productthumbs/ban/bann04936_0_1468976970.jpg?v=1468976970
gundam,model_kit,HLJ.com,retailer,,SD Gundam EX Standard Aile Strike Gundam,4.51,,,USD,New,https://www.hlj.com/sd-gundam-ex-standard-aile-strike-gundam-ban996728,https://www.hlj.com/productthumbs/ban/ban996728_0_1468977295.jpg?v=1468977295
gundam,model_kit,HLJ.com,retailer,,SD Gundam EX Standard Wing Gundam Zero,4.51,,,USD,New,https://www.hlj.com/sd-gundam-ex-standard-wing-gundam-zero-bans61786,https://www.hlj.com/productthumbs/ban/bans61786_0_1634267409.jpg?v=1634267409
gundam,model_kit,HLJ.com,retailer,,SD Gundam G Generation Eternal Snack 02 1Box 10pcs,12.63,,,USD,New,https://www.hlj.com/sd-gundam-g-generation-eternal-snack-02-1box-10pcs-banf934391,https://www.hlj.com/productthumbs/ban/banf934391_0_1781862647.jpg?v=1781862647
gundam,other,HLJ.com,retailer,,Gundam Marker: Gundam Blue,1.5,,,USD,New,https://www.hlj.com/gundam-marker-gundam-blue-gnzgm06,https://www.hlj.com/productthumbs/gnz/gnzgm06_0_1468471436.jpg?v=1468471436
gundam,model_kit,HLJ.com,retailer,,ROBOT Damashii (SIDE MS) RX-178 GUNDAM Mk-II (A.E.U.G.) ver. A.N.I.M.E.,63.92,,,USD,New,https://www.hlj.com/robot-damashii-side-ms-rx-178-gundam-mk-ii-a-e-u-g-ver-a-n-i-m-e-banc667687,https://www.hlj.com/productthumbs/ban/banc667687_0_1717144238.jpg?v=1717144238
gundam,model_kit,HLJ.com,retailer,,SD Gundam EX Standard Gundam Astray Red Frame,4.51,,,USD,New,https://www.hlj.com/sd-gundam-ex-standard-gundam-astray-red-frame-bann04935,https://www.hlj.com/productthumbs/ban/bann04935_0_1468977295.jpg?v=1468977295
gundam,model_kit,HLJ.com,retailer,,1/144 HGUC Victory Gundam,10.53,,,USD,New,https://www.hlj.com/1-144-scale-hguc-victory-gundam-banh630384-up,https://www.hlj.com/productthumbs/ban/banh630384-up_0_1746145208.jpg?v=1746145208
gundam,model_kit,HLJ.com,retailer,,1/144 HG Gundam GP01Fb,13.54,,,USD,New,https://www.hlj.com/1-144-scale-hg-gundam-gp01fb-banh603920-up,https://www.hlj.com/productthumbs/ban/banh603920-up_0_1756944514.jpg?v=1756944514
gundam,model_kit,HLJ.com,retailer,,1/144 HG Gundam Legilis,13.54,,,USD,New,https://www.hlj.com/1-144-scale-hg-gundam-legilis-ban978382,https://www.hlj.com/productthumbs/ban/ban978382_1_1484497490.jpg?v=1484497490
gundam,model_kit,HLJ.com,retailer,,1/144 HGFC G Gundam,15.04,,,USD,New,https://www.hlj.com/1-144-scale-hgfc-g-gundam-banh582652-up,https://www.hlj.com/productthumbs/ban/banh582652-up_0_1756944529.jpg?v=1756944529
gundam,model_kit,HLJ.com,retailer,,Gundam Forward Vol.22,12.03,,,USD,New,https://www.hlj.com/gundam-forward-vol-22-hbj64229,https://www.hlj.com/media/original_images/noImage.png
gundam,other,HLJ.com,retailer,,Gundam Marker: Gundam Gray,1.5,,,USD,New,https://www.hlj.com/gundam-marker-gundam-gray-gnzgm12,https://www.hlj.com/productthumbs/gnz/gnzgm12_1_1468471756.jpg?v=1468471756
gundam,other,HLJ.com,retailer,,Mobile Suit Gundam 00 Chibi Plush Sitting Mascot: Lockon Stratos,15.04,,,USD,New,https://www.hlj.com/mobile-suit-gundam-00-chibi-plush-sitting-mascot-lockon-stratos-bnu93990,https://www.hlj.com/productthumbs/bnu/bnu93990_0_1787199007.jpg?v=1787199007
gundam,model_kit,HLJ.com,retailer,,Gundam Universe RX-78-2 Gundam Renewal,29.18,,,USD,New,https://www.hlj.com/gundam-universe-rx-78-2-gundam-renewal-banc676580,https://www.hlj.com/productthumbs/ban/banc676580_0_1745481627.jpg?v=1745481627
gundam,model_kit,HLJ.com,retailer,,1/144 HG RX-78-02 Gundam (Gundam The Origin Ver.),18.8,,,USD,New,https://www.hlj.com/1-144-scale-hg-rx-78-02-gundam-gundam-the-origin-ver-banh589293-up,https://www.hlj.com/productthumbs/ban/banh589293-up_0_1744689050.jpg?v=1744689050
gundam,other,HLJ.com,retailer,,Gundam Marker: Gundam Yellow (Renewal),1.88,,,USD,New,https://www.hlj.com/gundam-marker-gundam-yellow-renewal-gnzgm08-r,https://www.hlj.com/productthumbs/gnz/gnzgm08-r_0_1630385408.jpg?v=1630385408
gundam,other,HLJ.com,retailer,,Gundam Marker: Gundam White (Renewal),1.88,,,USD,New,https://www.hlj.com/gundam-marker-gundam-white-renewal-gnzgm11-r,https://www.hlj.com/productthumbs/gnz/gnzgm11-r_0_1630385414.jpg?v=1630385414
gundam,other,HLJ.com,retailer,,Gundam Marker: Gundam Black (Renewal),1.88,,,USD,New,https://www.hlj.com/gundam-marker-gundam-black-renewal-gnzgm20r,https://www.hlj.com/productthumbs/gnz/gnzgm20r_0_1654231226.jpg?v=1654231226
gundam,other,HLJ.com,retailer,,Gundam Marker: Gundam Gold (Renewal),1.88,,,USD,New,https://www.hlj.com/gundam-marker-gundam-gold-renewal-gnzgm04-r,https://www.hlj.com/productthumbs/gnz/gnzgm04-r_0_1630385411.jpg?v=1630385411
gundam,other,HLJ.com,retailer,,Gundam Marker: Gundam Mecha Gray,1.5,,,USD,New,https://www.hlj.com/gundam-marker-gundam-mecha-gray-gnzgm13,https://www.hlj.com/productthumbs/gnz/gnzgm13_0_1468468756.jpg?v=1468468756
gundam,model_kit,HLJ.com,retailer,,Mobile Suit Gundam SEED Series Memorial Collection Wafers 1Box 20pcs,24.07,,,USD,New,https://www.hlj.com/mobile-suit-gundam-seed-series-memorial-collection-wafers-1box-20pcs-banf932953,https://www.hlj.com/productthumbs/ban/banf932953_0_1787218206.jpg?v=1787218206
gundam,model_kit,HLJ.com,retailer,,Gundam Universe RX-0 Unicorn Gundam Renewal,29.18,,,USD,New,https://www.hlj.com/gundam-universe-rx-0-unicorn-gundam-renewal-banc675255,https://www.hlj.com/productthumbs/ban/banc675255_0_1736330406.jpg?v=1736330406
gundam,other,Gundam Place Store,retailer,us,Gundam Place Keychain (Small),3.5,,,USD,New,https://gundamplacestore.com/products/gundam-place-key-chain?q=gundam,https://cdn.shopify.com/s/files/1/0579/0095/7832/files/6B776EB7-46A0-4934-B1FE-254B6978B7D4_large.png?v=1723496293
gundam,model_kit,Gundam Place Store,retailer,us,Gundam Requiem for Vengeance Gundam Universe GU-38 Zaku II (Unidentified Type) Solari,39.99,,,USD,New,https://gundamplacestore.com/products/gundam-requiem-for-vengeance-gundam-universe-gu-38-zaku-ii-unidentified-type-solari?q=gundam,https://cdn.shopify.com/s/files/1/0579/0095/7832/files/5a1b69a3-2dfd-4dfe-bdbb-d043501adbc1_large.webp?v=1744750925
gundam,other,Gundam Place Store,retailer,us,Gundam x Hatsune Miku Hatsune Miku x Mobile Suit Gundam Nui Plush,49.99,,,USD,New,https://gundamplacestore.com/products/hatsune-miku-x-mobile-suit-gundam-gundam-x-hatsune-miku-bandai-namco-nui-plush?q=gundam,https://cdn.shopify.com/s/files/1/0579/0095/7832/files/2011BEAF-71EC-43B1-A30F-A291A325A099_large.jpg?v=1773688451
gundam,model_kit,Gundam Place Store,retailer,us,Gundam SEED SD Gundam BB Senshi C.E. Fateful Showdown Set of 4 Model Kits,36.99,,,USD,New,https://gundamplacestore.com/products/mobile-suit-gundam-seed-sd-gundam-bb-senshi-c-e-fateful-showdown-set-of-4-model-kits-1?q=gundam,https://cdn.shopify.com/s/files/1/0579/0095/7832/files/CED7E3D7-353A-4F3F-B9C7-ADD67B31A8FE_large.webp?v=1734444485
gundam,model_kit,Gundam Place Store,retailer,us,Gundam Legend BB Senshi #375 SD Command Gundam,15.99,,,USD,New,https://gundamplacestore.com/products/gundam-legend-bb-senshi-375-sd-command-gundam?q=gundam,https://cdn.shopify.com/s/files/1/0579/0095/7832/products/979ff17e-07a4-4281-9c58-01e149a8afc1_large.jpg?v=1672171407
gundam,model_kit,USA Gundam Store,retailer,us,Shenma Model 1/100 Blue Knight Rising Freedom Gundam,74.99,,,USD,New,https://www.usagundamstore.com/products/shenma-model-1-100-blue-knight-rising-freedom-gundam,https://cdn.shopify.com/s/files/1/0727/8355/files/download-2026-06-21T105325.102_600x600.png?v=1782053975
gundam,model_kit,USA Gundam Store,retailer,us,RG 1/144 #40 RX-78-2 Gundam (Ver. 2.0),40.99,,,USD,New,https://www.usagundamstore.com/products/rg-1-144-40-rx-78-2-2-0-gundam,https://cdn.shopify.com/s/files/1/0727/8355/files/193_6113_o_1i4gomn3olds18kk1m6717nd1rp23q_600x600.jpg?v=1762283273
gundam,model_kit,USA Gundam Store,retailer,us,RG 1/144 #37 Burning Gundam,49.99,,,USD,New,https://www.usagundamstore.com/products/rg-1-144-37-god-gundam,https://cdn.shopify.com/s/files/1/0727/8355/products/153_5028_o_1g9u42c8e1fmriirah01nsnavb23_600x600.jpg?v=1762275873
gundam,model_kit,USA Gundam Store,retailer,us,HGGQ 1/144 #12 White Gundam,27.99,,,USD,New,https://www.usagundamstore.com/products/hggq-1-144-white-gundam,https://cdn.shopify.com/s/files/1/0727/8355/files/lSFTOLe2QJTj2oPN_60ef9324-9c3d-486c-b94f-eec04790a238_600x600.jpg?v=1764614567
gundam,model_kit,USA Gundam Store,retailer,us,RG 1/144 #42 Shining Gundam,42.99,,,USD,New,https://www.usagundamstore.com/products/rg-1-144-41-rg-1-144-shining-gundam,https://cdn.shopify.com/s/files/1/0727/8355/files/conuS7erzRJNtRt0_600x600.jpg?v=1762285791
gundam,model_kit,USA Gundam Store,retailer,us,Entry Grade 1/144 Wing Gundam,11.99,,,USD,New,https://www.usagundamstore.com/products/entry-grade-1-144-wing-gundam,https://cdn.shopify.com/s/files/1/0727/8355/files/Si0mf8QZMUIHzVNM_dce55302-b2e7-4558-990a-ae8fd06f7a12_600x600.jpg?v=1762288463
gundam,model_kit,USA Gundam Store,retailer,us,RG 1/144 #30 Full Armor Unicorn Gundam,69.99,,,USD,New,https://www.usagundamstore.com/products/rg-1-144-30-full-armor-unicorn-gundam,https://cdn.shopify.com/s/files/1/0727/8355/products/8c7a02e6-472b-4efb-a677-4aa2f0a31b2c_600x600.jpg?v=1762201996
gundam,model_kit,USA Gundam Store,retailer,us,HGAC 1/144 #242 Shenlong Gundam,19.99,,,USD,New,https://www.usagundamstore.com/products/hgac-1-144-242-shenlong-gundam,https://cdn.shopify.com/s/files/1/0727/8355/products/157_5100_o_1gc66sdt71hjojunjsk1c4dq0h2n_218f688b-e100-44c9-acbf-f9ee653e09ce_600x600.jpg?v=1762276888
gundam,model_kit,USA Gundam Store,retailer,us,RG 1/144 #32 RX-93 Nu Gundam,55.99,,,USD,New,https://www.usagundamstore.com/products/rg-1-144-32-rx-93-nu-gundam,https://cdn.shopify.com/s/files/1/0727/8355/products/e43a1a49-cb62-44e9-8bcd-3c4048f4139b_600x600.jpg?v=1762269790
gundam,model_kit,USA Gundam Store,retailer,us,HGUC 1/144 #215 Moon Gundam,40.99,,,USD,New,https://www.usagundamstore.com/products/hguc-1-144-215-moon-gundam,https://cdn.shopify.com/s/files/1/0727/8355/products/49773cc0-d5ad-46df-81ed-f04e09a6fa62_600x600.jpg?v=1762201882
gundam,model_kit,USA Gundam Store,retailer,us,MG 1/100 Hi-Nu Gundam (Ver. Ka),89.99,,,USD,New,https://www.usagundamstore.com/products/mg-1-100-hi-nu-gundam-ver-ka,https://cdn.shopify.com/s/files/1/0727/8355/products/95c23183-9315-4e13-ba71-02cc508b4bcd_600x600.jpg?v=1762198077
gundam,model_kit,USA Gundam Store,retailer,us,MGEX 1/100 Strike Freedom Gundam,182.99,,,USD,New,https://www.usagundamstore.com/products/mgex-1-100-strike-freedom-gundam,https://cdn.shopify.com/s/files/1/0727/8355/products/156_5149_o_1gh093slv1tv2e8ooif1c6opp62i_8e614654-4b6c-4869-bba2-9ae4d33307e5_600x600.jpg?v=1762277429
gundam,model_kit,USA Gundam Store,retailer,us,RG 1/144 #09 Justice Gundam,33.99,,,USD,New,https://www.usagundamstore.com/products/rg-1-144-09-justice-gundam,https://cdn.shopify.com/s/files/1/0727/8355/products/d1f56a41-e423-49c1-a082-4fd058d529fe_600x600.jpg?v=1762198473
gundam,model_kit,USA Gundam Store,retailer,us,HGCE 1/144 #224 Destiny Gundam (Revive),25.99,,,USD,New,https://www.usagundamstore.com/products/hgce-1-144-224-destiny-gundam-revive,https://cdn.shopify.com/s/files/1/0727/8355/products/hgce-destiny-gundam-revive-01_600x600.jpg?v=1762268947
gundam,model_kit,USA Gundam Store,retailer,us,PG Unleashed 1/60 Nu Gundam,689.99,,,USD,New,https://www.usagundamstore.com/products/pg-unleashed-1-60-gundam,https://cdn.shopify.com/s/files/1/0727/8355/files/a459c8ea-02ed-4cec-9510-3a6b7ee53e9d_600x600.webp?v=1762288461
gundam,model_kit,USA Gundam Store,retailer,us,RG 1/144 #36 Hi-Nu Gundam,60.99,,,USD,New,https://www.usagundamstore.com/products/rg-1-144-36-hi-v-hi-nu-gundam,https://cdn.shopify.com/s/files/1/0727/8355/products/1ef36ea8-5125-4e3c-805a-07ed0061eab4_600x600.jpg?v=1762273768
gundam,model_kit,USA Gundam Store,retailer,us,MG 1/100 Zeta Gundam (Ver.Ka),86.99,,,USD,New,https://www.usagundamstore.com/products/mg-1-100-zeta-gundam-ver-ka,https://cdn.shopify.com/s/files/1/0727/8355/products/153_5223_o_1gdplns5j1bml2am1js9bd1jqr23_72f71e81-deca-463c-a40f-ce9e74b5f23e_600x600.jpg?v=1762278822
gundam,model_kit,USA Gundam Store,retailer,us,HGCC 1/144 #177 Turn A Gundam,18.99,,,USD,New,https://www.usagundamstore.com/products/hgcc-1-144-177-turn-a-gundam,https://cdn.shopify.com/s/files/1/0727/8355/products/17a333bd-5baa-4fd6-91da-1f71eca5b896_600x600.jpg?v=1762198867
gundam,model_kit,USA Gundam Store,retailer,us,MG 1/100 FXA-05D Super Gundam,53.99,,,USD,New,https://www.usagundamstore.com/products/mg-fxa-05d-super-gundam,https://cdn.shopify.com/s/files/1/0727/8355/files/153_2513_s_pq1n0uxo4e20jy05jh1nfsbrinnu_2a1c7f4c-9cf1-4131-95e2-7979694145bb_600x600.jpg?v=1781898860
gundam,model_kit,USA Gundam Store,retailer,us,MGSD Freedom Gundam,54.99,,,USD,New,https://www.usagundamstore.com/products/mgsd-freedom-gundam,https://cdn.shopify.com/s/files/1/0727/8355/products/153_5206_o_1gmsp1pajm3a1q3910q21o8j3h323_042b642f-3d0f-4380-84e2-53e14c148ab6_600x600.jpg?v=1762278822
gundam,model_kit,USA Gundam Store,retailer,us,MG 1/100 Full Armor Gundam,67.99,,,USD,New,https://www.usagundamstore.com/products/mg-1-100-full-armor-gundam,https://cdn.shopify.com/s/files/1/0727/8355/products/12_66127af8-5450-4af2-a53b-741a2956cb98_600x600.jpg?v=1762200940
gundam,model_kit,USA Gundam Store,retailer,us,HGCE 1/144 #250 Mighty Strike Freedom Gundam,31.99,,,USD,New,https://www.usagundamstore.com/products/hggs-1-144-hg-mighty-strike-freedom-gundam-gundam-seed-freedom,https://cdn.shopify.com/s/files/1/0727/8355/files/153_6063_o_1huafj5mh24vl875gmm27esd23_41c72a00-c329-47c4-b135-09fa575cb90f_600x600.jpg?v=1762282632
gundam,model_kit,USA Gundam Store,retailer,us,HGUC 1/144 #49 Psycho Gundam,66.99,,,USD,New,https://www.usagundamstore.com/products/hguc-1-144-49-psycho-gundam,https://cdn.shopify.com/s/files/1/0727/8355/products/d04ef748-bb8a-43c5-819b-216d14386bbe_600x600.jpg?v=1762198687
gundam,model_kit,USA Gundam Store,retailer,us,MG 1/100 Wing Gundam (Ver. Ka),40.99,,,USD,New,https://www.usagundamstore.com/products/mg-1-100-wing-gundam-ver-ka,https://cdn.shopify.com/s/files/1/0727/8355/products/34d85331-1fa5-4a8f-a635-c1c056608460_600x600.jpg?v=1762198467
gundam,model_kit,USA Gundam Store,retailer,us,HGUC 1/144 #29 Ex-S Gundam,33.99,,,USD,New,https://www.usagundamstore.com/products/hguc-1-144-29-ex-s-gundam,https://cdn.shopify.com/s/files/1/0727/8355/products/9f432bf3-d24b-4ef8-b778-071bbdb89b28_600x600.jpg?v=1762198459
gundam,model_kit,USA Gundam Store,retailer,us,RG 1/144 #11 Destiny Gundam,34.99,,,USD,New,https://www.usagundamstore.com/products/rg-1-144-11-destiny-gundam,https://cdn.shopify.com/s/files/1/0727/8355/products/63627d48-cdf8-467f-9da6-a7850a41b8be-removebg_600x600.png?v=1762198353
gundam,model_kit,USA Gundam Store,retailer,us,RG 1/144 #05 Freedom Gundam,33.99,,,USD,New,https://www.usagundamstore.com/products/rg-1-144-05-freedom-gundam,https://cdn.shopify.com/s/files/1/0727/8355/products/c25337ec-2e5e-4074-8035-56ff544de8c5_600x600.jpg?v=1762198353
gundam,model_kit,USA Gundam Store,retailer,us,MG 1/100 Destiny Gundam (Extreme Blast Mode),78.99,,,USD,New,https://www.usagundamstore.com/products/mg-1-100-destiny-gundam-extreme-blast-mode,https://cdn.shopify.com/s/files/1/0727/8355/products/523f4b20-6c93-48ea-90ed-b57b5609acb7_600x600.png?v=1762198067
gundam,model_kit,USA Gundam Store,retailer,us,HGGQ 1/144 #4 gMS-α Red Gundam,29.99,,,USD,New,https://www.usagundamstore.com/products/hg-1-144-red-gundam,https://cdn.shopify.com/s/files/1/0727/8355/files/OJ4QYP0diK0xnfd5_600x600.jpg?v=1762287186
gundam,model_kit,USA Gundam Store,retailer,us,MG 1/100 Freedom Gundam (Ver 2.0),60.99,,,USD,New,https://www.usagundamstore.com/products/mg-1-100-freedom-gundam-ver-2-0,https://cdn.shopify.com/s/files/1/0727/8355/products/3322ad85-8d07-47b5-8a55-fc2df9a9fca8_600x600.jpg?v=1762198719
gundam,model_kit,USA Gundam Store,retailer,us,RG 1/144 #01 RX-78-2 Gundam,30.99,,,USD,New,https://www.usagundamstore.com/products/rg-1-144-01-rx-78-2-gundam,https://cdn.shopify.com/s/files/1/0727/8355/products/27d7884d-c254-401f-86be-23d2a83779fc_600x600.jpg?v=1762198536
gundam,model_kit,USA Gundam Store,retailer,us,MG 1/100 V-Dash Gundam (Ver.Ka),75.99,,,USD,New,https://www.usagundamstore.com/products/mg-lm312v04-v-dash-gundam-ver-ka,https://cdn.shopify.com/s/files/1/0727/8355/files/1000092377_1_9b3963a3-0c26-4472-8f37-38534426c621_600x600.jpg?v=1765471160
gundam,model_kit,USA Gundam Store,retailer,us,MG 1/100 Shining Gundam,29.99,,,USD,New,https://www.usagundamstore.com/products/mg-1-100-shining-gundam,https://cdn.shopify.com/s/files/1/0727/8355/products/87d2a3ec-7ff5-4630-a65e-3fbfb0972687_600x600.jpg?v=1762199100
gundam,model_kit,USA Gundam Store,retailer,us,MG 1/100 Wing Gundam (TV),48.99,,,USD,New,https://www.usagundamstore.com/products/mg-wing-gundam,https://cdn.shopify.com/s/files/1/0727/8355/products/0b4a444a-8152-413f-8b9b-f7e57d81134c_600x600.jpg?v=1762198757
gundam,model_kit,USA Gundam Store,retailer,us,HGBF 1/144 #07 Sengoku Astray Gundam,24.99,,,USD,New,https://www.usagundamstore.com/products/hgbf-1-144-07-sengoku-astray-gundam,https://cdn.shopify.com/s/files/1/0727/8355/products/29049891-5281-45f5-87e5-942c27941b23_600x600.jpg?v=1762198206
gundam,model_kit,USA Gundam Store,retailer,us,MG 1/100 RX-0 Full Armor Unicorn Gundam (Ver.Ka),102.99,,,USD,New,https://www.usagundamstore.com/products/mg-1-100-rx-0-full-armor-unicorn-gundam-ver-ka,https://cdn.shopify.com/s/files/1/0727/8355/products/690db7cb-9d7e-4ef4-8c5c-e5f2892a1abd_600x600.jpg?v=1762198188
gundam,model_kit,USA Gundam Store,retailer,us,MG 1/100 XXXG-01W Wing Gundam (EW),40.99,,,USD,New,https://www.usagundamstore.com/products/mg-1-100-xxxg-01w-wing-gundam-ew-ver,https://cdn.shopify.com/s/files/1/0727/8355/products/153_2717_s_hv9i5s250pk4lcifesezoei0okqb_8dafe70f-e506-4ac4-9061-39f5a7b2020c_600x600.jpg?v=1762198069
gundam,model_kit,USA Gundam Store,retailer,us,HGUC 1/144 #101 RX-0 Unicorn Gundam (Unicorn Mode),19.99,,,USD,New,https://www.usagundamstore.com/products/hguc-1-144-101-rx-0-unicorn-gundam-unicorn-mode,https://cdn.shopify.com/s/files/1/0727/8355/products/d1685cfe-fb0a-448a-8743-beedd81e9f19_600x600.jpg?v=1759252390
gundam,model_kit,USA Gundam Store,retailer,us,HGGBM 1/144 #4 Shin Burning Gundam,33.99,,,USD,New,https://www.usagundamstore.com/products/hg-1-144-god-burning-gundam-hg-1-144-shin-burning-gundam,https://cdn.shopify.com/s/files/1/0727/8355/files/153_5882_o_1hehpl5ib11k0b151bng6d91mth23_b9aa685e-e923-4f70-b3fa-a334b2bff9d5_600x600.jpg?v=1762280601
gundam,model_kit,USA Gundam Store,retailer,us,RG 1/144 #14 Strike Freedom Gundam,43.99,,,USD,New,https://www.usagundamstore.com/products/rg-1-144-14-strike-freedom-gundam,https://cdn.shopify.com/s/files/1/0727/8355/products/6d6223b5-5757-4915-9e64-b25a1d8b1f0a_600x600.jpg?v=1762198362
gundam,model_kit,USA Gundam Store,retailer,us,RG 1/144 #10 Zeta Gundam,40.99,,,USD,New,https://www.usagundamstore.com/products/rg-1-144-10-zeta-gundam,https://cdn.shopify.com/s/files/1/0727/8355/products/60f98391-69f0-4cf7-957b-9d5caaa98bc0_600x600.jpg?v=1762198231
gundam,model_kit,USA Gundam Store,retailer,us,MG PF-78-1 Perfect Gundam,53.99,,,USD,New,https://www.usagundamstore.com/products/mg-pf-78-1-perfect-gundam,https://cdn.shopify.com/s/files/1/0727/8355/products/14231877423_600x600.jpg?v=1762200942
gundam,model_kit,USA Gundam Store,retailer,us,RG 1/144 #41 ORB-01 Akatsuki Gundam (Oowashi Unit),97.99,,,USD,New,https://www.usagundamstore.com/products/rg-1-144-39-akatsuki-gundam-equipped-with-owashi,https://cdn.shopify.com/s/files/1/0727/8355/files/153_6242_o_1iel62jkqqrf12n11bhp1du911um23_600x600.jpg?v=1762283813
gundam,model_kit,USA Gundam Store,retailer,us,HGBF 1/144 #40 Lightning Z Gundam,29.99,,,USD,New,https://www.usagundamstore.com/products/hgbf-1-144-040-lightning-z-gundam,https://cdn.shopify.com/s/files/1/0727/8355/products/49e65da3-c64d-4d8b-a9fb-efc11b707b61_600x600.jpg?v=1762198377
gundam,model_kit,USA Gundam Store,retailer,us,HGUC 1/144 #111 ZZ Gundam,30.99,,,USD,New,https://www.usagundamstore.com/products/hguc-1-144-111-zz-gundam,https://cdn.shopify.com/s/files/1/0727/8355/products/7571d159-7d01-45b5-b2fd-b52cec59e60d_600x600.jpg?v=1762198516
gundam,model_kit,USA Gundam Store,retailer,us,HG00 1/144 #45 0 Gundam (Type A.C.D. Ver.),17.99,,,USD,New,https://www.usagundamstore.com/products/hg00-1-144-45-0-gundam-type-a-c-d-ver,https://cdn.shopify.com/s/files/1/0727/8355/products/0a20ed22-10b1-459c-9c02-367c5526f936_600x600.jpg?v=1762198403
gundam,model_kit,USA Gundam Store,retailer,us,HGCE 1/144 #252 Duel Blitz Gundam,31.99,,,USD,New,https://www.usagundamstore.com/products/hgce-1-144-duel-blitz-gundam,https://cdn.shopify.com/s/files/1/0727/8355/files/153_6088_o_1i2t87iscr9o1hfc1g0b1clomgk23_5952c99d-ed67-4a8c-854e-167681fe2ab4_600x600.jpg?v=1762283274
gundam,model_kit,USA Gundam Store,retailer,us,BB295 Blu Duel Gundam,9.99,,,USD,New,https://www.usagundamstore.com/products/bb295-blu-duel-gundam,https://cdn.shopify.com/s/files/1/0727/8355/products/153_2561_s_qvs8pl59548ooq7w02524vh7je3h_600x600.jpg?v=1762278327
gundam,model_kit,USA Gundam Store,retailer,us,MG 1/100 RX-78-2 Gundam (Ver. Ka),36.99,,,USD,New,https://www.usagundamstore.com/products/mg-1-100-rx-78-2-gundam-ver-ka,https://cdn.shopify.com/s/files/1/0727/8355/files/153_316_s_84qmj44e77vfrla6eo4jtamghypq_fbde4072-f3b5-49a0-b58a-a821e0745ff5_600x600.jpg?v=1762199200
gundam,model_kit,USA Gundam Store,retailer,us,HGFC 1/144 #110 GF13-017NJII Burning Gundam,24.99,,,USD,New,https://www.usagundamstore.com/products/hgfc-1-144-110-gf13-017njii-god-gundam,https://cdn.shopify.com/s/files/1/0727/8355/products/f743d0c8-352f-4c98-a31c-3a8d7641bb0b_600x600.jpg?v=1762198761
gundam,model_kit,USA Gundam Store,retailer,us,HGBF 1/144 #28 Try Burning Gundam,24.99,,,USD,New,https://www.usagundamstore.com/products/hgbf-1-144-try-burning-gundam,https://cdn.shopify.com/s/files/1/0727/8355/files/153_1254_s_mrzc0hvbbmokr52h08yd9yydbcf4_f8c08580-363d-4bc8-bdf3-94408d4bbe0e_600x600.jpg?v=1762198182
gundam,model_kit,USA Gundam Store,retailer,us,HG 1/144 #41 Strike Noir Gundam,19.99,,,USD,New,https://www.usagundamstore.com/products/hg-1-144-41-strike-noir-gundam,https://cdn.shopify.com/s/files/1/0727/8355/products/s-l500_e3facbd4-b8d7-401f-af2c-ad1900e02b03_600x600.jpg?v=1764881450
gundam,model_kit,USA Gundam Store,retailer,us,MG 1/100 Victory 2 Gundam (Ver. Ka),60.99,,,USD,New,https://www.usagundamstore.com/products/pre-order-mg-1-100-v2-gundam-ver-ka,https://cdn.shopify.com/s/files/1/0727/8355/files/153_1430_s_6xbq4bm02qad2odbnyo92zqoru0f_71e4201e-a86c-4a29-8ee5-762294bc47dd_600x600.jpg?v=1762198568
gundam,model_kit,USA Gundam Store,retailer,us,PG 1/60 Strike Freedom Gundam,325.99,,,USD,New,https://www.usagundamstore.com/products/pg-strike-freedom-gundam,https://cdn.shopify.com/s/files/1/0727/8355/files/153_3859_s_fxnmhl45793pioe82adur92h9t57_fd069600-df9c-43bd-bf9b-985a9c39c2d6_600x600.jpg?v=1762198567
gundam,model_kit,USA Gundam Store,retailer,us,HGUC 1/144 #218 Narrative Gundam (A-Packs),72.99,,,USD,New,https://www.usagundamstore.com/products/hguc-1-144-218-narrative-gundam-a-packs,https://cdn.shopify.com/s/files/1/0727/8355/products/5de6c8f9-aeb4-4b74-a67d-0e98ca5b2650_600x600.jpg?v=1762268519
gundam,model_kit,USA Gundam Store,retailer,us,SD Gundam Ex-Standard 20 Rising Freedom Gundam,11.99,,,USD,New,https://www.usagundamstore.com/products/sd-gundam-ex-standard-rising-freedom-gundam,https://cdn.shopify.com/s/files/1/0727/8355/files/153_5939_o_1hko1svohkshhd5u7sv111hpu23_8331e32c-77c8-4eb4-b1a1-9c00d6f94ea2_600x600.jpg?v=1762281811
gundam,model_kit,USA Gundam Store,retailer,us,SD Gundam Cross Silhouette Tornado Gundam,21.99,,,USD,New,https://www.usagundamstore.com/products/sd-gundam-cross-silhouette-tornado-gundam,https://cdn.shopify.com/s/files/1/0727/8355/files/153_5283_s_t6ivht2zrd9d79xevghajaq6qaxj_b5a635ec-ca94-4f26-bb57-7a300c28b4ad_600x600.jpg?v=1762280555
gundam,model_kit,USA Gundam Store,retailer,us,MG 1/100 Sengoku Astray Gundam,66.99,,,USD,New,https://www.usagundamstore.com/products/mg-1-100-sengoku-astray-gundam,https://cdn.shopify.com/s/files/1/0727/8355/files/153_1052_s_w14lmnjvb8nyt282jwofqwi93tmz_95193ced-6135-4cd8-8883-9b46d20028aa_600x600.jpg?v=1762198217
gundam,model_kit,USA Gundam Store,retailer,us,SDBF #30 Star Winning Gundam,16.99,,,USD,New,https://www.usagundamstore.com/products/sdbf-030-star-winning-gundam,https://cdn.shopify.com/s/files/1/0727/8355/products/153_1261_s_gdvz7xtxb83wqccuwtdzs26kd5az_f52e007f-fa81-4ca8-ac94-ff449fcc7a80_600x600.jpg?v=1762198206
gundam,model_kit,USA Gundam Store,retailer,us,HGCE 1/144 #231 Infinite Justice Gundam,29.99,,,USD,New,https://www.usagundamstore.com/products/hgce-1-144-231-infinite-justice-gundam,https://cdn.shopify.com/s/files/1/0727/8355/products/f2755436-c3e2-4b82-a68c-d5d28f0b0d60_600x600.jpg?v=1762271465
gundam,model_kit,USA Gundam Store,retailer,us,MG 1/100 Sword Impulse Gundam,60.99,,,USD,New,https://www.usagundamstore.com/products/mg-1-100-sword-impulse-gundam,https://cdn.shopify.com/s/files/1/0727/8355/products/a4a242e1-e123-4174-8334-9761b6fb26ec_600x600.jpg?v=1762198152
gundam,model_kit,USA Gundam Store,retailer,us,SD Gundam EX-Standard 005 RX-0 Unicorn Gundam (Destroy Mode),11.99,,,USD,New,https://www.usagundamstore.com/products/sd-ex-standard-005-rx-0-unicorn-gundam-destroy-mode,https://cdn.shopify.com/s/files/1/0727/8355/products/2daa1ee2-9cf9-4e4d-b7ad-b4a82c7b9d64_600x600.jpg?v=1762198631
gundam,model_kit,USA Gundam Store,retailer,us,RG 1/144 #25 Unicorn Gundam,50.99,,,USD,New,https://www.usagundamstore.com/products/rg-1-144-25-unicorn-gundam,https://cdn.shopify.com/s/files/1/0727/8355/products/cf69efea-a2c0-4aa6-9072-ae289fca2872_600x600.jpg?v=1762200507
gundam,model_kit,USA Gundam Store,retailer,us,MG 1/100 Justice Gundam,64.99,,,USD,New,https://www.usagundamstore.com/products/pre-order-mg-1-100-justice-gundam,https://cdn.shopify.com/s/files/1/0727/8355/products/38e05623-1982-4bec-a70a-af5cb946aab0-removebg_600x600.png?v=1762199220
gundam,model_kit,USA Gundam Store,retailer,us,HGUC 1/144 #189 V2 Assault Buster Gundam,27.99,,,USD,New,https://www.usagundamstore.com/products/hguc-1-144-189-v2-assault-buster-gundam,https://cdn.shopify.com/s/files/1/0727/8355/products/6e19f32b-8d7a-4720-a27c-9c5f20c06873_600x600.jpg?v=1781892004
gundam,model_kit,USA Gundam Store,retailer,us,Gundam Seed Full Mechanics 1/100 Raider Gundam,59.99,,,USD,New,https://www.usagundamstore.com/products/gundam-seed-full-mechanics-1-100-raider-gundam,https://cdn.shopify.com/s/files/1/0727/8355/products/157_5020_s_782i8vqwneersef5ohs0yi0ixw88_627c8467-07fd-4ec3-aeb0-ba4e3da8419f_600x600.jpg?v=1762275871
gundam,model_kit,USA Gundam Store,retailer,us,Gundam Legend BB370 SD Knight Gundam,13.99,,,USD,New,https://www.usagundamstore.com/products/gundam-legend-bb370-sd-knight-gundam,https://cdn.shopify.com/s/files/1/0727/8355/products/71Z6k9tanKL._SL1500_600x600.jpg?v=1762198875
gundam,model_kit,USA Gundam Store,retailer,us,HGCE 1/144 #198 Force Impulse Gundam,22.99,,,USD,New,https://www.usagundamstore.com/products/hgce-1-144-198-force-impulse-gundam,https://cdn.shopify.com/s/files/1/0727/8355/products/f7676f54-a010-4cf6-b2cc-6e55111bc95e_600x600.jpg?v=1762198775
gundam,model_kit,USA Gundam Store,retailer,us,MG 1/100 Force Impulse Gundam,59.99,,,USD,New,https://www.usagundamstore.com/products/bandai-1-100-mg-master-grade-gundam-seed-force-impulse-gundam-model-kit,https://cdn.shopify.com/s/files/1/0727/8355/products/c15ddd30-c95c-41be-ba43-73164f3f7d86_600x600.png?v=1762197955
gundam,model_kit,USA Gundam Store,retailer,us,HGCE 1/144 #192 Freedom Gundam (Revive),24.99,,,USD,New,https://www.usagundamstore.com/products/hgce-1-144-192-freedom-gundam-revive,https://cdn.shopify.com/s/files/1/0727/8355/products/6fe87f5f-f578-4035-9f5c-624817f3e4cb_600x600.jpg?v=1762198498
gundam,model_kit,USA Gundam Store,retailer,us,HGCE 1/144 #226 Destiny Gundam (Heine Westenfluss Custom),29.99,,,USD,New,https://www.usagundamstore.com/products/hgce-1-144-destiny-gundam-heine-westenfluss-custom,https://cdn.shopify.com/s/files/1/0727/8355/files/153_3241_s_z0jd4h0948ax1chwv15782mrgnt0_600x600.jpg?v=1781812371
gundam,model_kit,USA Gundam Store,retailer,us,Gundam Legend BB375 SD Command Gundam,13.99,,,USD,New,https://www.usagundamstore.com/products/gundam-legend-bb375-sd-command-gundam,https://cdn.shopify.com/s/files/1/0727/8355/products/f242ad04-0815-43ae-887a-54df7678a384_1_600x600.jpg?v=1762201746
gundam,model_kit,USA Gundam Store,retailer,us,HGCE 1/144 #201 Strike Freedom Gundam,28.99,,,USD,New,https://www.usagundamstore.com/products/hgce-1-144-201-strike-freedom-gundam,https://cdn.shopify.com/s/files/1/0727/8355/products/1299fbe8-528a-4d69-9ef5-43730019336c_600x600.jpg?v=1762199004
gundam,model_kit,USA Gundam Store,retailer,us,Gundam Legend SD Gundam BB373 Musha Gundam,13.99,,,USD,New,https://www.usagundamstore.com/products/gundam-legend-sd-gundam-bb373-musha-gundam,https://cdn.shopify.com/s/files/1/0727/8355/products/51FaR8FvoYL_600x600.jpg?v=1762201547
gundam,model_kit,USA Gundam Store,retailer,us,MG 1/100 ZGMF-X20A Strike Freedom Gundam,64.99,,,USD,New,https://www.usagundamstore.com/products/mg-100-zgmf-x20a-gundam-strike-freedom,https://cdn.shopify.com/s/files/1/0727/8355/products/52a8d73b-861e-4365-b8eb-e23736dbadb0_600x600.jpg?v=1762198070
gundam,model_kit,USA Gundam Store,retailer,us,MG 1/100 GAT-X105 Aile Strike Gundam (Ver. RM),55.99,,,USD,New,https://www.usagundamstore.com/products/mg-1-100-gat-x105-aile-strike-gundam-ver-rm-remaster,https://cdn.shopify.com/s/files/1/0727/8355/products/8a890ae4-6f96-4798-9a84-b531440412c4_600x600.jpg?v=1762198064
gundam,model_kit,USA Gundam Store,retailer,us,MG 1/100 Infinite Justice Gundam,66.99,,,USD,New,https://www.usagundamstore.com/products/bandai-1-100-mg-master-grade-infinite-justice-gundam-model-kit-zgmf-x19a-156649,https://cdn.shopify.com/s/files/1/0727/8355/products/8b5af19e-a20f-427b-8a44-918f98ccaa7c_600x600.png?v=1762197958
gundam,model_kit,USA Gundam Store,retailer,us,SD Gundam EX-Standard 002 Aile Strike Gundam,11.99,,,USD,New,https://www.usagundamstore.com/products/sd-gundam-ex-standard-002-aile-strike-gundam,https://cdn.shopify.com/s/files/1/0727/8355/products/Untitled-42_92714faf-dc5a-499e-bebb-cc4ad9e992d8_600x600.jpg?v=1762198618
gundam,model_kit,USA Gundam Store,retailer,us,HGBF 1/144 #058 Star Burning Gundam,20.99,,,USD,New,https://www.usagundamstore.com/products/pre-order-hgbf-1-144-star-burning-gundam,https://cdn.shopify.com/s/files/1/0727/8355/files/153_2012_s_7dctg3r543ov0h95g1dsos3erjk0_72ae6d8b-34a9-4f6a-b14c-744e030d639d_600x600.jpg?v=1762200879
gundam,model_kit,USA Gundam Store,retailer,us,HGCE 1/144 #243 Rising Freedom Gundam,27.99,,,USD,New,https://www.usagundamstore.com/products/bandai-hg-1-144-rising-freedom-gundam-tentative-name,https://cdn.shopify.com/s/files/1/0727/8355/files/153_5937_o_1hko23oi9ick14121p69cko18c523_66c8069c-b82a-4e7b-8166-0ad5e7ba91bb_600x600.jpg?v=1762281802
gundam,model_kit,USA Gundam Store,retailer,us,SDW Heroes #36 78th Musha Gundam,21.99,,,USD,New,https://www.usagundamstore.com/products/sdw-heroes-36-musha-gundam-the-78th,https://cdn.shopify.com/s/files/1/0727/8355/files/153_5941_s_wjlu3wh38m25sl856ztvbhoee8ed_8d1f6b20-f231-41cb-ad96-ef981eed743d_600x600.jpg?v=1762281689
gundam,model_kit,USA Gundam Store,retailer,us,RG 1/144 #03 Aile Strike Gundam,33.99,,,USD,New,https://www.usagundamstore.com/products/rg-1-144-03-aile-strike-gundam,https://cdn.shopify.com/s/files/1/0727/8355/products/ce206f39-1cc8-4948-bb3e-922dfa010d89-removebg_600x600.png?v=1762198351
gundam,model_kit,USA Gundam Store,retailer,us,Gundam SD EX-Standard 009 Destiny Gundam,10.99,,,USD,New,https://www.usagundamstore.com/products/pre-order-ex-standard-009-destiny-gundam,https://cdn.shopify.com/s/files/1/0727/8355/products/153_1815_s_i9j370wqbwajkap5s0t303m15h1b_d10ff823-d824-478f-b026-de4f6eb40623_600x600.jpg?v=1762198712
gundam,model_kit,USA Gundam Store,retailer,us,HGBF 1/144 #20 Lightning Gundam,20.99,,,USD,New,https://www.usagundamstore.com/products/hgbf-1-144-lightning-gundam,https://cdn.shopify.com/s/files/1/0727/8355/files/153_1195_s_9oj4o57w5bpnql730nt8krjctqt3_6e84cfbd-0b67-4c4d-95eb-59ca9ada7d46_600x600.jpg?v=1762198164
gundam,model_kit,USA Gundam Store,retailer,us,HGUC 1/144 #165 Victory Gundam,16.99,,,USD,New,https://www.usagundamstore.com/products/hguc-1-144-165-v-gundam,https://cdn.shopify.com/s/files/1/0727/8355/products/71UwICJcaOL._SL1431_600x600.jpg?v=1762198158
gundam,model_kit,USA Gundam Store,retailer,us,HGFC 1/144 #127 Shining Gundam,19.99,,,USD,New,https://www.usagundamstore.com/products/hgfc-127-shining-gundam-1-144,https://cdn.shopify.com/s/files/1/0727/8355/files/94d741a9-a785-45af-bf8e-c65ad918df61_600x600.webp?v=1762198668
gundam,model_kit,USA Gundam Store,retailer,us,SD Gundam EX-Standard 006 Strike Freedom Gundam,11.99,,,USD,New,https://www.usagundamstore.com/products/pre-order-ex-standard-006-strike-freedom-gundam,https://cdn.shopify.com/s/files/1/0727/8355/products/153_1560_s_jwq138edmob8cx9od4knlvs4r2n1_2c464441-c29e-441a-9668-de07ca1bcf6c_600x600.jpg?v=1762198627
gundam,model_kit,USA Gundam Store,retailer,us,MG 1/100 Launcher and Sword Strike Gundam,60.99,,,USD,New,https://www.usagundamstore.com/products/mg-launcher-amp-sword-strike-gundam,https://cdn.shopify.com/s/files/1/0727/8355/files/153_2585_s_x03c6y6obsm8acivojdjjz7fv329_600x600.jpg?v=1762198524
gundam,model_kit,USA Gundam Store,retailer,us,HGBF 1/144 #43 Kamiki Burning Gundam,24.99,,,USD,New,https://www.usagundamstore.com/products/hgbf-1-144-43-kamiki-burning-gundam,https://cdn.shopify.com/s/files/1/0727/8355/products/a0bbd6d2-c38f-4e11-8b1d-15e60b5a1cce_600x600.jpg?v=1762198503
gundam,model_kit,USA Gundam Store,retailer,us,HGUC 1/144 #222 RX-9/C Narrative Gundam (C-Packs),30.99,,,USD,New,https://www.usagundamstore.com/products/hguc-1-144-222-rx-9-c-narrative-gundam-c-packs,https://cdn.shopify.com/s/files/1/0727/8355/products/c1d54d24-9c3d-494b-b2a1-37c062caaa54_600x600.jpg?v=1762268900
gundam,model_kit,USA Gundam Store,retailer,us,HGUC 1/144 #35 Super Gundam,27.99,,,USD,New,https://www.usagundamstore.com/products/hguc-1-144-35-super-gundam,https://cdn.shopify.com/s/files/1/0727/8355/products/3bc5dc3f-eba9-4b62-bd5c-07b04546aaa1_600x600.jpg?v=1762198380
gundam,model_kit,USA Gundam Store,retailer,us,SDW Heroes Resurrection #33 Wukong Impulse (Childhood Ver.) &amp; Sanzo Strike Freedom Gundam Set,20.99,,,USD,New,https://www.usagundamstore.com/products/sdw-heroes-33-goku-impulse-gundam-sanzang-strike-freedom-gundam-set,https://cdn.shopify.com/s/files/1/0727/8355/files/153_5864_s_qy2cjfl5elpek0ok2hq770klkywc_7d6ece09-38f9-4602-a67e-70f0db404df0_600x600.jpg?v=1762280946
gundam,model_kit,USA Gundam Store,retailer,us,SD BB Senshi #227 Super Gundam,10.99,,,USD,New,https://www.usagundamstore.com/products/sd-bb-senshi-227-super-gundam,https://cdn.shopify.com/s/files/1/0727/8355/products/1000075246_1_600x600.jpg?v=1762278795
gundam,model_kit,USA Gundam Store,retailer,us,SDW Heroes #27 Zhao Yun 00 Gundam (Command Package Ver.),13.99,,,USD,New,https://www.usagundamstore.com/products/sdw-heroes-27-zhao-yun-00-gundam-command-package-ver,https://cdn.shopify.com/s/files/1/0727/8355/products/153_5101_o_1gd2jaihhdum1coiecf1ahd7ko23_12ec74a5-7dcd-4142-8876-20535f8addb3_600x600.jpg?v=1762276907
gundam,model_kit,USA Gundam Store,retailer,us,SDW Heroes #14 Qiongqi Strike Freedom Gundam,15.99,,,USD,New,https://www.usagundamstore.com/products/sdw-heroes-14-qiongqi-strike-freedom-gundam,https://cdn.shopify.com/s/files/1/0727/8355/products/153_4635_s_h282vyw9ix9nbucz9wbiqdjop5rp_600x600.jpg?v=1762276846
gundam,model_kit,USA Gundam Store,retailer,us,Entry Grade 1/144 #11 Nu Gundam,12.99,,,USD,New,https://www.usagundamstore.com/products/entry-grade-1-144-11-nu-gundam,https://cdn.shopify.com/s/files/1/0727/8355/products/158_5007_s_0ylwv6vvc4fo9vact34r4ywn1f1v_d526c390-6b52-428d-a7fb-cca1c071fd79_600x600.jpg?v=1762275873
gundam,model_kit,USA Gundam Store,retailer,us,HGBB 1/144 Blazing Gundam,23.99,,,USD,New,https://www.usagundamstore.com/products/hgbb-1-144-blazing-gundam,https://cdn.shopify.com/s/files/1/0727/8355/products/a20e6a8e-0e27-426e-a11a-983c86429ffc_600x600.jpg?v=1762274530
gundam,model_kit,USA Gundam Store,retailer,us,HG00 1/144 #37 Seraphim Gundam,14.99,,,USD,New,https://www.usagundamstore.com/products/hg-1-144-37-seraphim-gundam,https://cdn.shopify.com/s/files/1/0727/8355/files/153_1861_o_1bblush84h2kj7t19v6rhh4f523_8c038bff-c749-40ad-80f3-652ef695ca18_600x600.jpg?v=1762198898
gundam,model_kit,USA Gundam Store,retailer,us,C38 RG HG 1/144 Force Impulse Gundam,4.49,,,USD,New,https://www.usagundamstore.com/products/c38-rg-hg-1-144-force-impulse-gundam,https://cdn.shopify.com/s/files/1/0727/8355/products/06-14-C38RGHGFORCEIMPULSE_2_600x600.jpg?v=1762272306
gundam,model_kit,USA Gundam Store,retailer,us,HGBF 1/144 #34 Transient Gundam,24.99,,,USD,New,https://www.usagundamstore.com/products/hgbf-1-144-034-transient-gundam,https://cdn.shopify.com/s/files/1/0727/8355/products/fc949cb4-2e00-4b71-b5a4-ff614f8e80a6_600x600.jpg?v=1762198111
gundam,model_kit,USA Gundam Store,retailer,us,SD Gundam BB Senshi #288 Strike Freedom Gundam,9.99,,,USD,New,https://www.usagundamstore.com/products/bb-sd-strike-freedom,https://cdn.shopify.com/s/files/1/0727/8355/products/153_624_s_3dmezpt5auxypnsgi7dl7zoa6wzp_f5604804-c40b-40e9-a372-892c49abe610_600x600.jpg?v=1762198670
gundam,model_kit,USA Gundam Store,retailer,us,MG 1/100 ZGMF-X42S Destiny Gundam,64.99,,,USD,New,https://www.usagundamstore.com/products/bandai-mg-512437-gundam-zgmf-x42s-destiny-gundam-1-100-scale-kit,https://cdn.shopify.com/s/files/1/0727/8355/products/d973fa91-11a8-45b9-96bf-c8ae2272ba6d_600x600.jpg?v=1762197960
gundam,model_kit,USA Gundam Store,retailer,us,HGUC 1/144 #93 Nu Gundam (Heavy Weapon System),36.99,,,USD,New,https://www.usagundamstore.com/products/hguc-1-144-93-nu-gundam-heavy-weapon-system,https://cdn.shopify.com/s/files/1/0727/8355/products/c4685acd-272a-422f-a6c7-8ce3ca4a39d6_600x600.jpg?v=1762200706
gundam,other,USA Gundam Store,retailer,us,F66 MG PB Eclipse Gundam with Raisin Striker Decal Sheet,7.99,,,USD,New,https://www.usagundamstore.com/products/f66-mg-pb-eclipse-gundam-with-raisin-striker-decal-sheet,https://cdn.shopify.com/s/files/1/0727/8355/products/06-10-F66MGPBEclipseGundam_RaisinStriker_2_600x600.jpg?v=1762280163
gundam,model_kit,USA Gundam Store,retailer,us,E44 MG 1/100 V2 / V2AB Victory Gundam (2PC),7.99,,,USD,New,https://www.usagundamstore.com/products/e44-mg-1-100-v2-v2ab-victory-gundam-2pc,https://cdn.shopify.com/s/files/1/0727/8355/products/bf3ba9_0eeef3f3cc1845f7ac22face734752e9_mv2_600x600.jpg?v=1762276025
gundam,model_kit,USA Gundam Store,retailer,us,F39 MG Avalanche Exia Gundam,5.59,,,USD,New,https://www.usagundamstore.com/products/f39-mg-avalanche-exia-gundam,https://cdn.shopify.com/s/files/1/0727/8355/products/bf3ba9_1c416c9ec66742f5a8d1791d85cc9e04_mv2_600x600.jpg?v=1762276013
gundam,model_kit,USA Gundam Store,retailer,us,SDW Heroes #19 Caesar Legend Gundam,10.99,,,USD,New,https://www.usagundamstore.com/products/sdw-heroes-19-caesar-legend-gundam,https://cdn.shopify.com/s/files/1/0727/8355/products/153_4700_s_t1ysrw8j4or1wicdl4wktykyhawt_600x600.jpg?v=1762275428
gundam,model_kit,USA Gundam Store,retailer,us,SDW Heroes #21 Knight Strike Gundam,10.99,,,USD,New,https://www.usagundamstore.com/products/sdw-heroes-21-knight-strike-gundam,https://cdn.shopify.com/s/files/1/0727/8355/products/153_4708_o_1g3nuj01ultj1pvr7ef17p1ti123_2f8f61fb-844b-4fca-a3e2-fd11f7e328c2_600x600.jpg?v=1762275427
gundam,model_kit,USA Gundam Store,retailer,us,"F33 MG 00 Gundam with Raiser, 00R (Redesigned!)",5.99,,,USD,New,https://www.usagundamstore.com/products/f33-mg-00-gundam-with-raiser-00r-redesigned,https://cdn.shopify.com/s/files/1/0727/8355/files/bf3ba9_d02ae53cf90347a09a0b2c4320ad115d_mv2_600x600.jpg?v=1762273479
gundam,model_kit,USA Gundam Store,retailer,us,F31 MG Magnum Gundam,5.99,,,USD,New,https://www.usagundamstore.com/products/f31-mg-magnum-gundam,https://cdn.shopify.com/s/files/1/0727/8355/products/F31MGMagnum_600x600.jpg?v=1762272969
gundam,model_kit,USA Gundam Store,retailer,us,F26 HiRM GOD GUNDAM,4.99,,,USD,New,https://www.usagundamstore.com/products/f26-hirm-god-gundam,https://cdn.shopify.com/s/files/1/0727/8355/products/god_600x600.jpg?v=1762271441
gundam,model_kit,USA Gundam Store,retailer,us,SD Gundam BB Senshi #395 Nidaime Daishogun Gundam,19.99,,,USD,New,https://www.usagundamstore.com/products/second-generation-imperator-sd-musha-gundam-395-legend-bb,https://cdn.shopify.com/s/files/1/0727/8355/products/153_1187_s_6l6t6vu68s32mhnhhde40z390zbl_a5dd05c3-7112-4c38-88c7-583a33b44f91_600x600.jpg?v=1762198072
gundam,model_kit,USA Gundam Store,retailer,us,Explosive Model God Gundam (Metal Build-Style) 1/100 Scale Model Kit,94.99,,,USD,New,https://www.usagundamstore.com/products/god-gundam-explosive-model-metal-build-style-1-100-scale-with-metal-inner-frame,https://cdn.shopify.com/s/files/1/0727/8355/files/7824DA6B-291C-4079-9FB0-4080DBB3599E_600x600.jpg?v=1781643939
gundam,model_kit,USA Gundam Store,retailer,us,HGTWFM 1/144 #26 Gundam Calibarn,23.99,,,USD,New,https://www.usagundamstore.com/products/mobile-suit-gundam-the-witch-from-mercury-new-product-b-tentative,https://cdn.shopify.com/s/files/1/0727/8355/files/153_5527_s_dch0k096rqfilluzrmcul5zht4u7_1570cefb-b204-4870-802b-13e97d57dc5b_600x600.jpg?v=1762280262
gundam,model_kit,USA Gundam Store,retailer,us,MG Blazing Spirits 1/100 scale Master Gundam model kit,84.99,,,USD,New,https://www.usagundamstore.com/products/blazing-spirits-1-100-scale-master-gundam-model-kit,https://cdn.shopify.com/s/files/1/0727/8355/files/4AA0D66D-83CB-4253-A069-CA669AAD81DC_600x600.jpg?v=1778956739
gundam,model_kit,USA Gundam Store,retailer,us,MG 1/100 ASW-G-XX Gundam Vidar,72.99,,,USD,New,https://www.usagundamstore.com/products/mg-1-100-asw-g-xx-gundam-vidar,https://cdn.shopify.com/s/files/1/0727/8355/files/153_6312_s_rvilif532m0xhisnf9sccodwstnt_8201eaf8-f10e-418d-ba86-ed5311b34909_600x600.jpg?v=1756306929
gundam,model_kit,USA Gundam Store,retailer,us,HGTWFM 1/144 #03 Gundam Aerial,17.99,,,USD,New,https://www.usagundamstore.com/products/hgtwfm-1-144-03-gundam-aerial,https://cdn.shopify.com/s/files/1/0727/8355/products/189_5174_s_p0k6t0dftb22biju3b0wfu8ra8sw_060a394f-fbff-4a9a-9570-5ba95c69e3ac_600x600.jpg?v=1762278269
gundam,model_kit,USA Gundam Store,retailer,us,MG 1/100 Gundam Barbatos Lupus,83.99,,,USD,New,https://www.usagundamstore.com/products/mg-1-100-gundam-barbatos-lupus,https://cdn.shopify.com/s/files/1/0727/8355/files/ZnclMZfgWJyMn2Pg_f6331e6e-c64f-4b0b-a8ba-8fbee8699f47_600x600.jpg?v=1763476582
gundam,model_kit,USA Gundam Store,retailer,us,Gundam Assemble Starter Set 01,34.99,,,USD,New,https://www.usagundamstore.com/products/gundam-assemble-starter-set-01-st01,https://cdn.shopify.com/s/files/1/0727/8355/files/ST01_1_739698ae-4a9c-47d1-a502-72c5f6c5bb97_600x600.png?v=1772629440
gundam,other,USA Gundam Store,retailer,us,GM301 Gundam Marker Black (Pour Type),3.99,,,USD,New,https://www.usagundamstore.com/products/black-pour-type-gundam-marker-gm301p,https://cdn.shopify.com/s/files/1/0727/8355/products/51iaw6gc62L._AC_SL1150__1_29bd7b95-340b-4139-9769-c48fdaf5c86f_600x600.jpg?v=1762272593
gundam,model_kit,USA Gundam Store,retailer,us,MG 1/100 Gundam Epyon (EW Ver.),54.99,,,USD,New,https://www.usagundamstore.com/products/mg-1-100-gundam-epyon-ew-ver,https://cdn.shopify.com/s/files/1/0727/8355/products/30195c6d-3844-46e1-a9de-09355e081a25_600x600.jpg?v=1762198152
gundam,other,USA Gundam Store,retailer,us,GM02 Gray Fine Point Gundam Marker,3.39,,,USD,New,https://www.usagundamstore.com/products/gsi-creos-gray-fine-point-gundam-marker,https://cdn.shopify.com/s/files/1/0727/8355/products/greyp_600x600.jpg?v=1762272578
gundam,model_kit,USA Gundam Store,retailer,us,Mobile Suit Gundam Wing HGAC XXXG-01S2 Altron Gundam 1/144 Scale Model Kit (P-Bandai),21.99,,,USD,New,https://www.usagundamstore.com/products/p-bandai-hgac-1-144-altron-gundam,https://cdn.shopify.com/s/files/1/0727/8355/files/1bdc9b85-80cb-4753-acdb-502a9d7ddc69_600x600.webp?v=1762287243
gundam,other,USA Gundam Store,retailer,us,Gundam Color (Semi-Gloss) Series,3.5,,,USD,New,https://www.usagundamstore.com/products/gundam-color-10ml-semi-gloss-series,https://cdn.shopify.com/s/files/1/0727/8355/products/gundam-color-collection_2_600x600.jpg?v=1762199099
gundam,model_kit,USA Gundam Store,retailer,us,HGTWFM 1/144 #19 Gundam Aerial Rebuild,22.99,,,USD,New,https://www.usagundamstore.com/products/hg-1-144-gundam-aerial-rebuild,https://cdn.shopify.com/s/files/1/0727/8355/products/153_5238_o_1gob4hha23q91daa1rt2v72e3p23_d2d00039-eeb7-4f1b-b201-0c748a53efd9_600x600.jpg?v=1762279507
gundam,model_kit,USA Gundam Store,retailer,us,HGAW 1/144 #270 Gundam Leopard,28.99,,,USD,New,https://www.usagundamstore.com/products/hg-1-144-gundam-leopard,https://cdn.shopify.com/s/files/1/0727/8355/files/OrK7mWD4YCj3Ysyb_600x600.jpg?v=1785769173
gundam,model_kit,USA Gundam Store,retailer,us,MG 1/100 ASW-G-08 Gundam Barbatos,60.99,,,USD,New,https://www.usagundamstore.com/products/mg-1-100-asw-g-08-gundam-barbatos,https://cdn.shopify.com/s/files/1/0727/8355/products/a2e9c4f9-0edd-4a06-987b-9b179fbe8e54_600x600.jpg?v=1762270682
gundam,model_kit,USA Gundam Store,retailer,us,HGTWFM 1/144 #25 Gundam Schwarzette,24.99,,,USD,New,https://www.usagundamstore.com/products/hgtwfm-1-144-25-gundam-schwarzette,https://cdn.shopify.com/s/files/1/0727/8355/files/153_5308_s_cmnmceijeodl1i13uhf08p41ufe8_6d6a48fb-4ec3-48fb-b6d7-aeb47c30652f_600x600.jpg?v=1762279370
gundam,model_kit,USA Gundam Store,retailer,us,HGAC 1/144 #236 Gundam Heavyarms,19.99,,,USD,New,https://www.usagundamstore.com/products/hgac-1-144-236-gundam-heavyarms,https://cdn.shopify.com/s/files/1/0727/8355/products/6a34a7a2-0954-4c7b-ba1b-52fb0f8e6683_600x600.jpg?v=1762272329
gundam,model_kit,USA Gundam Store,retailer,us,HG-IBO 1/144 #01 Gundam Barbatos,13.99,,,USD,New,https://www.usagundamstore.com/products/hg-ibo-1-144-001-gundam-barbatos,https://cdn.shopify.com/s/files/1/0727/8355/products/9f9fe3f1-f9a8-4201-904c-30939796b9c1-removebg_600x600.png?v=1762198503
gundam,model_kit,USA Gundam Store,retailer,us,MG 1/100 RX-178 Gundam Mk-II (Ver 2.0),48.99,,,USD,New,https://www.usagundamstore.com/products/mg-1-100-rx-178-gundam-mk-ii-ver-2-0,https://cdn.shopify.com/s/files/1/0727/8355/products/82c65dfc-e331-401b-8172-526b8c5c0f20_600x600.jpg?v=1762197922
gundam,model_kit,USA Gundam Store,retailer,us,HGIBO 1/144 #47 Gundam Zagan,35.99,,,USD,New,https://www.usagundamstore.com/products/hgibo-1-144-monkey-lody-copy,https://cdn.shopify.com/s/files/1/0727/8355/files/vzvhit2WrqS20puq_e012ba2b-cc9a-40ec-a267-45b46d39be91_600x600.jpg?v=1764614473
gundam,model_kit,USA Gundam Store,retailer,us,HGAW 1/144 #271 Gundam Virsago,35.99,,,USD,New,https://www.usagundamstore.com/products/hg-1-144-gundam-virsago,https://cdn.shopify.com/s/files/1/0727/8355/files/2825358_HG1_144GUNDAMVIRSAGO_1_600x600.jpg?v=1780007637
gundam,model_kit,USA Gundam Store,retailer,us,HGTWFM 1/144 #17 Gundam Lfrith UR,24.99,,,USD,New,https://www.usagundamstore.com/products/hgtwfm-1-144-17-gundam-lfrith-ur,https://cdn.shopify.com/s/files/1/0727/8355/products/153_5236_s_h8s552obt3fuq1g5kcg3r663vagw_07acfcc1-2ede-4005-9638-1fbbcd5d7f55_600x600.jpg?v=1762278827
gundam,model_kit,USA Gundam Store,retailer,us,Gundam Assemble Deluxe Set 03 (DX03),169.99,,,USD,New,https://www.usagundamstore.com/products/gundam-assemble-deluxe-set-03-dx03,https://cdn.shopify.com/s/files/1/0727/8355/files/2825421_GA_DX03_EN_1_600x600.jpg?v=1784315251
gundam,other,USA Gundam Store,retailer,us,GM03 Gundam Marker Brown (Fine),3.99,,,USD,New,https://www.usagundamstore.com/products/gm03-brown-fine-point-gundam-marker,https://cdn.shopify.com/s/files/1/0727/8355/products/brownp_600x600.jpg?v=1762272578
gundam,model_kit,USA Gundam Store,retailer,us,HGIBO 1/144 #008 Gundam Gusion,16.99,,,USD,New,https://www.usagundamstore.com/products/hg-ibo-1-144-08-gundam-gusion,https://cdn.shopify.com/s/files/1/0727/8355/products/5e35ff2c-d67b-4252-9bca-6e7b476642d2_600x600.jpg?v=1762198575
gundam,model_kit,USA Gundam Store,retailer,us,MG 1/100 Gundam Deathscythe EW,43.99,,,USD,New,https://www.usagundamstore.com/products/mg-1-100-gundam-deathscythe-ew,https://cdn.shopify.com/s/files/1/0727/8355/products/153_2706_s_e5vizy8379hu4yvwaehr6u4v26tp_5e2cf195-1ff0-4550-8727-04709a5aef14_600x600.jpg?v=1762198514
gundam,model_kit,USA Gundam Store,retailer,us,HGAW 1/144 #272 Gundam Ashtaron,44.99,,,USD,New,https://www.usagundamstore.com/products/4580886844555,https://cdn.shopify.com/s/files/1/0727/8355/files/2825378_HG1_144GUNDAMASHTARON_1_600x600.jpg?v=1780007732
gundam,model_kit,USA Gundam Store,retailer,us,MGSD Gundam Barbatos Model Kit,54.99,,,USD,New,https://www.usagundamstore.com/products/mgsd-gundam-barbatos,https://cdn.shopify.com/s/files/1/0727/8355/files/153_5863_o_1hckgk9vf3cb14v2mgh1m091utm23_37c6a1c9-2479-49b8-b744-641a900e72c4_600x600.jpg?v=1762280928
gundam,model_kit,USA Gundam Store,retailer,us,RG 1/144 #27 Unicorn Gundam 02 Banshee Norn,53.99,,,USD,New,https://www.usagundamstore.com/products/rg-1-144-27-unicorn-gundam-02-banshee-norn,https://cdn.shopify.com/s/files/1/0727/8355/products/84f27c91-faf2-4d30-b95d-62ced9fb1515_600x600.jpg?v=1762201057
gundam,model_kit,USA Gundam Store,retailer,us,HGTWFM 1/144 #07 Gundam Pharact,24.99,,,USD,New,https://www.usagundamstore.com/products/hgtwfm-1-144-07-gundam-pharact,https://cdn.shopify.com/s/files/1/0727/8355/products/153_5181_o_1gje38mmn10fc10hfqfi1gh31bcp23_c8a05d01-f94b-47d2-ac96-6eb65661d654_600x600.jpg?v=1762278271
gundam,model_kit,USA Gundam Store,retailer,us,HGUC 1/144 #66 RX-78GP02A Gundam Physalis,27.99,,,USD,New,https://www.usagundamstore.com/products/hguc-1-144-066-gundam-gp-02a,https://cdn.shopify.com/s/files/1/0727/8355/products/153_656_s_q242zqrr3n7wuvjmtmp1zdmcb4jy_248fafe1-7158-4642-b9fd-b3d2ae800302_600x600.jpg?v=1762198462
gundam,model_kit,USA Gundam Store,retailer,us,MG 1/100  Gundam AGE-1 Titus,46.99,,,USD,New,https://www.usagundamstore.com/products/bandai-hobby-gundam-age-1-titus-1-100-master-grade,https://cdn.shopify.com/s/files/1/0727/8355/products/61Kk7V6Li6L._SL1251_600x600.jpg?v=1762198356
zoid,other,eBay,marketplace,us,Zoids Bear Fighter #511 Vintage 2001 1/72 Action Figure Model Kit NEW SEALED,60.0,,False,USD,New,https://www.ebay.com/itm/137650095549?_skw=zoids&hash=item200c95c5bd:g:7mYAAeSwFfJqidAT,https://i.ebayimg.com/images/g/7mYAAeSwFfJqidAT/s-l225.jpg
zoid,other,eBay,marketplace,us,Red Horn ZOIDS RMZ-014 Styracosaurus Type 1/100 Model Kit,55.69,6.0,False,USD,New,https://www.ebay.com/itm/257691794057?_skw=zoids&hash=item3bffa0ba89:g:4HYAAeSwe-pqhmdl,https://i.ebayimg.com/images/g/4HYAAeSwe-pqhmdl/s-l225.jpg
zoid,model_kit,eBay,marketplace,us,Zoids New Century Zero Anime Complete Series Episodes 1-26 English Audio,21.99,0.0,False,USD,,https://www.ebay.com/itm/285739804237?_skw=zoids&hash=item42876b664d:g:owMAAeSwzCJqU~6w,https://i.ebayimg.com/images/g/owMAAeSwzCJqU~6w/s-l225.jpg
zoid,model_kit,eBay,marketplace,us,Zoids Chaotic Century Anime Complete Series Episodes 1-67  English Audio,30.0,0.0,False,USD,,https://www.ebay.com/itm/285540768769?_skw=zoids&hash=item427b8e5c01:g:0JEAAeSwl-1qU~06,https://i.ebayimg.com/images/g/0JEAAeSwl-1qU~06/s-l225.jpg
zoid,other,eBay,marketplace,us,"ZOIDS (Vintage 2002) #030 GUN SNIPER 3.5"" Velociraptor Figure Blue",19.99,0.0,False,USD,Used,https://www.ebay.com/itm/188830425502?_skw=zoids&hash=item2bf72ba19e:g:VnoAAeSwptdqimMe,https://i.ebayimg.com/images/g/VnoAAeSwptdqimMe/s-l225.jpg
zoid,model_kit,eBay,marketplace,us,Zoids 1/72 Liger Zero Jager Marking Plus Ver. HMM Kotobukiya Model Kit,99.0,5.0,False,USD,New,https://www.ebay.com/itm/188827631779?_skw=zoids&hash=item2bf70100a3:g:tcEAAeSwbr9qiG8r,https://i.ebayimg.com/images/g/tcEAAeSwbr9qiG8r/s-l225.jpg
zoid,other,eBay,marketplace,us,Hasbro Zoids EZ-036 Death Stinger 1/72 Motorized Complete  w/ Pilot Vintage 2002,74.99,0.0,False,USD,Used,https://www.ebay.com/itm/188830418852?_skw=zoids&hash=item2bf72b87a4:g:OPoAAeSwdK5qimGX,https://i.ebayimg.com/images/g/OPoAAeSwdK5qimGX/s-l225.jpg
zoid,other,eBay,marketplace,us,Big Lot Of Random Old Transformer And ZOIDS toys,120.0,,False,USD,Used,https://www.ebay.com/itm/298609253811?_skw=zoids&hash=item45867f9db3:g:AE0AAeSwcZxqineq,https://i.ebayimg.com/images/g/AE0AAeSwcZxqineq/s-l225.jpg
zoid,other,eBay,marketplace,us,2002 Hasbro Tomy Zoids White Liger Zero Action Figure Robot Lion Tiger Not Comp,20.0,8.0,False,USD,Used,https://www.ebay.com/itm/237015439311?_skw=zoids&hash=item372f3897cf:g:YKIAAeSwHlpqGPga,https://i.ebayimg.com/images/g/YKIAAeSwHlpqGPga/s-l225.jpg
zoid,model_kit,eBay,marketplace,us,Zoids - Green Horn AB - Highend Master Model HMM 1/72 (Kotobukiya) MODEL KIT,170.0,0.0,False,USD,New,https://www.ebay.com/itm/158210350662?_skw=zoids&hash=item24d6125e46:g:2xUAAeSwWIxqh3pj,https://i.ebayimg.com/images/g/2xUAAeSwWIxqh3pj/s-l225.jpg
zoid,model_kit,eBay,marketplace,us,Zoids - RZ-029 Storm Sworder - Highend Master Model (044) (Kotobukiya) MODEL KIT,91.0,0.0,False,USD,New,https://www.ebay.com/itm/158210357362?_skw=zoids&hash=item24d6127872:g:7V8AAeSwF-Zqh3qV,https://i.ebayimg.com/images/g/7V8AAeSwF-Zqh3qV/s-l225.jpg
zoid,model_kit,eBay,marketplace,us,Zoids HMM 030 RZ-041 Liger Zero Jager Marking Plus 1/72 model kit Kotobukiya,99.99,0.0,False,USD,New,https://www.ebay.com/itm/389472469442?_skw=zoids&hash=item5aae5e41c2:g:cXEAAeSwek1pYKfF,https://i.ebayimg.com/images/g/cXEAAeSwek1pYKfF/s-l225.jpg
zoid,model_kit,eBay,marketplace,us,HMM Zoids Rev Raptor 051 KOTUBUKIYA Plastic Model Kit,55.0,,False,USD,New,https://www.ebay.com/itm/366621232656?_skw=zoids&hash=item555c540e10:g:PKMAAeSwWihqiLx1,https://i.ebayimg.com/images/g/PKMAAeSwWihqiLx1/s-l225.jpg
zoid,model_kit,eBay,marketplace,international,BT- Liger Zero Panzer RZ-041 Action Figure 1:72 Scale Plastic Building Model Kit,80.08,0.0,False,USD,New,https://www.ebay.com/itm/318768830189?_skw=zoids&hash=item4a381a56ed:g:J~0AAOSw24FnuduB&amdata=enc%3AAQALAAAA4ACCtXRWQnOEpyOqnQQ8KGbfq%2BZlJuU8%2FumANaj6hyu4BDZy3UDGyAOs7odQXzjt2jPpFFci9hjAbF3W9BEacM2UpYethesIQLQUSrbkFtvQrX2i3JA3D5X31xzli5sZpZk6hYbJUM90IcHZaggaZAOEx4Y4RAvxDnHyvfdcKEA%2F4uta55Ia4DQlpaiKltOFvnHAxUo4YXm%2FdtCjNdrtNrBdbuzF9%2FkYj%2FJYuL%2BYcv0U5nPLx8liiMnJjWKgiiZO%2BVkhbLckDD0emv8LgOx45SnWThO%2FjNNAlCQ5TX8VBq0p,https://i.ebayimg.com/images/g/J~0AAOSw24FnuduB/s-l225.jpg
zoid,model_kit,eBay,marketplace,us,Zoids Chaotic Century Complete Anime Series Ep 1-67 Audio option in description,34.99,0.0,False,USD,,https://www.ebay.com/itm/373797966111?_skw=zoids&hash=item570818511f:g:IEoAAOSwRchhVLC3&amdata=enc%3AAQALAAAA4ACCtXRWQnOEpyOqnQQ8KGZqmDoTSrEX4YsIUNDiEvQq%2Fj6sWBvwSruk%2BrA%2Fem5oawSMTxCtUYoepH985E7paxrAMvpo99fvA%2BDYAq7ckXhx9G%2BiF6HHxcOCOvJ5Vk0tEfrqQuePQUZ3iJbdQwaq3ZBDeQKwQ%2B50Wus8XycLHYO3x7iJdBMw9nsr1wAUosSv5qC1uaU3JTXiVyoREGkklnMrENQsb%2B3w7GahmNh46uDR0mwx0lxsoxFfsQvOWHSs4fIK8ThGIWNj51u4eA%2Fry3R8KdmsEOtbHSgByAyrjQZt,https://i.ebayimg.com/images/g/IEoAAOSwRchhVLC3/s-l225.jpg
zoid,model_kit,eBay,marketplace,us,Zoids New Century Zero Anime Complete Series Episodes 1-26 English Audio,21.99,0.0,False,USD,,https://www.ebay.com/itm/355503696675?_skw=zoids&hash=item52c5abeb23:g:SwMAAeSwc5lqU~7m&amdata=enc%3AAQALAAAA4ACCtXRWQnOEpyOqnQQ8KGbbytU5yjIIJGQgLduCA2nZr1dgJWTy%2FIruwliOeO5faPTvP3Eetj4fdseO6Sy4xE3EvKD0tUuH6wFnKoP1N1SIsreEekzYGb048fHhUgnCGBbF%2FFNh5%2F8qXrM6J%2FviP9lWTXZKSxE%2BMwgs%2FOQGtpQm6o8gVHTdGVoQUr83DRIpvQUA%2BWySNk8w05sl8jRuUABzfQsDYWY8mNZp9MLIxj8j0jqT2R8JSSMJs1tKbnjHUPtE70pV3XGldZDth1UUQBSAB6gn6jHBPC3RIxDKAO3X,https://i.ebayimg.com/images/g/SwMAAeSwc5lqU~7m/s-l225.jpg
zoid,model_kit,eBay,marketplace,international,Takara Tomy T-SPARK ZOIDS RMZ-016 Blade Liger Panzer ZBF 1/100 Model Kit,105.98,0.0,False,USD,New,https://www.ebay.com/itm/307047432660?_skw=zoids&hash=item477d7401d4:g:JM4AAeSwP3hqTQA0,https://i.ebayimg.com/images/g/JM4AAeSwP3hqTQA0/s-l225.jpg
zoid,other,eBay,marketplace,us,ZOIDS RZ-042 COMMAND WOLF Attack Custom,55.0,19.75,False,USD,New,https://www.ebay.com/itm/188809380977?_skw=zoids&hash=item2bf5ea8471:g:J5IAAeSwZERqg75D,https://i.ebayimg.com/images/g/J5IAAeSwZERqg75D/s-l225.jpg
zoid,other,eBay,marketplace,us,2000 Tomy Zoids Storm Sworder RZ-029 Pteranodon Type 1/72,49.99,0.0,False,USD,Used,https://www.ebay.com/itm/188830415386?_skw=zoids&hash=item2bf72b7a1a:g:-BEAAeSwpLBqil9j,https://i.ebayimg.com/images/g/-BEAAeSwpLBqil9j/s-l225.jpg
zoid,model_kit,eBay,marketplace,us,Zoids HMM034 RZ-046 Shadow Fox Marking Plus ver. 1/72 model kit Kotobukiya,84.99,0.0,False,USD,New,https://www.ebay.com/itm/147421401092?_skw=zoids&hash=item2253001004:g:EcgAAeSwVplqTGoU,https://i.ebayimg.com/images/g/EcgAAeSwVplqTGoU/s-l225.jpg
zoid,other,eBay,marketplace,us,Zoids Battle Champions mini figures Hasbro Asst 83129/83121 sealed package,85.0,10.0,False,USD,New,https://www.ebay.com/itm/117327335262?_skw=zoids&hash=item1b51410f5e:g:EowAAeSwJM5qaPfg,https://i.ebayimg.com/images/g/EowAAeSwJM5qaPfg/s-l225.jpg
zoid,model_kit,eBay,marketplace,us,Takara Tomy Zoids 40th Anniversary Blade Liger AZ-01 RZ-028 1:72 Model Kit,125.0,,False,USD,New,https://www.ebay.com/itm/168613856652?_skw=zoids&hash=item27422b458c:g:nroAAeSwTHhqf1VQ,https://i.ebayimg.com/images/g/nroAAeSwTHhqf1VQ/s-l225.jpg
zoid,model_kit,eBay,marketplace,us,Kotobukiya 1/72 Zoids HMM RZ-007 Shield Liger DCS-J  Scale Model Kit,89.99,0.0,False,USD,New,https://www.ebay.com/itm/157655357153?_skw=zoids&hash=item24b4fdd6e1:g:9~kAAeSwaJVpgQKa,https://i.ebayimg.com/images/g/9~kAAeSwaJVpgQKa/s-l225.jpg
zoid,other,eBay,marketplace,us,Zoids RMZ-008 Command Wolf Irvine Special Action Plastic Model Kit,59.23,0.0,False,USD,New,https://www.ebay.com/itm/257593781693?_skw=zoids&hash=item3bf9c92dbd:g:fgQAAeSwnx1qQhpl,https://i.ebayimg.com/images/g/fgQAAeSwnx1qQhpl/s-l225.jpg
zoid,model_kit,eBay,marketplace,us,AZ-07 Death Saurer Plastic Model Kit ZOIDS ADVANCED Zi Takara Tomy PRE-built,175.0,,False,USD,Used,https://www.ebay.com/itm/158215852434?_skw=zoids&hash=item24d6665192:g:XdoAAeSwicVqidiM,https://i.ebayimg.com/images/g/XdoAAeSwicVqidiM/s-l225.jpg
zoid,other,eBay,marketplace,us,Vintage Tomy Zoids Robo Strux Terox Vintage 1985 - BROKEN TAIL BUT WORKS - READ,119.99,,False,USD,Used,https://www.ebay.com/itm/298607168364?_skw=zoids&hash=item45865fcb6c:g:xUEAAeSwW8NqiGes,https://i.ebayimg.com/images/g/xUEAAeSwW8NqiGes/s-l225.jpg
zoid,model_kit,eBay,marketplace,us,Zoids HMM 026 RZ-041 Liger Zero Schneider Marking Plus 1/72 model kit Kotobukiya,119.99,0.0,False,USD,New,https://www.ebay.com/itm/389472474311?_skw=zoids&hash=item5aae5e54c7:g:n5MAAeSwYPtpYKih,https://i.ebayimg.com/images/g/n5MAAeSwYPtpYKih/s-l225.jpg
zoid,other,eBay,marketplace,international,ZOIDS WILD ZW01 WILD LIGER Painted Custom Version USED TAKARA TOMY From Japan,113.4,0.0,False,USD,Used,https://www.ebay.com/itm/366623348156?_skw=zoids&hash=item555c7455bc:g:DlAAAOSwjBhn2UEa,https://i.ebayimg.com/images/g/DlAAAOSwjBhn2UEa/s-l225.jpg
zoid,model_kit,eBay,marketplace,us,Zoids Chaotic Century Anime Complete Series Episodes 1-67  English Audio,30.0,0.0,False,USD,,https://www.ebay.com/itm/355155867377?_skw=zoids&hash=item52b0f076f1:g:ROUAAeSwc5lqU~3A&amdata=enc%3AAQALAAAA4ACCtXRWQnOEpyOqnQQ8KGY2xoUPsZhj%2FUEPxILvJZfIpTd7ypTKIEyfdYD3YgrHHGqmEEfeccVGbCLFfiP4%2BIneLiNqe9r09qTC1ZmAgT0FqALw1fSEswC39TMTmmeA01lsMD0g0JCCxSKg1sjTvHcqO8PYI4fIj6%2B56weGRCs%2BgZ1opqHCz9jNEyKd5FrtYxbM%2Bg9gxd3j%2BQZw9pDsSZ4TQjvyG3MUj4lv2mf3YdrP%2FV1Lk828AqpF3tKzhQLuUqi%2BPr5msM6Qhdt7ULWgRzMWPWBV46hGKKimv%2Bvz6Q8X,https://i.ebayimg.com/images/g/ROUAAeSwc5lqU~3A/s-l225.jpg
zoid,model_kit,eBay,marketplace,us,Zoids Genesis Anime Series Japanese Audio (English Subs) EPISODE 1-50,27.99,0.0,False,USD,,https://www.ebay.com/itm/355668796519?_skw=zoids&hash=item52cf832467:g:qHUAAOSwAttmK-pR&amdata=enc%3AAQALAAAA4ACCtXRWQnOEpyOqnQQ8KGaqF0huOT2rhENs7i%2BvhC4EOrfLTnH1UPpfHsWXCQbEmXzlJ4yExrNzwgIbD81MqWHBqxlFiMRhHRFQmp%2B8UePJUxXQPC6TqRnU6EguifBaMdPYNsS3lH--976rr4rqKmzorCQ3auTHMgobR89et2kltUPdryFDPJKuBYJ%2Bn2dUhn7rv77phMWMIHmDpBflTf4U8bBvuyZdVHZmIHc16YNNIwNMNaNd70HLZuwQ8DadM0HyC3z727avWk8NVhSVWIxFX%2B5NiPpEbQcKf5todw1V,https://i.ebayimg.com/images/g/qHUAAOSwAttmK-pR/s-l225.jpg
zoid,model_kit,eBay,marketplace,international,Kotobukiya ZOIDS Blade Liger Mirage HMM 1/72 RZ-028 Plastic Model Kit Japan,219.24,50.0,False,USD,Used,https://www.ebay.com/itm/366568673822?_skw=zoids&hash=item555932121e:g:OEIAAeSwf4JqZ1rx&amdata=enc%3AAQALAAAA4ACCtXRWQnOEpyOqnQQ8KGY5ASoM%2FBZemUqoSd%2BdRUS5JnHZUBMZx%2FSh28Xcd8Po%2BmvPnnM30fOVC4hhgKNnSZv3a33cpz%2FIMlrN2JquVq6OxVwn63V7bGoSF4%2FCfPBJXlXTkncvbAIiO06jrfIJqsYDV49K9s97xfWzMTwiGkBHNfL6n46clbC0duJFsz4HeUSjCQeQf2gv5kbqOFeOyOuThf%2Fc6Zp759ludr4UaUwV%2FpQXsqOpzkFgqXf%2FXHfGeTILPLrkjenSyxIhTXZtqcr%2FMzk7Ckp86IeYeBtkW7D1,https://i.ebayimg.com/images/g/OEIAAeSwf4JqZ1rx/s-l225.jpg
zoid,model_kit,eBay,marketplace,international,Tomy Zoids Kadouoh Liger Zero Lion Type Action Figure Japan Vintage Unopened,104.0,27.0,False,USD,Used,https://www.ebay.com/itm/147481132193?_skw=zoids&hash=item22568f7ca1:g:ZWYAAeSwtcBqcQ7k&amdata=enc%3AAQALAAAA4ACCtXRWQnOEpyOqnQQ8KGZn8xC7PpUvqSUw%2BGFI43pdZtsaeEhxI%2F1WEghPp4t2HuAqchdXWOI9ocKk2gUPmyT15uROWlCy91UhhhqZOhHkdRPDd0CK7guOFGVnkgsTvA6bsYnyA4OJUdTNdOMlrAjg7lfLEV6hGgrCtXeKCBztfZU2VAu7G3VXrDb087nsoWboHCOpzojZVTTn1XmvcdNy%2F7xA%2BigcihMs5B8xja9UPw5cm1v38uziWmQ1x0dzegjsgNtNNpqCbMISu%2BJH6DMco1Y1aoBZTe2yut0KSg5t,https://i.ebayimg.com/images/g/ZWYAAeSwtcBqcQ7k/s-l225.jpg
zoid,model_kit,eBay,marketplace,us,Zoids HMM-0063 RZ-045 Salamander 1/72 model kit Kotobukiya,279.99,0.0,False,USD,New,https://www.ebay.com/itm/366526910434?_skw=zoids&hash=item5556b4cfe2:g:dKoAAeSwr6JqTGga,https://i.ebayimg.com/images/g/dKoAAeSwr6JqTGga/s-l225.jpg
zoid,other,eBay,marketplace,us,Hasbro Tomy 2002 Zoids Lot Of 3 Action Figures Not Complete Pre-owned,22.49,,False,USD,Used,https://www.ebay.com/itm/358472836555?_skw=zoids&hash=item5376a565cb:g:LwoAAeSwhS1p6DR6,https://i.ebayimg.com/images/g/LwoAAeSwhS1p6DR6/s-l225.jpg
zoid,model_kit,eBay,marketplace,us,Zoids HMM 002 RZ-009 Command Wolf AC&LC Marking Plus 1/72 model kit Kotobukiya,99.99,0.0,False,USD,New,https://www.ebay.com/itm/389472455614?_skw=zoids&hash=item5aae5e0bbe:g:KN0AAeSwWBRpYKYG,https://i.ebayimg.com/images/g/KN0AAeSwWBRpYKYG/s-l225.jpg
zoid,other,eBay,marketplace,us,Zoids Mini Figs x 3,24.99,6.0,False,USD,Used,https://www.ebay.com/itm/398263982246?_skw=zoids&hash=item5cba6218a6:g:h6EAAeSwA9Fqd2b7,https://i.ebayimg.com/images/g/h6EAAeSwA9Fqd2b7/s-l225.jpg
zoid,model_kit,eBay,marketplace,us,Zoids HMM 022 Liger Zero Panzer Unit Marking Plus 1/72 model kit Kotobukiya,59.99,0.0,False,USD,New,https://www.ebay.com/itm/389472526638?_skw=zoids&hash=item5aae5f212e:g:yRIAAeSw1q5pYKv-,https://i.ebayimg.com/images/g/yRIAAeSw1q5pYKv-/s-l225.jpg
zoid,other,eBay,marketplace,us,Tomy Zoids WHITE LIGER ZERO Robot Figure 2002 HASBRO Incomplete,8.61,,False,USD,Used,https://www.ebay.com/itm/298606925390?_skw=zoids&hash=item45865c164e:g:TmoAAeSwT55qX3yX,https://i.ebayimg.com/images/g/TmoAAeSwT55qX3yX/s-l225.jpg
zoid,model_kit,eBay,marketplace,us,Kotobukiya 1/72 Zoids HMM 053 EZ-054 Liger Zero X,95.99,9.99,False,USD,New,https://www.ebay.com/itm/117297041268?_skw=zoids&hash=item1b4f72cf74:g:pu4AAeSwz-BqUpBW&amdata=enc%3AAQALAAAA4ACCtXRWQnOEpyOqnQQ8KGaB5DkySjZwX8%2Bq2q2yMB2vdMWFxlH8QMjhbbzbTUIRmIQ34WyecIW5uMS10AhPV6%2BQYXo26PcbUuQD1PxMAUy86BKT6ev7V3n%2B6HNFqbwBkkEeQt0XUAuNlBCcMbOsPDwPpbKkYHBSD4uIqc0Tz629sG1bHYK5Jtlj54S9pLofeJ0ZtIgsa02%2BezRj7%2Fwz0CsY%2BNdM3HJ%2BqMXRDE70GjrEy%2Bv%2FEM5V9%2FGFXP0WrcQoKfe2aXxLd9uzVpvXdEjClXyPC960%2Bjs6yz6gFq8HzNcG,https://i.ebayimg.com/images/g/pu4AAeSwz-BqUpBW/s-l225.jpg
zoid,model_kit,eBay,marketplace,international,TAKARA TOMY DAEWON ZOIDS WILD : XENO REX ZW52 Tyrannosaurus Type Action Figure,68.8,6.0,False,USD,New,https://www.ebay.com/itm/116014567998?_skw=zoids&hash=item1b0301d23e:g:amMAAOSwxollgWyV&amdata=enc%3AAQALAAAA4ACCtXRWQnOEpyOqnQQ8KGYY9b2BohLJY4aZyrdGClXvu2bmmAypfZtj5oCmjgrIuHXjSvnqsEf1I%2BBimwlVQjeu6rpJTZ7bjt545PuU8EzyGIdqlH7J6hhdGRwcyAts66Km3p105a5sCO6MPaNbSeBLlmwB1Y0QvgAuCOloazxOQRKh1rvZ8Awg2SYh5K4372tOJKn2bDq4gtYg4tNZPfoO0dV%2FpH0aSnkpFBIfULrWMhwQsz4zjd2v127%2BlKjWUtw7bJDEEVWTX58hylorerA2YdqTlCE34bRJ51zPErSB,https://i.ebayimg.com/images/g/amMAAOSwxollgWyV/s-l225.jpg
zoid,model_kit,eBay,marketplace,us,Zoids RZ-041 Liger Zero Schneider Marking Plus Ver. Model Kit Kotobukiya,119.95,9.95,False,USD,New,https://www.ebay.com/itm/177802010074?_skw=zoids&hash=item2965d35dda:g:TEIAAeSwPY9qC1~c,https://i.ebayimg.com/images/g/TEIAAeSwPY9qC1~c/s-l225.jpg
zoid,model_kit,eBay,marketplace,us,Vintage ZOIDS Liger Zero #041 Hasbro 1/72 Scale Motorized Figure Never Opened,249.99,6.65,False,USD,New,https://www.ebay.com/itm/336708164244?_skw=zoids&hash=item4e655eda94:g:0KQAAeSwRo9qZSdF,https://i.ebayimg.com/images/g/0KQAAeSwRo9qZSdF/s-l225.jpg
zoid,other,eBay,marketplace,us,Please Read!! Kotobukiya Zoids RMZ-003 Command Wolf,29.0,0.0,False,USD,New,https://www.ebay.com/itm/327202929719?_skw=zoids&hash=item4c2ed07c37:g:LjwAAeSw0GVqJvsn,https://i.ebayimg.com/images/g/LjwAAeSw0GVqJvsn/s-l225.jpg
zoid,model_kit,eBay,marketplace,us,Zoids HMM 010 RZ-034 Geno Breaker Repackage ver.  1/72 model kit Kotobukiya,119.99,0.0,False,USD,New,https://www.ebay.com/itm/147083317533?_skw=zoids&hash=item223ed9511d:g:IGUAAeSwRI9pYTDx,https://i.ebayimg.com/images/g/IGUAAeSwRI9pYTDx/s-l225.jpg
zoid,other,eBay,marketplace,us,2002 Tomy Hasbro ZOIDS Lightning Figure Lot,15.0,,False,USD,Used,https://www.ebay.com/itm/206467817946?_skw=zoids&hash=item301270e1da:g:VPsAAeSwf4Jqc0aK,https://i.ebayimg.com/images/g/VPsAAeSwf4Jqc0aK/s-l225.jpg
zoid,model_kit,eBay,marketplace,international,Zoids mini Figure Collection Battle Series Part.9 Full Set of 9 TOMY authentic,179.99,29.0,False,USD,Used,https://www.ebay.com/itm/287535948485?_skw=zoids&hash=item42f27a62c5:g:n~IAAeSwuVhqhsaj,https://i.ebayimg.com/images/g/n~IAAeSwuVhqhsaj/s-l225.jpg
zoid,other,eBay,marketplace,us,2002 Hasbro Tomy Zoids Liger Zero Electronic White Lion Works - Missing Parts,14.99,,False,USD,Used,https://www.ebay.com/itm/800531689323?_skw=zoids&hash=itemba63682f6b:g:At4AAeSwUp5qeVAF,https://i.ebayimg.com/images/g/At4AAeSwUp5qeVAF/s-l225.jpg
zoid,other,eBay,marketplace,us,ZOIDS ATAK KAT Assembled Complete With Nice Box! Hasbro 2001,29.0,,True,USD,Used,https://www.ebay.com/itm/117356333150?_skw=zoids&hash=item1b52fb885e:g:Y2kAAeSwxxdqfRLH,https://i.ebayimg.com/images/g/Y2kAAeSwxxdqfRLH/s-l225.jpg
zoid,model_kit,eBay,marketplace,international,TOMY ZOIDS RZ-046 Shadow Fox Motorized Figure Collectible 15+,80.49,18.0,False,USD,Used,https://www.ebay.com/itm/398245385712?_skw=zoids&hash=item5cb94655f0:g:5d4AAeSw4VVqcK5N&amdata=enc%3AAQALAAAA4ACCtXRWQnOEpyOqnQQ8KGaorymJRkhIMso%2Fjx91zMO77Q3BTpwfQGjhdkYOweGuB1jCvj8lErwRpmtqp8Apb7rY84KizLQpB5lrLxXv05YbGH9Eo4sfaqLsqJ5FA%2Bl39ZWFwTH9Jish4uQYOaLE8IazEdP%2B9t2ZS7KrnGcC7C4ltiI0c75gyr7Ox3zHzMOZ%2FIA2eOqvJsoKvtcpKn70JWaqDJU1mr0MbDftmwxwfJDXpc6oDjcBmpffSvlU1yAk5PYdis7%2BX9ptmrlytNEdR1Fr%2F4bOXFFZPdXHOJ8r8nPX,https://i.ebayimg.com/images/g/5d4AAeSw4VVqcK5N/s-l225.jpg
zoid,model_kit,eBay,marketplace,us,Zoids Chaotic Century Complete Anime Series Ep 1-67  Audio option in description,34.99,0.0,False,USD,,https://www.ebay.com/itm/395168208416?_skw=zoids&hash=item5c01dc5620:g:HQEAAOSw1BdhcWrD&amdata=enc%3AAQALAAAA4ACCtXRWQnOEpyOqnQQ8KGYa9NEZUw%2FIxtJhzQ8PFAaM%2FoI5UQpntcod6BWLt%2BoL%2FCMv%2BggAvTBgjErB9DMxJFGEeEZsqUMCq5RYxrwxTzYTjvEQjc2QztwbM7SOJe2mrkJsFD1SCSjvg%2FoCckrHZuBSQr%2FHEatDQa4CH%2FIeEV6drzm%2FloHHofIdN59M5ssqGhPjtX%2F6tQ3o5A2D%2FALV7hS9uUXV27yNIlPeWFf35zAIr4JtqpIb1Hlv%2Fu8xtLpQnhZpHmdwC0Y6gGYYJIIP7aQEy1MDQ%2BAI8uaGD25S33xE,https://i.ebayimg.com/images/g/HQEAAOSw1BdhcWrD/s-l225.jpg
zoid,model_kit,eBay,marketplace,us,Zoids Genesis Anime Series ​​​Episodes 1-50 Japanese Audio with English Subs.,29.99,0.0,False,USD,,https://www.ebay.com/itm/265372473031?_skw=zoids&hash=item3dc96e96c7:g:NVIAAOSwlPBhcwjM&amdata=enc%3AAQALAAAA4ACCtXRWQnOEpyOqnQQ8KGY9SGGppdrJcGMz%2Bew9FEF6yU808uMEwd1XWE35GXR%2Be7Q6n1%2BG9LTtdWKoIKLup3dDm9d4OY%2FXjkOSxpOaMgFHBDy21gLfmxsC6YUmbmOy%2B3ZLFRkR2Gdh27gcon6QHYXaRhHSkNZxZ9tgPppNbrCJaIkRzXS8pBrH86PkEOyyTvCOTQgJEmp8kWWydsLEwD1LO4dItPwEn0kHeeU1R%2BqfWKTd%2BKuZW1QwrB1CH7z83dl%2BxM6ADaRZoMZJRGeShzqUjrQw6gOzzwHPXanlTbKV,https://i.ebayimg.com/images/g/NVIAAOSwlPBhcwjM/s-l225.jpg
zoid,model_kit,eBay,marketplace,us,Vintage 1980s Mechanical Dinosaur Zoid style Gundam Kit Toy Bootleg KO,199.99,0.0,False,USD,New,https://www.ebay.com/itm/128035024288?_skw=zoids&hash=item1dcf7b6da0:g:rbAAAeSwGGJqhgJb&amdata=enc%3AAQALAAAA4ACCtXRWQnOEpyOqnQQ8KGaV8O7rMyDuPMMYnWCpY8i6PmH02PNYO%2B5d5hax17%2Bu4PljfbrR7ckEPZOJOunENVaYiNu%2FKtYLnB2%2BPTNHN2CkqPsdbENCyWpch6JbFqXWJs1rN9lyGtI8nerF5RFEKKIaNOn9AZnxl4ZAjSTp1uaAOs6PHk8%2BZkptY4aWopYfcSsbUJXEfKYneYdqFE2Nxz2R9QK94BgxXfvtX5FLia9jIF45aKfjR1gQKqmuF4LHrl7UyhzWC1ukZK%2BwCOHzYN51HFNNXTQQf5q7z7%2BvK8B7,https://i.ebayimg.com/images/g/rbAAAeSwGGJqhgJb/s-l225.jpg
zoid,other,eBay,marketplace,international,SEIKO ZOIDS Collaboration Geno Saurer Limited to 300 Pieces Worldwide NEW F/J,574.99,98.0,False,USD,New with box and papers,https://www.ebay.com/itm/377138144358?_skw=zoids&hash=item57cf2f6466:g:8XcAAeSw5Jpp6zGy&amdata=enc%3AAQALAAAA4ACCtXRWQnOEpyOqnQQ8KGb9Oj25jYAQ4pK7dB94vCx3tfl672GWSHHZoLwj1W5At3RTkZIh2TWkQEIgknBkXY%2BvkqRdZ83UC1O%2FuP3p%2BhWCrTfTdvK72Y3sVJ%2F%2BIR1tfcDgbd2zrdqET0idoMOPOq1zGKecfItY4xY0NZFonkoF2hoSQ8UYAoKeEhmtRleJnFcy5SvceoYP0HoTR3C9XqRgbZbbZZa%2FEpaTxJTeM2M2jTTUACnFFVPv0N8nIZAYtK8%2BHgCGd1M%2Bko%2ByJq9xITdhTHzQNoVG15juheliBPjA,https://i.ebayimg.com/images/g/8XcAAeSw5Jpp6zGy/s-l225.jpg
zoid,model_kit,eBay,marketplace,us,Zoids New Century Zero Anime Complete Serie Episodes 1-26 English Audio,24.99,0.0,False,USD,,https://www.ebay.com/itm/374024991754?_skw=zoids&hash=item5715a0740a:g:YjoAAOSwtKhhVL1D&amdata=enc%3AAQALAAAA4ACCtXRWQnOEpyOqnQQ8KGZhot5wSWKsUzouLqMAUQKdzSapo0GidjwZqL%2B6AGVLcY0IpRMDVjxpHWyIyh9Qt%2BrRrxjnqxR6iWaRg5kwHVyYrgPSlgO8VqsRTvA10GnPnmEHI5WvVXdiS5243j3fpl3sECkqclBTTl7Y1gclq7dtpsn1v2Bt%2FADwT%2B2a%2FRKfzWoR%2By6JNnoS8lsDnhWr9dEZ4Cwow%2F43Z34jIRb7%2BqRnXn9W%2FSx%2F7ndx%2B6knIImda66jHlBzphynDKuIgFqdMY8x%2FrSQXICV3b6dn8sr%2FWhV,https://i.ebayimg.com/images/g/YjoAAOSwtKhhVL1D/s-l225.jpg
zoid,other,eBay,marketplace,us,ZOIDS ATAK KAT Assembled Complete With Nice Box! Hasbro 2001,29.0,,True,USD,Used,https://www.ebay.com/itm/117356333150?_skw=zoids&hash=item1b52fb885e:g:Y2kAAeSwxxdqfRLH,https://i.ebayimg.com/images/g/Y2kAAeSwxxdqfRLH/s-l225.jpg
zoid,model_kit,eBay,marketplace,us,Kotobukiya - Zoids - EHI-7 Reddra Zenebus Empire Version Model Kit [New Toy],53.39,0.0,False,USD,New,https://www.ebay.com/itm/198253987098?_skw=zoids&hash=item2e28dbc51a:g:GbcAAeSwR6VpHYs8,https://i.ebayimg.com/images/g/GbcAAeSwR6VpHYs8/s-l225.jpg
zoid,model_kit,eBay,marketplace,international,Takara Tomy T-Spark Realize Model ZOIDS RMZ-016 Blade Liger Panzer ZBF,106.55,0.0,False,USD,New,https://www.ebay.com/itm/227449942619?_skw=zoids&hash=item34f512b25b:g:x1MAAeSwwnxqZzag,https://i.ebayimg.com/images/g/x1MAAeSwwnxqZzag/s-l225.jpg
zoid,model_kit,eBay,marketplace,us,Vintage 1985 Tomy Zoids Iron Kong EPZ-002 Assembled Unused Decals Manual Box Art,144.95,,False,USD,Used,https://www.ebay.com/itm/318699165389?_skw=zoids&hash=item4a33f356cd:g:7vIAAeSwCz5qd5lF,https://i.ebayimg.com/images/g/7vIAAeSwCz5qd5lF/s-l225.jpg
zoid,model_kit,eBay,marketplace,us,Zoids ADVANCED Zi Red Horn Model Kit RMZ-014,73.98,0.0,False,USD,New,https://www.ebay.com/itm/377429715823?_skw=zoids&hash=item57e0906b6f:g:LSoAAeSwJK9qhJqm,https://i.ebayimg.com/images/g/LSoAAeSwJK9qhJqm/s-l225.jpg
zoid,model_kit,eBay,marketplace,us,Zoids HMM 026 Liger Zero Schneider Unit Marking Plus 1/72 model kit Kotobukiya,49.99,0.0,False,USD,New,https://www.ebay.com/itm/389472521592?_skw=zoids&hash=item5aae5f0d78:g:aEkAAeSwxxppYKtQ,https://i.ebayimg.com/images/g/aEkAAeSwxxppYKtQ/s-l225.jpg
zoid,model_kit,eBay,marketplace,us,Zoids Wild Anime Series English Dubbed and Subs Episodes 1-50,27.99,0.0,False,USD,,https://www.ebay.com/itm/285824688296?_skw=zoids&hash=item428c7aa0a8:g:oosAAOSwtrdmJdp2,https://i.ebayimg.com/images/g/oosAAOSwtrdmJdp2/s-l225.jpg
zoid,model_kit,eBay,marketplace,us,Kotobukiya 1/72 Zoids HMM RZ-028 Blade Liger AB Attack Booster Scale Model Kit,124.99,0.0,False,USD,New,https://www.ebay.com/itm/357808502785?_skw=zoids&hash=item534f0c7801:g:kpgAAeSw7lFo~Bwv,https://i.ebayimg.com/images/g/kpgAAeSw7lFo~Bwv/s-l225.jpg
zoid,other,eBay,marketplace,us,"VINTAGE ZOIDS (PROTOZOID ELEPHANTUS), NEW Open BOX  1982 #2559",129.99,,False,USD,New,https://www.ebay.com/itm/128039249180?_skw=zoids&hash=item1dcfbbe51c:g:cdIAAeSwGEZqiaCi,https://i.ebayimg.com/images/g/cdIAAeSwGEZqiaCi/s-l225.jpg
zoid,model_kit,eBay,marketplace,us,Zoids New Century Zero Anime Complete Series Episodes 1-26 English Audio,24.99,0.0,False,USD,,https://www.ebay.com/itm/394077460701?_skw=zoids&hash=item5bc0d8d8dd:g:f5QAAOSwMzthcX~y&amdata=enc%3AAQALAAAA4ACCtXRWQnOEpyOqnQQ8KGaypV%2BHKo5bqy2gQ5fvGk38PW0KodtvnunJJdJLyx6%2BeY9qI20d1soXs1RdW9fOaD7X6GrhW4LZT%2FeDQiq6m92EMo2pPrRl232MgQxi4iUhEbW6CEWgIMk6B6Ueg7Aa4woBHrs3UlBaXcLxUOCp8cqgZ5kg4mOy7hX22HYwW7Xo8NvCqyBH%2BPxE38dxl9JPDZjYzjpKorWRZvzLpx%2B6AntkNtY5DrZ3wXZmEM2x42T5jznae8tkoAH5eP%2Far%2FoOYNwmian89oevHTyJ4ZwvwDyI,https://i.ebayimg.com/images/g/f5QAAOSwMzthcX~y/s-l225.jpg
zoid,other,eBay,marketplace,us,Vintage Tomy  Techno Zoids Evil Pegasus Assembled Kit AS IS Parts Only,42.49,,True,USD,Used,https://www.ebay.com/itm/257688351470?_skw=zoids&hash=item3bff6c32ee:g:D18AAeSwU5NputDY&amdata=enc%3AAQALAAAA4ACCtXRWQnOEpyOqnQQ8KGa18Xao046YBy8wTa8PhLlORggngEsyDn1dTKW%2FwJPLOEkr7TonopM0BGalDfIePS09ajdMI4cbmBWnp20%2BP0hPoYfgkEPlfLlf%2F6Mdr8qy3vDN9aEFzYlBg6%2BPte5nuAklvomVM%2FZV4JDYqj6DXJ7sN73MlzuytkhDJJKfr2DrvA8H5X8sxgwoVouVr91lt%2FMRC%2F2Owmh2hfa0iJD%2FkqM4o5zeniISFgXqRbHA9ll6jmD9gSv65vqSifYRxhErB9bvKoTINyjG1jhr%2FGRmciBK,https://i.ebayimg.com/images/g/D18AAeSwU5NputDY/s-l225.jpg
zoid,model_kit,eBay,marketplace,us,Zoids Genesis Japanese DVD Box Set Vols 1-8 Complete Collection Avex NEW,314.96,0.0,False,USD,Brand New,https://www.ebay.com/itm/398171658111?_skw=zoids&hash=item5cb4e1577f:g:0CkAAeSwm3ZqKOdH&amdata=enc%3AAQALAAAA4ACCtXRWQnOEpyOqnQQ8KGbsICThgGUsK2RUbRxKyy0qnPIDRREt1ixUW2DQ%2BoBMV%2Bh111mwVjwVr517g7UfKdpGBfUnJkHRENe9ZbW%2BSKE69W1xbHCfTtmlT%2F39PBQTT9EO8hLxYNnBw%2ByHU%2FQ5oeenSL8CHBhLFqfdKXh5nHQFGmuWV0rZkR2i9ZYrkcb%2B79cAmBQWCHWlBD%2F%2BeLiQHaf51iTwA43sKAfYceDd2Tma%2FsEm11Qs6Zm7b%2FuoMzoM2wbOpLSFsS89JO8i0J%2BnmBLw1%2FoHPHbkZMDCW7EpQIVZ,https://i.ebayimg.com/images/g/0CkAAeSwm3ZqKOdH/s-l225.jpg
zoid,other,eBay,marketplace,us,Zoids Gun Sniper & Liger  Zero X - Tomy Hasbro 2002 Robot Animals,39.99,0.0,False,USD,Used,https://www.ebay.com/itm/820024321900?_skw=zoids&hash=itembeed42276c:g:8GcAAeSwvFJqhiX4,https://i.ebayimg.com/images/g/8GcAAeSwvFJqhiX4/s-l225.jpg
zoid,other,eBay,marketplace,international,ZOIDS CHOGOKIN CHANGING ARMOR set for RZ-041 LIGER ZERO BANDAI,256.31,45.0,False,USD,Used,https://www.ebay.com/itm/396511595473?_skw=zoids&hash=item5c51eecbd1:g:FLcAAeSwh9RpEbLA,https://i.ebayimg.com/images/g/FLcAAeSwh9RpEbLA/s-l225.jpg
zoid,other,eBay,marketplace,us,"Liger Zero Jaeger Zoids Hasbro 2002 6.5"" Long Figure",11.99,,False,USD,Used,https://www.ebay.com/itm/307139076390?_skw=zoids&hash=item4782ea6126:g:rr0AAeSwXzppQfcm,https://i.ebayimg.com/images/g/rr0AAeSwXzppQfcm/s-l225.jpg
zoid,other,eBay,marketplace,us,2002 Hasbro Vintage Zoids Chimera Dragon Action Figure Packaged ,40.0,,True,USD,New,https://www.ebay.com/itm/800479640336?_skw=zoids&hash=itemba604dfb10:g:r4IAAeSwgVxpbdk8,https://i.ebayimg.com/images/g/r4IAAeSwgVxpbdk8/s-l225.jpg
zoid,model_kit,eBay,marketplace,international,BT White Liger Zero RZ-041 Model Kit 1:72 Scale Mecha Beast Action Figure Build,57.49,0.0,False,USD,New,https://www.ebay.com/itm/278057327081?_skw=zoids&hash=item40bd8219e9:g:l3cAAeSwoulqIHj~,https://i.ebayimg.com/images/g/l3cAAeSwoulqIHj~/s-l225.jpg
zoid,other,eBay,marketplace,us,"Lot Of 3 Zoids 6"" Action Figure TOMY Hasbro 2002 As Is",20.0,6.95,False,USD,Used,https://www.ebay.com/itm/336726584443?_skw=zoids&hash=item4e6677ec7b:g:DOsAAeSwdhFqcn6p,https://i.ebayimg.com/images/g/DOsAAeSwdhFqcn6p/s-l225.jpg
zoid,model_kit,eBay,marketplace,us,ZOIDS EZ-021 Deathsaurer Death Saurer 1/72 Plastic Model kit Takara Tomy Toys,200.0,,False,USD,Used,https://www.ebay.com/itm/257696913253?_skw=zoids&hash=item3bffeed765:g:3LcAAeSwNXNqii4o,https://i.ebayimg.com/images/g/3LcAAeSwNXNqii4o/s-l225.jpg
zoid,other,eBay,marketplace,us,zoids redler 005 TOMY,50.0,7.99,False,USD,New,https://www.ebay.com/itm/157493953559?_skw=zoids&hash=item24ab5f0417:g:wLQAAeSwlURpIz~4,https://i.ebayimg.com/images/g/wLQAAeSwlURpIz~4/s-l225.jpg
zoid,other,eBay,marketplace,international,Lot of 15 Zoids Mini Figures 2000’s Battle Champions Tomy,89.99,7.99,False,USD,Used,https://www.ebay.com/itm/327306899109?_skw=zoids&hash=item4c3502eea5:g:eiYAAeSwa4FqegZh,https://i.ebayimg.com/images/g/eiYAAeSwa4FqegZh/s-l225.jpg
zoid,other,eBay,marketplace,us,Takara Tomy ARTS Gacha Shoulder Zun Fig ZOIDS Figure - 1 Random,13.95,0.0,False,USD,New,https://www.ebay.com/itm/137620795357?_skw=zoids&hash=item200ad6afdd:g:7rkAAeSwWg9qg0ZY,https://i.ebayimg.com/images/g/7rkAAeSwWg9qg0ZY/s-l225.jpg
zoid,other,eBay,marketplace,us,2002 Hasbro Zoids Leoblaze Z-Builders Action Figure Model Kit Lion NIOB Read,54.99,0.0,False,USD,New,https://www.ebay.com/itm/168621902812?_skw=zoids&hash=item2742a60bdc:g:jUUAAeSw-8lqg72p,https://i.ebayimg.com/images/g/jUUAAeSw-8lqg72p/s-l225.jpg
zoid,model_kit,eBay,marketplace,international,Kotobukiya D-Style ZOIDS Blade Liger special limited -Gold plated parts include,6.5,39.0,False,USD,New,https://www.ebay.com/itm/297687131853?_skw=zoids&hash=item454f8926cd:g:ky0AAOSwlZdkACMO,https://i.ebayimg.com/images/g/ky0AAOSwlZdkACMO/s-l225.jpg
zoid,model_kit,eBay,marketplace,us,Zoids Elephander Action Figure-By Tomy-Rare-2002-Includes HTF Parts As Pictured,25.0,,False,USD,Used,https://www.ebay.com/itm/168538939290?_skw=zoids&hash=item273db41f9a:g:WHAAAeSwe4RqWDx4&amdata=enc%3AAQALAAAA4ACCtXRWQnOEpyOqnQQ8KGa2yOEp9vGjprgDhf7iiyJY7Kuy80HwTwsJvZw3pMtAdxU8jbpmznAUgQA%2FIBYBzIuI9wQDJM8FZ%2FyHRbGCJwgs46N8LseJ01pILgZhJI4bx6qYD5505czsqjINuS6ZSbW147NzGRN6jQrwUdzt3Tr1E8fJgvFncvk0uDERLkWRKJddXNlAk5oy8cdrwqXais%2FfPEmQTjiHTkqulLA3%2Fxvtm8CFHA%2BRDPWCrCjhSmWsOvxEnWkn2uLBjdy%2B5coNE39Z6MsLAINi3vLtdqxiSMce,https://i.ebayimg.com/images/g/WHAAAeSwe4RqWDx4/s-l225.jpg
zoid,other,eBay,marketplace,us,Tomy Zoids RZ-014 Godos Dinosaur type 1/72 Plastic model,75.0,17.75,False,USD,New,https://www.ebay.com/itm/188795494569?_skw=zoids&hash=item2bf516a0a9:g:i8UAAeSwDzRqgA9J&amdata=enc%3AAQALAAAA4ACCtXRWQnOEpyOqnQQ8KGbB0QmHmQuRa6nsKW00QoqSpHCVK3Ks1r%2BvkXoSvQMqv92aVRqA6lYPCBLnTdyn1bHyM9%2B%2BC0BzsTYsPi2owYOOyAQhu%2FosXC35czPuz4XPBF2T%2F3AmoEH2L6Cwix2GFNCG3%2F4%2FXZVvZ6qVBXQp7Th8kXSLbgaEJN0XuBTzykjconSGoUvFP6C0ZJ3FMcGVJQ3905IhLIRT6xRUAUi9E7ug25KUiNkB%2FSanM%2B6nAZcnH4iptdqRBMBfjWId%2BwcBzSzktQgjxp1%2FZhhXZPCwAOBF,https://i.ebayimg.com/images/g/i8UAAeSwDzRqgA9J/s-l225.jpg
zoid,model_kit,eBay,marketplace,us,Zoids: The Battle Begins DVD volume 1,35.0,,False,USD,Very Good,https://www.ebay.com/itm/377372636127?_skw=zoids&hash=item57dd2973df:g:oOoAAeSwWEBqZt0q&amdata=enc%3AAQALAAAA4ACCtXRWQnOEpyOqnQQ8KGa4qtWJZutvQ97zvxeABiaU911foFndqRjiFM7ta0JlWbi0kHF3gImLJyednWAualWbTyruOBgEQZVKPELUdTz4eXa%2Fhl7eL2nP3Ip0ti896IOxBzw7HqouXNzWxP1aOibvHG8rWt1oJ0%2Fg6QrnAC0bo7V9lVlimf1b15yN4hLYA4IZgM0cQX3cIow5mfFoOGn3bj%2BVYXm49ir51zWM2oGNHYH--wEuNUqZIiF2mna7JnSjKomvEnY%2FHK31Whd%2BLjrCSuFBr5OfXeAEDuhz4YPI,https://i.ebayimg.com/images/g/oOoAAeSwWEBqZt0q/s-l225.jpg
zoid,model_kit,eBay,marketplace,international,SW Nintendo Switch Zoids Wild Infinity Blast TAKARA TOMY Battle Action Japan,41.0,12.0,False,USD,Very Good,https://www.ebay.com/itm/358756304312?_skw=zoids&hash=item53878ac5b8:g:v8oAAeSwkvxqSXuO&amdata=enc%3AAQALAAAA4ACCtXRWQnOEpyOqnQQ8KGYIlzbj04N1GuJ4NvApnKahhLR0eghNxV3jhYHp4pbmkWekkTKht2gismzQa--hwikSyTLt6aTdWMmXy3ee1W2ZzJ%2BThX0SA5R%2BP%2BMkaNglpHrUjBHbTaVymkdDLft8M97Lkavw6QeQqoYct%2FThfpGnhLOlk3PQei53pP8m8teVCebMC5CbiaqCXWSc7w76WRyPrGHevRgTB3mF8oxRw4QXu76oa%2B2sNSXcg5SyA94nWugDa%2BW45BzWbQ2vO85wQfO%2BZrWbrqphtmopKZlQquyt,https://i.ebayimg.com/images/g/v8oAAeSwkvxqSXuO/s-l225.jpg
zoid,model_kit,eBay,marketplace,us,Zoids Fuzors Anime Complete Series Episodes 1-26 English Audio,21.99,0.0,False,USD,,https://www.ebay.com/itm/286172076383?_skw=zoids&hash=item42a12f595f:g:4FQAAeSwYaxqXFkq,https://i.ebayimg.com/images/g/4FQAAeSwYaxqXFkq/s-l225.jpg
zoid,model_kit,eBay,marketplace,international,ZOIDS EPZ-003 Great Sabre Tiger Marking Plus Ver. 1/72 Model kit Kotobukiya,118.33,2.89,False,USD,New,https://www.ebay.com/itm/287533725024?_skw=zoids&hash=item42f2587560:g:qZYAAeSwYQVqinQm,https://i.ebayimg.com/images/g/qZYAAeSwYQVqinQm/s-l225.jpg
zoid,model_kit,eBay,marketplace,us,Kotobukiya Zoids AZ-05 Saber Tiger 40th Anniversary Model Kit,85.0,,False,USD,New,https://www.ebay.com/itm/188819602118?_skw=zoids&hash=item2bf6867ac6:g:goMAAeSwFLNqhlCH,https://i.ebayimg.com/images/g/goMAAeSwFLNqhlCH/s-l225.jpg
zoid,model_kit,eBay,marketplace,us,Zoids: Chaotic Century 1-11 + New Century Zero 1-6 English DVDs Rare Anime OOP,500.0,,False,USD,Good,https://www.ebay.com/itm/287470757567?_skw=zoids&hash=item42ee97a6bf:g:UnEAAeSwwnlqXAOy,https://i.ebayimg.com/images/g/UnEAAeSwwnlqXAOy/s-l225.jpg
zoid,model_kit,eBay,marketplace,us,ZOIDS 1986 Annual Comic Book,19.95,0.0,False,USD,Like New,https://www.ebay.com/itm/128028694130?_skw=zoids&hash=item1dcf1ad672:g:NcEAAeSwWcdqgQL3,https://i.ebayimg.com/images/g/NcEAAeSwWcdqgQL3/s-l225.jpg
zoid,model_kit,eBay,marketplace,international,Chogokin ZOIDS New Century ZERO RZ-041 Liger Zero Action Figure Bandai Spirits,289.46,5.37,False,USD,Used,https://www.ebay.com/itm/287540833164?_skw=zoids&hash=item42f2c4eb8c:g:gXEAAeSw4vlqinSE,https://i.ebayimg.com/images/g/gXEAAeSw4vlqinSE/s-l225.jpg
zoid,model_kit,eBay,marketplace,us,Zoids Genesis Anime Series Japanese Audio with English Subs,29.99,0.0,False,USD,,https://www.ebay.com/itm/373739150084?_skw=zoids&hash=item570496db04:g:ZCEAAOSwO~JhVLCB&amdata=enc%3AAQALAAAA4ACCtXRWQnOEpyOqnQQ8KGZzpsV9wWMc5osNOosTxylgXS7A3y%2F3Fn8tB5k4AyWYMTHLON8Vw%2F%2BaEj3sK3kKyTQZ93Cy9FEyaN5mNAhMBqRPz7v%2Bkj%2B43AXzz2JHdfUDZ%2FnHWl%2FK5TF78w2GyGRixYgX2iqz3xC9uBLDscb74sVVZPQhTxRRcCyKyrb9wFf6v%2BSPWbcEGB%2FrYbNhOOtL%2BXVcZvmQ59xqgmHgtqBjgJLUzMGyK1pklHgDy5uxJYJQGu32DkeSKMzTVWUBHkEHqW4Jn%2Fe%2Fgn40C4IuM1ohI1SM,https://i.ebayimg.com/images/g/ZCEAAOSwO~JhVLCB/s-l225.jpg
zoid,model_kit,eBay,marketplace,international,TAKARA TOMY DAEWON ZOIDS WILD : ZW55 Xeno Rex Scissors XA Tyrannosaurus Type,89.8,0.0,False,USD,New,https://www.ebay.com/itm/126243225931?_skw=zoids&hash=item1d64aec14b:g:SQ8AAOSwFAllgXzA&amdata=enc%3AAQALAAAA4ACCtXRWQnOEpyOqnQQ8KGZpMz2XlglxaMRJlrOL7ZL6hqSHBHBW1mzm3J1P%2BA0NZNa4eRug26y248WqMYJo1btnMZ19V8His4TiwrxXEHzuagsMC5xk%2BzMqiinc7qiB0YDZHk3I%2FEkjBZAVtMDkl%2BSOmDxLR7gfOjGPCfiHi%2FlVQufuiq2U0OjappaOdumWW%2FqOiHHKxTSA94vJkZlQkypvLMkSjdhiRZWKKLt5nvYUlcfPuwSzVuyLmpEnT%2FgRRgxh1UQL%2FhcjCiHd%2Bosnno2PQGrLs%2BeuF2j9qXb3TxrB,https://i.ebayimg.com/images/g/SQ8AAOSwFAllgXzA/s-l225.jpg
zoid,other,eBay,marketplace,us,Takara Tomy ZOIDS KZ-01B Liger Zero Jaeger Unit Used,55.0,20.0,False,USD,Used,https://www.ebay.com/itm/127836635851?_skw=zoids&hash=item1dc3a842cb:g:IxQAAeSwhS1p8mO2,https://i.ebayimg.com/images/g/IxQAAeSwhS1p8mO2/s-l225.jpg
zoid,other,eBay,marketplace,us,Vintage Tomy Zoids Robo Strux Parts Lot,220.0,0.0,False,USD,Used,https://www.ebay.com/itm/307114892587?_skw=zoids&hash=item4781795d2b:g:LHIAAeSw~uRqd3-k,https://i.ebayimg.com/images/g/LHIAAeSw~uRqd3-k/s-l225.jpg
zoid,other,eBay,marketplace,us,"Zoids Liger Zero Empire Red Mechanical Tiger Figure 2002 Incomplete 9"" (C5)",17.99,,False,USD,Used,https://www.ebay.com/itm/298594188282?_skw=zoids&hash=item458599bbfa:g:EjoAAeSwRHNqCR9x,https://i.ebayimg.com/images/g/EjoAAeSwRHNqCR9x/s-l225.jpg
zoid,model_kit,eBay,marketplace,us,Hasbro Zoids Action Figure Motorized Model Kit 1/72 Dark Spiner #060 SEALED BAGS,70.0,,False,USD,New,https://www.ebay.com/itm/327313736989?_skw=zoids&hash=item4c356b451d:g:qgYAAeSwv-Jqgkxa,https://i.ebayimg.com/images/g/qgYAAeSwv-Jqgkxa/s-l225.jpg
zoid,model_kit,eBay,marketplace,us,Zoids HMM 030 Liger Zero Jager Unit Marking Plus 1/72 model kit Kotobukiya,49.99,0.0,False,USD,New,https://www.ebay.com/itm/389472518045?_skw=zoids&hash=item5aae5eff9d:g:lDQAAeSwlJxpYKpf,https://i.ebayimg.com/images/g/lDQAAeSwlJxpYKpf/s-l225.jpg
zoid,other,eBay,marketplace,us,Zoids Command Wolf Figure Sealed S.I.B N.I.B. Hasbro Tracking! Insurance!,215.0,0.0,False,USD,New,https://www.ebay.com/itm/318092655199?_skw=zoids&hash=item4a0fccba5f:g:9g8AAeSwCEdpzbtc,https://i.ebayimg.com/images/g/9g8AAeSwCEdpzbtc/s-l225.jpg
zoid,other,eBay,marketplace,us,NEW Capcom ZOIDS Beast Liger Magai Monster Hunter Magnamalo Action Figure,100.0,0.0,False,USD,New,https://www.ebay.com/itm/206365897010?_skw=zoids&hash=item300c5db132:g:seQAAeSw0jhqOYN2,https://i.ebayimg.com/images/g/seQAAeSw0jhqOYN2/s-l225.jpg
zoid,other,eBay,marketplace,international,Tomy 1/72 ZOIDS Unassembled Kit Lot Hell Digunner Zabatt Shadow Fox etc set,1189.15,0.0,False,USD,Used,https://www.ebay.com/itm/117112538522?_skw=zoids&hash=item1b4473859a:g:rz8AAeSwjr1px3wZ,https://i.ebayimg.com/images/g/rz8AAeSwjr1px3wZ/s-l225.jpg
zoid,model_kit,eBay,marketplace,international,Kotobukiya Zoids Molga and Molga Canary 2 Set Built Model Kit Used Japan,109.0,27.0,False,USD,Used,https://www.ebay.com/itm/147520930937?_skw=zoids&hash=item2258eec479:g:yhMAAeSwSUNqiVkB&amdata=enc%3AAQALAAAA4ACCtXRWQnOEpyOqnQQ8KGa3WFnqCw4USybDxIf5pI4swfFqg%2F4ZHJ7N8pcaKZdjKbUozDXYjwOAHZf7hneeWukciQmWGFdT4bCxdNLYG6gqDtUOp7J76lU2g0hVqErnOjMmvWeu0pD7x%2FCbdUteSUKNoBWyK0QvniX3nO4Ka5Y29TQ%2FrqHwlCEOyIyOSbv%2BABCEq7rFNSLQz4h%2BBV%2FhpYXKGtzCMMoLwut7Ncdm4DUNn2z1G7XCRpBpC4mWTPdPubsaieRuMB417s93FZAsbJzwUrNJtwoxY6uBnb5ECNRQ,https://i.ebayimg.com/images/g/yhMAAeSwSUNqiVkB/s-l225.jpg
zoid,other,eBay,marketplace,us,Takara Tomy SRDX Zoids Generations Midori Swimsuit Version New/MOC,35.0,,False,USD,New,https://www.ebay.com/itm/227445120247?_skw=zoids&hash=item34f4c91cf7:g:AZAAAeSw3YRqFYPH&amdata=enc%3AAQALAAAA4ACCtXRWQnOEpyOqnQQ8KGbfMqURd4v1%2Bz4w8RVdl4SqRepzjrw5Idb2UFFpksrorpZ2QfK3CL4sqOu%2FzKPK0aOBOqg4H3Dd5tu%2FrLzIpzjtasGTDsqs%2FgWrNJWj0XyLBJDZfRFiBMLblSPWQ3vgDeyG5Ghzi%2F5Nczi7zt0mzmBEY649nqW7%2BWgyeFFQgukozDvFAMLDAQoR0fggMVjqvpsjPIPHGLN%2B8YZeBh%2FVegpzWsHsdYXRqA0MbUBUqmrZQQNY5pWHkzMK3dgIXrFb3FIlcQhaRzGjmxZMO4gZHh1M,https://i.ebayimg.com/images/g/AZAAAeSw3YRqFYPH/s-l225.jpg
zoid,model_kit,eBay,marketplace,us,Zoids New Century Zero Anime Complete Series Episodes 1-26 English Audio,24.99,0.0,False,USD,,https://www.ebay.com/itm/353627421983?_skw=zoids&hash=item5255d63d1f:g:OvYAAOSwRqhkChL0&amdata=enc%3AAQALAAAA4ACCtXRWQnOEpyOqnQQ8KGa%2FgL%2FmgrD%2FCTd%2Ft06jPN5f5GCkAnyw98QcGyQn56VpgUKNWb4WsmZ4kTb%2BGqD3hEl4JTtKQj51RCjNrqsWOTGtjCpnWZnqyYe5Q5U6HOwb99sFA3z3t4E8OiTePYBmTCgMFE10LpuMc6CGx1Z7JyFSNsD43eD1Yh90tcmPQufg4Z39HRowi0MHc2rvx0%2FraiPKtCtzoUsB7DpcIWhGCUFS7V6L%2F9bOHJ7dBG%2BFlLIv0mv5Gs3osZyeAZV4gdbUHMB4ileE5e2gveqntHD7OZeG,https://i.ebayimg.com/images/g/OvYAAOSwRqhkChL0/s-l225.jpg
zoid,model_kit,eBay,marketplace,us,ZOIDS-METAL RHIMOS Rhinoceros type Special Limited specification kit Tomy,75.0,16.0,False,USD,New,https://www.ebay.com/itm/188795423206?_skw=zoids&hash=item2bf51589e6:g:yyMAAeSw~cFqgAtz&amdata=enc%3AAQALAAAA4ACCtXRWQnOEpyOqnQQ8KGamRYiTWUAtzTaCOCCOLSfhc5RKeYBqJf6nUuyScN2%2F2Y%2FhMz4w45lNQbWNUTGd7LnwgyBnmDFMyfv%2Bxt2Q2n3qV8oyh4Raxs%2Bok17Kej0ZKhSQJj91WwQJ8XFEMZmJfFR9Fn9avNDGGtlIxYEX%2Fw3%2FwPmPXR%2FhEIQVF6nxq5QHJaPfGx7p%2FlEEfuj2%2Fv%2BwR6uk3aqCHiudqIgFmGJ5iZAuCLcx6bIdY%2BFECbMLEp1O%2BS1EcRDOQxFzUtA8igrBvr7DCkmDaucAp%2Bd0LiyoZ5R5,https://i.ebayimg.com/images/g/yyMAAeSw~cFqgAtz/s-l225.jpg
zoid,model_kit,eBay,marketplace,international,Takara Tomy Zoids GZ-003 Command Wolf LC Model Kit New Sealed Boxed Japan,257.0,59.0,False,USD,Used,https://www.ebay.com/itm/147521975548?_skw=zoids&hash=item2258feb4fc:g:vj8AAeSwCjpqirTE&amdata=enc%3AAQALAAAA4ACCtXRWQnOEpyOqnQQ8KGYDFO%2FMKjrsW1JQ7%2BSUeUSkdZwjZwL3fYI3dQsDsSHP8liGa4Y7I6LlLglhDJV9q1%2BjNAzVo%2B0MCu0zVnkQ5jR9HAYe232PwMLH1imRUz6JNXIxBDb%2FMfJjQfMmq8g4qdGT6uziqLDEkxwCpCbsmtE9t4wWx8rKN1Z7IwwUEdOQ3SloRx%2F8u1mByFaUNhT%2FUiuuAmuJ6XyT9kMS2eMt2XqL%2BPP4wEOSyGwv6bhYFU2awvvBZnwJ2UUeTweZZ%2BTd7l58zMN2dl2Snb4H1nShF9s4,https://i.ebayimg.com/images/g/vj8AAeSwCjpqirTE/s-l225.jpg
zoid,model_kit,eBay,marketplace,us,Zoids Chaotic Century Manga Volume 1 & 2 Viz,22.0,,False,USD,Very Good,https://www.ebay.com/itm/158165298493?_skw=zoids&hash=item24d362ed3d:g:t50AAeSwyShqdnu3&amdata=enc%3AAQALAAAA4ACCtXRWQnOEpyOqnQQ8KGbPEems0LANuYY5XokExCqjQILxXPTmv7uPobWK%2FI%2FHWjAQicrrtDczZjBCR%2BpbsYgMJnxQ%2FQ6zIXhfMCT8WO06KpHARKs%2BGuibcwoisYKx3hNgKXV0XODgJGuwkz13kTDGy56c0tUVXitcvyJSYTqx9p2HFHdP%2BNuJeXlZnBabF9YLyWAVdMQTH6b1pfccpoZG1Zb770wDBKZLHlAlCf2GtOW7rvkzCCxKersMDShLFVHJi9brgTfiTRZtH%2BOU6AgdjFR%2BQu7ilorGkp7eb4%2B6,https://i.ebayimg.com/images/g/t50AAeSwyShqdnu3/s-l225.jpg
zoid,model_kit,eBay,marketplace,us,Tomy Zoids Wind-Up Mecha Dinosaur Gray Red Vintage Toy Japan Model 400,27.5,,False,USD,Used,https://www.ebay.com/itm/198587786602?_skw=zoids&hash=item2e3cc1256a:g:PVAAAeSwj6BqiStF,https://i.ebayimg.com/images/g/PVAAAeSwj6BqiStF/s-l225.jpg
zoid,other,eBay,marketplace,us,"ORIGINAL 2002 HASBRO ZOIDS CHAMELEOR #058 1/72 SCALE, NOS, SEALED",24.99,,False,USD,New,https://www.ebay.com/itm/257695356281?_skw=zoids&hash=item3bffd71579:g:SEsAAeSwS8tqiHN-,https://i.ebayimg.com/images/g/SEsAAeSwS8tqiHN-/s-l225.jpg
zoid,cards,eBay,marketplace,us,Zoids Galaxy Quest Planet Zi Ultimate Battle Card Game Unpunched Trading Cards,38.95,0.0,False,USD,New,https://www.ebay.com/itm/286969711560?_skw=zoids&hash=item42d0ba4bc8:g:m68AAeSwMjFpJeIf,https://i.ebayimg.com/images/g/m68AAeSwMjFpJeIf/s-l225.jpg
zoid,other,eBay,marketplace,us,zoids grounchar,1000.0,,False,USD,Used,https://www.ebay.com/itm/188826300267?_skw=zoids&hash=item2bf6ecaf6b:g:S3kAAeSwxFVqgx9a,https://i.ebayimg.com/images/g/S3kAAeSwxFVqgx9a/s-l225.jpg
zoid,other,eBay,marketplace,us,Hasbro Zoids Venomous Viper Action Figure Loc: A,60.0,,False,USD,New,https://www.ebay.com/itm/278303592141?_skw=zoids&hash=item40cc2fcecd:g:Fg4AAeSwMtZqibbK,https://i.ebayimg.com/images/g/Fg4AAeSwMtZqibbK/s-l225.jpg
zoid,other,eBay,marketplace,us,Zoids Hasbro 1/72 #043 Spinosnapper SEALED BOX,44.0,,False,USD,New,https://www.ebay.com/itm/128018496258?_skw=zoids&hash=item1dce7f3b02:g:HwMAAeSwv8xqeTVo,https://i.ebayimg.com/images/g/HwMAAeSwv8xqeTVo/s-l225.jpg
zoid,other,eBay,marketplace,us,Vintage 2003 Hasbro Zoids ZBuilders #09.A Brachio Zilla New In Box,40.0,,False,USD,Used,https://www.ebay.com/itm/137648437470?_skw=zoids&hash=item200c7c78de:g:1GoAAeSwuTdqiNQl,https://i.ebayimg.com/images/g/1GoAAeSwuTdqiNQl/s-l225.jpg
zoid,model_kit,eBay,marketplace,international,Takara Tomy T-SPARK ZOIDS RMZ-016 Blade Liger Panzer ZBF 1/100 Model Kit,110.0,30.0,False,USD,New,https://www.ebay.com/itm/287489342624?_skw=zoids&hash=item42efb33ca0:g:Om4AAeSwlDZqaMF-,https://i.ebayimg.com/images/g/Om4AAeSwlDZqaMF-/s-l225.jpg
zoid,other,eBay,marketplace,us,6 Zoids Dimetrodon mini figure Toy Lot,39.99,5.58,False,USD,Used,https://www.ebay.com/itm/358859110130?_skw=zoids&hash=item538dab76f2:g:-Z4AAeSwtWFqak4V,https://i.ebayimg.com/images/g/-Z4AAeSwtWFqak4V/s-l225.jpg
zoid,model_kit,eBay,marketplace,international,Tommy Zoids Genesis Lanstag Mass Production Type From Japan,95.16,0.0,False,USD,New,https://www.ebay.com/itm/116444367797?_skw=zoids&hash=item1b1ca00bb5:g:5TQAAOSw0i5ng1FX&amdata=enc%3AAQALAAAA4ACCtXRWQnOEpyOqnQQ8KGbLi0UCVDgPj10qXdmZDbxwWYB9xpabrPJfpOzvFt7eYDRCPfo1mTTA0z1uFKMErNy%2BoF18OxlkSIm9nlGsCWImEuxR6c6HkT0AhN4Y3jVYudbVmG4bgDrybNeTDTxTu6zZjzonJCdAt1RyncxTj7w9vWGw94Z119Gkgksynie2%2Bccpx%2FB%2FtOMj%2BF%2FPDW0XrrOJHAKGNPqMXQumELcC%2FNZ%2F8oKayVnl7ad8cTVSoHEG3lZUUeotWTeu9RbeqoO4lg4zg4cxrEAJgRrok8ZznoL0,https://i.ebayimg.com/images/g/5TQAAOSw0i5ng1FX/s-l225.jpg
zoid,model_kit,eBay,marketplace,international,ZOIDS Bear Fighter Wind Up Figure CoroCoro Offer Collectible 15+,105.25,24.0,False,USD,Used,https://www.ebay.com/itm/398245377220?_skw=zoids&hash=item5cb94634c4:g:-fAAAeSw6PpqcKzm&amdata=enc%3AAQALAAAA4ACCtXRWQnOEpyOqnQQ8KGbX0TdAuIkxZHufM324Ryt%2Fumef0GAUe2k1bYDDuYW%2FLKRGXP3hlXBETddYuWq1G2mdBNRTi1Pa4sVTGNl3ZWspcU2f%2BLbk3Rucqnb0yJIvFNbcbd4byQ5kVxA9PQkvS%2BvCWJQRTwZSwD2E3Gd9xHj6P0WxpR3Kzmp4btv8y2kJtZnOTGtMISPZHSj3YgDLLSn2ISnCjq31p0mp3lcDzVc28GbVQCSP9w7BwmWhxc6ird3HmsW86fjLW%2FJ4bDRhU0HquoC9%2FNKj4IANBcDE3S0X,https://i.ebayimg.com/images/g/-fAAAeSw6PpqcKzm/s-l225.jpg
zoid,model_kit,eBay,marketplace,international,1/72 Zoids NBZ-10 Grand Largo Neo Blox Model,163.5,20.0,False,USD,Used,https://www.ebay.com/itm/358208788069?_skw=zoids&hash=item5366e85665:g:VKYAAeSw2DJqhyj-&amdata=enc%3AAQALAAAA4ACCtXRWQnOEpyOqnQQ8KGZ0NL8VPbNMMhTtrcLhQQoXVEdSygps%2FBnR0L5l79EO52CiXARAMePlll%2BZse2A9wdjboCugIOqH4PNDNzNAk7Hw07qgo9%2FyfZ16uxePsuzNtXqSQaHeB16p3e07OjUyv7PcTj8CqHqVn2ARm93SnypsyqRxe%2BxH%2F%2BCaip3M%2FUTXzajoZTurSMNlfq%2FNitVRUHwTqvHdlfXItjTkFZzejmG8kjdU082C98rXY4CvpKMZAWKi39EgJjOJ2pFob7nHpxqoxBK06DilFDx16NBfkLY,https://i.ebayimg.com/images/g/VKYAAeSw2DJqhyj-/s-l225.jpg
zoid,other,eBay,marketplace,us,2001 Zoids Battle Champions Lot of 6 Mini Figures  Hasbro,100.0,0.0,False,USD,New,https://www.ebay.com/itm/355678482655?_skw=zoids&hash=item52d016f0df:g:vm8AAOSwPmVmMTdx,https://i.ebayimg.com/images/g/vm8AAOSwPmVmMTdx/s-l225.jpg
zoid,other,eBay,marketplace,us,2002 Tomy Hasbro ZOIDS Lightning Saix Gun Sniper Figure Lot,12.99,7.99,False,USD,Used,https://www.ebay.com/itm/267744197086?_skw=zoids&hash=item3e56cc39de:g:ogwAAeSwW3hqbQt~,https://i.ebayimg.com/images/g/ogwAAeSwW3hqbQt~/s-l225.jpg
zoid,other,eBay,marketplace,us,1980's Zoid action figure lot,120.0,5.58,False,USD,Used,https://www.ebay.com/itm/168632916321?_skw=zoids&hash=item27434e1961:g:QY0AAeSwZsBqijbZ,https://i.ebayimg.com/images/g/QY0AAeSwZsBqijbZ/s-l225.jpg
zoid,model_kit,eBay,marketplace,us,Kotobukiya HMM #049 RZ-030 Gun Sniper W2 (Wild Weasel),45.0,0.0,False,USD,Used,https://www.ebay.com/itm/188107051952?_skw=zoids&hash=item2bcc0dd3b0:g:YIoAAeSwPZlpo3Az,https://i.ebayimg.com/images/g/YIoAAeSwPZlpo3Az/s-l225.jpg
zoid,other,eBay,marketplace,us,Zoids AM-Z01CP Berserk Fuhrer Sturm & Jagt Unit T-SPARK Limited,265.0,0.0,False,USD,New,https://www.ebay.com/itm/327310487647?_skw=zoids&hash=item4c3539b05f:g:rHoAAeSw2SRqd-v5,https://i.ebayimg.com/images/g/rHoAAeSw2SRqd-v5/s-l225.jpg
zoid,other,eBay,marketplace,international,Bandai Chogokin RZ-041 Liger Zero Zoids Figure Diecast Japan Import USED,234.0,37.0,False,USD,Used,https://www.ebay.com/itm/287541078225?_skw=zoids&hash=item42f2c8a8d1:g:gzEAAeSw-MtqiqUF,https://i.ebayimg.com/images/g/gzEAAeSw-MtqiqUF/s-l225.jpg
zoid,model_kit,eBay,marketplace,us,Zoids Wild: Blast Unleashed - Nintendo Switch,17.99,6.99,False,USD,Very Good,https://www.ebay.com/itm/298573379289?_skw=zoids&hash=item45845c36d9:g:s4IAAeSwxvxqePDf,https://i.ebayimg.com/images/g/s4IAAeSwxvxqePDf/s-l225.jpg
zoid,model_kit,eBay,marketplace,us,Takara Tomy Zoids 40th Anniversary AZ-03 Murasame Liger 1/72 Scale Model Kit,139.99,0.0,False,USD,New,https://www.ebay.com/itm/407023229039?_skw=zoids&hash=item5ec479986f:g:gWQAAeSwxcJqQ0nX,https://i.ebayimg.com/images/g/gWQAAeSwxcJqQ0nX/s-l225.jpg
zoid,other,eBay,marketplace,international,"Zoids Command Wolf Brad. Broken back gun mount, no Pilot",32.27,,False,USD,Used,https://www.ebay.com/itm/227483424911?_skw=zoids&hash=item34f711988f:g:QWwAAeSwRHNqhnt5,https://i.ebayimg.com/images/g/QWwAAeSwRHNqhnt5/s-l225.jpg
zoid,other,eBay,marketplace,us,"ZOIDS Command Wolf Robot Action Figure 2002 Tomy Hasbro 5.5"" Incomplete",12.8,6.0,False,USD,Used,https://www.ebay.com/itm/127808922548?_skw=zoids&hash=item1dc20163b4:g:IcIAAeSwZPJp3aJF,https://i.ebayimg.com/images/g/IcIAAeSwZPJp3aJF/s-l225.jpg
zoid,model_kit,eBay,marketplace,us,Liger Zero Holotech - BAF 01 - Zoids [RARE] 2002 Tomy Hasbro,49.99,4.99,False,USD,Used,https://www.ebay.com/itm/287416762012?_skw=zoids&hash=item42eb5fbe9c:g:d2IAAeSwz6xqPErN,https://i.ebayimg.com/images/g/d2IAAeSwz6xqPErN/s-l225.jpg
zoid,model_kit,eBay,marketplace,us,"Takars Tomy: Zoids Liger Zero (HMM 022, RZ-041) 1/72 Plastic Model Kit *READ*",119.99,0.0,False,USD,Used,https://www.ebay.com/itm/158089635444?_skw=zoids&hash=item24cee06674:g:GG0AAOSwHz9nSkVr,https://i.ebayimg.com/images/g/GG0AAOSwHz9nSkVr/s-l225.jpg
zoid,other,eBay,marketplace,international,NEW Stock ZA Model 1/72 BF-02 Berserk Fuhrer Zoids Wild Tyrannosaurus Model Kit,129.36,29.99,False,USD,New,https://www.ebay.com/itm/236827657749?_skw=zoids&hash=item3724074615:g:yDcAAeSwYudqDXC8&amdata=enc%3AAQALAAAA4ACCtXRWQnOEpyOqnQQ8KGZXRy2YC449u%2FniOoZo4%2F9xGvZY8NpgX06SKcKg3yjaRarCU1QJiErLwuKQTUxjOI9JoQwEKTVRs8LNbD8UzkAT4DKjT3jGvSGwHLRxvj0uoWIr65WI9LvbQmIdemNwJyZDFLxCuEH6vB1rGEqQVlBOS4gfY9PKMZ6Y5wcf3dLw8QVxBqO5FPWacLwoslGHorD29OuVmcPOPqVWG5MV5itjwlQR%2BitFBjkY4P%2Bae6ztHZlhzgNUccX2wiNmf6KmUeedERlYdbVtGtc1EUchbD4j,https://i.ebayimg.com/images/g/yDcAAeSwYudqDXC8/s-l225.jpg
zoid,other,eBay,marketplace,us,Takara Tomy 1/35 SPIDER ZOIDS SPIDER-MAN Special MK ✨USA Ship Seller✨,59.95,10.0,False,USD,New,https://www.ebay.com/itm/397208204658?_skw=zoids&hash=item5c7b743572:g:5PMAAeSwA0BpAruD&amdata=enc%3AAQALAAAA4ACCtXRWQnOEpyOqnQQ8KGZypvszB68447nxypemWYqnmCVM%2FvcJfrSYSWFhv10UZ5RXHNtr3kjQBfyKjLhbQD8Kll4orRqOMwD4qIz4BtrIUaV6yYIH3Ze2NFDaCvxPPD1JZRdRiGqE5dLtUy3b1UF42EgaYYY0V6y%2Bb4PCCH%2B%2Bpi1xgJqASr3NGR9u%2BsQDnMXKWcdOq05z%2BPQCrm8MSq%2FGk8dM1PK4uj3RBSuD4PAuM9u%2FNvkfMiyW7%2BkUJFvS8IpWpvnsDvT%2BLmABk6wnKy8P%2FWg73VkxZflrwM90gYyI,https://i.ebayimg.com/images/g/5PMAAeSwA0BpAruD/s-l225.jpg
zoid,model_kit,eBay,marketplace,us,Kotobukiya HMM Zoids Gojulas Cannon Set Model Kit From Japan Brand New Rare,399.99,,False,USD,New,https://www.ebay.com/itm/147502780289?_skw=zoids&hash=item2257d9cf81:g:JuQAAeSws4lqfgoK&amdata=enc%3AAQALAAAA4ACCtXRWQnOEpyOqnQQ8KGaviO%2BSMPH2fL1%2FMgFsMNrhPrdqxEqdcvjHCyGEdXP7V5T77P0BSNMgY1JDEHLYFP7XWJFo5b8Qkt1bGLvO64pL30Dv0U0bSRFXRIcZGMog%2BOvl2ar9Vpv%2FWb6ZQAJQthKIW5fVS8RcTtCvv31Bx0%2B1Kw7RUB7IIvILBKtQP7imVHiRVzsssFNoaepk6Af38ckA%2Bi33eQ9jmd8wDBnmJ1%2Byea3P23uHlIwWxUrn9xCcqsCa3o3qBJX124XcasqZVWofJis9vEkQ9cwuop1QNcmG,https://i.ebayimg.com/images/g/JuQAAeSws4lqfgoK/s-l225.jpg
zoid,model_kit,eBay,marketplace,international,Zoids 1/100 RMZ-016 Blade Liger Panzer Realize Model Kit Japan Used Complete,140.0,33.0,False,USD,Used,https://www.ebay.com/itm/147494744165?_skw=zoids&hash=item22575f3065:g:PlcAAeSwPTdqeWLQ&amdata=enc%3AAQALAAAA4ACCtXRWQnOEpyOqnQQ8KGaU1PBSOJ8d68HLUmm4y8IT38sRzJXVJF1lTaRzu4iqSpEZUk0H7utiFDRzT15o0TmbAI1zZiREHRIBjTsjfLXiZNqwL1M1xNltFYEhkpofBxhkWKHa25PQ0%2BT5sjHYM9k%2FH5Qsbm%2BuK%2FrTX3aTfC86p%2BsXCJfhqXLTb9c3J9jXjy0GI2c2Z5Izb3hIjfwygZiaCgBH68y58XJry3kv3LBf6O5egbj2jxtFGLHjmsx4pSTNMi6qIKn3I3wKPHLVbDYWqG4hKff9ZPPWYF%2BsoF2g,https://i.ebayimg.com/images/g/PlcAAeSwPTdqeWLQ/s-l225.jpg
zoid,model_kit,eBay,marketplace,us,ZOIDS VHS 2002 The High Speed Battle By Hasbro,4.99,,False,USD,Good,https://www.ebay.com/itm/407131293200?_skw=zoids&hash=item5ecaea8610:g:WMwAAOSwYXlkES7S,https://i.ebayimg.com/images/g/WMwAAOSwYXlkES7S/s-l225.jpg
zoid,other,eBay,marketplace,us,Vintage Tomy  Zoids DX Snail Type Hover Cargo Incomplete For Parts HASBRO 2001,24.95,6.95,False,USD,Used,https://www.ebay.com/itm/307140180518?_skw=zoids&hash=item4782fb3a26:g:DaUAAeSwXSZqiSP~,https://i.ebayimg.com/images/g/DaUAAeSwXSZqiSP~/s-l225.jpg
zoid,model_kit,eBay,marketplace,us,1/72 Zoids HMM RZ-014 Godos Marking Plus Ver Model Kit New KOTOBUKIYA,52.0,0.0,False,USD,New,https://www.ebay.com/itm/158210347378?_skw=zoids&hash=item24d6125172:g:Y~EAAeSwvk9qhrGn,https://i.ebayimg.com/images/g/Y~EAAeSwvk9qhrGn/s-l225.jpg
zoid,model_kit,eBay,marketplace,us,2000 Tomy Zoids CP-11 Maneuver Thrusters add on parts for Iron Kong,49.95,19.75,False,USD,New,https://www.ebay.com/itm/188802892125?_skw=zoids&hash=item2bf587815d:g:Qf0AAeSwHn1qgg24,https://i.ebayimg.com/images/g/Qf0AAeSwHn1qgg24/s-l225.jpg
zoid,other,eBay,marketplace,us,ZOIDS BATTLE CHAMPIONS LOT OF 9 MINIS VINTAGE HASBRO,45.0,,False,USD,Used,https://www.ebay.com/itm/206373683276?_skw=zoids&hash=item300cd4804c:g:OWYAAeSw~49qPe7-,https://i.ebayimg.com/images/g/OWYAAeSw~49qPe7-/s-l225.jpg
zoid,model_kit,eBay,marketplace,us,Hasbro ZOIDS Z-Builders 1/72 Dimetra Ptera 2003 Toy,20.0,5.75,False,USD,Used,https://www.ebay.com/itm/117336260616?_skw=zoids&hash=item1b51c94008:g:BfcAAeSw7H9obmHy,https://i.ebayimg.com/images/g/BfcAAeSw7H9obmHy/s-l225.jpg
zoid,model_kit,eBay,marketplace,international,TAKARA TOMY DAEWON ZOIDS WILD : ZW58 Xeno Rex Buster XA Tyrannosaurus Type,89.8,0.0,False,USD,New,https://www.ebay.com/itm/126287938212?_skw=zoids&hash=item1d675902a4:g:a8EAAOSwz~RlqNBO&amdata=enc%3AAQALAAAA4ACCtXRWQnOEpyOqnQQ8KGZpXOlNFIElX%2FwEgBsRiPg7SXtPzwpJzFkEHxTVDPUfGB3TnHa6ir%2BVxSxDdmBLoM7%2BDpazWN6WFMpcxZUf4nx4vZ8igG4ArmiZx5OfHMfR12ouNiS8dqcPoiT7oJtVM9IxfEvX%2BNKHeTHzWAlSbYSNC1W8aMdxW4t3gbzRgJ%2FuFXF190PpP1cH2N09ddEpzLDztwMPiUnA6gVj74dUqQPNCKAzxVudnbjBbHPSN0IhUTVDnXdi9ncufRppQNohrbF8EG5TNE7LB1Oj%2FKSyWgF6,https://i.ebayimg.com/images/g/a8EAAOSwz~RlqNBO/s-l225.jpg
zoid,other,eBay,marketplace,international,In Stock BT Black Knight ZOIDS White Liger Zero Assembly Model,71.74,0.0,False,USD,New,https://www.ebay.com/itm/406986155883?_skw=zoids&hash=item5ec243e76b:g:sj0AAOSwe~JmqfGZ&amdata=enc%3AAQALAAAA4ACCtXRWQnOEpyOqnQQ8KGb%2BiZ0pUv2MnJgv4163VJiOmC8kEFLGpguqeVwgiGwIs9htjSM3uUsVN7mKOS1Dr21wKLMLdsdtgUcIWSVkzk11BiV%2Bp2MDH%2B6FY8i6agLNY3AU%2BXMpPyC5mtGmCmMphvPseupKYAISIfofVOhfJR7MFJQCUfQRjS1ShxtX1IpTI1t84GNGZzaffpM%2F9WYVBNWZvr0euDKEyI9tWPGGR1rUU04plKhfKWbmHl9kBXPt6xNgyEdbyJ9njo3MKyskJjPlWAkM7b02FW8Q6EppMUUg,https://i.ebayimg.com/images/g/sj0AAOSwe~JmqfGZ/s-l225.jpg
zoid,model_kit,eBay,marketplace,international,Zoids RZ-041 Liger Zero Marking Plus Ver. 1/72 scale Model Kit Kotobukiya NEW,144.33,21.12,False,USD,New,https://www.ebay.com/itm/126823724955?_skw=zoids&hash=item1d8748779b:g:J9IAAeSwKs5qdBb~,https://i.ebayimg.com/images/g/J9IAAeSwKs5qdBb~/s-l225.jpg
zoid,other,eBay,marketplace,us,Zoids Dark Spiner #060 99% Complete - Manual & Sticker Sheet,39.95,14.55,False,USD,Used,https://www.ebay.com/itm/188748873304?_skw=zoids&hash=item2bf24f3e58:g:toUAAeSwaTJqcpSU,https://i.ebayimg.com/images/g/toUAAeSwaTJqcpSU/s-l225.jpg
zoid,model_kit,eBay,marketplace,us,Hasbro ZOIDS Konig Wolf 1/72 Scale Action Figure Model Kit #053 ~ New in Box,73.99,0.0,False,USD,New,https://www.ebay.com/itm/377326325567?_skw=zoids&hash=item57da66cf3f:g:PvoAAeSwKjRqTWGi,https://i.ebayimg.com/images/g/PvoAAeSwKjRqTWGi/s-l225.jpg
zoid,other,eBay,marketplace,us,Vintage 1981 TOMY Robo Strux Special Edition Zoids Kit,14.39,0.0,False,USD,New,https://www.ebay.com/itm/186779765030?_skw=zoids&hash=item2b7cf10926:g:avwAAOSwtqhnNBBc,https://i.ebayimg.com/images/g/avwAAOSwtqhnNBBc/s-l225.jpg
zoid,model_kit,eBay,marketplace,us,Kotobukiya - Zoids - RZ-014 Godos Marking Plus Version Model Kit [New Toy],48.05,0.0,False,USD,New,https://www.ebay.com/itm/397872915393?_skw=zoids&hash=item5ca312e3c1:g:4WAAAeSw7LFp6lC0,https://i.ebayimg.com/images/g/4WAAAeSw7LFp6lC0/s-l225.jpg
zoid,model_kit,eBay,marketplace,us,Blade Liger Mirage ZOIDS Plastic Highend Master Model Kit Kotobukiya 1/72 RZ-028,140.0,0.0,False,USD,Used,https://www.ebay.com/itm/267688758112?_skw=zoids&hash=item3e537e4b60:g:r-MAAeSw51NqIHp8,https://i.ebayimg.com/images/g/r-MAAeSw51NqIHp8/s-l225.jpg
zoid,model_kit,eBay,marketplace,us,ZOIDS GUN SNIPER LEENS SPECIAL 2001 RE/COLOR KOTOBUKIYA TOMY NEW SEALED BAGGIES,100.0,19.5,False,USD,New,https://www.ebay.com/itm/257688927091?_skw=zoids&hash=item3bff74fb73:g:GJAAAeSw5B5qhLYl,https://i.ebayimg.com/images/g/GJAAAeSw5B5qhLYl/s-l225.jpg
zoid,model_kit,eBay,marketplace,us,Kotobukiya 1/72 Zoids HMM RZ-041 Liger Zero Jager Marking Plus Ver Model Kit USA,109.95,0.0,False,USD,New,https://www.ebay.com/itm/157646408120?_skw=zoids&hash=item24b47549b8:g:ywUAAeSwu2Rpe9Ro,https://i.ebayimg.com/images/g/ywUAAeSwu2Rpe9Ro/s-l225.jpg
zoid,model_kit,eBay,marketplace,us,Zoids: Ultimate X volume 6,32.99,,False,USD,Very Good,https://www.ebay.com/itm/377372637397?_skw=zoids&hash=item57dd2978d5:g:VpoAAeSwlcJqZt2d&amdata=enc%3AAQALAAAA4ACCtXRWQnOEpyOqnQQ8KGaBLPFPdhxlXnltmXl6su4Y2KwNGXzPMLhoWSiqzspLaPHJpi23AeV4a5Z1YLOwn%2BOFHSnL83RjPibFngQLnNauVYuZOTjiHNPT%2FLTMhiNXl11wI6bOL92nPnBJ5cOYArSUR9IAwVIu2erLnm7cj8w8ZT%2BpT93GCTqBdvMz5ROXAJW%2B7pbzO8kz9jhLBnnBwIEPFXoTIDfhZ6AeVoaXgvTEpOAeQr3Zzp04tccIEM6cXsYKb7v%2FoOKHmeIgLfRHk0JspNmNtEqJLePehe8BS9Wp,https://i.ebayimg.com/images/g/VpoAAeSwlcJqZt2d/s-l225.jpg
zoid,other,eBay,marketplace,us,Zoids REDLER DRAGON TYPE 1/72 scale Tomy Special Limited edition ,55.0,17.75,False,USD,New,https://www.ebay.com/itm/188810311627?_skw=zoids&hash=item2bf5f8b7cb:g:~JsAAeSwislqg~4r&amdata=enc%3AAQALAAAA4ACCtXRWQnOEpyOqnQQ8KGY17h29ZVcqyvzmKt7qBjtya8v23daG%2BslkrLycQc05q6r05FJZRWX2J2n8btsVYcfpz3Cpzer3oT%2Bt6%2Fg%2FAfVnb39wYzriVyCteKHsGN%2FaaDtqOZmLOGzwrYTUTfNEh0wxI4fhk4XKCa%2F3ANoC1P4j99bp1AyGfLWfnlG18YfZu03Tf7VMwpLhVgB1iOoQOq88zhqNVmMRgLNCT3FgMmKpnEYY1oGN74dVPLT6O1SZ4G1tk%2FnvuvcsgYb4jbcQx%2F6UT%2B5icRaEzrzlOE1YTuIq,https://i.ebayimg.com/images/g/~JsAAeSwislqg~4r/s-l225.jpg
zoid,model_kit,Plaza Japan,retailer,,Kotobukiya HMM Zoids 1/72 EZ-034 Geno Breaker Re-package Ver. Plastic Model,45.9,,,USD,New,https://www.plazajapan.com/4934054048434,https://cdn11.bigcommerce.com/s-89ffd/products/113058/images/388984/4934054023158_d7344ccfc91c1af1c4bb79df3ba2aa30__29694.1655192701.350.350.jpg?c=2
zoid,model_kit,Plaza Japan,retailer,,Takara Tomy Zoids AZ-15 Psycho Geno Saurer Plastic Model,108.01,,,USD,New,https://www.plazajapan.com/4904810070696,https://cdn11.bigcommerce.com/s-89ffd/products/196910/images/895214/takara-tomy-zoids-az-15-psycho-geno-saurer-plastic-model__26543.1771466604.350.350.jpg?c=2
zoid,model_kit,Plaza Japan,retailer,,Kotobukiya HMM Zoids 1/72 EPZ-003 Greatsaber Marking Plus Ver. Plastic Model,42.43,,,USD,New,https://www.plazajapan.com/4934054073917,https://cdn11.bigcommerce.com/s-89ffd/products/176668/images/761995/4934054073917_c31cc81754fbe18c7806440d559629c4__96666.1747977861.350.350.jpg?c=2
zoid,model_kit,Plaza Japan,retailer,,Takara Tomy 1/100 Realize Model Zoids RMZ-016 Blade Liger Panzer (ZBF) Lion Type,78.55,,,USD,New,https://www.plazajapan.com/4904810092544,https://cdn11.bigcommerce.com/s-89ffd/products/209355/images/965464/4904810092544_c2a8aed77598cb4f02a6dd8123802a3b__27261.1782276934.350.350.jpg?c=2
zoid,model_kit,Plaza Japan,retailer,,Kotobukiya HMM ZOIDS 1/72 Dark Horn Harry Special 2001 Re/color Plastic Model,68.94,,,USD,New,https://www.plazajapan.com/4934054086955,https://cdn11.bigcommerce.com/s-89ffd/products/211590/images/974069/4934054086955_ccf7035a5e0cb0a52767178b45f4f611__20948.1783048740.350.350.jpg?c=2
zoid,model_kit,Plaza Japan,retailer,,Kotobukiya 1/72 Zoids LIGHTNING SAIX Irvine Special 2000 -Recolor- Plastic Model,45.61,,,USD,New,https://www.plazajapan.com/4934054079346,https://cdn11.bigcommerce.com/s-89ffd/products/191674/images/865425/kotobukiya-172-zoids-lightning-saix-irvine-special-2000-recolor-plastic-model__19132.1766106462.350.350.jpg?c=2
zoid,model_kit,Plaza Japan,retailer,,Kotobukiya HMM ZOIDS 1/72 RZ-029 Storm Sworder Plastic Model,81.66,,,USD,New,https://www.plazajapan.com/4934054108114,https://cdn11.bigcommerce.com/s-89ffd/products/185883/images/824700/4934054108114-1__96898.1759384716.350.350.jpg?c=2
zoid,model_kit,Plaza Japan,retailer,,Kotobukiya HMM ZOIDS 1/72 RZ-041 LIGER ZERO JAGER Marking Plus Version Plastic Model,43.49,,,USD,New,https://www.plazajapan.com/4934054073696,https://cdn11.bigcommerce.com/s-89ffd/products/169282/images/714889/kotobukiya-hmm-zoids-172-rz-041-liger-zero-jager-marking-plus-version-plastic-model__24234.1739870917.350.350.jpg?c=2
zoid,model_kit,Plaza Japan,retailer,,Kotobukiya HMM ZOIDS 1/72 RZ-041 Liger Zero Schneider Marking Plus Ver. Plastic Model,43.49,,,USD,New,https://www.plazajapan.com/4934054073733,https://cdn11.bigcommerce.com/s-89ffd/products/170321/images/717532/4934054073733_13492b3cccf132265d2288afe39aa604__83845.1739937567.350.350.jpg?c=2
zoid,model_kit,Plaza Japan,retailer,,Takara Tomy 1/100 RMZ Realize Model ZOIDS Blade Liger Plastic Model,39.93,,,USD,New,https://www.plazajapan.com/4904810918752,https://cdn11.bigcommerce.com/s-89ffd/products/152772/images/662334/takara-tomy-1100-rmz-realize-model-zoids-blade-liger-plastic-model__46738.1737710602.350.350.jpg?c=2
zoid,model_kit,Plaza Japan,retailer,,Takara Tomy T-Spark Realize Model Zoids RMZ-021 Shield Liger Mark II 1/100 Scale Pre-Colored Plastic Model Kit,51.67,,,USD,New,https://www.plazajapan.com/4904810918790,https://cdn11.bigcommerce.com/s-89ffd/products/205550/images/936814/4904810918790_35bf0ac979bf4197ca635fd5fecabbda__96440.1779064809.350.350.jpg?c=2
zoid,model_kit,Plaza Japan,retailer,,Takara Tomy 1/100 Realize Model ZOIDS RMZ-019 Hellcat And Morga Zenevas Color Set Plastic Model,47.29,,,USD,New,https://www.plazajapan.com/4904810073987,https://cdn11.bigcommerce.com/s-89ffd/products/196915/images/894065/takara-tomy-1100-realize-model-zoids-rmz-019-hellcat-and-morga-zenevas-color-set-plastic-model__01045.1771464882.350.350.jpg?c=2
zoid,model_kit,Plaza Japan,retailer,,Takara Tomy 1/72 ZOIDS AZ-01 Blade Liger,94.1,,,USD,New,https://www.plazajapan.com/4904810227540,https://cdn11.bigcommerce.com/s-89ffd/products/136333/images/490503/4904810227540_06de4b147759de916a8b10cb018c0542__80637.1696495785.350.350.jpg?c=2
zoid,model_kit,Plaza Japan,retailer,,Kotobukiya HMM ZOIDS 1/72 EZ-049 Sturm Tyrann Plastic Model,138.93,,,USD,New,https://www.plazajapan.com/4934054055586,https://cdn11.bigcommerce.com/s-89ffd/products/129054/images/458187/4934054055586_d65249acc2eaa9c631f7a81b4181438a__03580.1680591380.350.350.jpg?c=2
zoid,model_kit,Plaza Japan,retailer,,Bandai Chogokin RZ-041 Liger Zero Figure (ZOIDS),280.71,,,USD,New,https://www.plazajapan.com/4573102640734,https://cdn11.bigcommerce.com/s-89ffd/products/123141/images/430887/4573102640734_930b100fb236685bb724d102e83e84cc__28319.1669107622.350.350.jpg?c=2
zoid,model_kit,Plaza Japan,retailer,,Kotobukiya HMM ZOIDS 1/72 SHADOW FOX MARKING PLUS Ver. Plastic Model,28.64,,,USD,New,https://www.plazajapan.com/4934054050222,https://cdn11.bigcommerce.com/s-89ffd/products/117812/images/411233/4934054050222_c2f192498245db2b1964bfaaa64c75cf__94020.1663052785.350.350.jpg?c=2
zoid,model_kit,Plaza Japan,retailer,,Kotobukiya HMM Zoids 1/72 RZ-030 Gun Sniper W2 Plastic Model,25.78,,,USD,New,https://www.plazajapan.com/4934054026975,https://cdn11.bigcommerce.com/s-89ffd/products/102386/images/529819/4934054062287_b3a5df217172269fb1b9e29f88c31f60__14220.1712725051.350.350.jpg?c=2
zoid,model_kit,Plaza Japan,retailer,,Kotobukiya ZD135 Zoids EPZ-003 Great Saber Marking Plus Ver. 1/72 Scale Kit,81.8,,,USD,New,https://www.plazajapan.com/4934054019229,https://cdn11.bigcommerce.com/s-89ffd/products/67951/images/251193/4934054019229_e16d447977e0ff140c5d6300fa1119c1__10011.1588053181.350.350.jpg?c=2
zoid,model_kit,Plaza Japan,retailer,,Kotobukiya 1/72 HMM Zoids RZ-041 Liger Zero Panzer Marking Plus Ver. Plastic Model,77.4,,,USD,New,https://www.plazajapan.com/4934054073900,https://cdn11.bigcommerce.com/s-89ffd/products/173125/images/741166/kotobukiya-172-hmm-zoids-rz-041-liger-zero-panzer-marking-plus-ver-plastic-model__00218.1745019868.350.350.jpg?c=2
zoid,model_kit,Plaza Japan,retailer,,Takara Tomy Spider Zoids Spider-Man Special,31.82,,,USD,New,https://www.plazajapan.com/4904810948551,https://cdn11.bigcommerce.com/s-89ffd/products/161132/images/651822/takara-tomy-spider-zoids-spider-man-special__32905.1737464286.350.350.jpg?c=2
zoid,model_kit,Plaza Japan,retailer,,Kotobukiya HMM ZOIDS RZ-046 SHADOW FOX MARKING PLUS Ver. 1/72 Plastic Model,79.39,,,USD,New,https://www.plazajapan.com/4934054026906,https://cdn11.bigcommerce.com/s-89ffd/products/84295/images/307151/026906-1__48406.1622621344.350.350.jpg?c=2
zoid,model_kit,Plaza Japan,retailer,,Kotobukiya HMM ZOIDS 1/72 RZ-028 Blade Liger AB Plastic Model,42.43,,,USD,New,https://www.plazajapan.com/4934054073740,https://cdn11.bigcommerce.com/s-89ffd/products/170336/images/717555/4934054073740_2caed7cd7394f8f2f6cc70ce3d83273a__91386.1739940441.350.350.jpg?c=2
zoid,model_kit,Plaza Japan,retailer,,Takara Tomy 1/100 Realize Model Zoids RMZ-014 Red Horn Guylos Color Styracosaurus Type,49.09,,,USD,New,https://www.plazajapan.com/4904810939740,https://cdn11.bigcommerce.com/s-89ffd/products/209298/images/965110/4904810939740_1c571e6fec7192b5932aca398cdc8ca4__43248.1782187450.350.350.jpg?c=2
zoid,model_kit,Plaza Japan,retailer,,Takara Tomy 1/100 RMZ Realize Model ZOIDS Geno Saurer Plastic Model,52.37,,,USD,New,https://www.plazajapan.com/4904810939696,https://cdn11.bigcommerce.com/s-89ffd/products/152773/images/681738/takara-tomy-1100-rmz-realize-model-zoids-geno-saurer-plastic-model__53028.1737741564.350.350.jpg?c=2
zoid,model_kit,Plaza Japan,retailer,,Kotobukiya HMM ZOIDS 1/72 EZ-036 Death Stinger ZS Plastic Model,162.01,,,USD,New,https://www.plazajapan.com/4934054033232,https://cdn11.bigcommerce.com/s-89ffd/products/86057/images/317652/033232-1__03915.1626769900.350.350.jpg?c=2
zoid,model_kit,Plaza Japan,retailer,,Kotobukiya HMM ZOIDS 1/72 RZ-029 Storm Sworder Plastic Model (Reproduction),48.79,,,USD,New,https://www.plazajapan.com/4934054049721,https://cdn11.bigcommerce.com/s-89ffd/products/116769/images/406956/49340549721_ffb504eedeee333bdd11e72ed90fdd1b__30501.1661847292.350.350.jpg?c=2
zoid,model_kit,Plaza Japan,retailer,,Kotobukiya HMM Zoids 1/72 EZ-004 FIRE FOX Marking Plus Ver. Plastic Model,69.55,,,USD,New,https://www.plazajapan.com/4934054058389,https://cdn11.bigcommerce.com/s-89ffd/products/136807/images/492278/4934054058389_b80842cf3946ce1f0340fbbc28f1032b__63704.1697607606.350.350.jpg?c=2
zoid,model_kit,Plaza Japan,retailer,,Kotobukiya HMM ZOIDS 1/72 RZ-002 Guysack Plastic Model,52.2,,,USD,New,https://www.plazajapan.com/4934054045655,https://cdn11.bigcommerce.com/s-89ffd/products/142350/images/515332/4934054045655_fe6d1932c2f2d2915bfd64518f49464b__57370.1707442446.350.350.jpg?c=2
zoid,model_kit,Plaza Japan,retailer,,Kotobukiya HMM ZOIDS 1/72 DPZ-10 Dark Horn Marking Plus Ver. Plastic Model,111.53,,,USD,New,https://www.plazajapan.com/4934054063550,https://cdn11.bigcommerce.com/s-89ffd/products/163566/images/634499/kotobukiya-hmm-zoids-172-dpz-10-dark-horn-marking-plus-ver-plastic-model__75538.1737382418.350.350.jpg?c=2
zoid,model_kit,Plaza Japan,retailer,,Takara Tomy 1/100 Realize Model ZOIDS RMZ-008 Command Wolf Irvine Special Plastic Model,41.16,,,USD,New,https://www.plazajapan.com/4904810938866,https://cdn11.bigcommerce.com/s-89ffd/products/170426/images/718123/4904810938866_3692768eb566751e46b9a78c5e7018a0__99623.1740032176.350.350.jpg?c=2
zoid,model_kit,Plaza Japan,retailer,,Takara Tomy T-Spark Realize Model Zoids RMZ-022 Murasame Liger Color-Separated Plastic Model Kit,50.98,,,USD,New,https://www.plazajapan.com/4904810092575,https://cdn11.bigcommerce.com/s-89ffd/products/204618/images/939149/takara-tomy-t-spark-realize-model-zoids-rmz-022-murasame-liger-color-separated-plastic-model-kit__96398.1779076639.350.350.jpg?c=2
zoid,model_kit,Plaza Japan,retailer,,Takara Tomy T Spark Realize Model Zoids RMZ-013 Shield Liger Van Version Precolored,49.09,,,USD,New,https://www.plazajapan.com/4904810995524,https://cdn11.bigcommerce.com/s-89ffd/products/213581/images/987842/takara-tomy-t-spark-realize-model-zoids-rmz-013-shield-liger-van-version-precolored__18854.1784350461.350.350.jpg?c=2
zoid,model_kit,Plaza Japan,retailer,,Zoids Hunter Wolf Tokyo Metropolitan Police Specification,47.46,,,USD,New,https://www.plazajapan.com/4904810919100,https://cdn11.bigcommerce.com/s-89ffd/products/213486/images/987955/takara-tomy-zoids-hunter-wolf-tokyo-metropolitan-police-specification__18689.1784350664.350.350.jpg?c=2
zoid,model_kit,Plaza Japan,retailer,,Kotobukiya Zoids D-Style Shield Liger [Clear Parts Append] Plastic Model,21.6,,,USD,New,https://www.plazajapan.com/4934054086894,https://cdn11.bigcommerce.com/s-89ffd/products/203337/images/923631/kotobukiya-zoids-d-style-shield-liger-clear-parts-append-plastic-model__33403.1776480327.350.350.jpg?c=2
zoid,model_kit,Plaza Japan,retailer,,Kotobukiya ZA001 Zoids ZA Murasame Liger 1/100 Action Figure 4934054106370,81.58,,,USD,New,https://www.plazajapan.com/4934054106370,https://cdn11.bigcommerce.com/s-89ffd/products/11143/images/49248/4934054106370_b__39529.1636591775.350.350.jpg?c=2
zoid,model_kit,Plaza Japan,retailer,,Kotobukiya ZA003 Zoids ZA Hayate Liger 1/100 Action Figure 4934054107414,125.02,,,USD,New,https://www.plazajapan.com/4934054107414,https://cdn11.bigcommerce.com/s-89ffd/products/11144/images/338992/4934054107414_a__65248.1472779127__43476.1636591857.350.350.jpg?c=2
zoid,model_kit,Plaza Japan,retailer,,Kotobukiya ZD061 Zoids RZ-041 Liger Zero Jager 1/72 Scale Kit,114.31,,,USD,New,https://www.plazajapan.com/4934054104420,https://cdn11.bigcommerce.com/s-89ffd/products/19701/images/192494/4934054104420-1__88873.1559024258.350.350.jpg?c=2
zoid,model_kit,Plaza Japan,retailer,,Takara Tomy ZOIDS ZW01 Wild Liger 111955,69.39,,,USD,New,https://www.plazajapan.com/4904810111955,https://cdn11.bigcommerce.com/s-89ffd/products/39404/images/146105/49048101119551__25892.1528700000.350.350.jpg?c=2
zoid,model_kit,Plaza Japan,retailer,,Takara Tomy ZOIDS ZW02 Gilraptor 972013,64.56,,,USD,New,https://www.plazajapan.com/4904810972013,https://cdn11.bigcommerce.com/s-89ffd/products/39405/images/146119/49048109720132__80276.1528700271.350.350.jpg?c=2
zoid,model_kit,Plaza Japan,retailer,,Takara Tomy ZOIDS ZW07 Kuwaga 972099,20.42,,,USD,New,https://www.plazajapan.com/4904810972099,https://cdn11.bigcommerce.com/s-89ffd/products/39413/images/570097/4904810972099_7c1faf30e5bfc2356aa1b9d15aa0a38b__40868.1723104677.350.350.jpg?c=2
zoid,model_kit,Plaza Japan,retailer,,Kotobukiya HMM ZOIDS 1/72 EZ-016 Saber Tiger Marking Plus Ver. Plastic Model,106.2,,,USD,New,https://www.plazajapan.com/4934054014460,https://cdn11.bigcommerce.com/s-89ffd/products/81608/images/466907/4934054014460_2d97712e8f6aa66c9ea8867a02c4bbf1__73618.1684992657.350.350.jpg?c=2
zoid,model_kit,Plaza Japan,retailer,,Kotobukiya HMM ZOIDS 1/72 Liger Zero Schneider Unit Marking Plus Ver. Plastic Model (Released),59.37,,,USD,New,https://www.plazajapan.com/4934054026883,https://cdn11.bigcommerce.com/s-89ffd/products/81612/images/293930/026883-1__50073.1615452651.350.350.jpg?c=2
zoid,model_kit,Plaza Japan,retailer,,Kotobukiya HMM ZOIDS 1/72 RMZ-27 Canon Tortoise Plastic Model,60.55,,,USD,New,https://www.plazajapan.com/4934054025251,https://cdn11.bigcommerce.com/s-89ffd/products/86058/images/318211/025251-1__82857.1627287817.350.350.jpg?c=2
zoid,model_kit,Plaza Japan,retailer,,Kotobukiya HMM ZOIDS 1/35 Fangtiger Plastic Model,96.55,,,USD,New,https://www.plazajapan.com/4934054005109,https://cdn11.bigcommerce.com/s-89ffd/products/86201/images/326358/005109-1__90830.1630481411.350.350.jpg?c=2
zoid,model_kit,Plaza Japan,retailer,,Kotobukiya HMM ZOIDS 1/72 RZ-007 Shield Liger DCS-J Plastic Model,70.2,,,USD,New,https://www.plazajapan.com/4934054014026,https://cdn11.bigcommerce.com/s-89ffd/products/88559/images/297027/4934054014026_9a30c128ec6af374c0a6de466deecc31__56984.1617674972.350.350.jpg?c=2
zoid,model_kit,Plaza Japan,retailer,,Kotobukiya HMM Zoids 1/72 EZ-027 Rev Raptor Plastic Model,63.82,,,USD,New,https://www.plazajapan.com/4934054109357,https://cdn11.bigcommerce.com/s-89ffd/products/90511/images/333047/109357-1__79270.1633663208.350.350.jpg?c=2
zoid,model_kit,Plaza Japan,retailer,,Takara Tomy Zoids Wild Burning Liger,73.48,,,USD,New,https://www.plazajapan.com/4904810156062,https://cdn11.bigcommerce.com/s-89ffd/products/92683/images/341190/156062-1__42016.1637743278.350.350.jpg?c=2
zoid,model_kit,Plaza Japan,retailer,,Kotobukiya HMM Zoids 1/72 EZ-027 Raven Raptor Plastic Model,117.63,,,USD,New,https://www.plazajapan.com/4934054109333,https://cdn11.bigcommerce.com/s-89ffd/products/93752/images/342567/4934054109333_be096dcffce5a9dc377ebe1524de2de9__83263.1638346701.350.350.jpg?c=2
zoid,model_kit,Plaza Japan,retailer,,Kotobukiya HMM Zoids 1/72 EZ-054 Liger Zero X Plastic Model,81.66,,,USD,New,https://www.plazajapan.com/4934054109180,https://cdn11.bigcommerce.com/s-89ffd/products/95125/images/348400/4934054109180_21bbcec4015c514783ce0a63152364d4__56698.1640067081.350.350.jpg?c=2
zoid,model_kit,Plaza Japan,retailer,,Kotobukiya HMM ZOIDS 1/72 EZ-035 Lightning Saix Marking Plus Ver. Plastic Model,73.48,,,USD,New,https://www.plazajapan.com/4934054023134,https://cdn11.bigcommerce.com/s-89ffd/products/96303/images/320171/4934054023134_a9826daf3388df4db6f27f5b0a52d098__20349.1627962827.350.350.jpg?c=2
zoid,model_kit,Plaza Japan,retailer,,Kotobukiya HMM Zoids 1/72 RZ-014 Godos Marking Plus Ver. Plastic Model (old),69.39,,,USD,New,https://www.plazajapan.com/4934054035618,https://cdn11.bigcommerce.com/s-89ffd/products/98829/images/352962/4934054035618_ec81b3fcab301a0825413b5ca9af8cd3__58706.1642478192.350.350.jpg?c=2
zoid,model_kit,Plaza Japan,retailer,,Kotobukiya HMM Zoids 1/72 EZ-017 Iguan Marking Plus Ver. Plastic Model,53.1,,,USD,New,https://www.plazajapan.com/4934054039081,https://cdn11.bigcommerce.com/s-89ffd/products/100500/images/375908/4934054039081_a8d8d8a5dcb912aa62c620ffefbf67ad__91951.1650873287.350.350.jpg?c=2
zoid,model_kit,Plaza Japan,retailer,,Kotobukiya HMM Zoids 1/72 RZ-007 Shield Liger Marking Plus Ver. Plastic Model,88.37,,,USD,New,https://www.plazajapan.com/4934054039111,https://cdn11.bigcommerce.com/s-89ffd/products/105159/images/385149/4934054039111_065f43dd051661925c793b078f84e79a__15969.1653622413.350.350.jpg?c=2
zoid,model_kit,Plaza Japan,retailer,,Kotobukiya HMM Zoids 1/72 EZ-015 Iron Kong Marking Plus Ver. Plastic Model,143.19,,,USD,New,https://www.plazajapan.com/4934054045617,https://cdn11.bigcommerce.com/s-89ffd/products/113059/images/388995/4934054045617_3688d53ab50eeea1fb38a4a40faa4dd5__58129.1655193112.350.350.jpg?c=2
zoid,model_kit,Plaza Japan,retailer,,Kotobukiya HMM ZOIDS 1/72 EZ-005 Redler Guylos Empire Type Plastic Model,58.75,,,USD,New,https://www.plazajapan.com/4934054027514,https://cdn11.bigcommerce.com/s-89ffd/products/117807/images/411172/4934054027514_55d2ffdebb8883d11aa222a66393f68d__44799.1663051380.350.350.jpg?c=2
zoid,model_kit,Plaza Japan,retailer,,Kotobukiya HMM ZOIDS 1/72 EHI-7 Reddra Zenebas Empire Type Plastic Model,63.19,,,USD,New,https://www.plazajapan.com/4934054027507,https://cdn11.bigcommerce.com/s-89ffd/products/117809/images/453424/4934054027507_e0124cd9793be42bfa0319a34886ce87__17683.1678332585.350.350.jpg?c=2
zoid,model_kit,Plaza Japan,retailer,,Kotobukiya HMM Zoids 1/72 Iron Kong Prozen Knights Plastic Model,213.15,,,USD,New,https://www.plazajapan.com/4934054050062,https://cdn11.bigcommerce.com/s-89ffd/products/118956/images/416655/4934054050062_4504a67cfe275163e70399eaf4934a7c__70223.1665039006.350.350.jpg?c=2
zoid,model_kit,Plaza Japan,retailer,,Kotobukiya HMM Zoids 1/72 RZ-053 Konig Wolf Plastic Model,117.01,,,USD,New,https://www.plazajapan.com/4934054003846,https://cdn11.bigcommerce.com/s-89ffd/products/125947/images/529764/4934054003846_d5410c45e0a0a57e381db3c06399fc8c__44500.1712720401.350.350.jpg?c=2
zoid,model_kit,Plaza Japan,retailer,,Kotobukiya HMM Zoids 1/72 Customize Parts Dual Sniper Rifle & AZ Five Launch Missile System Set Plastic Model,55.48,,,USD,New,https://www.plazajapan.com/4934054003853,https://cdn11.bigcommerce.com/s-89ffd/products/125948/images/529807/4934054003853_c8349fa7dfbf1ceeeaa2b175daa30f78__48418.1712724635.350.350.jpg?c=2
zoid,model_kit,Plaza Japan,retailer,,Kotobukiya HMM ZOIDS 1/72 Green Horn AB Plastic Model,133.45,,,USD,New,https://www.plazajapan.com/4934054043446,https://cdn11.bigcommerce.com/s-89ffd/products/130008/images/461855/4934054043446_f325cf5e04d5b8f0869ee25f7cb64ddc__33807.1682043912.350.350.jpg?c=2
zoid,model_kit,Plaza Japan,retailer,,Takara Tomy Zoids 1/72 AZ Molga Plastic Model,47.62,,,USD,New,https://www.plazajapan.com/4904810945673,https://cdn11.bigcommerce.com/s-89ffd/products/155317/images/664073/takara-tomy-zoids-172-az-molga-plastic-model__79338.1737713273.350.350.jpg?c=2
zoid,model_kit,Plaza Japan,retailer,,Kotobukiya HMM ZOIDS 1/72 EHI-7 Redler Zenebus Empire Ver. Plastic Model,34.64,,,USD,New,https://www.plazajapan.com/4934054067336,https://cdn11.bigcommerce.com/s-89ffd/products/163578/images/634587/kotobukiya-hmm-zoids-172-ehi-7-redler-zenebus-empire-ver-plastic-model__82587.1737382593.350.350.jpg?c=2
zoid,model_kit,Plaza Japan,retailer,,Kotobukiya HMM ZOIDS 1/72 EZ-005 Redler Guyros Empire Ver. Plastic Model,34.64,,,USD,New,https://www.plazajapan.com/4934054067343,https://cdn11.bigcommerce.com/s-89ffd/products/163579/images/634103/kotobukiya-hmm-zoids-172-ez-005-redler-guyros-empire-ver-plastic-model__00712.1737381757.350.350.jpg?c=2
zoid,model_kit,Plaza Japan,retailer,,Kotobukiya HMM ZOIDS 1/72 RZ-014 Godos Marking Plus Ver. Plastic Model,31.18,,,USD,New,https://www.plazajapan.com/4934054062300,https://cdn11.bigcommerce.com/s-89ffd/products/163580/images/634590/kotobukiya-hmm-zoids-172-rz-014-godos-marking-plus-ver-plastic-model__84019.1737382596.350.350.jpg?c=2
zoid,model_kit,Plaza Japan,retailer,,Kotobukiya HMM ZOIDS 1/72 RZ-009 Command Wolf AC & LC Marking Plus Ver. Plastic Model,82.21,,,USD,New,https://www.plazajapan.com/4934054063529,https://cdn11.bigcommerce.com/s-89ffd/products/164750/images/623842/kotobukiya-hmm-zoids-172-rz-009-command-wolf-ac-and-lc-marking-plus-ver-plastic-model__16304.1737072250.350.350.jpg?c=2
zoid,model_kit,Plaza Japan,retailer,,Kotobukiya HMM ZOIDS 1/72 EZ-006 Molga Full Option Set Plastic Model,34.47,,,USD,New,https://www.plazajapan.com/4934054063468,https://cdn11.bigcommerce.com/s-89ffd/products/166197/images/623524/kotobukiya-hmm-zoids-172-ez-006-molga-full-option-set-plastic-model__38139.1737071745.350.350.jpg?c=2
zoid,model_kit,Plaza Japan,retailer,,Kotobukiya HMM ZOIDS 1/72: RZ-007 Shield Liger - DCS-J Plastic Model,39.21,,,USD,New,https://www.plazajapan.com/4934054073702,https://cdn11.bigcommerce.com/s-89ffd/products/169263/images/714098/kotobukiya-hmm-zoids-172-rz-007-shield-liger-dcs-j-plastic-model__99267.1739869683.350.350.jpg?c=2
zoid,model_kit,Plaza Japan,retailer,,Kotobukiya HMM ZOIDS 1/72 LIGER ZERO JAGER UNIT MARKING PLUS Version Plastic Model,20.15,,,USD,New,https://www.plazajapan.com/4934054073719,https://cdn11.bigcommerce.com/s-89ffd/products/169283/images/718602/4934054073719_731b071386d2bc3cc64eabbf24594166__86689.1740462818.350.350.jpg?c=2
zoid,model_kit,Plaza Japan,retailer,,Takara Tomy Zoids AZ-06 Liger Zero Phoenix,186.55,,,USD,New,https://www.plazajapan.com/4904810918844,https://cdn11.bigcommerce.com/s-89ffd/products/169454/images/715971/takara-tomy-zoids-az-06-liger-zero-phoenix__98875.1739872698.350.350.jpg?c=2
zoid,model_kit,Plaza Japan,retailer,,Kotobukiya HMM ZOIDS 1/72 Liger Zero Schneider Unit Marking Plus Ver. Plastic Model,20.15,,,USD,New,https://www.plazajapan.com/4934054073726,https://cdn11.bigcommerce.com/s-89ffd/products/170337/images/717573/4934054073726_1e8fcec2bef1d1292f3fb6892d3dc5df__72009.1739940989.350.350.jpg?c=2
zoid,model_kit,Plaza Japan,retailer,,Kotobukiya HMM Zoids RZ-045 Salamander 1/72 Plastic Model,256.92,,,USD,New,https://www.plazajapan.com/4934054047789,https://cdn11.bigcommerce.com/s-89ffd/products/181199/images/803535/kotobukiya-hmm-zoids-rz-045-salamander-172-plastic-model__94341.1755491825.350.350.jpg?c=2
zoid,model_kit,Plaza Japan,retailer,,Takara Tomy Zoids Cannontoise,35.16,,,USD,New,https://www.plazajapan.com/4904810973126,https://cdn11.bigcommerce.com/s-89ffd/products/186274/images/826797/4904810973126-1__44712.1759737242.350.350.jpg?c=2
zoid,model_kit,Plaza Japan,retailer,,Kotobukiya 1/72 Zoids GUN SNIPER Leena Special 2001 Re/color Plastic Model,32.88,,,USD,New,https://www.plazajapan.com/4934054081394,https://cdn11.bigcommerce.com/s-89ffd/products/189469/images/852233/kotobukiya-172-zoids-gun-sniper-leena-special-2001-recolor-plastic-model__88967.1763451195.350.350.jpg?c=2
zoid,model_kit,Plaza Japan,retailer,,Kotobukiya HMM ZOIDS 1/72 Iron Kong (Schwarz Ver.) Plastic Model,116.0,,,USD,New,https://www.plazajapan.com/4934054081493,https://cdn11.bigcommerce.com/s-89ffd/products/196330/images/896016/kotobukiya-hmm-zoids-172-iron-kong-schwarz-ver-plastic-model__91843.1771467945.350.350.jpg?c=2
zoid,model_kit,Plaza Japan,retailer,,Takara Tomy Zoids AZ-14 Liger Zero Ixis Plastic Model,108.01,,,USD,New,https://www.plazajapan.com/4904810096832,https://cdn11.bigcommerce.com/s-89ffd/products/196907/images/892241/takara-tomy-zoids-az-14-liger-zero-ixis-plastic-model__04624.1771462015.350.350.jpg?c=2
zoid,model_kit,Plaza Japan,retailer,,Takara Tomy ZOIDS Wild Liger Zinogre Plastic Model,48.46,,,USD,New,https://www.plazajapan.com/4904810083719,https://cdn11.bigcommerce.com/s-89ffd/products/213798/images/989537/takara-tomy-zoids-wild-liger-zinogre-plastic-model__26061.1784353147.350.350.jpg?c=2
zoid,model_kit,Plaza Japan,retailer,,Takara Tomy Zoids Fangriffon Plastic Model,53.43,,,USD,New,https://www.plazajapan.com/4904810095651,https://cdn11.bigcommerce.com/s-89ffd/products/216842/images/1004072/takara-tomy-zoids-fangriffon-plastic-model__87905.1787031262.350.350.jpg?c=2
zoid,model_kit,Plaza Japan,retailer,,Takara Tomy ZW10 Zoids Wild Knuckle Kong,31.99,,,USD,New,https://www.plazajapan.com/4904810972075,https://cdn11.bigcommerce.com/s-89ffd/products/58859/images/193727/4904810972075_5c469f4a08717fd02c4d3dd4c44959cc__88338.1559299631.350.350.jpg?c=2
zoid,model_kit,Plaza Japan,retailer,,Takara Tomy ZW53 Zoids Wild Core Drive Weapon Ignition Booster,10.07,,,USD,New,https://www.plazajapan.com/4904810154037,https://cdn11.bigcommerce.com/s-89ffd/products/92685/images/307904/4904810154037_38d6458385a8a9ca5d0125158eb15a90__60876.1622778147.350.350.jpg?c=2
zoid,model_kit,Plaza Japan,retailer,,Takara Tomy ZW55 Zoids Wild Xeno Rex Scissors XA,80.19,,,USD,New,https://www.plazajapan.com/4904810153917,https://cdn11.bigcommerce.com/s-89ffd/products/92687/images/307908/4904810153917_597a2c3be831d77e157962521e6026d9__80650.1622778183.350.350.jpg?c=2
zoid,model_kit,Plaza Japan,retailer,,Takara Tomy ZW56 Zoids Wild Core Drive Weapon Twin Pile Bunker,10.76,,,USD,New,https://www.plazajapan.com/4904810154044,https://cdn11.bigcommerce.com/s-89ffd/products/92688/images/307915/4904810154044_8b053282bec068e24d92a71d8744ce68__64120.1622778201.350.350.jpg?c=2
zoid,model_kit,Plaza Japan,retailer,,Takara Tomy ZW57 Zoids Wild Xeno Evolution Arms Buster Unit,23.56,,,USD,New,https://www.plazajapan.com/4904810165613,https://cdn11.bigcommerce.com/s-89ffd/products/92689/images/307917/4904810165613_c5126215d39e04227ca6a5cdc22a1fab__44131.1622778232.350.350.jpg?c=2
zoid,model_kit,Plaza Japan,retailer,,Takara Tomy 1/72 ZOIDS AZ-02 LIGER ZERO,138.93,,,USD,New,https://www.plazajapan.com/4904810227557,https://cdn11.bigcommerce.com/s-89ffd/products/126767/images/447750/4904810227557_39d1a1481a173689c89a3a0214e58966__96493.1675906267.350.350.jpg?c=2
zoid,model_kit,Plaza Japan,retailer,,Kotobukiya 1/72  HMM Zoids Liger Zero Exclusive Panzer Unit Marking Plus Ver. Plastic Model,22.27,,,USD,New,https://www.plazajapan.com/4934054073757,https://cdn11.bigcommerce.com/s-89ffd/products/173126/images/741841/kotobukiya-172-hmm-zoids-liger-zero-exclusive-panzer-unit-marking-plus-ver-plastic-model__85350.1745020996.350.350.jpg?c=2
zoid,model_kit,Plaza Japan,retailer,,Kotobukiya 1/72 HMM Zoids EZ-054 Liger Zero X Plastic Model,81.0,,,USD,New,https://www.plazajapan.com/4934054073924,https://cdn11.bigcommerce.com/s-89ffd/products/175159/images/748700/4934054073924_240054ce4f23bf61223fa3c2247a74ef__51889.1746088571.350.350.jpg?c=2
zoid,model_kit,Plaza Japan,retailer,,Kotobukiya 1/72 HMM Zoids RZ-013 Cannon Tortoise Marking Plus Ver. Plastic Model,53.27,,,USD,New,https://www.plazajapan.com/4934054070589,https://cdn11.bigcommerce.com/s-89ffd/products/175160/images/748669/4934054070589_4cc9b209d7bb8ce1e0494c33b8ca7a35__25837.1746088501.350.350.jpg?c=2
zoid,model_kit,Plaza Japan,retailer,,Takara Tomy 1/72 Zoids AZ-13 Canory Molga Insect Type Plastic Model,38.08,,,USD,New,https://www.plazajapan.com/4904810096849,https://cdn11.bigcommerce.com/s-89ffd/products/209215/images/964859/4904810096849_0dd0fbe78f6eb79a6b3bf7a9f296ebde__78980.1781851641.350.350.jpg?c=2
zoid,model_kit,Plaza Japan,retailer,,Takara Tomy Realize Model ZOIDS RMZ-004 Hell Cat Guylos Color,24.29,,,USD,New,https://www.plazajapan.com/4904810939702,https://cdn11.bigcommerce.com/s-89ffd/products/161134/images/653173/takara-tomy-realize-rmz-004-hell-cat-guylos-color__04771.1737466444.350.350.jpg?c=2
zoid,model_kit,Plaza Japan,retailer,,Takara Tomy T-Spark Zoids AZ-16 Liger Zero Jaeger Pre Colored Plastic Kit,104.65,,,USD,New,https://www.plazajapan.com/4904810073772,https://cdn11.bigcommerce.com/s-89ffd/products/204619/images/938925/takara-tomy-t-spark-zoids-az-16-liger-zero-jaeger-pre-colored-plastic-kit__39034.1779076354.350.350.jpg?c=2
zoid,model_kit,Plaza Japan,retailer,,1/100 Realize Model Zoids RMZ-017 Command Wolf Urban Warfare Special Wolf Type,44.18,,,USD,New,https://www.plazajapan.com/4904810918776,https://cdn11.bigcommerce.com/s-89ffd/products/209552/images/966472/4904810918776_6748317ede83707a6f355814a2fd3290__01486.1782370254.350.350.jpg?c=2
zoid,model_kit,Plaza Japan,retailer,,Takara Tomy Monster Hunter x Zoids Gatling Fox Mitsune,45.82,,,USD,New,https://www.plazajapan.com/4904810995203,https://cdn11.bigcommerce.com/s-89ffd/products/174542/images/745630/4904810995203_6a8653eb5a57269a44c257f6246bf920__40558.1745388023.350.350.jpg?c=2
zoid,model_kit,Plaza Japan,retailer,,Takara Tomy Monster Hunter x Zoids Knuckle Kong Rajang,26.76,,,USD,New,https://www.plazajapan.com/4904810995197,https://cdn11.bigcommerce.com/s-89ffd/products/174543/images/745639/4904810995197_893e31a471c772095c38d74050e48b46__76712.1745388112.350.350.jpg?c=2
zoid,model_kit,Plaza Japan,retailer,,Takara Tomy Murasame Liger Plastic Model(Zoids),123.77,,,USD,New,https://www.plazajapan.com/4904810227564,https://cdn11.bigcommerce.com/s-89ffd/products/132160/images/471086/4904810227564_98c5d56568152aaf6392a6764f2ce834__83839.1686801010.350.350.jpg?c=2
zoid,model_kit,Plaza Japan,retailer,,Takara Tomy 1/100 Realize Model ZOIDS RMZ-007 Trinity Liger Figure,35.98,,,USD,New,https://www.plazajapan.com/4904810939689,https://cdn11.bigcommerce.com/s-89ffd/products/167619/images/622063/takara-tomy-1100-scale-realize-rmz-007-trinity-liger-figure__35145.1737069379.350.350.jpg?c=2
zoid,model_kit,Plaza Japan,retailer,,Takara Tomy 1/100 Realize Model ZOIDS RMZ-020 Zabat Plastic Model,31.34,,,USD,New,https://www.plazajapan.com/4904810086895,https://cdn11.bigcommerce.com/s-89ffd/products/196918/images/894827/takara-tomy-1100-realize-model-zoids-rmz-020-zabat-plastic-model__62410.1771466051.350.350.jpg?c=2
zoid,model_kit,Plaza Japan,retailer,,Takara Tomy T-Spark Realize Model Zoids RMZ-012 Hellcat Tirol 1/100 Scale Color-Separated Plastic Model Kit,33.28,,,USD,New,https://www.plazajapan.com/4904810954385,https://cdn11.bigcommerce.com/s-89ffd/products/205608/images/937290/4904810954385_bd7c5da59bb285dcf06d4e595ae2976e__96741.1779068465.350.350.jpg?c=2
zoid,model_kit,Plaza Japan,retailer,,Takara Tomy SYNERGENEX MONSTER HUNTER X ZOIDS WILD LIGER STYGIAN ZINOGRE PLASTIC MODEL,48.46,,,USD,New,https://www.plazajapan.com/4904810070979,https://cdn11.bigcommerce.com/s-89ffd/products/213712/images/990199/takara-tomy-synergenex-monster-hunter-x-zoids-wild-liger-stygian-zinogre-plastic-model__86907.1784354264.350.350.jpg?c=2
zoid,model_kit,Plaza Japan,retailer,,Takara Tomy T-Spark Realize Model Zoids RMZ-025 Liger Zero Falcon (ZBF) Plastic Model,67.91,,,USD,New,https://www.plazajapan.com/4904810092551,https://cdn11.bigcommerce.com/s-89ffd/products/216717/images/1002579/4904810092551_1454214938310f8195bcb403a51dcc3c__87722.1786355945.350.350.jpg?c=2
zoid,model_kit,Plaza Japan,retailer,,Takara Tomy 1/100 RMZ-003 Realize Model ZOIDS Command Wolf Plastic Model,26.59,,,USD,New,https://www.plazajapan.com/4904810918769,https://cdn11.bigcommerce.com/s-89ffd/products/156052/images/650302/takara-tomy-1100-rmz-003-realize-model-zoids-command-wolf-plastic-model__11292.1737461864.350.350.jpg?c=2
zoid,model_kit,Plaza Japan,retailer,,Kotobukiya HMM Series 1/72 EZ-036 Death Stinger Plastic Model (ZOIDS),155.74,,,USD,New,https://www.plazajapan.com/4934054017843,https://cdn11.bigcommerce.com/s-89ffd/products/80243/images/267882/4934054017843_02ca997b23beca128c1ff3dbeabb5220__41670.1598576458.350.350.jpg?c=2
zoid,model_kit,Plaza Japan,retailer,,Kotobukiya HMM Series 1/72 EZ-004 RED HORN Marking Plus Ver. Plastic Model (ZOIDS),90.0,,,USD,New,https://www.plazajapan.com/4934054056910,https://cdn11.bigcommerce.com/s-89ffd/products/135013/images/484770/4934054056910_359a0a3dc030beb659c23e9e6c6a5cf4__96404.1693964223.350.350.jpg?c=2
zoid,other,Plaza Japan,retailer,,Kotobukiya ZA004 Zoids ZA Mugen Liger 1/100 Scale Action Figure,44.0,,,USD,New,https://www.plazajapan.com/4934054107728,https://cdn11.bigcommerce.com/s-89ffd/products/11145/images/338993/ZA004_a__61951.1473069451__77029.1636591913.350.350.jpg?c=2
zoid,model_kit,Plaza Japan,retailer,,Kotobukiya ZD037 Zoids EPZ-003 Great Saber 1/72 Scale Kit,36.88,,,USD,New,https://www.plazajapan.com/4934054103249,https://cdn11.bigcommerce.com/s-89ffd/products/11146/images/338994/blob__93661.1473215125__91265.1636591970.350.350.png?c=2
zoid,model_kit,Plaza Japan,retailer,,Kotobukiya ZD042 Zoids RZ-041 Liger Zero 1/72 Scale Kit,31.47,,,USD,New,https://www.plazajapan.com/4934054103515,https://cdn11.bigcommerce.com/s-89ffd/products/11147/images/338995/blob__57606.1473215259__32605.1636592039.350.350.png?c=2
zoid,model_kit,Plaza Japan,retailer,,Kotobukiya ZD048 Zoids RZ-010 Pteras Bomber Jamie Custom 1/72 Scale Kit,24.42,,,USD,New,https://www.plazajapan.com/4934054103966,https://cdn11.bigcommerce.com/s-89ffd/products/11148/images/338996/blob__09367.1473215384.1280.1280__77606.1510213587__75168.1636592115.350.350.png?c=2
zoid,model_kit,Plaza Japan,retailer,,Kotobukiya ZD052 Zoids RZ-014 Godos 1/72 Scale Kit,22.78,,,USD,New,https://www.plazajapan.com/4934054104130,https://cdn11.bigcommerce.com/s-89ffd/products/11149/images/338997/blob__46682.1473215527__92304.1510558521__00030.1636592241.350.350.png?c=2
zoid,model_kit,Plaza Japan,retailer,,Kotobukiya ZD054 Zoids Schnider Unit for Liger Zero 1/72 Scale Kit,15.17,,,USD,New,https://www.plazajapan.com/4934054104222,https://cdn11.bigcommerce.com/s-89ffd/products/11150/images/115209/blob__20587.1473215630__32125.1510209792.350.350.png?c=2
zoid,model_kit,Plaza Japan,retailer,,Kotobukiya ZD062 Zoids EZ-049 Berserk Fuhrer 1/72 Scale Kit,149.49,,,USD,New,https://www.plazajapan.com/4934054104437,https://cdn11.bigcommerce.com/s-89ffd/products/11151/images/179076/blob__44558.1473215804__71495.1552301857.350.350.jpg?c=2
zoid,model_kit,Plaza Japan,retailer,,Kotobukiya ZD063 Zoids RZ-041 Ligar Zero Panzer 1/72 Scale Kit,39.65,,,USD,New,https://www.plazajapan.com/4934054104451,https://cdn11.bigcommerce.com/s-89ffd/products/11152/images/338998/4934054104451-1__95497.1559024482__86555.1636592308.350.350.png?c=2
zoid,model_kit,Plaza Japan,retailer,,Kotobukiya HMM ZOIDS 1/72 Liger Zero Jager Unit Plastic Model,16.3,,,USD,New,https://www.plazajapan.com/4934054104574,https://cdn11.bigcommerce.com/s-89ffd/products/11153/images/338999/ZD066_a__05010.1484734091__91445.1636592368.350.350.jpg?c=2
zoid,model_kit,Plaza Japan,retailer,,Kotobukiya ZD070 Zoids RZ-046 Shadow Fox 1/72 Scale Kit,29.08,,,USD,New,https://www.plazajapan.com/4934054104871,https://cdn11.bigcommerce.com/s-89ffd/products/11154/images/339000/zd070_a__22515.1472627340__68358.1636592436.350.350.jpg?c=2
zoid,model_kit,Plaza Japan,retailer,,Kotobukiya ZD076 ZOIDS EZ-034 GENO BREAKER RAVEN Version 1/72 Scale Kit,49.91,,,USD,New,https://www.plazajapan.com/4934054105281,https://cdn11.bigcommerce.com/s-89ffd/products/11155/images/339001/blob__92511.1473219707__92226.1636592492.350.350.png?c=2
zoid,model_kit,Plaza Japan,retailer,,Kotobukiya ZD097 Zoids RHI-3 Command Wolf Repackage Version HMM 1/72 Scale Kit,26.06,,,USD,New,https://www.plazajapan.com/4934054107551,https://cdn11.bigcommerce.com/s-89ffd/products/11156/images/339002/blob__02570.1473216401.1280.1280__86818.1510214789__34530.1636592554.350.350.png?c=2
zoid,model_kit,Plaza Japan,retailer,,Kotobukiya ZD067 Zoids Panzer Unit for Liger Zero 1/72 Scale Kit,17.37,,,USD,New,https://www.plazajapan.com/4934054104581,https://cdn11.bigcommerce.com/s-89ffd/products/11157/images/339003/blob__46851.1473216093.1280.1280__02872.1510215935__38930.1636592609.350.350.png?c=2
zoid,model_kit,Plaza Japan,retailer,,Kotobukiya ZD044 Zoids Gun Sniper Leena Special 1/72 Scale Kit,24.42,,,USD,New,https://www.plazajapan.com/4934054103768,https://cdn11.bigcommerce.com/s-89ffd/products/14805/images/54045/2__58346.1474438677.350.350.jpg?c=2
zoid,model_kit,Plaza Japan,retailer,,Kotobukiya ZD036 Zoids EZ-035 Lightning Saix 1/72 Scale Kit,85.48,,,USD,New,https://www.plazajapan.com/4934054103133,https://cdn11.bigcommerce.com/s-89ffd/products/15156/images/68873/ZD036_a__54390.1484305423.350.350.jpg?c=2
zoid,model_kit,Plaza Japan,retailer,,Kotobukiya ZD043 Zoids DPZ-10 Dark Horn 1/72 Scale Kit,162.01,,,USD,New,https://www.plazajapan.com/4934054103607,https://cdn11.bigcommerce.com/s-89ffd/products/17521/images/63419/4934054103607_1__20846.1479706348.350.350.jpg?c=2
zoid,model_kit,Plaza Japan,retailer,,Kotobukiya ZD086 Zoids EZ-036 Death Stinger 1/72 Scale Kit,211.1,,,USD,New,https://www.plazajapan.com/4934054106462,https://cdn11.bigcommerce.com/s-89ffd/products/17668/images/115724/ZD086_a__12640.1483699708.1280.1280__01140.1744268786.350.350.jpg?c=2
zoid,model_kit,Plaza Japan,retailer,,Kotobukiya 102747 ZD026 ZOIDS EMZ-15 Molga AA & Molga Carrier 1/72 Scale Kit,333.15,,,USD,New,https://www.plazajapan.com/4934054102747,https://cdn11.bigcommerce.com/s-89ffd/products/18633/images/114881/ZD026_a__61126.1485434772.1280.1280__29949.1510140573.350.350.jpg?c=2
zoid,model_kit,Plaza Japan,retailer,,Kotobukiya ZD094 Zoids HMM Customize Parts Beam Gatling Set 1/72 Scale Model Kit,12.46,,,USD,New,https://www.plazajapan.com/4934054107384,https://cdn11.bigcommerce.com/s-89ffd/products/24697/images/99816/ZD094_a__74373.1498900791.350.350.jpg?c=2
zoid,model_kit,Plaza Japan,retailer,,Kotobukiya ZD025 Zoids RZ-013 Buster Tortoise 1/72 Scale Model Kit,256.15,,,USD,New,https://www.plazajapan.com/4934054102631,https://cdn11.bigcommerce.com/s-89ffd/products/28353/images/121383/4934054102631-1__06153.1516344998.350.350.jpg?c=2
zoid,model_kit,Plaza Japan,retailer,,Kotobukiya ZD030 Zoids EZ-004 Red Horn 1/72 Scale Model Kit,36.88,,,USD,New,https://www.plazajapan.com/4934054102785,https://cdn11.bigcommerce.com/s-89ffd/products/28354/images/121389/4934054102785-1__78897.1516345257.350.350.jpg?c=2
zoid,model_kit,Plaza Japan,retailer,,Kotobukiya ZD11 Zoids EMZ-15 Molga and Molga with Canory Unit 1/72 Scale Model Kit,77.73,,,USD,New,https://www.plazajapan.com/4934054101641,https://cdn11.bigcommerce.com/s-89ffd/products/28355/images/121396/4934054101641-1__99757.1516345655.350.350.jpg?c=2
zoid,model_kit,Plaza Japan,retailer,,Kotobukiya ZD105 Zoids HMM Sturm Unit for EZ-049 Berserk Fuhrer 1/72 Scale Kit,35.5,,,USD,New,https://www.plazajapan.com/4934054109159,https://cdn11.bigcommerce.com/s-89ffd/products/33522/images/128903/4934054109159-1__93850.1519808296.350.350.jpg?c=2
zoid,model_kit,Plaza Japan,retailer,,Takara Tomy ZOIDS ZW03 Kabtor 972037,26.59,,,USD,New,https://www.plazajapan.com/4904810972037,https://cdn11.bigcommerce.com/s-89ffd/products/39408/images/146120/49048109720371__65988.1528700336.350.350.jpg?c=2
zoid,model_kit,Plaza Japan,retailer,,Takara Tomy ZOIDS ZW04 Scorpear 972044,36.74,,,USD,New,https://www.plazajapan.com/4904810972044,https://cdn11.bigcommerce.com/s-89ffd/products/39409/images/146126/49048109720441__52798.1528700418.350.350.jpg?c=2
zoid,model_kit,Plaza Japan,retailer,,Takara Tomy ZOIDS ZW06 Gabrigator 972051,82.97,,,USD,New,https://www.plazajapan.com/4904810972051,https://cdn11.bigcommerce.com/s-89ffd/products/39412/images/146140/49048109720511__37657.1528700879.350.350.jpg?c=2
zoid,other,Plaza Japan,retailer,,Ensky Jigsaw Puzzle 108-L719 Anime Zoids Wild (108 L-Pieces),9.25,,,USD,New,https://www.plazajapan.com/4970381199753,https://cdn11.bigcommerce.com/s-89ffd/products/47997/images/158936/4970381199753-1__80822.1533869586.350.350.jpg?c=2
zoid,model_kit,Plaza Japan,retailer,,Takara Tomy ZW14 Zoids Wild Stegosage,56.46,,,USD,New,https://www.plazajapan.com/4904810972068,https://cdn11.bigcommerce.com/s-89ffd/products/58866/images/272591/672068-1__75655.1601281750.350.350.jpg?c=2
zoid,model_kit,Plaza Japan,retailer,,Kotobukiya ZD130 Zoids RMZ-11 Godos Former Republic Ver. 1/72 Scale Kit,81.8,,,USD,New,https://www.plazajapan.com/4934054014040,https://cdn11.bigcommerce.com/s-89ffd/products/63731/images/232697/4934054014040_922920bafaec68e45ab5a397df278b1b__32052.1579849577.350.350.jpg?c=2
zoid,model_kit,Plaza Japan,retailer,,Kotobukiya ZD136 Zoids EZ-015 Iron Kong Yeti 1/72 Scale Kit,92.4,,,USD,New,https://www.plazajapan.com/4934054019489,https://cdn11.bigcommerce.com/s-89ffd/products/69860/images/259640/4934054019489_5ecb5573388e0361d1e57e83a9e4eb95__79191.1593415106.350.350.jpg?c=2
zoid,model_kit,Plaza Japan,retailer,,Kotobukiya ZD025R Zoids Buster Tortoise 1/72 Scale Model Kit,21.97,,,USD,New,https://www.plazajapan.com/4934054025244,https://cdn11.bigcommerce.com/s-89ffd/products/69971/images/233914/4934054025244_57aaba2d03ddb4022a7c3171fbd531ce__16440.1580960156.350.350.jpg?c=2
zoid,model_kit,Plaza Japan,retailer,,Kotobukiya HMM ZOIDS 1/72 RBOZ-006 Dibison Marking Plus Ver. Plastic Model,58.34,,,USD,New,https://www.plazajapan.com/4934054023073,https://cdn11.bigcommerce.com/s-89ffd/products/70413/images/282089/023073-1__11897.1606811485.350.350.jpg?c=2
zoid,model_kit,Plaza Japan,retailer,,Kotobukiya ZD079R Zoids EZ-017 Iguan 1/72 Scale Kit,24.23,,,USD,New,https://www.plazajapan.com/4934054026937,https://cdn11.bigcommerce.com/s-89ffd/products/70646/images/276641/026937-1__24844.1603437249.350.350.jpg?c=2
zoid,model_kit,Plaza Japan,retailer,,Kotobukiya ZD100R Zoids Customized Parts Gojulas Cannon Set 1/72 Scale Kit,27.69,,,USD,New,https://www.plazajapan.com/4934054026920,https://cdn11.bigcommerce.com/s-89ffd/products/70647/images/237646/4934054026920_f9052e9228c29aa4809f9d019d0ba580__02726.1584431092.350.350.jpg?c=2
zoid,model_kit,Plaza Japan,retailer,,Kotobukiya ZD115 Zoids Wild Liger 1/35 Scale Kit,50.79,,,USD,New,https://www.plazajapan.com/4934054004508,https://cdn11.bigcommerce.com/s-89ffd/products/71157/images/291515/004508-1__91510.1614153909.350.350.jpg?c=2
zoid,model_kit,Plaza Japan,retailer,,Kotobukiya HMM ZOIDS 1/72 RZ-010 Pteras Bomber Marking Plus Ver. Plastic Model,27.69,,,USD,New,https://www.plazajapan.com/4934054023141,https://cdn11.bigcommerce.com/s-89ffd/products/78806/images/498145/4934054023141_6b1e8964ffac3e93d7238fac005e95c9__24970.1700114644.350.350.jpg?c=2
zoid,model_kit,Plaza Japan,retailer,,Kotobukiya ZD030R Zoids EZ-004 Red Horn 1/72 Plastic Model,65.46,,,USD,New,https://www.plazajapan.com/4934054030743,https://cdn11.bigcommerce.com/s-89ffd/products/79536/images/281930/030743-1__10915.1606464785.350.350.jpg?c=2
zoid,model_kit,Plaza Japan,retailer,,Good Smile Company HAGANE WORKS Blade Liger 1/72 Figure (Zoids),152.06,,,USD,New,https://www.plazajapan.com/4580590121720,https://cdn11.bigcommerce.com/s-89ffd/products/79549/images/263252/4580590121720_dbf30e00655feadefe883d6ebe4800eb__28276.1595844313.350.350.jpg?c=2
zoid,model_kit,Plaza Japan,retailer,,Kotobukiya HMM ZOIDS 1/72 Customize Parts Beam Gatling Set Plastic Model,12.21,,,USD,New,https://www.plazajapan.com/4934054017836,https://cdn11.bigcommerce.com/s-89ffd/products/81606/images/273236/4934054017836_9c751c021e1373547c3fcd84219344b2__34586.1601604642.350.350.jpg?c=2
zoid,model_kit,Plaza Japan,retailer,,Kotobukiya HMM ZOIDS 1/72 RZ-041 Liger Zero Jager Marking Plus Ver. Plastic Model (Released),42.94,,,USD,New,https://www.plazajapan.com/4934054012947,https://cdn11.bigcommerce.com/s-89ffd/products/81607/images/273244/4934054012947_4b8aa5f6bf8d2840cdb92adbb1810b98__61091.1601604759.350.350.jpg?c=2
zoid,model_kit,Plaza Japan,retailer,,Kotobukiya HMM Zoids 1/72 Panzer Unit Marking Plus Ver. for Liger Zero Plastic Model,21.21,,,USD,New,https://www.plazajapan.com/4934054026890,https://cdn11.bigcommerce.com/s-89ffd/products/82645/images/299876/029890-1__49373.1618994561.350.350.jpg?c=2
zoid,model_kit,Plaza Japan,retailer,,Kotobukiya HMM ZOIDS 1/72 RZ-041 Liger Zero Panzer Marking Plus Ver. Plastic Model,72.82,,,USD,New,https://www.plazajapan.com/4934054012985,https://cdn11.bigcommerce.com/s-89ffd/products/83643/images/281406/4934054012985_1e8bfa81934fec9a303ae3976824fcb8__06138.1605865102.350.350.jpg?c=2
zoid,model_kit,Plaza Japan,retailer,,Kotobukiya HMM ZOIDS 1/72 Molga & Molga with Cannonry Unit Plastic Model,64.64,,,USD,New,https://www.plazajapan.com/4934054018284,https://cdn11.bigcommerce.com/s-89ffd/products/84716/images/312191/018284-1__92980.1624433203.350.350.jpg?c=2
zoid,model_kit,Plaza Japan,retailer,,Kotobukiya HMM ZOIDS 1/72 EMZ-15 Molga AA & Molga Carrier Plastic Model,73.48,,,USD,New,https://www.plazajapan.com/4934054018291,https://cdn11.bigcommerce.com/s-89ffd/products/84718/images/309468/018291-1__31215.1623314019.350.350.jpg?c=2
zoid,model_kit,Plaza Japan,retailer,,Kotobukiya HMM ZOIDS 1/72 RZ-041 Liger Zero Marking Plus Ver. Plastic Model (Released),58.91,,,USD,New,https://www.plazajapan.com/4934054012930,https://cdn11.bigcommerce.com/s-89ffd/products/84719/images/441925/4934054012930_9a3c77000b12ebb5e509354140232b4e__76824.1674031980.350.350.jpg?c=2
zoid,model_kit,Plaza Japan,retailer,,Kotobukiya HMM ZOIDS 1/72 RZ-041 Liger Zero Schneider Marking Plus Version Plastic Model,46.19,,,USD,New,https://www.plazajapan.com/4934054012978,https://cdn11.bigcommerce.com/s-89ffd/products/86451/images/290688/4934054012978_79e40e0fe86e56591def7b0448ddc8e3__56970.1613635424.350.350.jpg?c=2
zoid,model_kit,Plaza Japan,retailer,,Kotobukiya HMM ZOIDS 1/72 Liger Zero Jagar Unit Marking Plus Ver. Plastic Model,16.97,,,USD,New,https://www.plazajapan.com/4934054026982,https://cdn11.bigcommerce.com/s-89ffd/products/87471/images/296241/026982-1__68886.1617090373.350.350.jpg?c=2
zoid,model_kit,Plaza Japan,retailer,,Kotobukiya HMM ZOIDS 1/72 RZ-028 Blade Liger AB Plastic Model (Released),98.19,,,USD,New,https://www.plazajapan.com/4934054014057,https://cdn11.bigcommerce.com/s-89ffd/products/92582/images/307344/4934054014057_29082f7812aa37857edefed2e7aeff4b__94106.1622688575.350.350.jpg?c=2
zoid,model_kit,Plaza Japan,retailer,,Takara Tomy ZW43 Zoids Wild Zero Phantoth,65.29,,,USD,New,https://www.plazajapan.com/4904810122937,https://cdn11.bigcommerce.com/s-89ffd/products/92681/images/352980/4904810122937_7f3ccd4fec2712adee3b16aced96208a__74699.1642478276.350.350.jpg?c=2
zoid,model_kit,Plaza Japan,retailer,,Takara Tomy ZW44 Zoids Wild Zero Grizis,179.19,,,USD,New,https://www.plazajapan.com/4904810140955,https://cdn11.bigcommerce.com/s-89ffd/products/92682/images/307889/4904810140955_98ea50e9a5c9b06c07a461eaa0ef091a__58272.1622778052.350.350.jpg?c=2
zoid,model_kit,Plaza Japan,retailer,,Takara Tomy ZW52 Zoids Wild Xeno Rex,68.57,,,USD,New,https://www.plazajapan.com/4904810153887,https://cdn11.bigcommerce.com/s-89ffd/products/92684/images/307900/4904810153887_703039ee6e2ed140e9500cdead8a2869__06085.1622778131.350.350.jpg?c=2
zoid,model_kit,Plaza Japan,retailer,,Takara Tomy ZW54 Zoids Wild Xeno Evolution Arms Scissors Unit,20.29,,,USD,New,https://www.plazajapan.com/4904810162315,https://cdn11.bigcommerce.com/s-89ffd/products/92686/images/313426/162315-1__67968.1624952017.350.350.jpg?c=2
zoid,model_kit,Plaza Japan,retailer,,Takara Tomy ZW58 Zoids Wild Xeno Rex Buster XA,73.48,,,USD,New,https://www.plazajapan.com/4904810165620,https://cdn11.bigcommerce.com/s-89ffd/products/92690/images/307918/4904810165620_0db020e10a67d50feaf6d014a866f0a0__08670.1622778249.350.350.jpg?c=2
zoid,model_kit,Plaza Japan,retailer,,Kotobukiya HMM Zoids 1/72 Customize Parts Pile Bunker Unit Plastic Model,7.96,,,USD,New,https://www.plazajapan.com/4934054109340,https://cdn11.bigcommerce.com/s-89ffd/products/93753/images/342555/4934054109340_2ce6369db9f342f025acd62367dfacd5__98931.1638346675.350.350.jpg?c=2
zoid,model_kit,Plaza Japan,retailer,,Kotobukiya HMM ZOIDS 1/72 RHI-3 Command Wolf Repackage Ver. Plastic Model,27.72,,,USD,New,https://www.plazajapan.com/4934054018277,https://cdn11.bigcommerce.com/s-89ffd/products/100501/images/332858/4934054018277_54e4cf1b166c8b94f6d82355e8ca3315__13060.1633594710.350.350.jpg?c=2
zoid,model_kit,Plaza Japan,retailer,,Kotobukiya HMM ZOIDS 1/72 DPZ-10 Dark Horn Plastic Model,102.26,,,USD,New,https://www.plazajapan.com/4934054017515,https://cdn11.bigcommerce.com/s-89ffd/products/105162/images/351403/4934054017515_53e0a68778d876c9062a0ab4f5fbb356__78829.1641524825.350.350.jpg?c=2
zoid,model_kit,Plaza Japan,retailer,,Kotobukiya HMM ZOIDS 1/72 EZ-049 Berserk Fuhrer Repackage Ver. Plastic Model,50.38,,,USD,New,https://www.plazajapan.com/4934054013388,https://cdn11.bigcommerce.com/s-89ffd/products/105450/images/525539/4934054013388_e4cda512192f38f7896491f07d6bc877__02442.1711442534.350.350.jpg?c=2
zoid,model_kit,Plaza Japan,retailer,,Kotobukiya HMM ZOIDS 1/72 Customize Parts Booster Cannon Set Plastic Model,11.67,,,USD,New,https://www.plazajapan.com/4934054027187,https://cdn11.bigcommerce.com/s-89ffd/products/117810/images/411204/4934054027187_295e06b3216fe360418dd7d8e317ac64__91243.1663052049.350.350.jpg?c=2
zoid,model_kit,Plaza Japan,retailer,,Kotobukiya HMM ZOIDS 1/72 Customize Parts Gojulas Cannon Set Plastic Model,28.64,,,USD,New,https://www.plazajapan.com/4934054051762,https://cdn11.bigcommerce.com/s-89ffd/products/123427/images/432829/4934054051762_4983c81dc0e06e20ab2daf4f8ccc51d6__05921.1669875753.350.350.jpg?c=2
zoid,model_kit,Plaza Japan,retailer,,Kotobukiya HMM ZOIDS 1/72 Customize Parts Attack Booster Set Plastic Model,12.73,,,USD,New,https://www.plazajapan.com/4934054043408,https://cdn11.bigcommerce.com/s-89ffd/products/130010/images/461875/4934054043408_a604fc56085ea8fe551af4b8ce146305__05880.1682044124.350.350.jpg?c=2
zoid,model_kit,Plaza Japan,retailer,,Kotobukiya HMM ZOIDS 1/72 RZ-013 Buster Tortoise Plastic Model,70.94,,,USD,New,https://www.plazajapan.com/4934054056262,https://cdn11.bigcommerce.com/s-89ffd/products/130567/images/464183/4934054056262_451185fb238e578aa61606d9bba151f3__51443.1683015264.350.350.jpg?c=2
zoid,model_kit,Plaza Japan,retailer,,Kotobukiya HMM ZOIDS 1/72 EZ-026 Geno Saurer Repackage Ver. Plastic Model,112.91,,,USD,New,https://www.plazajapan.com/4934054057320,https://cdn11.bigcommerce.com/s-89ffd/products/133484/images/477154/4934054057320_b71fa3cc3f80cd837eb444a20d5897e4__56964.1689921579.350.350.jpg?c=2
zoid,model_kit,Plaza Japan,retailer,,Takara Tomy ADAMAS MACHINA Zoids AMZ-01 Berserk Fuhrer,239.83,,,USD,New,https://www.plazajapan.com/4904810918899,https://cdn11.bigcommerce.com/s-89ffd/products/156053/images/654238/takara-tomy-adamas-machina-zoids-amz-01-berserk-fuhrer__02216.1737468148.350.350.jpg?c=2
zoid,model_kit,Plaza Japan,retailer,,Takara Tomy Spider Zoids Black Spider-Man Special,28.44,,,USD,New,https://www.plazajapan.com/4904810955962,https://cdn11.bigcommerce.com/s-89ffd/products/161133/images/638275/takara-tomy-spider-zoids-black-spider-man-special__00376.1737442964.350.350.jpg?c=2
zoid,model_kit,Plaza Japan,retailer,,Takara Tomy Realize Model ZOIDS RMZ-005 Molga Guylos Color,16.45,,,USD,New,https://www.plazajapan.com/4904810939733,https://cdn11.bigcommerce.com/s-89ffd/products/161135/images/656451/takara-tomy-realize-rmz-005-molga-guylos-color__59683.1737471708.350.350.jpg?c=2
zoid,model_kit,Plaza Japan,retailer,,Kotobukiya HMM ZOIDS 1/72 RZ-041 Liger Zero Marking Plus Ver. Plastic Model,36.06,,,USD,New,https://www.plazajapan.com/4934054071647,https://cdn11.bigcommerce.com/s-89ffd/products/168051/images/663041/kotobukiya-hmm-zoids-172-rz-041-liger-zero-marking-plus-ver-plastic-model__42026.1737711613.350.350.jpg?c=2
zoid,model_kit,Plaza Japan,retailer,,Takara Tomy T-SPARK Transformers Zoids Diaclone: Shield-D-Prime Figure,209.85,,,USD,New,https://www.plazajapan.com/4904810997269,https://cdn11.bigcommerce.com/s-89ffd/products/179671/images/801011/takara-tomy-transformers-zoids-diaclone-shield-d-prime-figure__04401.1755487799.350.350.jpg?c=2
zoid,model_kit,Plaza Japan,retailer,,Kotobukiya Zoids D-Style Command Wolf Irvine [Clear Parts Append] Plastic Model,21.82,,,USD,New,https://www.plazajapan.com/4934054086900,https://cdn11.bigcommerce.com/s-89ffd/products/204090/images/928844/4934054086900_f6a3ea1997753ab4c6304a825216bd09__94146.1777268154.350.350.jpg?c=2
zoid,model_kit,Plaza Japan,retailer,,Kotobukiya Zoids D-STYLE Gustav Moonbay Special [Clear Parts Append] Plastic Model,19.09,,,USD,New,https://www.plazajapan.com/4934054087198,https://cdn11.bigcommerce.com/s-89ffd/products/207002/images/948566/4934054087198_fdf00e9fc458d9c772f34ebdc4de7b6a__63864.1779416876.350.350.jpg?c=2
zoid,model_kit,Plaza Japan,retailer,,Takara Tomy 1/100 Realize Model Zoids RMZ-015 Saber Tiger Raven Special Tiger Type,53.18,,,USD,New,https://www.plazajapan.com/4904810092537,https://cdn11.bigcommerce.com/s-89ffd/products/209282/images/965004/4904810092537_7086bd78aa8d1c8e314ed0f3e2b6c9c3__07460.1782106390.350.350.jpg?c=2
zoid,model_kit,Plaza Japan,retailer,,Takara Tomy ZOIDS AZ-17 Ultrasaurus Plastic Model,209.85,,,USD,New,https://www.plazajapan.com/4904810065982,https://cdn11.bigcommerce.com/s-89ffd/products/213801/images/991757/takara-tomy-zoids-az-17-ultrasaurus-plastic-model__62861.1784356723.350.350.jpg?c=2
zoid,model_kit,Plaza Japan,retailer,,Takara Tomy ZOIDS AZ-17EX Ultrasaurus Gravity Cannon Plastic Model,76.16,,,USD,New,https://www.plazajapan.com/4904810058762,https://cdn11.bigcommerce.com/s-89ffd/products/213946/images/992176/takara-tomy-zoids-az-17ex-ultrasaurus-gravity-cannon-plastic-model__64917.1784357405.350.350.jpg?c=2
zoid,model_kit,Plaza Japan,retailer,,F-toys Zoids Wild Puzzle Eraser (FULL BOX),24.31,,,USD,New,https://www.plazajapan.com/4582138604009,https://cdn11.bigcommerce.com/s-89ffd/products/217126/images/1009945/4582138604009_965b9286edc2ac9ac95f6bee015adad5__13541.1787217237.350.350.png?c=2
zoid,model_kit,Gundam Planet,retailer,us,HMM Zoids EZ-035 Lightning Saix Irvine Special 2000 Recolor,79.95,,,USD,New,https://www.gundamplanet.com/products/hmm-zoids-ez-035-lightning-saix-irvine-special-2000-recolor?_pos=1&_sid=5a3267907&_ss=r&_fid=3e62b73e7,https://www.gundamplanet.com/cdn/shop/files/ZD192_lightning-saix_irvine-sp_marking-plus_base.jpg?v=1765992042&width=533
zoid,model_kit,Gundam Planet,retailer,us,HMM Zoids RZ-053 König Wolf,119.95,,,USD,New,https://www.gundamplanet.com/products/hmm-zoids-rz-053-konig-wolf?_pos=2&_sid=5a3267907&_ss=r&_fid=3e62b73e7,https://www.gundamplanet.com/cdn/shop/files/hmm-zoids-konig-wolf-gp.jpg?v=1737718356&width=533
zoid,model_kit,Gundam Planet,retailer,us,Zoids 1/72 RPZ-14 Salamander F2,330.95,,,USD,New,https://www.gundamplanet.com/products/zoids-1-72-rpz-14-salamander-f2?_pos=3&_sid=5a3267907&_ss=r&_fid=3e62b73e7,https://www.gundamplanet.com/cdn/shop/files/zoids-1-72-rpz-14-salamander-f2-base.jpg?v=1783551720&width=533
zoid,model_kit,Gundam Planet,retailer,us,HMM Zoids EZ-027 Rev Raptor,49.95,,,USD,New,https://www.gundamplanet.com/products/hmm-zoids-ez-027-rev-raptor?_pos=4&_sid=5a3267907&_ss=r&_fid=3e62b73e7,https://www.gundamplanet.com/cdn/shop/files/hmm-zoids-ez-027-rev-raptor-gp.jpg?v=1737693123&width=533
zoid,model_kit,Gundam Planet,retailer,us,HMM Zoids Iron Kong Schwarz Special 1999 Recolor,179.95,,,USD,New,https://www.gundamplanet.com/products/hmm-zoids-iron-kong-schwarz-special-1999-recolor?_pos=5&_sid=5a3267907&_ss=r&_fid=3e62b73e7,https://www.gundamplanet.com/cdn/shop/files/hmm-zoids-iron-kong-schwarz-special-1999-recolor.jpg?v=1770751523&width=533
zoid,model_kit,Gundam Planet,retailer,us,HMM Zoids EPZ-003 Great Saber (Marking Plus Ver.),88.95,,,USD,New,https://www.gundamplanet.com/products/hmm-zoids-epz-003-great-saber-marking-plus-ver?_pos=6&_sid=5a3267907&_ss=r&_fid=3e62b73e7,https://www.gundamplanet.com/cdn/shop/files/hmm-zoids-epz-003-great-saber-00_1.jpg?v=1737666712&width=533
zoid,model_kit,Gundam Planet,retailer,us,Zoids 1/72 AZ-17 Ultra Saurus,330.95,,,USD,New,https://www.gundamplanet.com/products/zoids-1-72-az-17-ultra-saurus?_pos=7&_sid=5a3267907&_ss=r&_fid=3e62b73e7,https://www.gundamplanet.com/cdn/shop/files/zoids-1-72-az-17-ultra-saurus-base.jpg?v=1783534187&width=533
zoid,model_kit,Gundam Planet,retailer,us,Zoids 1/72 AZ-02EX2 Liger Zero Empire Ver.,119.95,,,USD,New,https://www.gundamplanet.com/products/zoids-1-72-az-02ex2-liger-zero-empire-ver?_pos=8&_sid=5a3267907&_ss=r&_fid=3e62b73e7,https://www.gundamplanet.com/cdn/shop/files/GN195_base.jpg?v=1757114843&width=533
zoid,model_kit,Gundam Planet,retailer,us,HMM Zoids DPZ-10 Dark Horn Harry Special 2001 Re-Color,143.95,,,USD,New,https://www.gundamplanet.com/products/hmm-zoids-dpz-10-dark-horn-harry-special-2001-re-color?_pos=9&_sid=5a3267907&_ss=r&_fid=3e62b73e7,https://www.gundamplanet.com/cdn/shop/files/hmm-zoids-dpz-10-dark-horn-harry-special-2001-re-color-base.jpg?v=1783551872&width=533
zoid,model_kit,Gundam Planet,retailer,us,HMM Zoids RZ-029 Storm Sworder Ala Barone Special 2000 Recolor,95.95,,,USD,New,https://www.gundamplanet.com/products/hmm-zoids-rz-029-storm-sworder-ala-barone-special-2000-recolor?_pos=10&_sid=5a3267907&_ss=r&_fid=3e62b73e7,https://www.gundamplanet.com/cdn/shop/files/hmm-zoids-rz-029-storm-sworder-ala-barone-special-2000-recolor.jpg?v=1773339486&width=533
zoid,model_kit,Gundam Planet,retailer,us,HMM Zoids RZ-014 Godos (Marking Plus Ver.),49.95,,,USD,New,https://www.gundamplanet.com/products/hmm-zoids-rz-014-godos-marking-plus-ver?_pos=11&_sid=5a3267907&_ss=r&_fid=3e62b73e7,https://www.gundamplanet.com/cdn/shop/files/hmm-zoids-rz-014-godos-marking-plus-ver-gp.jpg?v=1737698091&width=533
zoid,model_kit,Gundam Planet,retailer,us,Synergenex Zoids x Evangelion: Xeno Rex Test Type-01,66.95,,,USD,New,https://www.gundamplanet.com/products/synergenex-zoids-x-evangelion-xeno-rex-test-type-01?_pos=12&_sid=5a3267907&_ss=r&_fid=3e62b73e7,https://www.gundamplanet.com/cdn/shop/files/evangelion-x-zoids-xeno-rex-test-type-01.jpg?v=1778701164&width=533
zoid,model_kit,Gundam Planet,retailer,us,HMM Zoids RZ-007 Shield Liger DCS-J,90.95,,,USD,New,https://www.gundamplanet.com/products/hmm-zoids-rz-007-shield-liger-dcs-j?_pos=13&_sid=5a3267907&_ss=r&_fid=3e62b73e7,https://www.gundamplanet.com/cdn/shop/files/hmm-zoids-rz-007-shield-liger-dcs-j-gp2.jpg?v=1737677211&width=533
zoid,model_kit,Gundam Planet,retailer,us,HMM Zoids RBOZ-006 Dibison (Marking Plus Ver.),119.95,,,USD,New,https://www.gundamplanet.com/products/hmm-zoids-rboz-006-dibison-marking-plus-ver?_pos=14&_sid=5a3267907&_ss=r&_fid=3e62b73e7,https://www.gundamplanet.com/cdn/shop/files/zd137_dibison_mplus_gpr.jpg?v=1737681463&width=533
zoid,model_kit,Gundam Planet,retailer,us,Zoids 1/72 AZ-17DX Ultra Saurus Gravity Cannon (Deluxe Ver.),440.95,,,USD,New,https://www.gundamplanet.com/products/zoids-1-72-az-17dx-ultra-saurus-gravity-cannon-deluxe-ver?_pos=15&_sid=5a3267907&_ss=r&_fid=3e62b73e7,https://www.gundamplanet.com/cdn/shop/files/zoids-1-72-az-17dx-ultra-saurus-gravity-cannon-deluxe-ver-base.jpg?v=1783534897&width=533
zoid,model_kit,Gundam Planet,retailer,us,Realize Model Zoids 1/100 RMZ-011 Geno Saurer Raven Special,66.95,,,USD,New,https://www.gundamplanet.com/products/realize-model-zoids-1-100-rmz-011-geno-saurer-raven-special?_pos=16&_sid=5a3267907&_ss=r&_fid=3e62b73e7,https://www.gundamplanet.com/cdn/shop/files/realize-model-zoids-1-100-rmz-011-geno-saurer-raven-special10.jpg?v=1751666028&width=533
zoid,model_kit,Gundam Planet,retailer,us,Realize Model Zoids 1/100 RMZ-007 Trinity Liger,55.95,,,USD,New,https://www.gundamplanet.com/products/realize-model-zoids-1-100-rmz-007-trinity-liger?_pos=17&_sid=5a3267907&_ss=r&_fid=3e62b73e7,https://www.gundamplanet.com/cdn/shop/files/realize-model-zoids-1-100-rmz-007-trinity-liger9.jpg?v=1737759123&width=533
zoid,model_kit,Gundam Planet,retailer,us,HMM Zoids EZ-027 Raven Raptor,64.95,,,USD,New,https://www.gundamplanet.com/products/hmm-zoids-ez-027-raven-raptor?_pos=18&_sid=5a3267907&_ss=r&_fid=3e62b73e7,https://www.gundamplanet.com/cdn/shop/files/hmm-zoids-ez-027-raven-raptor-gp.jpg?v=1737694555&width=533
zoid,model_kit,Gundam Planet,retailer,us,HMM Zoids W002 Fang Tiger,124.95,,,USD,New,https://www.gundamplanet.com/products/hmm-zoids-w002-fang-tiger?_pos=19&_sid=5a3267907&_ss=r&_fid=3e62b73e7,https://www.gundamplanet.com/cdn/shop/files/hmm-zoids-w002-fang-tiger-gp.jpg?v=1737703881&width=533
zoid,model_kit,Gundam Planet,retailer,us,HMM Zoids EZ-036 Death Stinger Hiltz Special 2000 Recolor,169.95,,,USD,New,https://www.gundamplanet.com/products/hmm-zoids-ez-036-death-stinger-hiltz-special-2000-recolor?_pos=20&_sid=5a3267907&_ss=r&_fid=3e62b73e7,https://www.gundamplanet.com/cdn/shop/files/hmm-zoids-ez-036-death-stinger-hiltz-special-2000-recolor-base.jpg?v=1771608086&width=533
zoid,model_kit,Gundam Planet,retailer,us,Zoids 1/72 AZ-16 Liger Zero Jager,126.95,,,USD,New,https://www.gundamplanet.com/products/zoids-1-72-az-16-liger-zero-jager?_pos=21&_sid=5a3267907&_ss=r&_fid=3e62b73e7,https://www.gundamplanet.com/cdn/shop/files/zoids-1-72-az-16-liger-zero-jager-bs.jpg?v=1778800834&width=533
zoid,model_kit,Gundam Planet,retailer,us,HMM Zoids EZ-006 Molga Full Option Set,74.95,,,USD,New,https://www.gundamplanet.com/products/hmm-zoids-ez-006-molga-full-option-set?_pos=22&_sid=5a3267907&_ss=r&_fid=3e62b73e7,https://www.gundamplanet.com/cdn/shop/files/hmm-zoids-ez-006-molga-full-option-set-gp2.jpg?v=1737757519&width=533
zoid,model_kit,Gundam Planet,retailer,us,Zoids 1/72 AZ-15 Psycho Geno Saurer,139.95,,,USD,New,https://www.gundamplanet.com/products/zoids-1-72-az-15-psycho-geno-saurer?_pos=23&_sid=5a3267907&_ss=r&_fid=3e62b73e7,https://www.gundamplanet.com/cdn/shop/files/zoids-1-72-az-15-psycho-geno-saurer-base.jpg?v=1771637347&width=533
zoid,model_kit,Gundam Planet,retailer,us,HMM Zoids EZ-017 Iguan (Marking Plus Ver.),44.95,,,USD,New,https://www.gundamplanet.com/products/hmm-zoids-ez-017-iguan-marking-plus-ver?_pos=24&_sid=5a3267907&_ss=r&_fid=3e62b73e7,https://www.gundamplanet.com/cdn/shop/files/hmm-zoids-ez-017-iguan-marking-plus-ver-leave-gp2.jpg?v=1742939764&width=533
zoid,model_kit,Gundam Planet,retailer,us,Zoids 1/72 AZ-03EX Murasame Liger Original Color,116.95,,,USD,New,https://www.gundamplanet.com/products/zoids-1-72-az-03ex-murasame-liger-original-color?_pos=25&_sid=5a3267907&_ss=r&_fid=3e62b73e7,https://www.gundamplanet.com/cdn/shop/files/zoids-1-72-az-03ex-murasame-liger-original-color.jpg?v=1765317495&width=533
zoid,model_kit,Gundam Planet,retailer,us,HMM Zoids Liger Zero Jager Unit (Marking Plus Ver.),45.95,,,USD,New,https://www.gundamplanet.com/products/hmm-zoids-liger-zero-jager-unit-marking-plus-ver?_pos=26&_sid=5a3267907&_ss=r&_fid=3e62b73e7,https://www.gundamplanet.com/cdn/shop/files/hmm-zoids-liger-zero-jager-unit-marking-plus-ver-base.jpg?v=1742860338&width=533
zoid,model_kit,Gundam Planet,retailer,us,D-Style Zoids Shield Liger [Clear Parts Append],27.95,,,USD,New,https://www.gundamplanet.com/products/d-style-zoids-shield-liger-clear-parts-append?_pos=27&_sid=5a3267907&_ss=r&_fid=3e62b73e7,https://www.gundamplanet.com/cdn/shop/files/d-style-zoids-shield-liger-clear-parts-append18.jpg?v=1775690197&width=533
zoid,model_kit,Gundam Planet,retailer,us,Realize Model Zoids 1/100 RMZ-018 Trinity Liger Captured Color,59.95,,,USD,New,https://www.gundamplanet.com/products/realize-model-zoids-1-100-rmz-018-trinity-liger-captured-color?_pos=28&_sid=5a3267907&_ss=r&_fid=3e62b73e7,https://www.gundamplanet.com/cdn/shop/files/realize-model-zoids-1-100-rmz-018-trinity-liger-captured-color9.jpg?v=1771032332&width=533
zoid,model_kit,Gundam Planet,retailer,us,HMM Zoids EHI-7 Redler Zenebas Empire Ver.,69.95,,,USD,New,https://www.gundamplanet.com/products/hmm-zoids-ehi-7-redler-zenebas-empire-ver?_pos=29&_sid=5a3267907&_ss=r&_fid=3e62b73e7,https://www.gundamplanet.com/cdn/shop/files/hmm-zoids-ehi-7-redler-zenebas-empire-ver-gp2.jpg?v=1737712549&width=533
zoid,model_kit,Gundam Planet,retailer,us,Synergenex Zoids x Patlabor: Hunter Wolf Unit 2,49.95,,,USD,New,https://www.gundamplanet.com/products/synergenex-zoids-x-patlabor-hunter-wolf-unit-2?_pos=30&_sid=5a3267907&_ss=r&_fid=3e62b73e7,https://www.gundamplanet.com/cdn/shop/files/zoids-x-patlabor-hunter-wolf-unit-2-base_eaf56954-d7b8-4908-888d-e8972f0584f2.jpg?v=1754526096&width=533
zoid,model_kit,Gundam Planet,retailer,us,HMM Zoids RMZ-12 Guysack Former Republic Ver.,64.95,,,USD,New,https://www.gundamplanet.com/products/hmm-zoids-rmz-12-guysack-former-republic-ver?_pos=31&_sid=5a3267907&_ss=r&_fid=3e62b73e7,https://www.gundamplanet.com/cdn/shop/files/hmm-zoids-rmz-12-guysack-former-republic-ver-gp2.jpg?v=1737754079&width=533
zoid,model_kit,Gundam Planet,retailer,us,HMM Zoids EZ-036 Death Stinger,144.95,,,USD,New,https://www.gundamplanet.com/products/hmm-zoids-ez-036-death-stinger?_pos=32&_sid=5a3267907&_ss=r&_fid=3e62b73e7,https://www.gundamplanet.com/cdn/shop/files/hmm-zoids-ez-036-death-stinger-00.jpg?v=1737667234&width=533
zoid,model_kit,Gundam Planet,retailer,us,HMM Zoids EZ-049 Sturm Tyrann Berserk Unit Set,174.95,,,USD,New,https://www.gundamplanet.com/products/hmm-zoids-ez-049-sturm-tyrann-berserk-unit-set?_pos=33&_sid=5a3267907&_ss=r&_fid=3e62b73e7,https://www.gundamplanet.com/cdn/shop/files/hmm-zoids-ez-049-sturm-tyrann-berserk-unit-set-gp.jpg?v=1737753532&width=533
zoid,model_kit,Gundam Planet,retailer,us,HMM Zoids Custom Gojulas Cannon Set,57.95,,,USD,New,https://www.gundamplanet.com/products/hmm-zoids-custom-gojulas-cannon-set?_pos=34&_sid=5a3267907&_ss=r&_fid=3e62b73e7,https://www.gundamplanet.com/cdn/shop/files/hmm-zoids-custom-gojulas-cannon-set-base.jpg?v=1753203110&width=533
zoid,model_kit,Gundam Planet,retailer,us,Zoids 1/72 AZ-14 Liger Zero X,139.95,,,USD,New,https://www.gundamplanet.com/products/zoids-1-72-az-14-liger-zero-x?_pos=35&_sid=5a3267907&_ss=r&_fid=3e62b73e7,https://www.gundamplanet.com/cdn/shop/files/zoids-1-72-az-14-liger-zero-x-base.jpg?v=1771637660&width=533
zoid,model_kit,Gundam Planet,retailer,us,Realize Model Zoids 1/100 RMZ-015 Saber Tiger Raven Special,57.95,,,USD,New,https://www.gundamplanet.com/products/realize-model-zoids-1-100-rmz-015-saber-tiger-raven-special?_pos=36&_sid=5a3267907&_ss=r&_fid=3e62b73e7,https://www.gundamplanet.com/cdn/shop/files/realize-model-zoids-1-100-rmz-015-saber-tiger-raven-special_1.jpg?v=1762570190&width=533
zoid,model_kit,Gundam Planet,retailer,us,HMM Zoids Liger Zero Empire Ver. X Unit,46.95,,,USD,New,https://www.gundamplanet.com/products/hmm-zoids-liger-zero-empire-ver-x-unit?_pos=37&_sid=5a3267907&_ss=r&_fid=3e62b73e7,https://www.gundamplanet.com/cdn/shop/files/hmm-zoids-liger-zero-empire-ver-x-unit-gp2.jpg?v=1737695844&width=533
zoid,model_kit,Gundam Planet,retailer,us,HMM Zoids EZ-005 Redler Guylos Empire Ver.,69.95,,,USD,New,https://www.gundamplanet.com/products/hmm-zoids-ez-005-redler-guylos-empire-ver?_pos=38&_sid=5a3267907&_ss=r&_fid=3e62b73e7,https://www.gundamplanet.com/cdn/shop/files/hmm-zoids-ez-005-redler-guylos-empire-ver-gp2.jpg?v=1737712581&width=533
zoid,model_kit,Gundam Planet,retailer,us,HMM Zoids W001 Wild Liger,105.95,,,USD,New,https://www.gundamplanet.com/products/hmm-zoids-w001-wild-liger?_pos=39&_sid=5a3267907&_ss=r&_fid=3e62b73e7,https://www.gundamplanet.com/cdn/shop/files/hmm-zoids-wild-liger-gp.jpg?v=1737682717&width=533
zoid,model_kit,Gundam Planet,retailer,us,Zoids 1/72 AZ-08 Molga,44.95,,,USD,New,https://www.gundamplanet.com/products/zoids-az-08-molga?_pos=40&_sid=5a3267907&_ss=r&_fid=3e62b73e7,https://www.gundamplanet.com/cdn/shop/files/zoids-az-08-molga-gp.jpg?v=1739901196&width=533
zoid,model_kit,Gundam Planet,retailer,us,Realize Model Zoids 1/100 RMZ-021 Shield Liger MK-2,60.95,,,USD,New,https://www.gundamplanet.com/products/realize-model-zoids-1-100-rmz-021-shield-liger-mk-2?_pos=41&_sid=5a3267907&_ss=r&_fid=3e62b73e7,https://www.gundamplanet.com/cdn/shop/files/realize-model-zoids-1-100-rmz-021-shield-liger-mk-210.jpg?v=1775253048&width=533
zoid,model_kit,Gundam Planet,retailer,us,Realize Model Zoids 1/100 RMZ-006 Saber Tiger Schwarz Special,59.95,,,USD,New,https://www.gundamplanet.com/products/realize-model-zoids-1-100-rmz-006-saber-tiger-schwarz-special?_pos=42&_sid=5a3267907&_ss=r&_fid=3e62b73e7,https://www.gundamplanet.com/cdn/shop/files/realize-model-zoids-1-100-rmz-006-saber-tiger-schwarz-special-gp.jpg?v=1737754493&width=533
zoid,model_kit,Gundam Planet,retailer,us,Realize Model Zoids 1/100 RMZ-025 Liger Zero Falcon (ZBF),88.95,,,USD,New,https://www.gundamplanet.com/products/realize-model-zoids-1-100-rmz-025-liger-zero-falcon-zbf?_pos=43&_sid=5a3267907&_ss=r&_fid=3e62b73e7,https://www.gundamplanet.com/cdn/shop/files/realize-model-zoids-1-100-rmz-025-liger-zero-falcon-zbf.png?v=1785964071&width=533
zoid,model_kit,Gundam Planet,retailer,us,Realize Model Zoids 1/100 RMZ-005 Molga Guylos Color,30.95,,,USD,New,https://www.gundamplanet.com/products/realize-model-zoids-1-100-rmz-005-molga-guylos-color?_pos=44&_sid=5a3267907&_ss=r&_fid=3e62b73e7,https://www.gundamplanet.com/cdn/shop/files/realize-model-zoids-1-100-rmz-005-molga-guylos-color-gp.jpg?v=1737751608&width=533
zoid,model_kit,Gundam Planet,retailer,us,Realize Model Zoids 1/100 RMZ-001 Blade Liger,44.95,,,USD,New,https://www.gundamplanet.com/products/realize-model-zoids-1-100-rmz-001-blade-liger?_pos=45&_sid=5a3267907&_ss=r&_fid=3e62b73e7,https://www.gundamplanet.com/cdn/shop/files/zoids-1-100-rmz-001-blade-liger-gp2.jpg?v=1737744823&width=533
zoid,model_kit,Gundam Planet,retailer,us,Adamas Machina Zoids AM-Z02 Blade Liger,324.95,,,USD,New,https://www.gundamplanet.com/products/adamas-machina-zoids-am-z02-blade-liger?_pos=46&_sid=5a3267907&_ss=r&_fid=3e62b73e7,https://www.gundamplanet.com/cdn/shop/files/adamas-machina-zoids-am-z02-blade-liger.png?v=1785963675&width=533
zoid,model_kit,Gundam Planet,retailer,us,Zoids 1/72 AZ-01 Blade Liger,100.95,,,USD,New,https://www.gundamplanet.com/products/zoids-1-72-az-01-blade-liger?_pos=47&_sid=5a3267907&_ss=r&_fid=3e62b73e7,https://www.gundamplanet.com/cdn/shop/files/zoids-1-72-az-01-blade-liger.jpg?v=1768425759&width=533
zoid,model_kit,Gundam Planet,retailer,us,Zoids 1/72 AZ-10EX Sea Panther Guylos Specification,57.95,,,USD,New,https://www.gundamplanet.com/products/zoids-1-72-az-10ex-sea-panther-guylos-specification?_pos=48&_sid=5a3267907&_ss=r&_fid=3e62b73e7,https://www.gundamplanet.com/cdn/shop/files/zoids-1-72-az-10ex-sea-panther-guylos-specification.jpg?v=1768425533&width=533
zoid,model_kit,Gundam Planet,retailer,us,Synergenex Zoids x Patlabor: Hunter Wolf,49.95,,,USD,New,https://www.gundamplanet.com/products/synergenex-zoids-x-patlabor-hunter-wolf?_pos=49&_sid=5a3267907&_ss=r&_fid=3e62b73e7,https://www.gundamplanet.com/cdn/shop/files/zoids-x-patlabor-hunter-wolf-base.jpg?v=1754525482&width=533
zoid,model_kit,Gundam Planet,retailer,us,Zoids 1/72 AZ-16EX Liger Zero Jager Unit Original Color,46.95,,,USD,New,https://www.gundamplanet.com/products/zoids-1-72-az-16ex-liger-zero-jager-unit-original-color?_pos=50&_sid=5a3267907&_ss=r&_fid=3e62b73e7,https://www.gundamplanet.com/cdn/shop/files/zoids-1-72-az-16ex-liger-zero-jager-unit-original-color-bs.jpg?v=1778800831&width=533
zoid,model_kit,Gundam Planet,retailer,us,Zoids 1/72 AZ-02EX3 Liger Zero Type Zero Armor,23.95,,,USD,New,https://www.gundamplanet.com/products/zoids-1-72-az-02ex3-liger-zero-type-zero-armor?_pos=51&_sid=5a3267907&_ss=r&_fid=3e62b73e7,https://www.gundamplanet.com/cdn/shop/files/zoids-1-72-az-02ex3-liger-zero-type-zero-armor-bs.jpg?v=1778800839&width=533
zoid,model_kit,Gundam Planet,retailer,us,Realize Model Zoids 1/100 RMZ-004 Hellcat Guylos Color,32.95,,,USD,New,https://www.gundamplanet.com/products/realize-model-zoids-1-100-rmz-004-hellcat-guylos-color?_pos=52&_sid=5a3267907&_ss=r&_fid=3e62b73e7,https://www.gundamplanet.com/cdn/shop/files/realize-model-zoids-1-100-rmz-004-hellcat-guylos-color-gp.jpg?v=1737751589&width=533
zoid,model_kit,Gundam Planet,retailer,us,Realize Model Zoids 1/100 RMZ-020 Zabat,42.95,,,USD,New,https://www.gundamplanet.com/products/realize-model-zoids-1-100-rmz-020-zabat?_pos=53&_sid=5a3267907&_ss=r&_fid=3e62b73e7,https://www.gundamplanet.com/cdn/shop/files/realize-model-zoids-1-100-rmz-020-zabat10.jpg?v=1771032025&width=533
zoid,model_kit,Gundam Planet,retailer,us,Zoids 1/72 AZ-14EX Liger Zero X Unit,59.95,,,USD,New,https://www.gundamplanet.com/products/zoids-1-72-az-14ex-liger-zero-x-unit?_pos=54&_sid=5a3267907&_ss=r&_fid=3e62b73e7,https://www.gundamplanet.com/cdn/shop/files/zoids-1-72-az-14ex-liger-zero-x-unit7.jpg?v=1771031547&width=533
zoid,model_kit,Gundam Planet,retailer,us,Realize Model Zoids 1/100 RMZ-020F Zabat Full Option Set,59.95,,,USD,New,https://www.gundamplanet.com/products/realize-model-zoids-1-100-rmz-020f-zabat-full-option-set?_pos=55&_sid=5a3267907&_ss=r&_fid=3e62b73e7,https://www.gundamplanet.com/cdn/shop/files/realize-model-zoids-1-100-rmz-020f-zabat-full-option-set10.jpg?v=1771032189&width=533
zoid,model_kit,Gundam Planet,retailer,us,Realize Model Zoids 1/100 RMZ-023 Lightning Saix Irvine Special,65.95,,,USD,New,https://www.gundamplanet.com/products/realize-model-zoids-1-100-rmz-023-lightning-saix-irvine-special?_pos=56&_sid=5a3267907&_ss=r&_fid=3e62b73e7,https://www.gundamplanet.com/cdn/shop/files/realize-model-zoids-1-100-rmz-023-lightning-saix-irvine-special10.jpg?v=1780691020&width=533
zoid,model_kit,Gundam Planet,retailer,us,Synergenex Zoids x Monster Hunter: Wild Liger Stygian Zinogre,65.95,,,USD,New,https://www.gundamplanet.com/products/synergenex-zoids-x-monster-hunter-wild-liger-stygian-zinogre?_pos=57&_sid=5a3267907&_ss=r&_fid=3e62b73e7,https://www.gundamplanet.com/cdn/shop/files/synergenex-zoids-x-monster-hunter-wild-liger-stygian-zinogre9.jpg?v=1780691811&width=533
zoid,model_kit,Gundam Planet,retailer,us,HMM Zoids Custom Pile Bunker Unit,16.95,,,USD,New,https://www.gundamplanet.com/products/hmm-zoids-custom-pile-bunker-unit?_pos=58&_sid=5a3267907&_ss=r&_fid=3e62b73e7,https://www.gundamplanet.com/cdn/shop/files/hmm-zoids-custom-pile-bunker-unit-gp.jpg?v=1737694589&width=533
zoid,model_kit,Gundam Planet,retailer,us,Synergenex Zoids x Fist of the North Star: Wild Liger Kokuoh-go,52.95,,,USD,New,https://www.gundamplanet.com/products/synergenex-zoids-x-fist-of-the-north-star-wild-liger-kokuoh-go?_pos=59&_sid=5a3267907&_ss=r&_fid=3e62b73e7,https://www.gundamplanet.com/cdn/shop/files/zoids-x-fist-of-the-north-star-wild-liger-kokuoh-go-gp2.jpg?v=1739901189&width=533
zoid,model_kit,Gundam Planet,retailer,us,Realize Model Zoids 1/100 RMZ-017 Command Wolf Urban Warfare Special,57.95,,,USD,New,https://www.gundamplanet.com/products/realize-model-zoids-1-100-rmz-017-command-wolf-urban-warfare-special?_pos=60&_sid=5a3267907&_ss=r&_fid=3e62b73e7,https://www.gundamplanet.com/cdn/shop/files/realize-model-zoids-1-100-rmz-017-command-wolf-urban-warfare-special-gp.jpg?v=1768425249&width=533
zoid,model_kit,Gundam Planet,retailer,us,Synergenex Zoids x Monster Hunter: Wild Liger Zinogre,65.95,,,USD,New,https://www.gundamplanet.com/products/synergenex-zoids-x-monster-hunter-wild-liger-zinogre?_pos=61&_sid=5a3267907&_ss=r&_fid=3e62b73e7,https://www.gundamplanet.com/cdn/shop/files/synergenex-zoids-x-monster-hunter-wild-liger-zinogre9.jpg?v=1780691401&width=533
zoid,model_kit,Gundam Planet,retailer,us,D-Style Zoids Command Wolf Irvine Custom [Clear Parts Append],27.95,,,USD,New,https://www.gundamplanet.com/products/d-style-zoids-command-wolf-irvine-custom-clear-parts-append?_pos=62&_sid=5a3267907&_ss=r&_fid=3e62b73e7,https://www.gundamplanet.com/cdn/shop/files/d-style-zoids-command-wolf-irvine-custom-clear-parts-append1_ac60598a-b67f-4e61-a9c0-f9290ef0ef4b.jpg?v=1776973649&width=533
zoid,model_kit,Gundam Planet,retailer,us,Zoids 1/72 AZ-13 Canory Molga,51.95,,,USD,New,https://www.gundamplanet.com/products/zoids-1-72-az-13-canory-molga?_pos=63&_sid=5a3267907&_ss=r&_fid=3e62b73e7,https://www.gundamplanet.com/cdn/shop/files/zoids-1-72-az-13-canory-molga_1.jpg?v=1760045688&width=533
zoid,model_kit,Gundam Planet,retailer,us,Realize Model Zoids 1/100 RMZ-024 Storm Sworder,63.95,,,USD,New,https://www.gundamplanet.com/products/realize-model-zoids-1-100-rmz-024-storm-sworder?_pos=64&_sid=5a3267907&_ss=r&_fid=3e62b73e7,https://www.gundamplanet.com/cdn/shop/files/realize-model-zoids-1-100-rmz-024-storm-sworder.png?v=1783536292&width=533
zoid,model_kit,Gundam Planet,retailer,us,Zoids 1/72 AZ-17EX Ultra Saurus Gravity Cannon,110.95,,,USD,New,https://www.gundamplanet.com/products/zoids-1-72-az-17ex-ultra-saurus-gravity-cannon?_pos=65&_sid=5a3267907&_ss=r&_fid=3e62b73e7,https://www.gundamplanet.com/cdn/shop/files/zoids-1-72-az-17ex-ultra-saurus-gravity-cannon-base.jpg?v=1783534611&width=533
zoid,model_kit,Gundam Planet,retailer,us,Synergenex Zoids x Evangelion: Xeno Rex Production Model-02,66.95,,,USD,New,https://www.gundamplanet.com/products/synergenex-zoids-x-evangelion-xeno-rex-production-model-02?_pos=66&_sid=5a3267907&_ss=r&_fid=3e62b73e7,https://www.gundamplanet.com/cdn/shop/files/evangelion-x-zoids-xeno-rex-production-model-02.jpg?v=1778700147&width=533
zoid,model_kit,Gundam Planet,retailer,us,Synergenex Zoids x Patlabor: Fangriffon,66.95,,,USD,New,https://www.gundamplanet.com/products/synergenex-zoids-x-patlabor-fangriffon?_pos=67&_sid=5a3267907&_ss=r&_fid=3e62b73e7,https://www.gundamplanet.com/cdn/shop/files/synergenex-zoids-x-patlabor-fangriffon.png?v=1783536140&width=533
zoid,model_kit,Gundam Planet,retailer,us,Realize Model Zoids 1/100 RMZ-019 Hell Cat & Molga Zenebus Color Set,53.95,,,USD,New,https://www.gundamplanet.com/products/realize-model-zoids-1-100-rmz-019-hell-cat-molga-zenebus-color-set?_pos=68&_sid=5a3267907&_ss=r&_fid=3e62b73e7,https://www.gundamplanet.com/cdn/shop/files/realize-model-zoids-1-100-rmz-019-hell-cat-molga-zenebus-color-set10.jpg?v=1771032507&width=533
zoid,model_kit,Gundam Planet,retailer,us,Realize Model Zoids 1/100 RMZ-022 Murasame Liger,63.95,,,USD,New,https://www.gundamplanet.com/products/realize-model-zoids-1-100-rmz-022-murasame-liger?_pos=69&_sid=5a3267907&_ss=r&_fid=3e62b73e7,https://www.gundamplanet.com/cdn/shop/files/realize-model-zoids-1-100-rmz-022-murasame-liger-bs.jpg?v=1778800825&width=533
zoid,model_kit,Gundam Planet,retailer,us,1/7 SF-G01 Spark Fig Grande: Kotona Elegance (Zoids Genesis),187.95,,,USD,New,https://www.gundamplanet.com/products/1-7-sf-g01-spark-fig-grande-kotona-elegance-zoids-genesis?_pos=70&_sid=5a3267907&_ss=r&_fid=3e62b73e7,https://www.gundamplanet.com/cdn/shop/files/1-7-sf-g01-spark-fig-grande-kotona-elegance-zoids-genesis-bs.png?v=1778801523&width=533
zoid,model_kit,Gundam Planet,retailer,us,HMM Zoids RZ-053 Heavy Arms König Wolf,159.95,,,USD,New,https://www.gundamplanet.com/products/hmm-zoids-rz-053-heavy-arms-konig-wolf?_pos=105&_sid=5a3267907&_ss=r&_fid=3e62b73e7,https://www.gundamplanet.com/cdn/shop/files/hmm-zoids-heavy-arms-konig-wolf-gp.jpg?v=1737718399&width=533
zoid,model_kit,Gundam Planet,retailer,us,HMM Zoids RZ-045 Salamander,249.95,,,USD,New,https://www.gundamplanet.com/products/hmm-zoids-rz-045-salamander?_pos=106&_sid=5a3267907&_ss=r&_fid=3e62b73e7,https://www.gundamplanet.com/cdn/shop/files/hmm-zoids-rz-045-salamander-base.jpg?v=1753204569&width=533
zoid,model_kit,Gundam Planet,retailer,us,Realize Model Zoids 1/100 RMZ-014 Red Horn Styracosaurus Type,57.95,,,USD,New,https://www.gundamplanet.com/products/realize-model-zoids-1-100-rmz-014-red-horn-styracosaurus-type?_pos=107&_sid=5a3267907&_ss=r&_fid=3e62b73e7,https://www.gundamplanet.com/cdn/shop/files/realize-model-zoids-1-100-rmz-014-red-horn-styracosaurus-type_1.jpg?v=1760045637&width=533
zoid,model_kit,Gundam Planet,retailer,us,Realize Model Zoids 1/100 RMZ-008 Command Wolf Irvine Special,48.95,,,USD,New,https://www.gundamplanet.com/products/realize-model-zoids-1-100-rmz-008-command-wolf-irvine-special?_pos=108&_sid=5a3267907&_ss=r&_fid=3e62b73e7,https://www.gundamplanet.com/cdn/shop/files/realize-model-zoids-1-100-rmz-008-command-wolf-irvine-special9_1.jpg?v=1741262700&width=533
zoid,model_kit,Gundam Planet,retailer,us,Zoids 1/72 AZ-12 Geno Breaker,179.95,,,USD,New,https://www.gundamplanet.com/products/zoids-1-72-az-12-geno-breaker?_pos=109&_sid=5a3267907&_ss=r&_fid=3e62b73e7,https://www.gundamplanet.com/cdn/shop/files/zoids-1-72-az-12-geno-breaker-base.jpg?v=1754526537&width=533
zoid,model_kit,Gundam Planet,retailer,us,HMM Zoids RZ-046 Shadow Fox (Marking Plus Ver.),64.95,,,USD,New,https://www.gundamplanet.com/products/hmm-zoids-rz-046-shadow-fox-marking-plus-ver?_pos=110&_sid=5a3267907&_ss=r&_fid=3e62b73e7,https://www.gundamplanet.com/cdn/shop/files/hmm-zoids-shadow-fox-marking-p-gp.jpg?v=1737687081&width=533
zoid,model_kit,Gundam Planet,retailer,us,HMM Zoids RZ-041 Liger Zero Jager (Marking Plus Ver.),89.95,,,USD,New,https://www.gundamplanet.com/products/hmm-zoids-rz-041-liger-zero-jager-marking-plus-ver?_pos=111&_sid=5a3267907&_ss=r&_fid=3e62b73e7,https://www.gundamplanet.com/cdn/shop/files/hmm-zoids-rz-041-liger-zero-jager-00_1.jpg?v=1737675121&width=533
zoid,model_kit,Gundam Planet,retailer,us,HMM Zoids RZ-041 Liger Zero (Marking Plus Ver.),74.95,,,USD,New,https://www.gundamplanet.com/products/hmm-zoids-rz-041-liger-zero-marking-plus-ver?_pos=112&_sid=5a3267907&_ss=r&_fid=3e62b73e7,https://www.gundamplanet.com/cdn/shop/files/hmm-zoids-rz-041-liger-zero-marking-plus-ver-gp.jpg?v=1737706543&width=533
zoid,model_kit,Gundam Planet,retailer,us,HMM Zoids RZ-028 Blade Liger AB,89.95,,,USD,New,https://www.gundamplanet.com/products/hmm-zoids-rz-028-blade-liger-ab?_pos=113&_sid=5a3267907&_ss=r&_fid=3e62b73e7,https://www.gundamplanet.com/cdn/shop/files/zd131_bladeliger_ab_gp.jpg?v=1737679230&width=533
zoid,model_kit,Gundam Planet,retailer,us,Realize Model Zoids 1/100 RMZ-016 Blade Liger Panzer (ZBF),83.95,,,USD,New,https://www.gundamplanet.com/products/realize-model-zoids-1-100-rmz-016-blade-liger-panzer-zbf?_pos=114&_sid=5a3267907&_ss=r&_fid=3e62b73e7,https://www.gundamplanet.com/cdn/shop/files/realize-model-zoids-1-100-rmz-016-blade-liger-panther-zbf.jpg?v=1765316904&width=533
zoid,model_kit,Gundam Planet,retailer,us,Realize Model Zoids 1/100 RMZ-009 Iron Kong Guylos Color,98.95,,,USD,New,https://www.gundamplanet.com/products/realize-model-zoids-1-100-rmz-009-iron-kong-guylos-color?_pos=115&_sid=5a3267907&_ss=r&_fid=3e62b73e7,https://www.gundamplanet.com/cdn/shop/files/realize-model-zoids-1-100-rmz-009-iron-kong-guylos-color10.jpg?v=1744149293&width=533
zoid,model_kit,Gundam Planet,retailer,us,HMM Zoids RZ-013 Cannon Tortoise (Marking Plus Ver.),56.95,,,USD,New,https://www.gundamplanet.com/products/hmm-zoids-rz-013-cannon-tortoise-marking-plus-ver?_pos=116&_sid=5a3267907&_ss=r&_fid=3e62b73e7,https://www.gundamplanet.com/cdn/shop/files/hmm-zoids-rz-013-cannon-tortoise-marking-plus-ver-base2.jpg?v=1748560419&width=533
zoid,model_kit,Gundam Planet,retailer,us,HMM Zoids RZ-053 König Wolf (Damaged Box Item),104.95,,,USD,New,https://www.gundamplanet.com/products/hmm-zoids-rz-053-konig-wolf-damaged-box?_pos=117&_sid=5a3267907&_ss=r&_fid=3e62b73e7,https://www.gundamplanet.com/cdn/shop/files/hmm-zoids-konig-wolf-gp.jpg?v=1737718356&width=533
zoid,model_kit,Gundam Planet,retailer,us,HMM Zoids EZ-054 Liger Zero X,89.95,,,USD,New,https://www.gundamplanet.com/products/hmm-zoids-ez-054-liger-zero-x?_pos=118&_sid=5a3267907&_ss=r&_fid=3e62b73e7,https://www.gundamplanet.com/cdn/shop/files/hmm-zoids-ez-054-liger-zero-x-gp2.jpg?v=1737695801&width=533
zoid,model_kit,Gundam Planet,retailer,us,Zoids 1/72 AZ-06EX Phoenix Republic Ver.,49.95,,,USD,New,https://www.gundamplanet.com/products/zoids-1-72-az-06ex-phoenix-republic-ver?_pos=119&_sid=5a3267907&_ss=r&_fid=3e62b73e7,https://www.gundamplanet.com/cdn/shop/files/zoids-1-72-az-06ex-phoenix-republic-ver-gp2.jpg?v=1739901212&width=533
zoid,model_kit,Gundam Planet,retailer,us,Realize Model Zoids 1/100 RMZ-012 Hell Cat Tirol,43.95,,,USD,New,https://www.gundamplanet.com/products/realize-model-zoids-1-100-rmz-012-hell-cat-tirol?_pos=120&_sid=5a3267907&_ss=r&_fid=3e62b73e7,https://www.gundamplanet.com/cdn/shop/files/realize-model-zoids-1-100-rmz-012-hell-cat-tirol10.jpg?v=1751666286&width=533
zoid,model_kit,Gundam Planet,retailer,us,HMM Zoids DPZ-10 Dark Horn (Marking Plus Ver.),119.95,,,USD,New,https://www.gundamplanet.com/products/hmm-zoids-dpz-10-dark-horn-marking-plus-ver?_pos=121&_sid=5a3267907&_ss=r&_fid=3e62b73e7,https://www.gundamplanet.com/cdn/shop/files/hmm-zoids-dpz-10-dark-horn-marking-plus-ver-gp.jpg?v=1737754065&width=533
zoid,model_kit,Gundam Planet,retailer,us,HMM Zoids RZ-001 Gojulas Gunner,699.95,,,USD,New,https://www.gundamplanet.com/products/hmm-zoids-rz-001-gojulas-gunner?_pos=122&_sid=5a3267907&_ss=r&_fid=3e62b73e7,https://www.gundamplanet.com/cdn/shop/files/hmm-zoids-gojulas-gunner-gp.jpg?v=1737678082&width=533
zoid,model_kit,Gundam Planet,retailer,us,HMM Zoids RZ-030 Gun Sniper W2 (Wild Weasel),49.95,,,USD,New,https://www.gundamplanet.com/products/hmm-zoids-rz-030-gun-sniper-w2-wild-weasel?_pos=123&_sid=5a3267907&_ss=r&_fid=3e62b73e7,https://www.gundamplanet.com/cdn/shop/files/hmm-zoids-rz-030-gun-sniper-w2-wild-weasel-gp.jpg?v=1737691024&width=533
zoid,model_kit,Gundam Planet,retailer,us,HMM Zoids EZ-015 Iron Kong (Marking Plus Ver.),154.95,,,USD,New,https://www.gundamplanet.com/products/hmm-zoids-ez-015-iron-kong-marking-plus-ver?_pos=124&_sid=5a3267907&_ss=r&_fid=3e62b73e7,https://www.gundamplanet.com/cdn/shop/files/hmm-zoids-ez-015-iron-kong-marking-plus-ver-gp.jpg?v=1737709300&width=533
zoid,model_kit,Gundam Planet,retailer,us,HMM Zoids RZ-009 Command Wolf AC&LC (Marking Plus Ver.),79.95,,,USD,New,https://www.gundamplanet.com/products/hmm-zoids-rz-009-command-wolf-ac-lc-marking-plus-ver?_pos=125&_sid=5a3267907&_ss=r&_fid=3e62b73e7,https://www.gundamplanet.com/cdn/shop/files/hmm-zoids-rz-009-command-wolf-ac-lc-marking-plus-ver-gp2.jpg?v=1737755770&width=533
zoid,model_kit,Gundam Planet,retailer,us,Zoids 1/72 AZ-11 Command Wolf,91.95,,,USD,New,https://www.gundamplanet.com/products/zoids-1-72-az-11-command-wolf?_pos=126&_sid=5a3267907&_ss=r&_fid=3e62b73e7,https://www.gundamplanet.com/cdn/shop/files/zoids-1-72-az-11-command-wolf-base2.jpg?v=1768861297&width=533
zoid,model_kit,Gundam Planet,retailer,us,HMM Zoids RBOZ-003 Gojulas (Marking Plus Ver.),239.95,,,USD,New,https://www.gundamplanet.com/products/hmm-zoids-rboz-003-gojulas-marking-plus-ver?_pos=127&_sid=5a3267907&_ss=r&_fid=3e62b73e7,https://www.gundamplanet.com/cdn/shop/files/hmm-zoids-rboz-003-gojulas-marking-plus-ver-gp.jpg?v=1737728518&width=533
zoid,model_kit,Gundam Planet,retailer,us,Zoids 1/72 AZ-07 Death Saurer (Motorized Ver),220.95,,,USD,New,https://www.gundamplanet.com/products/zoids-1-72-az-07-death-saurer-motorized-ver?_pos=128&_sid=5a3267907&_ss=r&_fid=3e62b73e7,https://www.gundamplanet.com/cdn/shop/files/hmm-zoids-az-07-death-saurer-desc-gp2.jpg?v=1739901185&width=533
zoid,model_kit,Gundam Planet,retailer,us,Zoids 1/72 Gun Sniper Leena Special 2001 Re/color,69.95,,,USD,New,https://www.gundamplanet.com/products/zoids-1-72-gun-sniper-leena-special-2001-re-color?_pos=129&_sid=5a3267907&_ss=r&_fid=3e62b73e7,https://www.gundamplanet.com/cdn/shop/files/zoids-1-72-gun-sniper-leena-special-2001-re-base.jpg?v=1763767258&width=533
zoid,model_kit,Gundam Planet,retailer,us,HMM Zoids RZ-007 Shield Liger (Marking Plus Ver.),59.95,,,USD,New,https://www.gundamplanet.com/products/hmm-zoids-rz-007-shield-liger-marking-plus-ver?_pos=130&_sid=5a3267907&_ss=r&_fid=3e62b73e7,https://www.gundamplanet.com/cdn/shop/files/hmm-zoids-rz-007-shield-liger-marking-plus-ver-box-rgp.jpg?v=1737703445&width=533
zoid,model_kit,Gundam Planet,retailer,us,Zoids 1/72 AZ-09 Geno Saurer (Motorized Ver.),119.95,,,USD,New,https://www.gundamplanet.com/products/zoids-1-72-az-09-geno-saurer-motorized-ver?_pos=131&_sid=5a3267907&_ss=r&_fid=3e62b73e7,https://www.gundamplanet.com/cdn/shop/files/figma-sp-170-special-forces-member9_1.jpg?v=1739901211&width=533
zoid,model_kit,Gundam Planet,retailer,us,Realize Model Zoids 1/100 RMZ-003 Command Wolf,39.95,,,USD,New,https://www.gundamplanet.com/products/realize-model-zoids-1-100-rmz-003-command-wolf?_pos=132&_sid=5a3267907&_ss=r&_fid=3e62b73e7,https://www.gundamplanet.com/cdn/shop/files/realize-model-zoids-1-100-rmz-003-command-wolf-00001.jpg?v=1737747355&width=533
zoid,model_kit,Gundam Planet,retailer,us,Zoids ZW27 Raptoria,19.95,,,USD,New,https://www.gundamplanet.com/products/zoids-zw27-raptoria?_pos=133&_sid=5a3267907&_ss=r&_fid=3e62b73e7,https://www.gundamplanet.com/cdn/shop/files/zoids-zw27-raptoria-gp.jpg?v=1739901162&width=533
zoid,model_kit,Gundam Planet,retailer,us,HMM Zoids RZ-002 Guysack,54.95,,,USD,New,https://www.gundamplanet.com/products/hmm-zoids-rz-002-guysack?_pos=134&_sid=5a3267907&_ss=r&_fid=3e62b73e7,https://www.gundamplanet.com/cdn/shop/files/hmm-zoids-rz-002-guysack-gp2.jpg?v=1737735382&width=533
zoid,model_kit,Gundam Planet,retailer,us,HMM Zoids EZ-035 Lightning Saix (Marking Plus Ver.),59.95,,,USD,New,https://www.gundamplanet.com/products/hmm-zoids-ez-035-lightning-saix-marking-plus-ver?_pos=135&_sid=5a3267907&_ss=r&_fid=3e62b73e7,https://www.gundamplanet.com/cdn/shop/files/hmm-zoids-ez-035-lightning-saix-00.jpg?v=1737666846&width=533
zoid,model_kit,Gundam Planet,retailer,us,HMM Zoids EZ-027 Rev Raptor Night Patrol,79.95,,,USD,New,https://www.gundamplanet.com/products/hmm-zoids-ez-027-rev-raptor-night-patrol?_pos=136&_sid=5a3267907&_ss=r&_fid=3e62b73e7,https://www.gundamplanet.com/cdn/shop/files/hmm-zoids-ez-027-rev-raptor-night-patrol-gp.jpg?v=1737717894&width=533
zoid,model_kit,Gundam Planet,retailer,us,HMM Zoids RZ-041 Liger Zero Panzer (Marking Plus Ver.),99.95,,,USD,New,https://www.gundamplanet.com/products/hmm-zoids-rz-041-liger-zero-panzer-marking-plus-ver?_pos=137&_sid=5a3267907&_ss=r&_fid=3e62b73e7,https://www.gundamplanet.com/cdn/shop/files/hmm-zoids-rz-041-liger-zero-panzer-00_1.jpg?v=1737675170&width=533
zoid,model_kit,Gundam Planet,retailer,us,HMM Zoids EZ-034 Geno Breaker (Repackage Ver.),120.95,,,USD,New,https://www.gundamplanet.com/products/hmm-zoids-ez-034-geno-breaker-repackage-ver?_pos=138&_sid=5a3267907&_ss=r&_fid=3e62b73e7,https://www.gundamplanet.com/cdn/shop/files/hmm-zoids-ez-034-geno-breaker-repackage-ver-gp.jpg?v=1737691048&width=533
zoid,model_kit,Gundam Planet,retailer,us,Zoids 1/72 AZ-10 Sea Panther,49.95,,,USD,New,https://www.gundamplanet.com/products/zoids-1-72-az-10-sea-panther?_pos=139&_sid=5a3267907&_ss=r&_fid=3e62b73e7,https://www.gundamplanet.com/cdn/shop/files/zoids-1-72-az-10-sea-panther-base.jpg?v=1760396833&width=533
zoid,model_kit,Gundam Planet,retailer,us,HMM Zoids RZ-029 Storm Sworder,99.95,,,USD,New,https://www.gundamplanet.com/products/hmm-zoids-rz-029-storm-sworder?_pos=140&_sid=5a3267907&_ss=r&_fid=3e62b73e7,https://www.gundamplanet.com/cdn/shop/files/hmm-zoids-rz-029-storm-sworder-00.jpg?v=1737669356&width=533
zoid,model_kit,Gundam Planet,retailer,us,HMM Zoids EZ-017 Iguan,42.95,,,USD,New,https://www.gundamplanet.com/products/hmm-zoids-ez-017-iguan?_pos=141&_sid=5a3267907&_ss=r&_fid=3e62b73e7,https://www.gundamplanet.com/cdn/shop/files/zd079r_iguan_gp.jpg?v=1737681496&width=533
zoid,model_kit,Gundam Planet,retailer,us,Zoids ZW25 Beast Liger,35.95,,,USD,New,https://www.gundamplanet.com/products/zoids-zw25-beast-liger?_pos=142&_sid=5a3267907&_ss=r&_fid=3e62b73e7,https://www.gundamplanet.com/cdn/shop/files/zoids-zw25-beast-liger-box-gp.jpg?v=1739901167&width=533
zoid,model_kit,Gundam Planet,retailer,us,Realize Model Zoids 1/100 RMZ-013 Shield Liger Bang Special,64.95,,,USD,New,https://www.gundamplanet.com/products/realize-model-zoids-1-100-rmz-013-shield-liger-bang-special?_pos=143&_sid=5a3267907&_ss=r&_fid=3e62b73e7,https://www.gundamplanet.com/cdn/shop/files/realize-model-zoids-1-100-rmz-013-shield-liger-bang-special-base.jpg?v=1754596046&width=533
zoid,model_kit,Gundam Planet,retailer,us,HMM Zoids EZ-054 Liger Zero Empire Ver. (Marking Plus Ver.),59.95,,,USD,New,https://www.gundamplanet.com/products/hmm-zoids-ez-054-liger-zero-empire-ver-marking-plus-ver?_pos=144&_sid=5a3267907&_ss=r&_fid=3e62b73e7,https://www.gundamplanet.com/cdn/shop/files/hmm-zoids-ez-054-liger-zero-empire-ver-marking-plus-ver_gp.jpg?v=1737695847&width=533
zoid,model_kit,Gundam Planet,retailer,us,HMM Zoids EZ-004 Red Horn (Marking Plus Ver.),84.95,,,USD,New,https://www.gundamplanet.com/products/hmm-zoids-ez-004-red-horn-marking-plus-ver?_pos=145&_sid=5a3267907&_ss=r&_fid=3e62b73e7,https://www.gundamplanet.com/cdn/shop/files/hmm-zoids-ez-004-red-horn-marking-plus-ver-gp.jpg?v=1737726341&width=533
zoid,model_kit,Gundam Planet,retailer,us,HMM Zoids EZ-015 Iron Kong Yeti,199.95,,,USD,New,https://www.gundamplanet.com/products/hmm-zoids-ez-015-iron-kong-yeti?_pos=146&_sid=5a3267907&_ss=r&_fid=3e62b73e7,https://www.gundamplanet.com/cdn/shop/files/hmm-zoids-ez-015-iron-kong-yeti-gp.jpg?v=1737680546&width=533
zoid,model_kit,Gundam Planet,retailer,us,HMM Zoids AZ-03 Murasame Liger,139.95,,,USD,New,https://www.gundamplanet.com/products/hmm-zoids-az-03-murasame-liger?_pos=147&_sid=5a3267907&_ss=r&_fid=3e62b73e7,https://www.gundamplanet.com/cdn/shop/files/zoids-az-03-murasame-liger-gp.jpg?v=1737725375&width=533
zoid,model_kit,Gundam Planet,retailer,us,HMM Zoids RMZ-11 Godos Former Republic Ver.,57.95,,,USD,New,https://www.gundamplanet.com/products/hmm-zoids-rmz-11-godos-former-republic-ver?_pos=148&_sid=5a3267907&_ss=r&_fid=3e62b73e7,https://www.gundamplanet.com/cdn/shop/files/zd130_godos_frver_gp.jpg?v=1737678842&width=533
zoid,model_kit,Gundam Planet,retailer,us,HMM Zoids EZ-005 Redler BC,75.95,,,USD,New,https://www.gundamplanet.com/products/hmm-zoids-ez-005-redler-bc?_pos=149&_sid=5a3267907&_ss=r&_fid=3e62b73e7,https://www.gundamplanet.com/cdn/shop/files/hmm-zoids-ez-005-redler-bc-gp2.jpg?v=1737726311&width=533
zoid,model_kit,Gundam Planet,retailer,us,HMM Zoids RHI-3 Command Wolf Repackage Ver.,49.95,,,USD,New,https://www.gundamplanet.com/products/hmm-zoids-rhi-3-command-wolf-repackage-ver?_pos=150&_sid=5a3267907&_ss=r&_fid=3e62b73e7,https://www.gundamplanet.com/cdn/shop/files/hmm-zoids-rhi-3-command-wolf-repackage-ver-00.jpg?v=1737666954&width=533
zoid,model_kit,Gundam Planet,retailer,us,HMM Zoids RZ-041 Liger Zero Schneider (Marking Plus Ver.),89.95,,,USD,New,https://www.gundamplanet.com/products/hmm-zoids-rz-041-liger-zero-schneider-marking-plus-ver?_pos=151&_sid=7ff527c49&_ss=r&_fid=6922bac51,https://www.gundamplanet.com/cdn/shop/files/hmm-zoids-rz-041-liger-zero-schneider-00_1.jpg?v=1737675148&width=533
zoid,model_kit,Gundam Planet,retailer,us,HMM Zoids EZ-036 Death Stinger ZS,149.95,,,USD,New,https://www.gundamplanet.com/products/hmm-zoids-ez-036-death-stinger-zs?_pos=152&_sid=7ff527c49&_ss=r&_fid=6922bac51,https://www.gundamplanet.com/cdn/shop/files/hmm-zoids-ez-036-death-stinger-zs-gp.jpg?v=1737689551&width=533
zoid,model_kit,Gundam Planet,retailer,us,HMM Zoids Green Horn AB,109.95,,,USD,New,https://www.gundamplanet.com/products/hmm-zoids-green-horn-ab?_pos=153&_sid=7ff527c49&_ss=r&_fid=6922bac51,https://www.gundamplanet.com/cdn/shop/files/hmm-zoids-green-horn-ab-gp2.jpg?v=1737720775&width=533
zoid,model_kit,Gundam Planet,retailer,us,HMM Zoids Customize Parts Dual Sniper Rifle & AZ Five Launch Missile System Set,36.95,,,USD,New,https://www.gundamplanet.com/products/hmm-zoids-customize-parts-dual-sniper-rifle-az-five-launch-missile-system-set?_pos=154&_sid=7ff527c49&_ss=r&_fid=6922bac51,https://www.gundamplanet.com/cdn/shop/files/hmm-zoids-dual-sniper-rifle-az-five-launch-missile-system-set-gp.jpg?v=1737718378&width=533
zoid,model_kit,Gundam Planet,retailer,us,HMM Zoids RZ-013 Buster Tortoise,53.95,,,USD,New,https://www.gundamplanet.com/products/hmm-zoids-rz-013-buster-tortoise?_pos=155&_sid=7ff527c49&_ss=r&_fid=6922bac51,https://www.gundamplanet.com/cdn/shop/files/hmm-zoids-rz-013-buster-tortoise-00.jpg?v=1737666992&width=533
zoid,model_kit,Gundam Planet,retailer,us,HMM Zoids EZ-049 Berserk Fuhrer (Repackage Ver.),99.95,,,USD,New,https://www.gundamplanet.com/products/hmm-zoids-ez-049-berserk-fuhrer-repackage-ver?_pos=156&_sid=7ff527c49&_ss=r&_fid=6922bac51,https://www.gundamplanet.com/cdn/shop/files/hmm-zoids-ez-049-berserk-fuhrer-00_1.jpg?v=1737675307&width=533
zoid,model_kit,Gundam Planet,retailer,us,Zoids ZW32 Stylaser,48.95,,,USD,New,https://www.gundamplanet.com/products/zoids-zw32-stylaser?_pos=157&_sid=7ff527c49&_ss=r&_fid=6922bac51,https://www.gundamplanet.com/cdn/shop/files/zoids-zw32-stylaser-gp.jpg?v=1739901166&width=533
zoid,model_kit,Gundam Planet,retailer,us,Zoids 1/72 AZ-05 Saber Tiger (Motorized Ver),96.95,,,USD,New,https://www.gundamplanet.com/products/zoids-1-72-az-05-saber-tiger-motorized-ver?_pos=158&_sid=7ff527c49&_ss=r&_fid=6922bac51,https://www.gundamplanet.com/cdn/shop/files/zoids-1-72-az-05-saber-tiger-motorized-ver-gp_1.jpg?v=1739901159&width=533
zoid,model_kit,Gundam Planet,retailer,us,HMM Zoids Berserk Fuhrer Sturm Unit,63.95,,,USD,New,https://www.gundamplanet.com/products/hmm-zoids-berserk-fuhrer-sturm-unit?_pos=159&_sid=7ff527c49&_ss=r&_fid=6922bac51,https://www.gundamplanet.com/cdn/shop/files/hmm-zoids-berserk-fuhrer-sturm-unit-00.jpg?v=1737671234&width=533
zoid,model_kit,Gundam Planet,retailer,us,Realize Model Zoids 1/100 RMZ-010 Cannoly Molga & Hell Cat Base Guards,66.95,,,USD,New,https://www.gundamplanet.com/products/realize-model-zoids-1-100-rmz-010-cannoly-molga-hell-cat-base-guards?_pos=160&_sid=7ff527c49&_ss=r&_fid=6922bac51,https://www.gundamplanet.com/cdn/shop/files/realize-model-zoids-1-100-rmz-010-canory-molga-hell-cat-base-guards-gp.jpg?v=1748365550&width=533
zoid,model_kit,Gundam Planet,retailer,us,HMM Zoids EZ-049 Sturm Tyrann,149.95,,,USD,New,https://www.gundamplanet.com/products/hmm-zoids-ez-049-sturm-tyrann?_pos=161&_sid=7ff527c49&_ss=r&_fid=6922bac51,https://www.gundamplanet.com/cdn/shop/files/hmm-zoids-ez-049-sturm-tyrann-00.jpg?v=1738029352&width=533
zoid,model_kit,Gundam Planet,retailer,us,HMM Zoids DPZ-10 Dark Horn,69.95,,,USD,New,https://www.gundamplanet.com/products/hmm-zoids-dpz-10-dark-horn?_pos=162&_sid=7ff527c49&_ss=r&_fid=6922bac51,https://www.gundamplanet.com/cdn/shop/files/zd043_darkhorn_gp.jpg?v=1737666865&width=533
zoid,model_kit,Gundam Planet,retailer,us,HMM Zoids RBOZ-003 Gojulas The Ogre,299.95,,,USD,New,https://www.gundamplanet.com/products/hmm-zoids-rboz-003-gojulas-the-ogre?_pos=163&_sid=7ff527c49&_ss=r&_fid=6922bac51,https://www.gundamplanet.com/cdn/shop/files/hmm-zoids-rboz-003-gojulas-the-ogre-00.jpg?v=1737667049&width=533
zoid,model_kit,Gundam Planet,retailer,us,Zoids 1/72 AZ-01EX Blade Liger Leon Toros Ver.,85.95,,,USD,New,https://www.gundamplanet.com/products/zoids-1-72-az-01ex-blade-liger-leon-toros-ver?_pos=164&_sid=7ff527c49&_ss=r&_fid=6922bac51,https://www.gundamplanet.com/cdn/shop/files/zoids-1-72-az-01ex-blade-liger-leon-toros-ver-fr_1.jpg?v=1739901200&width=533
zoid,model_kit,Gundam Planet,retailer,us,Zoids ZW26 Cannon Bull,35.95,,,USD,New,https://www.gundamplanet.com/products/zoids-zw26-cannon-bull?_pos=165&_sid=7ff527c49&_ss=r&_fid=6922bac51,https://www.gundamplanet.com/cdn/shop/files/zoids-cannon-bull-gp.jpg?v=1739901163&width=533
zoid,model_kit,Gundam Planet,retailer,us,HMM Zoids RZ-046 Fire Fox (Marking Plus Ver.),64.95,,,USD,New,https://www.gundamplanet.com/products/hmm-zoids-rz-046-fire-fox-marking-plus-ver?_pos=166&_sid=7ff527c49&_ss=r&_fid=6922bac51,https://www.gundamplanet.com/cdn/shop/files/hmm-zoids-rz-046-fire-fox-marking-plus-ver-gp2.jpg?v=1737729715&width=533
zoid,model_kit,Gundam Planet,retailer,us,Adamas Machina Zoids 1/72 AMZ-01 Berserk Führer,329.95,,,USD,New,https://www.gundamplanet.com/products/adamas-machina-zoids-1-72-amz-01-berserk-fuhrer?_pos=167&_sid=7ff527c49&_ss=r&_fid=6922bac51,https://www.gundamplanet.com/cdn/shop/files/adamas-machina-zoids-1-72-amz-01-berserk-fuhrer-fr.jpg?v=1737747328&width=533
zoid,model_kit,Gundam Planet,retailer,us,HMM Zoids RMZ-04 Gurantula,45.95,,,USD,New,https://www.gundamplanet.com/products/hmm-zoids-rmz-04-gurantula?_pos=168&_sid=7ff527c49&_ss=r&_fid=6922bac51,https://www.gundamplanet.com/cdn/shop/files/hmm-zoids-rmz-04-gurantula-gp2.jpg?v=1737746528&width=533
zoid,model_kit,Gundam Planet,retailer,us,Zoids ZW28 Bazootle,35.95,,,USD,New,https://www.gundamplanet.com/products/zoids-zw28-bazootle?_pos=169&_sid=7ff527c49&_ss=r&_fid=6922bac51,https://www.gundamplanet.com/cdn/shop/files/zoids-bazootle-gp.jpg?v=1739901165&width=533
zoid,model_kit,Gundam Planet,retailer,us,HMM Zoids RZ-010 Pteras Bomber (Marking Plus Ver.),55.95,,,USD,New,https://www.gundamplanet.com/products/hmm-zoids-rz-010-pteras-bomber-marking-plus-ver?_pos=170&_sid=7ff527c49&_ss=r&_fid=6922bac51,https://www.gundamplanet.com/cdn/shop/files/hmm-zoids-rz-010-pteras-bomber-marking-plus-ver-gp.jpg?v=1738029471&width=533
zoid,model_kit,Gundam Planet,retailer,us,HMM Zoids RZ-041 Liger Zero Panzer Unit (Marking Plus Ver.),47.95,,,USD,New,https://www.gundamplanet.com/products/hmm-zoids-rz-041-liger-zero-panzer-unit-marking-plus-ver?_pos=171&_sid=7ff527c49&_ss=r&_fid=6922bac51,https://www.gundamplanet.com/cdn/shop/files/hmm-zoids-rz-041-liger-zero-panzer-unit-marking-plus-ver-fr.jpg?v=1743631671&width=533
zoid,model_kit,Gundam Planet,retailer,us,HMM Zoids EZ-026 Geno Saurer (Repackage Ver.),89.95,,,USD,New,https://www.gundamplanet.com/products/hmm-zoids-ez-026-geno-saurer-repackage-ver?_pos=172&_sid=7ff527c49&_ss=r&_fid=6922bac51,https://www.gundamplanet.com/cdn/shop/files/zd118_genosaurer_repackagever_gp.jpg?v=1737679568&width=533
zoid,model_kit,Gundam Planet,retailer,us,Synergenex Zoids x Monster Hunter: Sonic Bird Rathalos Armor,59.95,,,USD,New,https://www.gundamplanet.com/products/synergenex-zoids-x-monster-hunter-sonic-bird-rathalos-armor?_pos=173&_sid=7ff527c49&_ss=r&_fid=6922bac51,https://www.gundamplanet.com/cdn/shop/files/zoids-x-monster-hunter-sonic-bird-rathalos-armor-fr.jpg?v=1739901177&width=533
zoid,model_kit,Gundam Planet,retailer,us,HMM Zoids EZ-016 Saber Tiger (Marking Plus Ver.),79.95,,,USD,New,https://www.gundamplanet.com/products/hmm-zoids-ez-016-saber-tiger-marking-plus-ver?_pos=174&_sid=7ff527c49&_ss=r&_fid=6922bac51,https://www.gundamplanet.com/cdn/shop/files/hmm-zoids-ez-016-saber-tiger-marking-plus-ver-gp.jpg?v=1737666608&width=533
zoid,model_kit,Gundam Planet,retailer,us,HMM Zoids Customize Parts Booster Cannon Set,24.95,,,USD,New,https://www.gundamplanet.com/products/hmm-zoids-customize-parts-booster-cannon-set?_pos=175&_sid=7ff527c49&_ss=r&_fid=6922bac51,https://www.gundamplanet.com/cdn/shop/files/hmm-zoids-customize-parts-booster-cannon-set-gp2.jpg?v=1737712530&width=533
zoid,model_kit,Gundam Planet,retailer,us,HMM Zoids Customize Parts Attack Booster Set,23.95,,,USD,New,https://www.gundamplanet.com/products/hmm-zoids-customize-parts-attack-booster-set?_pos=176&_sid=7ff527c49&_ss=r&_fid=6922bac51,https://www.gundamplanet.com/cdn/shop/files/hmm-zoids-customize-parts-attack-booster-set-gp.jpg?v=1737720749&width=533
zoid,model_kit,Gundam Planet,retailer,us,HMM Zoids EMZ-15 Molga AA And Molga Carrier,52.95,,,USD,New,https://www.gundamplanet.com/products/hmm-zoids-emz-15-molga-aa-and-molga-carrier?_pos=177&_sid=7ff527c49&_ss=r&_fid=6922bac51,https://www.gundamplanet.com/cdn/shop/files/hmm-zoids-emz-15-molga-aa-and-molga-carrier-gp.jpg?v=1737680165&width=533
zoid,model_kit,Gundam Planet,retailer,us,HMM Zoids EZ-015 Iron Kong PK (Prozen Knights Ver.),195.95,,,USD,New,https://www.gundamplanet.com/products/hmm-zoids-ez-015-iron-kong-pk-prozen-knights-ver?_pos=178&_sid=7ff527c49&_ss=r&_fid=6922bac51,https://www.gundamplanet.com/cdn/shop/files/hmm-zoids-ez-015-iron-kong-pk-prozen-knights-ver-00.jpg?v=1737667007&width=533
zoid,model_kit,Gundam Planet,retailer,us,Synergenex Zoids x Monster Hunter: Knuckle Kong Rajang,69.95,,,USD,New,https://www.gundamplanet.com/products/synergenex-zoids-x-monster-hunter-knuckle-kong-rajang?_pos=179&_sid=7ff527c49&_ss=r&_fid=6922bac51,https://www.gundamplanet.com/cdn/shop/files/monster-hunter-x-zoids-1-35-knuckle-kong-rajang_1.jpg?v=1742519291&width=533
zoid,model_kit,Gundam Planet,retailer,us,Zoids ZW29 Sniptera,35.95,,,USD,New,https://www.gundamplanet.com/products/zoids-zw29-sniptera?_pos=180&_sid=7ff527c49&_ss=r&_fid=6922bac51,https://www.gundamplanet.com/cdn/shop/files/zoids-snipe-ptera-gp.jpg?v=1739901161&width=533
zoid,model_kit,Gundam Planet,retailer,us,Synergenex Zoids x Monster Hunter: Beast Liger Sinister Armor,59.95,,,USD,New,https://www.gundamplanet.com/products/synergenex-zoids-x-monster-hunter-beast-liger-sinister-armor?_pos=181&_sid=7ff527c49&_ss=r&_fid=6922bac51,https://www.gundamplanet.com/cdn/shop/files/zoids-x-monster-hunter-beast-liger-sinister-armor-fr.jpg?v=1739901178&width=533
zoid,model_kit,Gundam Planet,retailer,us,Synergenex Zoids x Monster Hunter: Gatling Fox Mizutsune,69.95,,,USD,New,https://www.gundamplanet.com/products/synergenex-zoids-x-monster-hunter-gatling-fox-mizutsune?_pos=182&_sid=7ff527c49&_ss=r&_fid=6922bac51,https://www.gundamplanet.com/cdn/shop/files/monster-hunter-x-zoids-gatling-fox-mizutsune_1.jpg?v=1742519345&width=533
zoid,model_kit,Gundam Planet,retailer,us,Realize Model Zoids 1/100 RMZ-002 Geno Saurer,54.95,,,USD,New,https://www.gundamplanet.com/products/realize-model-zoids-1-100-rmz-002-geno-saurer?_pos=183&_sid=7ff527c49&_ss=r&_fid=6922bac51,https://www.gundamplanet.com/cdn/shop/files/realize-model-zoids-1-100-rmz-002-geno-saurer-gp2.jpg?v=1737744843&width=533
zoid,model_kit,Gundam Planet,retailer,us,HMM Zoids Liger Zero Schneider Unit Marking Plus Ver.,45.95,,,USD,New,https://www.gundamplanet.com/products/hmm-zoids-liger-zero-schneider-unit?_pos=184&_sid=7ff527c49&_ss=r&_fid=6922bac51,https://www.gundamplanet.com/cdn/shop/files/hmm-zoids-liger-zero-schneider-unit-00.jpg?v=1737666951&width=533
zoid,model_kit,HLJ.com,retailer,,Adamas Machina Zoids AM-Z02 Blade Liger,250.05,,,USD,New,https://www.hlj.com/adamas-machina-zoids-am-z02-blade-liger-tkt94663,https://www.hlj.com/productthumbs/tkt/tkt94663_0_1785826254.jpg?v=1785826254
zoid,model_kit,HLJ.com,retailer,,1/100 Realize Model Zoids RMZ-005 Molga Guylos Color,17.86,,,USD,New,https://www.hlj.com/1-100-scale-realize-model-zoids-rmz-005-molga-guylos-color-tkt93973,https://www.hlj.com/productthumbs/tkt/tkt93973_0_1725246607.jpg?v=1725246607
zoid,model_kit,HLJ.com,retailer,,Zoids D-STYLE Gustav Moonbay Special [Clear Parts Append],25.72,,,USD,New,https://www.hlj.com/zoids-d-style-gustav-moonbay-special-clear-parts-append-kbykp-877,https://www.hlj.com/productthumbs/kby/kbykp-877_0_1779330611.jpg?v=1779330611
zoid,model_kit,HLJ.com,retailer,,1/72 Zoids AZ-16 Liger Zero Jager Lion Type,100.02,,,USD,New,https://www.hlj.com/1-72-scale-zoids-az-16-liger-zero-jager-lion-type-tkt07377,https://www.hlj.com/productthumbs/tkt/tkt07377_0_1778485843.jpg?v=1778485843
zoid,model_kit,HLJ.com,retailer,,1/100 Realize Model Zoids RMZ-004 Hell Cat Guylos Color,19.29,,,USD,New,https://www.hlj.com/1-100-scale-realize-model-zoids-rmz-004-hell-cat-guylos-color-tkt93970,https://www.hlj.com/productthumbs/tkt/tkt93970_0_1725246674.jpg?v=1725246674
zoid,model_kit,HLJ.com,retailer,,1/100 Realize Model Zoids RMZ-025 Liger Zero Falcon (ZBF) Lion/Falcon Type,64.3,,,USD,New,https://www.hlj.com/1-100-scale-realize-model-zoids-rmz-025-liger-zero-falcon-zbf-lion-falcon-type-tkt09255,https://www.hlj.com/productthumbs/tkt/tkt09255_0_1785827440.jpg?v=1785827440
zoid,model_kit,HLJ.com,retailer,,1/72 Zoids AZ-01 Blade Liger,75.2,,,USD,New,https://www.hlj.com/1-72-scale-zoids-az-01-blade-liger-tkt22754,https://www.hlj.com/productthumbs/tkt/tkt22754_0_1665026439.jpg?v=1665026439
zoid,model_kit,HLJ.com,retailer,,1/35 SPIDER ZOIDS SPIDER-MAN Special,30.08,,,USD,New,https://www.hlj.com/1-35-scale-spider-zoids-spider-man-special-tkt94855,https://www.hlj.com/productthumbs/tkt/tkt94855_0_1725246605.jpg?v=1725246605
zoid,model_kit,HLJ.com,retailer,,1/72 Zoids: RZ-028 Blade Liger AB (Reissue),54.15,,,USD,New,https://www.hlj.com/1-72-scale-zoids-rz-028-blade-liger-ab-reissue-kbyzd131r,https://www.hlj.com/productthumbs/kby/kbyzd131r_0_1739848827.jpg?v=1739848827
zoid,model_kit,HLJ.com,retailer,,1/100 Realize Model Zoids RMZ-007 Trinity Liger,42.87,,,USD,New,https://www.hlj.com/1-100-scale-realize-model-zoids-rmz-007-trinity-liger-tkt93968,https://www.hlj.com/productthumbs/tkt/tkt93968_0_1736829611.jpg?v=1736829611
zoid,model_kit,HLJ.com,retailer,,1/72 Zoids: RZ-030 Gun Sniper W2 (Reissue),39.11,,,USD,New,https://www.hlj.com/1-72-scale-zoids-rz-030-gun-sniper-w2-reissue-kbyzd146x,https://www.hlj.com/productthumbs/kby/kbyzd146x_0_1712629231.jpg?v=1712629231
zoid,model_kit,HLJ.com,retailer,,1/72 Zoids LIGHTNING SAIX Irvine Special 2000 -Recolor-,61.44,,,USD,New,https://www.hlj.com/1-72-scale-zoids-lightning-saix-irvine-special-2000-recolor-kbyzd192,https://www.hlj.com/productthumbs/kby/kbyzd192_0_1765852832.jpg?v=1765852832
zoid,model_kit,HLJ.com,retailer,,1/35 SPIDER ZOIDS BLACK SPIDER-MAN Special,30.08,,,USD,New,https://www.hlj.com/1-35-scale-spider-zoids-black-spider-man-special-tkt95596,https://www.hlj.com/productthumbs/tkt/tkt95596_0_1725246682.jpg?v=1725246682
zoid,model_kit,HLJ.com,retailer,,1/72 Zoids Iron Kong Schwarz Special 1999 -Recolor-,139.31,,,USD,New,https://www.hlj.com/1-72-scale-zoids-iron-kong-schwarz-special-1999-recolor-kbyzd195,https://www.hlj.com/productthumbs/kby/kbyzd195_0_1770690630.jpg?v=1770690630
zoid,model_kit,HLJ.com,retailer,,1/72 Zoids: RZ-014 Godos Marking Plus Ver. (Reissue),39.8,,,USD,New,https://www.hlj.com/1-72-scale-zoids-rz-014-godos-marking-plus-ver-reissue-kbyzd157x,https://www.hlj.com/productthumbs/kby/kbyzd157x_0_1729737012.jpg?v=1729737012
zoid,model_kit,HLJ.com,retailer,,1/72 Zoids: EZ-006 Molga Full Option Set,46.44,,,USD,New,https://www.hlj.com/1-72-scale-zoids-ez-006-molga-full-option-set-kbyzd186,https://www.hlj.com/productthumbs/kby/kbyzd186_0_1733970608.jpg?v=1733970608
zoid,model_kit,HLJ.com,retailer,,1/72 Zoids AZ-13 Canory Molga Insect Type,39.29,,,USD,New,https://www.hlj.com/1-72-scale-zoids-az-13-canory-molga-insect-type-tkt09684,https://www.hlj.com/productthumbs/tkt/tkt09684_0_1759716015.jpg?v=1759716015
zoid,model_kit,HLJ.com,retailer,,1/72 Zoids: EZ-005 Redler Guyros Empire Ver. (Reissue),45.12,,,USD,New,https://www.hlj.com/1-72-scale-zoids-ez-005-redler-guyros-empire-ver-reissue-kbyzd153x,https://www.hlj.com/productthumbs/kby/kbyzd153x_0_1729737009.jpg?v=1729737009
zoid,model_kit,HLJ.com,retailer,,ZOIDS: Liger Zero Jager Marking Plus Ver. (Reissue),55.5,,,USD,New,https://www.hlj.com/zoids-liger-zero-jager-marking-plus-ver-reissue-kbyzd122r,https://www.hlj.com/productthumbs/kby/kbyzd122r_0_1738821628.jpg?v=1738821628
zoid,model_kit,HLJ.com,retailer,,1/72 Zoids: EHI-7 Reddra Zenebus Empire Ver. (Reissue),45.12,,,USD,New,https://www.hlj.com/1-72-scale-zoids-ehi-7-reddra-zenebus-empire-ver-reissue-kbyzd152x,https://www.hlj.com/productthumbs/kby/kbyzd152x_0_1729737005.jpg?v=1729737005
zoid,model_kit,HLJ.com,retailer,,1/72 Zoids: EPZ-003 Great Sabre Marking Plus Ver. (Reissue),54.15,,,USD,New,https://www.hlj.com/1-72-scale-zoids-epz-003-great-sabre-marking-plus-ver-reissue-kbyzd135r,https://www.hlj.com/productthumbs/kby/kbyzd135r_0_1747883415.jpg?v=1747883415
zoid,model_kit,HLJ.com,retailer,,ZOIDS: RZ-007 Shield Liger DCS-J (Reissue),54.15,,,USD,New,https://www.hlj.com/zoids-rz-007-shield-liger-dcs-j-reissue-kbyzd129r,https://www.hlj.com/productthumbs/kby/kbyzd129r_0_1738821606.jpg?v=1738821606
zoid,model_kit,HLJ.com,retailer,,1/72 Zoids Gun Sniper Leena Special 2001 Re/color,44.29,,,USD,New,https://www.hlj.com/1-72-scale-zoids-gun-sniper-leena-special-2001-re-color-kbyzd193,https://www.hlj.com/productthumbs/kby/kbyzd193_0_1762396219.jpg?v=1762396219
zoid,model_kit,HLJ.com,retailer,,1/35 Monster Hunter x Zoids Gatling Fox Mizutsune,41.06,,,USD,New,https://www.hlj.com/1-35-scale-monster-hunter-x-zoids-gatling-fox-mizutsune-tkt99520,https://www.hlj.com/productthumbs/tkt/tkt99520_0_1741078211.jpg?v=1741078211
zoid,model_kit,HLJ.com,retailer,,1/72 Zoids: Liger Zero Schneider Unit Marking Plus Ver. (Reissue),25.72,,,USD,New,https://www.hlj.com/1-72-scale-zoids-liger-zero-schneider-unit-marking-plus-ver-reissue-kbyzd143r,https://www.hlj.com/productthumbs/kby/kbyzd143r_0_1739848810.jpg?v=1739848810
zoid,model_kit,HLJ.com,retailer,,1/72 Zoids: LIGER ZERO PANZER UNIT MARKING PLUS Ver. (Reissue),28.43,,,USD,New,https://www.hlj.com/1-72-scale-zoids-liger-zero-panzer-unit-marking-plus-ver-reissue-kbyzd144r,https://www.hlj.com/productthumbs/kby/kbyzd144r_0_1743475812.jpg?v=1743475812
zoid,model_kit,HLJ.com,retailer,,1/100 Realize Model Zoids RMZ-006 Saber Tiger Schwalz Special,42.87,,,USD,New,https://www.hlj.com/1-100-scale-realize-model-zoids-rmz-006-saber-tiger-schwalz-special-tkt93971,https://www.hlj.com/productthumbs/tkt/tkt93971_0_1730456429.jpg?v=1730456429
zoid,model_kit,HLJ.com,retailer,,1/35 Monster Hunter x Zoids Knuckle Kong Rajang,41.06,,,USD,New,https://www.hlj.com/1-35-scale-monster-hunter-x-zoids-knuckle-kong-rajang-tkt99519,https://www.hlj.com/productthumbs/tkt/tkt99519_0_1741077635.jpg?v=1741077635
zoid,model_kit,HLJ.com,retailer,,1/100 Realize Model Zoids RMZ-013 Shield Liger Bang Special,42.87,,,USD,New,https://www.hlj.com/1-100-scale-realize-model-zoids-rmz-013-shield-liger-bang-special-tkt99552,https://www.hlj.com/productthumbs/tkt/tkt99552_0_1754275269.jpg?v=1754275269
zoid,model_kit,HLJ.com,retailer,,1/72 Zoids: RZ-041 Liger Zero Panzer Marking Plus Ver. (Reissue),58.21,,,USD,New,https://www.hlj.com/1-72-scale-zoids-rz-041-liger-zero-panzer-marking-plus-ver-reissue-kbyzd124r,https://www.hlj.com/productthumbs/kby/kbyzd124r_0_1743475814.jpg?v=1743475814
zoid,model_kit,HLJ.com,retailer,,1/72 Zoids: RZ-041 Liger Zero Schneider Marking Plus Ver. (Reissue),55.5,,,USD,New,https://www.hlj.com/1-72-scale-zoids-rz-041-liger-zero-schneider-marking-plus-ver-reissue-kbyzd123r,https://www.hlj.com/productthumbs/kby/kbyzd123r_0_1739848207.jpg?v=1739848207
zoid,model_kit,HLJ.com,retailer,,1/100 Realize Model Zoids RMZ-009 Iron Kong Guylos Color,59.56,,,USD,New,https://www.hlj.com/1-100-scale-realize-model-zoids-rmz-009-iron-kong-guylos-color-tkt93972,https://www.hlj.com/productthumbs/tkt/tkt93972_0_1743496224.jpg?v=1743496224
zoid,model_kit,HLJ.com,retailer,,ZOIDS: Jager Unit Marking Plus Ver. For Liger Zero (Reissue),25.72,,,USD,New,https://www.hlj.com/zoids-jager-unit-marking-plus-ver-for-liger-zero-reissue-kbyzd147r,https://www.hlj.com/productthumbs/kby/kbyzd147r_0_1738822204.jpg?v=1738822204
zoid,model_kit,HLJ.com,retailer,,1/100 Realize Model Zoids RMZ-014 Red Horn Guylos Color Styracosaurus Type,42.87,,,USD,New,https://www.hlj.com/1-100-scale-realize-model-zoids-rmz-014-red-horn-guylos-color-styracosaurus-type-tkt93974,https://www.hlj.com/productthumbs/tkt/tkt93974_0_1759715458.jpg?v=1759715458
zoid,model_kit,HLJ.com,retailer,,40th Anniversary Zoids Encyclopedia,33.84,,,USD,New,https://www.hlj.com/40th-anniversary-zoids-encyclopedia-hbj63376,https://www.hlj.com/productthumbs/hbj/hbj63376_0_1711432206.jpg?v=1711432206
zoid,model_kit,HLJ.com,retailer,,Zoids Wild EX-Zero,22.56,,,USD,New,https://www.hlj.com/zoids-wild-ex-zero-hbj62542,https://www.hlj.com/productthumbs/hbj/hbj62542_0_1627644631.jpg?v=1627644631
zoid,model_kit,HLJ.com,retailer,,Zoids Concept Art III,21.49,,,USD,New,https://www.hlj.com/zoids-concept-art-iii-hbj60435,https://www.hlj.com/productthumbs/hbj/hbj60435_0.jpg?v=
zoid,model_kit,HLJ.com,retailer,,ZOIDS Dark Forces Invasion,21.49,,,USD,New,https://www.hlj.com/zoids-dark-forces-invasion-hbj60648,https://www.hlj.com/productthumbs/hbj/hbj60648_0.jpg?v=
zoid,other,HLJ.com,retailer,,Zoids Republic Decal Set 1,4.06,,,USD,New,https://www.hlj.com/zoids-republic-decal-set-1-wavpt-06,https://www.hlj.com/productthumbs/wav/wavpt-06.jpg?v=
zoid,other,HLJ.com,retailer,,Zoids Empire Decal Set 1,4.06,,,USD,New,https://www.hlj.com/zoids-empire-decal-set-1-wavpt-07,https://www.hlj.com/productthumbs/wav/wavpt-07.jpg?v=
zoid,model_kit,HLJ.com,retailer,,1/72 Zoid: RZ-029 Storm Sworder (Reissue),69.19,,,USD,New,https://www.hlj.com/1-72-scale-zoid-rz-029-storm-sworder-reissue-kbyzd101y,https://www.hlj.com/productthumbs/kby/kbyzd101y_0_1720671621.jpg?v=1720671621
zoid,model_kit,HLJ.com,retailer,,Zoid Anthology High-end Master File,18.05,,,USD,New,https://www.hlj.com/zoid-anthology-high-end-master-file-hbj60881,https://www.hlj.com/productthumbs/hbj/hbj60881_0_1484513865.jpg?v=1484513865
zoid,model_kit,HLJ.com,retailer,,EZ-034 Geno Breaker Repackage Ver. (Reissue),69.04,,,USD,New,https://www.hlj.com/ez-034-geno-breaker-repackage-ver-reissue-kbyzd140x-2,https://www.hlj.com/productthumbs/kby/kbyzd140x-2_0_1738821623.jpg?v=1738821623
zoid,model_kit,Gundam Place Store,retailer,us,Zoids Realize Model RMZ-012 Hell Cat Tirol 1/100 Scale Model Kit,44.99,,,USD,New,https://gundamplacestore.com/products/zoids-realize-model-rmz-012-hell-cat-tirol-1-100-scale-model-kit?q=zoids,https://cdn.shopify.com/s/files/1/0579/0095/7832/files/C2608C36-8B0F-460E-847B-E80EEA14F887_large.webp?v=1777493333
zoid,model_kit,Gundam Place Store,retailer,us,Zoids Highend Master Model #55 EZ-005 Redler (Guyros Empire Ver.)1/72 Scale Model Kit (Reissue),59.99,,,USD,New,https://gundamplacestore.com/products/copy-zoids-highend-master-model-rz-010-pteras-bomber-marking-plus-ver-1-72-scale-model-kit?q=zoids,https://cdn.shopify.com/s/files/1/0579/0095/7832/files/6D978AC1-4AE4-4F92-9BAA-C482BF4CB290_large.webp?v=1705512308
zoid,model_kit,Gundam Place Store,retailer,us,Zoids Advanced Zi AZ-12 Geno Breaker (Motorized Model) 1/72,159.99,,,USD,New,https://gundamplacestore.com/products/zoids-az-02ex2-ez-054-liger-zero-lion-type-empire-ver-motorized-model-1-72-copy?q=zoids,https://cdn.shopify.com/s/files/1/0579/0095/7832/files/BA448151-242B-4B71-87EF-DCC70AB0DA56_large.webp?v=1780430354
zoid,model_kit,Gundam Place Store,retailer,us,Zoids x Monster Hunter Synergenex Series Knuckle Kong Rajang 1/35 Scale Model Kit,56.99,,,USD,New,https://gundamplacestore.com/products/zoids-realize-model-rmz-001-blade-liger-lion-type-1-100-scale-model-kit?q=zoids,https://cdn.shopify.com/s/files/1/0579/0095/7832/files/1161B0C0-541A-4A9A-8EC8-B7A9CE1BFB58_large.webp?v=1764712183
zoid,model_kit,Gundam Place Store,retailer,us,Zoids Lightning Saix (Irvine Special) 2000 -Recolor-,69.99,,,USD,New,https://gundamplacestore.com/products/zoids-highend-master-model-ez-035-lightning-saix-marking-plus-ver-20-copy?q=zoids,https://cdn.shopify.com/s/files/1/0579/0095/7832/files/F05C3112-788B-4FB2-87EE-E34AB3461AB5_large.webp?v=1783455718
zoid,model_kit,Gundam Place Store,retailer,us,Zoids Realize Model RMZ-015 Saber Tiger Raven Special Tiger Type 1/100 Scale Model Kit,48.99,,,USD,New,https://gundamplacestore.com/products/zoids-realize-model-rmz-015-saber-tiger-raven-special-tiger-type-1-100-scale-model-kit?q=zoids,https://cdn.shopify.com/s/files/1/0579/0095/7832/files/rn-image_picker_lib_temp_798ba2d0-1d98-46ea-a3a8-05844b85ad98_large.jpg?v=1787067055
zoid,model_kit,Gundam Place Store,retailer,us,Zoids Highend Master Model RZ-029 Storm Sworder,112.99,,,USD,New,https://gundamplacestore.com/products/zoids-highend-master-model-rz-029-storm-sworder?q=zoids,https://cdn.shopify.com/s/files/1/0579/0095/7832/files/7ac24283-c0f3-484a-b5cd-878563eb3a7d_large.jpg?v=1683227765
zoid,other,USA Gundam Store,retailer,us,CS532 Mr Color HMM Zoids Color Set,12.99,,,USD,New,https://www.usagundamstore.com/products/cs532-mr-color-hmm-zoids-color-set,https://cdn.shopify.com/s/files/1/0727/8355/products/gsi-creos-mr-hobby-cs532-mr-frame-hmm-zoids-republic-empire-color-set__57116_600x600.jpg?v=1759295716
zoid,model_kit,USA Gundam Store,retailer,us,Zoids Advanced Zi AZ-17DX Ultra Saurus Gravity Cannon (Deluxe Ver.) 1/72 Scale Weapon Set,399.99,,,USD,New,https://www.usagundamstore.com/products/zoids-realize-model-zoids-advanced-series-az-17dx-ultra-saurus-gravity-cannon-deluxe-version-1-72-scale-model-kit-copy,https://cdn.shopify.com/s/files/1/0727/8355/files/GN343_11_600x600.jpg?v=1783517229
zoid,model_kit,USA Gundam Store,retailer,us,Zoids x Monster Hunter Synergenex Wild Liger Zinogre Model Kit,58.99,,,USD,New,https://www.usagundamstore.com/products/zoids-x-monster-hunter-synergenex-series-wild-liger-zinogre-model-kit,https://cdn.shopify.com/s/files/1/0727/8355/files/GN322_9_600x600.jpg?v=1780664552
zoid,model_kit,USA Gundam Store,retailer,us,Zoids Chaotic Century D-Style Command Wolf Irvine Special (Clear Parts Append) Model Kit,24.99,,,USD,New,https://www.usagundamstore.com/products/zoids-chaotic-century-d-style-command-wolf-irvine-special-clear-parts-append-model-kit,https://cdn.shopify.com/s/files/1/0727/8355/files/original_4_6c500efc-12a1-49b5-93e7-31620e427459_600x600.webp?v=1776958352
zoid,model_kit,USA Gundam Store,retailer,us,Zoids New Century Highend Master Model Dark Horn Harry Special (2001 Re/Color) 1/72 Scale Model Kit,129.99,,,USD,New,https://www.usagundamstore.com/products/zoids-new-century-highend-master-model-dark-horn-harry-special-2001-re-color-1-72-scale-model-kit,https://cdn.shopify.com/s/files/1/0727/8355/files/768w_12_c9efab77-0405-449d-bacc-511386f32517_600x600.webp?v=1783021978
zoid,model_kit,USA Gundam Store,retailer,us,Zoids Chaotic Century D-Style Gustav Moonbay Special (Clear Parts Append) Model Kit,26.99,,,USD,New,https://www.usagundamstore.com/products/zoids-chaotic-century-d-style-gustav-moonbay-special-clear-parts-append-model-kit,https://cdn.shopify.com/s/files/1/0727/8355/files/768w_14_9bebf358-ec38-4096-80f1-74dea43e1520_600x600.webp?v=1779370805
zoid,model_kit,USA Gundam Store,retailer,us,Zoids Realize Model RMZ-016 Blade Liger Panzer (ZBF) Lion Type 1/100 Scale Model Kit,71.99,,,USD,New,https://www.usagundamstore.com/products/zoids-realize-model-rmz-016-blade-liger-panther-zbf-1-100-scale-model-kit,https://cdn.shopify.com/s/files/1/0727/8355/files/dc00ee8c-0ecb-43db-919c-1c2cc3dc45a6_600x600.webp?v=1764952465
zoid,model_kit,USA Gundam Store,retailer,us,Zoids x Monster Hunter Synergenex Wild Liger Stygian Zinogre Model Kit,58.99,,,USD,New,https://www.usagundamstore.com/products/zoids-x-monster-hunter-synergenex-series-wild-liger-stygian-zinogre-model-kit,https://cdn.shopify.com/s/files/1/0727/8355/files/GN323_9_600x600.jpg?v=1780664808
zoid,model_kit,USA Gundam Store,retailer,us,Zoids Realize Model RMZ-025 Liger Zero Falcon (ZBF) 1/100 Scale Model Kit,79.99,,,USD,New,https://www.usagundamstore.com/products/zoids-realize-model-rmz-025-liger-zero-falcon-zbf-1-100-scale-model-kit,https://cdn.shopify.com/s/files/1/0727/8355/files/092551_outline_11_600x600.jpg?v=1785931359
zoid,model_kit,USA Gundam Store,retailer,us,Zoids Chaotic Century D-Style Shield Liger (Clear Parts Append) Model Kit,24.99,,,USD,New,https://www.usagundamstore.com/products/zoids-chaotic-century-d-style-shield-liger-clear-parts-append-model-kit,https://cdn.shopify.com/s/files/1/0727/8355/files/768w-2026-04-07T093613.465_600x600.webp?v=1775568984
zoid,model_kit,USA Gundam Store,retailer,us,Zoids New Century Zero Highend Master Model RZ-030 Gun Sniper (Leena Special 2001 Re/color Ver.) 1/72 Scale Model Kit,59.99,,,USD,New,https://www.usagundamstore.com/products/zoids-highend-master-model-gun-sniper-leena-special-2001-re-color-1-72-scale-model-kit,https://cdn.shopify.com/s/files/1/0727/8355/files/90fd4abb-7b99-46b1-9839-9c0b97dd000e_600x600.jpg?v=1762451971
zoid,model_kit,USA Gundam Store,retailer,us,Zoids Realize Model RMZ-024 Storm Sworder 1/100 Scale Model Kit,56.99,,,USD,New,https://www.usagundamstore.com/products/zoids-realize-model-zoids-advanced-series-rmz-024-storm-sworder-1-100-scale-model-kit,https://cdn.shopify.com/s/files/1/0727/8355/files/GN330_10_600x600.jpg?v=1783517593
zoid,model_kit,USA Gundam Store,retailer,us,Zoids Realize Model RMZ-023 Lightning Saix Irvine Special 1/100 Scale Model Kit,58.99,,,USD,New,https://www.usagundamstore.com/products/zoids-realize-model-rmz-023-lightning-saix-irvine-special-1-100-scale-model-kit,https://cdn.shopify.com/s/files/1/0727/8355/files/GN321_10_600x600.jpg?v=1780664078
zoid,model_kit,USA Gundam Store,retailer,us,Zoids Advanced Zi AZ-17 Ultra Saurus 1/72 Scale Model Kit,299.99,,,USD,New,https://www.usagundamstore.com/products/zoids-realize-model-az-17-ultra-saurus-1-72-scale-model-kit,https://cdn.shopify.com/s/files/1/0727/8355/files/GN328_11_600x600.jpg?v=1783516813
zoid,model_kit,USA Gundam Store,retailer,us,Zoids Highend Master Model RPZ-14 Salamander F2 1/72 Scale Model Kit,299.99,,,USD,New,https://www.usagundamstore.com/products/zoids-highend-master-model-rpz-14-salamander-f2-1-72-scale-model-kit,https://cdn.shopify.com/s/files/1/0727/8355/files/original_78_3741bc41-5492-40a4-af3a-673ed1196019_600x600.webp?v=1782400854
zoid,model_kit,USA Gundam Store,retailer,us,Zoids Chaotic Century Highend Master Model Death Stinger Hiltz (Special 2000 - Recolor-) Model Kit,159.99,,,USD,New,https://www.usagundamstore.com/products/zoids-chaotic-century-highend-master-model-death-stinger-hiltz-special-2000-recolor-model-kit,https://cdn.shopify.com/s/files/1/0727/8355/files/ac225908-9b54-4261-9485-c8de3d12f3f2_600x600.webp?v=1771614137
zoid,model_kit,USA Gundam Store,retailer,us,Zoids x Patlabor Synergenex Fangriffon Model Kit,59.99,,,USD,New,https://www.usagundamstore.com/products/zoids-x-patlabor-synergenex-fangriffon-model-kit,https://cdn.shopify.com/s/files/1/0727/8355/files/GN331_10_600x600.jpg?v=1783525682
zoid,model_kit,USA Gundam Store,retailer,us,Zoids Chaotic Century Highend Master Model Storm Sworder (Ala Barone Special 2000 - Recolor-) 1/72 Scale Model Kit,85.99,,,USD,New,https://www.usagundamstore.com/products/zoids-chaotic-century-highend-master-model-storm-sworder-ala-barone-special-2000-recolor-1-72-scale-model-kit,https://cdn.shopify.com/s/files/1/0727/8355/files/b2cee152-bc21-4b17-acdd-8cd2fd919146_600x600.webp?v=1773927389
zoid,model_kit,USA Gundam Store,retailer,us,Zoids Realize Model RMZ-011 Geno Saurer Raven Special 1/100 Scale Model Kit,59.99,,,USD,New,https://www.usagundamstore.com/products/zoids-realize-model-zoids-advanced-series-rmz-011-geno-saurer-raven-special-1-100-scale-model-kit,https://cdn.shopify.com/s/files/1/0727/8355/files/GN342_10_600x600.jpg?v=1783517486
zoid,model_kit,USA Gundam Store,retailer,us,Zoids AZ-01 Blade Liger 1/72 Scale Model Kit,87.99,,,USD,New,https://www.usagundamstore.com/products/zoids-az-01-blade-liger-1-72-scale-model-kit,https://cdn.shopify.com/s/files/1/0727/8355/files/de4ef9b8-f6d1-4ffa-b573-d7cb47f438df_600x600.jpg?v=1762281953
zoid,model_kit,USA Gundam Store,retailer,us,Zoids Adamas Machina AM-Z02 Blade Liger Action Figure,294.99,,,USD,New,https://www.usagundamstore.com/products/zoids-adamas-machina-am-z02-blade-liger-action-figure,https://cdn.shopify.com/s/files/1/0727/8355/files/946632_outline_11_600x600.jpg?v=1785931742
zoid,model_kit,USA Gundam Store,retailer,us,Zoids Advanced Zi AZ-16 Liger Zero Jager 1/72 Scale Model Kit,114.99,,,USD,New,https://www.usagundamstore.com/products/zoids-advanced-zi-az-16-liger-zero-jager-1-72-scale-model-kit,https://cdn.shopify.com/s/files/1/0727/8355/files/768w_2_0fefd03f-9f53-4752-85b2-ebe31cde4665_600x600.webp?v=1778691823
zoid,model_kit,USA Gundam Store,retailer,us,Zoids Realize Model RMZ-021 Shield Liger MK-2 1/100 Scale Model Kit,54.99,,,USD,New,https://www.usagundamstore.com/products/zoids-realize-model-rmz-021-shield-liger-mk-2-1-100-scale-model-kit,https://cdn.shopify.com/s/files/1/0727/8355/files/original-2026-04-03T133049.577_600x600.webp?v=1775237466
zoid,model_kit,USA Gundam Store,retailer,us,Zoids x Monster Hunter Synergenex Series Knuckle Kong Rajang Model Kit,55.99,,,USD,New,https://www.usagundamstore.com/products/monster-hunter-x-zoids-knuckle-kong-rajang-1-35-scale-model-kit,https://cdn.shopify.com/s/files/1/0727/8355/files/8e95bc9c-4ab2-4997-b8ad-fbb02b0ada06_600x600.webp?v=1762287562
zoid,model_kit,USA Gundam Store,retailer,us,Zoids Highend Master Model RZ-014 Godos (Marking Plus Ver.) 1/72 Scale Model Kit,41.29,,,USD,New,https://www.usagundamstore.com/products/zoids-highend-master-model-1-72-rz-014-godos-marking-plus-ver,https://cdn.shopify.com/s/files/1/0727/8355/products/cbac7f51-3efa-4129-b8bb-46c907b7b4fa_600x600.jpg?v=1762275382
zoid,model_kit,USA Gundam Store,retailer,us,Zoids Realize Model RMZ-022 Murasame Liger 1/100 Scale Model Kit,56.99,,,USD,New,https://www.usagundamstore.com/products/zoids-realize-model-rmz-022-murasame-liger-1-100-scale-model-kit,https://cdn.shopify.com/s/files/1/0727/8355/files/768w_1_1a170a51-7df4-466b-8c1e-115cb4598fc2_600x600.jpg?v=1778691764
zoid,model_kit,USA Gundam Store,retailer,us,Zoids x Metamor Verse MV-01A Ao Kiriyama &amp; Blade Liger (Dress Code #Scarlet) 1/10 Scale Model Kit,107.99,,,USD,New,https://www.usagundamstore.com/products/mv-01a-ao-kiriyama-blade-liger-dress-code-scarlet,https://cdn.shopify.com/s/files/1/0727/8355/files/1a9c1883-2108-48ff-88c2-3db218ec4554_600x600.webp?v=1773143999
zoid,model_kit,USA Gundam Store,retailer,us,Zoids Advanced Zi AZ-10EX Sea Panther (Guylos Specification Ver.) 1/72 Scale Model Kit,47.99,,,USD,New,https://www.usagundamstore.com/products/zoids-advanced-zi-az-10ex-sea-panther-guylos-specification-ver-1-72-scale-model-kit,https://cdn.shopify.com/s/files/1/0727/8355/files/121f321a-8184-4fb3-9479-6fc1e4476425_600x600.webp?v=1768420642
zoid,model_kit,USA Gundam Store,retailer,us,Zoids Realize Model RMZ-001 Blade Liger 1/100 Scale Model Kit,39.99,,,USD,New,https://www.usagundamstore.com/products/zoids-rmz-001-blade-liger-1-100-scale-model-kit,https://cdn.shopify.com/s/files/1/0727/8355/files/918752_11_000eb2ab-fdcf-4856-b5a2-9317ff219724_600x600.jpg?v=1762284328
zoid,model_kit,USA Gundam Store,retailer,us,Zoids Advanced Zi AZ-17EX Ultra Saurus Gravity Cannon 1/72 Scale Weapon Set,99.99,,,USD,New,https://www.usagundamstore.com/products/zoids-realize-model-az-17ex-ultra-saurus-gravity-cannon-1-72-scale-model-kit,https://cdn.shopify.com/s/files/1/0727/8355/files/GN329_6_600x600.jpg?v=1783517081
zoid,model_kit,USA Gundam Store,retailer,us,Zoids Realize Model RMZ-020F Zabat Full Option Set 1/100 Scale Model Kit,47.99,,,USD,New,https://www.usagundamstore.com/products/zoids-realize-model-rmz-020f-zabat-full-option-set-1-100-scale-model-kit,https://cdn.shopify.com/s/files/1/0727/8355/files/2274f852-b77a-4564-9b9c-63308592ebc9_600x600.webp?v=1771303919
zoid,model_kit,USA Gundam Store,retailer,us,Zoids 2 Helic Republic vs. Guylos Empire Realize Model RMZ-018 Trinity Liger (Captured Color) 1/100 Scale Model Kit,47.99,,,USD,New,https://www.usagundamstore.com/products/zoids-2-helic-republic-vs-guylos-empire-realize-model-rmz-018-trinity-liger-captured-color-1-100-scale-model-kit,https://cdn.shopify.com/s/files/1/0727/8355/files/ff43fcd2-e65d-464f-b125-2674ca5049bf_600x600.webp?v=1771302966
zoid,model_kit,USA Gundam Store,retailer,us,Zoids Highend Master Model EHI-7 Reddra Zenebus (Empire Ver.) 1/72 Scale Model Kit (Reissue),59.99,,,USD,New,https://www.usagundamstore.com/products/zoids-highend-master-model-ehi-7-reddra-zenebus-empire-ver-1-72-scale-model-kit,https://cdn.shopify.com/s/files/1/0727/8355/products/ff8f38f8-848c-4922-92df-cb059f1f0f83_600x600.jpg?v=1762278707
zoid,model_kit,USA Gundam Store,retailer,us,Zoids Advanced Zi AZ-15 Psycho Geno Saurer 1/72 Scale Model Kit,119.99,,,USD,New,https://www.usagundamstore.com/products/zoids-advanced-zi-az-15-psycho-geno-saurer-1-72-scale-model-kit,https://cdn.shopify.com/s/files/1/0727/8355/files/256625a2-04af-46c3-abeb-a5ef491208ac_600x600.webp?v=1771302654
zoid,model_kit,USA Gundam Store,retailer,us,Zoids Adamas Machina AM-Z01EX Berserk Fury (Elementary Body) Model Kit,226.99,,,USD,New,https://www.usagundamstore.com/products/zoids-adamas-machina-am-z01ex-berserk-fury-elementary-body-model-kit,https://cdn.shopify.com/s/files/1/0727/8355/files/e54f2598-aa17-4cf6-9544-6d9f86f803de_600x600.webp?v=1759944451
zoid,model_kit,USA Gundam Store,retailer,us,Zoids ADVANCED Zi AZ-06EX Phoenix Republic Ver. 1/72 Scale Exclusive Model Kit,44.99,,,USD,New,https://www.usagundamstore.com/products/zoids-az-06ex-phoenix-republic-ver-1-72-scale-model-kit,https://cdn.shopify.com/s/files/1/0727/8355/files/5e2f6b72-56a9-4b11-8702-a7fc558baf9b_600x600.webp?v=1762286329
zoid,model_kit,USA Gundam Store,retailer,us,Zoids Realize Model RMZ-020 Zabat 1/100 Scale Model Kit,32.99,,,USD,New,https://www.usagundamstore.com/products/zoids-realize-model-rmz-020-zabat-1-100-scale-model-kit,https://cdn.shopify.com/s/files/1/0727/8355/files/46e2fa82-c42d-4353-989c-4933f07e5570_600x600.webp?v=1771302790
zoid,model_kit,USA Gundam Store,retailer,us,Zoids Realize Model RMZ-017 Command Wolf (Urban Warfare Special Ver.) 1/100 Scale Model Kit,47.99,,,USD,New,https://www.usagundamstore.com/products/zoids-realize-model-rmz-017-command-wolf-urban-warfare-special-ver-1-100-scale-model-kit,https://cdn.shopify.com/s/files/1/0727/8355/files/e3920dd7-f6b8-442d-8232-822188c50259_600x600.webp?v=1768420394
zoid,model_kit,USA Gundam Store,retailer,us,Zoids Advanced Zi AZ-03EX Murasame Liger (Original Color Ver.) 1/72 Scale Model Kit,103.99,,,USD,New,https://www.usagundamstore.com/products/zoids-advanced-zi-az-03ex-murasame-liger-original-color-1-72-scale-model-kit,https://cdn.shopify.com/s/files/1/0727/8355/files/734a6362-8ef7-4375-80c5-e30c278f6a12_600x600.webp?v=1764952513
zoid,model_kit,USA Gundam Store,retailer,us,Zoids Realize Model RMZ-004 Hellcat (Guylos Color Ver.) 1/100 Scale Model Kit,24.99,,,USD,New,https://www.usagundamstore.com/products/zoids-realize-model-rmz-004-hellcat-guylos-color-ver-1-100-scale-model-kit,https://cdn.shopify.com/s/files/1/0727/8355/files/083f7bce-ccd7-464e-af27-f23f2db44053_600x600.webp?v=1762285183
zoid,model_kit,USA Gundam Store,retailer,us,Zoids Highend Master Model EZ017 Iguan (Marking Plus Ver.) Model Kit,42.99,,,USD,New,https://www.usagundamstore.com/products/zoids-highend-master-model-ez017-iguan-marking-plus-ver-model-kit,https://cdn.shopify.com/s/files/1/0727/8355/products/c340b830-de85-48c8-afd6-683fd6b5d130_600x600.jpg?v=1762275596
zoid,model_kit,USA Gundam Store,retailer,us,Zoids Fine Graph RZ-028 Blade Liger (AB Bang Ver.) Frame,199.99,,,USD,New,https://www.usagundamstore.com/products/zoids-fine-graph-rz-028-blade-liger-ab-bang-ver-frame,https://cdn.shopify.com/s/files/1/0727/8355/files/GV220_CFG_BLADE_LIGER_AB_01_600x600.webp?v=1786105275
zoid,model_kit,USA Gundam Store,retailer,us,Zoids Genesis Spark Fig Grande SF-G01 Kotona Elegance 1/7 Scale Figure,169.99,,,USD,New,https://www.usagundamstore.com/products/zoids-genesis-spark-fig-grande-sf-g01-kotona-elegance-1-7-scale-figure,https://cdn.shopify.com/s/files/1/0727/8355/files/768w_15_5486871c-076f-465b-ab63-1f79cad2e487_600x600.webp?v=1778699105
zoid,model_kit,USA Gundam Store,retailer,us,Zoids Advanced Zi AZ-02EX3 Liger Zero Type Zero Armor 1/72 Scale Armor Parts Set,20.99,,,USD,New,https://www.usagundamstore.com/products/zoids-advanced-zi-az-02ex3-liger-zero-type-zero-armor-1-72-scale-model-kit,https://cdn.shopify.com/s/files/1/0727/8355/files/768w_d7745d16-bff1-47df-af1c-76b1760a0497_600x600.webp?v=1778691903
zoid,model_kit,USA Gundam Store,retailer,us,Zoids Advanced Zi AZ-14EX Liger Zero X Unit 1/72 Scale Armor Parts Set,47.99,,,USD,New,https://www.usagundamstore.com/products/zoids-advanced-zi-az-14ex-liger-zero-x-unit-1-72-scale-armor-parts-set,https://cdn.shopify.com/s/files/1/0727/8355/files/14a632fb-405c-45ab-b4f0-913e349369be_600x600.webp?v=1771302510
zoid,model_kit,USA Gundam Store,retailer,us,Zoids RMZ-007 Trinity Liger 1/100 Scale Model Kit,45.99,,,USD,New,https://www.usagundamstore.com/products/zoids-rmz-007-trinity-liger-1-100-scale-model-kit,https://cdn.shopify.com/s/files/1/0727/8355/files/8ec23d77-1cdb-45f9-a532-d607b9e62193_600x600.webp?v=1762286785
zoid,model_kit,USA Gundam Store,retailer,us,Zoids Realize Model RMZ-006 Saber Tiger (Schwarz Special Ver.) 1/100 Scale Model Kit,49.99,,,USD,New,https://www.usagundamstore.com/products/zoids-realize-model-rmz-006-saber-tiger-schwarz-special-ver-1-100-scale-model-kit,https://cdn.shopify.com/s/files/1/0727/8355/files/9bddc768-2545-4605-82b1-0c477a7e6680_600x600.webp?v=1762285721
zoid,model_kit,USA Gundam Store,retailer,us,Zoids Highend Master Model Customize Parts Pile Bunker Unit,10.99,,,USD,New,https://www.usagundamstore.com/products/zoids-highend-master-model-customize-parts-pile-bunker-unit,https://cdn.shopify.com/s/files/1/0727/8355/products/8c8f5943-5a08-4506-9a41-7199aa19a35f_600x600.jpg?v=1762274549
zoid,model_kit,USA Gundam Store,retailer,us,1/72 ZOIDS EZ-027 RAVEN RAPTOR,55.99,,,USD,New,https://www.usagundamstore.com/products/1-72-zoids-ez-027-raven-raptor,https://cdn.shopify.com/s/files/1/0727/8355/products/kbyzd109_2_1_600x600.jpg?v=1762274538
zoid,model_kit,USA Gundam Store,retailer,us,Zoids Fine Graph EZ-034 Geno Breaker (Raven Ver.) Frame,199.99,,,USD,New,https://www.usagundamstore.com/products/zoids-fine-graph-ez-034-geno-breaker-raven-ver-frame,https://cdn.shopify.com/s/files/1/0727/8355/files/GV221_CFG_GENO_BREAKER_RAVEN_01_600x600.webp?v=1786105476
zoid,model_kit,USA Gundam Store,retailer,us,Zoids Advanced Zi AZ-16EX Liger Zero Jager (Unit Original Color) 1/72 Scale Armor Parts Set,41.99,,,USD,New,https://www.usagundamstore.com/products/zoids-advanced-zi-az-16ex-liger-zero-jager-unit-original-color-ver-1-72-scale-model-kit,https://cdn.shopify.com/s/files/1/0727/8355/files/768w_3_412877e1-d2d2-438f-8158-3799b3b5badc_600x600.webp?v=1778691867
zoid,model_kit,USA Gundam Store,retailer,us,Zoids Realize Model RMZ-019 Hell Cat &amp; Molga (Zenebus Color) 1/100 Scale Model Kit Set,42.99,,,USD,New,https://www.usagundamstore.com/products/zoids-realize-model-rmz-019-hell-cat-molga-zenebus-color-1-100-scale-model-kit-set,https://cdn.shopify.com/s/files/1/0727/8355/files/3945d973-f7cb-4bae-9f14-22d45ba9e832_600x600.webp?v=1771303743
zoid,model_kit,USA Gundam Store,retailer,us,Transformers x Zoids X Diaclone Synergenex Series Shield-D-Prime Action Figure,399.99,,,USD,New,https://www.usagundamstore.com/products/transformers-x-zoids-x-diaclone-synergenex-series-shield-d-prime-action-figure,https://cdn.shopify.com/s/files/1/0727/8355/files/68fdc646-bd79-4033-b94b-f7123e841c35_600x600.webp?v=1762288945
zoid,model_kit,USA Gundam Store,retailer,us,Zoids Realize Model RMZ-005 Molga (Guylos Color Ver.) 1/100 Scale Model Kit,22.99,,,USD,New,https://www.usagundamstore.com/products/zoids-realize-model-rmz-005-molga-guylos-color-ver-1-100-scale-model-kit,https://cdn.shopify.com/s/files/1/0727/8355/files/8a7445f1-b218-420c-a6d7-e5d791722f74_600x600.webp?v=1762285183
zoid,model_kit,USA Gundam Store,retailer,us,Zoids Highend Master Model EZ027 Rev Raptor (Night Patrol Ver.) 1/72 Scale Model Kit,79.99,,,USD,New,https://www.usagundamstore.com/products/zoids-highend-master-model-ez-027-rev-raptor-night-patrol,https://cdn.shopify.com/s/files/1/0727/8355/products/3f4f3d19-625b-441d-a873-28c7c31357cc_600x600.jpg?v=1762280041
zoid,model_kit,USA Gundam Store,retailer,us,Zoids Highend Master Model EZ-005 Redler (Guyros Empire Ver.) 1/72 Scale Model Kit,59.99,,,USD,New,https://www.usagundamstore.com/products/zoids-highend-master-model-ez-005-redler-guyros-empire-ver-1-72-scale-model-kit,https://cdn.shopify.com/s/files/1/0727/8355/products/a728c2a0-7709-407a-9bd9-dae35edfc46b_600x600.jpg?v=1762278707
zoid,model_kit,USA Gundam Store,retailer,us,Zoids Highend Master Model Changing Armor System Liger Zero X Unit (Empire Ver.) Model Kit,39.99,,,USD,New,https://www.usagundamstore.com/products/zoids-highend-master-model-changing-armor-system-liger-zero-x-unit-empire-ver-model-kit,https://cdn.shopify.com/s/files/1/0727/8355/products/94d1de33-8e0a-4d0b-8852-2a9e81470be1_600x600.jpg?v=1762274760
zoid,model_kit,Kotobukiya USA,retailer,us,EZ-005 REDLER GUYROS EMPIRE Ver.,59.99,,,USD,New,https://kotobukiya-us.com/products/190526063679,https://kotobukiya-us.com/cdn/shop/files/ZD153X_Redler_GuyrosEmpire_eye.jpg?v=1735173499&width=460
zoid,model_kit,Kotobukiya USA,retailer,us,ZOIDS CUSTOMIZE PARTS PILE BUNKER UNIT,14.99,,,USD,New,https://kotobukiya-us.com/products/190526008540,https://kotobukiya-us.com/cdn/shop/files/ZD110_CP_PilebunkerUnit_eye.jpg?v=1735173318&width=460
zoid,model_kit,Kotobukiya USA,retailer,us,ZOIDS CUSTOMIZE PARTS GOJULAS CANNON SET,53.99,,,USD,New,https://kotobukiya-us.com/products/190526052635,https://kotobukiya-us.com/cdn/shop/files/ZD100X_gojulascannonset_eye.jpg?v=1752726960&width=460
zoid,model_kit,Kotobukiya USA,retailer,us,EZ-049 STURM TYRANN BERSERK UNIT SET,159.99,,,USD,New,https://kotobukiya-us.com/products/190526062597,https://kotobukiya-us.com/cdn/shop/files/ZD106X_sturmtyannBUset_eye.jpg?v=1735172624&width=460
zoid,model_kit,Kotobukiya USA,retailer,us,ZOIDS ADVANCED SERIES AZ-17DX ULTRA S...,399.99,,,USD,New,https://kotobukiya-us.com/products/190526083936,https://kotobukiya-us.com/cdn/shop/files/GN343_eye.jpg?v=1783400110&width=460
zoid,model_kit,Kotobukiya USA,retailer,us,SF-G01 SPARK Fig GRANDE Zoids Genesis...,169.99,,,USD,New,https://kotobukiya-us.com/products/190526081949,https://kotobukiya-us.com/cdn/shop/files/065487-eye.jpg?v=1778472971&width=460
zoid,model_kit,Kotobukiya USA,retailer,us,EZ-027 RAVEN RAPTOR,64.99,,,USD,New,https://kotobukiya-us.com/products/190526008533,https://kotobukiya-us.com/cdn/shop/files/ZD109_RavenRaptor_eye.jpg?v=1735173258&width=460
zoid,model_kit,Kotobukiya USA,retailer,us,EZ-036 DEATH STINGER,134.99,,,USD,New,https://kotobukiya-us.com/products/190526024144,https://kotobukiya-us.com/cdn/shop/files/ZD086R_deathstinger_eye.jpg?v=1735172545&width=460
zoid,model_kit,Kotobukiya USA,retailer,us,ZOIDS SONIC BIRD Rathalos ver.,54.99,,,USD,New,https://kotobukiya-us.com/products/190526059863,https://kotobukiya-us.com/cdn/shop/files/939764_eye.jpg?v=1735177648&width=460
zoid,model_kit,Kotobukiya USA,retailer,us,RZ-014 GODOS MARKING PLUS Ver.,49.99,,,USD,New,https://kotobukiya-us.com/products/190526039230,https://kotobukiya-us.com/cdn/shop/files/ZD157_godosMK_eye.jpg?v=1739150303&width=460
zoid,model_kit,Kotobukiya USA,retailer,us,RZ-045 SALAMANDER,229.99,,,USD,New,https://kotobukiya-us.com/products/190526049758,https://kotobukiya-us.com/cdn/shop/files/ZD171_salamander_eye.jpg?v=1752726090&width=460
zoid,model_kit,Kotobukiya USA,retailer,us,EZ-027 REV RAPTOR,49.99,,,USD,New,https://kotobukiya-us.com/products/190526008557,https://kotobukiya-us.com/cdn/shop/files/ZD111_revraptor_eye.jpg?v=1735173380&width=460
zoid,model_kit,Kotobukiya USA,retailer,us,RZ-013 CANNON TORTOISE Marking Plus Ver.,47.99,,,USD,New,https://kotobukiya-us.com/products/190526066441,https://kotobukiya-us.com/cdn/shop/files/ZD189_cannontortoise_mp_eye.jpg?v=1745456859&width=460
zoid,model_kit,Kotobukiya USA,retailer,us,RZ-028 BLADE LIGER AB,79.99,,,USD,New,https://kotobukiya-us.com/products/190526068537,https://kotobukiya-us.com/cdn/shop/files/ZD131R_bladeliger_AB_eye.jpg?v=1740470426&width=460
zoid,model_kit,Kotobukiya USA,retailer,us,EZ-006 MOLGA FULL OPTION SET,64.99,,,USD,New,https://kotobukiya-us.com/products/190526060357,https://kotobukiya-us.com/cdn/shop/files/ZD186_molga_fulloptionset_eye.jpg?v=1737619971&width=460
zoid,model_kit,Kotobukiya USA,retailer,us,RZ-013 BUSTER TORTOISE,49.99,,,USD,New,https://kotobukiya-us.com/products/190526056183,https://kotobukiya-us.com/cdn/shop/files/ZD025X_bustertortoise_eye.jpg?v=1735172496&width=460
zoid,model_kit,Kotobukiya USA,retailer,us,RZ-007 SHIELD LIGER MARKING PLUS Ver.,59.99,,,USD,New,https://kotobukiya-us.com/products/190526042476,https://kotobukiya-us.com/cdn/shop/files/ZD159_ShieldLiger_eye.jpg?v=1735173685&width=460
zoid,model_kit,Kotobukiya USA,retailer,us,RZ-007 SHIELD LIGER DCS-J,77.99,,,USD,New,https://kotobukiya-us.com/products/190526068490,https://kotobukiya-us.com/cdn/shop/files/ZD129R_ShieldLiger_DCSJ_eye.jpg?v=1738808283&width=460
zoid,model_kit,Kotobukiya USA,retailer,us,EZ-054 LIGER ZERO X,88.99,,,USD,New,https://kotobukiya-us.com/products/190526068704,https://kotobukiya-us.com/cdn/shop/files/ZD107R_ligerzeroX_eye.jpg?v=1745456407&width=460
zoid,model_kit,Kotobukiya USA,retailer,us,RZ-041 LIGER ZERO Marking Plus Ver.,65.99,,,USD,New,https://kotobukiya-us.com/products/190526067264,https://kotobukiya-us.com/cdn/shop/files/ZD121R_ligerzeroMP_eye.jpg?v=1737703163&width=460
zoid,model_kit,Kotobukiya USA,retailer,us,EZ-017 IGUAN MARKING PLUS Ver.,44.99,,,USD,New,https://kotobukiya-us.com/products/190526042445,https://kotobukiya-us.com/cdn/shop/files/ZD158_iguanMK_eye.jpg?v=1735173630&width=460
zoid,model_kit,Kotobukiya USA,retailer,us,ZOIDS BEAST LIGER Magnamalo ver.,54.99,,,USD,New,https://kotobukiya-us.com/products/190526059856,https://kotobukiya-us.com/cdn/shop/files/939757__eye.jpg?v=1735177296&width=460
zoid,model_kit,Kotobukiya USA,retailer,us,RZ-046 SHADOW FOX  MARKING PLUS Ver.,54.99,,,USD,New,https://kotobukiya-us.com/products/190526051638,https://kotobukiya-us.com/cdn/shop/files/ZD145X_ShadowFOX_Mplus_eye.jpg?v=1747638152&width=460
zoid,model_kit,Kotobukiya USA,retailer,us,Monster Hunter X Zoids Knuckle Kong R...,56.99,,,USD,New,https://kotobukiya-us.com/products/190526070998,https://kotobukiya-us.com/cdn/shop/files/995197_eye.jpg?v=1742886442&width=460
zoid,model_kit,Kotobukiya USA,retailer,us,RZ-009 COMMAND WOLF AC & LC MARKING P...,69.99,,,USD,New,https://kotobukiya-us.com/products/190526060401,https://kotobukiya-us.com/cdn/shop/files/ZD187_commandwolf_ac_and_lc_mpver_eye.jpg?v=1738213936&width=460
zoid,model_kit,Kotobukiya USA,retailer,us,RZ-053 KÖNIG WOLF,119.99,,,USD,New,https://kotobukiya-us.com/products/190526013209,https://kotobukiya-us.com/cdn/shop/files/ZD112_KonigWolf_eye.jpg?v=1735173447&width=460
zoid,model_kit,Kotobukiya USA,retailer,us,Monster Hunter X Zoids Gatling Fox Mi...,56.99,,,USD,New,https://kotobukiya-us.com/products/190526070981,https://kotobukiya-us.com/cdn/shop/files/995203_eye.jpg?v=1742886442&width=460
zoid,model_kit,Kotobukiya USA,retailer,us,EHI-7 REDDRA ZENEBUS EMPIRE Ver.,59.99,,,USD,New,https://kotobukiya-us.com/products/190526063662,https://kotobukiya-us.com/cdn/shop/files/ZD152X_Redler_ZenebusEmpire_eye.jpg?v=1738214006&width=460
zoid,model_kit,Kotobukiya USA,retailer,us,RZ-041 LIGER ZERO PANZER Marking Plus...,84.99,,,USD,New,https://kotobukiya-us.com/products/190526068681,https://kotobukiya-us.com/cdn/shop/files/ZD124R_ligerzero_panzerMP_eye.jpg?v=1743066611&width=460
zoid,model_kit,Kotobukiya USA,retailer,us,RZ-041 LIGER ZERO JAGER Marking Plus ...,80.99,,,USD,New,https://kotobukiya-us.com/products/190526068483,https://kotobukiya-us.com/cdn/shop/files/ZD122R_ligerzero_jagerMP_eye.jpg?v=1738808215&width=460
zoid,model_kit,Kotobukiya USA,retailer,us,RZ-041 LIGER ZERO SCHNEIDER Marking P...,80.99,,,USD,New,https://kotobukiya-us.com/products/190526068520,https://kotobukiya-us.com/cdn/shop/files/ZD123R_ligerzero_schneider_Mplus_eye.jpg?v=1740470321&width=460
